{"type":"FeatureCollection", "features": [
{"type":"Feature","geometry":{"type":"Polygon","coordinates":[[[13.33406076,52.54103385],[13.34396285,52.5462548],[13.34227262,52.54753762],[13.3443544,52.54886811],[13.34240579,52.54996969],[13.34572307,52.55223052],[13.34078801,52.55504676],[13.34218986,52.55600271],[13.33975537,52.55739513],[13.34266172,52.55873483],[13.34398793,52.55955488],[13.34463159,52.55920594],[13.3488888,52.56196406],[13.34871118,52.56207059],[13.33709908,52.56445475],[13.33665822,52.56422092],[13.33178682,52.56165673],[13.33091939,52.56214882],[13.32679329,52.56238018],[13.3261291,52.56139088],[13.32501236,52.5608138],[13.3234071,52.56052034],[13.31922606,52.55997935],[13.31728206,52.55963729],[13.31290429,52.55858424],[13.30966661,52.557721],[13.3037631,52.55145582],[13.30153002,52.54880588],[13.30507606,52.54871671],[13.31294328,52.54836578],[13.31793128,52.54823601],[13.31932356,52.54729605],[13.32028326,52.54644303],[13.32623002,52.54187245],[13.32730834,52.54131173],[13.3292042,52.54103523],[13.33190765,52.54121274],[13.33406076,52.54103385]]]},"properties":{"esb":"0101","bez":"01","bezname":"Mitte"},"id":"schulen_esb.0101"},
{"type":"Feature","geometry":{"type":"Polygon","coordinates":[[[13.34572307,52.55223052],[13.34724884,52.55317592],[13.35143046,52.55074857],[13.35438336,52.5524143],[13.35798279,52.55447503],[13.35634298,52.55548588],[13.35756873,52.55636305],[13.35917152,52.55707661],[13.35847688,52.55782991],[13.35712945,52.5577909],[13.35703826,52.5587163],[13.35657152,52.55860471],[13.35522136,52.55996038],[13.35466168,52.55985665],[13.35394667,52.56030882],[13.35315185,52.56197308],[13.3488888,52.56196406],[13.34463159,52.55920594],[13.34398793,52.55955488],[13.34266172,52.55873483],[13.33975537,52.55739513],[13.34218986,52.55600271],[13.34078801,52.55504676],[13.34572307,52.55223052]]]},"properties":{"esb":"0102","bez":"01","bezname":"Mitte"},"id":"schulen_esb.0102"},
{"type":"Feature","geometry":{"type":"Polygon","coordinates":[[[13.39702844,52.55839348],[13.39653415,52.56043065],[13.39590164,52.56181963],[13.39338848,52.5644037],[13.38891645,52.56699999],[13.38905746,52.5673786],[13.38839666,52.56766844],[13.38790013,52.56730888],[13.38429647,52.56771134],[13.3811594,52.56642072],[13.37858282,52.5661898],[13.37793325,52.56370188],[13.37889192,52.56367873],[13.38020311,52.56311441],[13.38220531,52.56265127],[13.38317003,52.56206374],[13.38463657,52.56165427],[13.38480751,52.56194308],[13.3857004,52.56180561],[13.38534307,52.56108596],[13.38715731,52.56045161],[13.38746791,52.56082158],[13.3885229,52.56015331],[13.38833582,52.5598465],[13.39269967,52.55860787],[13.39251675,52.55834511],[13.39625669,52.55794266],[13.39702844,52.55839348]]]},"properties":{"esb":"0103","bez":"01","bezname":"Mitte"},"id":"schulen_esb.0103"},
{"type":"Feature","geometry":{"type":"Polygon","coordinates":[[[13.33406076,52.54103385],[13.33453719,52.54098021],[13.33888129,52.53977857],[13.34486344,52.53890239],[13.3469373,52.538644],[13.3493094,52.53876551],[13.35202353,52.53934517],[13.35346112,52.53948869],[13.35590954,52.53919326],[13.36078125,52.53786711],[13.36111399,52.53767914],[13.36841715,52.54111196],[13.3661415,52.54234352],[13.36292695,52.54428827],[13.35910367,52.54641579],[13.35715839,52.5451281],[13.35044246,52.54961577],[13.34396285,52.5462548],[13.33406076,52.54103385]]]},"properties":{"esb":"0104","bez":"01","bezname":"Mitte"},"id":"schulen_esb.0104"},
{"type":"Feature","geometry":{"type":"Polygon","coordinates":[[[13.36328621,52.55026419],[13.3666963,52.54823179],[13.36914516,52.54843305],[13.36949441,52.54542782],[13.3705126,52.54523951],[13.36974938,52.54392044],[13.373249,52.54565339],[13.37710857,52.54713087],[13.38094027,52.54810044],[13.38332389,52.54837945],[13.38348074,52.54853973],[13.38054087,52.54913755],[13.37938002,52.54978216],[13.37841339,52.55048558],[13.37594729,52.55198831],[13.37427308,52.55137548],[13.37359914,52.55064254],[13.37120227,52.55161872],[13.36985525,52.55305634],[13.36733542,52.55159414],[13.36697537,52.55215051],[13.36581848,52.55207878],[13.36328621,52.55026419]]]},"properties":{"esb":"0105","bez":"01","bezname":"Mitte"},"id":"schulen_esb.0105"},
{"type":"Feature","geometry":{"type":"Polygon","coordinates":[[[13.36841715,52.54111196],[13.3718089,52.53902635],[13.37258479,52.53942432],[13.37261011,52.53886811],[13.37362648,52.53819899],[13.37328546,52.5380419],[13.37447179,52.53728507],[13.37976004,52.54038128],[13.38238794,52.53773302],[13.38497259,52.53995169],[13.38286291,52.54218321],[13.38325936,52.54245722],[13.3906742,52.54449868],[13.39104179,52.54467015],[13.38819182,52.54833004],[13.38656961,52.54925686],[13.38348074,52.54853973],[13.38332389,52.54837945],[13.38094027,52.54810044],[13.37710857,52.54713087],[13.373249,52.54565339],[13.36974938,52.54392044],[13.36717708,52.54269716],[13.3661415,52.54234352],[13.36841715,52.54111196]]]},"properties":{"esb":"0106","bez":"01","bezname":"Mitte"},"id":"schulen_esb.0106"},
{"type":"Feature","geometry":{"type":"Polygon","coordinates":[[[13.39251675,52.55834511],[13.39238089,52.55838438],[13.3901213,52.55549343],[13.38963488,52.5554691],[13.38952569,52.55521097],[13.38620814,52.55335846],[13.3834581,52.55130303],[13.3824721,52.55178357],[13.37938002,52.54978216],[13.38054087,52.54913755],[13.38348074,52.54853973],[13.38656961,52.54925686],[13.38819182,52.54833004],[13.39104179,52.54467015],[13.39265246,52.54253456],[13.39996056,52.54449524],[13.39920567,52.54652924],[13.40030328,52.54664367],[13.39922942,52.54906527],[13.39889568,52.55088439],[13.39684449,52.5507025],[13.39762507,52.55141664],[13.39806456,52.5528041],[13.39717184,52.55634214],[13.39709546,52.5582651],[13.39702844,52.55839348],[13.39625669,52.55794266],[13.39251675,52.55834511]]]},"properties":{"esb":"0107","bez":"01","bezname":"Mitte"},"id":"schulen_esb.0107"},
{"type":"Feature","geometry":{"type":"Polygon","coordinates":[[[13.32730834,52.54131173],[13.32718851,52.53964532],[13.3291318,52.53822946],[13.32848456,52.5380454],[13.31141016,52.53561163],[13.31255142,52.53263922],[13.31302403,52.53187213],[13.31751206,52.5323737],[13.31704868,52.53204898],[13.31730423,52.5315428],[13.3167473,52.5309024],[13.32472827,52.53239324],[13.32490322,52.52793995],[13.32501321,52.52780094],[13.32861874,52.52737513],[13.33762117,52.52653385],[13.3431657,52.52630013],[13.34323536,52.52875362],[13.34532652,52.52986485],[13.3453929,52.53123725],[13.34321423,52.53180719],[13.34574808,52.53307763],[13.34341891,52.53434817],[13.34375315,52.53645631],[13.34420113,52.5378413],[13.34486344,52.53890239],[13.33888129,52.53977857],[13.33453719,52.54098021],[13.33406076,52.54103385],[13.33190765,52.54121274],[13.3292042,52.54103523],[13.32730834,52.54131173]]]},"properties":{"esb":"0108","bez":"01","bezname":"Mitte"},"id":"schulen_esb.0108"},
{"type":"Feature","geometry":{"type":"Polygon","coordinates":[[[13.34486344,52.53890239],[13.34420113,52.5378413],[13.34375315,52.53645631],[13.34341891,52.53434817],[13.34574808,52.53307763],[13.34321423,52.53180719],[13.3453929,52.53123725],[13.34532652,52.52986485],[13.34323536,52.52875362],[13.3431657,52.52630013],[13.34749341,52.52625559],[13.34994776,52.52631168],[13.34990194,52.52821043],[13.3540908,52.5282489],[13.35637951,52.52554561],[13.36355651,52.5277455],[13.36559258,52.52530387],[13.36739136,52.52583983],[13.36736679,52.52751037],[13.36711438,52.52908605],[13.36671605,52.52991733],[13.36703952,52.53003756],[13.36637984,52.53070561],[13.36585319,52.53105492],[13.36444601,52.53054587],[13.35965607,52.53506258],[13.35793521,52.53619818],[13.36111399,52.53767914],[13.36078125,52.53786711],[13.35590954,52.53919326],[13.35346112,52.53948869],[13.35202353,52.53934517],[13.3493094,52.53876551],[13.3469373,52.538644],[13.34486344,52.53890239]]]},"properties":{"esb":"0109","bez":"01","bezname":"Mitte"},"id":"schulen_esb.0109"},
{"type":"Feature","geometry":{"type":"Polygon","coordinates":[[[13.40312316,52.53359524],[13.40342322,52.53399661],[13.40462177,52.53419926],[13.40433483,52.53498953],[13.40550352,52.53615458],[13.40661669,52.53635166],[13.40470211,52.54018622],[13.40451897,52.54026136],[13.40188076,52.53938919],[13.39630707,52.5379011],[13.39721197,52.53677325],[13.3979716,52.53494686],[13.39947529,52.53513398],[13.40312316,52.53359524]]]},"properties":{"esb":"0110","bez":"01","bezname":"Mitte"},"id":"schulen_esb.0110"},
{"type":"Feature","geometry":{"type":"Polygon","coordinates":[[[13.32501321,52.52780094],[13.32375425,52.5246785],[13.32579357,52.52422089],[13.32691971,52.52371511],[13.32889304,52.52232988],[13.32945592,52.52144432],[13.3294876,52.52046037],[13.3291238,52.51935771],[13.32916533,52.51866225],[13.32963417,52.51795259],[13.33106174,52.51706021],[13.33227944,52.51670289],[13.3342117,52.51676968],[13.33479167,52.51550131],[13.33613222,52.514375],[13.33595316,52.51360711],[13.3379589,52.51367852],[13.33779552,52.5145588],[13.33834908,52.51527998],[13.34343897,52.51886442],[13.34599279,52.51919851],[13.34664969,52.51945169],[13.34722978,52.52020164],[13.34541414,52.52030338],[13.34468798,52.52258244],[13.34316404,52.52266866],[13.34191887,52.52247785],[13.34235479,52.52410097],[13.3431657,52.52630013],[13.33762117,52.52653385],[13.32861874,52.52737513],[13.32501321,52.52780094]]]},"properties":{"esb":"0111","bez":"01","bezname":"Mitte"},"id":"schulen_esb.0111"},
{"type":"Feature","geometry":{"type":"Polygon","coordinates":[[[13.3431657,52.52630013],[13.34235479,52.52410097],[13.34191887,52.52247785],[13.34316404,52.52266866],[13.34468798,52.52258244],[13.34541414,52.52030338],[13.34722978,52.52020164],[13.34664969,52.51945169],[13.34599279,52.51919851],[13.34343897,52.51886442],[13.33834908,52.51527998],[13.33779552,52.5145588],[13.3379589,52.51367852],[13.34888823,52.51442539],[13.34921785,52.51401009],[13.35025749,52.5138238],[13.35135484,52.5095865],[13.35355834,52.50957004],[13.35608587,52.50979152],[13.35844927,52.50988048],[13.36305269,52.50976141],[13.37119272,52.51111286],[13.369987,52.51404436],[13.36985802,52.51595462],[13.37084598,52.51781069],[13.37084735,52.52061898],[13.3684449,52.52206239],[13.36782355,52.52249958],[13.36823502,52.52267841],[13.36821718,52.524464],[13.3679577,52.52599743],[13.36739136,52.52583983],[13.36559258,52.52530387],[13.36355651,52.5277455],[13.35637951,52.52554561],[13.3540908,52.5282489],[13.34990194,52.52821043],[13.34994776,52.52631168],[13.34749341,52.52625559],[13.3431657,52.52630013]]]},"properties":{"esb":"0112","bez":"01","bezname":"Mitte"},"id":"schulen_esb.0112"},
{"type":"Feature","geometry":{"type":"Polygon","coordinates":[[[13.36739136,52.52583983],[13.3679577,52.52599743],[13.36821718,52.524464],[13.36823502,52.52267841],[13.36782355,52.52249958],[13.3684449,52.52206239],[13.36904606,52.52255437],[13.37154583,52.52338654],[13.37283946,52.52337584],[13.37428875,52.5229422],[13.37603916,52.52214162],[13.37659136,52.52141308],[13.37683986,52.52045834],[13.37726674,52.52000092],[13.37846251,52.5195613],[13.37941333,52.51945275],[13.38151191,52.51957934],[13.38468881,52.52052407],[13.38788709,52.5224402],[13.38709841,52.52713226],[13.38539544,52.52868527],[13.38306137,52.53055957],[13.37596616,52.52849494],[13.37397706,52.53053155],[13.37193462,52.53258329],[13.37072378,52.5325007],[13.36752781,52.53144592],[13.36641341,52.53125835],[13.36637984,52.53070561],[13.36703952,52.53003756],[13.36671605,52.52991733],[13.36711438,52.52908605],[13.36736679,52.52751037],[13.36739136,52.52583983]]]},"properties":{"esb":"0113","bez":"01","bezname":"Mitte"},"id":"schulen_esb.0113"},
{"type":"Feature","geometry":{"type":"Polygon","coordinates":[[[13.3979716,52.53494686],[13.39340601,52.5338461],[13.39027616,52.53545297],[13.38999644,52.53539939],[13.38818203,52.53381413],[13.38753281,52.53342101],[13.38626028,52.534371],[13.38363058,52.53662394],[13.38175927,52.53549947],[13.37843534,52.53431352],[13.37981233,52.53316073],[13.37629784,52.53183863],[13.37496589,52.53206406],[13.37388595,52.53151358],[13.37397706,52.53053155],[13.37596616,52.52849494],[13.38306137,52.53055957],[13.38539544,52.52868527],[13.39160518,52.53025962],[13.3918907,52.5300472],[13.39459626,52.53085953],[13.39569328,52.53100905],[13.39512185,52.53207014],[13.3941706,52.53221745],[13.39594519,52.53242941],[13.39878128,52.53254993],[13.40312316,52.53359524],[13.39947529,52.53513398],[13.3979716,52.53494686]]]},"properties":{"esb":"0114","bez":"01","bezname":"Mitte"},"id":"schulen_esb.0114"},
{"type":"Feature","geometry":{"type":"Polygon","coordinates":[[[13.40312316,52.53359524],[13.39878128,52.53254993],[13.39594519,52.53242941],[13.3941706,52.53221745],[13.39512185,52.53207014],[13.39569328,52.53100905],[13.39459626,52.53085953],[13.3918907,52.5300472],[13.39160518,52.53025962],[13.38539544,52.52868527],[13.38709841,52.52713226],[13.38788709,52.5224402],[13.39146584,52.52269],[13.39348782,52.52257178],[13.39695702,52.5220816],[13.40022221,52.5222874],[13.40064177,52.52091416],[13.40260119,52.51888333],[13.40479777,52.52003325],[13.40960353,52.52239124],[13.41233105,52.52410903],[13.41595995,52.52717546],[13.41594812,52.52718352],[13.41542814,52.52746118],[13.41131007,52.52862111],[13.4055818,52.52966377],[13.40641861,52.532346],[13.40826292,52.53426085],[13.40748564,52.53468717],[13.40661669,52.53635166],[13.40550352,52.53615458],[13.40433483,52.53498953],[13.40462177,52.53419926],[13.40342322,52.53399661],[13.40312316,52.53359524]]]},"properties":{"esb":"0115","bez":"01","bezname":"Mitte"},"id":"schulen_esb.0115"},
{"type":"Feature","geometry":{"type":"Polygon","coordinates":[[[13.33595316,52.51360711],[13.33585213,52.51329233],[13.33187242,52.51302996],[13.3305584,52.51282898],[13.33097528,52.51238609],[13.33402433,52.51171518],[13.33298289,52.51106377],[13.33004079,52.5100742],[13.33389613,52.50884276],[13.33440385,52.50890422],[13.33480396,52.50809103],[13.33374823,52.50672066],[13.33538559,52.50588176],[13.33659284,52.50571758],[13.33863569,52.50591668],[13.33906387,52.50507298],[13.34013556,52.50514118],[13.34141564,52.50486659],[13.34149472,52.50493597],[13.34972192,52.50295151],[13.35138827,52.50258695],[13.35774183,52.5010289],[13.36253147,52.49965935],[13.36878748,52.49877899],[13.36952322,52.49886596],[13.37082057,52.49986718],[13.37143317,52.50164245],[13.37302692,52.50336231],[13.37360402,52.50416155],[13.37348962,52.50433655],[13.37419292,52.50573366],[13.37267134,52.50705502],[13.37177258,52.50915594],[13.37119272,52.51111286],[13.36305269,52.50976141],[13.35844927,52.50988048],[13.35608587,52.50979152],[13.35355834,52.50957004],[13.35135484,52.5095865],[13.35025749,52.5138238],[13.34921785,52.51401009],[13.34888823,52.51442539],[13.3379589,52.51367852],[13.33595316,52.51360711]]]},"properties":{"esb":"0116","bez":"01","bezname":"Mitte"},"id":"schulen_esb.0116"},
{"type":"Feature","geometry":{"type":"Polygon","coordinates":[[[13.37119272,52.51111286],[13.37177258,52.50915594],[13.37267134,52.50705502],[13.37419292,52.50573366],[13.37348962,52.50433655],[13.37360402,52.50416155],[13.37467848,52.50323464],[13.37497515,52.50337546],[13.37764857,52.50796695],[13.37893574,52.50692901],[13.38559639,52.5073184],[13.39854985,52.50809894],[13.39922746,52.50807508],[13.40018842,52.50937368],[13.40375317,52.50811604],[13.40460334,52.50892104],[13.40280591,52.51048491],[13.40202771,52.51145308],[13.40268191,52.51227839],[13.40047617,52.51443096],[13.39959283,52.51576916],[13.40077185,52.51623332],[13.40124918,52.51593408],[13.40375986,52.51698397],[13.40413692,52.51728663],[13.40260119,52.51888333],[13.40064177,52.52091416],[13.40022221,52.5222874],[13.39695702,52.5220816],[13.39348782,52.52257178],[13.39146584,52.52269],[13.38788709,52.5224402],[13.38468881,52.52052407],[13.38151191,52.51957934],[13.37941333,52.51945275],[13.37846251,52.5195613],[13.37726674,52.52000092],[13.37683986,52.52045834],[13.37659136,52.52141308],[13.37603916,52.52214162],[13.37428875,52.5229422],[13.37283946,52.52337584],[13.37154583,52.52338654],[13.36904606,52.52255437],[13.3684449,52.52206239],[13.37084735,52.52061898],[13.37084598,52.51781069],[13.36985802,52.51595462],[13.369987,52.51404436],[13.37119272,52.51111286]]]},"properties":{"esb":"0117","bez":"01","bezname":"Mitte"},"id":"schulen_esb.0117"},
{"type":"Feature","geometry":{"type":"Polygon","coordinates":[[[13.40260119,52.51888333],[13.40413692,52.51728663],[13.40375986,52.51698397],[13.40392493,52.51696811],[13.40717045,52.51838955],[13.40905145,52.51694079],[13.40991978,52.51770175],[13.41050967,52.51697132],[13.41239413,52.51719941],[13.41226241,52.51490222],[13.41515536,52.51522644],[13.41718876,52.51509975],[13.41784691,52.51454016],[13.41820645,52.51638303],[13.41934239,52.51602736],[13.41962801,52.51637384],[13.42246329,52.51550707],[13.42368882,52.51487653],[13.42394967,52.51356854],[13.42499658,52.51494077],[13.42675053,52.51795693],[13.4259236,52.51839047],[13.4269148,52.51974103],[13.42839901,52.51958446],[13.42917983,52.52122131],[13.42554555,52.52278963],[13.42651725,52.52293686],[13.42650092,52.5232891],[13.42424444,52.5237939],[13.42134413,52.52491402],[13.42008945,52.52540789],[13.41595995,52.52717546],[13.41233105,52.52410903],[13.40960353,52.52239124],[13.40479777,52.52003325],[13.40260119,52.51888333]]]},"properties":{"esb":"0118","bez":"01","bezname":"Mitte"},"id":"schulen_esb.0118"},
{"type":"Feature","geometry":{"type":"Polygon","coordinates":[[[13.40375317,52.50811604],[13.40450574,52.50782989],[13.40528442,52.50820878],[13.40802655,52.50617753],[13.4099669,52.50692339],[13.41151881,52.50488987],[13.4116442,52.50484606],[13.41417955,52.50803187],[13.41123829,52.50955337],[13.41016568,52.51052915],[13.41145732,52.51054678],[13.41393494,52.51141397],[13.41220465,52.5122421],[13.41155396,52.51277472],[13.41448028,52.51378649],[13.41501823,52.51433474],[13.41669522,52.51418675],[13.41769385,52.51389196],[13.41784691,52.51454016],[13.41718876,52.51509975],[13.41515536,52.51522644],[13.41226241,52.51490222],[13.41239413,52.51719941],[13.41050967,52.51697132],[13.40991978,52.51770175],[13.40905145,52.51694079],[13.40717045,52.51838955],[13.40392493,52.51696811],[13.40375986,52.51698397],[13.40124918,52.51593408],[13.40077185,52.51623332],[13.39959283,52.51576916],[13.40047617,52.51443096],[13.40268191,52.51227839],[13.40202771,52.51145308],[13.40280591,52.51048491],[13.40460334,52.50892104],[13.40375317,52.50811604]]]},"properties":{"esb":"0119","bez":"01","bezname":"Mitte"},"id":"schulen_esb.0119"},
{"type":"Feature","geometry":{"type":"Polygon","coordinates":[[[13.3167473,52.5309024],[13.31335233,52.53025991],[13.3166449,52.52096212],[13.31730733,52.52061877],[13.31779528,52.52036482],[13.3187771,52.52111327],[13.31868495,52.52207189],[13.3190202,52.52322035],[13.32000881,52.52406405],[13.3215878,52.52455251],[13.32375425,52.5246785],[13.32501321,52.52780094],[13.32490322,52.52793995],[13.32472827,52.53239324],[13.3167473,52.5309024]]]},"properties":{"esb":"0120","bez":"01","bezname":"Mitte"},"id":"schulen_esb.0120"},
{"type":"Feature","geometry":{"type":"Polygon","coordinates":[[[13.34396285,52.5462548],[13.35044246,52.54961577],[13.35197347,52.55043261],[13.35549426,52.54846549],[13.35793905,52.55004999],[13.35941347,52.55050175],[13.35940462,52.55074526],[13.36224311,52.55089182],[13.36205516,52.55199225],[13.35746051,52.55188214],[13.35626757,52.55264328],[13.35502302,52.55196554],[13.35438336,52.5524143],[13.35143046,52.55074857],[13.34724884,52.55317592],[13.34572307,52.55223052],[13.34240579,52.54996969],[13.3443544,52.54886811],[13.34227262,52.54753762],[13.34396285,52.5462548]]]},"properties":{"esb":"0121","bez":"01","bezname":"Mitte"},"id":"schulen_esb.0121"},
{"type":"Feature","geometry":{"type":"Polygon","coordinates":[[[13.3661415,52.54234352],[13.36717708,52.54269716],[13.36974938,52.54392044],[13.3705126,52.54523951],[13.36949441,52.54542782],[13.36914516,52.54843305],[13.3666963,52.54823179],[13.36328621,52.55026419],[13.36224311,52.55089182],[13.35940462,52.55074526],[13.35941347,52.55050175],[13.35793905,52.55004999],[13.35549426,52.54846549],[13.35197347,52.55043261],[13.35044246,52.54961577],[13.35715839,52.5451281],[13.35910367,52.54641579],[13.36292695,52.54428827],[13.3661415,52.54234352]]]},"properties":{"esb":"0122","bez":"01","bezname":"Mitte"},"id":"schulen_esb.0122"},
{"type":"Feature","geometry":{"type":"Polygon","coordinates":[[[13.37793325,52.56370188],[13.37714388,52.5606583],[13.370829,52.56053879],[13.36993015,52.55992577],[13.36665492,52.55822557],[13.36509998,52.55811701],[13.36588701,52.5566827],[13.36734166,52.55678834],[13.36727778,52.5571189],[13.37281919,52.55678942],[13.37121542,52.5541781],[13.37153098,52.55391637],[13.37229937,52.55412651],[13.37376405,52.55401192],[13.37680088,52.55354927],[13.37709693,52.55385993],[13.37717645,52.55621635],[13.37732579,52.55640089],[13.38759532,52.55555756],[13.38963488,52.5554691],[13.3901213,52.55549343],[13.39238089,52.55838438],[13.39251675,52.55834511],[13.39269967,52.55860787],[13.38833582,52.5598465],[13.3885229,52.56015331],[13.38746791,52.56082158],[13.38715731,52.56045161],[13.38534307,52.56108596],[13.3857004,52.56180561],[13.38480751,52.56194308],[13.38463657,52.56165427],[13.38317003,52.56206374],[13.38220531,52.56265127],[13.38020311,52.56311441],[13.37889192,52.56367873],[13.37793325,52.56370188]]]},"properties":{"esb":"0123","bez":"01","bezname":"Mitte"},"id":"schulen_esb.0123"},
{"type":"Feature","geometry":{"type":"Polygon","coordinates":[[[13.37938002,52.54978216],[13.3824721,52.55178357],[13.3834581,52.55130303],[13.38620814,52.55335846],[13.38952569,52.55521097],[13.38963488,52.5554691],[13.38759532,52.55555756],[13.37732579,52.55640089],[13.37717645,52.55621635],[13.37709693,52.55385993],[13.37680088,52.55354927],[13.37376405,52.55401192],[13.37229937,52.55412651],[13.37153098,52.55391637],[13.37121542,52.5541781],[13.37281919,52.55678942],[13.36727778,52.5571189],[13.36734166,52.55678834],[13.36737075,52.55610543],[13.36681363,52.55557041],[13.36732027,52.55491461],[13.36591125,52.55508226],[13.36612767,52.55389023],[13.36697537,52.55215051],[13.36733542,52.55159414],[13.36985525,52.55305634],[13.37120227,52.55161872],[13.37359914,52.55064254],[13.37427308,52.55137548],[13.37594729,52.55198831],[13.37841339,52.55048558],[13.37938002,52.54978216]]]},"properties":{"esb":"0124","bez":"01","bezname":"Mitte"},"id":"schulen_esb.0124"},
{"type":"Feature","geometry":{"type":"Polygon","coordinates":[[[13.36111399,52.53767914],[13.35793521,52.53619818],[13.35965607,52.53506258],[13.36444601,52.53054587],[13.36585319,52.53105492],[13.36637984,52.53070561],[13.36641341,52.53125835],[13.36752781,52.53144592],[13.37072378,52.5325007],[13.37193462,52.53258329],[13.37397706,52.53053155],[13.37388595,52.53151358],[13.37496589,52.53206406],[13.37629784,52.53183863],[13.37981233,52.53316073],[13.37843534,52.53431352],[13.38175927,52.53549947],[13.38363058,52.53662394],[13.38238794,52.53773302],[13.37976004,52.54038128],[13.37447179,52.53728507],[13.37328546,52.5380419],[13.37362648,52.53819899],[13.37261011,52.53886811],[13.37258479,52.53942432],[13.3718089,52.53902635],[13.36841715,52.54111196],[13.36111399,52.53767914]]]},"properties":{"esb":"0125","bez":"01","bezname":"Mitte"},"id":"schulen_esb.0125"},
{"type":"Feature","geometry":{"type":"Polygon","coordinates":[[[13.38238794,52.53773302],[13.38363058,52.53662394],[13.38626028,52.534371],[13.38753281,52.53342101],[13.38818203,52.53381413],[13.38999644,52.53539939],[13.39027616,52.53545297],[13.39340601,52.5338461],[13.3979716,52.53494686],[13.39721197,52.53677325],[13.39630707,52.5379011],[13.40188076,52.53938919],[13.40451897,52.54026136],[13.40344842,52.54036269],[13.40201698,52.54013173],[13.40090515,52.54196016],[13.40024344,52.54337517],[13.39996056,52.54449524],[13.39265246,52.54253456],[13.39104179,52.54467015],[13.3906742,52.54449868],[13.38325936,52.54245722],[13.38286291,52.54218321],[13.38497259,52.53995169],[13.38238794,52.53773302]]]},"properties":{"esb":"0126","bez":"01","bezname":"Mitte"},"id":"schulen_esb.0126"},
{"type":"Feature","geometry":{"type":"Polygon","coordinates":[[[13.35438336,52.5524143],[13.35502302,52.55196554],[13.35626757,52.55264328],[13.35746051,52.55188214],[13.36205516,52.55199225],[13.36224311,52.55089182],[13.36328621,52.55026419],[13.36581848,52.55207878],[13.36697537,52.55215051],[13.36612767,52.55389023],[13.36591125,52.55508226],[13.36732027,52.55491461],[13.36681363,52.55557041],[13.36737075,52.55610543],[13.36734166,52.55678834],[13.36588701,52.5566827],[13.36509998,52.55811701],[13.36452145,52.56117562],[13.36009459,52.56047019],[13.35971313,52.56185325],[13.35689712,52.56201402],[13.35315185,52.56197308],[13.35394667,52.56030882],[13.35466168,52.55985665],[13.35522136,52.55996038],[13.35657152,52.55860471],[13.35703826,52.5587163],[13.35712945,52.5577909],[13.35847688,52.55782991],[13.35917152,52.55707661],[13.35756873,52.55636305],[13.35634298,52.55548588],[13.35798279,52.55447503],[13.35438336,52.5524143]]]},"properties":{"esb":"0127","bez":"01","bezname":"Mitte"},"id":"schulen_esb.0127"},
{"type":"Feature","geometry":{"type":"Polygon","coordinates":[[[13.41784691,52.51454016],[13.41769385,52.51389196],[13.41669522,52.51418675],[13.41501823,52.51433474],[13.41448028,52.51378649],[13.41155396,52.51277472],[13.41220465,52.5122421],[13.41393494,52.51141397],[13.41145732,52.51054678],[13.41016568,52.51052915],[13.41123829,52.50955337],[13.41417955,52.50803187],[13.4116442,52.50484606],[13.41406774,52.50403536],[13.41490587,52.50491754],[13.41760004,52.50416746],[13.41820866,52.50501507],[13.41894333,52.5050595],[13.41942803,52.50564806],[13.42180929,52.50504113],[13.42335589,52.50498358],[13.42494845,52.50517862],[13.42670553,52.50579718],[13.42719949,52.50566591],[13.42881646,52.50797816],[13.42939999,52.50857045],[13.4245003,52.51137856],[13.42277746,52.51223292],[13.42394967,52.51356854],[13.42368882,52.51487653],[13.42246329,52.51550707],[13.41962801,52.51637384],[13.41934239,52.51602736],[13.41820645,52.51638303],[13.41784691,52.51454016]]]},"properties":{"esb":"0128","bez":"01","bezname":"Mitte"},"id":"schulen_esb.0128"},
{"type":"Feature","geometry":{"type":"Polygon","coordinates":[[[13.42917983,52.52122131],[13.43099493,52.52054135],[13.43412203,52.51965322],[13.44022778,52.51840488],[13.44099025,52.51820208],[13.44065592,52.51713845],[13.44507269,52.5166825],[13.44507414,52.516687],[13.44423708,52.51677198],[13.44449783,52.51783728],[13.44761477,52.51752212],[13.44644464,52.5190795],[13.4479633,52.5194871],[13.44665954,52.52128961],[13.45047282,52.5222614],[13.44897162,52.52443928],[13.44879263,52.5242494],[13.44659966,52.52368532],[13.44787013,52.52175425],[13.44649105,52.52142056],[13.44288848,52.51800464],[13.44122602,52.51818627],[13.43432421,52.52261011],[13.43318998,52.52323642],[13.42966922,52.52313715],[13.43034024,52.52463901],[13.42879037,52.52461756],[13.42673951,52.52590458],[13.42482192,52.52477262],[13.42282771,52.52588982],[13.42134413,52.52491402],[13.42424444,52.5237939],[13.42650092,52.5232891],[13.42651725,52.52293686],[13.42554555,52.52278963],[13.42917983,52.52122131]]]},"properties":{"esb":"0201","bez":"02","bezname":"Friedrichshain-Kreuzberg"},"id":"schulen_esb.0201"},
{"type":"Feature","geometry":{"type":"Polygon","coordinates":[[[13.44507414,52.516687],[13.44914738,52.51628429],[13.44933,52.51775835],[13.45252403,52.51842809],[13.45338807,52.51898203],[13.45503676,52.52119601],[13.45528692,52.52127006],[13.45615449,52.52245484],[13.45579317,52.52255137],[13.45218054,52.52779422],[13.45055829,52.52741888],[13.4471779,52.52640911],[13.44770135,52.52631375],[13.44897162,52.52443928],[13.45047282,52.5222614],[13.44665954,52.52128961],[13.4479633,52.5194871],[13.44644464,52.5190795],[13.44761477,52.51752212],[13.44449783,52.51783728],[13.44423708,52.51677198],[13.44507414,52.516687]]]},"properties":{"esb":"0202","bez":"02","bezname":"Friedrichshain-Kreuzberg"},"id":"schulen_esb.0202"},
{"type":"Feature","geometry":{"type":"Polygon","coordinates":[[[13.44914738,52.51628429],[13.45407377,52.51579731],[13.46437131,52.51476135],[13.46645003,52.51914061],[13.46251844,52.51985415],[13.46268319,52.51992088],[13.45528692,52.52127006],[13.45503676,52.52119601],[13.45338807,52.51898203],[13.45252403,52.51842809],[13.44933,52.51775835],[13.44914738,52.51628429]]]},"properties":{"esb":"0203","bez":"02","bezname":"Friedrichshain-Kreuzberg"},"id":"schulen_esb.0203"},
{"type":"Feature","geometry":{"type":"Polygon","coordinates":[[[13.46437131,52.51476135],[13.4696496,52.51421939],[13.47546704,52.51363026],[13.47588558,52.51486105],[13.477481,52.51438678],[13.47765845,52.51461616],[13.47670985,52.51504542],[13.47419605,52.51911399],[13.47375714,52.51908647],[13.47255148,52.52052364],[13.47210451,52.52069291],[13.46268319,52.51992088],[13.46251844,52.51985415],[13.46645003,52.51914061],[13.46437131,52.51476135]]]},"properties":{"esb":"0204","bez":"02","bezname":"Friedrichshain-Kreuzberg"},"id":"schulen_esb.0204"},
{"type":"Feature","geometry":{"type":"Polygon","coordinates":[[[13.44507269,52.5166825],[13.44492476,52.51611882],[13.44339214,52.51627013],[13.44264887,52.5161171],[13.44359351,52.51495751],[13.44314336,52.51481393],[13.44069386,52.51338215],[13.43971493,52.51393597],[13.43823283,52.51193142],[13.43972108,52.51109804],[13.43922571,52.51051582],[13.43752221,52.5110568],[13.43689244,52.51022634],[13.43463566,52.50827531],[13.4331561,52.50679462],[13.43547921,52.50564363],[13.43712595,52.5045598],[13.44146403,52.50291045],[13.44495965,52.50122101],[13.4449685,52.50121653],[13.44679873,52.502703],[13.44746138,52.50343551],[13.44878369,52.50529232],[13.45062073,52.50809887],[13.4517842,52.51070848],[13.45336858,52.51419668],[13.45407377,52.51579731],[13.44914738,52.51628429],[13.44507414,52.516687],[13.44507269,52.5166825]]]},"properties":{"esb":"0207","bez":"02","bezname":"Friedrichshain-Kreuzberg"},"id":"schulen_esb.0207"},
{"type":"Feature","geometry":{"type":"Polygon","coordinates":[[[13.4696496,52.51421939],[13.46934303,52.51344615],[13.46735138,52.51145656],[13.46869191,52.51099645],[13.46734597,52.5096925],[13.47173424,52.50783183],[13.47244906,52.50852832],[13.473984,52.50802436],[13.47626449,52.51043927],[13.47546704,52.51363026],[13.4696496,52.51421939]]]},"properties":{"esb":"0208","bez":"02","bezname":"Friedrichshain-Kreuzberg"},"id":"schulen_esb.0208"},
{"type":"Feature","geometry":{"type":"Polygon","coordinates":[[[13.46735138,52.51145656],[13.46623648,52.51183699],[13.46504483,52.51064645],[13.46400478,52.51109705],[13.46563332,52.51284355],[13.46225894,52.51319478],[13.46153387,52.51211449],[13.45775769,52.51277237],[13.45701053,52.51172168],[13.4587821,52.51142585],[13.45787337,52.50948886],[13.46326876,52.50819878],[13.46265934,52.50731995],[13.4642235,52.50649984],[13.46361608,52.50587894],[13.46567341,52.50468744],[13.46854585,52.50695502],[13.47032913,52.50618994],[13.47088046,52.50562362],[13.47125297,52.50523139],[13.47340607,52.50692277],[13.47306222,52.50712452],[13.473984,52.50802436],[13.47244906,52.50852832],[13.47173424,52.50783183],[13.46734597,52.5096925],[13.46869191,52.51099645],[13.46735138,52.51145656]]]},"properties":{"esb":"0209","bez":"02","bezname":"Friedrichshain-Kreuzberg"},"id":"schulen_esb.0209"},
{"type":"Feature","geometry":{"type":"Polygon","coordinates":[[[13.4517842,52.51070848],[13.45601424,52.50997237],[13.45730715,52.50927328],[13.45641151,52.50740549],[13.46400903,52.50475257],[13.46681762,52.50429988],[13.46891835,52.50451567],[13.47004641,52.50493145],[13.47088046,52.50562362],[13.47032913,52.50618994],[13.46854585,52.50695502],[13.46567341,52.50468744],[13.46361608,52.50587894],[13.4642235,52.50649984],[13.46265934,52.50731995],[13.46326876,52.50819878],[13.45787337,52.50948886],[13.4587821,52.51142585],[13.45701053,52.51172168],[13.45775769,52.51277237],[13.45336858,52.51419668],[13.4517842,52.51070848]]]},"properties":{"esb":"0210","bez":"02","bezname":"Friedrichshain-Kreuzberg"},"id":"schulen_esb.0210"},
{"type":"Feature","geometry":{"type":"Polygon","coordinates":[[[13.49070477,52.48744122],[13.49145155,52.48826165],[13.48881041,52.48924624],[13.4884595,52.48988747],[13.48608638,52.49079502],[13.48493546,52.49160155],[13.4841388,52.49165451],[13.47307876,52.49898724],[13.46858235,52.49964632],[13.46742247,52.4978861],[13.46605231,52.49688763],[13.46569387,52.49706148],[13.46418217,52.4961311],[13.46359959,52.4963981],[13.46246044,52.4954727],[13.46254148,52.49545753],[13.46318201,52.49544494],[13.46396548,52.49500118],[13.46319099,52.49421379],[13.46421306,52.4937398],[13.46705404,52.49268414],[13.46969506,52.4919283],[13.47101577,52.49148521],[13.47378074,52.49103139],[13.47612821,52.48995421],[13.47771201,52.48872954],[13.47793545,52.48795158],[13.47863044,52.48703222],[13.47923414,52.48786963],[13.48005536,52.48793715],[13.48205171,52.48744174],[13.48295425,52.48604542],[13.48594557,52.48740061],[13.48754453,52.48778802],[13.48849831,52.48783497],[13.49070477,52.48744122]]]},"properties":{"esb":"0211","bez":"02","bezname":"Friedrichshain-Kreuzberg"},"id":"schulen_esb.0211"},
{"type":"Feature","geometry":{"type":"Polygon","coordinates":[[[13.38559639,52.5073184],[13.38788984,52.50290796],[13.38510542,52.50231189],[13.38711682,52.50072086],[13.3882907,52.49958464],[13.38880137,52.49963958],[13.38869986,52.50071237],[13.391445,52.50093354],[13.39089747,52.50418828],[13.39284483,52.50437277],[13.39302623,52.50349155],[13.39385187,52.50330985],[13.39387522,52.50446557],[13.39459196,52.50455235],[13.39421903,52.50685037],[13.39422163,52.50775353],[13.39471225,52.50743816],[13.39711353,52.50759831],[13.39723827,52.5068347],[13.39684636,52.50658141],[13.39479179,52.50659808],[13.39454734,52.50687169],[13.39507871,52.50356568],[13.39550071,52.50340924],[13.39698381,52.50535771],[13.39931575,52.50466486],[13.39953753,52.50506519],[13.40154203,52.50618874],[13.4047099,52.50530955],[13.40416899,52.50510184],[13.40398356,52.5044931],[13.40128955,52.505162],[13.40116601,52.50570455],[13.39987377,52.50497597],[13.399565,52.50459255],[13.40368879,52.50337462],[13.40525565,52.50513983],[13.40664727,52.50574811],[13.40450574,52.50782989],[13.40375317,52.50811604],[13.40018842,52.50937368],[13.39922746,52.50807508],[13.39854985,52.50809894],[13.38559639,52.5073184]]]},"properties":{"esb":"0212","bez":"02","bezname":"Friedrichshain-Kreuzberg"},"id":"schulen_esb.0212"},
{"type":"Feature","geometry":{"type":"Polygon","coordinates":[[[13.38946861,52.49604538],[13.38458674,52.49673915],[13.38402995,52.49517164],[13.37973036,52.49574508],[13.37962732,52.49442472],[13.3835507,52.49370044],[13.38277638,52.49154834],[13.3819325,52.49159872],[13.38181516,52.49098829],[13.38094894,52.49055783],[13.38089466,52.48973094],[13.37670368,52.48940943],[13.37659221,52.48492036],[13.38626523,52.48486222],[13.38628943,52.48582385],[13.39424914,52.48576965],[13.39424954,52.48653352],[13.38603377,52.48735645],[13.386207,52.48879556],[13.3867389,52.49087795],[13.38770102,52.49291447],[13.38852174,52.49415628],[13.38946273,52.49522129],[13.38946861,52.49604538]]]},"properties":{"esb":"0213","bez":"02","bezname":"Friedrichshain-Kreuzberg"},"id":"schulen_esb.0213"},
{"type":"Feature","geometry":{"type":"Polygon","coordinates":[[[13.391445,52.50093354],[13.39166946,52.49971091],[13.39066605,52.49927666],[13.38881742,52.49939248],[13.3890071,52.49780583],[13.39040707,52.49759296],[13.39223548,52.49766309],[13.39426924,52.49788638],[13.39660503,52.49779658],[13.39881611,52.49733356],[13.39959093,52.49841524],[13.39583209,52.49834057],[13.39566241,52.4989684],[13.39631824,52.49914042],[13.3970736,52.50027869],[13.40041019,52.49945476],[13.40151035,52.50085786],[13.40368879,52.50337462],[13.399565,52.50459255],[13.39987377,52.50497597],[13.40116601,52.50570455],[13.40128955,52.505162],[13.40398356,52.5044931],[13.40416899,52.50510184],[13.4047099,52.50530955],[13.40154203,52.50618874],[13.39953753,52.50506519],[13.39931575,52.50466486],[13.39698381,52.50535771],[13.39550071,52.50340924],[13.39507871,52.50356568],[13.39454734,52.50687169],[13.39479179,52.50659808],[13.39684636,52.50658141],[13.39723827,52.5068347],[13.39711353,52.50759831],[13.39471225,52.50743816],[13.39422163,52.50775353],[13.39421903,52.50685037],[13.39459196,52.50455235],[13.39387522,52.50446557],[13.39385187,52.50330985],[13.39302623,52.50349155],[13.39284483,52.50437277],[13.39089747,52.50418828],[13.391445,52.50093354]]]},"properties":{"esb":"0214","bez":"02","bezname":"Friedrichshain-Kreuzberg"},"id":"schulen_esb.0214"},
{"type":"Feature","geometry":{"type":"Polygon","coordinates":[[[13.42394967,52.51356854],[13.42277746,52.51223292],[13.4245003,52.51137856],[13.42939999,52.50857045],[13.42881646,52.50797816],[13.42719949,52.50566591],[13.42670553,52.50579718],[13.42494845,52.50517862],[13.42335589,52.50498358],[13.42180929,52.50504113],[13.41942803,52.50564806],[13.41894333,52.5050595],[13.41820866,52.50501507],[13.41760004,52.50416746],[13.41490587,52.50491754],[13.41406774,52.50403536],[13.4116442,52.50484606],[13.41151881,52.50488987],[13.41097453,52.50416186],[13.41120163,52.50349458],[13.41650735,52.50199887],[13.41927186,52.50127763],[13.41998144,52.5022629],[13.42373991,52.50122158],[13.42413634,52.5017938],[13.42484246,52.50195227],[13.42583277,52.50341067],[13.42905207,52.50240061],[13.43001763,52.50349768],[13.43787036,52.50026722],[13.44086959,52.50069613],[13.44207032,52.50125518],[13.4430509,52.50199989],[13.44479074,52.5011156],[13.44495965,52.50122101],[13.44146403,52.50291045],[13.43712595,52.5045598],[13.43547921,52.50564363],[13.4331561,52.50679462],[13.43463566,52.50827531],[13.43689244,52.51022634],[13.43752221,52.5110568],[13.43692609,52.51027851],[13.43432867,52.51146234],[13.43324043,52.51174184],[13.4337231,52.51251727],[13.43112945,52.51280328],[13.43169373,52.51443526],[13.43134294,52.51448411],[13.43105929,52.51367576],[13.43047764,52.51363615],[13.42795302,52.51394557],[13.42667718,52.51464437],[13.42640962,52.51420268],[13.42595351,52.51473571],[13.42499658,52.51494077],[13.42394967,52.51356854]]]},"properties":{"esb":"0218","bez":"02","bezname":"Friedrichshain-Kreuzberg"},"id":"schulen_esb.0218"},
{"type":"Feature","geometry":{"type":"Polygon","coordinates":[[[13.40318753,52.49389731],[13.40847737,52.49305166],[13.41300295,52.49188896],[13.41345792,52.48913987],[13.41387967,52.48807571],[13.4139268,52.4880713],[13.41524359,52.48976764],[13.41727363,52.48948188],[13.4172368,52.49010729],[13.41564897,52.49027251],[13.4161727,52.49096901],[13.41961499,52.48998116],[13.42044885,52.49111404],[13.4204581,52.49165415],[13.41393564,52.4932602],[13.41499202,52.49464154],[13.41514065,52.49527177],[13.41358012,52.49523303],[13.41241185,52.4953738],[13.40825907,52.49610491],[13.40515901,52.49652871],[13.40094603,52.49689549],[13.39881611,52.49733356],[13.39868397,52.49640588],[13.39770638,52.49525191],[13.39925001,52.4945683],[13.40318753,52.49389731]]]},"properties":{"esb":"0220","bez":"02","bezname":"Friedrichshain-Kreuzberg"},"id":"schulen_esb.0220"},
{"type":"Feature","geometry":{"type":"Polygon","coordinates":[[[13.39424914,52.48576965],[13.39423876,52.4841071],[13.39463811,52.48402521],[13.40022496,52.48390393],[13.40404797,52.48327223],[13.40639092,52.48276887],[13.40676145,52.48521393],[13.40718788,52.4858986],[13.40852573,52.48714123],[13.40788273,52.48885919],[13.40814926,52.48944112],[13.40598211,52.49004999],[13.40208277,52.49255082],[13.40318753,52.49389731],[13.39925001,52.4945683],[13.39770638,52.49525191],[13.3969096,52.49303426],[13.39490903,52.49325952],[13.39372353,52.48913232],[13.39434676,52.48903739],[13.39436716,52.48655981],[13.39424954,52.48653352],[13.39424914,52.48576965]]]},"properties":{"esb":"0221","bez":"02","bezname":"Friedrichshain-Kreuzberg"},"id":"schulen_esb.0221"},
{"type":"Feature","geometry":{"type":"Polygon","coordinates":[[[13.41499202,52.49464154],[13.41516857,52.49466972],[13.42153385,52.49302109],[13.42234224,52.49300092],[13.42078625,52.49547404],[13.42040015,52.49586159],[13.41983237,52.49637014],[13.41842979,52.49873206],[13.41783087,52.49896196],[13.41762424,52.49999505],[13.41637151,52.50176588],[13.4155597,52.50154426],[13.41456059,52.50015855],[13.41401788,52.50032922],[13.41341945,52.49953553],[13.41276723,52.49951368],[13.41223746,52.49883783],[13.40783632,52.49999803],[13.40515901,52.49652871],[13.40825907,52.49610491],[13.41241185,52.4953738],[13.41358012,52.49523303],[13.41514065,52.49527177],[13.41499202,52.49464154]]]},"properties":{"esb":"0222","bez":"02","bezname":"Friedrichshain-Kreuzberg"},"id":"schulen_esb.0222"},
{"type":"Feature","geometry":{"type":"Polygon","coordinates":[[[13.44495965,52.50122101],[13.44479074,52.5011156],[13.4430509,52.50199989],[13.44207032,52.50125518],[13.44086959,52.50069613],[13.43787036,52.50026722],[13.4378527,52.5002645],[13.4403162,52.49923225],[13.43830732,52.49725472],[13.44612155,52.49473447],[13.44698329,52.49463333],[13.44788056,52.49484498],[13.45090461,52.49710515],[13.45273152,52.49757515],[13.45335015,52.49752304],[13.45270982,52.49822216],[13.45145693,52.49892036],[13.45058914,52.49867284],[13.44963468,52.49948021],[13.44679041,52.50040962],[13.4449685,52.50121653],[13.44495965,52.50122101]]]},"properties":{"esb":"0223","bez":"02","bezname":"Friedrichshain-Kreuzberg"},"id":"schulen_esb.0223"},
{"type":"Feature","geometry":{"type":"Polygon","coordinates":[[[13.40450574,52.50782989],[13.40664727,52.50574811],[13.40525565,52.50513983],[13.40368879,52.50337462],[13.40151035,52.50085786],[13.40041019,52.49945476],[13.3970736,52.50027869],[13.39631824,52.49914042],[13.39566241,52.4989684],[13.39583209,52.49834057],[13.39959093,52.49841524],[13.39881611,52.49733356],[13.40094603,52.49689549],[13.40515901,52.49652871],[13.40783632,52.49999803],[13.41223746,52.49883783],[13.41276723,52.49951368],[13.41341945,52.49953553],[13.41401788,52.50032922],[13.41456059,52.50015855],[13.4155597,52.50154426],[13.41637151,52.50176588],[13.41650735,52.50199887],[13.41120163,52.50349458],[13.41097453,52.50416186],[13.41151881,52.50488987],[13.4099669,52.50692339],[13.40802655,52.50617753],[13.40528442,52.50820878],[13.40450574,52.50782989]]]},"properties":{"esb":"0224","bez":"02","bezname":"Friedrichshain-Kreuzberg"},"id":"schulen_esb.0224"},
{"type":"Feature","geometry":{"type":"Polygon","coordinates":[[[13.4139268,52.4880713],[13.42084268,52.48716689],[13.42367726,52.4863567],[13.42384876,52.48651516],[13.42493672,52.48778324],[13.42540937,52.48808509],[13.42234224,52.49300092],[13.42153385,52.49302109],[13.41516857,52.49466972],[13.41499202,52.49464154],[13.41393564,52.4932602],[13.4204581,52.49165415],[13.42044885,52.49111404],[13.41961499,52.48998116],[13.4161727,52.49096901],[13.41564897,52.49027251],[13.4172368,52.49010729],[13.41727363,52.48948188],[13.41524359,52.48976764],[13.4139268,52.4880713]]]},"properties":{"esb":"0226","bez":"02","bezname":"Friedrichshain-Kreuzberg"},"id":"schulen_esb.0226"},
{"type":"Feature","geometry":{"type":"Polygon","coordinates":[[[13.41650735,52.50199887],[13.41637151,52.50176588],[13.41762424,52.49999505],[13.41783087,52.49896196],[13.41842979,52.49873206],[13.41983237,52.49637014],[13.42009557,52.49644789],[13.4214835,52.49814877],[13.42776014,52.49629836],[13.42964797,52.49823005],[13.43068031,52.4978687],[13.43150877,52.4986546],[13.43132733,52.4990596],[13.43226158,52.49923727],[13.43830732,52.49725472],[13.4403162,52.49923225],[13.4378527,52.5002645],[13.43124086,52.49929939],[13.43013909,52.49937575],[13.42513513,52.49913459],[13.42224766,52.49911346],[13.42288137,52.4999539],[13.42256718,52.5003892],[13.42328056,52.50056207],[13.42373991,52.50122158],[13.41998144,52.5022629],[13.41927186,52.50127763],[13.41650735,52.50199887]]]},"properties":{"esb":"0227","bez":"02","bezname":"Friedrichshain-Kreuzberg"},"id":"schulen_esb.0227"},
{"type":"Feature","geometry":{"type":"Polygon","coordinates":[[[13.42373991,52.50122158],[13.42328056,52.50056207],[13.42256718,52.5003892],[13.42288137,52.4999539],[13.42224766,52.49911346],[13.42513513,52.49913459],[13.43013909,52.49937575],[13.43124086,52.49929939],[13.4378527,52.5002645],[13.43787036,52.50026722],[13.43001763,52.50349768],[13.42905207,52.50240061],[13.42583277,52.50341067],[13.42484246,52.50195227],[13.42413634,52.5017938],[13.42373991,52.50122158]]]},"properties":{"esb":"0229","bez":"02","bezname":"Friedrichshain-Kreuzberg"},"id":"schulen_esb.0229"},
{"type":"Feature","geometry":{"type":"Polygon","coordinates":[[[13.37962732,52.49442472],[13.37960081,52.49390075],[13.37611766,52.49279615],[13.37606178,52.49174819],[13.3764022,52.49143079],[13.37547288,52.49045377],[13.37539774,52.48943003],[13.37472819,52.48937828],[13.37351791,52.48786594],[13.37416359,52.48771005],[13.37401916,52.48516652],[13.37163732,52.48518028],[13.37156653,52.48494917],[13.37156654,52.48494648],[13.37659221,52.48492036],[13.37670368,52.48940943],[13.38089466,52.48973094],[13.38094894,52.49055783],[13.38181516,52.49098829],[13.3819325,52.49159872],[13.38277638,52.49154834],[13.3835507,52.49370044],[13.37962732,52.49442472]]]},"properties":{"esb":"0231","bez":"02","bezname":"Friedrichshain-Kreuzberg"},"id":"schulen_esb.0231"},
{"type":"Feature","geometry":{"type":"Polygon","coordinates":[[[13.45407377,52.51579731],[13.45336858,52.51419668],[13.45775769,52.51277237],[13.46153387,52.51211449],[13.46225894,52.51319478],[13.46563332,52.51284355],[13.46400478,52.51109705],[13.46504483,52.51064645],[13.46623648,52.51183699],[13.46735138,52.51145656],[13.46934303,52.51344615],[13.4696496,52.51421939],[13.46437131,52.51476135],[13.45407377,52.51579731]]]},"properties":{"esb":"0234","bez":"02","bezname":"Friedrichshain-Kreuzberg"},"id":"schulen_esb.0234"},
{"type":"Feature","geometry":{"type":"Polygon","coordinates":[[[13.42040015,52.49586159],[13.42283349,52.49533829],[13.43299997,52.49204469],[13.43826898,52.49037359],[13.43922601,52.48965798],[13.4396563,52.48990759],[13.43988892,52.49059993],[13.44081389,52.49119989],[13.44497441,52.49442087],[13.44612155,52.49473447],[13.43830732,52.49725472],[13.43226158,52.49923727],[13.43132733,52.4990596],[13.43150877,52.4986546],[13.43068031,52.4978687],[13.42964797,52.49823005],[13.42776014,52.49629836],[13.4214835,52.49814877],[13.42009557,52.49644789],[13.41983237,52.49637014],[13.42040015,52.49586159]]]},"properties":{"esb":"0235","bez":"02","bezname":"Friedrichshain-Kreuzberg"},"id":"schulen_esb.0235"},
{"type":"Feature","geometry":{"type":"Polygon","coordinates":[[[13.42499658,52.51494077],[13.42595351,52.51473571],[13.42640962,52.51420268],[13.42667718,52.51464437],[13.42795302,52.51394557],[13.43047764,52.51363615],[13.43105929,52.51367576],[13.43134294,52.51448411],[13.43169373,52.51443526],[13.43112945,52.51280328],[13.4337231,52.51251727],[13.43324043,52.51174184],[13.43432867,52.51146234],[13.43692609,52.51027851],[13.43752221,52.5110568],[13.43922571,52.51051582],[13.43972108,52.51109804],[13.43823283,52.51193142],[13.43971493,52.51393597],[13.44069386,52.51338215],[13.44314336,52.51481393],[13.44359351,52.51495751],[13.44264887,52.5161171],[13.44339214,52.51627013],[13.44492476,52.51611882],[13.44507269,52.5166825],[13.44065592,52.51713845],[13.44099025,52.51820208],[13.44022778,52.51840488],[13.43412203,52.51965322],[13.43099493,52.52054135],[13.42917983,52.52122131],[13.42839901,52.51958446],[13.4269148,52.51974103],[13.4259236,52.51839047],[13.42675053,52.51795693],[13.42499658,52.51494077]]]},"properties":{"esb":"0236","bez":"02","bezname":"Friedrichshain-Kreuzberg"},"id":"schulen_esb.0236"},
{"type":"Feature","geometry":{"type":"Polygon","coordinates":[[[13.42134413,52.52491402],[13.42282771,52.52588982],[13.42482192,52.52477262],[13.42673951,52.52590458],[13.42879037,52.52461756],[13.43034024,52.52463901],[13.42966922,52.52313715],[13.43318998,52.52323642],[13.43432421,52.52261011],[13.44122602,52.51818627],[13.44288848,52.51800464],[13.44649105,52.52142056],[13.44787013,52.52175425],[13.44659966,52.52368532],[13.44879263,52.5242494],[13.44897162,52.52443928],[13.44770135,52.52631375],[13.4471779,52.52640911],[13.44402713,52.5294004],[13.44227716,52.53102424],[13.43874577,52.52877656],[13.4383051,52.52879922],[13.43747968,52.52954648],[13.42502477,52.52809348],[13.4238631,52.52821821],[13.42286852,52.52757936],[13.42008945,52.52540789],[13.42134413,52.52491402]]]},"properties":{"esb":"0237","bez":"02","bezname":"Friedrichshain-Kreuzberg"},"id":"schulen_esb.0237"},
{"type":"Feature","geometry":{"type":"Polygon","coordinates":[[[13.40318753,52.49389731],[13.40208277,52.49255082],[13.40598211,52.49004999],[13.40814926,52.48944112],[13.40788273,52.48885919],[13.41387967,52.48807571],[13.41345792,52.48913987],[13.41300295,52.49188896],[13.40847737,52.49305166],[13.40318753,52.49389731]]]},"properties":{"esb":"0292","bez":"02","bezname":"Friedrichshain-Kreuzberg"},"id":"schulen_esb.0292"},
{"type":"Feature","geometry":{"type":"Polygon","coordinates":[[[13.39424954,52.48653352],[13.39436716,52.48655981],[13.39434676,52.48903739],[13.39372353,52.48913232],[13.39490903,52.49325952],[13.3969096,52.49303426],[13.39770638,52.49525191],[13.39868397,52.49640588],[13.39881611,52.49733356],[13.39660503,52.49779658],[13.39426924,52.49788638],[13.39223548,52.49766309],[13.39040707,52.49759296],[13.3890071,52.49780583],[13.38946861,52.49604538],[13.38946273,52.49522129],[13.38852174,52.49415628],[13.38770102,52.49291447],[13.3867389,52.49087795],[13.386207,52.48879556],[13.38603377,52.48735645],[13.39424954,52.48653352]]]},"properties":{"esb":"0294","bez":"02","bezname":"Friedrichshain-Kreuzberg"},"id":"schulen_esb.0294"},
{"type":"Feature","geometry":{"type":"Polygon","coordinates":[[[13.4449685,52.50121653],[13.44679041,52.50040962],[13.44963468,52.49948021],[13.45058914,52.49867284],[13.45145693,52.49892036],[13.45270982,52.49822216],[13.45335015,52.49752304],[13.45507037,52.4974204],[13.45949692,52.49654065],[13.46246044,52.4954727],[13.46359959,52.4963981],[13.46418217,52.4961311],[13.46569387,52.49706148],[13.46605231,52.49688763],[13.46742247,52.4978861],[13.46858235,52.49964632],[13.46887503,52.50015535],[13.47020674,52.50374185],[13.47129207,52.50500049],[13.47125297,52.50523139],[13.47088046,52.50562362],[13.47004641,52.50493145],[13.46891835,52.50451567],[13.46681762,52.50429988],[13.46400903,52.50475257],[13.45641151,52.50740549],[13.45730715,52.50927328],[13.45601424,52.50997237],[13.4517842,52.51070848],[13.45062073,52.50809887],[13.44878369,52.50529232],[13.44746138,52.50343551],[13.44679873,52.502703],[13.4449685,52.50121653]]]},"properties":{"esb":"0296","bez":"02","bezname":"Friedrichshain-Kreuzberg"},"id":"schulen_esb.0296"},
{"type":"Feature","geometry":{"type":"Polygon","coordinates":[[[13.36952322,52.49886596],[13.36959832,52.49810765],[13.36867489,52.49738492],[13.36859159,52.49652292],[13.3684107,52.49447357],[13.3685757,52.4939536],[13.36821274,52.49333004],[13.36923629,52.49328014],[13.37107439,52.49291118],[13.371065,52.4927539],[13.37606178,52.49174819],[13.37611766,52.49279615],[13.37960081,52.49390075],[13.37962732,52.49442472],[13.37973036,52.49574508],[13.38402995,52.49517164],[13.38458674,52.49673915],[13.38946861,52.49604538],[13.3890071,52.49780583],[13.38881742,52.49939248],[13.39066605,52.49927666],[13.39166946,52.49971091],[13.391445,52.50093354],[13.38869986,52.50071237],[13.38880137,52.49963958],[13.3882907,52.49958464],[13.38711682,52.50072086],[13.38510542,52.50231189],[13.38788984,52.50290796],[13.38559639,52.5073184],[13.37893574,52.50692901],[13.37764857,52.50796695],[13.37497515,52.50337546],[13.37467848,52.50323464],[13.37360402,52.50416155],[13.37302692,52.50336231],[13.37143317,52.50164245],[13.37082057,52.49986718],[13.36952322,52.49886596]]]},"properties":{"esb":"0299","bez":"02","bezname":"Friedrichshain-Kreuzberg"},"id":"schulen_esb.0299"},
{"type":"Feature","geometry":{"type":"Polygon","coordinates":[[[13.44083478,52.54913154],[13.44164553,52.54984454],[13.44471587,52.54887426],[13.44517661,52.54903852],[13.44188035,52.55009473],[13.4451533,52.55362069],[13.4452111,52.55390475],[13.43929967,52.55548166],[13.43920501,52.55589758],[13.43857632,52.55569079],[13.43789727,52.55588472],[13.43856362,52.55624883],[13.43769794,52.55698255],[13.43916518,52.5576337],[13.43899482,52.55782035],[13.43600046,52.55639211],[13.43283824,52.5573045],[13.43242349,52.55773607],[13.42936418,52.55670387],[13.42896005,52.55640484],[13.43021954,52.55170522],[13.42997407,52.55154216],[13.42986755,52.55129665],[13.43660904,52.5486216],[13.43933047,52.54755115],[13.44083478,52.54913154]]]},"properties":{"esb":"0301","bez":"03","bezname":"Pankow"},"id":"schulen_esb.0301"},
{"type":"Feature","geometry":{"type":"Polygon","coordinates":[[[13.41595995,52.52717546],[13.42008945,52.52540789],[13.42286852,52.52757936],[13.4238631,52.52821821],[13.42943326,52.53306056],[13.42207994,52.53556969],[13.42092783,52.53360505],[13.41902631,52.53058676],[13.41747942,52.52896287],[13.41594812,52.52718352],[13.41595995,52.52717546]]]},"properties":{"esb":"0302","bez":"03","bezname":"Pankow"},"id":"schulen_esb.0302"},
{"type":"Feature","geometry":{"type":"Polygon","coordinates":[[[13.42092783,52.53360505],[13.4189225,52.53447593],[13.42021912,52.53609397],[13.41835238,52.53661372],[13.41726271,52.53673311],[13.41762652,52.53832976],[13.41635872,52.53839581],[13.41632255,52.54041411],[13.41215288,52.5410294],[13.41223731,52.53791753],[13.41245486,52.53561199],[13.41288215,52.53350543],[13.41256962,52.53261969],[13.41358785,52.53232407],[13.41228174,52.53121278],[13.41516813,52.53005871],[13.41589769,52.52940849],[13.41632286,52.52985857],[13.41576478,52.53008674],[13.41641392,52.53084815],[13.41814066,52.53028505],[13.41902631,52.53058676],[13.42092783,52.53360505]]]},"properties":{"esb":"0303","bez":"03","bezname":"Pankow"},"id":"schulen_esb.0303"},
{"type":"Feature","geometry":{"type":"Polygon","coordinates":[[[13.42943326,52.53306056],[13.43290233,52.5360471],[13.4330565,52.53617766],[13.42420762,52.53917873],[13.42207994,52.53556969],[13.42943326,52.53306056]]]},"properties":{"esb":"0304","bez":"03","bezname":"Pankow"},"id":"schulen_esb.0304"},
{"type":"Feature","geometry":{"type":"Polygon","coordinates":[[[13.43747968,52.52954648],[13.43523585,52.53048376],[13.43693162,52.53191894],[13.43540047,52.53261742],[13.43731706,52.53412664],[13.43347742,52.53597076],[13.43290233,52.5360471],[13.42943326,52.53306056],[13.4238631,52.52821821],[13.42502477,52.52809348],[13.43747968,52.52954648]]]},"properties":{"esb":"0305","bez":"03","bezname":"Pankow"},"id":"schulen_esb.0305"},
{"type":"Feature","geometry":{"type":"Polygon","coordinates":[[[13.44402713,52.5294004],[13.45123214,52.53210813],[13.44927558,52.53420896],[13.45164339,52.53504732],[13.44944788,52.53717026],[13.44811758,52.53631365],[13.44745079,52.53683745],[13.44515613,52.53791324],[13.44181283,52.53914011],[13.43900264,52.54042436],[13.43825288,52.540664],[13.4330565,52.53617766],[13.43290233,52.5360471],[13.43347742,52.53597076],[13.43731706,52.53412664],[13.43540047,52.53261742],[13.43693162,52.53191894],[13.43523585,52.53048376],[13.43747968,52.52954648],[13.4383051,52.52879922],[13.43874577,52.52877656],[13.44227716,52.53102424],[13.44402713,52.5294004]]]},"properties":{"esb":"0306","bez":"03","bezname":"Pankow"},"id":"schulen_esb.0306"},
{"type":"Feature","geometry":{"type":"Polygon","coordinates":[[[13.45055829,52.52741888],[13.4498997,52.52814401],[13.45385359,52.52987884],[13.45269966,52.53103641],[13.45319285,52.53115396],[13.4547513,52.53205937],[13.4540935,52.53258323],[13.45164339,52.53504732],[13.44927558,52.53420896],[13.45123214,52.53210813],[13.44402713,52.5294004],[13.4471779,52.52640911],[13.45055829,52.52741888]]]},"properties":{"esb":"0307","bez":"03","bezname":"Pankow"},"id":"schulen_esb.0307"},
{"type":"Feature","geometry":{"type":"Polygon","coordinates":[[[13.4330565,52.53617766],[13.43825288,52.540664],[13.43833513,52.54072973],[13.43255158,52.54273337],[13.4314419,52.54301822],[13.43212418,52.54372298],[13.42777718,52.54572244],[13.4268388,52.54364319],[13.42632411,52.54370073],[13.42307489,52.54509259],[13.42261877,52.54459395],[13.42254355,52.54523995],[13.42087009,52.54596047],[13.41988331,52.54577992],[13.42126137,52.54518921],[13.41926122,52.54328508],[13.42086068,52.54261299],[13.42032397,52.54202524],[13.42526072,52.54094098],[13.42420762,52.53917873],[13.4330565,52.53617766]]]},"properties":{"esb":"0308","bez":"03","bezname":"Pankow"},"id":"schulen_esb.0308"},
{"type":"Feature","geometry":{"type":"Polygon","coordinates":[[[13.41632255,52.54041411],[13.41631024,52.54083196],[13.41818822,52.54264965],[13.4186743,52.54271791],[13.42032397,52.54202524],[13.42086068,52.54261299],[13.41926122,52.54328508],[13.42126137,52.54518921],[13.41988331,52.54577992],[13.42013729,52.54600053],[13.4182993,52.54658503],[13.41928926,52.54765706],[13.41868787,52.54764612],[13.41815888,52.54666566],[13.41838396,52.54800864],[13.41761041,52.54699899],[13.41633083,52.54731934],[13.41668646,52.54786006],[13.41593929,52.54812293],[13.41530095,52.54751611],[13.41508014,52.54775835],[13.41342426,52.54784704],[13.41236824,52.54371854],[13.41215288,52.5410294],[13.41632255,52.54041411]]]},"properties":{"esb":"0309","bez":"03","bezname":"Pankow"},"id":"schulen_esb.0309"},
{"type":"Feature","geometry":{"type":"Polygon","coordinates":[[[13.48307446,52.61194965],[13.48521729,52.61126027],[13.48683429,52.61110582],[13.49371204,52.60821919],[13.49711906,52.60669975],[13.49850518,52.61073707],[13.50022706,52.61361817],[13.5011974,52.61555218],[13.50227598,52.61735959],[13.50035434,52.61813758],[13.49921833,52.61783263],[13.49864322,52.61809082],[13.49723303,52.61814051],[13.49529291,52.61764862],[13.49432301,52.61710925],[13.48885583,52.61941973],[13.48519002,52.61515226],[13.48307446,52.61194965]]]},"properties":{"esb":"0310","bez":"03","bezname":"Pankow"},"id":"schulen_esb.0310"},
{"type":"Feature","geometry":{"type":"Polygon","coordinates":[[[13.39996056,52.54449524],[13.40024344,52.54337517],[13.40090515,52.54196016],[13.40201698,52.54013173],[13.40344842,52.54036269],[13.40433593,52.54060789],[13.40822775,52.54135023],[13.41215288,52.5410294],[13.41236824,52.54371854],[13.41342426,52.54784704],[13.41392379,52.55063375],[13.40374034,52.55140404],[13.3988982,52.55096707],[13.39889568,52.55088439],[13.39922942,52.54906527],[13.40030328,52.54664367],[13.39920567,52.54652924],[13.39996056,52.54449524]]]},"properties":{"esb":"0311","bez":"03","bezname":"Pankow"},"id":"schulen_esb.0311"},
{"type":"Feature","geometry":{"type":"Polygon","coordinates":[[[13.43660904,52.5486216],[13.43599075,52.54774442],[13.43212418,52.54372298],[13.4314419,52.54301822],[13.43255158,52.54273337],[13.43833513,52.54072973],[13.43825288,52.540664],[13.43900264,52.54042436],[13.44181283,52.53914011],[13.44515613,52.53791324],[13.44745079,52.53683745],[13.44811758,52.53631365],[13.44944788,52.53717026],[13.45521339,52.5409297],[13.45542535,52.54138203],[13.4560122,52.54131997],[13.45784858,52.54250612],[13.45506711,52.54367037],[13.45561694,52.5440423],[13.45448035,52.54483146],[13.45359565,52.54452733],[13.44802935,52.54680613],[13.44789313,52.5469533],[13.44671813,52.54770908],[13.44480201,52.54836396],[13.44438451,52.54808474],[13.44274581,52.54865824],[13.44083478,52.54913154],[13.43933047,52.54755115],[13.43660904,52.5486216]]]},"properties":{"esb":"0312","bez":"03","bezname":"Pankow"},"id":"schulen_esb.0312"},
{"type":"Feature","geometry":{"type":"Polygon","coordinates":[[[13.39805568,52.58486684],[13.40261822,52.58560435],[13.40175362,52.5873362],[13.40168511,52.59005446],[13.40207576,52.59070492],[13.40265851,52.59275043],[13.39940932,52.59214665],[13.39845164,52.59242968],[13.39604823,52.59404169],[13.38701821,52.59679788],[13.38585751,52.59719992],[13.37900437,52.60000036],[13.37840142,52.60040079],[13.37667092,52.59845428],[13.37440003,52.59606897],[13.37276337,52.5932671],[13.37239286,52.59226792],[13.37110727,52.59080127],[13.37271817,52.58960055],[13.37428576,52.58693313],[13.37424673,52.58679196],[13.37781998,52.58762357],[13.3788661,52.58605313],[13.37865841,52.58599159],[13.38062803,52.58415887],[13.38099618,52.58428095],[13.38260852,52.58272873],[13.38342882,52.58245723],[13.38523264,52.58307918],[13.39320582,52.58408725],[13.39805568,52.58486684]]]},"properties":{"esb":"0313","bez":"03","bezname":"Pankow"},"id":"schulen_esb.0313"},
{"type":"Feature","geometry":{"type":"Polygon","coordinates":[[[13.39889568,52.55088439],[13.3988982,52.55096707],[13.40374034,52.55140404],[13.41392379,52.55063375],[13.41452352,52.55374954],[13.41493095,52.55394976],[13.41502498,52.55463021],[13.41463993,52.55712776],[13.41437026,52.55740316],[13.40254936,52.55801763],[13.39866165,52.55849368],[13.39791953,52.55857942],[13.39709546,52.5582651],[13.39717184,52.55634214],[13.39806456,52.5528041],[13.39762507,52.55141664],[13.39684449,52.5507025],[13.39889568,52.55088439]]]},"properties":{"esb":"0314","bez":"03","bezname":"Pankow"},"id":"schulen_esb.0314"},
{"type":"Feature","geometry":{"type":"Polygon","coordinates":[[[13.40661669,52.53635166],[13.40748564,52.53468717],[13.40826292,52.53426085],[13.41215954,52.53270342],[13.41256962,52.53261969],[13.41288215,52.53350543],[13.41245486,52.53561199],[13.41223731,52.53791753],[13.41215288,52.5410294],[13.40822775,52.54135023],[13.40433593,52.54060789],[13.40344842,52.54036269],[13.40451897,52.54026136],[13.40470211,52.54018622],[13.40661669,52.53635166]]]},"properties":{"esb":"0315","bez":"03","bezname":"Pankow"},"id":"schulen_esb.0315"},
{"type":"Feature","geometry":{"type":"Polygon","coordinates":[[[13.41594812,52.52718352],[13.41747942,52.52896287],[13.41902631,52.53058676],[13.41814066,52.53028505],[13.41641392,52.53084815],[13.41576478,52.53008674],[13.41632286,52.52985857],[13.41589769,52.52940849],[13.41516813,52.53005871],[13.41228174,52.53121278],[13.41358785,52.53232407],[13.41256962,52.53261969],[13.41215954,52.53270342],[13.40826292,52.53426085],[13.40641861,52.532346],[13.4055818,52.52966377],[13.41131007,52.52862111],[13.41542814,52.52746118],[13.41594812,52.52718352]]]},"properties":{"esb":"0316","bez":"03","bezname":"Pankow"},"id":"schulen_esb.0316"},
{"type":"Feature","geometry":{"type":"Polygon","coordinates":[[[13.44083478,52.54913154],[13.44274581,52.54865824],[13.44438451,52.54808474],[13.44480201,52.54836396],[13.44671813,52.54770908],[13.44789313,52.5469533],[13.45085379,52.54826526],[13.4620378,52.55072115],[13.46376828,52.55119174],[13.46546378,52.55196509],[13.46655422,52.55251205],[13.46750608,52.55388377],[13.46763473,52.55500095],[13.46703989,52.55681182],[13.4572293,52.56095354],[13.45683915,52.56079302],[13.4550709,52.55934366],[13.44933028,52.55612884],[13.44761187,52.55739335],[13.44895804,52.55812507],[13.44850677,52.55850901],[13.44998615,52.5591286],[13.44889961,52.55981534],[13.44544069,52.55830037],[13.44670794,52.55669373],[13.44752505,52.55517805],[13.4452111,52.55390475],[13.4451533,52.55362069],[13.44188035,52.55009473],[13.44517661,52.54903852],[13.44471587,52.54887426],[13.44164553,52.54984454],[13.44083478,52.54913154]]]},"properties":{"esb":"0317","bez":"03","bezname":"Pankow"},"id":"schulen_esb.0317"},
{"type":"Feature","geometry":{"type":"Polygon","coordinates":[[[13.45784858,52.54250612],[13.46325185,52.5401862],[13.46730818,52.53849328],[13.46983911,52.54045571],[13.46701556,52.54806887],[13.46721111,52.54821022],[13.46623077,52.55105311],[13.46546378,52.55196509],[13.46376828,52.55119174],[13.4620378,52.55072115],[13.45085379,52.54826526],[13.44789313,52.5469533],[13.44802935,52.54680613],[13.45359565,52.54452733],[13.45448035,52.54483146],[13.45561694,52.5440423],[13.45506711,52.54367037],[13.45784858,52.54250612]]]},"properties":{"esb":"0318","bez":"03","bezname":"Pankow"},"id":"schulen_esb.0318"},
{"type":"Feature","geometry":{"type":"Polygon","coordinates":[[[13.46750608,52.55388377],[13.47276344,52.55349351],[13.47949904,52.55322438],[13.48163791,52.55422721],[13.48399422,52.55504334],[13.48547375,52.55573437],[13.48779471,52.55705633],[13.49234564,52.55872406],[13.49107381,52.55994567],[13.48997068,52.56047999],[13.48697455,52.56135717],[13.48539613,52.56154941],[13.48606613,52.56415088],[13.48367627,52.564423],[13.48414889,52.56602496],[13.48358819,52.56611594],[13.48757645,52.56920842],[13.48292328,52.57147464],[13.48279267,52.57262924],[13.48202614,52.57249081],[13.47945904,52.57269255],[13.47991163,52.5754133],[13.47994484,52.57651327],[13.47152731,52.57711364],[13.46998737,52.57750612],[13.46345481,52.58007641],[13.46278599,52.57943386],[13.45971742,52.58064184],[13.45936443,52.58036366],[13.45788602,52.57811586],[13.45763852,52.5772654],[13.45750486,52.57558115],[13.45733458,52.57383215],[13.45807409,52.57253916],[13.45828848,52.57008886],[13.45777845,52.56848136],[13.45761444,52.56740725],[13.46412849,52.56663454],[13.46115395,52.56426699],[13.46050702,52.56453568],[13.46007703,52.56554066],[13.45910048,52.5663885],[13.45829835,52.56673784],[13.45654974,52.56699954],[13.45223627,52.56321627],[13.45139485,52.5634352],[13.4572293,52.56095354],[13.46703989,52.55681182],[13.46763473,52.55500095],[13.46750608,52.55388377]]]},"properties":{"esb":"0320","bez":"03","bezname":"Pankow"},"id":"schulen_esb.0320"},
{"type":"Feature","geometry":{"type":"Polygon","coordinates":[[[13.47994484,52.57651327],[13.48020128,52.57791098],[13.47973097,52.57959984],[13.47971576,52.58106281],[13.48047469,52.58353231],[13.48160699,52.58331354],[13.48197061,52.58399964],[13.48356374,52.58407527],[13.48432587,52.58563532],[13.48464314,52.58561683],[13.48531287,52.5870276],[13.48600318,52.58801243],[13.48694192,52.58883759],[13.48895957,52.59004862],[13.50170584,52.59507803],[13.49415524,52.59535201],[13.48329322,52.59465103],[13.48219801,52.59786862],[13.48353388,52.60005664],[13.48163177,52.59951604],[13.48151323,52.59965878],[13.47926464,52.59902786],[13.47625258,52.59855049],[13.47337031,52.59853871],[13.47023519,52.5990792],[13.46928076,52.59978158],[13.46888236,52.59893273],[13.46832126,52.59900926],[13.46894,52.60014687],[13.46341544,52.60460387],[13.46309505,52.60462859],[13.45696966,52.60917342],[13.45693857,52.60957956],[13.45626551,52.60993806],[13.45294648,52.61230477],[13.45283604,52.61223271],[13.45146085,52.61094203],[13.45037046,52.60859136],[13.44973038,52.60807998],[13.44969244,52.6065028],[13.44879476,52.60399693],[13.44581014,52.59756172],[13.44489496,52.59582056],[13.44284928,52.59342253],[13.43816512,52.58904239],[13.43611754,52.58723914],[13.43686713,52.58551585],[13.43689211,52.58485719],[13.4378623,52.58293744],[13.438046,52.58310218],[13.43996757,52.58293628],[13.44517077,52.58156045],[13.44503891,52.58134008],[13.44665271,52.58101094],[13.4475218,52.58024572],[13.44871387,52.5798584],[13.44948016,52.57932935],[13.44959003,52.57878673],[13.45088314,52.5778352],[13.45167124,52.57662859],[13.45164426,52.57599321],[13.45371207,52.57718335],[13.45750486,52.57558115],[13.45763852,52.5772654],[13.45788602,52.57811586],[13.45936443,52.58036366],[13.45971742,52.58064184],[13.46278599,52.57943386],[13.46345481,52.58007641],[13.46998737,52.57750612],[13.47152731,52.57711364],[13.47994484,52.57651327]]]},"properties":{"esb":"0321","bez":"03","bezname":"Pankow"},"id":"schulen_esb.0321"},
{"type":"Feature","geometry":{"type":"Polygon","coordinates":[[[13.43242349,52.55773607],[13.43374206,52.55797996],[13.4348827,52.55845809],[13.43631354,52.55832111],[13.43723635,52.5587144],[13.43663966,52.55928768],[13.43899418,52.56039137],[13.44055203,52.56091864],[13.44062482,52.56113982],[13.4435468,52.56235484],[13.4428776,52.56299544],[13.44348852,52.56324801],[13.44402082,52.56255148],[13.44639584,52.56341871],[13.44882921,52.56446482],[13.45056141,52.56534358],[13.45490025,52.56717689],[13.45578146,52.56735969],[13.45761444,52.56740725],[13.45777845,52.56848136],[13.45828848,52.57008886],[13.45807409,52.57253916],[13.45733458,52.57383215],[13.45750486,52.57558115],[13.45371207,52.57718335],[13.45164426,52.57599321],[13.45167124,52.57662859],[13.45088314,52.5778352],[13.44959003,52.57878673],[13.44948016,52.57932935],[13.44871387,52.5798584],[13.4475218,52.58024572],[13.44665271,52.58101094],[13.44503891,52.58134008],[13.44517077,52.58156045],[13.43996757,52.58293628],[13.438046,52.58310218],[13.4378623,52.58293744],[13.43689211,52.58485719],[13.43686713,52.58551585],[13.43611754,52.58723914],[13.43392008,52.58533406],[13.43152816,52.58307636],[13.43089105,52.58302498],[13.43152783,52.58248595],[13.43326928,52.58235041],[13.43296477,52.58215221],[13.43032715,52.57946453],[13.42990214,52.57916907],[13.42882555,52.57910347],[13.42882005,52.57868649],[13.42934902,52.57816796],[13.4298954,52.57573085],[13.42894362,52.57154608],[13.42884024,52.57157556],[13.42720658,52.56494622],[13.42788104,52.56189376],[13.42829623,52.56072981],[13.42854835,52.5594272],[13.42936418,52.55670387],[13.43242349,52.55773607]]]},"properties":{"esb":"0322","bez":"03","bezname":"Pankow"},"id":"schulen_esb.0322"},
{"type":"Feature","geometry":{"type":"Polygon","coordinates":[[[13.48307446,52.61194965],[13.4828218,52.61156382],[13.47919249,52.61263325],[13.47180805,52.61597129],[13.47296954,52.61694783],[13.4721873,52.61728829],[13.46858378,52.61837091],[13.46613146,52.61954484],[13.46441985,52.6184237],[13.46187298,52.61721421],[13.45992937,52.61814788],[13.45821593,52.61794776],[13.45809379,52.61822437],[13.45426014,52.61990112],[13.45321439,52.61923909],[13.45126757,52.61757823],[13.44849621,52.61539399],[13.45283604,52.61223271],[13.45294648,52.61230477],[13.45626551,52.60993806],[13.45693857,52.60957956],[13.45696966,52.60917342],[13.46309505,52.60462859],[13.46341544,52.60460387],[13.46894,52.60014687],[13.46832126,52.59900926],[13.46888236,52.59893273],[13.46928076,52.59978158],[13.47023519,52.5990792],[13.47337031,52.59853871],[13.47625258,52.59855049],[13.47926464,52.59902786],[13.48151323,52.59965878],[13.48163177,52.59951604],[13.48353388,52.60005664],[13.48219801,52.59786862],[13.48329322,52.59465103],[13.49415524,52.59535201],[13.50170584,52.59507803],[13.50517585,52.59646104],[13.49897456,52.60515969],[13.49665903,52.60502418],[13.49711906,52.60669975],[13.49371204,52.60821919],[13.48683429,52.61110582],[13.48521729,52.61126027],[13.48307446,52.61194965]]]},"properties":{"esb":"0323","bez":"03","bezname":"Pankow"},"id":"schulen_esb.0323"},
{"type":"Feature","geometry":{"type":"Polygon","coordinates":[[[13.48885583,52.61941973],[13.49196072,52.62288307],[13.48825069,52.62403446],[13.48353549,52.62588905],[13.48198611,52.62551963],[13.47937957,52.62554608],[13.47813104,52.62531177],[13.47328912,52.62395586],[13.4706201,52.62288748],[13.46996431,52.62251638],[13.46613146,52.61954484],[13.46858378,52.61837091],[13.4721873,52.61728829],[13.47296954,52.61694783],[13.47180805,52.61597129],[13.47919249,52.61263325],[13.4828218,52.61156382],[13.48307446,52.61194965],[13.48519002,52.61515226],[13.48885583,52.61941973]]]},"properties":{"esb":"0324","bez":"03","bezname":"Pankow"},"id":"schulen_esb.0324"},
{"type":"Feature","geometry":{"type":"Polygon","coordinates":[[[13.42997407,52.55154216],[13.42727145,52.55258546],[13.41493095,52.55394976],[13.41452352,52.55374954],[13.41392379,52.55063375],[13.41342426,52.54784704],[13.41508014,52.54775835],[13.41530095,52.54751611],[13.41593929,52.54812293],[13.41668646,52.54786006],[13.41633083,52.54731934],[13.41761041,52.54699899],[13.41838396,52.54800864],[13.41815888,52.54666566],[13.41868787,52.54764612],[13.41928926,52.54765706],[13.41950568,52.54771585],[13.42204506,52.55005315],[13.42870084,52.54781964],[13.42777718,52.54572244],[13.43212418,52.54372298],[13.43599075,52.54774442],[13.43660904,52.5486216],[13.42986755,52.55129665],[13.42997407,52.55154216]]]},"properties":{"esb":"0325","bez":"03","bezname":"Pankow"},"id":"schulen_esb.0325"},
{"type":"Feature","geometry":{"type":"Polygon","coordinates":[[[13.39702844,52.55839348],[13.39709546,52.5582651],[13.39791953,52.55857942],[13.39866165,52.55849368],[13.39953688,52.5594695],[13.40359489,52.56177415],[13.4025371,52.56244973],[13.4022607,52.56546776],[13.40238313,52.56575196],[13.40137967,52.56616433],[13.40104074,52.5675503],[13.40178503,52.56764338],[13.40126848,52.56886725],[13.40144339,52.56927197],[13.39961309,52.56984451],[13.39873112,52.57041256],[13.39835349,52.57099056],[13.39724487,52.57060919],[13.39583667,52.57054714],[13.39204079,52.57017574],[13.39029952,52.56897169],[13.38940746,52.56947674],[13.38825855,52.56947534],[13.38777217,52.56914545],[13.38927845,52.56824085],[13.38839666,52.56766844],[13.38905746,52.5673786],[13.38891645,52.56699999],[13.39338848,52.5644037],[13.39590164,52.56181963],[13.39653415,52.56043065],[13.39702844,52.55839348]]]},"properties":{"esb":"0326","bez":"03","bezname":"Pankow"},"id":"schulen_esb.0326"},
{"type":"Feature","geometry":{"type":"Polygon","coordinates":[[[13.40359489,52.56177415],[13.40748057,52.56412057],[13.40891778,52.56483944],[13.4123394,52.5662898],[13.41212982,52.56753225],[13.41194353,52.56823286],[13.41119193,52.5696226],[13.40977641,52.57104796],[13.40897584,52.57098449],[13.4069275,52.57505516],[13.40478844,52.57422442],[13.40237738,52.5729501],[13.39835349,52.57099056],[13.39873112,52.57041256],[13.39961309,52.56984451],[13.40144339,52.56927197],[13.40126848,52.56886725],[13.40178503,52.56764338],[13.40104074,52.5675503],[13.40137967,52.56616433],[13.40238313,52.56575196],[13.4022607,52.56546776],[13.4025371,52.56244973],[13.40359489,52.56177415]]]},"properties":{"esb":"0327","bez":"03","bezname":"Pankow"},"id":"schulen_esb.0327"},
{"type":"Feature","geometry":{"type":"Polygon","coordinates":[[[13.40261822,52.58560435],[13.40272201,52.5855039],[13.405187,52.58587698],[13.40857989,52.58688166],[13.40973831,52.58474951],[13.41256687,52.58560297],[13.42152753,52.58833361],[13.42325129,52.58888834],[13.42407055,52.58945319],[13.42716016,52.59078842],[13.42631229,52.59163081],[13.42317554,52.5934587],[13.42571739,52.59490805],[13.42592968,52.59527685],[13.4210047,52.59695426],[13.41960491,52.59773993],[13.41922622,52.59761346],[13.4181095,52.59876086],[13.41690223,52.59969422],[13.41692925,52.59959991],[13.40293439,52.59682],[13.40307963,52.59438046],[13.40265851,52.59275043],[13.40207576,52.59070492],[13.40168511,52.59005446],[13.40175362,52.5873362],[13.40261822,52.58560435]]]},"properties":{"esb":"0328","bez":"03","bezname":"Pankow"},"id":"schulen_esb.0328"},
{"type":"Feature","geometry":{"type":"Polygon","coordinates":[[[13.48353549,52.62588905],[13.48212922,52.62645799],[13.48601353,52.63002936],[13.48788693,52.62934141],[13.48958524,52.6307902],[13.49021484,52.63160329],[13.4906715,52.63151395],[13.49319753,52.63379577],[13.49429004,52.63444671],[13.49469672,52.63526852],[13.49600883,52.63461127],[13.496564,52.63467928],[13.49996159,52.63300968],[13.50172528,52.63191341],[13.50221618,52.63067291],[13.5014835,52.63019945],[13.50401448,52.62929177],[13.5046263,52.62968241],[13.50544333,52.62956642],[13.50661646,52.62884421],[13.50774806,52.62653584],[13.51138947,52.62778494],[13.51465107,52.62863279],[13.51781512,52.62956133],[13.51841572,52.63156494],[13.5204114,52.63570857],[13.52105703,52.63749295],[13.52171601,52.63865817],[13.52244077,52.64075802],[13.5230216,52.64503335],[13.52039369,52.64487377],[13.51926582,52.64694412],[13.51518127,52.64611541],[13.51281924,52.64539696],[13.5072829,52.64829862],[13.50471888,52.64955951],[13.50313823,52.64996855],[13.49075905,52.65479599],[13.48535784,52.65942396],[13.48842121,52.67078542],[13.48521706,52.66964038],[13.48378872,52.66930078],[13.47993456,52.66810719],[13.47797004,52.66767699],[13.47583059,52.66654561],[13.47569428,52.66749799],[13.47453143,52.6682208],[13.47646451,52.67135591],[13.47726036,52.67206953],[13.47984592,52.67472373],[13.47948552,52.67550599],[13.47727335,52.67390006],[13.47551761,52.67502113],[13.4735524,52.67344151],[13.47071073,52.67102138],[13.47051985,52.67107235],[13.46592506,52.66711762],[13.45955015,52.66897258],[13.45550209,52.665747],[13.4552143,52.66563336],[13.45078452,52.66266497],[13.45394325,52.66184915],[13.46237937,52.65753509],[13.47351235,52.65652913],[13.47426134,52.65574918],[13.47390496,52.6541168],[13.4721741,52.65340913],[13.46926636,52.65166464],[13.46733068,52.65166386],[13.46572189,52.65116654],[13.46502456,52.65073784],[13.46305796,52.64992367],[13.46211634,52.6488485],[13.46041121,52.64847588],[13.4597301,52.64807953],[13.45831437,52.64661095],[13.45631884,52.64571755],[13.45589284,52.64508609],[13.45753115,52.64358591],[13.45885191,52.64280957],[13.4592532,52.64062464],[13.4587682,52.63765216],[13.45838807,52.63469869],[13.45850448,52.63438343],[13.46022828,52.63357888],[13.46111105,52.6325305],[13.46167953,52.63139182],[13.46151229,52.62991332],[13.46416785,52.62948204],[13.47510159,52.62807396],[13.47646847,52.62783576],[13.47760994,52.62656113],[13.47813104,52.62531177],[13.47937957,52.62554608],[13.48198611,52.62551963],[13.48353549,52.62588905]]]},"properties":{"esb":"0329","bez":"03","bezname":"Pankow"},"id":"schulen_esb.0329"},
{"type":"Feature","geometry":{"type":"Polygon","coordinates":[[[13.38342882,52.58245723],[13.37798526,52.58058035],[13.37561177,52.5810678],[13.37593046,52.57951022],[13.37638351,52.57818658],[13.37712187,52.57752853],[13.37577876,52.57636644],[13.37740443,52.57556559],[13.37770537,52.57582144],[13.38035118,52.57485283],[13.37964993,52.5744362],[13.38072303,52.57456514],[13.38101638,52.57354129],[13.38221742,52.57293989],[13.38223434,52.57202061],[13.38307924,52.57233058],[13.38825855,52.56947534],[13.38940746,52.56947674],[13.39029952,52.56897169],[13.39204079,52.57017574],[13.39583667,52.57054714],[13.39724487,52.57060919],[13.39835349,52.57099056],[13.40237738,52.5729501],[13.40478844,52.57422442],[13.4069275,52.57505516],[13.40656697,52.57576711],[13.40558258,52.57557657],[13.40455314,52.57583794],[13.40300159,52.57550343],[13.40175954,52.57753022],[13.40205133,52.57758648],[13.40066491,52.58041458],[13.40052037,52.58040801],[13.39926128,52.5822586],[13.39805568,52.58486684],[13.39320582,52.58408725],[13.38523264,52.58307918],[13.38342882,52.58245723]]]},"properties":{"esb":"0332","bez":"03","bezname":"Pankow"},"id":"schulen_esb.0332"},
{"type":"Feature","geometry":{"type":"Polygon","coordinates":[[[13.45283604,52.61223271],[13.44849621,52.61539399],[13.45126757,52.61757823],[13.45321439,52.61923909],[13.45426014,52.61990112],[13.45809379,52.61822437],[13.45821593,52.61794776],[13.45992937,52.61814788],[13.46187298,52.61721421],[13.46441985,52.6184237],[13.46613146,52.61954484],[13.46996431,52.62251638],[13.4706201,52.62288748],[13.47328912,52.62395586],[13.47813104,52.62531177],[13.47760994,52.62656113],[13.47646847,52.62783576],[13.47510159,52.62807396],[13.46416785,52.62948204],[13.46151229,52.62991332],[13.46167953,52.63139182],[13.46111105,52.6325305],[13.46022828,52.63357888],[13.45850448,52.63438343],[13.45838807,52.63469869],[13.4587682,52.63765216],[13.4592532,52.64062464],[13.45885191,52.64280957],[13.45753115,52.64358591],[13.45589284,52.64508609],[13.45631884,52.64571755],[13.45831437,52.64661095],[13.4597301,52.64807953],[13.45208452,52.64869847],[13.45209691,52.64967081],[13.4509762,52.64985068],[13.44749141,52.6500225],[13.44490929,52.64950096],[13.44330896,52.64953624],[13.44277139,52.64912204],[13.44160751,52.64902048],[13.44154393,52.64938253],[13.44082044,52.64926188],[13.43978839,52.64526581],[13.43569859,52.6446617],[13.43400569,52.64428154],[13.43339015,52.64147678],[13.43425798,52.63795193],[13.43272131,52.63737699],[13.42762456,52.63750964],[13.42691303,52.63708518],[13.4274674,52.6298188],[13.42786114,52.62766362],[13.42859479,52.62609852],[13.42764002,52.62431311],[13.42854463,52.62346451],[13.4253862,52.62310423],[13.42995192,52.62082035],[13.43021306,52.62087021],[13.43059304,52.61910321],[13.43195155,52.61441183],[13.4313717,52.61266661],[13.4297597,52.60835135],[13.42326609,52.60706252],[13.42049839,52.60642599],[13.42018357,52.60588536],[13.42140856,52.60528629],[13.42164674,52.6054889],[13.42262318,52.60500801],[13.41582079,52.60300292],[13.41586011,52.60249795],[13.41690223,52.59969422],[13.4181095,52.59876086],[13.41922622,52.59761346],[13.41960491,52.59773993],[13.4210047,52.59695426],[13.42592968,52.59527685],[13.42571739,52.59490805],[13.42317554,52.5934587],[13.42631229,52.59163081],[13.42716016,52.59078842],[13.42944249,52.58857259],[13.4302246,52.58855053],[13.42875785,52.58431369],[13.42863509,52.58274266],[13.42999209,52.58214642],[13.43152783,52.58248595],[13.43089105,52.58302498],[13.43152816,52.58307636],[13.43392008,52.58533406],[13.43611754,52.58723914],[13.43816512,52.58904239],[13.44284928,52.59342253],[13.44489496,52.59582056],[13.44581014,52.59756172],[13.44879476,52.60399693],[13.44969244,52.6065028],[13.44973038,52.60807998],[13.45037046,52.60859136],[13.45146085,52.61094203],[13.45283604,52.61223271]]]},"properties":{"esb":"0333","bez":"03","bezname":"Pankow"},"id":"schulen_esb.0333"},
{"type":"Feature","geometry":{"type":"Polygon","coordinates":[[[13.42882005,52.57868649],[13.42672791,52.57649299],[13.42547083,52.57623565],[13.42577868,52.5756871],[13.42486317,52.575256],[13.42352823,52.57525731],[13.42289717,52.57551953],[13.41942223,52.57482874],[13.41886534,52.57499761],[13.41816495,52.57649801],[13.41722621,52.57662037],[13.4161419,52.57910769],[13.41462643,52.57920294],[13.41454119,52.58005201],[13.41435891,52.58022422],[13.41258304,52.57985977],[13.41220944,52.57993728],[13.40976446,52.57945026],[13.40900341,52.58031336],[13.40778814,52.57995436],[13.40880357,52.57806998],[13.4085008,52.5775491],[13.40695873,52.57706998],[13.40718881,52.57648628],[13.40630168,52.5763121],[13.40656697,52.57576711],[13.4069275,52.57505516],[13.40897584,52.57098449],[13.40977641,52.57104796],[13.41119193,52.5696226],[13.41194353,52.56823286],[13.41212982,52.56753225],[13.41672052,52.57007645],[13.42021362,52.57215126],[13.42575516,52.57534648],[13.42784299,52.57683995],[13.42934902,52.57816796],[13.42882005,52.57868649]]]},"properties":{"esb":"0334","bez":"03","bezname":"Pankow"},"id":"schulen_esb.0334"},
{"type":"Feature","geometry":{"type":"Polygon","coordinates":[[[13.40265851,52.59275043],[13.40307963,52.59438046],[13.40293439,52.59682],[13.41692925,52.59959991],[13.41690223,52.59969422],[13.41586011,52.60249795],[13.41582079,52.60300292],[13.41423087,52.60733964],[13.41413062,52.60823002],[13.41367213,52.60932644],[13.41532291,52.61077981],[13.41268164,52.61204665],[13.41227232,52.61424579],[13.41197686,52.61488869],[13.4127326,52.61522884],[13.41578251,52.61714392],[13.41768081,52.61847637],[13.42182458,52.62213209],[13.42395789,52.62382611],[13.4253862,52.62310423],[13.42854463,52.62346451],[13.42764002,52.62431311],[13.42859479,52.62609852],[13.42786114,52.62766362],[13.4274674,52.6298188],[13.42691303,52.63708518],[13.42435324,52.63546329],[13.42078586,52.63740361],[13.4165471,52.6394307],[13.41425606,52.64123827],[13.41474835,52.64177744],[13.4147336,52.64238399],[13.41362671,52.64246379],[13.41229068,52.64348044],[13.40788181,52.64268159],[13.40659072,52.64384294],[13.40389233,52.64486145],[13.39790374,52.64811301],[13.39726528,52.64814772],[13.39638553,52.64742261],[13.39455276,52.64755384],[13.3933457,52.64615408],[13.39317532,52.64540878],[13.39191123,52.64474758],[13.3917699,52.64382709],[13.39220445,52.64323485],[13.39129865,52.64354488],[13.39130359,52.64317465],[13.39004617,52.64156808],[13.38992632,52.64050655],[13.39060461,52.639913],[13.38961041,52.63937093],[13.38993379,52.63911996],[13.38921335,52.63767261],[13.38807136,52.63715719],[13.38761596,52.63723715],[13.38641462,52.63677552],[13.38402643,52.63618205],[13.38323676,52.63660908],[13.38302098,52.6363651],[13.38180958,52.63639496],[13.38193022,52.63595038],[13.38269207,52.63574526],[13.38285749,52.63521541],[13.38008084,52.63438202],[13.37939987,52.63386658],[13.37870442,52.6343477],[13.37768332,52.6333885],[13.37679242,52.63291484],[13.37635429,52.63178253],[13.37581769,52.63160616],[13.37701975,52.6298177],[13.37667499,52.62889317],[13.37612684,52.62893335],[13.37637517,52.62837672],[13.37523226,52.62860615],[13.37456955,52.62776451],[13.37363447,52.62780835],[13.37232025,52.62727085],[13.37079853,52.62737541],[13.36987069,52.62668684],[13.36950692,52.62601118],[13.36852742,52.6255777],[13.36765363,52.62600265],[13.36691208,52.62578985],[13.36692652,52.62534505],[13.36710636,52.62539936],[13.36790424,52.62407111],[13.36951708,52.62225577],[13.37155053,52.61969274],[13.37522299,52.61422425],[13.37571583,52.61323678],[13.37628148,52.61112616],[13.37635081,52.60932003],[13.37621072,52.60773812],[13.3757838,52.6070174],[13.37611313,52.60673143],[13.377698,52.60655504],[13.37897955,52.6062423],[13.37777834,52.60409652],[13.37783112,52.60389982],[13.37963262,52.60323859],[13.38012058,52.60281994],[13.37994792,52.60228758],[13.37840142,52.60040079],[13.37900437,52.60000036],[13.38585751,52.59719992],[13.38701821,52.59679788],[13.39604823,52.59404169],[13.39845164,52.59242968],[13.39940932,52.59214665],[13.40265851,52.59275043]]]},"properties":{"esb":"0335","bez":"03","bezname":"Pankow"},"id":"schulen_esb.0335"},
{"type":"Feature","geometry":{"type":"Polygon","coordinates":[[[13.39805568,52.58486684],[13.39926128,52.5822586],[13.40052037,52.58040801],[13.40066491,52.58041458],[13.40205133,52.57758648],[13.40175954,52.57753022],[13.40300159,52.57550343],[13.40455314,52.57583794],[13.40558258,52.57557657],[13.40656697,52.57576711],[13.40630168,52.5763121],[13.40718881,52.57648628],[13.40695873,52.57706998],[13.4085008,52.5775491],[13.40880357,52.57806998],[13.40778814,52.57995436],[13.40900341,52.58031336],[13.40936116,52.58046139],[13.40885917,52.58113895],[13.40993481,52.58140152],[13.4106214,52.58128236],[13.41163312,52.5819474],[13.41235196,52.58096199],[13.41280102,52.58144807],[13.41206161,52.58241726],[13.41202712,52.58283417],[13.41269062,52.58261161],[13.41345379,52.58282416],[13.41294154,52.58349722],[13.41329515,52.58359312],[13.41218436,52.58507657],[13.41285916,52.5852665],[13.41256687,52.58560297],[13.40973831,52.58474951],[13.40857989,52.58688166],[13.405187,52.58587698],[13.40272201,52.5855039],[13.40261822,52.58560435],[13.39805568,52.58486684]]]},"properties":{"esb":"0336","bez":"03","bezname":"Pankow"},"id":"schulen_esb.0336"},
{"type":"Feature","geometry":{"type":"Polygon","coordinates":[[[13.41463993,52.55712776],[13.41735572,52.55746778],[13.41838056,52.55744892],[13.41834002,52.55978173],[13.41836473,52.56048002],[13.41799551,52.56246897],[13.41829958,52.56271664],[13.41615752,52.56259513],[13.41608341,52.56298231],[13.41529223,52.5634509],[13.41354552,52.5632923],[13.4130543,52.5657546],[13.4123394,52.5662898],[13.40891778,52.56483944],[13.40748057,52.56412057],[13.40359489,52.56177415],[13.39953688,52.5594695],[13.39866165,52.55849368],[13.40254936,52.55801763],[13.41437026,52.55740316],[13.41463993,52.55712776]]]},"properties":{"esb":"0337","bez":"03","bezname":"Pankow"},"id":"schulen_esb.0337"},
{"type":"Feature","geometry":{"type":"Polygon","coordinates":[[[13.45164339,52.53504732],[13.4540935,52.53258323],[13.4547513,52.53205937],[13.45319285,52.53115396],[13.45269966,52.53103641],[13.45385359,52.52987884],[13.45523564,52.52839449],[13.45633043,52.52839427],[13.46059575,52.5292855],[13.46343152,52.53266566],[13.46450087,52.53320093],[13.46728297,52.53405482],[13.46870717,52.53469747],[13.4677588,52.53614392],[13.46633477,52.53665783],[13.46761044,52.53845684],[13.46730818,52.53849328],[13.46325185,52.5401862],[13.45784858,52.54250612],[13.4560122,52.54131997],[13.45542535,52.54138203],[13.45521339,52.5409297],[13.44944788,52.53717026],[13.45164339,52.53504732]]]},"properties":{"esb":"0338","bez":"03","bezname":"Pankow"},"id":"schulen_esb.0338"},
{"type":"Feature","geometry":{"type":"Polygon","coordinates":[[[13.42934902,52.57816796],[13.42784299,52.57683995],[13.42575516,52.57534648],[13.42021362,52.57215126],[13.41672052,52.57007645],[13.41212982,52.56753225],[13.4123394,52.5662898],[13.4130543,52.5657546],[13.41354552,52.5632923],[13.41529223,52.5634509],[13.41608341,52.56298231],[13.41615752,52.56259513],[13.41829958,52.56271664],[13.41799551,52.56246897],[13.41836473,52.56048002],[13.41834002,52.55978173],[13.42137057,52.55970075],[13.42366941,52.56001025],[13.42584543,52.56042284],[13.42829623,52.56072981],[13.42788104,52.56189376],[13.42720658,52.56494622],[13.42884024,52.57157556],[13.42894362,52.57154608],[13.4298954,52.57573085],[13.42934902,52.57816796]]]},"properties":{"esb":"0339","bez":"03","bezname":"Pankow"},"id":"schulen_esb.0339"},
{"type":"Feature","geometry":{"type":"Polygon","coordinates":[[[13.4253862,52.62310423],[13.42395789,52.62382611],[13.42182458,52.62213209],[13.41768081,52.61847637],[13.41578251,52.61714392],[13.4127326,52.61522884],[13.41197686,52.61488869],[13.41227232,52.61424579],[13.41268164,52.61204665],[13.41532291,52.61077981],[13.41367213,52.60932644],[13.41413062,52.60823002],[13.41423087,52.60733964],[13.41582079,52.60300292],[13.42262318,52.60500801],[13.42164674,52.6054889],[13.42140856,52.60528629],[13.42018357,52.60588536],[13.42049839,52.60642599],[13.42326609,52.60706252],[13.4297597,52.60835135],[13.4313717,52.61266661],[13.43195155,52.61441183],[13.43059304,52.61910321],[13.43021306,52.62087021],[13.42995192,52.62082035],[13.4253862,52.62310423]]]},"properties":{"esb":"0340","bez":"03","bezname":"Pankow"},"id":"schulen_esb.0340"},
{"type":"Feature","geometry":{"type":"Polygon","coordinates":[[[13.42936418,52.55670387],[13.42854835,52.5594272],[13.42829623,52.56072981],[13.42584543,52.56042284],[13.42366941,52.56001025],[13.42137057,52.55970075],[13.41834002,52.55978173],[13.41838056,52.55744892],[13.41735572,52.55746778],[13.41463993,52.55712776],[13.41502498,52.55463021],[13.41493095,52.55394976],[13.42727145,52.55258546],[13.42997407,52.55154216],[13.43021954,52.55170522],[13.42896005,52.55640484],[13.42936418,52.55670387]]]},"properties":{"esb":"0341","bez":"03","bezname":"Pankow"},"id":"schulen_esb.0341"},
{"type":"Feature","geometry":{"type":"Polygon","coordinates":[[[13.42777718,52.54572244],[13.42870084,52.54781964],[13.42204506,52.55005315],[13.41950568,52.54771585],[13.41928926,52.54765706],[13.4182993,52.54658503],[13.42013729,52.54600053],[13.41988331,52.54577992],[13.42087009,52.54596047],[13.42254355,52.54523995],[13.42261877,52.54459395],[13.42307489,52.54509259],[13.42632411,52.54370073],[13.4268388,52.54364319],[13.42777718,52.54572244]]]},"properties":{"esb":"0342","bez":"03","bezname":"Pankow"},"id":"schulen_esb.0342"},
{"type":"Feature","geometry":{"type":"Polygon","coordinates":[[[13.37840142,52.60040079],[13.37994792,52.60228758],[13.38012058,52.60281994],[13.37963262,52.60323859],[13.37783112,52.60389982],[13.37777834,52.60409652],[13.37897955,52.6062423],[13.377698,52.60655504],[13.37611313,52.60673143],[13.3757838,52.6070174],[13.37543973,52.60652332],[13.37190478,52.60137103],[13.37102251,52.60004362],[13.36997076,52.59893512],[13.36784369,52.59724284],[13.36364825,52.59375137],[13.36064554,52.59126442],[13.35905594,52.5910847],[13.35568986,52.59088655],[13.35214889,52.59081729],[13.35019215,52.59060156],[13.34755418,52.59008135],[13.3497897,52.58890308],[13.35781023,52.58438609],[13.35881037,52.58416909],[13.35921557,52.5837701],[13.36377893,52.58128568],[13.36400505,52.58146501],[13.36527299,52.58060511],[13.36813732,52.5789489],[13.37117109,52.57728939],[13.37427156,52.57604782],[13.37645447,52.57478985],[13.37815299,52.5736144],[13.37891501,52.57345155],[13.3796828,52.57252305],[13.38223434,52.57202061],[13.38221742,52.57293989],[13.38101638,52.57354129],[13.38072303,52.57456514],[13.37964993,52.5744362],[13.38035118,52.57485283],[13.37770537,52.57582144],[13.37740443,52.57556559],[13.37577876,52.57636644],[13.37712187,52.57752853],[13.37638351,52.57818658],[13.37593046,52.57951022],[13.37561177,52.5810678],[13.37798526,52.58058035],[13.38342882,52.58245723],[13.38260852,52.58272873],[13.38099618,52.58428095],[13.38062803,52.58415887],[13.37865841,52.58599159],[13.3788661,52.58605313],[13.37781998,52.58762357],[13.37424673,52.58679196],[13.37428576,52.58693313],[13.37271817,52.58960055],[13.37110727,52.59080127],[13.37239286,52.59226792],[13.37276337,52.5932671],[13.37440003,52.59606897],[13.37667092,52.59845428],[13.37840142,52.60040079]]]},"properties":{"esb":"0343","bez":"03","bezname":"Pankow"},"id":"schulen_esb.0343"},
{"type":"Feature","geometry":{"type":"Polygon","coordinates":[[[13.46546378,52.55196509],[13.46623077,52.55105311],[13.46721111,52.54821022],[13.46851862,52.54822635],[13.46954183,52.5477712],[13.47963742,52.54754332],[13.48045365,52.54811676],[13.47976195,52.54909903],[13.48007915,52.54946697],[13.48221909,52.54964303],[13.48567528,52.55219216],[13.48610955,52.55239487],[13.49031932,52.55169525],[13.49442197,52.55078507],[13.49543408,52.55299417],[13.49561794,52.55462721],[13.49490443,52.55607863],[13.4923486,52.55872137],[13.49234564,52.55872406],[13.48779471,52.55705633],[13.48547375,52.55573437],[13.48399422,52.55504334],[13.48163791,52.55422721],[13.47949904,52.55322438],[13.47276344,52.55349351],[13.46750608,52.55388377],[13.46655422,52.55251205],[13.46546378,52.55196509]]]},"properties":{"esb":"0344","bez":"03","bezname":"Pankow"},"id":"schulen_esb.0344"},
{"type":"Feature","geometry":{"type":"Polygon","coordinates":[[[13.42207994,52.53556969],[13.42420762,52.53917873],[13.41632255,52.54041411],[13.41635872,52.53839581],[13.41762652,52.53832976],[13.41726271,52.53673311],[13.41835238,52.53661372],[13.42021912,52.53609397],[13.4189225,52.53447593],[13.42092783,52.53360505],[13.42207994,52.53556969]]]},"properties":{"esb":"0345","bez":"03","bezname":"Pankow"},"id":"schulen_esb.0345"},
{"type":"Feature","geometry":{"type":"Polygon","coordinates":[[[13.42032397,52.54202524],[13.4186743,52.54271791],[13.41818822,52.54264965],[13.41631024,52.54083196],[13.41632255,52.54041411],[13.42420762,52.53917873],[13.42526072,52.54094098],[13.42032397,52.54202524]]]},"properties":{"esb":"0346","bez":"03","bezname":"Pankow"},"id":"schulen_esb.0346"},
{"type":"Feature","geometry":{"type":"Polygon","coordinates":[[[13.43152783,52.58248595],[13.42999209,52.58214642],[13.42863509,52.58274266],[13.42746584,52.5819454],[13.42653335,52.58196899],[13.42397465,52.58145242],[13.42296771,52.58098879],[13.42007526,52.58025229],[13.41941703,52.58062678],[13.41783069,52.58072374],[13.41454119,52.58005201],[13.41462643,52.57920294],[13.4161419,52.57910769],[13.41722621,52.57662037],[13.41816495,52.57649801],[13.41886534,52.57499761],[13.41942223,52.57482874],[13.42289717,52.57551953],[13.42352823,52.57525731],[13.42486317,52.575256],[13.42577868,52.5756871],[13.42547083,52.57623565],[13.42672791,52.57649299],[13.42882005,52.57868649],[13.42882555,52.57910347],[13.42990214,52.57916907],[13.43032715,52.57946453],[13.43296477,52.58215221],[13.43326928,52.58235041],[13.43152783,52.58248595]]]},"properties":{"esb":"0347","bez":"03","bezname":"Pankow"},"id":"schulen_esb.0347"},
{"type":"Feature","geometry":{"type":"Polygon","coordinates":[[[13.45528692,52.52127006],[13.46268319,52.51992088],[13.47210451,52.52069291],[13.47103702,52.52177438],[13.46951571,52.52285794],[13.46676131,52.52389489],[13.46275012,52.52450319],[13.46026164,52.52528334],[13.45911351,52.52576699],[13.45817993,52.52639382],[13.45619538,52.52826377],[13.45633043,52.52839427],[13.45523564,52.52839449],[13.45385359,52.52987884],[13.4498997,52.52814401],[13.45055829,52.52741888],[13.45218054,52.52779422],[13.45579317,52.52255137],[13.45615449,52.52245484],[13.45528692,52.52127006]]]},"properties":{"esb":"0348","bez":"03","bezname":"Pankow"},"id":"schulen_esb.0348"},
{"type":"Feature","geometry":{"type":"Polygon","coordinates":[[[13.4452111,52.55390475],[13.44752505,52.55517805],[13.44670794,52.55669373],[13.44544069,52.55830037],[13.44889961,52.55981534],[13.44998615,52.5591286],[13.44850677,52.55850901],[13.44895804,52.55812507],[13.44761187,52.55739335],[13.44933028,52.55612884],[13.4550709,52.55934366],[13.45683915,52.56079302],[13.4572293,52.56095354],[13.45139485,52.5634352],[13.45223627,52.56321627],[13.45654974,52.56699954],[13.45829835,52.56673784],[13.45910048,52.5663885],[13.46007703,52.56554066],[13.46050702,52.56453568],[13.46115395,52.56426699],[13.46412849,52.56663454],[13.45761444,52.56740725],[13.45578146,52.56735969],[13.45490025,52.56717689],[13.45056141,52.56534358],[13.44882921,52.56446482],[13.44639584,52.56341871],[13.44402082,52.56255148],[13.44348852,52.56324801],[13.4428776,52.56299544],[13.4435468,52.56235484],[13.44062482,52.56113982],[13.44055203,52.56091864],[13.43899418,52.56039137],[13.43663966,52.55928768],[13.43723635,52.5587144],[13.43631354,52.55832111],[13.4348827,52.55845809],[13.43374206,52.55797996],[13.43242349,52.55773607],[13.43283824,52.5573045],[13.43600046,52.55639211],[13.43899482,52.55782035],[13.43916518,52.5576337],[13.43769794,52.55698255],[13.43856362,52.55624883],[13.43789727,52.55588472],[13.43857632,52.55569079],[13.43920501,52.55589758],[13.43929967,52.55548166],[13.4452111,52.55390475]]]},"properties":{"esb":"0349","bez":"03","bezname":"Pankow"},"id":"schulen_esb.0349"},
{"type":"Feature","geometry":{"type":"MultiPolygon","coordinates":[[[[13.50227598,52.61735959],[13.50330641,52.6189908],[13.50545056,52.61997343],[13.50584814,52.62574851],[13.50774806,52.62653584],[13.50661646,52.62884421],[13.50544333,52.62956642],[13.5046263,52.62968241],[13.50401448,52.62929177],[13.5014835,52.63019945],[13.50221618,52.63067291],[13.50172528,52.63191341],[13.49996159,52.63300968],[13.496564,52.63467928],[13.49600883,52.63461127],[13.49469672,52.63526852],[13.49429004,52.63444671],[13.49319753,52.63379577],[13.4906715,52.63151395],[13.49021484,52.63160329],[13.48958524,52.6307902],[13.48788693,52.62934141],[13.48601353,52.63002936],[13.48212922,52.62645799],[13.48353549,52.62588905],[13.48825069,52.62403446],[13.49196072,52.62288307],[13.48885583,52.61941973],[13.49432301,52.61710925],[13.49529291,52.61764862],[13.49723303,52.61814051],[13.49864322,52.61809082],[13.49921833,52.61783263],[13.50035434,52.61813758],[13.50227598,52.61735959]]],[[[13.50364867,52.6190945],[13.50543807,52.61968226],[13.50545228,52.61988447],[13.50364867,52.6190945]]]]},"properties":{"esb":"0350","bez":"03","bezname":"Pankow"},"id":"schulen_esb.0350"},
{"type":"Feature","geometry":{"type":"Polygon","coordinates":[[[13.41256687,52.58560297],[13.41285916,52.5852665],[13.41218436,52.58507657],[13.41329515,52.58359312],[13.41294154,52.58349722],[13.41345379,52.58282416],[13.41269062,52.58261161],[13.41202712,52.58283417],[13.41206161,52.58241726],[13.41280102,52.58144807],[13.41235196,52.58096199],[13.41163312,52.5819474],[13.4106214,52.58128236],[13.40993481,52.58140152],[13.40885917,52.58113895],[13.40936116,52.58046139],[13.40900341,52.58031336],[13.40976446,52.57945026],[13.41220944,52.57993728],[13.41258304,52.57985977],[13.41435891,52.58022422],[13.41454119,52.58005201],[13.41783069,52.58072374],[13.41941703,52.58062678],[13.42007526,52.58025229],[13.42296771,52.58098879],[13.42397465,52.58145242],[13.42653335,52.58196899],[13.42746584,52.5819454],[13.42863509,52.58274266],[13.42875785,52.58431369],[13.4302246,52.58855053],[13.42944249,52.58857259],[13.42716016,52.59078842],[13.42407055,52.58945319],[13.42325129,52.58888834],[13.42152753,52.58833361],[13.41256687,52.58560297]]]},"properties":{"esb":"0351","bez":"03","bezname":"Pankow"},"id":"schulen_esb.0351"},
{"type":"Feature","geometry":{"type":"Polygon","coordinates":[[[13.31723325,52.51229252],[13.30930511,52.51177726],[13.29971663,52.51113467],[13.30063704,52.50677961],[13.30229973,52.50678868],[13.30331146,52.50499234],[13.30547334,52.50540442],[13.30844284,52.50574405],[13.30980054,52.50576657],[13.31359139,52.50555559],[13.3157136,52.50534641],[13.31581379,52.50617434],[13.3175346,52.50608359],[13.31825216,52.51087351],[13.31723325,52.51229252]]]},"properties":{"esb":"0401","bez":"04","bezname":"Charlottenburg-Wilmersdorf"},"id":"schulen_esb.0401"},
{"type":"Feature","geometry":{"type":"Polygon","coordinates":[[[13.29971663,52.51113467],[13.29733906,52.5109762],[13.28461928,52.51018074],[13.28292199,52.50779437],[13.28204916,52.5064061],[13.28128935,52.50376003],[13.2807224,52.50281837],[13.28006972,52.50248216],[13.28121484,52.50199305],[13.28149417,52.50148881],[13.28101468,52.5002886],[13.28273065,52.50079775],[13.28314238,52.50030738],[13.28528418,52.50097679],[13.28487098,52.50146986],[13.28746026,52.50236609],[13.29049045,52.50262188],[13.29012026,52.50288682],[13.29117959,52.50359528],[13.2950559,52.50414811],[13.29463046,52.50490808],[13.29630541,52.50680714],[13.30063704,52.50677961],[13.29971663,52.51113467]]]},"properties":{"esb":"0402","bez":"04","bezname":"Charlottenburg-Wilmersdorf"},"id":"schulen_esb.0402"},
{"type":"Feature","geometry":{"type":"Polygon","coordinates":[[[13.3305584,52.51282898],[13.33017447,52.51318928],[13.32295163,52.51266591],[13.32229023,52.51203155],[13.32107431,52.51213895],[13.32079176,52.51252644],[13.31723325,52.51229252],[13.31825216,52.51087351],[13.3175346,52.50608359],[13.31581379,52.50617434],[13.3157136,52.50534641],[13.31502624,52.50091781],[13.31677231,52.50118391],[13.31650956,52.4993904],[13.3246272,52.49987422],[13.32510148,52.49985655],[13.33082366,52.50031045],[13.33229605,52.50033479],[13.33534359,52.49931607],[13.3367355,52.49925748],[13.33890237,52.49958628],[13.33892087,52.49990984],[13.33697347,52.50068962],[13.34141564,52.50486659],[13.34013556,52.50514118],[13.33906387,52.50507298],[13.33863569,52.50591668],[13.33659284,52.50571758],[13.33538559,52.50588176],[13.33374823,52.50672066],[13.33480396,52.50809103],[13.33440385,52.50890422],[13.33389613,52.50884276],[13.33004079,52.5100742],[13.33298289,52.51106377],[13.33402433,52.51171518],[13.33097528,52.51238609],[13.3305584,52.51282898]]]},"properties":{"esb":"0404","bez":"04","bezname":"Charlottenburg-Wilmersdorf"},"id":"schulen_esb.0404"},
{"type":"Feature","geometry":{"type":"Polygon","coordinates":[[[13.28117545,52.53048577],[13.28083689,52.53006511],[13.27878558,52.53026758],[13.27736014,52.52996054],[13.27501368,52.52892462],[13.27332458,52.52879738],[13.26990038,52.52894976],[13.26579772,52.5288178],[13.26456856,52.52866936],[13.26092657,52.52754292],[13.25978793,52.52732372],[13.25571137,52.52708814],[13.25121001,52.52708293],[13.24980204,52.52717911],[13.24856488,52.52745914],[13.24667884,52.52831221],[13.24633941,52.52769105],[13.24712461,52.52719751],[13.24720674,52.52604479],[13.24769976,52.52457168],[13.24750628,52.52428439],[13.2444774,52.52492257],[13.24223957,52.52556955],[13.2399645,52.52608785],[13.23678593,52.52613313],[13.23385176,52.52603266],[13.23127123,52.52576795],[13.22817775,52.52601819],[13.22729885,52.52561172],[13.22360063,52.52592989],[13.22201447,52.52617251],[13.22078268,52.52393602],[13.21987833,52.52262896],[13.21938418,52.52141856],[13.21948802,52.51815589],[13.2200954,52.51459838],[13.22094405,52.51361906],[13.22340249,52.51217253],[13.22425258,52.51263554],[13.22311972,52.513294],[13.22488174,52.51422831],[13.22564305,52.51441692],[13.22821158,52.51462779],[13.22775084,52.51508006],[13.22739622,52.51601258],[13.22850908,52.51675233],[13.23085485,52.51717987],[13.2348647,52.52065665],[13.23409152,52.51963501],[13.23503984,52.51984844],[13.23575707,52.51970793],[13.23762825,52.52051839],[13.23857302,52.52063652],[13.24038313,52.52136587],[13.24273676,52.52177793],[13.24437368,52.5215963],[13.24558085,52.52085072],[13.24686099,52.51932622],[13.24787789,52.51876692],[13.24858356,52.5180781],[13.24954061,52.51555593],[13.25403,52.51596646],[13.25493189,52.51609781],[13.25580737,52.5135933],[13.25714178,52.51378529],[13.25957216,52.51379555],[13.26101747,52.51358345],[13.26231254,52.51319114],[13.26453621,52.51468974],[13.26565351,52.51711594],[13.27028735,52.51627896],[13.27131575,52.51662085],[13.27288772,52.51990027],[13.27316549,52.5201671],[13.27463592,52.52328084],[13.27487051,52.5232393],[13.27425632,52.52781702],[13.2739254,52.528109],[13.27469398,52.52836561],[13.28154958,52.52881356],[13.2821624,52.52902294],[13.2833242,52.52893645],[13.28356363,52.52978997],[13.28117545,52.53048577]]]},"properties":{"esb":"0405","bez":"04","bezname":"Charlottenburg-Wilmersdorf"},"id":"schulen_esb.0405"},
{"type":"Feature","geometry":{"type":"Polygon","coordinates":[[[13.28204916,52.5064061],[13.2810009,52.5063626],[13.27899585,52.50662812],[13.27708413,52.50719313],[13.2744902,52.50815869],[13.27324892,52.50885414],[13.27208793,52.50890279],[13.27088772,52.50924876],[13.25837169,52.50850681],[13.22957162,52.50673853],[13.22740535,52.50688132],[13.21563035,52.50926018],[13.21454384,52.50936784],[13.21408241,52.50909843],[13.21185901,52.50934587],[13.21100958,52.50852151],[13.21049187,52.50719776],[13.20875967,52.50504475],[13.20934403,52.50430003],[13.20972537,52.50290844],[13.20512797,52.50134645],[13.19907805,52.49987878],[13.19520366,52.4997389],[13.19169772,52.49867462],[13.18983588,52.49754443],[13.18944901,52.49498],[13.18953114,52.49293224],[13.18754594,52.49120843],[13.18659338,52.48929073],[13.18714492,52.48712699],[13.18980769,52.48433301],[13.19016323,52.48261697],[13.19426157,52.48167854],[13.19738865,52.48024757],[13.19683621,52.48331991],[13.19677831,52.48457963],[13.19715585,52.48511301],[13.19799403,52.485356],[13.19974283,52.4855097],[13.20076695,52.48586028],[13.20473686,52.48897042],[13.20494246,52.48948609],[13.203924,52.49206613],[13.2033957,52.49265376],[13.20771871,52.49169051],[13.20805218,52.49145803],[13.21111495,52.49094132],[13.21585775,52.48991992],[13.21865448,52.48965282],[13.22052749,52.48961343],[13.22215033,52.48972324],[13.22644076,52.49032736],[13.2292837,52.49015631],[13.2321167,52.48944776],[13.2331255,52.48940889],[13.23599547,52.48983359],[13.23731763,52.49015518],[13.24268834,52.49014937],[13.24848711,52.49035677],[13.25494662,52.48728584],[13.25557742,52.48667403],[13.25668655,52.48607091],[13.27029015,52.49681579],[13.27199355,52.49812398],[13.2730278,52.49787006],[13.27366593,52.49816942],[13.27226567,52.49834317],[13.27642997,52.50185226],[13.27720787,52.50217718],[13.27916123,52.50227909],[13.28006972,52.50248216],[13.2807224,52.50281837],[13.28128935,52.50376003],[13.28204916,52.5064061]]]},"properties":{"esb":"0406","bez":"04","bezname":"Charlottenburg-Wilmersdorf"},"id":"schulen_esb.0406"},
{"type":"Feature","geometry":{"type":"Polygon","coordinates":[[[13.32375425,52.5246785],[13.3215878,52.52455251],[13.32000881,52.52406405],[13.3190202,52.52322035],[13.31868495,52.52207189],[13.3187771,52.52111327],[13.31779528,52.52036482],[13.31730733,52.52061877],[13.31622786,52.52014235],[13.31509158,52.52020406],[13.31252454,52.520714],[13.30761266,52.52052562],[13.3062501,52.52070437],[13.30656422,52.51741793],[13.31060678,52.51614372],[13.30986161,52.51529609],[13.30950583,52.51356253],[13.30930511,52.51177726],[13.31723325,52.51229252],[13.32079176,52.51252644],[13.32107431,52.51213895],[13.32229023,52.51203155],[13.32295163,52.51266591],[13.33017447,52.51318928],[13.3305584,52.51282898],[13.33187242,52.51302996],[13.33585213,52.51329233],[13.33595316,52.51360711],[13.33613222,52.514375],[13.33479167,52.51550131],[13.3342117,52.51676968],[13.33227944,52.51670289],[13.33106174,52.51706021],[13.32963417,52.51795259],[13.32916533,52.51866225],[13.3291238,52.51935771],[13.3294876,52.52046037],[13.32945592,52.52144432],[13.32889304,52.52232988],[13.32691971,52.52371511],[13.32579357,52.52422089],[13.32375425,52.5246785]]]},"properties":{"esb":"0407","bez":"04","bezname":"Charlottenburg-Wilmersdorf"},"id":"schulen_esb.0407"},
{"type":"Feature","geometry":{"type":"Polygon","coordinates":[[[13.31141016,52.53561163],[13.31130512,52.53587376],[13.2999251,52.53425496],[13.29745313,52.53453119],[13.29585879,52.53489699],[13.29420377,52.53451132],[13.2936288,52.53473616],[13.29310399,52.53437073],[13.2858407,52.53372816],[13.28402397,52.53368787],[13.28209216,52.5338539],[13.28203787,52.53325973],[13.28141437,52.53158732],[13.28117545,52.53048577],[13.28356363,52.52978997],[13.28502545,52.529592],[13.28685727,52.52994505],[13.28820336,52.53061571],[13.29061991,52.53159405],[13.29137002,52.5317813],[13.29417158,52.53155555],[13.29510409,52.5310055],[13.29565377,52.53002121],[13.29507602,52.52984166],[13.29636747,52.52720592],[13.29704164,52.52355657],[13.297788,52.52245599],[13.29913785,52.5220176],[13.30321617,52.52157859],[13.3062501,52.52070437],[13.30761266,52.52052562],[13.31252454,52.520714],[13.31509158,52.52020406],[13.31622786,52.52014235],[13.31730733,52.52061877],[13.3166449,52.52096212],[13.31335233,52.53025991],[13.3167473,52.5309024],[13.31730423,52.5315428],[13.31704868,52.53204898],[13.31751206,52.5323737],[13.31302403,52.53187213],[13.31255142,52.53263922],[13.31141016,52.53561163]]]},"properties":{"esb":"0408","bez":"04","bezname":"Charlottenburg-Wilmersdorf"},"id":"schulen_esb.0408"},
{"type":"Feature","geometry":{"type":"Polygon","coordinates":[[[13.2936288,52.53473616],[13.2933442,52.53631609],[13.29761677,52.54418048],[13.29844052,52.54539685],[13.29799535,52.54638323],[13.29620021,52.54889266],[13.28339977,52.54909797],[13.27033202,52.54934512],[13.26996613,52.54865386],[13.27065785,52.547884],[13.27336577,52.54294053],[13.27346459,52.54201521],[13.27230342,52.53886555],[13.27359554,52.53855309],[13.27522809,52.53768895],[13.2760265,52.53644398],[13.27627167,52.53563772],[13.27977259,52.534602],[13.28217905,52.53404916],[13.28209216,52.5338539],[13.28402397,52.53368787],[13.2858407,52.53372816],[13.29310399,52.53437073],[13.2936288,52.53473616]]]},"properties":{"esb":"0409","bez":"04","bezname":"Charlottenburg-Wilmersdorf"},"id":"schulen_esb.0409"},
{"type":"Feature","geometry":{"type":"Polygon","coordinates":[[[13.30153002,52.54880588],[13.29639631,52.54888872],[13.29620021,52.54889266],[13.29799535,52.54638323],[13.29844052,52.54539685],[13.29761677,52.54418048],[13.2933442,52.53631609],[13.2936288,52.53473616],[13.29420377,52.53451132],[13.29585879,52.53489699],[13.29745313,52.53453119],[13.2999251,52.53425496],[13.31130512,52.53587376],[13.31141016,52.53561163],[13.32848456,52.5380454],[13.3291318,52.53822946],[13.32718851,52.53964532],[13.32730834,52.54131173],[13.32623002,52.54187245],[13.32028326,52.54644303],[13.31932356,52.54729605],[13.31793128,52.54823601],[13.31294328,52.54836578],[13.30507606,52.54871671],[13.30153002,52.54880588]]]},"properties":{"esb":"0411","bez":"04","bezname":"Charlottenburg-Wilmersdorf"},"id":"schulen_esb.0411"},
{"type":"Feature","geometry":{"type":"Polygon","coordinates":[[[13.30930511,52.51177726],[13.30950583,52.51356253],[13.30986161,52.51529609],[13.31060678,52.51614372],[13.30656422,52.51741793],[13.3062501,52.52070437],[13.30321617,52.52157859],[13.29913785,52.5220176],[13.297788,52.52245599],[13.29704164,52.52355657],[13.29636747,52.52720592],[13.29507602,52.52984166],[13.29565377,52.53002121],[13.29510409,52.5310055],[13.29417158,52.53155555],[13.29137002,52.5317813],[13.29061991,52.53159405],[13.28820336,52.53061571],[13.28685727,52.52994505],[13.28502545,52.529592],[13.28356363,52.52978997],[13.2833242,52.52893645],[13.28305038,52.52852766],[13.28509461,52.5286549],[13.28375677,52.52788538],[13.28287508,52.52701202],[13.28233017,52.5260354],[13.28157655,52.52669012],[13.28094299,52.52443534],[13.28068242,52.5242207],[13.28146428,52.52184064],[13.28176199,52.5205106],[13.28287032,52.51856464],[13.29008973,52.51902664],[13.29051284,52.51667066],[13.29379352,52.51685518],[13.29380914,52.5167366],[13.29637425,52.51687589],[13.29733906,52.5109762],[13.29971663,52.51113467],[13.30930511,52.51177726]]]},"properties":{"esb":"0412","bez":"04","bezname":"Charlottenburg-Wilmersdorf"},"id":"schulen_esb.0412"},
{"type":"Feature","geometry":{"type":"Polygon","coordinates":[[[13.29733906,52.5109762],[13.29637425,52.51687589],[13.29380914,52.5167366],[13.29379352,52.51685518],[13.29051284,52.51667066],[13.29008973,52.51902664],[13.28287032,52.51856464],[13.28346273,52.51721657],[13.28449408,52.51586888],[13.28492974,52.51477737],[13.28529142,52.51277531],[13.2852152,52.51158796],[13.28461928,52.51018074],[13.29733906,52.5109762]]]},"properties":{"esb":"0413","bez":"04","bezname":"Charlottenburg-Wilmersdorf"},"id":"schulen_esb.0413"},
{"type":"Feature","geometry":{"type":"Polygon","coordinates":[[[13.28461928,52.51018074],[13.2852152,52.51158796],[13.28529142,52.51277531],[13.28492974,52.51477737],[13.28449408,52.51586888],[13.28346273,52.51721657],[13.28287032,52.51856464],[13.28176199,52.5205106],[13.28146428,52.52184064],[13.28068242,52.5242207],[13.28094299,52.52443534],[13.28157655,52.52669012],[13.28233017,52.5260354],[13.28287508,52.52701202],[13.28375677,52.52788538],[13.28509461,52.5286549],[13.28305038,52.52852766],[13.2833242,52.52893645],[13.2821624,52.52902294],[13.28154958,52.52881356],[13.27469398,52.52836561],[13.2739254,52.528109],[13.27425632,52.52781702],[13.27487051,52.5232393],[13.27463592,52.52328084],[13.27316549,52.5201671],[13.27288772,52.51990027],[13.27131575,52.51662085],[13.27028735,52.51627896],[13.26565351,52.51711594],[13.26453621,52.51468974],[13.26231254,52.51319114],[13.26101747,52.51358345],[13.25957216,52.51379555],[13.25714178,52.51378529],[13.25580737,52.5135933],[13.25493189,52.51609781],[13.25403,52.51596646],[13.25553626,52.5116801],[13.25595847,52.51086724],[13.25717383,52.50961292],[13.25854618,52.50877605],[13.25837169,52.50850681],[13.27088772,52.50924876],[13.27208793,52.50890279],[13.27324892,52.50885414],[13.2744902,52.50815869],[13.27708413,52.50719313],[13.27899585,52.50662812],[13.2810009,52.5063626],[13.28204916,52.5064061],[13.28292199,52.50779437],[13.28461928,52.51018074]]]},"properties":{"esb":"0414","bez":"04","bezname":"Charlottenburg-Wilmersdorf"},"id":"schulen_esb.0414"},
{"type":"Feature","geometry":{"type":"Polygon","coordinates":[[[13.22094405,52.51361906],[13.21975132,52.51357542],[13.21945582,52.51399138],[13.21846846,52.51340205],[13.2164329,52.51164892],[13.21497702,52.50950864],[13.21563035,52.50926018],[13.22740535,52.50688132],[13.22957162,52.50673853],[13.25837169,52.50850681],[13.25854618,52.50877605],[13.25717383,52.50961292],[13.25595847,52.51086724],[13.25553626,52.5116801],[13.25403,52.51596646],[13.24954061,52.51555593],[13.24858356,52.5180781],[13.24787789,52.51876692],[13.24686099,52.51932622],[13.24558085,52.52085072],[13.24437368,52.5215963],[13.24273676,52.52177793],[13.24038313,52.52136587],[13.23857302,52.52063652],[13.23762825,52.52051839],[13.23575707,52.51970793],[13.23503984,52.51984844],[13.23409152,52.51963501],[13.2348647,52.52065665],[13.23085485,52.51717987],[13.22850908,52.51675233],[13.22739622,52.51601258],[13.22775084,52.51508006],[13.22821158,52.51462779],[13.22564305,52.51441692],[13.22488174,52.51422831],[13.22311972,52.513294],[13.22425258,52.51263554],[13.22340249,52.51217253],[13.22094405,52.51361906]]]},"properties":{"esb":"0415","bez":"04","bezname":"Charlottenburg-Wilmersdorf"},"id":"schulen_esb.0415"},
{"type":"Feature","geometry":{"type":"Polygon","coordinates":[[[13.31650956,52.4993904],[13.31639251,52.49865678],[13.31485494,52.49327962],[13.31461836,52.49154817],[13.31526305,52.49073748],[13.31424663,52.49040229],[13.31595325,52.48910372],[13.3167648,52.48925862],[13.31941346,52.48944167],[13.32259364,52.4876966],[13.32313274,52.48743827],[13.32452835,52.48743285],[13.32502302,52.49367355],[13.32475796,52.49410962],[13.32627522,52.49464909],[13.32874591,52.49507682],[13.33083535,52.49527617],[13.33264931,52.495278],[13.33545742,52.49501175],[13.33744416,52.49448371],[13.33730476,52.49598324],[13.33803079,52.49776347],[13.33898741,52.49941664],[13.33890237,52.49958628],[13.3367355,52.49925748],[13.33534359,52.49931607],[13.33229605,52.50033479],[13.33082366,52.50031045],[13.32510148,52.49985655],[13.3246272,52.49987422],[13.31650956,52.4993904]]]},"properties":{"esb":"0417","bez":"04","bezname":"Charlottenburg-Wilmersdorf"},"id":"schulen_esb.0417"},
{"type":"Feature","geometry":{"type":"Polygon","coordinates":[[[13.33712646,52.4823168],[13.33705131,52.48591847],[13.33716554,52.48825259],[13.33100939,52.48732072],[13.32709144,52.4865479],[13.32624535,52.48649363],[13.32606985,52.48524404],[13.32652047,52.48521822],[13.32621546,52.48439786],[13.32654601,52.4840608],[13.32866707,52.48385768],[13.33066976,52.48330553],[13.32996221,52.48235836],[13.32821787,52.4828051],[13.32608794,52.4828033],[13.32601507,52.47988784],[13.3280169,52.47987494],[13.32800141,52.4793357],[13.32852642,52.47853002],[13.32852643,52.47743814],[13.33278006,52.47741374],[13.33298029,52.4778456],[13.33706266,52.47813065],[13.33704408,52.48208474],[13.33712646,52.4823168]]]},"properties":{"esb":"0418","bez":"04","bezname":"Charlottenburg-Wilmersdorf"},"id":"schulen_esb.0418"},
{"type":"Feature","geometry":{"type":"Polygon","coordinates":[[[13.31479803,52.47862492],[13.31285479,52.47951216],[13.31211975,52.48000717],[13.31147303,52.47988053],[13.30926635,52.47870007],[13.30968164,52.47825724],[13.30935839,52.46794146],[13.30909517,52.46771339],[13.31033615,52.46702205],[13.31142136,52.4671229],[13.31997881,52.46697915],[13.32009571,52.46964131],[13.32052549,52.4702643],[13.32013957,52.47074229],[13.32022427,52.47274385],[13.32042405,52.47746507],[13.32048289,52.47746881],[13.32048562,52.47771236],[13.31745489,52.47796419],[13.31479803,52.47862492]]]},"properties":{"esb":"0419","bez":"04","bezname":"Charlottenburg-Wilmersdorf"},"id":"schulen_esb.0419"},
{"type":"Feature","geometry":{"type":"Polygon","coordinates":[[[13.31502624,52.50091781],[13.31172056,52.50047051],[13.3117659,52.50030797],[13.30714111,52.49983276],[13.30163847,52.49880228],[13.30166217,52.49898298],[13.29621425,52.49795149],[13.2905077,52.49707808],[13.28888059,52.4967005],[13.28786902,52.49612516],[13.29088856,52.49404797],[13.29679601,52.49064787],[13.30050731,52.48788488],[13.30107365,52.48754494],[13.30481112,52.48475493],[13.30696116,52.48300926],[13.30722311,52.48301806],[13.31147303,52.47988053],[13.31211975,52.48000717],[13.31285479,52.47951216],[13.31479803,52.47862492],[13.31561103,52.47959044],[13.31553248,52.48092026],[13.31502313,52.48155607],[13.31578207,52.48184744],[13.31551271,52.48309947],[13.31359579,52.48315642],[13.31367726,52.4841218],[13.31563452,52.48419527],[13.31570958,52.48649605],[13.31985776,52.48652126],[13.32247696,52.48646962],[13.32259364,52.4876966],[13.31941346,52.48944167],[13.3167648,52.48925862],[13.31595325,52.48910372],[13.31424663,52.49040229],[13.31526305,52.49073748],[13.31461836,52.49154817],[13.31485494,52.49327962],[13.31639251,52.49865678],[13.31650956,52.4993904],[13.31677231,52.50118391],[13.31502624,52.50091781]]]},"properties":{"esb":"0420","bez":"04","bezname":"Charlottenburg-Wilmersdorf"},"id":"schulen_esb.0420"},
{"type":"Feature","geometry":{"type":"Polygon","coordinates":[[[13.30063704,52.50677961],[13.29630541,52.50680714],[13.29463046,52.50490808],[13.2950559,52.50414811],[13.29117959,52.50359528],[13.29012026,52.50288682],[13.29049045,52.50262188],[13.28746026,52.50236609],[13.28487098,52.50146986],[13.28528418,52.50097679],[13.28314238,52.50030738],[13.28273065,52.50079775],[13.28101468,52.5002886],[13.2811425,52.49957544],[13.28322352,52.49745257],[13.28423311,52.49789944],[13.2855587,52.49785204],[13.28733232,52.49737007],[13.28837297,52.49665232],[13.28888059,52.4967005],[13.2905077,52.49707808],[13.29621425,52.49795149],[13.30166217,52.49898298],[13.30163847,52.49880228],[13.30714111,52.49983276],[13.3117659,52.50030797],[13.31172056,52.50047051],[13.31502624,52.50091781],[13.3157136,52.50534641],[13.31359139,52.50555559],[13.30980054,52.50576657],[13.30844284,52.50574405],[13.30547334,52.50540442],[13.30331146,52.50499234],[13.30229973,52.50678868],[13.30063704,52.50677961]]]},"properties":{"esb":"0421","bez":"04","bezname":"Charlottenburg-Wilmersdorf"},"id":"schulen_esb.0421"},
{"type":"Feature","geometry":{"type":"Polygon","coordinates":[[[13.28006972,52.50248216],[13.27916123,52.50227909],[13.27720787,52.50217718],[13.27642997,52.50185226],[13.27226567,52.49834317],[13.27366593,52.49816942],[13.2730278,52.49787006],[13.27199355,52.49812398],[13.27029015,52.49681579],[13.25668655,52.48607091],[13.25557742,52.48667403],[13.25494662,52.48728584],[13.24848711,52.49035677],[13.24268834,52.49014937],[13.23731763,52.49015518],[13.23599547,52.48983359],[13.2331255,52.48940889],[13.2321167,52.48944776],[13.2292837,52.49015631],[13.22644076,52.49032736],[13.22215033,52.48972324],[13.22052749,52.48961343],[13.21865448,52.48965282],[13.21585775,52.48991992],[13.21111495,52.49094132],[13.20805218,52.49145803],[13.20771871,52.49169051],[13.2033957,52.49265376],[13.203924,52.49206613],[13.20494246,52.48948609],[13.20473686,52.48897042],[13.20076695,52.48586028],[13.19974283,52.4855097],[13.19799403,52.485356],[13.19715585,52.48511301],[13.19677831,52.48457963],[13.19683621,52.48331991],[13.19738865,52.48024757],[13.19426157,52.48167854],[13.19016323,52.48261697],[13.18724697,52.47865293],[13.18829321,52.47408258],[13.18816542,52.47183543],[13.19455772,52.47097467],[13.19522757,52.47124671],[13.19661731,52.47134075],[13.19771891,52.47034542],[13.19761452,52.46973036],[13.19808947,52.46900955],[13.1989718,52.46876561],[13.20063489,52.46904211],[13.20155844,52.46986502],[13.20354658,52.47047066],[13.20509418,52.47052202],[13.20770655,52.47002176],[13.21016843,52.46971323],[13.21146891,52.46943831],[13.21322653,52.46953074],[13.21422742,52.46982002],[13.21653643,52.47012011],[13.22159108,52.46997578],[13.22377037,52.46998412],[13.22677923,52.47035919],[13.22867931,52.47049052],[13.23020449,52.47074727],[13.23146262,52.47075507],[13.2338743,52.47011876],[13.23509682,52.4696591],[13.23833118,52.46916741],[13.24764463,52.46760159],[13.24765938,52.46759715],[13.25976298,52.47706685],[13.26102158,52.47881686],[13.26218451,52.4798647],[13.26341255,52.47944701],[13.26416843,52.48006491],[13.26602168,52.47932648],[13.26605404,52.47896801],[13.26791481,52.47838145],[13.2719701,52.47649839],[13.27371454,52.47681635],[13.27507333,52.4776966],[13.27542124,52.47836624],[13.27761388,52.48008919],[13.28527586,52.47960021],[13.28478708,52.47999601],[13.28539159,52.48043271],[13.28562888,52.48286879],[13.2852313,52.4838382],[13.28420587,52.48528479],[13.28512887,52.49384096],[13.28544393,52.49460483],[13.28694697,52.49425419],[13.28954102,52.49409356],[13.29082439,52.49377369],[13.29088856,52.49404797],[13.28786902,52.49612516],[13.28888059,52.4967005],[13.28837297,52.49665232],[13.28733232,52.49737007],[13.2855587,52.49785204],[13.28423311,52.49789944],[13.28322352,52.49745257],[13.2811425,52.49957544],[13.28101468,52.5002886],[13.28149417,52.50148881],[13.28121484,52.50199305],[13.28006972,52.50248216]]]},"properties":{"esb":"0422","bez":"04","bezname":"Charlottenburg-Wilmersdorf"},"id":"schulen_esb.0422"},
{"type":"Feature","geometry":{"type":"Polygon","coordinates":[[[13.31147303,52.47988053],[13.30722311,52.48301806],[13.30696116,52.48300926],[13.30481112,52.48475493],[13.30107365,52.48754494],[13.30050731,52.48788488],[13.2899925,52.4821992],[13.2908264,52.48190411],[13.29022856,52.47729944],[13.29077764,52.47651107],[13.28955987,52.47081095],[13.28908084,52.4705265],[13.28988033,52.46989072],[13.29017425,52.47032741],[13.29770161,52.46889724],[13.30637165,52.46748767],[13.30747095,52.46787797],[13.30856462,52.4674181],[13.30909517,52.46771339],[13.30935839,52.46794146],[13.30968164,52.47825724],[13.30926635,52.47870007],[13.31147303,52.47988053]]]},"properties":{"esb":"0423","bez":"04","bezname":"Charlottenburg-Wilmersdorf"},"id":"schulen_esb.0423"},
{"type":"Feature","geometry":{"type":"Polygon","coordinates":[[[13.29088856,52.49404797],[13.29082439,52.49377369],[13.28954102,52.49409356],[13.28694697,52.49425419],[13.28544393,52.49460483],[13.28512887,52.49384096],[13.28420587,52.48528479],[13.2852313,52.4838382],[13.28562888,52.48286879],[13.28539159,52.48043271],[13.28478708,52.47999601],[13.28527586,52.47960021],[13.27761388,52.48008919],[13.27542124,52.47836624],[13.27507333,52.4776966],[13.27371454,52.47681635],[13.2719701,52.47649839],[13.26791481,52.47838145],[13.26605404,52.47896801],[13.26602168,52.47932648],[13.26416843,52.48006491],[13.26341255,52.47944701],[13.26218451,52.4798647],[13.26102158,52.47881686],[13.25976298,52.47706685],[13.24765938,52.46759715],[13.25262839,52.46674485],[13.25560801,52.46675065],[13.25909008,52.46649641],[13.26027837,52.46692697],[13.26162217,52.46777138],[13.2623143,52.46717141],[13.26427569,52.4669986],[13.26660985,52.46730499],[13.27833125,52.46863867],[13.27872495,52.46853559],[13.28291361,52.46919128],[13.28908084,52.4705265],[13.28955987,52.47081095],[13.29077764,52.47651107],[13.29022856,52.47729944],[13.2908264,52.48190411],[13.2899925,52.4821992],[13.30050731,52.48788488],[13.29679601,52.49064787],[13.29088856,52.49404797]]]},"properties":{"esb":"0424","bez":"04","bezname":"Charlottenburg-Wilmersdorf"},"id":"schulen_esb.0424"},
{"type":"Feature","geometry":{"type":"Polygon","coordinates":[[[13.32259364,52.4876966],[13.32247696,52.48646962],[13.32624535,52.48649363],[13.32709144,52.4865479],[13.33100939,52.48732072],[13.33716554,52.48825259],[13.33696557,52.48956145],[13.33695887,52.49035765],[13.3375307,52.49071403],[13.33708711,52.4910077],[13.33710079,52.49228744],[13.33744416,52.49448371],[13.33545742,52.49501175],[13.33264931,52.495278],[13.33083535,52.49527617],[13.32874591,52.49507682],[13.32627522,52.49464909],[13.32475796,52.49410962],[13.32502302,52.49367355],[13.32452835,52.48743285],[13.32313274,52.48743827],[13.32259364,52.4876966]]]},"properties":{"esb":"0425","bez":"04","bezname":"Charlottenburg-Wilmersdorf"},"id":"schulen_esb.0425"},
{"type":"Feature","geometry":{"type":"Polygon","coordinates":[[[13.32624535,52.48649363],[13.32247696,52.48646962],[13.31985776,52.48652126],[13.31570958,52.48649605],[13.31563452,52.48419527],[13.31367726,52.4841218],[13.31359579,52.48315642],[13.31551271,52.48309947],[13.31578207,52.48184744],[13.31502313,52.48155607],[13.31553248,52.48092026],[13.31561103,52.47959044],[13.31479803,52.47862492],[13.31745489,52.47796419],[13.32048562,52.47771236],[13.32048289,52.47746881],[13.32852643,52.47743814],[13.32852642,52.47853002],[13.32800141,52.4793357],[13.3280169,52.47987494],[13.32601507,52.47988784],[13.32608794,52.4828033],[13.32821787,52.4828051],[13.32996221,52.48235836],[13.33066976,52.48330553],[13.32866707,52.48385768],[13.32654601,52.4840608],[13.32621546,52.48439786],[13.32652047,52.48521822],[13.32606985,52.48524404],[13.32624535,52.48649363]]]},"properties":{"esb":"0426","bez":"04","bezname":"Charlottenburg-Wilmersdorf"},"id":"schulen_esb.0426"},
{"type":"Feature","geometry":{"type":"Polygon","coordinates":[[[13.24667884,52.52831221],[13.2468964,52.52871371],[13.23866324,52.5326339],[13.23588322,52.53354588],[13.23182065,52.5343277],[13.23030039,52.53458862],[13.22665054,52.53517934],[13.22324632,52.53565126],[13.21790298,52.53623682],[13.21553444,52.53641554],[13.21252115,52.53651108],[13.21070179,52.5364319],[13.20861449,52.53616843],[13.20820627,52.53647613],[13.20916056,52.53763966],[13.20945502,52.5384486],[13.20839984,52.53859405],[13.20397853,52.54010516],[13.20279995,52.54004882],[13.20122866,52.53914632],[13.20068423,52.53859708],[13.20004382,52.53578737],[13.19962046,52.53476496],[13.19961356,52.53471641],[13.19972138,52.53453977],[13.20291875,52.53352858],[13.20089405,52.53183993],[13.20030009,52.53078366],[13.20015616,52.52997435],[13.20045913,52.52912082],[13.20294613,52.52609228],[13.20246002,52.52592698],[13.20325066,52.5250689],[13.20406208,52.52419201],[13.20487585,52.52460381],[13.20607344,52.52293476],[13.20662975,52.52099024],[13.20662779,52.51887928],[13.20611952,52.51888197],[13.2052215,52.51697002],[13.20387029,52.51378484],[13.20443007,52.51378144],[13.20642409,52.51320981],[13.20798221,52.51355233],[13.20862855,52.51405068],[13.21053518,52.51430543],[13.212845,52.51492103],[13.21447041,52.51485391],[13.21397927,52.51523323],[13.21525397,52.51518015],[13.21583528,52.51460703],[13.21550537,52.5136551],[13.2164329,52.51164892],[13.21846846,52.51340205],[13.21945582,52.51399138],[13.21975132,52.51357542],[13.22094405,52.51361906],[13.2200954,52.51459838],[13.21948802,52.51815589],[13.21938418,52.52141856],[13.21987833,52.52262896],[13.22078268,52.52393602],[13.22201447,52.52617251],[13.22360063,52.52592989],[13.22729885,52.52561172],[13.22817775,52.52601819],[13.23127123,52.52576795],[13.23385176,52.52603266],[13.23678593,52.52613313],[13.2399645,52.52608785],[13.24223957,52.52556955],[13.2444774,52.52492257],[13.24750628,52.52428439],[13.24769976,52.52457168],[13.24720674,52.52604479],[13.24712461,52.52719751],[13.24633941,52.52769105],[13.24667884,52.52831221]]]},"properties":{"esb":"0501","bez":"05","bezname":"Spandau"},"id":"schulen_esb.0501"},
{"type":"Feature","geometry":{"type":"Polygon","coordinates":[[[13.20932921,52.56150046],[13.20846549,52.56161244],[13.20851355,52.56198645],[13.204757,52.56220947],[13.19706258,52.56203442],[13.1960947,52.56359367],[13.19243787,52.56698801],[13.18439428,52.56567226],[13.1840766,52.56587956],[13.18247042,52.56574953],[13.17503345,52.5645774],[13.17327112,52.56386612],[13.17245423,52.56271541],[13.17197699,52.56080933],[13.17230155,52.56065151],[13.17185783,52.55878599],[13.17379647,52.55810506],[13.17328482,52.55753245],[13.18647358,52.55316264],[13.18567656,52.55192761],[13.18623044,52.55167805],[13.18972853,52.55067913],[13.19161241,52.55323466],[13.19286109,52.55443895],[13.19331269,52.55529163],[13.19447975,52.55505955],[13.19521238,52.5544736],[13.195837,52.55497732],[13.19825742,52.55518381],[13.19862993,52.55508541],[13.20034223,52.55533512],[13.20687558,52.55546362],[13.20780579,52.55578773],[13.20827551,52.55895266],[13.20961133,52.55958553],[13.21255612,52.56098159],[13.21257285,52.5610841],[13.20932921,52.56150046]]]},"properties":{"esb":"0502","bez":"05","bezname":"Spandau"},"id":"schulen_esb.0502"},
{"type":"Feature","geometry":{"type":"Polygon","coordinates":[[[13.19962046,52.53476496],[13.19846035,52.53494679],[13.19691973,52.53515599],[13.19157687,52.53625889],[13.18802108,52.53739964],[13.18583951,52.53787502],[13.18238066,52.53843722],[13.18250647,52.53911438],[13.18308165,52.53980851],[13.18319355,52.54157479],[13.17692585,52.54363962],[13.16853523,52.54425448],[13.16831889,52.54323096],[13.16566184,52.54345699],[13.16376193,52.54302721],[13.16370465,52.54188748],[13.1633849,52.54145757],[13.16256225,52.54147502],[13.1602155,52.54205172],[13.15944107,52.54183029],[13.15907242,52.54226109],[13.15768213,52.54256923],[13.15753199,52.54227297],[13.16446692,52.54046249],[13.16441404,52.53890221],[13.16235596,52.53797753],[13.1629059,52.53683928],[13.15785293,52.53705213],[13.1574021,52.53676188],[13.16228346,52.5364675],[13.16337363,52.53622913],[13.16674626,52.5360266],[13.16605455,52.53340072],[13.17910334,52.53389563],[13.17946204,52.53340183],[13.18156682,52.53336483],[13.1816329,52.53367961],[13.18311144,52.53319809],[13.18526179,52.5330246],[13.18533123,52.53344723],[13.1866654,52.53339738],[13.18741496,52.53315662],[13.1882662,52.5339506],[13.18838965,52.5347248],[13.18893195,52.53502337],[13.19136229,52.53485799],[13.19483658,52.5344834],[13.19903282,52.53381656],[13.19961356,52.53471641],[13.19962046,52.53476496]]]},"properties":{"esb":"0504","bez":"05","bezname":"Spandau"},"id":"schulen_esb.0504"},
{"type":"Feature","geometry":{"type":"Polygon","coordinates":[[[13.21563035,52.50926018],[13.21497702,52.50950864],[13.2164329,52.51164892],[13.21550537,52.5136551],[13.21583528,52.51460703],[13.21525397,52.51518015],[13.21397927,52.51523323],[13.21447041,52.51485391],[13.212845,52.51492103],[13.21053518,52.51430543],[13.20862855,52.51405068],[13.20798221,52.51355233],[13.20642409,52.51320981],[13.20443007,52.51378144],[13.20387029,52.51378484],[13.2052215,52.51697002],[13.20611952,52.51888197],[13.20662779,52.51887928],[13.20662975,52.52099024],[13.20607344,52.52293476],[13.20487585,52.52460381],[13.20406208,52.52419201],[13.20325066,52.5250689],[13.20304309,52.52397898],[13.20226468,52.52372277],[13.20144566,52.52385822],[13.20124286,52.52426189],[13.20025294,52.52409028],[13.20022097,52.52450085],[13.19871906,52.52425369],[13.19804292,52.52499623],[13.19716849,52.52506944],[13.19526528,52.52502657],[13.19413025,52.52208022],[13.19405536,52.52100514],[13.18985383,52.52098521],[13.18892186,52.52166565],[13.18783121,52.52096874],[13.18723888,52.52023863],[13.18677585,52.51865976],[13.18622179,52.51764311],[13.18468964,52.51544915],[13.1857194,52.51529393],[13.19523199,52.5133879],[13.21459451,52.50946237],[13.21454384,52.50936784],[13.21563035,52.50926018]]]},"properties":{"esb":"0505","bez":"05","bezname":"Spandau"},"id":"schulen_esb.0505"},
{"type":"Feature","geometry":{"type":"Polygon","coordinates":[[[13.17185783,52.55878599],[13.17122868,52.55575061],[13.17092939,52.55517971],[13.16986671,52.55031837],[13.17803796,52.54877518],[13.17782204,52.54826392],[13.17877178,52.54808329],[13.17878416,52.54744619],[13.17801499,52.54697957],[13.17724921,52.54704946],[13.17683317,52.54592815],[13.18042413,52.54563171],[13.18260732,52.54562464],[13.18419076,52.54530436],[13.18465918,52.54753748],[13.18550231,52.55151448],[13.18567656,52.55192761],[13.18647358,52.55316264],[13.17328482,52.55753245],[13.17379647,52.55810506],[13.17185783,52.55878599]]]},"properties":{"esb":"0506","bez":"05","bezname":"Spandau"},"id":"schulen_esb.0506"},
{"type":"Feature","geometry":{"type":"Polygon","coordinates":[[[13.2222856,52.55199094],[13.2156443,52.55194919],[13.21547952,52.55191357],[13.21409691,52.5492119],[13.21346872,52.54860312],[13.21164012,52.54898134],[13.21019264,52.54896278],[13.20196335,52.54854082],[13.20082189,52.54843428],[13.20234654,52.54656426],[13.2029142,52.54655101],[13.2044781,52.54564267],[13.20737371,52.54466084],[13.21018183,52.54387635],[13.21108924,52.54378248],[13.21507852,52.54356277],[13.2170522,52.54403961],[13.21876837,52.54463147],[13.22028008,52.54534211],[13.22115004,52.54595348],[13.22255115,52.54796048],[13.22283866,52.54875857],[13.22138434,52.54852264],[13.22056731,52.54776048],[13.22027865,52.54709179],[13.21845187,52.54649329],[13.21629583,52.54658828],[13.2157477,52.54687844],[13.21634331,52.54892585],[13.21688199,52.54965293],[13.21795312,52.5498786],[13.21775476,52.55012504],[13.21686186,52.54991437],[13.21752139,52.55096448],[13.21892947,52.55142406],[13.21965326,52.55127378],[13.22078405,52.54935364],[13.22283505,52.54882955],[13.2222856,52.55199094]]]},"properties":{"esb":"0507","bez":"05","bezname":"Spandau"},"id":"schulen_esb.0507"},
{"type":"Feature","geometry":{"type":"Polygon","coordinates":[[[13.19961356,52.53471641],[13.19903282,52.53381656],[13.19483658,52.5344834],[13.19136229,52.53485799],[13.18893195,52.53502337],[13.18838965,52.5347248],[13.1882662,52.5339506],[13.18741496,52.53315662],[13.1866654,52.53339738],[13.18533123,52.53344723],[13.18526179,52.5330246],[13.18311144,52.53319809],[13.1816329,52.53367961],[13.18156682,52.53336483],[13.17946204,52.53340183],[13.17908159,52.53241096],[13.18058246,52.53234204],[13.18021377,52.53019016],[13.18135153,52.52988261],[13.18336898,52.52664872],[13.18505143,52.52681857],[13.18686982,52.52724591],[13.18825984,52.52674782],[13.18805646,52.5264559],[13.19132408,52.52561065],[13.1899754,52.52358189],[13.19131232,52.52322376],[13.19257241,52.5242295],[13.19428849,52.52606995],[13.19522179,52.52796144],[13.19565666,52.52779138],[13.19716849,52.52506944],[13.19804292,52.52499623],[13.19871906,52.52425369],[13.20022097,52.52450085],[13.20025294,52.52409028],[13.20124286,52.52426189],[13.20144566,52.52385822],[13.20226468,52.52372277],[13.20304309,52.52397898],[13.20325066,52.5250689],[13.20246002,52.52592698],[13.20294613,52.52609228],[13.20045913,52.52912082],[13.20015616,52.52997435],[13.20030009,52.53078366],[13.20089405,52.53183993],[13.20291875,52.53352858],[13.19972138,52.53453977],[13.19961356,52.53471641]]]},"properties":{"esb":"0508","bez":"05","bezname":"Spandau"},"id":"schulen_esb.0508"},
{"type":"Feature","geometry":{"type":"Polygon","coordinates":[[[13.16605455,52.53340072],[13.16377863,52.53331366],[13.16474313,52.53212221],[13.16657966,52.53124059],[13.16664442,52.53068367],[13.16636521,52.52638249],[13.16644816,52.52619949],[13.16671391,52.52572603],[13.16771178,52.52512511],[13.16705665,52.52493295],[13.16704131,52.52400367],[13.16788864,52.52398899],[13.17331057,52.52284881],[13.17516985,52.52256655],[13.17578655,52.52205128],[13.17559278,52.52155088],[13.1736577,52.5224745],[13.17307051,52.52255313],[13.1722792,52.52142497],[13.17395052,52.52093442],[13.17477214,52.52126557],[13.1753583,52.521142],[13.17472591,52.52002884],[13.17406259,52.51963448],[13.17215638,52.51990756],[13.17208762,52.51900414],[13.17444545,52.51850363],[13.17416202,52.51827339],[13.17677304,52.51749702],[13.1791484,52.51757792],[13.17884859,52.51736291],[13.17912102,52.5166486],[13.18468964,52.51544915],[13.18622179,52.51764311],[13.18677585,52.51865976],[13.18723888,52.52023863],[13.18783121,52.52096874],[13.18892186,52.52166565],[13.19009404,52.52231522],[13.19131232,52.52322376],[13.1899754,52.52358189],[13.19132408,52.52561065],[13.18805646,52.5264559],[13.18825984,52.52674782],[13.18686982,52.52724591],[13.18505143,52.52681857],[13.18336898,52.52664872],[13.18135153,52.52988261],[13.18021377,52.53019016],[13.18058246,52.53234204],[13.17908159,52.53241096],[13.17946204,52.53340183],[13.17910334,52.53389563],[13.16605455,52.53340072]]]},"properties":{"esb":"0510","bez":"05","bezname":"Spandau"},"id":"schulen_esb.0510"},
{"type":"Feature","geometry":{"type":"Polygon","coordinates":[[[13.28117545,52.53048577],[13.28141437,52.53158732],[13.28203787,52.53325973],[13.28209216,52.5338539],[13.28217905,52.53404916],[13.27977259,52.534602],[13.27627167,52.53563772],[13.2760265,52.53644398],[13.27522809,52.53768895],[13.27359554,52.53855309],[13.27230342,52.53886555],[13.27346459,52.54201521],[13.27336577,52.54294053],[13.27065785,52.547884],[13.26996613,52.54865386],[13.27033202,52.54934512],[13.26276546,52.54946319],[13.26261525,52.54891006],[13.26102118,52.54861218],[13.25478968,52.5481084],[13.2479213,52.54762651],[13.24809342,52.54681108],[13.24862829,52.54683885],[13.25518748,52.54324703],[13.25487089,52.54198792],[13.25066317,52.54159449],[13.2504343,52.54026286],[13.24956843,52.54034368],[13.24940558,52.53956852],[13.24886574,52.53961532],[13.2485046,52.53807747],[13.2478825,52.53792271],[13.24539335,52.53807737],[13.24342224,52.53645522],[13.24282909,52.53687297],[13.24171326,52.53689271],[13.24030005,52.53620513],[13.23814319,52.53562203],[13.23182065,52.5343277],[13.23588322,52.53354588],[13.23866324,52.5326339],[13.2468964,52.52871371],[13.24667884,52.52831221],[13.24856488,52.52745914],[13.24980204,52.52717911],[13.25121001,52.52708293],[13.25571137,52.52708814],[13.25978793,52.52732372],[13.26092657,52.52754292],[13.26456856,52.52866936],[13.26579772,52.5288178],[13.26990038,52.52894976],[13.27332458,52.52879738],[13.27501368,52.52892462],[13.27736014,52.52996054],[13.27878558,52.53026758],[13.28083689,52.53006511],[13.28117545,52.53048577]]]},"properties":{"esb":"0511","bez":"05","bezname":"Spandau"},"id":"schulen_esb.0511"},
{"type":"Feature","geometry":{"type":"Polygon","coordinates":[[[13.21454384,52.50936784],[13.21459451,52.50946237],[13.19523199,52.5133879],[13.1857194,52.51529393],[13.18468964,52.51544915],[13.17912102,52.5166486],[13.17653609,52.5150257],[13.17322272,52.51249409],[13.16994203,52.50954734],[13.16882008,52.50922667],[13.16797264,52.50885493],[13.16617056,52.50751971],[13.1611907,52.50420033],[13.1585805,52.50258951],[13.15247074,52.49818418],[13.15381169,52.49754431],[13.15325557,52.49681416],[13.1546989,52.49637149],[13.15453317,52.49617223],[13.15623496,52.49565328],[13.15694032,52.49675246],[13.16751168,52.49344193],[13.16957494,52.49495609],[13.16927565,52.49783336],[13.16931677,52.4992633],[13.16762726,52.50100915],[13.16967957,52.50091375],[13.17664516,52.50045788],[13.17810165,52.50030165],[13.18208626,52.50017111],[13.18544568,52.4999743],[13.19169772,52.49867462],[13.19520366,52.4997389],[13.19907805,52.49987878],[13.20512797,52.50134645],[13.20972537,52.50290844],[13.20934403,52.50430003],[13.20875967,52.50504475],[13.21049187,52.50719776],[13.21100958,52.50852151],[13.21185901,52.50934587],[13.21408241,52.50909843],[13.21454384,52.50936784]]]},"properties":{"esb":"0512","bez":"05","bezname":"Spandau"},"id":"schulen_esb.0512"},
{"type":"Feature","geometry":{"type":"Polygon","coordinates":[[[13.23182065,52.5343277],[13.23814319,52.53562203],[13.24030005,52.53620513],[13.24171326,52.53689271],[13.24282909,52.53687297],[13.24342224,52.53645522],[13.24539335,52.53807737],[13.2478825,52.53792271],[13.2485046,52.53807747],[13.24886574,52.53961532],[13.24940558,52.53956852],[13.24956843,52.54034368],[13.2504343,52.54026286],[13.25066317,52.54159449],[13.25487089,52.54198792],[13.25518748,52.54324703],[13.24862829,52.54683885],[13.24809342,52.54681108],[13.2479213,52.54762651],[13.25478968,52.5481084],[13.26102118,52.54861218],[13.26261525,52.54891006],[13.26276546,52.54946319],[13.2583714,52.54957451],[13.25694349,52.5496788],[13.25424188,52.55012775],[13.25298604,52.5504518],[13.25059024,52.55133298],[13.24111381,52.55602312],[13.23894502,52.55701623],[13.23864389,52.55738909],[13.23854739,52.55495791],[13.23827605,52.55396221],[13.23672646,52.54997608],[13.23649006,52.54903801],[13.23673752,52.54822913],[13.23564924,52.54793708],[13.23506185,52.54735101],[13.23354019,52.54689484],[13.23338366,52.54709023],[13.23084263,52.54639518],[13.23196597,52.54474361],[13.23237371,52.54250462],[13.23181569,52.53947968],[13.23180434,52.53860975],[13.23237479,52.53827286],[13.23192929,52.53733138],[13.23104305,52.53754949],[13.23002226,52.53487167],[13.23030039,52.53458862],[13.23182065,52.5343277]]]},"properties":{"esb":"0513","bez":"05","bezname":"Spandau"},"id":"schulen_esb.0513"},
{"type":"Feature","geometry":{"type":"Polygon","coordinates":[[[13.14267125,52.51976368],[13.14287273,52.52180717],[13.14340676,52.52416025],[13.14328859,52.52418763],[13.14409189,52.52778915],[13.14468158,52.52856979],[13.14442737,52.52877365],[13.14507331,52.52966776],[13.14235954,52.53095974],[13.14100987,52.53134603],[13.14160285,52.53249695],[13.14206596,52.53487131],[13.14220306,52.53754539],[13.14283456,52.53962568],[13.14380994,52.5458349],[13.13561996,52.54793733],[13.12778794,52.54999397],[13.12564252,52.5454988],[13.12496031,52.54379205],[13.12560144,52.54353955],[13.12430272,52.53954669],[13.12310096,52.53663081],[13.12170336,52.53487067],[13.121194,52.53328326],[13.12034702,52.53222461],[13.11950084,52.530332],[13.11919353,52.52912378],[13.11891323,52.52634121],[13.11850288,52.523213],[13.11836133,52.52118051],[13.11738065,52.51705861],[13.11926692,52.51700201],[13.12277589,52.51739265],[13.12699473,52.51754623],[13.13008334,52.51799149],[13.13260759,52.51819077],[13.13583552,52.51870207],[13.13742794,52.51884346],[13.14145753,52.51961043],[13.14267125,52.51976368]]]},"properties":{"esb":"0514","bez":"05","bezname":"Spandau"},"id":"schulen_esb.0514"},
{"type":"Feature","geometry":{"type":"Polygon","coordinates":[[[13.19846035,52.53494679],[13.1990951,52.53605174],[13.19864815,52.53624424],[13.19716568,52.53819345],[13.19586614,52.53965983],[13.19435595,52.54170506],[13.19256026,52.54458587],[13.19135229,52.54436126],[13.19157356,52.54404665],[13.19036774,52.54345808],[13.18955091,52.54407424],[13.18818609,52.54420939],[13.18828475,52.54466267],[13.18603507,52.54483765],[13.18593988,52.5446288],[13.18407381,52.54476742],[13.18338126,52.54152337],[13.18319355,52.54157479],[13.18308165,52.53980851],[13.18250647,52.53911438],[13.18238066,52.53843722],[13.18583951,52.53787502],[13.18802108,52.53739964],[13.19157687,52.53625889],[13.19691973,52.53515599],[13.19846035,52.53494679]]]},"properties":{"esb":"0515","bez":"05","bezname":"Spandau"},"id":"schulen_esb.0515"},
{"type":"Feature","geometry":{"type":"Polygon","coordinates":[[[13.16566184,52.54345699],[13.16470435,52.54353863],[13.15986695,52.54475711],[13.15932454,52.54447549],[13.15924558,52.54497034],[13.15979696,52.54482423],[13.15983483,52.54542199],[13.15931902,52.54541097],[13.15668345,52.5460925],[13.15310981,52.54599289],[13.15179719,52.54605503],[13.15166497,52.54573997],[13.14765908,52.54635199],[13.14664164,52.54637932],[13.14529208,52.54712063],[13.14420294,52.54871132],[13.14344742,52.55038783],[13.14359813,52.55143179],[13.1442172,52.55211549],[13.14320772,52.55207723],[13.14136356,52.5524597],[13.13777529,52.55257165],[13.13632307,52.55270404],[13.13444346,52.55334866],[13.1324796,52.55492482],[13.13049462,52.55600839],[13.12990582,52.5548781],[13.12778794,52.54999397],[13.13561996,52.54793733],[13.14380994,52.5458349],[13.14283456,52.53962568],[13.14220306,52.53754539],[13.15676204,52.53666408],[13.1574021,52.53676188],[13.15785293,52.53705213],[13.1629059,52.53683928],[13.16235596,52.53797753],[13.16441404,52.53890221],[13.16446692,52.54046249],[13.15753199,52.54227297],[13.15768213,52.54256923],[13.15907242,52.54226109],[13.15944107,52.54183029],[13.1602155,52.54205172],[13.16256225,52.54147502],[13.1633849,52.54145757],[13.16370465,52.54188748],[13.16376193,52.54302721],[13.16566184,52.54345699]]]},"properties":{"esb":"0516","bez":"05","bezname":"Spandau"},"id":"schulen_esb.0516"},
{"type":"Feature","geometry":{"type":"Polygon","coordinates":[[[13.16664442,52.53068367],[13.16449392,52.53059442],[13.16379186,52.53107515],[13.16360484,52.53274323],[13.15911199,52.5325728],[13.15721618,52.53208451],[13.1570034,52.5317242],[13.15568403,52.53176929],[13.15504476,52.53297993],[13.15450999,52.53296432],[13.15455646,52.53234173],[13.15386375,52.53234975],[13.15387123,52.53137923],[13.14978696,52.5313251],[13.14978952,52.53163245],[13.14837505,52.53161327],[13.14850397,52.53276857],[13.14797661,52.53274846],[13.14789362,52.53224937],[13.14648054,52.53210076],[13.14602659,52.53183741],[13.14427156,52.53196596],[13.14460363,52.53124749],[13.14556143,52.53057739],[13.14507331,52.52966776],[13.14442737,52.52877365],[13.14468158,52.52856979],[13.14409189,52.52778915],[13.14328859,52.52418763],[13.14340676,52.52416025],[13.15295136,52.52209956],[13.15419413,52.52188975],[13.15436382,52.52255184],[13.15537387,52.52316337],[13.15607689,52.52424366],[13.15683005,52.5240813],[13.15712476,52.52366279],[13.15751242,52.52433922],[13.15849584,52.52441411],[13.1607166,52.52410026],[13.16024609,52.52526037],[13.16156417,52.52545877],[13.16170669,52.52591495],[13.16241,52.5255897],[13.16375719,52.52624471],[13.16392529,52.52581221],[13.1646093,52.52592003],[13.16470723,52.52641647],[13.16541403,52.5260382],[13.16644816,52.52619949],[13.16636521,52.52638249],[13.16664442,52.53068367]]]},"properties":{"esb":"0517","bez":"05","bezname":"Spandau"},"id":"schulen_esb.0517"},
{"type":"Feature","geometry":{"type":"Polygon","coordinates":[[[13.16853523,52.54425448],[13.16962021,52.54921207],[13.1675153,52.54961102],[13.16790801,52.55068823],[13.15353566,52.55340942],[13.15380941,52.55400273],[13.15241731,52.55484999],[13.14963003,52.55531868],[13.14985577,52.55652828],[13.14868103,52.55676259],[13.14856987,52.55749364],[13.15011856,52.56017159],[13.15102429,52.56027589],[13.1475863,52.56075],[13.14657356,52.56112692],[13.14579626,52.56060345],[13.14626433,52.55933195],[13.14685163,52.5586172],[13.14692632,52.55704216],[13.14728302,52.55583581],[13.14722355,52.55493421],[13.14584775,52.55292822],[13.1452374,52.55252135],[13.14458106,52.55254564],[13.1442172,52.55211549],[13.14359813,52.55143179],[13.14344742,52.55038783],[13.14420294,52.54871132],[13.14529208,52.54712063],[13.14664164,52.54637932],[13.14765908,52.54635199],[13.15166497,52.54573997],[13.15179719,52.54605503],[13.15310981,52.54599289],[13.15668345,52.5460925],[13.15931902,52.54541097],[13.15983483,52.54542199],[13.15979696,52.54482423],[13.15924558,52.54497034],[13.15932454,52.54447549],[13.15986695,52.54475711],[13.16470435,52.54353863],[13.16566184,52.54345699],[13.16831889,52.54323096],[13.16853523,52.54425448]]]},"properties":{"esb":"0518","bez":"05","bezname":"Spandau"},"id":"schulen_esb.0518"},
{"type":"Feature","geometry":{"type":"Polygon","coordinates":[[[13.12311619,52.43961413],[13.12411146,52.44067521],[13.12687675,52.44114435],[13.1280406,52.44096144],[13.12947936,52.4413081],[13.13080174,52.44141251],[13.13171703,52.44109911],[13.13326779,52.44208694],[13.13608525,52.44237725],[13.14851615,52.44337267],[13.1545115,52.44659604],[13.15795305,52.44937765],[13.16185806,52.45218973],[13.17084493,52.45611148],[13.17740801,52.45591462],[13.1812131,52.45962256],[13.18530002,52.46257744],[13.1866288,52.46654464],[13.17921927,52.4673526],[13.17891235,52.4675815],[13.17738391,52.46739597],[13.17600803,52.46768999],[13.16925811,52.47041131],[13.16669169,52.46829218],[13.16394554,52.46944704],[13.162457,52.46826395],[13.15684532,52.47110676],[13.15210554,52.473685],[13.15199762,52.47386699],[13.15424777,52.47524827],[13.15367997,52.47549583],[13.15359441,52.47661344],[13.15422387,52.47693139],[13.15403776,52.47850601],[13.15189224,52.47819187],[13.14946639,52.47848766],[13.1433899,52.47774406],[13.1431185,52.47820037],[13.14121019,52.47773873],[13.1476015,52.47103374],[13.14843555,52.47052307],[13.14531387,52.46921452],[13.14442788,52.46922529],[13.14106611,52.46715448],[13.14164059,52.46683152],[13.13633998,52.46342257],[13.13487684,52.46400602],[13.13462721,52.46303711],[13.13591865,52.46227771],[13.13510894,52.46139634],[13.13445981,52.46115909],[13.13524549,52.46062854],[13.1323709,52.45784596],[13.13084298,52.45870768],[13.13043037,52.45837524],[13.12820196,52.45964109],[13.12843033,52.45987211],[13.12525831,52.46078344],[13.12360211,52.4613902],[13.12385299,52.4617112],[13.12255388,52.46209389],[13.11970004,52.46179412],[13.11583551,52.46199947],[13.11133493,52.46186132],[13.11049898,52.45999472],[13.11240119,52.4589929],[13.11266937,52.45769188],[13.11202786,52.45441612],[13.11107304,52.45278716],[13.10990337,52.45154907],[13.10929631,52.45063157],[13.11536272,52.44564783],[13.11662424,52.44517249],[13.11901286,52.44400819],[13.11901458,52.44296304],[13.11992824,52.44151919],[13.12311619,52.43961413]]]},"properties":{"esb":"0519","bez":"05","bezname":"Spandau"},"id":"schulen_esb.0519"},
{"type":"Feature","geometry":{"type":"Polygon","coordinates":[[[13.20932921,52.56150046],[13.20993744,52.56344999],[13.21016809,52.5647871],[13.21069964,52.56503071],[13.21159718,52.564935],[13.21178572,52.56558359],[13.21310054,52.56565379],[13.21361508,52.56676812],[13.21658717,52.56625184],[13.21694777,52.56632858],[13.22114556,52.56610579],[13.22379186,52.56588207],[13.22595867,52.56551559],[13.22594916,52.56526483],[13.22741841,52.56392092],[13.22789856,52.56382368],[13.22856956,52.56512449],[13.22868206,52.56605587],[13.22823014,52.56677777],[13.22707783,52.56780644],[13.22675721,52.56932857],[13.22533143,52.5712208],[13.22510444,52.57314225],[13.22394277,52.57419961],[13.22205973,52.57493727],[13.22026018,52.57605083],[13.21887222,52.5771523],[13.21796983,52.5785367],[13.21801805,52.57969703],[13.2183191,52.58095618],[13.21721101,52.58239828],[13.21543453,52.58352352],[13.21517175,52.5843287],[13.2153596,52.58475082],[13.21643209,52.5857107],[13.21739238,52.58747538],[13.21123989,52.5882268],[13.20734019,52.58837391],[13.20671092,52.58659505],[13.20537613,52.58685092],[13.20034245,52.588765],[13.19847651,52.5890054],[13.19662711,52.58951452],[13.19375406,52.58982847],[13.19085852,52.59047207],[13.18911253,52.59139753],[13.18670755,52.59210664],[13.1856229,52.59255194],[13.18447098,52.5933753],[13.18342007,52.59368949],[13.18121345,52.5940254],[13.17833743,52.59487905],[13.17472839,52.59510617],[13.17366651,52.59532857],[13.17196686,52.59628631],[13.17007267,52.59678496],[13.16789797,52.59700751],[13.16452908,52.59879352],[13.15705745,52.59762285],[13.15388431,52.59571228],[13.15223349,52.5941573],[13.14909258,52.59176775],[13.14333871,52.58965504],[13.14171621,52.58933029],[13.13933924,52.58905094],[13.13789856,52.58870172],[13.13547446,52.58736348],[13.13266126,52.58691953],[13.13107501,52.58692908],[13.12895793,52.58729944],[13.1284295,52.58601663],[13.12934522,52.58593331],[13.12796066,52.58312638],[13.12954058,52.58327232],[13.13025584,52.58303717],[13.13107542,52.58166117],[13.13167881,52.58022135],[13.1326064,52.57959617],[13.13659857,52.58024001],[13.13751295,52.58053047],[13.13915503,52.58038716],[13.14004445,52.5808015],[13.14203011,52.58134165],[13.14383779,52.5815692],[13.14462643,52.58203162],[13.14961187,52.58335665],[13.14988264,52.58287696],[13.15123684,52.58221021],[13.15130632,52.58165243],[13.1519288,52.58056845],[13.15315751,52.57894321],[13.15359391,52.57746038],[13.15344639,52.57677592],[13.15368916,52.57477828],[13.15345861,52.57454461],[13.1535433,52.57325448],[13.15277282,52.57248215],[13.15286051,52.57160002],[13.15238607,52.57046042],[13.15126289,52.56998502],[13.15118194,52.56915165],[13.15027719,52.56771376],[13.1508484,52.56767292],[13.15455025,52.5665716],[13.15565066,52.56641423],[13.15635059,52.56895122],[13.16312832,52.56678702],[13.1644295,52.56759011],[13.16749794,52.56666565],[13.16945895,52.56713515],[13.17102,52.56664062],[13.17079588,52.56450275],[13.17091583,52.5643127],[13.17327112,52.56386612],[13.17503345,52.5645774],[13.18247042,52.56574953],[13.1840766,52.56587956],[13.18439428,52.56567226],[13.19243787,52.56698801],[13.1960947,52.56359367],[13.19706258,52.56203442],[13.204757,52.56220947],[13.20851355,52.56198645],[13.20846549,52.56161244],[13.20932921,52.56150046]]]},"properties":{"esb":"0520","bez":"05","bezname":"Spandau"},"id":"schulen_esb.0520"},
{"type":"Feature","geometry":{"type":"Polygon","coordinates":[[[13.19716849,52.52506944],[13.19565666,52.52779138],[13.19522179,52.52796144],[13.19428849,52.52606995],[13.19257241,52.5242295],[13.19131232,52.52322376],[13.19009404,52.52231522],[13.18892186,52.52166565],[13.18985383,52.52098521],[13.19405536,52.52100514],[13.19413025,52.52208022],[13.19526528,52.52502657],[13.19716849,52.52506944]]]},"properties":{"esb":"0521","bez":"05","bezname":"Spandau"},"id":"schulen_esb.0521"},
{"type":"Feature","geometry":{"type":"Polygon","coordinates":[[[13.16644816,52.52619949],[13.16541403,52.5260382],[13.16470723,52.52641647],[13.1646093,52.52592003],[13.16392529,52.52581221],[13.16375719,52.52624471],[13.16241,52.5255897],[13.16170669,52.52591495],[13.16156417,52.52545877],[13.16024609,52.52526037],[13.1607166,52.52410026],[13.15849584,52.52441411],[13.15751242,52.52433922],[13.15712476,52.52366279],[13.15683005,52.5240813],[13.15607689,52.52424366],[13.15537387,52.52316337],[13.15436382,52.52255184],[13.15419413,52.52188975],[13.16255648,52.52008148],[13.16274909,52.52137631],[13.163885,52.52151466],[13.16544028,52.52142277],[13.17101417,52.52023657],[13.17215638,52.51990756],[13.17406259,52.51963448],[13.17472591,52.52002884],[13.1753583,52.521142],[13.17477214,52.52126557],[13.17395052,52.52093442],[13.1722792,52.52142497],[13.17307051,52.52255313],[13.1736577,52.5224745],[13.17559278,52.52155088],[13.17578655,52.52205128],[13.17516985,52.52256655],[13.17331057,52.52284881],[13.16788864,52.52398899],[13.16704131,52.52400367],[13.16705665,52.52493295],[13.16771178,52.52512511],[13.16671391,52.52572603],[13.16644816,52.52619949]]]},"properties":{"esb":"0522","bez":"05","bezname":"Spandau"},"id":"schulen_esb.0522"},
{"type":"Feature","geometry":{"type":"Polygon","coordinates":[[[13.1574021,52.53676188],[13.15676204,52.53666408],[13.14220306,52.53754539],[13.14206596,52.53487131],[13.14160285,52.53249695],[13.14100987,52.53134603],[13.14235954,52.53095974],[13.14507331,52.52966776],[13.14556143,52.53057739],[13.14460363,52.53124749],[13.14427156,52.53196596],[13.14602659,52.53183741],[13.14648054,52.53210076],[13.14789362,52.53224937],[13.14797661,52.53274846],[13.14850397,52.53276857],[13.14837505,52.53161327],[13.14978952,52.53163245],[13.14978696,52.5313251],[13.15387123,52.53137923],[13.15386375,52.53234975],[13.15455646,52.53234173],[13.15450999,52.53296432],[13.15504476,52.53297993],[13.15568403,52.53176929],[13.1570034,52.5317242],[13.15721618,52.53208451],[13.15911199,52.5325728],[13.16360484,52.53274323],[13.16379186,52.53107515],[13.16449392,52.53059442],[13.16664442,52.53068367],[13.16657966,52.53124059],[13.16474313,52.53212221],[13.16377863,52.53331366],[13.16605455,52.53340072],[13.16674626,52.5360266],[13.16337363,52.53622913],[13.16228346,52.5364675],[13.1574021,52.53676188]]]},"properties":{"esb":"0523","bez":"05","bezname":"Spandau"},"id":"schulen_esb.0523"},
{"type":"Feature","geometry":{"type":"Polygon","coordinates":[[[13.19169772,52.49867462],[13.18544568,52.4999743],[13.18208626,52.50017111],[13.17810165,52.50030165],[13.17664516,52.50045788],[13.16967957,52.50091375],[13.16762726,52.50100915],[13.16931677,52.4992633],[13.16927565,52.49783336],[13.16957494,52.49495609],[13.16751168,52.49344193],[13.15694032,52.49675246],[13.15623496,52.49565328],[13.15453317,52.49617223],[13.1546989,52.49637149],[13.15325557,52.49681416],[13.15381169,52.49754431],[13.15247074,52.49818418],[13.14958719,52.49631414],[13.14620004,52.49365835],[13.13555107,52.48540529],[13.14004258,52.48325266],[13.14065012,52.4828876],[13.14069392,52.48198462],[13.14008748,52.47891317],[13.14121019,52.47773873],[13.1431185,52.47820037],[13.1433899,52.47774406],[13.14946639,52.47848766],[13.15189224,52.47819187],[13.15403776,52.47850601],[13.15422387,52.47693139],[13.15359441,52.47661344],[13.15367997,52.47549583],[13.15424777,52.47524827],[13.15199762,52.47386699],[13.15210554,52.473685],[13.15684532,52.47110676],[13.162457,52.46826395],[13.16394554,52.46944704],[13.16669169,52.46829218],[13.16925811,52.47041131],[13.17600803,52.46768999],[13.17738391,52.46739597],[13.17891235,52.4675815],[13.17921927,52.4673526],[13.1866288,52.46654464],[13.18816542,52.47183543],[13.18829321,52.47408258],[13.18724697,52.47865293],[13.19016323,52.48261697],[13.18980769,52.48433301],[13.18714492,52.48712699],[13.18659338,52.48929073],[13.18754594,52.49120843],[13.18953114,52.49293224],[13.18944901,52.49498],[13.18983588,52.49754443],[13.19169772,52.49867462]]]},"properties":{"esb":"0524","bez":"05","bezname":"Spandau"},"id":"schulen_esb.0524"},
{"type":"Feature","geometry":{"type":"Polygon","coordinates":[[[13.17327112,52.56386612],[13.17091583,52.5643127],[13.17079588,52.56450275],[13.17102,52.56664062],[13.16945895,52.56713515],[13.16749794,52.56666565],[13.1644295,52.56759011],[13.16312832,52.56678702],[13.15635059,52.56895122],[13.15565066,52.56641423],[13.15455025,52.5665716],[13.1508484,52.56767292],[13.15027719,52.56771376],[13.14986277,52.56676131],[13.14813229,52.56518528],[13.14751106,52.56440633],[13.14738031,52.56246739],[13.14713775,52.56145093],[13.14657356,52.56112692],[13.1475863,52.56075],[13.15102429,52.56027589],[13.15011856,52.56017159],[13.14856987,52.55749364],[13.14868103,52.55676259],[13.14985577,52.55652828],[13.14963003,52.55531868],[13.15241731,52.55484999],[13.15380941,52.55400273],[13.15353566,52.55340942],[13.16790801,52.55068823],[13.16986671,52.55031837],[13.17092939,52.55517971],[13.17122868,52.55575061],[13.17185783,52.55878599],[13.17230155,52.56065151],[13.17197699,52.56080933],[13.17245423,52.56271541],[13.17327112,52.56386612]]]},"properties":{"esb":"0525","bez":"05","bezname":"Spandau"},"id":"schulen_esb.0525"},
{"type":"Feature","geometry":{"type":"Polygon","coordinates":[[[13.17215638,52.51990756],[13.17101417,52.52023657],[13.16544028,52.52142277],[13.163885,52.52151466],[13.16274909,52.52137631],[13.16255648,52.52008148],[13.15419413,52.52188975],[13.15295136,52.52209956],[13.14340676,52.52416025],[13.14287273,52.52180717],[13.14267125,52.51976368],[13.14434964,52.5191909],[13.14562808,52.51746527],[13.14749753,52.51719337],[13.15182125,52.51554917],[13.15437835,52.51432914],[13.15737654,52.5131728],[13.15858396,52.51293764],[13.16026205,52.51234845],[13.16338337,52.51108012],[13.16882008,52.50922667],[13.16994203,52.50954734],[13.17322272,52.51249409],[13.17653609,52.5150257],[13.17912102,52.5166486],[13.17884859,52.51736291],[13.1791484,52.51757792],[13.17677304,52.51749702],[13.17416202,52.51827339],[13.17444545,52.51850363],[13.17208762,52.51900414],[13.17215638,52.51990756]]]},"properties":{"esb":"0526","bez":"05","bezname":"Spandau"},"id":"schulen_esb.0526"},
{"type":"Feature","geometry":{"type":"Polygon","coordinates":[[[13.20861449,52.53616843],[13.20821814,52.53646808],[13.20917241,52.53763342],[13.20944605,52.53830658],[13.20950731,52.53884059],[13.20860311,52.54124401],[13.20853905,52.54224578],[13.20923485,52.54301389],[13.21030381,52.54329175],[13.21108924,52.54378248],[13.21018183,52.54387635],[13.20737371,52.54466084],[13.2044781,52.54564267],[13.2029142,52.54655101],[13.20234654,52.54656426],[13.2008009,52.54588202],[13.19788559,52.54704693],[13.19628887,52.54616675],[13.19408556,52.54566984],[13.19163,52.54623868],[13.18465918,52.54753748],[13.18419076,52.54530436],[13.18407381,52.54476742],[13.18593988,52.5446288],[13.18603507,52.54483765],[13.18828475,52.54466267],[13.18818609,52.54420939],[13.18955091,52.54407424],[13.19036774,52.54345808],[13.19157356,52.54404665],[13.19135229,52.54436126],[13.19256026,52.54458587],[13.19435595,52.54170506],[13.19586614,52.53965983],[13.19716568,52.53819345],[13.19864815,52.53624424],[13.1990951,52.53605174],[13.19846035,52.53494679],[13.19962046,52.53476496],[13.20004382,52.53578737],[13.20068423,52.53859708],[13.20122866,52.53914632],[13.20279995,52.54004882],[13.20397853,52.54010516],[13.20839984,52.53859405],[13.20945502,52.5384486],[13.20916056,52.53763966],[13.20820627,52.53647613],[13.20861449,52.53616843]]]},"properties":{"esb":"0527","bez":"05","bezname":"Spandau"},"id":"schulen_esb.0527"},
{"type":"Feature","geometry":{"type":"Polygon","coordinates":[[[13.23030039,52.53458862],[13.23002226,52.53487167],[13.23104305,52.53754949],[13.23192929,52.53733138],[13.23237479,52.53827286],[13.23180434,52.53860975],[13.23181569,52.53947968],[13.23237371,52.54250462],[13.23196597,52.54474361],[13.23084263,52.54639518],[13.23338366,52.54709023],[13.23354019,52.54689484],[13.23506185,52.54735101],[13.23564924,52.54793708],[13.23673752,52.54822913],[13.23649006,52.54903801],[13.23672646,52.54997608],[13.23827605,52.55396221],[13.23854739,52.55495791],[13.23864389,52.55738909],[13.23813439,52.55747998],[13.2331534,52.55997616],[13.2309103,52.56148291],[13.23072675,52.56139693],[13.22945785,52.56229492],[13.22804277,52.56337035],[13.22832672,52.56262992],[13.22782329,52.56188054],[13.22610989,52.56105788],[13.22437546,52.55964111],[13.22280759,52.55695869],[13.22221928,52.5556761],[13.22194729,52.55398929],[13.2222856,52.55199094],[13.22283505,52.54882955],[13.22078405,52.54935364],[13.21965326,52.55127378],[13.21892947,52.55142406],[13.21752139,52.55096448],[13.21686186,52.54991437],[13.21775476,52.55012504],[13.21795312,52.5498786],[13.21688199,52.54965293],[13.21634331,52.54892585],[13.2157477,52.54687844],[13.21629583,52.54658828],[13.21845187,52.54649329],[13.22027865,52.54709179],[13.22056731,52.54776048],[13.22138434,52.54852264],[13.22283866,52.54875857],[13.22255115,52.54796048],[13.22115004,52.54595348],[13.22028008,52.54534211],[13.21876837,52.54463147],[13.2170522,52.54403961],[13.21507852,52.54356277],[13.21108924,52.54378248],[13.21030381,52.54329175],[13.20923485,52.54301389],[13.20853905,52.54224578],[13.20860311,52.54124401],[13.20950731,52.53884059],[13.20944605,52.53830658],[13.20917241,52.53763342],[13.20821814,52.53646808],[13.20861449,52.53616843],[13.21070179,52.5364319],[13.21252115,52.53651108],[13.21553444,52.53641554],[13.21790298,52.53623682],[13.22324632,52.53565126],[13.22665054,52.53517934],[13.23030039,52.53458862]]]},"properties":{"esb":"0528","bez":"05","bezname":"Spandau"},"id":"schulen_esb.0528"},
{"type":"Feature","geometry":{"type":"Polygon","coordinates":[[[13.14121019,52.47773873],[13.14008748,52.47891317],[13.14069392,52.48198462],[13.14065012,52.4828876],[13.14004258,52.48325266],[13.13555107,52.48540529],[13.12833029,52.47981951],[13.12627254,52.47865424],[13.11835107,52.47736951],[13.11768933,52.47731904],[13.11751267,52.47438861],[13.11723115,52.47327754],[13.11620182,52.47167706],[13.1137837,52.46979736],[13.11394898,52.46861632],[13.11185102,52.46744343],[13.11055348,52.46565481],[13.11142352,52.46372645],[13.11133493,52.46186132],[13.11583551,52.46199947],[13.11970004,52.46179412],[13.12255388,52.46209389],[13.12385299,52.4617112],[13.12360211,52.4613902],[13.12525831,52.46078344],[13.12843033,52.45987211],[13.12820196,52.45964109],[13.13043037,52.45837524],[13.13084298,52.45870768],[13.1323709,52.45784596],[13.13524549,52.46062854],[13.13445981,52.46115909],[13.13510894,52.46139634],[13.13591865,52.46227771],[13.13462721,52.46303711],[13.13487684,52.46400602],[13.13633998,52.46342257],[13.14164059,52.46683152],[13.14106611,52.46715448],[13.14442788,52.46922529],[13.14531387,52.46921452],[13.14843555,52.47052307],[13.1476015,52.47103374],[13.14121019,52.47773873]]]},"properties":{"esb":"0529","bez":"05","bezname":"Spandau"},"id":"schulen_esb.0529"},
{"type":"Feature","geometry":{"type":"Polygon","coordinates":[[[13.18567656,52.55192761],[13.18550231,52.55151448],[13.18465918,52.54753748],[13.19163,52.54623868],[13.19408556,52.54566984],[13.19628887,52.54616675],[13.19788559,52.54704693],[13.2008009,52.54588202],[13.20234654,52.54656426],[13.20082189,52.54843428],[13.19996016,52.55140572],[13.19884239,52.55416146],[13.19862993,52.55508541],[13.19825742,52.55518381],[13.195837,52.55497732],[13.19521238,52.5544736],[13.19447975,52.55505955],[13.19331269,52.55529163],[13.19286109,52.55443895],[13.19161241,52.55323466],[13.18972853,52.55067913],[13.18623044,52.55167805],[13.18567656,52.55192761]]]},"properties":{"esb":"0530","bez":"05","bezname":"Spandau"},"id":"schulen_esb.0530"},
{"type":"Feature","geometry":{"type":"Polygon","coordinates":[[[13.20961133,52.55958553],[13.21423974,52.55897718],[13.21487506,52.55821104],[13.21453656,52.55719978],[13.21593181,52.55668251],[13.21584059,52.5558725],[13.21630307,52.55450366],[13.21563074,52.55261235],[13.2156443,52.55194919],[13.2222856,52.55199094],[13.22194729,52.55398929],[13.22221928,52.5556761],[13.22280759,52.55695869],[13.22437546,52.55964111],[13.22610989,52.56105788],[13.22782329,52.56188054],[13.22832672,52.56262992],[13.22804277,52.56337035],[13.22789856,52.56382368],[13.22741841,52.56392092],[13.22594916,52.56526483],[13.22595867,52.56551559],[13.22379186,52.56588207],[13.22114556,52.56610579],[13.21694777,52.56632858],[13.21658717,52.56625184],[13.21361508,52.56676812],[13.21310054,52.56565379],[13.21178572,52.56558359],[13.21159718,52.564935],[13.21069964,52.56503071],[13.21016809,52.5647871],[13.20993744,52.56344999],[13.20932921,52.56150046],[13.21257285,52.5610841],[13.21255612,52.56098159],[13.20961133,52.55958553]]]},"properties":{"esb":"0531","bez":"05","bezname":"Spandau"},"id":"schulen_esb.0531"},
{"type":"Feature","geometry":{"type":"Polygon","coordinates":[[[13.19862993,52.55508541],[13.19884239,52.55416146],[13.19996016,52.55140572],[13.20082189,52.54843428],[13.20196335,52.54854082],[13.21019264,52.54896278],[13.21164012,52.54898134],[13.21346872,52.54860312],[13.21409691,52.5492119],[13.21547952,52.55191357],[13.2156443,52.55194919],[13.21563074,52.55261235],[13.21630307,52.55450366],[13.21584059,52.5558725],[13.21593181,52.55668251],[13.21453656,52.55719978],[13.21487506,52.55821104],[13.21423974,52.55897718],[13.20961133,52.55958553],[13.20827551,52.55895266],[13.20780579,52.55578773],[13.20687558,52.55546362],[13.20034223,52.55533512],[13.19862993,52.55508541]]]},"properties":{"esb":"0532","bez":"05","bezname":"Spandau"},"id":"schulen_esb.0532"},
{"type":"Feature","geometry":{"type":"Polygon","coordinates":[[[13.18319355,52.54157479],[13.18338126,52.54152337],[13.18407381,52.54476742],[13.18419076,52.54530436],[13.18260732,52.54562464],[13.18042413,52.54563171],[13.17683317,52.54592815],[13.17724921,52.54704946],[13.17801499,52.54697957],[13.17878416,52.54744619],[13.17877178,52.54808329],[13.17782204,52.54826392],[13.17803796,52.54877518],[13.16986671,52.55031837],[13.16790801,52.55068823],[13.1675153,52.54961102],[13.16962021,52.54921207],[13.16853523,52.54425448],[13.17692585,52.54363962],[13.18319355,52.54157479]]]},"properties":{"esb":"0590","bez":"05","bezname":"Spandau"},"id":"schulen_esb.0590"},
{"type":"Feature","geometry":{"type":"Polygon","coordinates":[[[13.26935981,52.43076432],[13.26964779,52.4322444],[13.26957246,52.43356163],[13.26738078,52.43367092],[13.26500554,52.43285038],[13.26475839,52.43322707],[13.26909601,52.43466017],[13.2698038,52.43495798],[13.26799475,52.43682983],[13.26945068,52.43753341],[13.26891545,52.43789485],[13.26289773,52.43921013],[13.2662505,52.44317995],[13.26773866,52.44573222],[13.26737895,52.4460187],[13.26553037,52.44545948],[13.2621274,52.44488827],[13.25953062,52.44412086],[13.25771733,52.44323271],[13.2547739,52.4426097],[13.25521428,52.44060704],[13.25392624,52.44076025],[13.25218564,52.44138832],[13.24621759,52.44091903],[13.24548518,52.44075581],[13.2415931,52.43917501],[13.2411157,52.43844104],[13.2407002,52.43701977],[13.24135938,52.43528389],[13.2421658,52.43436537],[13.23995387,52.43459091],[13.23886438,52.4344166],[13.24072691,52.43362287],[13.24065215,52.43342851],[13.24123148,52.43308891],[13.24471457,52.43156887],[13.24924998,52.4290276],[13.25018991,52.4282802],[13.25663053,52.43022999],[13.25768965,52.43033934],[13.26214636,52.4318899],[13.26303634,52.43040264],[13.26380737,52.43050566],[13.26935981,52.43076432]]]},"properties":{"esb":"0601","bez":"06","bezname":"Steglitz-Zehlendorf"},"id":"schulen_esb.0601"},
{"type":"Feature","geometry":{"type":"Polygon","coordinates":[[[13.26900834,52.4042307],[13.26829106,52.40661902],[13.26781277,52.4070696],[13.26724335,52.40987624],[13.26803638,52.40993976],[13.26946624,52.41066933],[13.27058204,52.4108039],[13.26915487,52.41555899],[13.26744539,52.41974434],[13.26475793,52.41945036],[13.26313979,52.42354157],[13.26115165,52.42576146],[13.26059359,52.42658112],[13.25727612,52.42598666],[13.25780979,52.42474906],[13.25196285,52.42377717],[13.25302716,52.42099015],[13.25200142,52.41957059],[13.25053417,52.41857109],[13.24909477,52.41931061],[13.24755088,52.41714345],[13.24850419,52.41394452],[13.24902987,52.41176061],[13.24896967,52.40882803],[13.24873816,52.40840491],[13.24914361,52.40790295],[13.24977541,52.40497886],[13.25116693,52.40549644],[13.25330626,52.40603343],[13.25713251,52.40639954],[13.25973482,52.4062288],[13.26136161,52.4058564],[13.2635934,52.40499066],[13.26696113,52.40427931],[13.26900834,52.4042307]]]},"properties":{"esb":"0602","bez":"06","bezname":"Steglitz-Zehlendorf"},"id":"schulen_esb.0602"},
{"type":"Feature","geometry":{"type":"Polygon","coordinates":[[[13.20613808,52.42471495],[13.21066369,52.42650495],[13.21473999,52.4274835],[13.22860575,52.4306485],[13.22265552,52.4404823],[13.22114124,52.44059843],[13.22037617,52.44047898],[13.21899249,52.43982717],[13.2150835,52.439225],[13.21459078,52.440024],[13.21357564,52.4424334],[13.20779209,52.44517827],[13.20588119,52.44352422],[13.20486477,52.44292747],[13.2026652,52.44118606],[13.20210743,52.44061699],[13.20084595,52.43982612],[13.19745402,52.43703515],[13.19818105,52.43606003],[13.1989944,52.43558308],[13.20012365,52.43543348],[13.19848516,52.4347221],[13.19934226,52.43412668],[13.20093482,52.43410996],[13.20068456,52.43383586],[13.20077837,52.4317297],[13.20003202,52.43060547],[13.20060165,52.43053832],[13.20049294,52.42991964],[13.20292893,52.42855522],[13.20365438,52.42833315],[13.20361585,52.42590658],[13.20524767,52.42436129],[13.20613808,52.42471495]]]},"properties":{"esb":"0603","bez":"06","bezname":"Steglitz-Zehlendorf"},"id":"schulen_esb.0603"},
{"type":"Feature","geometry":{"type":"Polygon","coordinates":[[[13.30909517,52.46771339],[13.30856462,52.4674181],[13.30747095,52.46787797],[13.30637165,52.46748767],[13.29770161,52.46889724],[13.29017425,52.47032741],[13.28988033,52.46989072],[13.28908084,52.4705265],[13.28291361,52.46919128],[13.27872495,52.46853559],[13.27833125,52.46863867],[13.26660985,52.46730499],[13.26427569,52.4669986],[13.2623143,52.46717141],[13.26162217,52.46777138],[13.26027837,52.46692697],[13.25909008,52.46649641],[13.25560801,52.46675065],[13.25262839,52.46674485],[13.25611223,52.46505464],[13.25811866,52.46441297],[13.26110554,52.46263388],[13.26191483,52.46155618],[13.26222985,52.4586823],[13.2628154,52.45778634],[13.26691706,52.4554228],[13.26856457,52.45633905],[13.27099516,52.45684425],[13.27179356,52.45671275],[13.2719268,52.45624135],[13.27157539,52.45512145],[13.271763,52.45447407],[13.27136607,52.4537108],[13.27223112,52.45351479],[13.27330705,52.45564337],[13.27558222,52.4553455],[13.27675259,52.45504791],[13.27913608,52.45499832],[13.27963032,52.4544399],[13.27973167,52.451462],[13.28090123,52.4508759],[13.2793428,52.45040852],[13.27817688,52.45034487],[13.27962197,52.44988451],[13.28085203,52.44870546],[13.28232107,52.44799081],[13.28443531,52.44657345],[13.28410868,52.44564058],[13.28611354,52.4463716],[13.28832432,52.44634111],[13.29296479,52.44630936],[13.29504574,52.45005639],[13.29598401,52.45105924],[13.29852978,52.45348735],[13.30360897,52.45833709],[13.30358491,52.45860842],[13.30711551,52.45924528],[13.30824023,52.45975607],[13.3089176,52.46437436],[13.30928487,52.4662967],[13.31033615,52.46702205],[13.30909517,52.46771339]]]},"properties":{"esb":"0604","bez":"06","bezname":"Steglitz-Zehlendorf"},"id":"schulen_esb.0604"},
{"type":"Feature","geometry":{"type":"Polygon","coordinates":[[[13.12311619,52.43961413],[13.12315152,52.43870752],[13.12213605,52.43787641],[13.11721493,52.4361622],[13.11392881,52.43296488],[13.11206912,52.43230886],[13.11278018,52.42919533],[13.10801852,52.42665824],[13.10691316,52.42564238],[13.10540323,52.42528075],[13.10456591,52.42398206],[13.10159603,52.42463483],[13.10094588,52.42516127],[13.09996931,52.4254454],[13.09839857,52.4248866],[13.09772025,52.42346365],[13.09583594,52.42197239],[13.08834552,52.41963071],[13.09020816,52.41354792],[13.09027138,52.41221276],[13.0907643,52.41155806],[13.09212166,52.41124068],[13.09340874,52.41053474],[13.09738852,52.40941938],[13.09869733,52.41032841],[13.09898015,52.41088955],[13.09760424,52.41177939],[13.0964452,52.41308627],[13.10030218,52.41378201],[13.10085361,52.4137575],[13.10072314,52.41298765],[13.10111763,52.41157488],[13.1009977,52.41053637],[13.10461936,52.40974],[13.10512013,52.40989499],[13.10591192,52.4095462],[13.10707646,52.40986676],[13.10741045,52.41208617],[13.10710223,52.41317851],[13.10777356,52.41333064],[13.10961525,52.4129379],[13.1101313,52.41128478],[13.11150685,52.4114121],[13.11179403,52.41047693],[13.11041703,52.4103496],[13.11062603,52.40944105],[13.10850191,52.40924214],[13.1069296,52.40948327],[13.10637758,52.40868731],[13.10860498,52.40847152],[13.10944467,52.40804383],[13.10832242,52.40725257],[13.10969008,52.40653422],[13.11109756,52.40529569],[13.11120079,52.40450709],[13.11181374,52.40398314],[13.1163336,52.4023213],[13.11774502,52.40211709],[13.11845698,52.40127899],[13.12199681,52.39854418],[13.12477643,52.39686738],[13.12691888,52.39656731],[13.12845725,52.39694226],[13.13251785,52.39866141],[13.13350615,52.39936292],[13.13495306,52.39859338],[13.13809796,52.39785332],[13.13803815,52.39768143],[13.13512234,52.39737367],[13.13570864,52.39617187],[13.13858153,52.39610109],[13.1382216,52.39570148],[13.13448755,52.39368463],[13.13173953,52.3917967],[13.13016029,52.39049597],[13.12984814,52.39069237],[13.13092034,52.39175283],[13.12729072,52.39160545],[13.12672891,52.38958283],[13.13074899,52.38737821],[13.13129858,52.38722414],[13.13198126,52.38751548],[13.13317781,52.3873012],[13.13397267,52.38873253],[13.13286798,52.3887414],[13.13037326,52.39036656],[13.13209241,52.39176762],[13.13470192,52.3935615],[13.13838781,52.39555029],[13.14042525,52.3963702],[13.14182021,52.39710476],[13.14319673,52.3972452],[13.14312955,52.39667067],[13.14385524,52.39613712],[13.14573524,52.39550312],[13.1500177,52.3950873],[13.15328466,52.39483711],[13.15886339,52.39393816],[13.16795938,52.3943881],[13.16876289,52.39439301],[13.17175427,52.39564025],[13.17116327,52.39782357],[13.16873667,52.39735407],[13.16124435,52.39662564],[13.1577904,52.39635227],[13.15781823,52.39649797],[13.15651579,52.39643528],[13.15387009,52.39655594],[13.15007465,52.39703048],[13.14774915,52.3976951],[13.14268922,52.3999931],[13.14191886,52.39923145],[13.14160133,52.39938203],[13.14309252,52.40073256],[13.1436922,52.40165527],[13.14411373,52.40166957],[13.14571348,52.40291537],[13.14571892,52.40268443],[13.14735212,52.40410559],[13.14997868,52.40621463],[13.15578704,52.41108089],[13.15756238,52.41232273],[13.15902454,52.41303129],[13.15898038,52.41414998],[13.1581895,52.41388892],[13.15696147,52.41424442],[13.15590831,52.41349523],[13.15505576,52.41199104],[13.15392144,52.41196853],[13.15447103,52.4134886],[13.15447298,52.41468295],[13.15512198,52.41515465],[13.15930103,52.41649051],[13.16229267,52.41671079],[13.16345967,52.41713325],[13.16395208,52.41755216],[13.16556393,52.41802667],[13.16596701,52.41855757],[13.16819607,52.4193346],[13.17038234,52.42041878],[13.17119895,52.42062593],[13.17178046,52.42125275],[13.17241944,52.42129565],[13.17353268,52.42096022],[13.17448865,52.42090996],[13.17513672,52.42121349],[13.17624732,52.42228985],[13.1776439,52.42401703],[13.1829479,52.42986228],[13.1734957,52.42815669],[13.16185806,52.45218973],[13.15795305,52.44937765],[13.1545115,52.44659604],[13.14851615,52.44337267],[13.13608525,52.44237725],[13.13326779,52.44208694],[13.13171703,52.44109911],[13.13080174,52.44141251],[13.12947936,52.4413081],[13.1280406,52.44096144],[13.12687675,52.44114435],[13.12411146,52.44067521],[13.12311619,52.43961413]]]},"properties":{"esb":"0605","bez":"06","bezname":"Steglitz-Zehlendorf"},"id":"schulen_esb.0605"},
{"type":"Feature","geometry":{"type":"Polygon","coordinates":[[[13.26935981,52.43076432],[13.27381452,52.43077859],[13.28075178,52.42956611],[13.28193173,52.43247408],[13.28200475,52.43291464],[13.27981032,52.4324454],[13.2803668,52.43366833],[13.28059227,52.43360339],[13.28272913,52.43486687],[13.28162052,52.43561404],[13.2820967,52.43715306],[13.28281418,52.43848968],[13.2819362,52.43887804],[13.28306337,52.44199703],[13.2903861,52.44443731],[13.28832432,52.44634111],[13.28611354,52.4463716],[13.28410868,52.44564058],[13.28443531,52.44657345],[13.28232107,52.44799081],[13.28085203,52.44870546],[13.27962197,52.44988451],[13.27817688,52.45034487],[13.27071175,52.45093823],[13.26884222,52.44785014],[13.26773866,52.44573222],[13.2662505,52.44317995],[13.26289773,52.43921013],[13.26891545,52.43789485],[13.26945068,52.43753341],[13.26799475,52.43682983],[13.2698038,52.43495798],[13.26909601,52.43466017],[13.26475839,52.43322707],[13.26500554,52.43285038],[13.26738078,52.43367092],[13.26957246,52.43356163],[13.26964779,52.4322444],[13.26935981,52.43076432]]]},"properties":{"esb":"0606","bez":"06","bezname":"Steglitz-Zehlendorf"},"id":"schulen_esb.0606"},
{"type":"Feature","geometry":{"type":"Polygon","coordinates":[[[13.23833118,52.46916741],[13.23714121,52.46844366],[13.2188613,52.45404643],[13.21778643,52.45272616],[13.21729589,52.45280265],[13.20837487,52.44576088],[13.20779209,52.44517827],[13.21357564,52.4424334],[13.21459078,52.440024],[13.2150835,52.439225],[13.21899249,52.43982717],[13.22037617,52.44047898],[13.22114124,52.44059843],[13.22265552,52.4404823],[13.22860575,52.4306485],[13.22991168,52.43093688],[13.2297588,52.43388222],[13.23185935,52.43411123],[13.23464493,52.43386348],[13.23571761,52.43227637],[13.24065215,52.43342851],[13.24072691,52.43362287],[13.23886438,52.4344166],[13.23995387,52.43459091],[13.2421658,52.43436537],[13.24135938,52.43528389],[13.2407002,52.43701977],[13.2411157,52.43844104],[13.2415931,52.43917501],[13.24548518,52.44075581],[13.24621759,52.44091903],[13.25218564,52.44138832],[13.25392624,52.44076025],[13.25521428,52.44060704],[13.2547739,52.4426097],[13.25771733,52.44323271],[13.25953062,52.44412086],[13.2621274,52.44488827],[13.26553037,52.44545948],[13.26737895,52.4460187],[13.26773866,52.44573222],[13.26884222,52.44785014],[13.27071175,52.45093823],[13.26851144,52.45109784],[13.26829929,52.45186556],[13.26576789,52.452034],[13.26568978,52.45259184],[13.26388642,52.4540197],[13.26326719,52.45365384],[13.26203731,52.45402569],[13.26033219,52.45422892],[13.25815602,52.45411521],[13.25439422,52.45713195],[13.25285429,52.45744073],[13.25130809,52.45675284],[13.24999586,52.45709825],[13.24991358,52.45777649],[13.24915032,52.45843368],[13.24793187,52.45984519],[13.24735512,52.46087771],[13.24745276,52.46715524],[13.24764463,52.46760159],[13.23833118,52.46916741]]]},"properties":{"esb":"0607","bez":"06","bezname":"Steglitz-Zehlendorf"},"id":"schulen_esb.0607"},
{"type":"Feature","geometry":{"type":"Polygon","coordinates":[[[13.26303634,52.43040264],[13.26155811,52.42959107],[13.25985245,52.42926497],[13.26028359,52.42726675],[13.26059359,52.42658112],[13.26115165,52.42576146],[13.26313979,52.42354157],[13.26475793,52.41945036],[13.26744539,52.41974434],[13.26915487,52.41555899],[13.27058204,52.4108039],[13.26946624,52.41066933],[13.26803638,52.40993976],[13.26724335,52.40987624],[13.26781277,52.4070696],[13.26829106,52.40661902],[13.26900834,52.4042307],[13.27199636,52.4043116],[13.27554278,52.405131],[13.27691424,52.40636626],[13.27991056,52.40747147],[13.28868302,52.41231379],[13.28698024,52.41358593],[13.28795701,52.41500325],[13.28789281,52.41532659],[13.28521116,52.41696256],[13.2848823,52.41729502],[13.28964519,52.41854437],[13.28689726,52.4224781],[13.28299061,52.42146658],[13.27973512,52.42610054],[13.27959493,52.42710484],[13.28075178,52.42956611],[13.27381452,52.43077859],[13.26935981,52.43076432],[13.26380737,52.43050566],[13.26303634,52.43040264]]]},"properties":{"esb":"0608","bez":"06","bezname":"Steglitz-Zehlendorf"},"id":"schulen_esb.0608"},
{"type":"Feature","geometry":{"type":"Polygon","coordinates":[[[13.18816542,52.47183543],[13.1866288,52.46654464],[13.18530002,52.46257744],[13.1812131,52.45962256],[13.17740801,52.45591462],[13.17084493,52.45611148],[13.16185806,52.45218973],[13.1734957,52.42815669],[13.1829479,52.42986228],[13.1776439,52.42401703],[13.17624732,52.42228985],[13.17513672,52.42121349],[13.17448865,52.42090996],[13.17353268,52.42096022],[13.17241944,52.42129565],[13.17178046,52.42125275],[13.17119895,52.42062593],[13.17038234,52.42041878],[13.16819607,52.4193346],[13.16596701,52.41855757],[13.16556393,52.41802667],[13.16395208,52.41755216],[13.16345967,52.41713325],[13.16229267,52.41671079],[13.15930103,52.41649051],[13.15512198,52.41515465],[13.15447298,52.41468295],[13.15447103,52.4134886],[13.15392144,52.41196853],[13.15505576,52.41199104],[13.15590831,52.41349523],[13.15696147,52.41424442],[13.1581895,52.41388892],[13.15898038,52.41414998],[13.15902454,52.41303129],[13.15756238,52.41232273],[13.15578704,52.41108089],[13.14997868,52.40621463],[13.14735212,52.40410559],[13.14571892,52.40268443],[13.14571348,52.40291537],[13.14411373,52.40166957],[13.1436922,52.40165527],[13.14309252,52.40073256],[13.14160133,52.39938203],[13.14191886,52.39923145],[13.14268922,52.3999931],[13.14774915,52.3976951],[13.15007465,52.39703048],[13.15387009,52.39655594],[13.15651579,52.39643528],[13.15781823,52.39649797],[13.15777383,52.39722303],[13.1593836,52.39990568],[13.15923139,52.40277187],[13.15934511,52.4028559],[13.1673294,52.40554998],[13.1730394,52.40742691],[13.18783354,52.41236977],[13.19724525,52.41553354],[13.20325915,52.41755928],[13.20955575,52.41959111],[13.20647981,52.42464427],[13.20613808,52.42471495],[13.20524767,52.42436129],[13.20361585,52.42590658],[13.20365438,52.42833315],[13.20292893,52.42855522],[13.20049294,52.42991964],[13.20060165,52.43053832],[13.20003202,52.43060547],[13.20077837,52.4317297],[13.20068456,52.43383586],[13.20093482,52.43410996],[13.19934226,52.43412668],[13.19848516,52.4347221],[13.20012365,52.43543348],[13.1989944,52.43558308],[13.19818105,52.43606003],[13.19745402,52.43703515],[13.20084595,52.43982612],[13.20210743,52.44061699],[13.2026652,52.44118606],[13.20486477,52.44292747],[13.20588119,52.44352422],[13.20779209,52.44517827],[13.20837487,52.44576088],[13.21729589,52.45280265],[13.21778643,52.45272616],[13.2188613,52.45404643],[13.23714121,52.46844366],[13.23833118,52.46916741],[13.23509682,52.4696591],[13.2338743,52.47011876],[13.23146262,52.47075507],[13.23020449,52.47074727],[13.22867931,52.47049052],[13.22677923,52.47035919],[13.22377037,52.46998412],[13.22159108,52.46997578],[13.21653643,52.47012011],[13.21422742,52.46982002],[13.21322653,52.46953074],[13.21146891,52.46943831],[13.21016843,52.46971323],[13.20770655,52.47002176],[13.20509418,52.47052202],[13.20354658,52.47047066],[13.20155844,52.46986502],[13.20063489,52.46904211],[13.1989718,52.46876561],[13.19808947,52.46900955],[13.19761452,52.46973036],[13.19771891,52.47034542],[13.19661731,52.47134075],[13.19522757,52.47124671],[13.19455772,52.47097467],[13.18816542,52.47183543]]]},"properties":{"esb":"0609","bez":"06","bezname":"Steglitz-Zehlendorf"},"id":"schulen_esb.0609"},
{"type":"Feature","geometry":{"type":"Polygon","coordinates":[[[13.24065215,52.43342851],[13.23571761,52.43227637],[13.23612454,52.43148329],[13.23338225,52.43084872],[13.23530497,52.42789935],[13.22903092,52.42587707],[13.22918765,52.42479559],[13.22485168,52.42342842],[13.2250642,52.42106922],[13.22526475,52.42083624],[13.22647458,52.42082596],[13.22924372,52.42051897],[13.23314053,52.42034238],[13.23563175,52.42087009],[13.23762269,52.42079398],[13.24594793,52.42117336],[13.24714634,52.41889727],[13.24755088,52.41714345],[13.24909477,52.41931061],[13.25053417,52.41857109],[13.25200142,52.41957059],[13.25302716,52.42099015],[13.25196285,52.42377717],[13.25780979,52.42474906],[13.25727612,52.42598666],[13.26059359,52.42658112],[13.26028359,52.42726675],[13.25985245,52.42926497],[13.26155811,52.42959107],[13.26303634,52.43040264],[13.26214636,52.4318899],[13.25768965,52.43033934],[13.25663053,52.43022999],[13.25018991,52.4282802],[13.24924998,52.4290276],[13.24471457,52.43156887],[13.24123148,52.43308891],[13.24065215,52.43342851]]]},"properties":{"esb":"0610","bez":"06","bezname":"Steglitz-Zehlendorf"},"id":"schulen_esb.0610"},
{"type":"Feature","geometry":{"type":"Polygon","coordinates":[[[13.20613808,52.42471495],[13.20647981,52.42464427],[13.20955575,52.41959111],[13.20325915,52.41755928],[13.19724525,52.41553354],[13.19944226,52.4154076],[13.20450587,52.41583109],[13.20967473,52.41679305],[13.21421507,52.41803387],[13.2170928,52.41916543],[13.218044,52.41930262],[13.22140985,52.42011942],[13.22358674,52.42076672],[13.2250642,52.42106922],[13.22485168,52.42342842],[13.22918765,52.42479559],[13.22903092,52.42587707],[13.23530497,52.42789935],[13.23338225,52.43084872],[13.23612454,52.43148329],[13.23571761,52.43227637],[13.23464493,52.43386348],[13.23185935,52.43411123],[13.2297588,52.43388222],[13.22991168,52.43093688],[13.22860575,52.4306485],[13.21473999,52.4274835],[13.21066369,52.42650495],[13.20613808,52.42471495]]]},"properties":{"esb":"0611","bez":"06","bezname":"Steglitz-Zehlendorf"},"id":"schulen_esb.0611"},
{"type":"Feature","geometry":{"type":"Polygon","coordinates":[[[13.24764463,52.46760159],[13.24745276,52.46715524],[13.24735512,52.46087771],[13.24793187,52.45984519],[13.24915032,52.45843368],[13.24991358,52.45777649],[13.24999586,52.45709825],[13.25130809,52.45675284],[13.25285429,52.45744073],[13.25439422,52.45713195],[13.25815602,52.45411521],[13.26033219,52.45422892],[13.26203731,52.45402569],[13.26326719,52.45365384],[13.26388642,52.4540197],[13.26568978,52.45259184],[13.26576789,52.452034],[13.26829929,52.45186556],[13.26851144,52.45109784],[13.27071175,52.45093823],[13.27817688,52.45034487],[13.2793428,52.45040852],[13.28090123,52.4508759],[13.27973167,52.451462],[13.27963032,52.4544399],[13.27913608,52.45499832],[13.27675259,52.45504791],[13.27558222,52.4553455],[13.27330705,52.45564337],[13.27223112,52.45351479],[13.27136607,52.4537108],[13.271763,52.45447407],[13.27157539,52.45512145],[13.2719268,52.45624135],[13.27179356,52.45671275],[13.27099516,52.45684425],[13.26856457,52.45633905],[13.26691706,52.4554228],[13.2628154,52.45778634],[13.26222985,52.4586823],[13.26191483,52.46155618],[13.26110554,52.46263388],[13.25811866,52.46441297],[13.25611223,52.46505464],[13.25262839,52.46674485],[13.24765938,52.46759715],[13.24764463,52.46760159]]]},"properties":{"esb":"0612","bez":"06","bezname":"Steglitz-Zehlendorf"},"id":"schulen_esb.0612"},
{"type":"Feature","geometry":{"type":"Polygon","coordinates":[[[13.34568408,52.46108214],[13.34310606,52.46297937],[13.33890191,52.46556277],[13.33877029,52.46656807],[13.33848166,52.46637774],[13.33627215,52.467413],[13.33482637,52.46619983],[13.33466107,52.46627581],[13.33140764,52.46585525],[13.33062811,52.46515054],[13.32936431,52.46557154],[13.32863072,52.464822],[13.3313992,52.46381704],[13.33088145,52.46313366],[13.32478419,52.45820342],[13.32560086,52.45796107],[13.3262525,52.45862055],[13.32820249,52.46004179],[13.32856341,52.45953406],[13.32948017,52.45972329],[13.32968455,52.46017763],[13.33146718,52.46024949],[13.3337754,52.46004404],[13.33943036,52.46032482],[13.34487194,52.46062458],[13.34494265,52.46107049],[13.34568408,52.46108214]]]},"properties":{"esb":"0614","bez":"06","bezname":"Steglitz-Zehlendorf"},"id":"schulen_esb.0614"},
{"type":"Feature","geometry":{"type":"Polygon","coordinates":[[[13.31033615,52.46702205],[13.30928487,52.4662967],[13.3089176,52.46437436],[13.30824023,52.45975607],[13.31050705,52.46000299],[13.31253969,52.46298031],[13.31775212,52.46114638],[13.31698284,52.46028075],[13.32219312,52.45847087],[13.3206844,52.45688532],[13.32267024,52.45647975],[13.32478419,52.45820342],[13.33088145,52.46313366],[13.3313992,52.46381704],[13.32863072,52.464822],[13.32792984,52.46446256],[13.32098982,52.4669602],[13.31997881,52.46697915],[13.31142136,52.4671229],[13.31033615,52.46702205]]]},"properties":{"esb":"0615","bez":"06","bezname":"Steglitz-Zehlendorf"},"id":"schulen_esb.0615"},
{"type":"Feature","geometry":{"type":"Polygon","coordinates":[[[13.29852978,52.45348735],[13.29927309,52.45282979],[13.30166355,52.45141199],[13.30356886,52.44973849],[13.30357623,52.44933411],[13.30439079,52.44856797],[13.30483218,52.4485485],[13.30623448,52.44724833],[13.31514388,52.45046602],[13.31571804,52.45352841],[13.31857543,52.45447949],[13.3206844,52.45688532],[13.32219312,52.45847087],[13.31698284,52.46028075],[13.31775212,52.46114638],[13.31253969,52.46298031],[13.31050705,52.46000299],[13.30824023,52.45975607],[13.30711551,52.45924528],[13.30358491,52.45860842],[13.30360897,52.45833709],[13.29852978,52.45348735]]]},"properties":{"esb":"0616","bez":"06","bezname":"Steglitz-Zehlendorf"},"id":"schulen_esb.0616"},
{"type":"Feature","geometry":{"type":"Polygon","coordinates":[[[13.33943036,52.46032482],[13.33885309,52.45408664],[13.33882843,52.45380709],[13.34333394,52.45360139],[13.34299186,52.45189489],[13.34803367,52.4512814],[13.34673418,52.44999503],[13.34242209,52.44694454],[13.34499317,52.44553169],[13.34606067,52.44533832],[13.34638021,52.44481245],[13.35022079,52.44401179],[13.35231909,52.4459632],[13.35327591,52.44701686],[13.35377214,52.44573111],[13.35548455,52.44589231],[13.35630118,52.44510964],[13.36052855,52.44672605],[13.36165641,52.44430846],[13.36237988,52.44457159],[13.35970343,52.44940853],[13.35725559,52.45332567],[13.35596179,52.45561882],[13.35419639,52.45563993],[13.35329785,52.45702181],[13.35247371,52.45707382],[13.35088776,52.45661811],[13.34907442,52.45677203],[13.34903985,52.45876161],[13.34852493,52.45876399],[13.34755254,52.45898817],[13.34781868,52.45924402],[13.34568408,52.46108214],[13.34494265,52.46107049],[13.34487194,52.46062458],[13.33943036,52.46032482]]]},"properties":{"esb":"0617","bez":"06","bezname":"Steglitz-Zehlendorf"},"id":"schulen_esb.0617"},
{"type":"Feature","geometry":{"type":"Polygon","coordinates":[[[13.28832432,52.44634111],[13.2903861,52.44443731],[13.28306337,52.44199703],[13.2819362,52.43887804],[13.28281418,52.43848968],[13.2820967,52.43715306],[13.28231458,52.43712044],[13.28820766,52.43891234],[13.28867086,52.43948971],[13.2953995,52.43818321],[13.29546268,52.4385815],[13.29604454,52.43805291],[13.30025489,52.43979636],[13.29809532,52.44168747],[13.30143855,52.44301058],[13.30217876,52.4423449],[13.30434457,52.44320816],[13.29945459,52.44778694],[13.30357623,52.44933411],[13.30356886,52.44973849],[13.30166355,52.45141199],[13.29927309,52.45282979],[13.29852978,52.45348735],[13.29598401,52.45105924],[13.29504574,52.45005639],[13.29296479,52.44630936],[13.28832432,52.44634111]]]},"properties":{"esb":"0618","bez":"06","bezname":"Steglitz-Zehlendorf"},"id":"schulen_esb.0618"},
{"type":"Feature","geometry":{"type":"Polygon","coordinates":[[[13.34638021,52.44481245],[13.34466965,52.44506451],[13.34021883,52.44536296],[13.33888985,52.44437568],[13.34066019,52.44352175],[13.34243029,52.44086684],[13.34531861,52.43668593],[13.3457432,52.43628074],[13.345191,52.43594332],[13.34605921,52.43514287],[13.34613998,52.43330438],[13.3463471,52.43194427],[13.34654751,52.43071177],[13.34810491,52.43064265],[13.35103637,52.42972658],[13.35240641,52.42951858],[13.35454601,52.42944174],[13.35464646,52.42912564],[13.35600516,52.42932377],[13.3554724,52.43061215],[13.35571314,52.43091376],[13.35849945,52.43136315],[13.3591412,52.43294447],[13.35859289,52.43413847],[13.36395236,52.43486854],[13.36671608,52.43546417],[13.36755679,52.43577516],[13.36609809,52.43853088],[13.3648929,52.44041543],[13.362543,52.44434729],[13.36237988,52.44457159],[13.36165641,52.44430846],[13.36052855,52.44672605],[13.35630118,52.44510964],[13.35548455,52.44589231],[13.35377214,52.44573111],[13.35327591,52.44701686],[13.35231909,52.4459632],[13.35022079,52.44401179],[13.34638021,52.44481245]]]},"properties":{"esb":"0620","bez":"06","bezname":"Steglitz-Zehlendorf"},"id":"schulen_esb.0620"},
{"type":"Feature","geometry":{"type":"Polygon","coordinates":[[[13.34021883,52.44536296],[13.33565373,52.44558637],[13.33338162,52.44556278],[13.33039864,52.44517611],[13.33079447,52.44470619],[13.33207156,52.44241956],[13.331474,52.44227339],[13.32717631,52.43996557],[13.32847657,52.43730429],[13.33075615,52.43351312],[13.33203707,52.43281086],[13.33134837,52.43223938],[13.33266719,52.42981086],[13.33341433,52.42998975],[13.33483681,52.42741857],[13.33595168,52.42778707],[13.34053196,52.42993349],[13.3408273,52.42973291],[13.34537871,52.43186289],[13.3463471,52.43194427],[13.34613998,52.43330438],[13.34605921,52.43514287],[13.345191,52.43594332],[13.3457432,52.43628074],[13.34531861,52.43668593],[13.34243029,52.44086684],[13.34066019,52.44352175],[13.33888985,52.44437568],[13.34021883,52.44536296]]]},"properties":{"esb":"0621","bez":"06","bezname":"Steglitz-Zehlendorf"},"id":"schulen_esb.0621"},
{"type":"Feature","geometry":{"type":"Polygon","coordinates":[[[13.27554278,52.405131],[13.28034783,52.40736401],[13.2901679,52.41281949],[13.29322193,52.4145599],[13.2955322,52.41575085],[13.29675129,52.41625032],[13.29709292,52.41576959],[13.29672287,52.41474047],[13.295931,52.4145037],[13.29755214,52.41291397],[13.30114609,52.40962577],[13.30826778,52.41060226],[13.30981025,52.41375987],[13.31028405,52.41368205],[13.31112607,52.41513836],[13.31329764,52.41813763],[13.31365817,52.41828597],[13.31246876,52.41957331],[13.3107154,52.42119345],[13.31237389,52.42216844],[13.31434535,52.42400516],[13.31384474,52.42495104],[13.31369939,52.42700234],[13.31338117,52.42834321],[13.31230643,52.4304199],[13.31063173,52.43084769],[13.3096916,52.43134754],[13.30418606,52.42663258],[13.3047597,52.4261875],[13.30438535,52.42551067],[13.30299442,52.42534421],[13.30342698,52.42448986],[13.29966781,52.42134943],[13.29849482,52.4219438],[13.29557178,52.42028119],[13.29332445,52.41948404],[13.28964519,52.41854437],[13.2848823,52.41729502],[13.28521116,52.41696256],[13.28789281,52.41532659],[13.28795701,52.41500325],[13.28698024,52.41358593],[13.28868302,52.41231379],[13.27991056,52.40747147],[13.27691424,52.40636626],[13.27554278,52.405131]]]},"properties":{"esb":"0622","bez":"06","bezname":"Steglitz-Zehlendorf"},"id":"schulen_esb.0622"},
{"type":"Feature","geometry":{"type":"Polygon","coordinates":[[[13.30357623,52.44933411],[13.29945459,52.44778694],[13.30434457,52.44320816],[13.30756639,52.44040854],[13.30954295,52.44121008],[13.31136653,52.43975911],[13.31185032,52.43996709],[13.31341544,52.43886409],[13.31347462,52.43839783],[13.31505049,52.43805151],[13.31624673,52.43899287],[13.31574329,52.43781249],[13.31920312,52.43720505],[13.32233564,52.43649781],[13.32344663,52.43766445],[13.32717631,52.43996557],[13.331474,52.44227339],[13.33207156,52.44241956],[13.33079447,52.44470619],[13.33039864,52.44517611],[13.32934334,52.44573243],[13.32758988,52.44665274],[13.32633527,52.44752577],[13.32499887,52.44615279],[13.32416461,52.44555843],[13.32127611,52.4440673],[13.31869709,52.44335515],[13.31694825,52.44317894],[13.31701199,52.44520651],[13.31679108,52.44734747],[13.31529564,52.44708831],[13.31534149,52.44955709],[13.31514388,52.45046602],[13.30623448,52.44724833],[13.30483218,52.4485485],[13.30439079,52.44856797],[13.30357623,52.44933411]]]},"properties":{"esb":"0623","bez":"06","bezname":"Steglitz-Zehlendorf"},"id":"schulen_esb.0623"},
{"type":"Feature","geometry":{"type":"Polygon","coordinates":[[[13.32717631,52.43996557],[13.32344663,52.43766445],[13.32233564,52.43649781],[13.31781161,52.43179859],[13.3175098,52.43080567],[13.31230643,52.4304199],[13.31338117,52.42834321],[13.31369939,52.42700234],[13.31384474,52.42495104],[13.31434535,52.42400516],[13.31237389,52.42216844],[13.3107154,52.42119345],[13.31246876,52.41957331],[13.31365817,52.41828597],[13.31433889,52.41804962],[13.31541511,52.41925848],[13.31844486,52.41899232],[13.32230493,52.41874081],[13.32256731,52.41991426],[13.32194505,52.42276236],[13.32113447,52.42370387],[13.3217019,52.42412951],[13.33294653,52.4269322],[13.33483681,52.42741857],[13.33341433,52.42998975],[13.33266719,52.42981086],[13.33134837,52.43223938],[13.33203707,52.43281086],[13.33075615,52.43351312],[13.32847657,52.43730429],[13.32717631,52.43996557]]]},"properties":{"esb":"0624","bez":"06","bezname":"Steglitz-Zehlendorf"},"id":"schulen_esb.0624"},
{"type":"Feature","geometry":{"type":"Polygon","coordinates":[[[13.28075178,52.42956611],[13.27959493,52.42710484],[13.27973512,52.42610054],[13.28299061,52.42146658],[13.28689726,52.4224781],[13.28964519,52.41854437],[13.29332445,52.41948404],[13.29557178,52.42028119],[13.29849482,52.4219438],[13.29663747,52.42362814],[13.29640246,52.42419365],[13.29589015,52.42390015],[13.29431533,52.42395864],[13.29503121,52.43258703],[13.3019024,52.43231943],[13.30209433,52.43421526],[13.30656243,52.4340522],[13.30473036,52.43567113],[13.30025489,52.43979636],[13.29604454,52.43805291],[13.29546268,52.4385815],[13.2953995,52.43818321],[13.28867086,52.43948971],[13.28820766,52.43891234],[13.28231458,52.43712044],[13.2820967,52.43715306],[13.28162052,52.43561404],[13.28272913,52.43486687],[13.28059227,52.43360339],[13.2803668,52.43366833],[13.27981032,52.4324454],[13.28200475,52.43291464],[13.28193173,52.43247408],[13.28075178,52.42956611]]]},"properties":{"esb":"0625","bez":"06","bezname":"Steglitz-Zehlendorf"},"id":"schulen_esb.0625"},
{"type":"Feature","geometry":{"type":"Polygon","coordinates":[[[13.30025489,52.43979636],[13.30473036,52.43567113],[13.30656243,52.4340522],[13.30890812,52.43193856],[13.3096916,52.43134754],[13.31063173,52.43084769],[13.31230643,52.4304199],[13.3175098,52.43080567],[13.31781161,52.43179859],[13.32233564,52.43649781],[13.31920312,52.43720505],[13.31574329,52.43781249],[13.31624673,52.43899287],[13.31505049,52.43805151],[13.31347462,52.43839783],[13.31341544,52.43886409],[13.31185032,52.43996709],[13.31136653,52.43975911],[13.30954295,52.44121008],[13.30756639,52.44040854],[13.30434457,52.44320816],[13.30217876,52.4423449],[13.30143855,52.44301058],[13.29809532,52.44168747],[13.30025489,52.43979636]]]},"properties":{"esb":"0626","bez":"06","bezname":"Steglitz-Zehlendorf"},"id":"schulen_esb.0626"},
{"type":"Feature","geometry":{"type":"Polygon","coordinates":[[[13.3463471,52.43194427],[13.34537871,52.43186289],[13.3408273,52.42973291],[13.34053196,52.42993349],[13.33595168,52.42778707],[13.33483681,52.42741857],[13.33294653,52.4269322],[13.33382238,52.42565016],[13.33361406,52.42558494],[13.33441625,52.42432069],[13.33506197,52.42448495],[13.33637425,52.42276182],[13.33533294,52.42284913],[13.33814581,52.41911753],[13.34082076,52.41982499],[13.3424917,52.41941383],[13.3416679,52.41609663],[13.34546814,52.41525289],[13.34842038,52.41625381],[13.35081159,52.41697296],[13.35239501,52.41760661],[13.35517483,52.41849283],[13.35883105,52.41982222],[13.36068083,52.42068463],[13.3632018,52.42140922],[13.36361777,52.42165818],[13.36534734,52.42398778],[13.36313787,52.42449063],[13.36199643,52.42509918],[13.36173974,52.42549582],[13.35672218,52.42457591],[13.35507234,52.42800418],[13.35464646,52.42912564],[13.35454601,52.42944174],[13.35240641,52.42951858],[13.35103637,52.42972658],[13.34810491,52.43064265],[13.34654751,52.43071177],[13.3463471,52.43194427]]]},"properties":{"esb":"0627","bez":"06","bezname":"Steglitz-Zehlendorf"},"id":"schulen_esb.0627"},
{"type":"Feature","geometry":{"type":"Polygon","coordinates":[[[13.35464646,52.42912564],[13.35507234,52.42800418],[13.35672218,52.42457591],[13.36173974,52.42549582],[13.36199643,52.42509918],[13.36313787,52.42449063],[13.36534734,52.42398778],[13.36791632,52.427607],[13.36856313,52.42761291],[13.37115107,52.42879579],[13.37154573,52.42919116],[13.37120351,52.42989768],[13.36943795,52.43265188],[13.36758202,52.43573567],[13.36755679,52.43577516],[13.36671608,52.43546417],[13.36395236,52.43486854],[13.35859289,52.43413847],[13.3591412,52.43294447],[13.35849945,52.43136315],[13.35571314,52.43091376],[13.3554724,52.43061215],[13.35600516,52.42932377],[13.35464646,52.42912564]]]},"properties":{"esb":"0628","bez":"06","bezname":"Steglitz-Zehlendorf"},"id":"schulen_esb.0628"},
{"type":"Feature","geometry":{"type":"Polygon","coordinates":[[[13.32230493,52.41874081],[13.32048506,52.41707266],[13.32211077,52.41683961],[13.32221547,52.4161488],[13.32730838,52.41133411],[13.3274257,52.41071881],[13.32975825,52.41088735],[13.33291196,52.4077867],[13.34334204,52.41171961],[13.34293493,52.41172402],[13.34309237,52.41329978],[13.34274146,52.41416347],[13.34546814,52.41525289],[13.3416679,52.41609663],[13.3424917,52.41941383],[13.34082076,52.41982499],[13.33814581,52.41911753],[13.33533294,52.42284913],[13.33637425,52.42276182],[13.33506197,52.42448495],[13.33441625,52.42432069],[13.33361406,52.42558494],[13.33382238,52.42565016],[13.33294653,52.4269322],[13.3217019,52.42412951],[13.32113447,52.42370387],[13.32194505,52.42276236],[13.32256731,52.41991426],[13.32230493,52.41874081]]]},"properties":{"esb":"0629","bez":"06","bezname":"Steglitz-Zehlendorf"},"id":"schulen_esb.0629"},
{"type":"Feature","geometry":{"type":"Polygon","coordinates":[[[13.30114609,52.40962577],[13.3037878,52.40727938],[13.30827714,52.40296801],[13.31206017,52.39910304],[13.31380634,52.4004485],[13.3189925,52.40259198],[13.32084228,52.40324024],[13.32692848,52.405587],[13.33291196,52.4077867],[13.32975825,52.41088735],[13.3274257,52.41071881],[13.32730838,52.41133411],[13.32221547,52.4161488],[13.32211077,52.41683961],[13.32048506,52.41707266],[13.32230493,52.41874081],[13.31844486,52.41899232],[13.31541511,52.41925848],[13.31433889,52.41804962],[13.31365817,52.41828597],[13.31329764,52.41813763],[13.31112607,52.41513836],[13.31028405,52.41368205],[13.30981025,52.41375987],[13.30826778,52.41060226],[13.30114609,52.40962577]]]},"properties":{"esb":"0630","bez":"06","bezname":"Steglitz-Zehlendorf"},"id":"schulen_esb.0630"},
{"type":"Feature","geometry":{"type":"Polygon","coordinates":[[[13.3206844,52.45688532],[13.31857543,52.45447949],[13.31571804,52.45352841],[13.31514388,52.45046602],[13.31534149,52.44955709],[13.31529564,52.44708831],[13.31679108,52.44734747],[13.31701199,52.44520651],[13.31694825,52.44317894],[13.31869709,52.44335515],[13.32127611,52.4440673],[13.32416461,52.44555843],[13.32499887,52.44615279],[13.32633527,52.44752577],[13.32758988,52.44665274],[13.32934334,52.44573243],[13.33070498,52.44730852],[13.33113967,52.44806719],[13.33223013,52.44775717],[13.33286131,52.44861158],[13.33530629,52.45143946],[13.33296399,52.45241501],[13.32330362,52.45636095],[13.32267024,52.45647975],[13.3206844,52.45688532]]]},"properties":{"esb":"0631","bez":"06","bezname":"Steglitz-Zehlendorf"},"id":"schulen_esb.0631"},
{"type":"Feature","geometry":{"type":"Polygon","coordinates":[[[13.33885309,52.45408664],[13.33675659,52.45413454],[13.33456187,52.45457578],[13.33296399,52.45241501],[13.33530629,52.45143946],[13.33286131,52.44861158],[13.33223013,52.44775717],[13.33113967,52.44806719],[13.33070498,52.44730852],[13.32934334,52.44573243],[13.33039864,52.44517611],[13.33338162,52.44556278],[13.33565373,52.44558637],[13.34021883,52.44536296],[13.34466965,52.44506451],[13.34638021,52.44481245],[13.34606067,52.44533832],[13.34499317,52.44553169],[13.34242209,52.44694454],[13.34673418,52.44999503],[13.34803367,52.4512814],[13.34299186,52.45189489],[13.34333394,52.45360139],[13.33882843,52.45380709],[13.33885309,52.45408664]]]},"properties":{"esb":"0632","bez":"06","bezname":"Steglitz-Zehlendorf"},"id":"schulen_esb.0632"},
{"type":"Feature","geometry":{"type":"Polygon","coordinates":[[[13.3096916,52.43134754],[13.30890812,52.43193856],[13.30656243,52.4340522],[13.30209433,52.43421526],[13.3019024,52.43231943],[13.29503121,52.43258703],[13.29431533,52.42395864],[13.29589015,52.42390015],[13.29640246,52.42419365],[13.29663747,52.42362814],[13.29849482,52.4219438],[13.29966781,52.42134943],[13.30342698,52.42448986],[13.30299442,52.42534421],[13.30438535,52.42551067],[13.3047597,52.4261875],[13.30418606,52.42663258],[13.3096916,52.43134754]]]},"properties":{"esb":"0633","bez":"06","bezname":"Steglitz-Zehlendorf"},"id":"schulen_esb.0633"},
{"type":"Feature","geometry":{"type":"Polygon","coordinates":[[[13.32478419,52.45820342],[13.32267024,52.45647975],[13.32330362,52.45636095],[13.33296399,52.45241501],[13.33456187,52.45457578],[13.33675659,52.45413454],[13.33885309,52.45408664],[13.33943036,52.46032482],[13.3337754,52.46004404],[13.33146718,52.46024949],[13.32968455,52.46017763],[13.32948017,52.45972329],[13.32856341,52.45953406],[13.32820249,52.46004179],[13.3262525,52.45862055],[13.32560086,52.45796107],[13.32478419,52.45820342]]]},"properties":{"esb":"0634","bez":"06","bezname":"Steglitz-Zehlendorf"},"id":"schulen_esb.0634"},
{"type":"Feature","geometry":{"type":"Polygon","coordinates":[[[13.35774183,52.5010289],[13.35837676,52.50074637],[13.35798702,52.49994209],[13.35759422,52.49988098],[13.35589699,52.49690704],[13.3547604,52.4971255],[13.35392606,52.49703821],[13.35405051,52.49524656],[13.35330933,52.49201325],[13.35317827,52.48987862],[13.3534459,52.48897878],[13.35467249,52.4875006],[13.35603744,52.48601195],[13.35687541,52.48667438],[13.35886106,52.48889051],[13.36075379,52.4911675],[13.36106153,52.49434048],[13.36262812,52.49409235],[13.36319162,52.49563931],[13.36624185,52.49523538],[13.36700176,52.49695799],[13.36859159,52.49652292],[13.36867489,52.49738492],[13.36959832,52.49810765],[13.36952322,52.49886596],[13.36878748,52.49877899],[13.36253147,52.49965935],[13.35774183,52.5010289]]]},"properties":{"esb":"0701","bez":"07","bezname":"Tempelhof-Schöneberg"},"id":"schulen_esb.0701"},
{"type":"Feature","geometry":{"type":"Polygon","coordinates":[[[13.34141564,52.50486659],[13.33697347,52.50068962],[13.33892087,52.49990984],[13.33890237,52.49958628],[13.33898741,52.49941664],[13.33803079,52.49776347],[13.33964003,52.49756159],[13.33901356,52.495858],[13.34078531,52.49578771],[13.34172552,52.49611619],[13.34295511,52.49609668],[13.3460893,52.49710976],[13.3495307,52.49823221],[13.34943637,52.49965187],[13.34987945,52.50061447],[13.34980534,52.50186253],[13.34907693,52.50248],[13.34972192,52.50295151],[13.34149472,52.50493597],[13.34141564,52.50486659]]]},"properties":{"esb":"0702","bez":"07","bezname":"Tempelhof-Schöneberg"},"id":"schulen_esb.0702"},
{"type":"Feature","geometry":{"type":"Polygon","coordinates":[[[13.34972192,52.50295151],[13.34907693,52.50248],[13.34980534,52.50186253],[13.34987945,52.50061447],[13.34943637,52.49965187],[13.3495307,52.49823221],[13.3460893,52.49710976],[13.34617759,52.49526591],[13.34592235,52.49442235],[13.34647006,52.49442365],[13.3465468,52.49393047],[13.34744618,52.49326758],[13.34817838,52.49366022],[13.34952447,52.49336503],[13.35174299,52.49340615],[13.35129648,52.49205442],[13.35330933,52.49201325],[13.35405051,52.49524656],[13.35392606,52.49703821],[13.3547604,52.4971255],[13.35589699,52.49690704],[13.35759422,52.49988098],[13.35798702,52.49994209],[13.35837676,52.50074637],[13.35774183,52.5010289],[13.35138827,52.50258695],[13.34972192,52.50295151]]]},"properties":{"esb":"0703","bez":"07","bezname":"Tempelhof-Schöneberg"},"id":"schulen_esb.0703"},
{"type":"Feature","geometry":{"type":"Polygon","coordinates":[[[13.37351791,52.48786594],[13.37052856,52.48802576],[13.36844699,52.48827196],[13.3648005,52.48827024],[13.36479253,52.48638932],[13.36199171,52.48654305],[13.36030178,52.48531977],[13.36023421,52.48139334],[13.3590522,52.48140415],[13.35920477,52.48003044],[13.36007888,52.47981673],[13.36341575,52.47855618],[13.36501181,52.47696369],[13.36645603,52.47464472],[13.36624904,52.47605338],[13.37156653,52.48494917],[13.37163732,52.48518028],[13.37401916,52.48516652],[13.37416359,52.48771005],[13.37351791,52.48786594]]]},"properties":{"esb":"0705","bez":"07","bezname":"Tempelhof-Schöneberg"},"id":"schulen_esb.0705"},
{"type":"Feature","geometry":{"type":"Polygon","coordinates":[[[13.37461559,52.46836542],[13.37087032,52.47046027],[13.36565251,52.47289774],[13.36362843,52.473738],[13.3615548,52.47423933],[13.3599903,52.47425648],[13.35800204,52.47401923],[13.35594446,52.47236997],[13.35601197,52.47023939],[13.3555563,52.45936984],[13.35474315,52.45882428],[13.35555797,52.45741973],[13.35886371,52.45691053],[13.35937515,52.45675082],[13.35913727,52.45594957],[13.35943345,52.4548934],[13.36207153,52.45603525],[13.36397317,52.45586425],[13.36986563,52.45571722],[13.36943616,52.45646129],[13.3695879,52.45819335],[13.36834132,52.45878736],[13.36799067,52.45962774],[13.36861518,52.46025997],[13.36987188,52.46046311],[13.37080658,52.45987202],[13.37086099,52.45936798],[13.37256806,52.45928179],[13.372878,52.46294993],[13.36998587,52.46312612],[13.37031135,52.46712769],[13.37381066,52.4670858],[13.37388824,52.4676719],[13.37461559,52.46836542]]]},"properties":{"esb":"0707","bez":"07","bezname":"Tempelhof-Schöneberg"},"id":"schulen_esb.0707"},
{"type":"Feature","geometry":{"type":"Polygon","coordinates":[[[13.35467249,52.4875006],[13.35100172,52.48621151],[13.34728391,52.48517741],[13.34811313,52.48417196],[13.35005806,52.48293187],[13.34837968,52.48181898],[13.35300998,52.47974398],[13.35592873,52.4802153],[13.35804827,52.48020935],[13.35920477,52.48003044],[13.3590522,52.48140415],[13.36023421,52.48139334],[13.36030178,52.48531977],[13.36199171,52.48654305],[13.36405433,52.48823713],[13.36272076,52.48894231],[13.36086107,52.48802331],[13.35886106,52.48889051],[13.35687541,52.48667438],[13.35603744,52.48601195],[13.35467249,52.4875006]]]},"properties":{"esb":"0710","bez":"07","bezname":"Tempelhof-Schöneberg"},"id":"schulen_esb.0710"},
{"type":"Feature","geometry":{"type":"Polygon","coordinates":[[[13.33744416,52.49448371],[13.33710079,52.49228744],[13.33708711,52.4910077],[13.3375307,52.49071403],[13.33695887,52.49035765],[13.33696557,52.48956145],[13.33842641,52.48994695],[13.33923364,52.4894232],[13.33968143,52.48961121],[13.33947628,52.49037008],[13.34200448,52.49053525],[13.34505792,52.49029543],[13.34502025,52.48904619],[13.34687405,52.48922583],[13.34717704,52.48810771],[13.3493458,52.48829344],[13.34903017,52.48955712],[13.34925892,52.49181061],[13.34744618,52.49326758],[13.3465468,52.49393047],[13.34647006,52.49442365],[13.34592235,52.49442235],[13.34617759,52.49526591],[13.3460893,52.49710976],[13.34295511,52.49609668],[13.34172552,52.49611619],[13.34078531,52.49578771],[13.33901356,52.495858],[13.33964003,52.49756159],[13.33803079,52.49776347],[13.33730476,52.49598324],[13.33744416,52.49448371]]]},"properties":{"esb":"0712","bez":"07","bezname":"Tempelhof-Schöneberg"},"id":"schulen_esb.0712"},
{"type":"Feature","geometry":{"type":"Polygon","coordinates":[[[13.37606178,52.49174819],[13.371065,52.4927539],[13.37107439,52.49291118],[13.36923629,52.49328014],[13.36821274,52.49333004],[13.3685757,52.4939536],[13.3684107,52.49447357],[13.36859159,52.49652292],[13.36700176,52.49695799],[13.36624185,52.49523538],[13.36319162,52.49563931],[13.36262812,52.49409235],[13.36106153,52.49434048],[13.36075379,52.4911675],[13.35886106,52.48889051],[13.36086107,52.48802331],[13.36272076,52.48894231],[13.36405433,52.48823713],[13.36199171,52.48654305],[13.36479253,52.48638932],[13.3648005,52.48827024],[13.36844699,52.48827196],[13.37052856,52.48802576],[13.37351791,52.48786594],[13.37472819,52.48937828],[13.37539774,52.48943003],[13.37547288,52.49045377],[13.3764022,52.49143079],[13.37606178,52.49174819]]]},"properties":{"esb":"0713","bez":"07","bezname":"Tempelhof-Schöneberg"},"id":"schulen_esb.0713"},
{"type":"Feature","geometry":{"type":"Polygon","coordinates":[[[13.33712646,52.4823168],[13.33986927,52.48336144],[13.34170605,52.48385655],[13.34375554,52.4842425],[13.34514829,52.48420628],[13.34516062,52.48458016],[13.34728391,52.48517741],[13.35100172,52.48621151],[13.34962122,52.48733521],[13.3493458,52.48829344],[13.34717704,52.48810771],[13.34687405,52.48922583],[13.34502025,52.48904619],[13.34505792,52.49029543],[13.34200448,52.49053525],[13.33947628,52.49037008],[13.33968143,52.48961121],[13.33923364,52.4894232],[13.33842641,52.48994695],[13.33696557,52.48956145],[13.33716554,52.48825259],[13.33705131,52.48591847],[13.33712646,52.4823168]]]},"properties":{"esb":"0714","bez":"07","bezname":"Tempelhof-Schöneberg"},"id":"schulen_esb.0714"},
{"type":"Feature","geometry":{"type":"Polygon","coordinates":[[[13.34568408,52.46108214],[13.34781868,52.45924402],[13.34755254,52.45898817],[13.34852493,52.45876399],[13.35064035,52.45901608],[13.35061065,52.4597673],[13.34984916,52.46507306],[13.34253838,52.46477265],[13.34194971,52.46935624],[13.34025914,52.47023375],[13.34029532,52.47146142],[13.34168584,52.47148185],[13.34175157,52.4733827],[13.34319162,52.47371956],[13.34290077,52.47592599],[13.34204965,52.47599764],[13.341831,52.47475695],[13.34047756,52.4746773],[13.34026557,52.47559522],[13.33613991,52.47230503],[13.335252,52.47149314],[13.32792984,52.46446256],[13.32863072,52.464822],[13.32936431,52.46557154],[13.33062811,52.46515054],[13.33140764,52.46585525],[13.33466107,52.46627581],[13.33482637,52.46619983],[13.33627215,52.467413],[13.33848166,52.46637774],[13.33877029,52.46656807],[13.33890191,52.46556277],[13.34310606,52.46297937],[13.34568408,52.46108214]]]},"properties":{"esb":"0715","bez":"07","bezname":"Tempelhof-Schöneberg"},"id":"schulen_esb.0715"},
{"type":"Feature","geometry":{"type":"Polygon","coordinates":[[[13.32852643,52.47743814],[13.32048289,52.47746881],[13.32042405,52.47746507],[13.32022427,52.47274385],[13.32097979,52.47266133],[13.32200104,52.47352399],[13.3269679,52.4735214],[13.32891864,52.47340411],[13.33265631,52.4734539],[13.33268787,52.47247084],[13.33526041,52.47244755],[13.33613991,52.47230503],[13.34026557,52.47559522],[13.34047756,52.4746773],[13.341831,52.47475695],[13.34204965,52.47599764],[13.34115431,52.47630642],[13.34192761,52.47689242],[13.3327908,52.47690602],[13.33278006,52.47741374],[13.32852643,52.47743814]]]},"properties":{"esb":"0716","bez":"07","bezname":"Tempelhof-Schöneberg"},"id":"schulen_esb.0716"},
{"type":"Feature","geometry":{"type":"Polygon","coordinates":[[[13.31997881,52.46697915],[13.32098982,52.4669602],[13.32792984,52.46446256],[13.335252,52.47149314],[13.33613991,52.47230503],[13.33526041,52.47244755],[13.33268787,52.47247084],[13.33265631,52.4734539],[13.32891864,52.47340411],[13.3269679,52.4735214],[13.32200104,52.47352399],[13.32097979,52.47266133],[13.32022427,52.47274385],[13.32013957,52.47074229],[13.32052549,52.4702643],[13.32009571,52.46964131],[13.31997881,52.46697915]]]},"properties":{"esb":"0717","bez":"07","bezname":"Tempelhof-Schöneberg"},"id":"schulen_esb.0717"},
{"type":"Feature","geometry":{"type":"Polygon","coordinates":[[[13.35330933,52.49201325],[13.35129648,52.49205442],[13.35174299,52.49340615],[13.34952447,52.49336503],[13.34817838,52.49366022],[13.34744618,52.49326758],[13.34925892,52.49181061],[13.34903017,52.48955712],[13.3493458,52.48829344],[13.34962122,52.48733521],[13.35100172,52.48621151],[13.35467249,52.4875006],[13.3534459,52.48897878],[13.35317827,52.48987862],[13.35330933,52.49201325]]]},"properties":{"esb":"0718","bez":"07","bezname":"Tempelhof-Schöneberg"},"id":"schulen_esb.0718"},
{"type":"Feature","geometry":{"type":"Polygon","coordinates":[[[13.39423876,52.4841071],[13.3881033,52.48440852],[13.38790372,52.4837521],[13.38711548,52.48334251],[13.38598203,52.4833474],[13.38578819,52.47840883],[13.38567349,52.47191843],[13.38555936,52.46586926],[13.38113835,52.4657748],[13.38121473,52.46447458],[13.38178943,52.46431671],[13.38225189,52.46317007],[13.38394532,52.46371275],[13.38548651,52.463582],[13.38485709,52.46083888],[13.38412598,52.45814317],[13.3871769,52.45791304],[13.38690411,52.45640272],[13.38410638,52.45581917],[13.38399047,52.45549452],[13.38428669,52.45378855],[13.39497765,52.45635231],[13.40100635,52.45774971],[13.40468128,52.45832193],[13.4075961,52.45852057],[13.41113947,52.45834735],[13.41389516,52.45799197],[13.41581233,52.45762425],[13.41898029,52.4568597],[13.42098838,52.45653519],[13.42119481,52.45674853],[13.42494236,52.45659682],[13.42656304,52.45669842],[13.4243696,52.45799417],[13.4206074,52.45936623],[13.42142234,52.46065275],[13.42322573,52.46040244],[13.42300525,52.461316],[13.42197006,52.46151282],[13.42213192,52.4624603],[13.42170634,52.46349393],[13.42153804,52.46583467],[13.41687582,52.46539423],[13.41655556,52.46683513],[13.41577825,52.47030799],[13.41348624,52.47870642],[13.41093657,52.47790108],[13.41088152,52.47772125],[13.40661963,52.47823013],[13.40679899,52.47886043],[13.40606129,52.4809844],[13.40636952,52.48263403],[13.40639092,52.48276887],[13.40404797,52.48327223],[13.40022496,52.48390393],[13.39463811,52.48402521],[13.39423876,52.4841071]]]},"properties":{"esb":"0719","bez":"07","bezname":"Tempelhof-Schöneberg"},"id":"schulen_esb.0719"},
{"type":"Feature","geometry":{"type":"Polygon","coordinates":[[[13.38113835,52.4657748],[13.37900273,52.46588717],[13.37801552,52.46639285],[13.3777715,52.46582887],[13.37594904,52.45768758],[13.37839669,52.45747886],[13.3781124,52.4562363],[13.38373427,52.45580583],[13.38370716,52.45672242],[13.38412598,52.45814317],[13.38485709,52.46083888],[13.38548651,52.463582],[13.38394532,52.46371275],[13.38225189,52.46317007],[13.38178943,52.46431671],[13.38121473,52.46447458],[13.38113835,52.4657748]]]},"properties":{"esb":"0720","bez":"07","bezname":"Tempelhof-Schöneberg"},"id":"schulen_esb.0720"},
{"type":"Feature","geometry":{"type":"Polygon","coordinates":[[[13.37659221,52.48492036],[13.37156654,52.48494648],[13.37218237,52.48460182],[13.37341867,52.48284039],[13.37480217,52.48131831],[13.37578284,52.48176882],[13.37744718,52.48210125],[13.37748563,52.48076681],[13.37672186,52.47892204],[13.37673457,52.47745724],[13.37755025,52.47557446],[13.37778571,52.4745343],[13.37913919,52.47461712],[13.38009319,52.47508282],[13.38258225,52.47394308],[13.38530402,52.47193745],[13.38567349,52.47191843],[13.38578819,52.47840883],[13.38598203,52.4833474],[13.38711548,52.48334251],[13.38790372,52.4837521],[13.3881033,52.48440852],[13.39423876,52.4841071],[13.39424914,52.48576965],[13.38628943,52.48582385],[13.38626523,52.48486222],[13.37659221,52.48492036]]]},"properties":{"esb":"0721","bez":"07","bezname":"Tempelhof-Schöneberg"},"id":"schulen_esb.0721"},
{"type":"Feature","geometry":{"type":"Polygon","coordinates":[[[13.36237988,52.44457159],[13.362543,52.44434729],[13.36971452,52.44831185],[13.37500786,52.45117202],[13.37839449,52.45237351],[13.38428669,52.45378855],[13.38399047,52.45549452],[13.38410638,52.45581917],[13.38690411,52.45640272],[13.3871769,52.45791304],[13.38412598,52.45814317],[13.38370716,52.45672242],[13.38373427,52.45580583],[13.3781124,52.4562363],[13.37839669,52.45747886],[13.37594904,52.45768758],[13.3777715,52.46582887],[13.37801552,52.46639285],[13.37461559,52.46836542],[13.37388824,52.4676719],[13.37381066,52.4670858],[13.37031135,52.46712769],[13.36998587,52.46312612],[13.372878,52.46294993],[13.37256806,52.45928179],[13.37086099,52.45936798],[13.37080658,52.45987202],[13.36987188,52.46046311],[13.36861518,52.46025997],[13.36799067,52.45962774],[13.36834132,52.45878736],[13.3695879,52.45819335],[13.36943616,52.45646129],[13.36986563,52.45571722],[13.36397317,52.45586425],[13.36207153,52.45603525],[13.35943345,52.4548934],[13.35913727,52.45594957],[13.35937515,52.45675082],[13.35886371,52.45691053],[13.35555797,52.45741973],[13.35596179,52.45561882],[13.35725559,52.45332567],[13.35970343,52.44940853],[13.36237988,52.44457159]]]},"properties":{"esb":"0722","bez":"07","bezname":"Tempelhof-Schöneberg"},"id":"schulen_esb.0722"},
{"type":"Feature","geometry":{"type":"Polygon","coordinates":[[[13.38428669,52.45378855],[13.3853066,52.44804004],[13.38579373,52.44555621],[13.38623467,52.44317473],[13.38770126,52.43902674],[13.38948626,52.43933588],[13.3929753,52.43998447],[13.39523156,52.44017583],[13.39579898,52.44077905],[13.4019966,52.44672042],[13.40788337,52.45250002],[13.40972729,52.45233267],[13.41435641,52.45170661],[13.41642382,52.45154494],[13.41646351,52.45155041],[13.41683239,52.45223764],[13.41767836,52.4521996],[13.41965545,52.45467801],[13.42098838,52.45653519],[13.41898029,52.4568597],[13.41581233,52.45762425],[13.41389516,52.45799197],[13.41113947,52.45834735],[13.4075961,52.45852057],[13.40468128,52.45832193],[13.40100635,52.45774971],[13.39497765,52.45635231],[13.38428669,52.45378855]]]},"properties":{"esb":"0723","bez":"07","bezname":"Tempelhof-Schöneberg"},"id":"schulen_esb.0723"},
{"type":"Feature","geometry":{"type":"Polygon","coordinates":[[[13.37156653,52.48494917],[13.36624904,52.47605338],[13.36645603,52.47464472],[13.36562124,52.47445416],[13.36533993,52.47349646],[13.36391732,52.47415832],[13.36362843,52.473738],[13.36565251,52.47289774],[13.37087032,52.47046027],[13.37461559,52.46836542],[13.37801552,52.46639285],[13.37900273,52.46588717],[13.38113835,52.4657748],[13.38555936,52.46586926],[13.38567349,52.47191843],[13.38530402,52.47193745],[13.38258225,52.47394308],[13.38009319,52.47508282],[13.37913919,52.47461712],[13.37778571,52.4745343],[13.37755025,52.47557446],[13.37673457,52.47745724],[13.37672186,52.47892204],[13.37748563,52.48076681],[13.37744718,52.48210125],[13.37578284,52.48176882],[13.37480217,52.48131831],[13.37341867,52.48284039],[13.37218237,52.48460182],[13.37156654,52.48494648],[13.37156653,52.48494917]]]},"properties":{"esb":"0724","bez":"07","bezname":"Tempelhof-Schöneberg"},"id":"schulen_esb.0724"},
{"type":"Feature","geometry":{"type":"Polygon","coordinates":[[[13.36971452,52.44831185],[13.37124026,52.4472053],[13.37157752,52.44738216],[13.37454197,52.44775248],[13.37501992,52.4451788],[13.37942339,52.44541186],[13.37946115,52.4452331],[13.38579373,52.44555621],[13.3853066,52.44804004],[13.38428669,52.45378855],[13.37839449,52.45237351],[13.37500786,52.45117202],[13.36971452,52.44831185]]]},"properties":{"esb":"0725","bez":"07","bezname":"Tempelhof-Schöneberg"},"id":"schulen_esb.0725"},
{"type":"Feature","geometry":{"type":"Polygon","coordinates":[[[13.41989387,52.40372186],[13.41316616,52.40334684],[13.41133803,52.40069153],[13.40908335,52.40057237],[13.4098882,52.39913147],[13.40642856,52.39848611],[13.40664296,52.39376843],[13.4082789,52.39387391],[13.41107976,52.39428526],[13.41083886,52.39699704],[13.41345603,52.39715906],[13.41351682,52.39673769],[13.41622285,52.39550864],[13.41705226,52.39563593],[13.41732869,52.39465057],[13.41954344,52.39476591],[13.41978905,52.39313073],[13.42342105,52.39330059],[13.42323722,52.39398777],[13.42426525,52.39404705],[13.41989387,52.40372186]]]},"properties":{"esb":"0726","bez":"07","bezname":"Tempelhof-Schöneberg"},"id":"schulen_esb.0726"},
{"type":"Feature","geometry":{"type":"Polygon","coordinates":[[[13.36755679,52.43577516],[13.36758202,52.43573567],[13.37013936,52.43643952],[13.37280771,52.43677599],[13.37981871,52.43782789],[13.38017009,52.4375752],[13.3792759,52.43628823],[13.3835716,52.43590622],[13.38349245,52.43559422],[13.38675631,52.43566738],[13.38763264,52.43485586],[13.38800474,52.43401995],[13.39075504,52.43442717],[13.39185367,52.43298968],[13.39246764,52.43255145],[13.39338024,52.43235644],[13.39496071,52.43237213],[13.40033027,52.43177952],[13.40172061,52.43361636],[13.39946207,52.43392658],[13.40000577,52.43542391],[13.39115192,52.43665667],[13.3907216,52.43711144],[13.38948626,52.43933588],[13.38770126,52.43902674],[13.38623467,52.44317473],[13.38579373,52.44555621],[13.37946115,52.4452331],[13.37942339,52.44541186],[13.37501992,52.4451788],[13.37454197,52.44775248],[13.37157752,52.44738216],[13.37124026,52.4472053],[13.36971452,52.44831185],[13.362543,52.44434729],[13.3648929,52.44041543],[13.36609809,52.43853088],[13.36755679,52.43577516]]]},"properties":{"esb":"0727","bez":"07","bezname":"Tempelhof-Schöneberg"},"id":"schulen_esb.0727"},
{"type":"Feature","geometry":{"type":"Polygon","coordinates":[[[13.36068083,52.42068463],[13.3624033,52.4185119],[13.36281583,52.41834657],[13.362783,52.41695175],[13.36197684,52.4153539],[13.36342538,52.4134771],[13.36230375,52.41229554],[13.36767293,52.41017126],[13.36898636,52.40972569],[13.37085952,52.40930109],[13.37352527,52.40903543],[13.37618739,52.40914624],[13.37670994,52.40847065],[13.38163245,52.40506957],[13.3824766,52.4044054],[13.38282755,52.40337893],[13.38227475,52.39998079],[13.38200849,52.39817838],[13.3839951,52.39838828],[13.3879088,52.39922842],[13.38850166,52.39962953],[13.38666038,52.40268131],[13.38518569,52.40555408],[13.38286165,52.40919165],[13.38001486,52.41399995],[13.38359174,52.41565913],[13.38607487,52.41714073],[13.38554976,52.41748475],[13.38633873,52.41862318],[13.38244334,52.41975292],[13.38168524,52.41942334],[13.37972756,52.41913079],[13.37907951,52.41884186],[13.37809332,52.41909142],[13.37725821,52.42121952],[13.37556198,52.42406024],[13.37448789,52.42552279],[13.37349164,52.42647236],[13.37276276,52.427959],[13.37199889,52.42913103],[13.37154573,52.42919116],[13.37115107,52.42879579],[13.36856313,52.42761291],[13.36791632,52.427607],[13.36534734,52.42398778],[13.36361777,52.42165818],[13.3632018,52.42140922],[13.36068083,52.42068463]]]},"properties":{"esb":"0728","bez":"07","bezname":"Tempelhof-Schöneberg"},"id":"schulen_esb.0728"},
{"type":"Feature","geometry":{"type":"Polygon","coordinates":[[[13.41791044,52.37623217],[13.4175627,52.37679773],[13.41485124,52.38033462],[13.41448803,52.38104752],[13.41316909,52.38291261],[13.40940244,52.38222904],[13.40890892,52.38373792],[13.40540322,52.38373771],[13.40507246,52.38526934],[13.40791926,52.3866721],[13.40324416,52.38667684],[13.39541564,52.38667886],[13.3965444,52.38426899],[13.39338388,52.38425291],[13.39340048,52.38668119],[13.39187591,52.38668087],[13.39190055,52.38979575],[13.38571222,52.38979319],[13.3856327,52.38901926],[13.38729344,52.38857149],[13.38798686,52.38417833],[13.38822112,52.38212711],[13.38808915,52.37935799],[13.388432,52.37786237],[13.39511342,52.37760784],[13.39711948,52.3775803],[13.40071408,52.3773311],[13.40412999,52.3769817],[13.40718062,52.37684451],[13.40988382,52.37658349],[13.41283103,52.37687464],[13.41263944,52.37640787],[13.41791044,52.37623217]]]},"properties":{"esb":"0729","bez":"07","bezname":"Tempelhof-Schöneberg"},"id":"schulen_esb.0729"},
{"type":"Feature","geometry":{"type":"Polygon","coordinates":[[[13.40642856,52.39848611],[13.39790629,52.39871258],[13.39809921,52.39691469],[13.39766845,52.39612121],[13.39803638,52.39257393],[13.39554656,52.3925601],[13.39451894,52.39384051],[13.39298472,52.39311404],[13.39194922,52.39447799],[13.38950376,52.39851089],[13.38187119,52.39696937],[13.38200849,52.39817838],[13.38227475,52.39998079],[13.37620218,52.39952144],[13.37328632,52.39918002],[13.36451623,52.39853002],[13.36453714,52.39872059],[13.36125508,52.39846613],[13.36140386,52.39766304],[13.36421868,52.39667538],[13.37194799,52.39379403],[13.37035284,52.38842185],[13.37514839,52.3881913],[13.37870019,52.38815567],[13.38729344,52.38857149],[13.3856327,52.38901926],[13.38571222,52.38979319],[13.39190055,52.38979575],[13.39187591,52.38668087],[13.39340048,52.38668119],[13.39338388,52.38425291],[13.3965444,52.38426899],[13.39541564,52.38667886],[13.40324416,52.38667684],[13.40325724,52.38845446],[13.40350748,52.38893213],[13.40430097,52.38916189],[13.40531504,52.38904697],[13.40507517,52.38825567],[13.40754426,52.38825219],[13.40837605,52.38846222],[13.40728665,52.38985227],[13.40675029,52.39137903],[13.40664296,52.39376843],[13.40642856,52.39848611]]]},"properties":{"esb":"0730","bez":"07","bezname":"Tempelhof-Schöneberg"},"id":"schulen_esb.0730"},
{"type":"Feature","geometry":{"type":"Polygon","coordinates":[[[13.38948626,52.43933588],[13.3907216,52.43711144],[13.39115192,52.43665667],[13.40000577,52.43542391],[13.39946207,52.43392658],[13.40172061,52.43361636],[13.40033027,52.43177952],[13.40388907,52.43133334],[13.4050933,52.43102107],[13.40487778,52.43060638],[13.40698312,52.43031464],[13.40860169,52.43272608],[13.40911341,52.43420804],[13.4103361,52.43613973],[13.41052815,52.43745933],[13.41393847,52.44594178],[13.41472461,52.44700812],[13.41506323,52.44847176],[13.4156875,52.44926191],[13.41603748,52.45081993],[13.41642382,52.45154494],[13.41435641,52.45170661],[13.40972729,52.45233267],[13.40788337,52.45250002],[13.4019966,52.44672042],[13.39579898,52.44077905],[13.39523156,52.44017583],[13.3929753,52.43998447],[13.38948626,52.43933588]]]},"properties":{"esb":"0731","bez":"07","bezname":"Tempelhof-Schöneberg"},"id":"schulen_esb.0731"},
{"type":"Feature","geometry":{"type":"Polygon","coordinates":[[[13.38200849,52.39817838],[13.38187119,52.39696937],[13.38950376,52.39851089],[13.39194922,52.39447799],[13.39298472,52.39311404],[13.39451894,52.39384051],[13.39554656,52.3925601],[13.39803638,52.39257393],[13.39766845,52.39612121],[13.39809921,52.39691469],[13.39790629,52.39871258],[13.40642856,52.39848611],[13.40617156,52.40436389],[13.40595393,52.40587146],[13.40541196,52.40700008],[13.40366877,52.40679551],[13.4021548,52.40949227],[13.40078954,52.40921916],[13.39960471,52.41130272],[13.39829084,52.41103059],[13.39741869,52.41258271],[13.39519668,52.4125703],[13.39827956,52.41663202],[13.39356268,52.4186655],[13.39247932,52.41840724],[13.39137831,52.41953559],[13.39059393,52.41998875],[13.38607487,52.41714073],[13.38359174,52.41565913],[13.38001486,52.41399995],[13.38286165,52.40919165],[13.38518569,52.40555408],[13.38666038,52.40268131],[13.38850166,52.39962953],[13.3879088,52.39922842],[13.3839951,52.39838828],[13.38200849,52.39817838]]]},"properties":{"esb":"0732","bez":"07","bezname":"Tempelhof-Schöneberg"},"id":"schulen_esb.0732"},
{"type":"Feature","geometry":{"type":"Polygon","coordinates":[[[13.34546814,52.41525289],[13.34274146,52.41416347],[13.34309237,52.41329978],[13.34293493,52.41172402],[13.34334204,52.41171961],[13.34305488,52.40768386],[13.35085971,52.40288541],[13.35252791,52.40208587],[13.35441106,52.40096687],[13.35763214,52.39943301],[13.35930531,52.39849858],[13.36140386,52.39766304],[13.36125508,52.39846613],[13.36453714,52.39872059],[13.36451623,52.39853002],[13.37328632,52.39918002],[13.37620218,52.39952144],[13.38227475,52.39998079],[13.38282755,52.40337893],[13.3824766,52.4044054],[13.38163245,52.40506957],[13.37670994,52.40847065],[13.37618739,52.40914624],[13.37352527,52.40903543],[13.37085952,52.40930109],[13.36898636,52.40972569],[13.36767293,52.41017126],[13.36230375,52.41229554],[13.36342538,52.4134771],[13.36197684,52.4153539],[13.362783,52.41695175],[13.36281583,52.41834657],[13.3624033,52.4185119],[13.36068083,52.42068463],[13.35883105,52.41982222],[13.35517483,52.41849283],[13.35239501,52.41760661],[13.35081159,52.41697296],[13.34842038,52.41625381],[13.34546814,52.41525289]]]},"properties":{"esb":"0734","bez":"07","bezname":"Tempelhof-Schöneberg"},"id":"schulen_esb.0734"},
{"type":"Feature","geometry":{"type":"Polygon","coordinates":[[[13.40664296,52.39376843],[13.40675029,52.39137903],[13.40728665,52.38985227],[13.40837605,52.38846222],[13.40754426,52.38825219],[13.40507517,52.38825567],[13.40531504,52.38904697],[13.40430097,52.38916189],[13.40350748,52.38893213],[13.40325724,52.38845446],[13.40324416,52.38667684],[13.40791926,52.3866721],[13.40507246,52.38526934],[13.40540322,52.38373771],[13.40890892,52.38373792],[13.40940244,52.38222904],[13.41316909,52.38291261],[13.41448803,52.38104752],[13.41485124,52.38033462],[13.4175627,52.37679773],[13.41791044,52.37623217],[13.42080808,52.3761357],[13.42227353,52.37837237],[13.42745341,52.38577919],[13.42698148,52.38784087],[13.42582634,52.39058079],[13.42426525,52.39404705],[13.42323722,52.39398777],[13.42342105,52.39330059],[13.41978905,52.39313073],[13.41954344,52.39476591],[13.41732869,52.39465057],[13.41705226,52.39563593],[13.41622285,52.39550864],[13.41351682,52.39673769],[13.41345603,52.39715906],[13.41083886,52.39699704],[13.41107976,52.39428526],[13.4082789,52.39387391],[13.40664296,52.39376843]]]},"properties":{"esb":"0735","bez":"07","bezname":"Tempelhof-Schöneberg"},"id":"schulen_esb.0735"},
{"type":"Feature","geometry":{"type":"Polygon","coordinates":[[[13.41989387,52.40372186],[13.41841611,52.40707672],[13.41828719,52.40793024],[13.41874339,52.40997643],[13.41958153,52.4101828],[13.41967416,52.41048581],[13.41825471,52.4107691],[13.41426626,52.41231222],[13.41148028,52.41313666],[13.40996533,52.41338552],[13.40846602,52.41343938],[13.40607588,52.41324263],[13.40250295,52.41270839],[13.39949235,52.41801562],[13.40011756,52.4187717],[13.40481338,52.41999921],[13.40546601,52.42176183],[13.40259911,52.42215904],[13.40513567,52.4254988],[13.40620212,52.42742845],[13.40481558,52.42776645],[13.39638479,52.42345647],[13.39059393,52.41998875],[13.39137831,52.41953559],[13.39247932,52.41840724],[13.39356268,52.4186655],[13.39827956,52.41663202],[13.39519668,52.4125703],[13.39741869,52.41258271],[13.39829084,52.41103059],[13.39960471,52.41130272],[13.40078954,52.40921916],[13.4021548,52.40949227],[13.40366877,52.40679551],[13.40541196,52.40700008],[13.40595393,52.40587146],[13.40617156,52.40436389],[13.40642856,52.39848611],[13.4098882,52.39913147],[13.40908335,52.40057237],[13.41133803,52.40069153],[13.41316616,52.40334684],[13.41989387,52.40372186]]]},"properties":{"esb":"0736","bez":"07","bezname":"Tempelhof-Schöneberg"},"id":"schulen_esb.0736"},
{"type":"Feature","geometry":{"type":"Polygon","coordinates":[[[13.37154573,52.42919116],[13.37199889,52.42913103],[13.37276276,52.427959],[13.37349164,52.42647236],[13.37448789,52.42552279],[13.37556198,52.42406024],[13.37725821,52.42121952],[13.37809332,52.41909142],[13.37907951,52.41884186],[13.37972756,52.41913079],[13.38168524,52.41942334],[13.38244334,52.41975292],[13.38633873,52.41862318],[13.38554976,52.41748475],[13.38607487,52.41714073],[13.39059393,52.41998875],[13.39638479,52.42345647],[13.40481558,52.42776645],[13.40620212,52.42742845],[13.40676765,52.42988827],[13.40698312,52.43031464],[13.40487778,52.43060638],[13.4050933,52.43102107],[13.40388907,52.43133334],[13.40033027,52.43177952],[13.39496071,52.43237213],[13.39338024,52.43235644],[13.39246764,52.43255145],[13.39185367,52.43298968],[13.39075504,52.43442717],[13.38800474,52.43401995],[13.38763264,52.43485586],[13.38675631,52.43566738],[13.38349245,52.43559422],[13.3835716,52.43590622],[13.3792759,52.43628823],[13.38017009,52.4375752],[13.37981871,52.43782789],[13.37280771,52.43677599],[13.37013936,52.43643952],[13.36758202,52.43573567],[13.36943795,52.43265188],[13.37120351,52.42989768],[13.37154573,52.42919116]]]},"properties":{"esb":"0737","bez":"07","bezname":"Tempelhof-Schöneberg"},"id":"schulen_esb.0737"},
{"type":"Feature","geometry":{"type":"Polygon","coordinates":[[[13.35596179,52.45561882],[13.35555797,52.45741973],[13.35474315,52.45882428],[13.3555563,52.45936984],[13.35601197,52.47023939],[13.35594446,52.47236997],[13.35800204,52.47401923],[13.35593495,52.47368201],[13.35441649,52.47363359],[13.35282615,52.47378808],[13.35120471,52.47420579],[13.35010253,52.47348519],[13.34704055,52.47293699],[13.34501776,52.47236514],[13.34382441,52.471886],[13.34334649,52.47251931],[13.34319162,52.47371956],[13.34175157,52.4733827],[13.34168584,52.47148185],[13.34029532,52.47146142],[13.34025914,52.47023375],[13.34194971,52.46935624],[13.34253838,52.46477265],[13.34984916,52.46507306],[13.35061065,52.4597673],[13.35064035,52.45901608],[13.34852493,52.45876399],[13.34903985,52.45876161],[13.34907442,52.45677203],[13.35088776,52.45661811],[13.35247371,52.45707382],[13.35329785,52.45702181],[13.35419639,52.45563993],[13.35596179,52.45561882]]]},"properties":{"esb":"0790","bez":"07","bezname":"Tempelhof-Schöneberg"},"id":"schulen_esb.0790"},
{"type":"Feature","geometry":{"type":"Polygon","coordinates":[[[13.33278006,52.47741374],[13.3327908,52.47690602],[13.34192761,52.47689242],[13.34115431,52.47630642],[13.34204965,52.47599764],[13.34290077,52.47592599],[13.34319162,52.47371956],[13.34334649,52.47251931],[13.34382441,52.471886],[13.34501776,52.47236514],[13.34704055,52.47293699],[13.35010253,52.47348519],[13.35120471,52.47420579],[13.35282615,52.47378808],[13.35441649,52.47363359],[13.35593495,52.47368201],[13.35800204,52.47401923],[13.3599903,52.47425648],[13.3615548,52.47423933],[13.36362843,52.473738],[13.36391732,52.47415832],[13.36533993,52.47349646],[13.36562124,52.47445416],[13.36645603,52.47464472],[13.36501181,52.47696369],[13.36341575,52.47855618],[13.36007888,52.47981673],[13.35920477,52.48003044],[13.35804827,52.48020935],[13.35592873,52.4802153],[13.35300998,52.47974398],[13.34837968,52.48181898],[13.35005806,52.48293187],[13.34811313,52.48417196],[13.34728391,52.48517741],[13.34516062,52.48458016],[13.34514829,52.48420628],[13.34375554,52.4842425],[13.34170605,52.48385655],[13.33986927,52.48336144],[13.33712646,52.4823168],[13.33704408,52.48208474],[13.33706266,52.47813065],[13.33298029,52.4778456],[13.33278006,52.47741374]]]},"properties":{"esb":"0799","bez":"07","bezname":"Tempelhof-Schöneberg"},"id":"schulen_esb.0799"},
{"type":"Feature","geometry":{"type":"Polygon","coordinates":[[[13.44270218,52.48039551],[13.44011364,52.48167295],[13.43777276,52.48282852],[13.43797153,52.48350193],[13.43847778,52.48387389],[13.4373493,52.48443555],[13.43752037,52.48504781],[13.43524001,52.48610906],[13.43452,52.48614654],[13.43172891,52.48715926],[13.43043478,52.48752378],[13.42932041,52.48817885],[13.42890901,52.48832914],[13.42685875,52.48823313],[13.4269414,52.48721149],[13.42733645,52.48676822],[13.42718287,52.48557273],[13.42658042,52.48533267],[13.42887141,52.48423566],[13.43372833,52.48203925],[13.43399313,52.48173504],[13.4377624,52.4790577],[13.44055404,52.47950786],[13.44116868,52.47929764],[13.44270218,52.48039551]]]},"properties":{"esb":"0801","bez":"08","bezname":"Neukölln"},"id":"schulen_esb.0801"},
{"type":"Feature","geometry":{"type":"Polygon","coordinates":[[[13.42234224,52.49300092],[13.42540937,52.48808509],[13.42493672,52.48778324],[13.42384876,52.48651516],[13.42658042,52.48533267],[13.42718287,52.48557273],[13.42733645,52.48676822],[13.4269414,52.48721149],[13.42685875,52.48823313],[13.42890901,52.48832914],[13.42932041,52.48817885],[13.43235436,52.49121327],[13.43299997,52.49204469],[13.42283349,52.49533829],[13.42040015,52.49586159],[13.42078625,52.49547404],[13.42234224,52.49300092]]]},"properties":{"esb":"0802","bez":"08","bezname":"Neukölln"},"id":"schulen_esb.0802"},
{"type":"Feature","geometry":{"type":"Polygon","coordinates":[[[13.44444228,52.48494544],[13.4535355,52.480313],[13.45530543,52.47936389],[13.45549637,52.47946572],[13.45588857,52.48195109],[13.4591037,52.48183437],[13.46173249,52.48185154],[13.46235468,52.48157112],[13.46326847,52.48204239],[13.46115801,52.48353573],[13.46117948,52.48369932],[13.45872215,52.48540063],[13.45813173,52.48581946],[13.45606366,52.48425282],[13.45111349,52.48679779],[13.45032184,52.48708329],[13.44676205,52.48895254],[13.44444369,52.48745542],[13.44632506,52.48637181],[13.44444228,52.48494544]]]},"properties":{"esb":"0803","bez":"08","bezname":"Neukölln"},"id":"schulen_esb.0803"},
{"type":"Feature","geometry":{"type":"Polygon","coordinates":[[[13.44011364,52.48167295],[13.44444228,52.48494544],[13.44632506,52.48637181],[13.44444369,52.48745542],[13.44219982,52.48860043],[13.43998101,52.48692813],[13.43786833,52.48801396],[13.43547674,52.48617056],[13.43524001,52.48610906],[13.43752037,52.48504781],[13.4373493,52.48443555],[13.43847778,52.48387389],[13.43797153,52.48350193],[13.43777276,52.48282852],[13.44011364,52.48167295]]]},"properties":{"esb":"0805","bez":"08","bezname":"Neukölln"},"id":"schulen_esb.0805"},
{"type":"Feature","geometry":{"type":"Polygon","coordinates":[[[13.41655556,52.46683513],[13.42105752,52.46727979],[13.42025701,52.47075174],[13.42165058,52.4710687],[13.42870312,52.47187423],[13.42886009,52.47198323],[13.42833311,52.47299874],[13.42462358,52.47257908],[13.42447004,52.47300928],[13.42552076,52.47333639],[13.42496067,52.47513726],[13.42670078,52.47533702],[13.42717255,52.47515629],[13.42615343,52.47757917],[13.42286445,52.47716196],[13.42226057,52.47662351],[13.42132132,52.47700023],[13.42049317,52.47690353],[13.41969515,52.48011037],[13.41887428,52.48001907],[13.41651447,52.4804148],[13.40636952,52.48263403],[13.40606129,52.4809844],[13.40679899,52.47886043],[13.40661963,52.47823013],[13.41088152,52.47772125],[13.41093657,52.47790108],[13.41348624,52.47870642],[13.41577825,52.47030799],[13.41655556,52.46683513]]]},"properties":{"esb":"0806","bez":"08","bezname":"Neukölln"},"id":"schulen_esb.0806"},
{"type":"Feature","geometry":{"type":"Polygon","coordinates":[[[13.42887141,52.48423566],[13.42897466,52.48254634],[13.42942897,52.48134559],[13.42547905,52.48087343],[13.4247985,52.48067007],[13.41969515,52.48011037],[13.42049317,52.47690353],[13.42132132,52.47700023],[13.42226057,52.47662351],[13.42286445,52.47716196],[13.42615343,52.47757917],[13.42683024,52.47729993],[13.42951147,52.47770523],[13.43084131,52.47752141],[13.43294488,52.47776752],[13.4327616,52.47827766],[13.43352456,52.4781486],[13.43704779,52.4785533],[13.43750958,52.47898091],[13.4377624,52.4790577],[13.43399313,52.48173504],[13.43372833,52.48203925],[13.42887141,52.48423566]]]},"properties":{"esb":"0807","bez":"08","bezname":"Neukölln"},"id":"schulen_esb.0807"},
{"type":"Feature","geometry":{"type":"Polygon","coordinates":[[[13.41387967,52.48807571],[13.40788273,52.48885919],[13.40852573,52.48714123],[13.40718788,52.4858986],[13.40676145,52.48521393],[13.40639092,52.48276887],[13.40636952,52.48263403],[13.41651447,52.4804148],[13.41887428,52.48001907],[13.41969515,52.48011037],[13.4247985,52.48067007],[13.42547905,52.48087343],[13.42942897,52.48134559],[13.42897466,52.48254634],[13.42887141,52.48423566],[13.42658042,52.48533267],[13.42384876,52.48651516],[13.42367726,52.4863567],[13.42084268,52.48716689],[13.4139268,52.4880713],[13.41387967,52.48807571]]]},"properties":{"esb":"0808","bez":"08","bezname":"Neukölln"},"id":"schulen_esb.0808"},
{"type":"Feature","geometry":{"type":"Polygon","coordinates":[[[13.42886009,52.47198323],[13.42912237,52.47190818],[13.43610866,52.47278236],[13.43559384,52.47442699],[13.43739478,52.47451795],[13.44035311,52.47375968],[13.44050451,52.47380305],[13.43913822,52.47671437],[13.43750958,52.47898091],[13.43704779,52.4785533],[13.43352456,52.4781486],[13.4327616,52.47827766],[13.43294488,52.47776752],[13.43084131,52.47752141],[13.42951147,52.47770523],[13.42683024,52.47729993],[13.42615343,52.47757917],[13.42717255,52.47515629],[13.42670078,52.47533702],[13.42496067,52.47513726],[13.42552076,52.47333639],[13.42447004,52.47300928],[13.42462358,52.47257908],[13.42833311,52.47299874],[13.42886009,52.47198323]]]},"properties":{"esb":"0809","bez":"08","bezname":"Neukölln"},"id":"schulen_esb.0809"},
{"type":"Feature","geometry":{"type":"Polygon","coordinates":[[[13.50086172,52.39934412],[13.50045493,52.40288717],[13.50893296,52.40612843],[13.50542437,52.40975554],[13.50278375,52.4123392],[13.50109421,52.4137097],[13.49919408,52.41468274],[13.49642802,52.4157168],[13.49365027,52.41717405],[13.4899744,52.42001956],[13.48620492,52.41840651],[13.4851458,52.41913318],[13.4828708,52.42039307],[13.48122517,52.42109652],[13.47996153,52.42006597],[13.47910379,52.4189874],[13.47219166,52.41211629],[13.4731211,52.41065805],[13.47417588,52.40863021],[13.47581957,52.40623914],[13.47703063,52.4039895],[13.47760703,52.40342766],[13.47760501,52.4027177],[13.47898104,52.39984456],[13.47916451,52.39857765],[13.4797609,52.39594346],[13.48354496,52.39693395],[13.48673421,52.39744822],[13.49055738,52.39775554],[13.49502551,52.39856761],[13.49754,52.39880943],[13.50086172,52.39934412]]]},"properties":{"esb":"0811","bez":"08","bezname":"Neukölln"},"id":"schulen_esb.0811"},
{"type":"Feature","geometry":{"type":"Polygon","coordinates":[[[13.46031057,52.43538571],[13.46262333,52.43780097],[13.45975365,52.43957722],[13.45642624,52.4425354],[13.4557755,52.44348436],[13.45503935,52.44558888],[13.45397754,52.44821235],[13.45384457,52.44836403],[13.45233123,52.45243458],[13.44915112,52.45241547],[13.44989756,52.44967565],[13.44997775,52.44727722],[13.44985482,52.44565403],[13.44503747,52.44583635],[13.44406641,52.44592742],[13.4420718,52.44705755],[13.44041882,52.44771638],[13.4387519,52.44818465],[13.43771722,52.44731668],[13.4372016,52.44683057],[13.43758176,52.44666583],[13.43685712,52.44587653],[13.43779866,52.44547004],[13.43657545,52.44434475],[13.43543374,52.44411195],[13.43547364,52.44338858],[13.43401213,52.44297911],[13.43463909,52.44151799],[13.43577984,52.4416151],[13.43719551,52.44139001],[13.43844478,52.44259533],[13.43968349,52.44248765],[13.44165989,52.44110861],[13.44139379,52.44038925],[13.44052008,52.43939036],[13.44013167,52.43839222],[13.44198618,52.43763126],[13.44399705,52.43709068],[13.44528432,52.4369354],[13.44837955,52.4369401],[13.44905572,52.43516714],[13.45073199,52.43478591],[13.45128565,52.4364349],[13.4515576,52.43645328],[13.45273629,52.43548175],[13.45420623,52.43484046],[13.45747428,52.43383327],[13.45836115,52.43337621],[13.46031057,52.43538571]]]},"properties":{"esb":"0813","bez":"08","bezname":"Neukölln"},"id":"schulen_esb.0813"},
{"type":"Feature","geometry":{"type":"Polygon","coordinates":[[[13.42870312,52.47187423],[13.4294566,52.47088067],[13.43038858,52.46911544],[13.43896282,52.47019876],[13.43872446,52.47088407],[13.44114405,52.4711503],[13.44125795,52.47206082],[13.44078108,52.47347727],[13.44035311,52.47375968],[13.43739478,52.47451795],[13.43559384,52.47442699],[13.43610866,52.47278236],[13.42912237,52.47190818],[13.42886009,52.47198323],[13.42870312,52.47187423]]]},"properties":{"esb":"0814","bez":"08","bezname":"Neukölln"},"id":"schulen_esb.0814"},
{"type":"Feature","geometry":{"type":"Polygon","coordinates":[[[13.42300525,52.461316],[13.42634338,52.46166679],[13.42660868,52.4599382],[13.43501268,52.46083101],[13.43467943,52.46201941],[13.43406377,52.46318668],[13.43918455,52.46372691],[13.44361987,52.46425239],[13.44233688,52.46565681],[13.44096056,52.4668445],[13.43660289,52.46634331],[13.43663055,52.46606926],[13.43457095,52.46598865],[13.432306,52.46576028],[13.43038858,52.46911544],[13.4294566,52.47088067],[13.42870312,52.47187423],[13.42165058,52.4710687],[13.42025701,52.47075174],[13.42105752,52.46727979],[13.41655556,52.46683513],[13.41687582,52.46539423],[13.42153804,52.46583467],[13.42170634,52.46349393],[13.42213192,52.4624603],[13.42197006,52.46151282],[13.42300525,52.461316]]]},"properties":{"esb":"0815","bez":"08","bezname":"Neukölln"},"id":"schulen_esb.0815"},
{"type":"Feature","geometry":{"type":"Polygon","coordinates":[[[13.45666635,52.42293211],[13.45735495,52.42391265],[13.46030121,52.42302804],[13.46096883,52.4233525],[13.46245425,52.42315237],[13.46307129,52.42403842],[13.46114844,52.42445723],[13.46158253,52.42512824],[13.46086108,52.42542829],[13.46153277,52.4258552],[13.46057171,52.42615042],[13.45832022,52.42713667],[13.4563889,52.42818086],[13.45771603,52.42828611],[13.45771878,52.42949034],[13.45783353,52.4302391],[13.45742199,52.43097722],[13.45567913,52.43038159],[13.45107745,52.428511],[13.44691567,52.42701205],[13.44700717,52.42692592],[13.4492937,52.42496127],[13.45048054,52.42446069],[13.45666635,52.42293211]]]},"properties":{"esb":"0816","bez":"08","bezname":"Neukölln"},"id":"schulen_esb.0816"},
{"type":"Feature","geometry":{"type":"Polygon","coordinates":[[[13.4377624,52.4790577],[13.43750958,52.47898091],[13.43913822,52.47671437],[13.44050451,52.47380305],[13.44035311,52.47375968],[13.44078108,52.47347727],[13.44125795,52.47206082],[13.44114405,52.4711503],[13.44129453,52.47035881],[13.44312573,52.47056836],[13.44289011,52.47167065],[13.44596433,52.47201059],[13.44612679,52.47258778],[13.44700911,52.47274639],[13.44650264,52.47352477],[13.44685093,52.47364392],[13.44742073,52.47285216],[13.44858175,52.47324124],[13.44864569,52.4738066],[13.44935528,52.47410961],[13.44925089,52.47518426],[13.44884897,52.47558716],[13.44772845,52.47608423],[13.4461805,52.47636676],[13.44663551,52.47702977],[13.44405437,52.47837111],[13.44516518,52.47918701],[13.44270218,52.48039551],[13.44116868,52.47929764],[13.44055404,52.47950786],[13.4377624,52.4790577]]]},"properties":{"esb":"0817","bez":"08","bezname":"Neukölln"},"id":"schulen_esb.0817"},
{"type":"Feature","geometry":{"type":"Polygon","coordinates":[[[13.44270218,52.48039551],[13.44516518,52.47918701],[13.44405437,52.47837111],[13.44663551,52.47702977],[13.4461805,52.47636676],[13.44772845,52.47608423],[13.44884897,52.47558716],[13.45015718,52.47672683],[13.45587122,52.47388465],[13.45687262,52.47370815],[13.45754124,52.47703867],[13.45766291,52.47870227],[13.45850859,52.47963539],[13.45890021,52.48038274],[13.4591037,52.48183437],[13.45588857,52.48195109],[13.45549637,52.47946572],[13.45530543,52.47936389],[13.4535355,52.480313],[13.44444228,52.48494544],[13.44011364,52.48167295],[13.44270218,52.48039551]]]},"properties":{"esb":"0818","bez":"08","bezname":"Neukölln"},"id":"schulen_esb.0818"},
{"type":"Feature","geometry":{"type":"Polygon","coordinates":[[[13.42098838,52.45653519],[13.41965545,52.45467801],[13.41767836,52.4521996],[13.41683239,52.45223764],[13.41646351,52.45155041],[13.42008632,52.45219215],[13.42137018,52.4522492],[13.42916138,52.45233166],[13.4330484,52.45248547],[13.43828734,52.45261974],[13.44036091,52.45273087],[13.4450282,52.45238405],[13.44915112,52.45241547],[13.45233123,52.45243458],[13.45384457,52.44836403],[13.45397754,52.44821235],[13.45486977,52.44835204],[13.45586152,52.44595942],[13.45879607,52.4458432],[13.46133146,52.44745179],[13.46213257,52.44639158],[13.46536074,52.44924122],[13.46376094,52.45031024],[13.46261725,52.45132415],[13.46144213,52.45285924],[13.45902792,52.45644423],[13.45697585,52.45910496],[13.45674797,52.45944882],[13.44997533,52.45965189],[13.45183826,52.45731722],[13.450562,52.45751932],[13.448793,52.45733425],[13.44936686,52.45656854],[13.44523813,52.45606622],[13.44628302,52.45704018],[13.43726266,52.45591532],[13.43619668,52.45817916],[13.43382929,52.4579192],[13.42890595,52.4568156],[13.42716711,52.45649365],[13.42656304,52.45669842],[13.42494236,52.45659682],[13.42119481,52.45674853],[13.42098838,52.45653519]]]},"properties":{"esb":"0819","bez":"08","bezname":"Neukölln"},"id":"schulen_esb.0819"},
{"type":"Feature","geometry":{"type":"Polygon","coordinates":[[[13.4591037,52.48183437],[13.45890021,52.48038274],[13.45850859,52.47963539],[13.45766291,52.47870227],[13.45754124,52.47703867],[13.45687262,52.47370815],[13.45587122,52.47388465],[13.45540013,52.47316683],[13.45422715,52.47205887],[13.45343264,52.47202086],[13.45250736,52.47155759],[13.45207827,52.47103124],[13.45246244,52.4706328],[13.45327008,52.47107073],[13.45456922,52.47113464],[13.45714241,52.47051917],[13.45690385,52.47017913],[13.45893151,52.46943613],[13.46142601,52.46896425],[13.46290227,52.46886924],[13.46708299,52.46921645],[13.46742986,52.46932925],[13.47291121,52.47017495],[13.47097254,52.47202996],[13.46978476,52.47333056],[13.46959845,52.47399173],[13.47037714,52.47601836],[13.47056534,52.47690379],[13.46383663,52.48164507],[13.46326847,52.48204239],[13.46235468,52.48157112],[13.46173249,52.48185154],[13.4591037,52.48183437]]]},"properties":{"esb":"0820","bez":"08","bezname":"Neukölln"},"id":"schulen_esb.0820"},
{"type":"Feature","geometry":{"type":"Polygon","coordinates":[[[13.43038858,52.46911544],[13.432306,52.46576028],[13.43457095,52.46598865],[13.43663055,52.46606926],[13.43660289,52.46634331],[13.44096056,52.4668445],[13.44233688,52.46565681],[13.44172869,52.46929187],[13.44129453,52.47035881],[13.44114405,52.4711503],[13.43872446,52.47088407],[13.43896282,52.47019876],[13.43038858,52.46911544]]]},"properties":{"esb":"0821","bez":"08","bezname":"Neukölln"},"id":"schulen_esb.0821"},
{"type":"Feature","geometry":{"type":"Polygon","coordinates":[[[13.45073199,52.43478591],[13.45053322,52.4333783],[13.44929971,52.43299182],[13.44901233,52.43206127],[13.4476938,52.42908108],[13.44623297,52.42751247],[13.44691567,52.42701205],[13.45107745,52.428511],[13.45567913,52.43038159],[13.45742199,52.43097722],[13.45783353,52.4302391],[13.45771878,52.42949034],[13.45842445,52.42949224],[13.45875143,52.43049742],[13.46036365,52.43104879],[13.46072488,52.43155795],[13.46177087,52.43099235],[13.46507176,52.42972528],[13.46737143,52.42841903],[13.46802833,52.42848911],[13.47005235,52.42983982],[13.46970028,52.43045045],[13.4688196,52.43045467],[13.46881233,52.43125718],[13.46934454,52.43126148],[13.47084529,52.43219809],[13.47266836,52.4313719],[13.47332685,52.43227322],[13.47311997,52.43257131],[13.46910264,52.43436787],[13.4678845,52.43374166],[13.46427719,52.43310769],[13.46344599,52.43403488],[13.46256333,52.43455668],[13.46031057,52.43538571],[13.45836115,52.43337621],[13.45747428,52.43383327],[13.45420623,52.43484046],[13.45273629,52.43548175],[13.4515576,52.43645328],[13.45128565,52.4364349],[13.45073199,52.43478591]]]},"properties":{"esb":"0822","bez":"08","bezname":"Neukölln"},"id":"schulen_esb.0822"},
{"type":"Feature","geometry":{"type":"Polygon","coordinates":[[[13.42656304,52.45669842],[13.42716711,52.45649365],[13.42890595,52.4568156],[13.43382929,52.4579192],[13.43619668,52.45817916],[13.43533479,52.46017101],[13.44576507,52.46138085],[13.44507613,52.46255166],[13.44400423,52.46381354],[13.44361987,52.46425239],[13.43918455,52.46372691],[13.43406377,52.46318668],[13.43467943,52.46201941],[13.43501268,52.46083101],[13.42660868,52.4599382],[13.42634338,52.46166679],[13.42300525,52.461316],[13.42322573,52.46040244],[13.42142234,52.46065275],[13.4206074,52.45936623],[13.4243696,52.45799417],[13.42656304,52.45669842]]]},"properties":{"esb":"0823","bez":"08","bezname":"Neukölln"},"id":"schulen_esb.0823"},
{"type":"Feature","geometry":{"type":"Polygon","coordinates":[[[13.45674797,52.45944882],[13.45629354,52.45978607],[13.45332414,52.4629226],[13.45284137,52.46409106],[13.45303984,52.46525422],[13.45120855,52.46511223],[13.44433843,52.46376283],[13.44400423,52.46381354],[13.44507613,52.46255166],[13.44576507,52.46138085],[13.43533479,52.46017101],[13.43619668,52.45817916],[13.43726266,52.45591532],[13.44628302,52.45704018],[13.44523813,52.45606622],[13.44936686,52.45656854],[13.448793,52.45733425],[13.450562,52.45751932],[13.45183826,52.45731722],[13.44997533,52.45965189],[13.45674797,52.45944882]]]},"properties":{"esb":"0824","bez":"08","bezname":"Neukölln"},"id":"schulen_esb.0824"},
{"type":"Feature","geometry":{"type":"Polygon","coordinates":[[[13.50893296,52.40612843],[13.51137896,52.40352377],[13.51352795,52.40146787],[13.51414548,52.40129501],[13.5159999,52.40178564],[13.51598422,52.40218194],[13.51697876,52.4028371],[13.51664988,52.40333107],[13.51933041,52.40493856],[13.51904344,52.40512073],[13.52070102,52.4062905],[13.52177831,52.40744176],[13.52233411,52.40854043],[13.52320461,52.41081035],[13.52293221,52.41103747],[13.52347301,52.41166702],[13.523009,52.41213123],[13.52406079,52.41359069],[13.52225408,52.41442668],[13.5229586,52.41544819],[13.52212225,52.41735175],[13.52215382,52.41829628],[13.52211705047475,52.418415823158114],[13.52211679,52.41841577],[13.52211679,52.41841667],[13.52084271,52.41954248],[13.52050154,52.42083357],[13.51948149,52.42141948],[13.51859715,52.42239554],[13.51814415,52.42190086],[13.51369785,52.42008498],[13.51181343,52.41953948],[13.50572081,52.41849995],[13.50908002,52.41547929],[13.50725316,52.41439276],[13.50582392,52.41573214],[13.50454675,52.41519252],[13.50289935,52.41671677],[13.50083008,52.41614932],[13.50287106,52.41422202],[13.50109421,52.4137097],[13.50278375,52.4123392],[13.50542437,52.40975554],[13.50893296,52.40612843]]]},"properties":{"esb":"0825","bez":"08","bezname":"Neukölln"},"id":"schulen_esb.0825"},
{"type":"Feature","geometry":{"type":"Polygon","coordinates":[[[13.41958153,52.4101828],[13.42177248,52.41052991],[13.42469359,52.41125298],[13.42795319,52.41188847],[13.43193011,52.41251427],[13.43535272,52.41356322],[13.438741,52.41443049],[13.43809155,52.41749843],[13.43825698,52.41937692],[13.43786295,52.4218135],[13.43747401,52.42270526],[13.43664386,52.42364394],[13.43541699,52.42487315],[13.43517172,52.42651732],[13.43433205,52.42691497],[13.43426241,52.42771647],[13.43204948,52.4271359],[13.42886308,52.42630474],[13.42887907,52.42601539],[13.42798049,52.42478989],[13.42163905,52.4244178],[13.41921946,52.42377912],[13.42121064,52.42075856],[13.42024078,52.42070025],[13.42112463,52.4193394],[13.41683042,52.41826603],[13.41794134,52.41676271],[13.41946824,52.41617497],[13.42043846,52.41550176],[13.42088652,52.41459757],[13.42115807,52.41309097],[13.41993975,52.41277431],[13.4194388,52.41241845],[13.41825471,52.4107691],[13.41967416,52.41048581],[13.41958153,52.4101828]]]},"properties":{"esb":"0826","bez":"08","bezname":"Neukölln"},"id":"schulen_esb.0826"},
{"type":"Feature","geometry":{"type":"Polygon","coordinates":[[[13.46031057,52.43538571],[13.46256333,52.43455668],[13.46344599,52.43403488],[13.46427719,52.43310769],[13.4678845,52.43374166],[13.46910264,52.43436787],[13.47311997,52.43257131],[13.47567361,52.43135061],[13.47663284,52.43073175],[13.47973854,52.42834068],[13.48360286,52.43127599],[13.48859592,52.43547333],[13.48755396,52.43623598],[13.48895507,52.43723784],[13.48991662,52.437274],[13.48897522,52.43784896],[13.48480732,52.43987773],[13.48331865,52.44048343],[13.46613884,52.44882799],[13.46536074,52.44924122],[13.46213257,52.44639158],[13.46133146,52.44745179],[13.45879607,52.4458432],[13.45586152,52.44595942],[13.45486977,52.44835204],[13.45397754,52.44821235],[13.45503935,52.44558888],[13.4557755,52.44348436],[13.45642624,52.4425354],[13.45975365,52.43957722],[13.46262333,52.43780097],[13.46031057,52.43538571]]]},"properties":{"esb":"0827","bez":"08","bezname":"Neukölln"},"id":"schulen_esb.0827"},
{"type":"Feature","geometry":{"type":"Polygon","coordinates":[[[13.50109421,52.4137097],[13.50287106,52.41422202],[13.50083008,52.41614932],[13.50289935,52.41671677],[13.50454675,52.41519252],[13.50582392,52.41573214],[13.50725316,52.41439276],[13.50908002,52.41547929],[13.50572081,52.41849995],[13.51181343,52.41953948],[13.51369785,52.42008498],[13.51814415,52.42190086],[13.51859715,52.42239554],[13.5184342,52.42290943],[13.51959571,52.42462875],[13.52045915,52.42624174],[13.51999053,52.42671402],[13.51588536,52.42698705],[13.51408687,52.42720733],[13.51139527,52.42770891],[13.50801271,52.42873455],[13.50609213,52.4267843],[13.50249615,52.42840449],[13.49969648,52.42653678],[13.49861541,52.42723658],[13.49725049,52.42645775],[13.49677298,52.42586859],[13.49542927,52.42589407],[13.49543254,52.42429893],[13.49474693,52.42153924],[13.49454618,52.42132783],[13.49330696,52.42233385],[13.49139524,52.42067183],[13.4899744,52.42001956],[13.49365027,52.41717405],[13.49642802,52.4157168],[13.49919408,52.41468274],[13.50109421,52.4137097]]]},"properties":{"esb":"0828","bez":"08","bezname":"Neukölln"},"id":"schulen_esb.0828"},
{"type":"Feature","geometry":{"type":"Polygon","coordinates":[[[13.43401213,52.44297911],[13.43359077,52.44416467],[13.4301302,52.44285949],[13.42816589,52.44243294],[13.4190621,52.43788531],[13.42001056,52.43693887],[13.42216694,52.43392129],[13.42097296,52.42856312],[13.42174789,52.42852942],[13.42295571,52.42803005],[13.42386613,52.42826257],[13.42584736,52.42837829],[13.42893704,52.42784609],[13.43107268,52.42761598],[13.43204948,52.4271359],[13.43426241,52.42771647],[13.43433205,52.42691497],[13.43517172,52.42651732],[13.43541699,52.42487315],[13.43664386,52.42364394],[13.43988259,52.4242584],[13.44304095,52.42548554],[13.44700717,52.42692592],[13.44691567,52.42701205],[13.44623297,52.42751247],[13.4476938,52.42908108],[13.44901233,52.43206127],[13.44929971,52.43299182],[13.45053322,52.4333783],[13.45073199,52.43478591],[13.44905572,52.43516714],[13.44837955,52.4369401],[13.44528432,52.4369354],[13.44399705,52.43709068],[13.44198618,52.43763126],[13.44013167,52.43839222],[13.44052008,52.43939036],[13.44139379,52.44038925],[13.44165989,52.44110861],[13.43968349,52.44248765],[13.43844478,52.44259533],[13.43719551,52.44139001],[13.43577984,52.4416151],[13.43463909,52.44151799],[13.43401213,52.44297911]]]},"properties":{"esb":"0829","bez":"08","bezname":"Neukölln"},"id":"schulen_esb.0829"},
{"type":"Feature","geometry":{"type":"Polygon","coordinates":[[[13.40698312,52.43031464],[13.40676765,52.42988827],[13.40620212,52.42742845],[13.40513567,52.4254988],[13.40259911,52.42215904],[13.40546601,52.42176183],[13.40481338,52.41999921],[13.40011756,52.4187717],[13.39949235,52.41801562],[13.40250295,52.41270839],[13.40607588,52.41324263],[13.40846602,52.41343938],[13.40996533,52.41338552],[13.41148028,52.41313666],[13.41426626,52.41231222],[13.41825471,52.4107691],[13.4194388,52.41241845],[13.41993975,52.41277431],[13.42115807,52.41309097],[13.42088652,52.41459757],[13.42043846,52.41550176],[13.41946824,52.41617497],[13.41794134,52.41676271],[13.41683042,52.41826603],[13.42112463,52.4193394],[13.42024078,52.42070025],[13.42121064,52.42075856],[13.41921946,52.42377912],[13.42163905,52.4244178],[13.42798049,52.42478989],[13.42887907,52.42601539],[13.42886308,52.42630474],[13.43204948,52.4271359],[13.43107268,52.42761598],[13.42893704,52.42784609],[13.42584736,52.42837829],[13.42386613,52.42826257],[13.42295571,52.42803005],[13.42174789,52.42852942],[13.42097296,52.42856312],[13.42216694,52.43392129],[13.42001056,52.43693887],[13.4190621,52.43788531],[13.41305479,52.43494045],[13.41299286,52.43467164],[13.41063087,52.43359074],[13.41052312,52.43367771],[13.40860169,52.43272608],[13.40698312,52.43031464]]]},"properties":{"esb":"0830","bez":"08","bezname":"Neukölln"},"id":"schulen_esb.0830"},
{"type":"Feature","geometry":{"type":"Polygon","coordinates":[[[13.45666635,52.42293211],[13.45737992,52.42276688],[13.45675814,52.42199852],[13.45231016,52.4216155],[13.45326129,52.41896761],[13.45468514,52.41945228],[13.45945793,52.42056808],[13.46354527,52.42107795],[13.46801459,52.42002898],[13.46693648,52.42225535],[13.46759179,52.42315131],[13.46803454,52.4247102],[13.46853032,52.4258369],[13.46803013,52.42593958],[13.46835462,52.42687194],[13.46814128,52.42773887],[13.4672616,52.42830026],[13.46409587,52.42644019],[13.46337763,52.42587214],[13.46153277,52.4258552],[13.46086108,52.42542829],[13.46158253,52.42512824],[13.46114844,52.42445723],[13.46307129,52.42403842],[13.46245425,52.42315237],[13.46096883,52.4233525],[13.46030121,52.42302804],[13.45735495,52.42391265],[13.45666635,52.42293211]]]},"properties":{"esb":"0831","bez":"08","bezname":"Neukölln"},"id":"schulen_esb.0831"},
{"type":"Feature","geometry":{"type":"Polygon","coordinates":[[[13.4899744,52.42001956],[13.49139524,52.42067183],[13.49330696,52.42233385],[13.49454618,52.42132783],[13.49474693,52.42153924],[13.49543254,52.42429893],[13.49542927,52.42589407],[13.49677298,52.42586859],[13.49725049,52.42645775],[13.49861541,52.42723658],[13.49969648,52.42653678],[13.50249615,52.42840449],[13.50609213,52.4267843],[13.50801271,52.42873455],[13.50596685,52.42959342],[13.49507468,52.43488489],[13.49443891,52.4350774],[13.48991662,52.437274],[13.48895507,52.43723784],[13.48755396,52.43623598],[13.48859592,52.43547333],[13.48360286,52.43127599],[13.47973854,52.42834068],[13.48324584,52.4257631],[13.48183088,52.42555019],[13.48181121,52.42527157],[13.48044296,52.42560689],[13.48066315,52.424367],[13.47909845,52.42410983],[13.47549002,52.42398665],[13.47548173,52.4234034],[13.47701687,52.42325797],[13.47704816,52.42270083],[13.4790223,52.42270241],[13.47901191,52.4222935],[13.47993782,52.42233779],[13.47957805,52.42134431],[13.48005873,52.42134042],[13.4800462,52.42068617],[13.47811035,52.42068914],[13.47669136,52.42084821],[13.47669113,52.41961793],[13.47868986,52.41969683],[13.47996153,52.42006597],[13.48122517,52.42109652],[13.4828708,52.42039307],[13.4851458,52.41913318],[13.48620492,52.41840651],[13.4899744,52.42001956]]]},"properties":{"esb":"0833","bez":"08","bezname":"Neukölln"},"id":"schulen_esb.0833"},
{"type":"Feature","geometry":{"type":"Polygon","coordinates":[[[13.44700717,52.42692592],[13.44304095,52.42548554],[13.43988259,52.4242584],[13.43664386,52.42364394],[13.43747401,52.42270526],[13.43786295,52.4218135],[13.43825698,52.41937692],[13.43809155,52.41749843],[13.438741,52.41443049],[13.44060879,52.41481987],[13.44705759,52.41668291],[13.44790079,52.41715599],[13.45326129,52.41896761],[13.45231016,52.4216155],[13.45675814,52.42199852],[13.45737992,52.42276688],[13.45666635,52.42293211],[13.45048054,52.42446069],[13.4492937,52.42496127],[13.44700717,52.42692592]]]},"properties":{"esb":"0834","bez":"08","bezname":"Neukölln"},"id":"schulen_esb.0834"},
{"type":"Feature","geometry":{"type":"Polygon","coordinates":[[[13.45697585,52.45910496],[13.45842458,52.45920229],[13.47496643,52.45876184],[13.47497429,52.4594709],[13.4757947,52.46091251],[13.47719607,52.46198999],[13.47854148,52.46398044],[13.47833571,52.46522933],[13.47634584,52.46712929],[13.47496641,52.46818796],[13.47291121,52.47017495],[13.46742986,52.46932925],[13.46708299,52.46921645],[13.46290227,52.46886924],[13.46142601,52.46896425],[13.45893151,52.46943613],[13.45690385,52.47017913],[13.45303984,52.46525422],[13.45284137,52.46409106],[13.45332414,52.4629226],[13.45629354,52.45978607],[13.45674797,52.45944882],[13.45697585,52.45910496]]]},"properties":{"esb":"0835","bez":"08","bezname":"Neukölln"},"id":"schulen_esb.0835"},
{"type":"Feature","geometry":{"type":"Polygon","coordinates":[[[13.44361987,52.46425239],[13.44400423,52.46381354],[13.44433843,52.46376283],[13.45120855,52.46511223],[13.45303984,52.46525422],[13.45690385,52.47017913],[13.45714241,52.47051917],[13.45456922,52.47113464],[13.45327008,52.47107073],[13.45246244,52.4706328],[13.45207827,52.47103124],[13.45250736,52.47155759],[13.45343264,52.47202086],[13.45422715,52.47205887],[13.45540013,52.47316683],[13.45587122,52.47388465],[13.45015718,52.47672683],[13.44884897,52.47558716],[13.44925089,52.47518426],[13.44935528,52.47410961],[13.44864569,52.4738066],[13.44858175,52.47324124],[13.44742073,52.47285216],[13.44685093,52.47364392],[13.44650264,52.47352477],[13.44700911,52.47274639],[13.44612679,52.47258778],[13.44596433,52.47201059],[13.44289011,52.47167065],[13.44312573,52.47056836],[13.44129453,52.47035881],[13.44172869,52.46929187],[13.44233688,52.46565681],[13.44361987,52.46425239]]]},"properties":{"esb":"0836","bez":"08","bezname":"Neukölln"},"id":"schulen_esb.0836"},
{"type":"Feature","geometry":{"type":"Polygon","coordinates":[[[13.50086172,52.39934412],[13.50574227,52.39990279],[13.51174157,52.40081551],[13.51414548,52.40129501],[13.51352795,52.40146787],[13.51137896,52.40352377],[13.50893296,52.40612843],[13.50045493,52.40288717],[13.50086172,52.39934412]]]},"properties":{"esb":"0837","bez":"08","bezname":"Neukölln"},"id":"schulen_esb.0837"},
{"type":"Feature","geometry":{"type":"Polygon","coordinates":[[[13.41642382,52.45154494],[13.41603748,52.45081993],[13.4156875,52.44926191],[13.41506323,52.44847176],[13.41472461,52.44700812],[13.41393847,52.44594178],[13.41052815,52.43745933],[13.4103361,52.43613973],[13.40911341,52.43420804],[13.40860169,52.43272608],[13.41052312,52.43367771],[13.41063087,52.43359074],[13.41299286,52.43467164],[13.41305479,52.43494045],[13.4190621,52.43788531],[13.42816589,52.44243294],[13.4301302,52.44285949],[13.43359077,52.44416467],[13.43401213,52.44297911],[13.43547364,52.44338858],[13.43543374,52.44411195],[13.43657545,52.44434475],[13.43779866,52.44547004],[13.43685712,52.44587653],[13.43758176,52.44666583],[13.4372016,52.44683057],[13.43771722,52.44731668],[13.4374743,52.44840368],[13.43625452,52.44885645],[13.43380766,52.44872128],[13.43383742,52.44998936],[13.43234905,52.44995726],[13.43236569,52.45052076],[13.43154798,52.45049964],[13.43146377,52.4515806],[13.43266235,52.4516311],[13.43323256,52.45208227],[13.4330484,52.45248547],[13.42916138,52.45233166],[13.42137018,52.4522492],[13.42008632,52.45219215],[13.41646351,52.45155041],[13.41642382,52.45154494]]]},"properties":{"esb":"0838","bez":"08","bezname":"Neukölln"},"id":"schulen_esb.0838"},
{"type":"Feature","geometry":{"type":"Polygon","coordinates":[[[13.46153277,52.4258552],[13.46337763,52.42587214],[13.46409587,52.42644019],[13.4672616,52.42830026],[13.46737143,52.42841903],[13.46507176,52.42972528],[13.46177087,52.43099235],[13.46072488,52.43155795],[13.46036365,52.43104879],[13.45875143,52.43049742],[13.45842445,52.42949224],[13.45771878,52.42949034],[13.45771603,52.42828611],[13.4563889,52.42818086],[13.45832022,52.42713667],[13.46057171,52.42615042],[13.46153277,52.4258552]]]},"properties":{"esb":"0851","bez":"08","bezname":"Neukölln"},"id":"schulen_esb.0851"},
{"type":"Feature","geometry":{"type":"Polygon","coordinates":[[[13.47996153,52.42006597],[13.47868986,52.41969683],[13.47669113,52.41961793],[13.47669136,52.42084821],[13.47811035,52.42068914],[13.4800462,52.42068617],[13.48005873,52.42134042],[13.47957805,52.42134431],[13.47993782,52.42233779],[13.47901191,52.4222935],[13.4790223,52.42270241],[13.47704816,52.42270083],[13.47701687,52.42325797],[13.47548173,52.4234034],[13.47549002,52.42398665],[13.47569043,52.42470584],[13.47445856,52.42470157],[13.47453287,52.42532085],[13.47384931,52.42531817],[13.47395801,52.42576765],[13.47253632,52.42581074],[13.472542,52.42502441],[13.47081472,52.42502214],[13.47080594,52.42584442],[13.46853032,52.4258369],[13.46803454,52.4247102],[13.46759179,52.42315131],[13.46693648,52.42225535],[13.46801459,52.42002898],[13.46885482,52.41811953],[13.47100914,52.41405948],[13.47219166,52.41211629],[13.47910379,52.4189874],[13.47996153,52.42006597]]]},"properties":{"esb":"0852","bez":"08","bezname":"Neukölln"},"id":"schulen_esb.0852"},
{"type":"Feature","geometry":{"type":"Polygon","coordinates":[[[13.44915112,52.45241547],[13.4450282,52.45238405],[13.44036091,52.45273087],[13.43828734,52.45261974],[13.4330484,52.45248547],[13.43323256,52.45208227],[13.43266235,52.4516311],[13.43146377,52.4515806],[13.43154798,52.45049964],[13.43236569,52.45052076],[13.43234905,52.44995726],[13.43383742,52.44998936],[13.43380766,52.44872128],[13.43625452,52.44885645],[13.4374743,52.44840368],[13.43771722,52.44731668],[13.4387519,52.44818465],[13.44041882,52.44771638],[13.4420718,52.44705755],[13.44406641,52.44592742],[13.44503747,52.44583635],[13.44985482,52.44565403],[13.44997775,52.44727722],[13.44989756,52.44967565],[13.44915112,52.45241547]]]},"properties":{"esb":"0856","bez":"08","bezname":"Neukölln"},"id":"schulen_esb.0856"},
{"type":"Feature","geometry":{"type":"Polygon","coordinates":[[[13.43299997,52.49204469],[13.43235436,52.49121327],[13.42932041,52.48817885],[13.43043478,52.48752378],[13.43172891,52.48715926],[13.43452,52.48614654],[13.43524001,52.48610906],[13.43547674,52.48617056],[13.43786833,52.48801396],[13.43998101,52.48692813],[13.44219982,52.48860043],[13.4396563,52.48990759],[13.43922601,52.48965798],[13.43826898,52.49037359],[13.43299997,52.49204469]]]},"properties":{"esb":"0858","bez":"08","bezname":"Neukölln"},"id":"schulen_esb.0858"},
{"type":"Feature","geometry":{"type":"Polygon","coordinates":[[[13.46737143,52.42841903],[13.4672616,52.42830026],[13.46814128,52.42773887],[13.46835462,52.42687194],[13.46803013,52.42593958],[13.46853032,52.4258369],[13.47080594,52.42584442],[13.47081472,52.42502214],[13.472542,52.42502441],[13.47253632,52.42581074],[13.47395801,52.42576765],[13.47384931,52.42531817],[13.47453287,52.42532085],[13.47445856,52.42470157],[13.47569043,52.42470584],[13.47549002,52.42398665],[13.47909845,52.42410983],[13.48066315,52.424367],[13.48044296,52.42560689],[13.48181121,52.42527157],[13.48183088,52.42555019],[13.48324584,52.4257631],[13.47973854,52.42834068],[13.47663284,52.43073175],[13.47567361,52.43135061],[13.47311997,52.43257131],[13.47332685,52.43227322],[13.47266836,52.4313719],[13.47084529,52.43219809],[13.46934454,52.43126148],[13.46881233,52.43125718],[13.4688196,52.43045467],[13.46970028,52.43045045],[13.47005235,52.42983982],[13.46802833,52.42848911],[13.46737143,52.42841903]]]},"properties":{"esb":"0863","bez":"08","bezname":"Neukölln"},"id":"schulen_esb.0863"},
{"type":"Feature","geometry":{"type":"Polygon","coordinates":[[[13.46246044,52.4954727],[13.45949692,52.49654065],[13.45507037,52.4974204],[13.45335015,52.49752304],[13.45273152,52.49757515],[13.45090461,52.49710515],[13.44788056,52.49484498],[13.44698329,52.49463333],[13.44612155,52.49473447],[13.44497441,52.49442087],[13.44081389,52.49119989],[13.43988892,52.49059993],[13.4396563,52.48990759],[13.44219982,52.48860043],[13.44444369,52.48745542],[13.44676205,52.48895254],[13.45032184,52.48708329],[13.45111349,52.48679779],[13.45925767,52.49284951],[13.46254148,52.49545753],[13.46246044,52.4954727]]]},"properties":{"esb":"0901","bez":"09","bezname":"Treptow-Köpenick"},"id":"schulen_esb.0901"},
{"type":"Feature","geometry":{"type":"Polygon","coordinates":[[[13.46261725,52.45132415],[13.46552893,52.45192307],[13.46749569,52.4518844],[13.47031432,52.45220629],[13.47249859,52.45433181],[13.47691359,52.45721771],[13.48979404,52.46782231],[13.49349356,52.46528959],[13.49481786,52.46674692],[13.49548818,52.46646908],[13.49791307,52.4689889],[13.49902697,52.4689964],[13.49844382,52.4696518],[13.4964769,52.47048361],[13.49581592,52.47156038],[13.49549093,52.47148364],[13.49483958,52.47277699],[13.49450389,52.47430435],[13.4944806,52.47519939],[13.49550883,52.47784171],[13.49560174,52.47876834],[13.49298736,52.47842303],[13.48732211,52.47571151],[13.48386143,52.47410147],[13.47855435,52.47768691],[13.47834577,52.47756443],[13.47581288,52.47927408],[13.47466957,52.47875859],[13.4732934,52.4787631],[13.47117959,52.48009576],[13.4670719,52.48286447],[13.46673211,52.4832073],[13.46601226,52.4828199],[13.46799554,52.48143683],[13.46641042,52.48058995],[13.46477514,52.48179913],[13.46383663,52.48164507],[13.47056534,52.47690379],[13.47037714,52.47601836],[13.46959845,52.47399173],[13.46978476,52.47333056],[13.47097254,52.47202996],[13.47291121,52.47017495],[13.47496641,52.46818796],[13.47634584,52.46712929],[13.47833571,52.46522933],[13.47854148,52.46398044],[13.47719607,52.46198999],[13.4757947,52.46091251],[13.47497429,52.4594709],[13.47496643,52.45876184],[13.45842458,52.45920229],[13.45697585,52.45910496],[13.45902792,52.45644423],[13.46144213,52.45285924],[13.46261725,52.45132415]]]},"properties":{"esb":"0903","bez":"09","bezname":"Treptow-Köpenick"},"id":"schulen_esb.0903"},
{"type":"Feature","geometry":{"type":"Polygon","coordinates":[[[13.46536074,52.44924122],[13.46613884,52.44882799],[13.48331865,52.44048343],[13.48627852,52.4429053],[13.48744185,52.442416],[13.48845005,52.44309119],[13.48967872,52.44428785],[13.4884226,52.44481211],[13.48803104,52.44445937],[13.48676753,52.44498361],[13.48898952,52.44694711],[13.48642397,52.44804317],[13.48764136,52.44911672],[13.48639684,52.44964097],[13.48837422,52.45134179],[13.48889554,52.45114289],[13.49547165,52.45470101],[13.49966466,52.4570493],[13.49734735,52.45816744],[13.50055603,52.46017941],[13.50062383,52.46013455],[13.50268732,52.46139845],[13.50367493,52.46072458],[13.50570997,52.46167027],[13.50605049,52.46196898],[13.50467786,52.46248071],[13.50260609,52.4636019],[13.50108937,52.46559714],[13.49962639,52.46779103],[13.49902697,52.4689964],[13.49791307,52.4689889],[13.49548818,52.46646908],[13.49481786,52.46674692],[13.49349356,52.46528959],[13.48979404,52.46782231],[13.47691359,52.45721771],[13.47249859,52.45433181],[13.47031432,52.45220629],[13.46749569,52.4518844],[13.46552893,52.45192307],[13.46261725,52.45132415],[13.46376094,52.45031024],[13.46536074,52.44924122]]]},"properties":{"esb":"0904","bez":"09","bezname":"Treptow-Köpenick"},"id":"schulen_esb.0904"},
{"type":"Feature","geometry":{"type":"Polygon","coordinates":[[[13.48991662,52.437274],[13.49443891,52.4350774],[13.49507468,52.43488489],[13.50596685,52.42959342],[13.50801271,52.42873455],[13.51139527,52.42770891],[13.51408687,52.42720733],[13.51588536,52.42698705],[13.51999053,52.42671402],[13.52045915,52.42624174],[13.52129755,52.42604838],[13.52659025,52.42584177],[13.52676428,52.42884527],[13.52403056,52.42851313],[13.52362594,52.43117824],[13.5219498,52.43120463],[13.52196962,52.43090899],[13.51998767,52.43094137],[13.51977528,52.43061407],[13.51832661,52.43082394],[13.51742446,52.43059395],[13.51636728,52.43121755],[13.51648871,52.43145851],[13.51373306,52.43334493],[13.51275658,52.44026825],[13.51192967,52.44044809],[13.51257979,52.44153162],[13.51170577,52.44172309],[13.51173164,52.44251844],[13.50924491,52.44304172],[13.50954258,52.44337003],[13.50798182,52.44406945],[13.50702707,52.44363173],[13.50633831,52.44381616],[13.5064505,52.44474191],[13.50506387,52.44519253],[13.50386856,52.44611872],[13.50397526,52.44635698],[13.50265455,52.44687594],[13.50141458,52.44691687],[13.50102698,52.44719415],[13.49989572,52.44727832],[13.49847832,52.44611752],[13.49262826,52.44158623],[13.49216628,52.44117591],[13.48845005,52.44309119],[13.48744185,52.442416],[13.48627852,52.4429053],[13.48331865,52.44048343],[13.48480732,52.43987773],[13.48897522,52.43784896],[13.48991662,52.437274]]]},"properties":{"esb":"0905","bez":"09","bezname":"Treptow-Köpenick"},"id":"schulen_esb.0905"},
{"type":"Feature","geometry":{"type":"Polygon","coordinates":[[[13.48845005,52.44309119],[13.49216628,52.44117591],[13.49262826,52.44158623],[13.49847832,52.44611752],[13.49989572,52.44727832],[13.50102698,52.44719415],[13.50141458,52.44691687],[13.50265455,52.44687594],[13.50397526,52.44635698],[13.50386856,52.44611872],[13.50506387,52.44519253],[13.5064505,52.44474191],[13.50633831,52.44381616],[13.50702707,52.44363173],[13.50798182,52.44406945],[13.50954258,52.44337003],[13.50924491,52.44304172],[13.51173164,52.44251844],[13.51170577,52.44172309],[13.51257979,52.44153162],[13.51192967,52.44044809],[13.51275658,52.44026825],[13.51373306,52.43334493],[13.51648871,52.43145851],[13.51636728,52.43121755],[13.51742446,52.43059395],[13.51832661,52.43082394],[13.51977528,52.43061407],[13.51998767,52.43094137],[13.52196962,52.43090899],[13.5219498,52.43120463],[13.52362594,52.43117824],[13.52403056,52.42851313],[13.52676428,52.42884527],[13.52940493,52.42940374],[13.53327833,52.43103794],[13.5386526,52.43443542],[13.54015857,52.43501527],[13.53867887,52.43601261],[13.53565555,52.43752999],[13.53529573,52.43731762],[13.53323413,52.43872963],[13.52875909,52.44087924],[13.5312179,52.44222206],[13.53049624,52.44271035],[13.52020867,52.44966627],[13.51852191,52.45074315],[13.51825761,52.45055508],[13.5131392,52.4533173],[13.511296,52.45447301],[13.50988588,52.45369518],[13.50885437,52.45437805],[13.50908924,52.45456161],[13.50793294,52.4551401],[13.50588458,52.45646717],[13.50062383,52.46013455],[13.50055603,52.46017941],[13.49734735,52.45816744],[13.49966466,52.4570493],[13.49547165,52.45470101],[13.48889554,52.45114289],[13.48837422,52.45134179],[13.48639684,52.44964097],[13.48764136,52.44911672],[13.48642397,52.44804317],[13.48898952,52.44694711],[13.48676753,52.44498361],[13.48803104,52.44445937],[13.4884226,52.44481211],[13.48967872,52.44428785],[13.48845005,52.44309119]]]},"properties":{"esb":"0906","bez":"09","bezname":"Treptow-Köpenick"},"id":"schulen_esb.0906"},
{"type":"Feature","geometry":{"type":"Polygon","coordinates":[[[13.50062383,52.46013455],[13.50588458,52.45646717],[13.50793294,52.4551401],[13.50908924,52.45456161],[13.50885437,52.45437805],[13.50988588,52.45369518],[13.511296,52.45447301],[13.5131392,52.4533173],[13.51825761,52.45055508],[13.51852191,52.45074315],[13.52020867,52.44966627],[13.53049624,52.44271035],[13.53158321,52.44330974],[13.53316052,52.44224607],[13.53663308,52.44417999],[13.53993872,52.44214696],[13.54079912,52.44209816],[13.54082181,52.44252954],[13.54174386,52.44253919],[13.54409034,52.44365968],[13.54483394,52.44315964],[13.544136,52.44283204],[13.54454104,52.44250071],[13.54338913,52.44194273],[13.54500471,52.44068122],[13.55086042,52.44326338],[13.55063523,52.44336748],[13.55496151,52.45082822],[13.55726429,52.45029218],[13.55850052,52.44984087],[13.55821741,52.45314061],[13.55714235,52.45300429],[13.55510197,52.45310284],[13.55100869,52.45372039],[13.54599023,52.45503633],[13.54260456,52.45547164],[13.54014029,52.45560827],[13.53818387,52.45557088],[13.53748548,52.45539692],[13.53536373,52.45421715],[13.53315454,52.45340484],[13.53080494,52.45293566],[13.52851082,52.45267497],[13.52658334,52.45291241],[13.52424325,52.4534577],[13.52288145,52.4539445],[13.52176943,52.45454293],[13.52044222,52.45591492],[13.5206102,52.45702223],[13.51968879,52.45783739],[13.51914365,52.45757359],[13.51771395,52.45629079],[13.51651795,52.45629597],[13.51299892,52.45752743],[13.51351975,52.45807881],[13.51315894,52.45822854],[13.5137429,52.4588366],[13.51266769,52.45932714],[13.51025198,52.46045712],[13.50815328,52.46128811],[13.50605049,52.46196898],[13.50570997,52.46167027],[13.50367493,52.46072458],[13.50268732,52.46139845],[13.50062383,52.46013455]]]},"properties":{"esb":"0907","bez":"09","bezname":"Treptow-Köpenick"},"id":"schulen_esb.0907"},
{"type":"Feature","geometry":{"type":"Polygon","coordinates":[[[13.54015857,52.43501527],[13.54128995,52.43543128],[13.5494233,52.43839257],[13.55459849,52.43442908],[13.5544016,52.43434629],[13.55598214,52.43347552],[13.55667241,52.43396031],[13.56003412,52.43555469],[13.56076475,52.43565215],[13.56092599,52.43599104],[13.55982048,52.43778327],[13.55934746,52.4394087],[13.55850052,52.44984087],[13.55726429,52.45029218],[13.55496151,52.45082822],[13.55063523,52.44336748],[13.55086042,52.44326338],[13.54500471,52.44068122],[13.54338913,52.44194273],[13.54454104,52.44250071],[13.544136,52.44283204],[13.54483394,52.44315964],[13.54409034,52.44365968],[13.54174386,52.44253919],[13.54082181,52.44252954],[13.54079912,52.44209816],[13.53993872,52.44214696],[13.53663308,52.44417999],[13.53316052,52.44224607],[13.53158321,52.44330974],[13.53049624,52.44271035],[13.5312179,52.44222206],[13.52875909,52.44087924],[13.53323413,52.43872963],[13.53529573,52.43731762],[13.53565555,52.43752999],[13.53867887,52.43601261],[13.54015857,52.43501527]]]},"properties":{"esb":"0909","bez":"09","bezname":"Treptow-Köpenick"},"id":"schulen_esb.0909"},
{"type":"Feature","geometry":{"type":"Polygon","coordinates":[[[13.52211705047475,52.418415823158114],[13.5221212,52.41841667],[13.52221818,52.41842575],[13.52307545,52.41826743],[13.52469215,52.42021895],[13.52820372,52.41755915],[13.53091216,52.41569122],[13.53039138,52.41524596],[13.53136181,52.41504993],[13.53091403,52.4134706],[13.53659427,52.41272195],[13.53675541,52.41297909],[13.5456592,52.41014838],[13.54660902,52.41149794],[13.54321338,52.41431205],[13.54442235,52.41541017],[13.54584072,52.41777016],[13.54744026,52.41754118],[13.54655174,52.41878075],[13.54868631,52.4185566],[13.55415294,52.41742504],[13.55525297,52.41703478],[13.55626297,52.41870691],[13.55643192,52.41968207],[13.55643312,52.42262523],[13.55584194,52.42462263],[13.55435255,52.42568396],[13.55538562,52.42591554],[13.54917767,52.43004465],[13.54675208,52.43154113],[13.54350607,52.43372717],[13.54128995,52.43543128],[13.54015857,52.43501527],[13.5386526,52.43443542],[13.53327833,52.43103794],[13.52940493,52.42940374],[13.52676428,52.42884527],[13.52659025,52.42584177],[13.52129755,52.42604838],[13.52045915,52.42624174],[13.51959571,52.42462875],[13.5184342,52.42290943],[13.51859715,52.42239554],[13.51948149,52.42141948],[13.52050154,52.42083357],[13.52084271,52.41954248],[13.52211679,52.41841667],[13.52211679,52.41841577],[13.52211705047475,52.418415823158114]]]},"properties":{"esb":"0910","bez":"09","bezname":"Treptow-Köpenick"},"id":"schulen_esb.0910"},
{"type":"Feature","geometry":{"type":"Polygon","coordinates":[[[13.5159999,52.40178564],[13.51862717,52.40108979],[13.52180194,52.4005741],[13.52459034,52.399375],[13.52638227,52.39893348],[13.52969881,52.39729974],[13.53292083,52.39856857],[13.53148361,52.404895],[13.53130238,52.40512312],[13.53269996,52.40641024],[13.53659427,52.41272195],[13.53091403,52.4134706],[13.53136181,52.41504993],[13.53039138,52.41524596],[13.53091216,52.41569122],[13.52820372,52.41755915],[13.52469215,52.42021895],[13.52307545,52.41826743],[13.52221818,52.41842575],[13.5221212,52.41841667],[13.52211705047475,52.418415823158114],[13.52215382,52.41829628],[13.52212225,52.41735175],[13.5229586,52.41544819],[13.52225408,52.41442668],[13.52406079,52.41359069],[13.523009,52.41213123],[13.52347301,52.41166702],[13.52293221,52.41103747],[13.52320461,52.41081035],[13.52233411,52.40854043],[13.52177831,52.40744176],[13.52070102,52.4062905],[13.51904344,52.40512073],[13.51933041,52.40493856],[13.51664988,52.40333107],[13.51697876,52.4028371],[13.51598422,52.40218194],[13.5159999,52.40178564]]]},"properties":{"esb":"0911","bez":"09","bezname":"Treptow-Köpenick"},"id":"schulen_esb.0911"},
{"type":"Feature","geometry":{"type":"Polygon","coordinates":[[[13.5456592,52.41014838],[13.54700458,52.40973321],[13.54664534,52.40929531],[13.5481524,52.4088335],[13.54617997,52.40742575],[13.54643102,52.40673933],[13.54581707,52.40659154],[13.54126345,52.40425179],[13.5423888,52.40279585],[13.54224109,52.39935471],[13.54131761,52.39902963],[13.54210425,52.39792571],[13.54324308,52.39856908],[13.5456565,52.39958984],[13.5455828,52.3997228],[13.55013537,52.40167774],[13.55276161,52.40303011],[13.55541218,52.404883],[13.55829535,52.40660296],[13.56062216,52.40808349],[13.56354305,52.41043331],[13.56592815,52.41255003],[13.56682212,52.41222337],[13.56716415,52.41250752],[13.56866119,52.4128857],[13.57103464,52.41288504],[13.57261133,52.4130655],[13.57064754,52.41451235],[13.56599944,52.41736067],[13.55584194,52.42462263],[13.55643312,52.42262523],[13.55643192,52.41968207],[13.55626297,52.41870691],[13.55525297,52.41703478],[13.55415294,52.41742504],[13.54868631,52.4185566],[13.54655174,52.41878075],[13.54744026,52.41754118],[13.54584072,52.41777016],[13.54442235,52.41541017],[13.54321338,52.41431205],[13.54660902,52.41149794],[13.5456592,52.41014838]]]},"properties":{"esb":"0913","bez":"09","bezname":"Treptow-Köpenick"},"id":"schulen_esb.0913"},
{"type":"Feature","geometry":{"type":"Polygon","coordinates":[[[13.54210425,52.39792571],[13.53981933,52.39664075],[13.53768378,52.39565601],[13.53564603,52.39502179],[13.53509869,52.39330489],[13.53481749,52.3907686],[13.53548215,52.38899062],[13.54536934,52.38872909],[13.55367168,52.38839837],[13.56061509,52.38817686],[13.56415644,52.38813384],[13.56801706,52.38879274],[13.5743579,52.39011046],[13.57560924,52.39023413],[13.58165706,52.39122242],[13.58782093,52.39251599],[13.59060391,52.39335623],[13.59269392,52.39381067],[13.59267586,52.39437684],[13.5932552,52.39560909],[13.59298833,52.39690312],[13.59034374,52.39716656],[13.58929195,52.39881261],[13.58854931,52.39964186],[13.58646329,52.39939943],[13.5842944,52.40132993],[13.58695312,52.40363505],[13.58678267,52.40364847],[13.5833276,52.40586251],[13.58061523,52.40715378],[13.57624073,52.40971593],[13.57408746,52.41131015],[13.57449721,52.4115314],[13.5728512,52.4127987],[13.57284939,52.41307909],[13.57261133,52.4130655],[13.57103464,52.41288504],[13.56866119,52.4128857],[13.56716415,52.41250752],[13.56682212,52.41222337],[13.56592815,52.41255003],[13.56354305,52.41043331],[13.56062216,52.40808349],[13.55829535,52.40660296],[13.55541218,52.404883],[13.55276161,52.40303011],[13.55013537,52.40167774],[13.5455828,52.3997228],[13.5456565,52.39958984],[13.54324308,52.39856908],[13.54210425,52.39792571]]]},"properties":{"esb":"0914","bez":"09","bezname":"Treptow-Köpenick"},"id":"schulen_esb.0914"},
{"type":"Feature","geometry":{"type":"Polygon","coordinates":[[[13.53659427,52.41272195],[13.53269996,52.40641024],[13.53130238,52.40512312],[13.53148361,52.404895],[13.53292083,52.39856857],[13.53704627,52.39998717],[13.5384275,52.40063255],[13.53820696,52.39997366],[13.53707329,52.39824915],[13.53630287,52.39782079],[13.53668902,52.39720639],[13.53564603,52.39502179],[13.53768378,52.39565601],[13.53981933,52.39664075],[13.54210425,52.39792571],[13.54131761,52.39902963],[13.54224109,52.39935471],[13.5423888,52.40279585],[13.54126345,52.40425179],[13.54581707,52.40659154],[13.54643102,52.40673933],[13.54617997,52.40742575],[13.5481524,52.4088335],[13.54664534,52.40929531],[13.54700458,52.40973321],[13.5456592,52.41014838],[13.53675541,52.41297909],[13.53659427,52.41272195]]]},"properties":{"esb":"0915","bez":"09","bezname":"Treptow-Köpenick"},"id":"schulen_esb.0915"},
{"type":"Feature","geometry":{"type":"Polygon","coordinates":[[[13.58856773,52.43963549],[13.58792274,52.43899094],[13.58736686,52.4390303],[13.58714959,52.43862493],[13.58624524,52.43862642],[13.58593088,52.43827583],[13.58606249,52.43747157],[13.58350993,52.43734486],[13.58338722,52.43802241],[13.58294297,52.4381912],[13.58247392,52.43816407],[13.58237767,52.43882995],[13.57998076,52.43884252],[13.58006869,52.43773449],[13.57844093,52.43770688],[13.57646637,52.43747511],[13.57646892,52.43652792],[13.57575288,52.43520926],[13.57408911,52.43339952],[13.57399501,52.43216111],[13.57464979,52.43172734],[13.57495956,52.43086115],[13.57536768,52.42884381],[13.57584161,52.42837401],[13.57584162,52.42837311],[13.57648152,52.428022],[13.57838305,52.42743056],[13.57873603,52.42728781],[13.57919494,52.42707052],[13.57948472,52.42690797],[13.57979216,52.42672387],[13.5802129,52.42644185],[13.58087499,52.42591369],[13.58111043,52.42568372],[13.58133709,52.42541869],[13.58161093,52.42501889],[13.58182158,52.42458761],[13.58191023,52.4241428],[13.58191827,52.423467],[13.58194062,52.42317134],[13.581951,52.42307609],[13.58196284,52.42299701],[13.58244608,52.4219089],[13.58288896,52.4214759],[13.58346409,52.42106901],[13.58363766,52.42094056],[13.58380537,52.42079684],[13.58401574,52.42060999],[13.5843586,52.42021559],[13.58463684,52.41976725],[13.58482401,52.4192371],[13.58476948,52.41784234],[13.58459661,52.41724197],[13.58456735,52.41710446],[13.58464191,52.41597306],[13.58541017,52.4148419],[13.58632201,52.41414484],[13.58640142,52.41409454],[13.58681167,52.41385473],[13.58826724,52.41315783],[13.58894348,52.4129199],[13.58970198,52.41270446],[13.59043987,52.41253933],[13.59168475,52.41239501],[13.59226672,52.41238439],[13.59298091,52.41244121],[13.59455312,52.4128092],[13.59575365,52.41302879],[13.59593587,52.41305311],[13.59942611,52.41326873],[13.60009483,52.41322305],[13.60031088,52.41319793],[13.60092822,52.4130408],[13.60158232,52.41282526],[13.60549972,52.41105203],[13.60654473,52.41072688],[13.60740157,52.41052932],[13.61011463,52.40978921],[13.61387103,52.40877236],[13.61448382,52.40869694],[13.61526658,52.41057434],[13.61682953,52.41345113],[13.61913906,52.41788624],[13.61628312,52.41843962],[13.61496167,52.4187801],[13.61198345,52.41987616],[13.61066031,52.4206147],[13.61043972,52.42090494],[13.6102675,52.42155286],[13.61064497,52.42237789],[13.6153185,52.42579516],[13.61570059,52.42631193],[13.6155284,52.4270713],[13.6161249,52.42853978],[13.6160159,52.42941148],[13.61506016,52.42991645],[13.60301387,52.43452847],[13.59684858,52.43690678],[13.59243014,52.43856275],[13.59180422,52.43792271],[13.59148088,52.43772132],[13.59121906,52.43782189],[13.59061154,52.43809581],[13.59058652,52.43811467],[13.5904128,52.43836535],[13.59064921,52.43877611],[13.58856773,52.43963549]]]},"properties":{"esb":"0916","bez":"09","bezname":"Treptow-Köpenick"},"id":"schulen_esb.0916"},
{"type":"Feature","geometry":{"type":"Polygon","coordinates":[[[13.61131175,52.47047561],[13.60814915,52.47108985],[13.60836768,52.47285217],[13.60490345,52.47290192],[13.60306399,52.47278565],[13.59732867,52.47562686],[13.59520561,52.47681616],[13.59392917,52.47739096],[13.58892148,52.4799417],[13.5863373,52.48111541],[13.58187273,52.47996802],[13.57970356,52.48101953],[13.57511747,52.47947913],[13.57444127,52.47751705],[13.5738385,52.4769668],[13.56818259,52.47470133],[13.56705052,52.47386501],[13.56566459,52.47359651],[13.56512694,52.473953],[13.56309234,52.47346486],[13.56086311,52.47325875],[13.55919135,52.47324703],[13.5573385,52.4732882],[13.55504222,52.47361126],[13.55259333,52.47364931],[13.55242426,52.47267685],[13.55043714,52.47293171],[13.54775314,52.47279516],[13.54703215,52.47191848],[13.5513957,52.47002783],[13.55273905,52.46924414],[13.55355609,52.46903076],[13.55808422,52.4669198],[13.56511459,52.46382414],[13.56653215,52.4633225],[13.56690983,52.46364981],[13.56799923,52.46317945],[13.56777164,52.46283335],[13.56843431,52.46238883],[13.57157708,52.46110434],[13.5761293,52.45961636],[13.57778037,52.45925219],[13.57973725,52.45904179],[13.57947737,52.4585609],[13.58201974,52.45833182],[13.58274665,52.45816224],[13.58263819,52.45776139],[13.58584537,52.45760886],[13.58600663,52.45661768],[13.58673211,52.45635552],[13.58601882,52.45615937],[13.58908887,52.45623136],[13.59273124,52.45622886],[13.59509043,52.45678937],[13.59711015,52.4569112],[13.5970499,52.45900688],[13.59538451,52.45905409],[13.59616205,52.46220411],[13.6017504,52.46396409],[13.60537352,52.46553116],[13.61136473,52.47046213],[13.61131175,52.47047561]]]},"properties":{"esb":"0917","bez":"09","bezname":"Treptow-Köpenick"},"id":"schulen_esb.0917"},
{"type":"Feature","geometry":{"type":"Polygon","coordinates":[[[13.55850052,52.44984087],[13.55934746,52.4394087],[13.55982048,52.43778327],[13.56092599,52.43599104],[13.56076475,52.43565215],[13.56165345,52.434257],[13.56218994,52.43438221],[13.56317742,52.43273997],[13.5636908,52.43050615],[13.56341101,52.42671271],[13.56502623,52.42700203],[13.57133637,52.42778068],[13.57279585,52.42806892],[13.57584162,52.42837311],[13.57584161,52.42837401],[13.57536768,52.42884381],[13.57495956,52.43086115],[13.57464979,52.43172734],[13.57399501,52.43216111],[13.57408911,52.43339952],[13.57575288,52.43520926],[13.57646892,52.43652792],[13.57646637,52.43747511],[13.57489519,52.43936704],[13.57215766,52.44130605],[13.57125499,52.44226451],[13.57151686,52.44453827],[13.57330384,52.4481059],[13.57182775,52.44880978],[13.56941453,52.44963992],[13.56792138,52.45092429],[13.56627405,52.45302275],[13.56528482,52.45356234],[13.56496478,52.45310745],[13.56325797,52.45344895],[13.56191532,52.45321368],[13.55841593,52.45318566],[13.55821741,52.45314061],[13.55850052,52.44984087]]]},"properties":{"esb":"0918","bez":"09","bezname":"Treptow-Köpenick"},"id":"schulen_esb.0918"},
{"type":"Feature","geometry":{"type":"Polygon","coordinates":[[[13.58856773,52.43963549],[13.58807306,52.44029855],[13.58664315,52.44090289],[13.58852529,52.4411057],[13.58869609,52.4425625],[13.59016818,52.44255397],[13.59026108,52.44403321],[13.59115967,52.44401191],[13.59121323,52.44507954],[13.59023815,52.44509003],[13.58871628,52.44474268],[13.58807588,52.44548297],[13.58884775,52.44577978],[13.58845187,52.44607981],[13.5894073,52.44671817],[13.58818444,52.44748794],[13.58736811,52.44753351],[13.58592037,52.44807222],[13.5841037,52.44679818],[13.58180405,52.44619613],[13.58020684,52.44758845],[13.57776733,52.4484484],[13.57587271,52.44863633],[13.57493293,52.44857482],[13.57330384,52.4481059],[13.57151686,52.44453827],[13.57125499,52.44226451],[13.57215766,52.44130605],[13.57489519,52.43936704],[13.57646637,52.43747511],[13.57844093,52.43770688],[13.58006869,52.43773449],[13.57998076,52.43884252],[13.58237767,52.43882995],[13.58247392,52.43816407],[13.58294297,52.4381912],[13.58338722,52.43802241],[13.58350993,52.43734486],[13.58606249,52.43747157],[13.58593088,52.43827583],[13.58624524,52.43862642],[13.58714959,52.43862493],[13.58736686,52.4390303],[13.58792274,52.43899094],[13.58856773,52.43963549]]]},"properties":{"esb":"0919","bez":"09","bezname":"Treptow-Köpenick"},"id":"schulen_esb.0919"},
{"type":"Feature","geometry":{"type":"Polygon","coordinates":[[[13.61448382,52.40869694],[13.6147645,52.40870146],[13.62303031,52.40924207],[13.62380916,52.40919177],[13.62425736,52.40907585],[13.6250656,52.40868314],[13.62578272,52.40821763],[13.62612805,52.40788961],[13.62651452,52.40743129],[13.62772527,52.40425357],[13.62826156,52.40377816],[13.63139248,52.40183603],[13.63717169,52.39822745],[13.63921196,52.39696819],[13.63977896,52.39675874],[13.64118181,52.39634967],[13.64272107,52.39546875],[13.64377541,52.39436053],[13.64415571,52.39392191],[13.64437594,52.3936343],[13.64509679,52.39263755],[13.64837514,52.38603616],[13.64868334,52.38558047],[13.64894027,52.38538541],[13.65452358,52.38193236],[13.65531194,52.38151698],[13.65655417,52.38124257],[13.65697834,52.38087849],[13.65744215,52.3805189],[13.6651413,52.38166423],[13.66629714,52.38172046],[13.66686986,52.38169061],[13.6675061,52.38205435],[13.66971233,52.38244449],[13.66996976,52.38287576],[13.67008147,52.38297457],[13.67037126,52.38343998],[13.67043303,52.38352803],[13.67062416,52.38373376],[13.67096971,52.38414253],[13.67110362,52.38440399],[13.67116399,52.38455675],[13.67142569,52.38482086],[13.6723808,52.38525545],[13.67849953,52.38657037],[13.67886098,52.38668704],[13.67919483,52.38705894],[13.67904498,52.38826324],[13.67967078,52.38955347],[13.67990603,52.38974568],[13.68010598,52.38989387],[13.68062046,52.39020368],[13.68095852,52.39037517],[13.68201525,52.39086356],[13.68325411,52.39131231],[13.68384484,52.39148816],[13.68460161,52.39169269],[13.69064826,52.39309239],[13.69299234,52.39380104],[13.6938375,52.39412049],[13.69496656,52.39467702],[13.69593265,52.39527497],[13.69662371,52.395661],[13.70191645,52.39808326],[13.70218046,52.39783056],[13.70248113,52.39753919],[13.70380235,52.39697486],[13.70561592,52.39654858],[13.70588755,52.39646392],[13.70645759,52.396486],[13.70804725,52.39654512],[13.70854678,52.39656454],[13.70946841,52.39683889],[13.70972594,52.39629231],[13.7100635,52.39611953],[13.71137293,52.397135],[13.712545,52.39775154],[13.71359597,52.39802666],[13.71412659,52.39889798],[13.71583243,52.39970012],[13.71676542,52.39972547],[13.71756301,52.39892144],[13.71879085,52.39874075],[13.71983464,52.39906434],[13.72278584,52.3982262],[13.72464274,52.39884475],[13.72543506,52.39970142],[13.72578581,52.39952768],[13.72706614,52.39982226],[13.72731524,52.40017703],[13.72885696,52.3997668],[13.72946764,52.40018325],[13.73028919,52.39966579],[13.73130537,52.40007469],[13.73316966,52.40124129],[13.734262,52.40213178],[13.73416062,52.4033397],[13.73535286,52.4059816],[13.73797318,52.40671517],[13.73864604,52.40724025],[13.73762058,52.40849668],[13.73688143,52.40967463],[13.73606687,52.41008878],[13.7345982,52.41044242],[13.73407727,52.41075474],[13.73349997,52.41206733],[13.73025983,52.4153441],[13.72980655,52.41634202],[13.73027964,52.41752157],[13.7313932,52.41915527],[13.73140932,52.41975287],[13.73113723,52.41968301],[13.73110777,52.41965608],[13.73100622,52.41960405],[13.73090187,52.41960504],[13.73088128,52.41960236],[13.73084158,52.41959521],[13.73078868,52.41960244],[13.73058621,52.41976079],[13.73049961,52.41980939],[13.73037327,52.41984096],[13.73030711,52.41983113],[13.73027768,52.41981678],[13.73018186,52.41970093],[13.7301007,52.41956261],[13.73011527,52.41950868],[13.73011504,52.41941072],[13.73009728,52.41936041],[13.73006338,52.4193182],[13.7299456,52.41923833],[13.72992045,52.41916825],[13.7299863,52.41904148],[13.72999793,52.41898845],[13.72999508,52.41839892],[13.73003905,52.41834317],[13.73005811,52.41832158],[13.73006827,52.41826765],[13.73006823,52.41825327],[13.73005204,52.4182416],[13.73003879,52.41823263],[13.72988414,52.41809617],[13.72981334,52.41799108],[13.72978975,52.41795965],[13.72975883,52.41793451],[13.72972794,52.41792376],[13.72969559,52.41791839],[13.72963384,52.41790856],[13.72945716,52.41777751],[13.72931151,52.41772012],[13.72882457,52.41752733],[13.72871427,52.41750137],[13.7283732,52.41746572],[13.72830996,52.41745049],[13.72822913,52.41745236],[13.7281262,52.41743358],[13.72786262,52.41721992],[13.72777269,52.41710137],[13.72714037,52.41695813],[13.7271256,52.41692758],[13.72715491,52.41689071],[13.72715486,52.41686915],[13.72702978,52.41680095],[13.72650007,52.4165363],[13.72625764,52.41657245],[13.72607417,52.41668404],[13.72568439,52.41655226],[13.72539759,52.41646264],[13.725132332597576,52.41638137185176],[13.72469248,52.41662948],[13.72388928,52.41697434],[13.72358841,52.4171687],[13.72350032,52.41721281],[13.72294589,52.41773809],[13.72282124,52.4178703],[13.72245122,52.41803775],[13.72100718,52.41840198],[13.72050135,52.41899462],[13.72038606,52.41938114],[13.72025633,52.41989348],[13.72005637,52.42056315],[13.71977124,52.42127423],[13.71955849,52.42145683],[13.71836656,52.4222486],[13.71787925,52.42259227],[13.71749774,52.42292238],[13.71717351,52.42322638],[13.71601163,52.42438476],[13.71576513,52.4246159],[13.71524587,52.42517797],[13.71408972,52.42556436],[13.71380467,52.42563737],[13.71241566,52.42573275],[13.71159383,52.42570189],[13.7116145,52.42574501],[13.70894018,52.42559594],[13.70744687,52.42573987],[13.70686637,52.42583552],[13.70667973,52.42586531],[13.70557311,52.42605568],[13.70505134,52.42611444],[13.70416931,52.42611862],[13.7032228,52.42624056],[13.70211623,52.42647673],[13.70084851,52.4270464],[13.70020959,52.42739009],[13.69949732,52.42783897],[13.69919061,52.42817077],[13.69903064,52.42834162],[13.69808767,52.42887421],[13.69746315,52.42905792],[13.69518665,52.42956612],[13.69451341,52.42963571],[13.69345072,52.42980706],[13.69310973,52.42986657],[13.69158088,52.42997437],[13.69105903,52.43002318],[13.69001221,52.429995],[13.68973132,52.42993494],[13.68946805,52.42986139],[13.68933419,52.42981383],[13.68913561,52.42973755],[13.6883897,52.42936859],[13.68655566,52.42883124],[13.68637185,52.42879898],[13.68634097,52.4287945],[13.68548671,52.42872124],[13.68426076,52.42884407],[13.68338616,52.42895414],[13.68315832,52.4289857],[13.68265268,52.42906143],[13.68193107,52.42925499],[13.68175617,52.42929461],[13.68124001,52.4291933],[13.68093115,52.4290901],[13.68025476,52.42900055],[13.6792405,52.42912592],[13.67876989,52.42900122],[13.67817269,52.42873368],[13.67793738,52.4286556],[13.67671092,52.42834878],[13.6744472,52.42862382],[13.67246482,52.4294487],[13.67232383,52.42959074],[13.6721594,52.42982087],[13.67214794,52.43011294],[13.67225099,52.43024321],[13.6723628,52.43032045],[13.67276585,52.430518],[13.67262829,52.43113724],[13.67252846,52.43127657],[13.67351654,52.43135346],[13.67445707,52.43095767],[13.67557544,52.43052854],[13.67629885,52.43058395],[13.67674288,52.43059994],[13.67683108,52.43058732],[13.67761763,52.43057889],[13.67779845,52.43056533],[13.67795581,52.43060121],[13.6780309,52.43069823],[13.67750091,52.43136079],[13.67685923,52.43208],[13.67613246,52.43298168],[13.67599732,52.43309586],[13.67550226,52.4334843],[13.67512615,52.43375046],[13.67471014,52.4338369],[13.67479095,52.43378295],[13.67475411,52.43370568],[13.67467455,52.43355474],[13.67450694,52.43356559],[13.65674963,52.43744119],[13.65674669,52.43743759],[13.64158285,52.42682724],[13.64106682,52.42673384],[13.6404567,52.42663327],[13.64024353,52.42659375],[13.63925861,52.42670261],[13.63875119,52.42584263],[13.63997126,52.42558278],[13.64035799,52.42592423],[13.64289806,52.42540357],[13.64082264,52.42165908],[13.64610655,52.42065808],[13.64794062,52.41994152],[13.65364173,52.41673926],[13.65359321,52.41671142],[13.65287262,52.41600882],[13.65083449,52.4167255],[13.64918543,52.41672584],[13.64797875,52.41669461],[13.64569877,52.41237509],[13.64466321,52.4136334],[13.64442523,52.41388686],[13.64429006,52.41398034],[13.64382573,52.41420418],[13.64310572,52.41455657],[13.64128064,52.41535573],[13.64046794,52.415514],[13.64004909,52.4155491],[13.63938041,52.41569656],[13.63753017,52.41624943],[13.63657335,52.41616684],[13.63567679,52.41605818],[13.63544163,52.41603842],[13.63418643,52.41578239],[13.63210533,52.41595955],[13.63169529,52.41606562],[13.63070912,52.41629123],[13.62912621,52.41637665],[13.62679961,52.41659416],[13.62608678,52.41659147],[13.62630136,52.41727626],[13.62626314,52.41746857],[13.62606178,52.41762494],[13.62510201,52.41779299],[13.62460963,52.41781545],[13.62393352,52.4178379],[13.62326917,52.41799066],[13.62259305,52.41811107],[13.62066323,52.41790789],[13.62022965,52.41782789],[13.61967554,52.41780539],[13.61916552,52.41788085],[13.61913906,52.41788624],[13.61682953,52.41345113],[13.61526658,52.41057434],[13.61448382,52.40869694]]]},"properties":{"esb":"0920","bez":"09","bezname":"Treptow-Köpenick"},"id":"schulen_esb.0920"},
{"type":"Feature","geometry":{"type":"Polygon","coordinates":[[[13.49902697,52.4689964],[13.49962639,52.46779103],[13.50108937,52.46559714],[13.50260609,52.4636019],[13.50467786,52.46248071],[13.50605049,52.46196898],[13.50815328,52.46128811],[13.51025198,52.46045712],[13.51266769,52.45932714],[13.51409275,52.46240913],[13.51313634,52.46701748],[13.5133728,52.4677636],[13.5141301,52.46853538],[13.51550653,52.46946769],[13.52030728,52.47406786],[13.51687829,52.47525727],[13.51550876,52.475593],[13.51295663,52.47565888],[13.50784298,52.47490259],[13.50432112,52.47812163],[13.50188742,52.48257557],[13.50059473,52.48268564],[13.49785222,52.48328121],[13.49663778,52.48330504],[13.49417573,52.48311899],[13.49492149,52.48132429],[13.49560174,52.47876834],[13.49550883,52.47784171],[13.4944806,52.47519939],[13.49450389,52.47430435],[13.49483958,52.47277699],[13.49549093,52.47148364],[13.49581592,52.47156038],[13.4964769,52.47048361],[13.49844382,52.4696518],[13.49902697,52.4689964]]]},"properties":{"esb":"0921","bez":"09","bezname":"Treptow-Köpenick"},"id":"schulen_esb.0921"},
{"type":"Feature","geometry":{"type":"Polygon","coordinates":[[[13.51968879,52.45783739],[13.52396151,52.46138191],[13.52455506,52.46174279],[13.52498217,52.46154904],[13.52620634,52.46215399],[13.52712649,52.46383976],[13.52924199,52.46662738],[13.53075912,52.46793258],[13.52742741,52.47069773],[13.52557541,52.47232635],[13.5236661,52.47386053],[13.52158048,52.47521659],[13.52030728,52.47406786],[13.51550653,52.46946769],[13.5141301,52.46853538],[13.5133728,52.4677636],[13.51313634,52.46701748],[13.51409275,52.46240913],[13.51266769,52.45932714],[13.5137429,52.4588366],[13.51315894,52.45822854],[13.51351975,52.45807881],[13.51299892,52.45752743],[13.51651795,52.45629597],[13.51771395,52.45629079],[13.51914365,52.45757359],[13.51968879,52.45783739]]]},"properties":{"esb":"0922","bez":"09","bezname":"Treptow-Köpenick"},"id":"schulen_esb.0922"},
{"type":"Feature","geometry":{"type":"Polygon","coordinates":[[[13.55273905,52.46924414],[13.55232194,52.46877388],[13.55418933,52.46693636],[13.56141128,52.45884445],[13.56377858,52.45663051],[13.5581382,52.45584376],[13.55834553,52.45494791],[13.55841593,52.45318566],[13.56191532,52.45321368],[13.56325797,52.45344895],[13.56496478,52.45310745],[13.56528482,52.45356234],[13.56627405,52.45302275],[13.56792138,52.45092429],[13.56941453,52.44963992],[13.57182775,52.44880978],[13.57330384,52.4481059],[13.57493293,52.44857482],[13.57587271,52.44863633],[13.57776733,52.4484484],[13.58020684,52.44758845],[13.58100398,52.44760673],[13.58088856,52.4482771],[13.58118322,52.44921991],[13.58189912,52.4496156],[13.57999771,52.45063486],[13.57769322,52.45160899],[13.57714854,52.45200957],[13.57776246,52.45284379],[13.57819665,52.45261031],[13.58070779,52.45380294],[13.58324301,52.45457764],[13.58188962,52.45463285],[13.58163317,52.45511085],[13.58316866,52.45538641],[13.58454418,52.45682207],[13.58584537,52.45760886],[13.58263819,52.45776139],[13.58274665,52.45816224],[13.58201974,52.45833182],[13.57947737,52.4585609],[13.57973725,52.45904179],[13.57778037,52.45925219],[13.5761293,52.45961636],[13.57157708,52.46110434],[13.56843431,52.46238883],[13.56777164,52.46283335],[13.56799923,52.46317945],[13.56690983,52.46364981],[13.56653215,52.4633225],[13.56511459,52.46382414],[13.55808422,52.4669198],[13.55355609,52.46903076],[13.55273905,52.46924414]]]},"properties":{"esb":"0923","bez":"09","bezname":"Treptow-Köpenick"},"id":"schulen_esb.0923"},
{"type":"Feature","geometry":{"type":"Polygon","coordinates":[[[13.65674963,52.43744119],[13.66236437,52.44728452],[13.66425141,52.45425399],[13.652868,52.45539841],[13.65288275,52.45546761],[13.64482767,52.4563139],[13.64464811,52.45610184],[13.64182084,52.45642038],[13.63229424,52.45705391],[13.62575963,52.45724099],[13.62545366,52.456762],[13.62483012,52.4519739],[13.62424056,52.44685238],[13.62367432,52.44682901],[13.62288182,52.44411141],[13.6248525,52.44437926],[13.65674669,52.43743759],[13.65674963,52.43744119]]]},"properties":{"esb":"0924","bez":"09","bezname":"Treptow-Köpenick"},"id":"schulen_esb.0924"},
{"type":"Feature","geometry":{"type":"Polygon","coordinates":[[[13.61913906,52.41788624],[13.61916552,52.41788085],[13.61967554,52.41780539],[13.62022965,52.41782789],[13.62066323,52.41790789],[13.62259305,52.41811107],[13.62326917,52.41799066],[13.62393352,52.4178379],[13.62460963,52.41781545],[13.62510201,52.41779299],[13.62606178,52.41762494],[13.62626314,52.41746857],[13.62630136,52.41727626],[13.62608678,52.41659147],[13.62679961,52.41659416],[13.62912621,52.41637665],[13.63070912,52.41629123],[13.63169529,52.41606562],[13.63210533,52.41595955],[13.63418643,52.41578239],[13.63544163,52.41603842],[13.63567679,52.41605818],[13.63657335,52.41616684],[13.63753017,52.41624943],[13.63938041,52.41569656],[13.64004909,52.4155491],[13.64046794,52.415514],[13.64128064,52.41535573],[13.64310572,52.41455657],[13.64382573,52.41420418],[13.64429006,52.41398034],[13.64442523,52.41388686],[13.64466321,52.4136334],[13.64569877,52.41237509],[13.64797875,52.41669461],[13.64918543,52.41672584],[13.65083449,52.4167255],[13.65287262,52.41600882],[13.65359321,52.41671142],[13.65364173,52.41673926],[13.64794062,52.41994152],[13.64610655,52.42065808],[13.64082264,52.42165908],[13.64289806,52.42540357],[13.64035799,52.42592423],[13.63997126,52.42558278],[13.63875119,52.42584263],[13.63925861,52.42670261],[13.64024353,52.42659375],[13.6404567,52.42663327],[13.64106682,52.42673384],[13.64158285,52.42682724],[13.65674669,52.43743759],[13.6248525,52.44437926],[13.62288182,52.44411141],[13.62240682,52.44387775],[13.62122291,52.44415899],[13.61893324,52.44327368],[13.61769792,52.44316216],[13.61534319,52.44414871],[13.61489895,52.44451263],[13.61252656,52.44509831],[13.60994502,52.44632466],[13.6075414,52.44732093],[13.60433039,52.44794496],[13.60164562,52.44896442],[13.59861861,52.44904373],[13.59641941,52.44948984],[13.5949487,52.44931691],[13.59490129,52.4497869],[13.59307028,52.44951501],[13.58905193,52.4495219],[13.58732709,52.44900192],[13.58592037,52.44807222],[13.58736811,52.44753351],[13.58818444,52.44748794],[13.5894073,52.44671817],[13.58845187,52.44607981],[13.58884775,52.44577978],[13.58807588,52.44548297],[13.58871628,52.44474268],[13.59023815,52.44509003],[13.59121323,52.44507954],[13.59115967,52.44401191],[13.59026108,52.44403321],[13.59016818,52.44255397],[13.58869609,52.4425625],[13.58852529,52.4411057],[13.58664315,52.44090289],[13.58807306,52.44029855],[13.58856773,52.43963549],[13.59064921,52.43877611],[13.5904128,52.43836535],[13.59058652,52.43811467],[13.59061154,52.43809581],[13.59121906,52.43782189],[13.59148088,52.43772132],[13.59180422,52.43792271],[13.59243014,52.43856275],[13.59684858,52.43690678],[13.60301387,52.43452847],[13.61506016,52.42991645],[13.6160159,52.42941148],[13.6161249,52.42853978],[13.6155284,52.4270713],[13.61570059,52.42631193],[13.6153185,52.42579516],[13.61064497,52.42237789],[13.6102675,52.42155286],[13.61043972,52.42090494],[13.61066031,52.4206147],[13.61198345,52.41987616],[13.61496167,52.4187801],[13.61628312,52.41843962],[13.61913906,52.41788624]]]},"properties":{"esb":"0925","bez":"09","bezname":"Treptow-Köpenick"},"id":"schulen_esb.0925"},
{"type":"Feature","geometry":{"type":"Polygon","coordinates":[[[13.73140932,52.41975287],[13.73125108,52.42058608],[13.73765602,52.42669028],[13.73948854,52.42642523],[13.73961558,52.42666236],[13.74076014,52.42641681],[13.74127262,52.42676051],[13.74172768,52.42819255],[13.73892876,52.42886027],[13.73936414,52.42952127],[13.74009947,52.4324718],[13.73323653,52.43322322],[13.73062647,52.4337342],[13.72721923,52.43480658],[13.72414945,52.43629018],[13.72279783,52.4368224],[13.7228044,52.43713783],[13.72441311,52.43649755],[13.7265692,52.43539936],[13.72809992,52.43478426],[13.7314206,52.4337991],[13.73422785,52.43335802],[13.73818198,52.43295892],[13.73827984,52.43328504],[13.74288098,52.43293101],[13.74406205,52.43806214],[13.75051229,52.44147497],[13.75630385,52.44161253],[13.75444693,52.43668535],[13.75987862,52.43617877],[13.76096295,52.4373557],[13.76092043,52.43787698],[13.75531365,52.43841704],[13.75708284,52.44295967],[13.75436309,52.44327719],[13.75642314,52.44616865],[13.75537842,52.44599995],[13.75501231,52.44653865],[13.75380301,52.44744133],[13.75260406,52.44786679],[13.75024471,52.44832312],[13.74923081,52.44866657],[13.74644432,52.44893365],[13.74476837,52.4492328],[13.74328203,52.44893323],[13.73785642,52.44963404],[13.73560755,52.45025623],[13.73555106,52.45061215],[13.73433789,52.45073819],[13.73270281,52.45035594],[13.72906779,52.45078333],[13.72056695,52.45674949],[13.71759726,52.46053431],[13.71596462,52.46291703],[13.71334879,52.46298998],[13.71150436,52.46329328],[13.70569967,52.46555118],[13.70191129,52.46753253],[13.70124589,52.46822402],[13.69907997,52.4682802],[13.7020898,52.46436102],[13.70255734,52.46330748],[13.7029656,52.461163],[13.70335354,52.4600466],[13.70525108,52.45986921],[13.70558262,52.45769691],[13.70522879,52.45561674],[13.70462413,52.45475262],[13.70149251,52.45486609],[13.69834367,52.45525898],[13.69868106,52.45648096],[13.69848085,52.45729348],[13.69768693,52.45850446],[13.69752827,52.46047713],[13.69708155,52.46173014],[13.69543462,52.46418447],[13.69097285,52.46474058],[13.68983293,52.465009],[13.68655931,52.46513294],[13.68277171,52.46606493],[13.68016651,52.46782574],[13.67863344,52.46923463],[13.67640645,52.47001384],[13.67524023,52.47065688],[13.67337212,52.47138736],[13.67007304,52.473088],[13.66946397,52.47327784],[13.66425141,52.45425399],[13.66236437,52.44728452],[13.65674963,52.43744119],[13.67450694,52.43356559],[13.67467455,52.43355474],[13.67475411,52.43370568],[13.67479095,52.43378295],[13.67471014,52.4338369],[13.67512615,52.43375046],[13.67550226,52.4334843],[13.67599732,52.43309586],[13.67613246,52.43298168],[13.67685923,52.43208],[13.67750091,52.43136079],[13.6780309,52.43069823],[13.67795581,52.43060121],[13.67779845,52.43056533],[13.67761763,52.43057889],[13.67683108,52.43058732],[13.67674288,52.43059994],[13.67629885,52.43058395],[13.67557544,52.43052854],[13.67445707,52.43095767],[13.67351654,52.43135346],[13.67252846,52.43127657],[13.67262829,52.43113724],[13.67276585,52.430518],[13.6723628,52.43032045],[13.67225099,52.43024321],[13.67214794,52.43011294],[13.6721594,52.42982087],[13.67232383,52.42959074],[13.67246482,52.4294487],[13.6744472,52.42862382],[13.67671092,52.42834878],[13.67793738,52.4286556],[13.67817269,52.42873368],[13.67876989,52.42900122],[13.6792405,52.42912592],[13.68025476,52.42900055],[13.68093115,52.4290901],[13.68124001,52.4291933],[13.68175617,52.42929461],[13.68193107,52.42925499],[13.68265268,52.42906143],[13.68315832,52.4289857],[13.68338616,52.42895414],[13.68426076,52.42884407],[13.68548671,52.42872124],[13.68634097,52.4287945],[13.68637185,52.42879898],[13.68655566,52.42883124],[13.6883897,52.42936859],[13.68913561,52.42973755],[13.68933419,52.42981383],[13.68946805,52.42986139],[13.68973132,52.42993494],[13.69001221,52.429995],[13.69105903,52.43002318],[13.69158088,52.42997437],[13.69310973,52.42986657],[13.69345072,52.42980706],[13.69451341,52.42963571],[13.69518665,52.42956612],[13.69746315,52.42905792],[13.69808767,52.42887421],[13.69903064,52.42834162],[13.69919061,52.42817077],[13.69949732,52.42783897],[13.70020959,52.42739009],[13.70084851,52.4270464],[13.70211623,52.42647673],[13.7032228,52.42624056],[13.70416931,52.42611862],[13.70505134,52.42611444],[13.70557311,52.42605568],[13.70667973,52.42586531],[13.70686637,52.42583552],[13.70744687,52.42573987],[13.70894018,52.42559594],[13.7116145,52.42574501],[13.71159383,52.42570189],[13.71241566,52.42573275],[13.71380467,52.42563737],[13.71408972,52.42556436],[13.71524587,52.42517797],[13.71576513,52.4246159],[13.71601163,52.42438476],[13.71717351,52.42322638],[13.71749774,52.42292238],[13.71787925,52.42259227],[13.71836656,52.4222486],[13.71955849,52.42145683],[13.71977124,52.42127423],[13.72005637,52.42056315],[13.72025633,52.41989348],[13.72038606,52.41938114],[13.72050135,52.41899462],[13.72100718,52.41840198],[13.72245122,52.41803775],[13.72282124,52.4178703],[13.72294589,52.41773809],[13.72350032,52.41721281],[13.72358841,52.4171687],[13.72388928,52.41697434],[13.72469248,52.41662948],[13.725132332597576,52.41638137185176],[13.72539759,52.41646264],[13.72568439,52.41655226],[13.72607417,52.41668404],[13.72625764,52.41657245],[13.72650007,52.4165363],[13.72702978,52.41680095],[13.72715486,52.41686915],[13.72715491,52.41689071],[13.7271256,52.41692758],[13.72714037,52.41695813],[13.72777269,52.41710137],[13.72786262,52.41721992],[13.7281262,52.41743358],[13.72822913,52.41745236],[13.72830996,52.41745049],[13.7283732,52.41746572],[13.72871427,52.41750137],[13.72882457,52.41752733],[13.72931151,52.41772012],[13.72945716,52.41777751],[13.72963384,52.41790856],[13.72969559,52.41791839],[13.72972794,52.41792376],[13.72975883,52.41793451],[13.72978975,52.41795965],[13.72981334,52.41799108],[13.72988414,52.41809617],[13.73003879,52.41823263],[13.73005204,52.4182416],[13.73006823,52.41825327],[13.73006827,52.41826765],[13.73005811,52.41832158],[13.73003905,52.41834317],[13.72999508,52.41839892],[13.72999793,52.41898845],[13.7299863,52.41904148],[13.72992045,52.41916825],[13.7299456,52.41923833],[13.73006338,52.4193182],[13.73009728,52.41936041],[13.73011504,52.41941072],[13.73011527,52.41950868],[13.7301007,52.41956261],[13.73018186,52.41970093],[13.73027768,52.41981678],[13.73030711,52.41983113],[13.73037327,52.41984096],[13.73049961,52.41980939],[13.73058621,52.41976079],[13.73078868,52.41960244],[13.73084158,52.41959521],[13.73088128,52.41960236],[13.73090187,52.41960504],[13.73100622,52.41960405],[13.73110777,52.41965608],[13.73113723,52.41968301],[13.73140932,52.41975287]]]},"properties":{"esb":"0926","bez":"09","bezname":"Treptow-Köpenick"},"id":"schulen_esb.0926"},
{"type":"Feature","geometry":{"type":"Polygon","coordinates":[[[13.66425141,52.45425399],[13.66946397,52.47327784],[13.66754978,52.47373505],[13.66723535,52.47428155],[13.66380876,52.47365722],[13.66264624,52.47375554],[13.65835726,52.47499694],[13.65680823,52.4759679],[13.6554591,52.47664135],[13.65232475,52.47745986],[13.64830301,52.4787251],[13.64577596,52.47886934],[13.64321512,52.47921931],[13.64256733,52.47869908],[13.6361423,52.476144],[13.63103822,52.47502009],[13.62943843,52.47409721],[13.62817573,52.47354187],[13.62533986,52.47369466],[13.62479551,52.47014043],[13.62470726,52.46905395],[13.62520758,52.46874301],[13.62290176,52.46877892],[13.62260753,52.46805908],[13.62337279,52.4667102],[13.62299024,52.4665682],[13.62347586,52.46574863],[13.62314483,52.46533344],[13.621497,52.4644509],[13.62129402,52.46393775],[13.6213942,52.46287284],[13.62118828,52.46239744],[13.62123263,52.46063965],[13.62032058,52.45995752],[13.62113717,52.45931591],[13.62020301,52.45911726],[13.61566483,52.45764852],[13.61169278,52.45777212],[13.61147231,52.45721222],[13.61064422,52.45680322],[13.61125197,52.45625781],[13.61243686,52.45415956],[13.6125533,52.45344604],[13.61238615,52.45176641],[13.61197788,52.4498504],[13.61202996,52.4480333],[13.61128736,52.44760994],[13.60994502,52.44632466],[13.61252656,52.44509831],[13.61489895,52.44451263],[13.61534319,52.44414871],[13.61769792,52.44316216],[13.61893324,52.44327368],[13.62122291,52.44415899],[13.62240682,52.44387775],[13.62288182,52.44411141],[13.62367432,52.44682901],[13.62424056,52.44685238],[13.62483012,52.4519739],[13.62545366,52.456762],[13.62575963,52.45724099],[13.63229424,52.45705391],[13.64182084,52.45642038],[13.64464811,52.45610184],[13.64482767,52.4563139],[13.65288275,52.45546761],[13.652868,52.45539841],[13.66425141,52.45425399]]]},"properties":{"esb":"0927","bez":"09","bezname":"Treptow-Köpenick"},"id":"schulen_esb.0927"},
{"type":"Feature","geometry":{"type":"Polygon","coordinates":[[[13.59269392,52.39381067],[13.59409039,52.39254392],[13.59366924,52.38995919],[13.59431629,52.3889178],[13.59499928,52.38895123],[13.59524219,52.38815866],[13.59494174,52.38723384],[13.59611468,52.38597868],[13.5993859,52.38540162],[13.60047338,52.38431265],[13.60138124,52.3839354],[13.60299294,52.38283574],[13.60370289,52.38165771],[13.60484874,52.38094077],[13.60639449,52.37911581],[13.60632864,52.37860894],[13.60546694,52.37796983],[13.60649835,52.3767487],[13.6068041,52.37602171],[13.60657699,52.37491899],[13.60580964,52.37361936],[13.60736591,52.373971],[13.62029544,52.37844871],[13.62850734,52.38134978],[13.63323242,52.37623609],[13.6426777,52.37750229],[13.64283085,52.37474511],[13.64284179,52.37257838],[13.64253156,52.371429],[13.64209527,52.37080448],[13.64353693,52.37046098],[13.6468256,52.3701513],[13.64686615,52.36895065],[13.64726211,52.36801595],[13.64694262,52.36607664],[13.64609665,52.36527067],[13.64473117,52.36480087],[13.64113834,52.36309298],[13.6402381,52.36192839],[13.63908256,52.36097771],[13.63843194,52.3597322],[13.63871496,52.35874721],[13.63829196,52.35774252],[13.63808755,52.35629386],[13.63779043,52.3482066],[13.63669128,52.3481384],[13.6363153,52.34680837],[13.63682119,52.34522304],[13.63870034,52.34318912],[13.64085686,52.34188038],[13.64281347,52.33993806],[13.64449487,52.33990725],[13.64549795,52.33878194],[13.64743436,52.33826486],[13.64883553,52.33833649],[13.65094269,52.33894358],[13.65168978,52.33946377],[13.65114135,52.34260121],[13.6522939,52.34384565],[13.65275667,52.34478018],[13.6536275,52.34588896],[13.65556828,52.34721496],[13.65611164,52.34780886],[13.65600202,52.34847302],[13.6567703,52.34960876],[13.65708281,52.35161096],[13.65898095,52.35235456],[13.65895927,52.35280391],[13.65956871,52.35330341],[13.66202041,52.35421037],[13.66194727,52.35451055],[13.66268158,52.3550774],[13.66237387,52.35569669],[13.66300158,52.35689085],[13.66489313,52.35812235],[13.66619652,52.35808597],[13.66575021,52.35962287],[13.66616054,52.36051423],[13.66665397,52.36235817],[13.66847599,52.36420613],[13.66989016,52.3646909],[13.67091494,52.36624075],[13.67181543,52.36677962],[13.67441751,52.36734116],[13.6761359,52.36795425],[13.67839829,52.36918627],[13.6792105,52.36944563],[13.68214271,52.36963749],[13.68474767,52.36881304],[13.68723414,52.36730288],[13.68892703,52.36740984],[13.68925356,52.36784103],[13.69052777,52.36774688],[13.69201708,52.36718259],[13.69127655,52.36777343],[13.69307825,52.36797373],[13.69269471,52.36871536],[13.69322151,52.3695095],[13.69508649,52.37069919],[13.69738072,52.37305867],[13.69871132,52.37414976],[13.69995593,52.37558599],[13.70061792,52.37718973],[13.70039818,52.3775035],[13.69928254,52.37773426],[13.69720125,52.37743897],[13.69809809,52.37991879],[13.69880348,52.381119],[13.69829741,52.38148238],[13.69518025,52.38095402],[13.69428052,52.38128256],[13.6897234,52.38324962],[13.68790187,52.38295312],[13.68705133,52.38387741],[13.68611153,52.38398753],[13.6868227,52.38530374],[13.68758625,52.38517663],[13.6880325,52.3860571],[13.68907409,52.3852037],[13.69089593,52.38563858],[13.69276294,52.38679235],[13.69541583,52.38887038],[13.69596827,52.3889743],[13.6968316,52.38967925],[13.69750315,52.38985409],[13.69774008,52.3910402],[13.69828468,52.39171928],[13.69901941,52.39187969],[13.69851133,52.39108826],[13.69877491,52.39058035],[13.70017127,52.39113307],[13.70186372,52.39301024],[13.70255913,52.39335489],[13.70356813,52.39324818],[13.70452043,52.39347582],[13.7054498,52.3940189],[13.70655787,52.3950732],[13.7078757,52.39512802],[13.70915465,52.39560612],[13.70972594,52.39629231],[13.70946841,52.39683889],[13.70854678,52.39656454],[13.70804725,52.39654512],[13.70645759,52.396486],[13.70588755,52.39646392],[13.70561592,52.39654858],[13.70380235,52.39697486],[13.70248113,52.39753919],[13.70218046,52.39783056],[13.70191645,52.39808326],[13.69662371,52.395661],[13.69593265,52.39527497],[13.69496656,52.39467702],[13.6938375,52.39412049],[13.69299234,52.39380104],[13.69064826,52.39309239],[13.68460161,52.39169269],[13.68384484,52.39148816],[13.68325411,52.39131231],[13.68201525,52.39086356],[13.68095852,52.39037517],[13.68062046,52.39020368],[13.68010598,52.38989387],[13.67990603,52.38974568],[13.67967078,52.38955347],[13.67904498,52.38826324],[13.67919483,52.38705894],[13.67886098,52.38668704],[13.67849953,52.38657037],[13.6723808,52.38525545],[13.67142569,52.38482086],[13.67116399,52.38455675],[13.67110362,52.38440399],[13.67096971,52.38414253],[13.67062416,52.38373376],[13.67043303,52.38352803],[13.67037126,52.38343998],[13.67008147,52.38297457],[13.66996976,52.38287576],[13.66971233,52.38244449],[13.6675061,52.38205435],[13.66686986,52.38169061],[13.66629714,52.38172046],[13.6651413,52.38166423],[13.65744215,52.3805189],[13.65697834,52.38087849],[13.65655417,52.38124257],[13.65531194,52.38151698],[13.65452358,52.38193236],[13.64894027,52.38538541],[13.64868334,52.38558047],[13.64837514,52.38603616],[13.64509679,52.39263755],[13.64437594,52.3936343],[13.64415571,52.39392191],[13.64377541,52.39436053],[13.64272107,52.39546875],[13.64118181,52.39634967],[13.63977896,52.39675874],[13.63921196,52.39696819],[13.63717169,52.39822745],[13.63139248,52.40183603],[13.62826156,52.40377816],[13.62772527,52.40425357],[13.62651452,52.40743129],[13.62612805,52.40788961],[13.62578272,52.40821763],[13.6250656,52.40868314],[13.62425736,52.40907585],[13.62380916,52.40919177],[13.62303031,52.40924207],[13.6147645,52.40870146],[13.61448382,52.40869694],[13.61387103,52.40877236],[13.61011463,52.40978921],[13.60740157,52.41052932],[13.60654473,52.41072688],[13.60549972,52.41105203],[13.60158232,52.41282526],[13.60092822,52.4130408],[13.60031088,52.41319793],[13.60009483,52.41322305],[13.59942611,52.41326873],[13.59593587,52.41305311],[13.59575365,52.41302879],[13.59455312,52.4128092],[13.59298091,52.41244121],[13.59226672,52.41238439],[13.59168475,52.41239501],[13.59043987,52.41253933],[13.58970198,52.41270446],[13.58894348,52.4129199],[13.58826724,52.41315783],[13.58681167,52.41385473],[13.58640142,52.41409454],[13.58632201,52.41414484],[13.58541017,52.4148419],[13.58464191,52.41597306],[13.58456735,52.41710446],[13.58459661,52.41724197],[13.58476948,52.41784234],[13.58248284,52.41748744],[13.57380105,52.41363849],[13.57284939,52.41307909],[13.5728512,52.4127987],[13.57449721,52.4115314],[13.57408746,52.41131015],[13.57624073,52.40971593],[13.58061523,52.40715378],[13.5833276,52.40586251],[13.58678267,52.40364847],[13.58695312,52.40363505],[13.5842944,52.40132993],[13.58646329,52.39939943],[13.58854931,52.39964186],[13.58929195,52.39881261],[13.59034374,52.39716656],[13.59298833,52.39690312],[13.5932552,52.39560909],[13.59267586,52.39437684],[13.59269392,52.39381067]]]},"properties":{"esb":"0929","bez":"09","bezname":"Treptow-Köpenick"},"id":"schulen_esb.0929"},
{"type":"Feature","geometry":{"type":"Polygon","coordinates":[[[13.46254148,52.49545753],[13.45925767,52.49284951],[13.45111349,52.48679779],[13.45606366,52.48425282],[13.45813173,52.48581946],[13.45872215,52.48540063],[13.46969506,52.4919283],[13.46705404,52.49268414],[13.46421306,52.4937398],[13.46319099,52.49421379],[13.46396548,52.49500118],[13.46318201,52.49544494],[13.46254148,52.49545753]]]},"properties":{"esb":"0930","bez":"09","bezname":"Treptow-Köpenick"},"id":"schulen_esb.0930"},
{"type":"Feature","geometry":{"type":"Polygon","coordinates":[[[13.55821741,52.45314061],[13.55841593,52.45318566],[13.55834553,52.45494791],[13.5581382,52.45584376],[13.56377858,52.45663051],[13.56141128,52.45884445],[13.55418933,52.46693636],[13.55232194,52.46877388],[13.55273905,52.46924414],[13.5513957,52.47002783],[13.54703215,52.47191848],[13.54775314,52.47279516],[13.55043714,52.47293171],[13.55242426,52.47267685],[13.55259333,52.47364931],[13.55153232,52.47362168],[13.54918609,52.47386192],[13.54798669,52.47386473],[13.54847626,52.47330968],[13.54206304,52.47398468],[13.53984477,52.47497521],[13.5314409,52.46838605],[13.53075912,52.46793258],[13.52924199,52.46662738],[13.52712649,52.46383976],[13.52620634,52.46215399],[13.52498217,52.46154904],[13.52455506,52.46174279],[13.52396151,52.46138191],[13.51968879,52.45783739],[13.5206102,52.45702223],[13.52044222,52.45591492],[13.52176943,52.45454293],[13.52288145,52.4539445],[13.52424325,52.4534577],[13.52658334,52.45291241],[13.52851082,52.45267497],[13.53080494,52.45293566],[13.53315454,52.45340484],[13.53536373,52.45421715],[13.53748548,52.45539692],[13.53818387,52.45557088],[13.54014029,52.45560827],[13.54260456,52.45547164],[13.54599023,52.45503633],[13.55100869,52.45372039],[13.55510197,52.45310284],[13.55714235,52.45300429],[13.55821741,52.45314061]]]},"properties":{"esb":"0931","bez":"09","bezname":"Treptow-Köpenick"},"id":"schulen_esb.0931"},
{"type":"Feature","geometry":{"type":"Polygon","coordinates":[[[13.58584537,52.45760886],[13.58454418,52.45682207],[13.58316866,52.45538641],[13.58163317,52.45511085],[13.58188962,52.45463285],[13.58324301,52.45457764],[13.58070779,52.45380294],[13.57819665,52.45261031],[13.57776246,52.45284379],[13.57714854,52.45200957],[13.57769322,52.45160899],[13.57999771,52.45063486],[13.58189912,52.4496156],[13.58118322,52.44921991],[13.58088856,52.4482771],[13.58100398,52.44760673],[13.58020684,52.44758845],[13.58180405,52.44619613],[13.5841037,52.44679818],[13.58592037,52.44807222],[13.58732709,52.44900192],[13.58905193,52.4495219],[13.59307028,52.44951501],[13.59490129,52.4497869],[13.5949487,52.44931691],[13.59641941,52.44948984],[13.59861861,52.44904373],[13.60164562,52.44896442],[13.60433039,52.44794496],[13.6075414,52.44732093],[13.60994502,52.44632466],[13.61128736,52.44760994],[13.61202996,52.4480333],[13.61197788,52.4498504],[13.61238615,52.45176641],[13.6125533,52.45344604],[13.61243686,52.45415956],[13.61125197,52.45625781],[13.61064422,52.45680322],[13.61147231,52.45721222],[13.61169278,52.45777212],[13.61566483,52.45764852],[13.62020301,52.45911726],[13.62113717,52.45931591],[13.62032058,52.45995752],[13.62123263,52.46063965],[13.62118828,52.46239744],[13.6213942,52.46287284],[13.62129402,52.46393775],[13.621497,52.4644509],[13.62314483,52.46533344],[13.62347586,52.46574863],[13.62299024,52.4665682],[13.62138198,52.46663375],[13.62195285,52.46700402],[13.62191443,52.46848053],[13.6210183,52.46849487],[13.62115343,52.47046206],[13.61712124,52.47119962],[13.61507174,52.46970856],[13.61348971,52.47022873],[13.61149711,52.47062391],[13.61131175,52.47047561],[13.61136473,52.47046213],[13.60537352,52.46553116],[13.6017504,52.46396409],[13.59616205,52.46220411],[13.59538451,52.45905409],[13.5970499,52.45900688],[13.59711015,52.4569112],[13.59509043,52.45678937],[13.59273124,52.45622886],[13.58908887,52.45623136],[13.58601882,52.45615937],[13.58673211,52.45635552],[13.58600663,52.45661768],[13.58584537,52.45760886]]]},"properties":{"esb":"0932","bez":"09","bezname":"Treptow-Köpenick"},"id":"schulen_esb.0932"},
{"type":"Feature","geometry":{"type":"Polygon","coordinates":[[[13.54128995,52.43543128],[13.54350607,52.43372717],[13.54675208,52.43154113],[13.54917767,52.43004465],[13.55538562,52.42591554],[13.5558473,52.42586459],[13.56102832,52.42649663],[13.56341101,52.42671271],[13.5636908,52.43050615],[13.56317742,52.43273997],[13.56218994,52.43438221],[13.56165345,52.434257],[13.56076475,52.43565215],[13.56003412,52.43555469],[13.55667241,52.43396031],[13.55598214,52.43347552],[13.5544016,52.43434629],[13.55459849,52.43442908],[13.5494233,52.43839257],[13.54128995,52.43543128]]]},"properties":{"esb":"0992","bez":"09","bezname":"Treptow-Köpenick"},"id":"schulen_esb.0992"},
{"type":"Feature","geometry":{"type":"Polygon","coordinates":[[[13.46969506,52.4919283],[13.45872215,52.48540063],[13.46117948,52.48369932],[13.46115801,52.48353573],[13.46326847,52.48204239],[13.46383663,52.48164507],[13.46477514,52.48179913],[13.46641042,52.48058995],[13.46799554,52.48143683],[13.46601226,52.4828199],[13.46673211,52.4832073],[13.4670719,52.48286447],[13.47117959,52.48009576],[13.4732934,52.4787631],[13.47466957,52.47875859],[13.47581288,52.47927408],[13.47834577,52.47756443],[13.47855435,52.47768691],[13.48386143,52.47410147],[13.48732211,52.47571151],[13.49298736,52.47842303],[13.49560174,52.47876834],[13.49492149,52.48132429],[13.49417573,52.48311899],[13.4936168,52.48444568],[13.49286685,52.48564725],[13.49070477,52.48744122],[13.48849831,52.48783497],[13.48754453,52.48778802],[13.48594557,52.48740061],[13.48295425,52.48604542],[13.48205171,52.48744174],[13.48005536,52.48793715],[13.47923414,52.48786963],[13.47863044,52.48703222],[13.47793545,52.48795158],[13.47771201,52.48872954],[13.47612821,52.48995421],[13.47378074,52.49103139],[13.47101577,52.49148521],[13.46969506,52.4919283]]]},"properties":{"esb":"0997","bez":"09","bezname":"Treptow-Köpenick"},"id":"schulen_esb.0997"},
{"type":"Feature","geometry":{"type":"Polygon","coordinates":[[[13.55584194,52.42462263],[13.56599944,52.41736067],[13.57064754,52.41451235],[13.57261133,52.4130655],[13.57284939,52.41307909],[13.57380105,52.41363849],[13.58248284,52.41748744],[13.58476948,52.41784234],[13.58482401,52.4192371],[13.58463684,52.41976725],[13.5843586,52.42021559],[13.58401574,52.42060999],[13.58380537,52.42079684],[13.58363766,52.42094056],[13.58346409,52.42106901],[13.58288896,52.4214759],[13.58244608,52.4219089],[13.58196284,52.42299701],[13.581951,52.42307609],[13.58194062,52.42317134],[13.58191827,52.423467],[13.58191023,52.4241428],[13.58182158,52.42458761],[13.58161093,52.42501889],[13.58133709,52.42541869],[13.58111043,52.42568372],[13.58087499,52.42591369],[13.5802129,52.42644185],[13.57979216,52.42672387],[13.57948472,52.42690797],[13.57919494,52.42707052],[13.57873603,52.42728781],[13.57838305,52.42743056],[13.57648152,52.428022],[13.57584162,52.42837311],[13.57279585,52.42806892],[13.57133637,52.42778068],[13.56502623,52.42700203],[13.56341101,52.42671271],[13.56102832,52.42649663],[13.5558473,52.42586459],[13.55538562,52.42591554],[13.55435255,52.42568396],[13.55584194,52.42462263]]]},"properties":{"esb":"0999","bez":"09","bezname":"Treptow-Köpenick"},"id":"schulen_esb.0999"},
{"type":"Feature","geometry":{"type":"Polygon","coordinates":[[[13.57438637,52.56756017],[13.57888611,52.56604874],[13.5809445,52.5649559],[13.57651409,52.56141076],[13.57649501,52.56133886],[13.57823674,52.56110594],[13.58230694,52.55925721],[13.58520521,52.55834972],[13.5856932,52.55841729],[13.58468531,52.55927425],[13.58442967,52.55985378],[13.5843251,52.56126012],[13.58383425,52.56259444],[13.58386983,52.56392894],[13.58316368,52.56520835],[13.58343205,52.56673794],[13.58336182,52.567677],[13.5815399,52.57110285],[13.57788505,52.57112477],[13.57696124,52.57290011],[13.57468279,52.57383373],[13.57140756,52.57323555],[13.56907693,52.57336385],[13.5685684,52.5731021],[13.56832426,52.57368789],[13.5669106,52.5719609],[13.56757458,52.57176623],[13.56631548,52.57033226],[13.5685745,52.56958751],[13.56848467,52.56948861],[13.57438637,52.56756017]]]},"properties":{"esb":"1001","bez":"10","bezname":"Marzahn-Hellersdorf"},"id":"schulen_esb.1001"},
{"type":"Feature","geometry":{"type":"Polygon","coordinates":[[[13.56631548,52.57033226],[13.56654438,52.5701176],[13.56406445,52.56746622],[13.56361288,52.56766638],[13.56257927,52.56649489],[13.56290121,52.56618953],[13.56499186,52.56551665],[13.56548071,52.56606058],[13.56687935,52.56562994],[13.5681429,52.56584984],[13.57045624,52.56509609],[13.56995262,52.56452252],[13.57115346,52.56417621],[13.57097822,52.56397843],[13.57150167,52.5640245],[13.57405234,52.56693097],[13.57438637,52.56756017],[13.56848467,52.56948861],[13.5685745,52.56958751],[13.56631548,52.57033226]]]},"properties":{"esb":"1003","bez":"10","bezname":"Marzahn-Hellersdorf"},"id":"schulen_esb.1003"},
{"type":"Feature","geometry":{"type":"Polygon","coordinates":[[[13.56230148,52.58000853],[13.56105659,52.58087234],[13.56054924,52.57980628],[13.55932786,52.57781689],[13.55902566,52.57768372],[13.55636241,52.57345586],[13.55271326,52.57259545],[13.5513426,52.57025362],[13.54824116,52.57095166],[13.54709702,52.56910329],[13.54561712,52.56944557],[13.54481629,52.56784993],[13.545632,52.56777231],[13.54458208,52.56690709],[13.54231977,52.56614166],[13.54118447,52.56601414],[13.54022735,52.56526847],[13.5426002,52.56447487],[13.55190022,52.56148321],[13.54966638,52.55885864],[13.5528191,52.55783349],[13.55300013,52.55802861],[13.55405977,52.55744065],[13.55433052,52.55777331],[13.55547142,52.55889731],[13.55754046,52.56151808],[13.56073779,52.56518277],[13.56332935,52.56792414],[13.561467,52.56769937],[13.56068851,52.56657923],[13.5595259,52.56690659],[13.55905735,52.56663313],[13.55612168,52.56719667],[13.55506662,52.56846852],[13.55679135,52.56898178],[13.55585589,52.57015395],[13.56060632,52.57124314],[13.56014243,52.57175062],[13.55725267,52.57104803],[13.55696285,52.57151785],[13.56230148,52.58000853]]]},"properties":{"esb":"1004","bez":"10","bezname":"Marzahn-Hellersdorf"},"id":"schulen_esb.1004"},
{"type":"Feature","geometry":{"type":"Polygon","coordinates":[[[13.57438637,52.56756017],[13.57405234,52.56693097],[13.57150167,52.5640245],[13.57097822,52.56397843],[13.56979907,52.56237828],[13.56964545,52.56143463],[13.57320675,52.56128891],[13.57532981,52.56157471],[13.57651409,52.56141076],[13.5809445,52.5649559],[13.57888611,52.56604874],[13.57438637,52.56756017]]]},"properties":{"esb":"1005","bez":"10","bezname":"Marzahn-Hellersdorf"},"id":"schulen_esb.1005"},
{"type":"Feature","geometry":{"type":"Polygon","coordinates":[[[13.55433052,52.55777331],[13.55904816,52.55626726],[13.56095025,52.55620003],[13.56347414,52.55640719],[13.5681193,52.55583982],[13.57037237,52.55569533],[13.57455581,52.5551895],[13.57556975,52.55811773],[13.57146423,52.55858319],[13.57125852,52.55800976],[13.56861888,52.55826911],[13.56770611,52.55610921],[13.56754779,52.55652701],[13.56812015,52.55853936],[13.56673681,52.55873727],[13.56661815,52.55925213],[13.56350641,52.55962076],[13.5602698,52.56062009],[13.55916429,52.55938473],[13.55740146,52.55988696],[13.55623121,52.55863176],[13.55547142,52.55889731],[13.55433052,52.55777331]]]},"properties":{"esb":"1006","bez":"10","bezname":"Marzahn-Hellersdorf"},"id":"schulen_esb.1006"},
{"type":"Feature","geometry":{"type":"Polygon","coordinates":[[[13.55405977,52.55744065],[13.54830508,52.55074928],[13.55685978,52.5481036],[13.55862629,52.54778291],[13.55947613,52.54826417],[13.56019718,52.549112],[13.56134357,52.54945681],[13.56229574,52.55057435],[13.56372504,52.55106038],[13.5652043,52.55275061],[13.56687255,52.5543151],[13.5681193,52.55583982],[13.56347414,52.55640719],[13.56095025,52.55620003],[13.55904816,52.55626726],[13.55433052,52.55777331],[13.55405977,52.55744065]]]},"properties":{"esb":"1007","bez":"10","bezname":"Marzahn-Hellersdorf"},"id":"schulen_esb.1007"},
{"type":"Feature","geometry":{"type":"Polygon","coordinates":[[[13.57649501,52.56133886],[13.57501146,52.56017448],[13.57585624,52.5590093],[13.57556975,52.55811773],[13.57455581,52.5551895],[13.57274269,52.55006641],[13.57137673,52.54603086],[13.57047953,52.54330754],[13.57501264,52.5427713],[13.57510073,52.543067],[13.57707312,52.54287193],[13.57722236,52.5438596],[13.57661665,52.54506893],[13.57509749,52.54710821],[13.58429221,52.54942585],[13.58623061,52.54958648],[13.58640713,52.5500089],[13.58690001,52.55109283],[13.58694366,52.55173179],[13.58754148,52.55256323],[13.58776932,52.55332626],[13.58759627,52.55562134],[13.5863484,52.55783699],[13.58569615,52.55841639],[13.58520521,52.55834972],[13.58230694,52.55925721],[13.57823674,52.56110594],[13.57649501,52.56133886]]]},"properties":{"esb":"1008","bez":"10","bezname":"Marzahn-Hellersdorf"},"id":"schulen_esb.1008"},
{"type":"Feature","geometry":{"type":"Polygon","coordinates":[[[13.5681193,52.55583982],[13.56687255,52.5543151],[13.5652043,52.55275061],[13.56372504,52.55106038],[13.56229574,52.55057435],[13.56134357,52.54945681],[13.56019718,52.549112],[13.55947613,52.54826417],[13.55862629,52.54778291],[13.55745964,52.54628959],[13.5569939,52.54531608],[13.55785366,52.54506316],[13.55960629,52.54505967],[13.56356174,52.54463138],[13.56539389,52.54467727],[13.56687053,52.54492065],[13.57137673,52.54603086],[13.57274269,52.55006641],[13.57455581,52.5551895],[13.57037237,52.55569533],[13.5681193,52.55583982]]]},"properties":{"esb":"1009","bez":"10","bezname":"Marzahn-Hellersdorf"},"id":"schulen_esb.1009"},
{"type":"Feature","geometry":{"type":"Polygon","coordinates":[[[13.54022735,52.56526847],[13.53481659,52.56104079],[13.53394944,52.5603868],[13.52939198,52.55754434],[13.52534825,52.55531681],[13.52630225,52.55398673],[13.52748433,52.55151555],[13.53000305,52.54446775],[13.53044727,52.5435452],[13.53098773,52.54173396],[13.53189157,52.53952491],[13.53226491,52.53931313],[13.53956673,52.5398561],[13.54179604,52.54019111],[13.54364761,52.54076935],[13.54698824,52.54196503],[13.55442061,52.54417776],[13.55785366,52.54506316],[13.5569939,52.54531608],[13.55745964,52.54628959],[13.55862629,52.54778291],[13.55685978,52.5481036],[13.54830508,52.55074928],[13.55405977,52.55744065],[13.55300013,52.55802861],[13.5528191,52.55783349],[13.54966638,52.55885864],[13.55190022,52.56148321],[13.5426002,52.56447487],[13.54022735,52.56526847]]]},"properties":{"esb":"1010","bez":"10","bezname":"Marzahn-Hellersdorf"},"id":"schulen_esb.1010"},
{"type":"Feature","geometry":{"type":"Polygon","coordinates":[[[13.57047953,52.54330754],[13.56966475,52.54077117],[13.56701591,52.54096218],[13.56703156,52.54247012],[13.56642685,52.54275918],[13.5643336,52.54291896],[13.56329647,52.54151742],[13.55983907,52.5373503],[13.56104082,52.53692771],[13.56109028,52.53637596],[13.5638285,52.53637115],[13.5641669,52.53676943],[13.5641315,52.53782712],[13.56493393,52.53839638],[13.56728909,52.5383877],[13.56865565,52.53812866],[13.56628506,52.53433698],[13.56738299,52.53431147],[13.57268629,52.53348005],[13.5753404,52.53342011],[13.57547378,52.53403754],[13.57662694,52.53337213],[13.57795898,52.5321604],[13.5813701,52.53098002],[13.5841412,52.53015428],[13.58510611,52.53041972],[13.58627099,52.53117948],[13.58639597,52.53148596],[13.58594384,52.53280862],[13.58663531,52.53405438],[13.58646492,52.5350671],[13.58515175,52.53674893],[13.58322673,52.53855632],[13.58208406,52.53900792],[13.58125054,52.53979572],[13.58089731,52.54073917],[13.58070274,52.54217064],[13.58094653,52.54303343],[13.58243972,52.54443768],[13.58297678,52.54540932],[13.58436077,52.54710107],[13.58475951,52.54788303],[13.58623061,52.54958648],[13.58429221,52.54942585],[13.57509749,52.54710821],[13.57661665,52.54506893],[13.57722236,52.5438596],[13.57707312,52.54287193],[13.57510073,52.543067],[13.57501264,52.5427713],[13.57047953,52.54330754]]]},"properties":{"esb":"1011","bez":"10","bezname":"Marzahn-Hellersdorf"},"id":"schulen_esb.1011"},
{"type":"Feature","geometry":{"type":"Polygon","coordinates":[[[13.57137673,52.54603086],[13.56687053,52.54492065],[13.56539389,52.54467727],[13.56356174,52.54463138],[13.55960629,52.54505967],[13.55785366,52.54506316],[13.55442061,52.54417776],[13.55508478,52.54363897],[13.54979692,52.53894204],[13.54937675,52.53901545],[13.54779972,52.53738337],[13.54942191,52.53679043],[13.54822356,52.53523588],[13.54955349,52.53486651],[13.54891857,52.53389286],[13.54996807,52.53374347],[13.55062743,52.53337994],[13.55109129,52.53357614],[13.55299198,52.53376335],[13.56539954,52.5342242],[13.56628506,52.53433698],[13.56865565,52.53812866],[13.56728909,52.5383877],[13.56493393,52.53839638],[13.5641315,52.53782712],[13.5641669,52.53676943],[13.5638285,52.53637115],[13.56109028,52.53637596],[13.56104082,52.53692771],[13.55983907,52.5373503],[13.56329647,52.54151742],[13.5643336,52.54291896],[13.56642685,52.54275918],[13.56703156,52.54247012],[13.56701591,52.54096218],[13.56966475,52.54077117],[13.57047953,52.54330754],[13.57137673,52.54603086]]]},"properties":{"esb":"1012","bez":"10","bezname":"Marzahn-Hellersdorf"},"id":"schulen_esb.1012"},
{"type":"Feature","geometry":{"type":"Polygon","coordinates":[[[13.56628506,52.53433698],[13.56539954,52.5342242],[13.55299198,52.53376335],[13.55109129,52.53357614],[13.55062743,52.53337994],[13.54995273,52.53239728],[13.54973938,52.5313637],[13.54808201,52.52368366],[13.54619231,52.5152881],[13.54535545,52.5153774],[13.54500929,52.51378385],[13.54463791,52.51388424],[13.54377501,52.50981455],[13.55135374,52.50929477],[13.55139773,52.50940893],[13.55457924,52.50930396],[13.55954342,52.50883417],[13.56138456,52.5087606],[13.56203858,52.51071822],[13.56260822,52.5130038],[13.56355246,52.51294949],[13.5658794,52.51319603],[13.57382028,52.51311534],[13.57552631,52.51664329],[13.57587796,52.51829696],[13.57640768,52.51883278],[13.57709608,52.52238363],[13.57697404,52.52348263],[13.5779321,52.52579346],[13.58069578,52.52759545],[13.5841412,52.53015428],[13.5813701,52.53098002],[13.57795898,52.5321604],[13.57662694,52.53337213],[13.57547378,52.53403754],[13.5753404,52.53342011],[13.57268629,52.53348005],[13.56738299,52.53431147],[13.56628506,52.53433698]]]},"properties":{"esb":"1013","bez":"10","bezname":"Marzahn-Hellersdorf"},"id":"schulen_esb.1013"},
{"type":"Feature","geometry":{"type":"Polygon","coordinates":[[[13.54973938,52.5313637],[13.54688946,52.5313789],[13.54637612,52.53167151],[13.54469504,52.53072678],[13.54154,52.53080814],[13.54029671,52.53211118],[13.54012302,52.53276348],[13.53689553,52.53288689],[13.53680745,52.53272148],[13.53687546,52.52971555],[13.53703012,52.5282931],[13.53813296,52.52574626],[13.5365964,52.52565794],[13.53765073,52.52157886],[13.53782608,52.52009442],[13.53768896,52.51942033],[13.53816835,52.51838365],[13.53834056,52.51698188],[13.53856299,52.51698564],[13.53815975,52.51532373],[13.53859236,52.51481901],[13.53907584,52.5109372],[13.53944572,52.51009992],[13.54001887,52.5099925],[13.54377501,52.50981455],[13.54463791,52.51388424],[13.54500929,52.51378385],[13.54535545,52.5153774],[13.54619231,52.5152881],[13.54808201,52.52368366],[13.54973938,52.5313637]]]},"properties":{"esb":"1014","bez":"10","bezname":"Marzahn-Hellersdorf"},"id":"schulen_esb.1014"},
{"type":"Feature","geometry":{"type":"Polygon","coordinates":[[[13.56818259,52.47470133],[13.56745878,52.4766987],[13.56655277,52.47735068],[13.5642786,52.47859056],[13.56354906,52.47928395],[13.56359509,52.48208511],[13.56405486,52.48275575],[13.56393916,52.48337936],[13.56425459,52.48411733],[13.56369464,52.48452773],[13.56487105,52.48538746],[13.56599203,52.48697418],[13.56686019,52.48942437],[13.56761006,52.49012121],[13.56853572,52.4915101],[13.56900069,52.49170263],[13.5695221,52.49266355],[13.56990156,52.49410339],[13.56944028,52.49558057],[13.57212719,52.49572561],[13.57455724,52.49520548],[13.57496144,52.49580416],[13.5768714,52.49556682],[13.57898394,52.49995674],[13.580179,52.50195671],[13.58117101,52.50389549],[13.5813862,52.50515728],[13.57942459,52.50513945],[13.57929726,52.50577025],[13.57867781,52.50660755],[13.57679089,52.50820638],[13.57540703,52.50898133],[13.5738959,52.51022531],[13.57353282,52.51208086],[13.57349503,52.51288514],[13.57382028,52.51311534],[13.5658794,52.51319603],[13.56355246,52.51294949],[13.56260822,52.5130038],[13.56203858,52.51071822],[13.56138456,52.5087606],[13.56177283,52.50612776],[13.56170539,52.50391255],[13.56149855,52.50137194],[13.56382351,52.49739214],[13.56338341,52.49625151],[13.56155603,52.49335324],[13.56096091,52.49256748],[13.56062245,52.48951005],[13.55918672,52.47338812],[13.55919135,52.47324703],[13.56086311,52.47325875],[13.56309234,52.47346486],[13.56512694,52.473953],[13.56566459,52.47359651],[13.56705052,52.47386501],[13.56818259,52.47470133]]]},"properties":{"esb":"1016","bez":"10","bezname":"Marzahn-Hellersdorf"},"id":"schulen_esb.1016"},
{"type":"Feature","geometry":{"type":"Polygon","coordinates":[[[13.58623061,52.54958648],[13.58475951,52.54788303],[13.58436077,52.54710107],[13.58297678,52.54540932],[13.58243972,52.54443768],[13.58094653,52.54303343],[13.58070274,52.54217064],[13.58089731,52.54073917],[13.58125054,52.53979572],[13.58436791,52.53963331],[13.58452929,52.54040711],[13.58393929,52.54087419],[13.58397625,52.54228508],[13.58421198,52.542393],[13.58421071,52.54371042],[13.58699543,52.54332496],[13.58883791,52.54330669],[13.58922051,52.54405808],[13.59135792,52.54392213],[13.59160922,52.54487477],[13.59878097,52.54392589],[13.59910764,52.54481473],[13.60023098,52.5446029],[13.6006445,52.54576764],[13.59979975,52.54595527],[13.59985555,52.54631294],[13.59883683,52.54651401],[13.59888042,52.5475232],[13.58741008,52.54944938],[13.58640713,52.5500089],[13.58623061,52.54958648]]]},"properties":{"esb":"1017","bez":"10","bezname":"Marzahn-Hellersdorf"},"id":"schulen_esb.1017"},
{"type":"Feature","geometry":{"type":"Polygon","coordinates":[[[13.58436791,52.53963331],[13.58704323,52.53931701],[13.58844342,52.53927972],[13.59195092,52.53958723],[13.59181764,52.54039148],[13.60004147,52.54107746],[13.60071519,52.53830887],[13.60122513,52.53572626],[13.60481317,52.53669302],[13.60476872,52.53716749],[13.60303851,52.54549764],[13.60352282,52.54674236],[13.59888042,52.5475232],[13.59883683,52.54651401],[13.59985555,52.54631294],[13.59979975,52.54595527],[13.6006445,52.54576764],[13.60023098,52.5446029],[13.59910764,52.54481473],[13.59878097,52.54392589],[13.59160922,52.54487477],[13.59135792,52.54392213],[13.58922051,52.54405808],[13.58883791,52.54330669],[13.58699543,52.54332496],[13.58421071,52.54371042],[13.58421198,52.542393],[13.58397625,52.54228508],[13.58393929,52.54087419],[13.58452929,52.54040711],[13.58436791,52.53963331]]]},"properties":{"esb":"1018","bez":"10","bezname":"Marzahn-Hellersdorf"},"id":"schulen_esb.1018"},
{"type":"Feature","geometry":{"type":"Polygon","coordinates":[[[13.62480035,52.53356585],[13.62573906,52.53403585],[13.6248105,52.53810403],[13.62573163,52.53777244],[13.62753112,52.53747947],[13.62884576,52.53797551],[13.63058186,52.53761959],[13.63160471,52.53799608],[13.63394504,52.53765088],[13.6345464,52.53792223],[13.63764803,52.54092526],[13.63721503,52.54226159],[13.63544484,52.54230038],[13.63439843,52.54281898],[13.62610003,52.5435858],[13.61995786,52.54410056],[13.61950416,52.54222865],[13.61804641,52.54234178],[13.61791386,52.54178821],[13.61654899,52.54189594],[13.61664615,52.54241896],[13.61455162,52.54258952],[13.61435007,52.54120378],[13.61523497,52.53901745],[13.61634478,52.53895824],[13.61981409,52.53953452],[13.62036407,52.5378316],[13.62064861,52.53714415],[13.62237595,52.53618177],[13.62307608,52.53489223],[13.62302901,52.53375094],[13.62392353,52.53348137],[13.62480035,52.53356585]]]},"properties":{"esb":"1019","bez":"10","bezname":"Marzahn-Hellersdorf"},"id":"schulen_esb.1019"},
{"type":"Feature","geometry":{"type":"Polygon","coordinates":[[[13.62036407,52.5378316],[13.61770693,52.53732191],[13.61715437,52.53679706],[13.61490702,52.53629272],[13.61118747,52.53580703],[13.61093993,52.53566501],[13.6094716,52.5331486],[13.6076295,52.5298332],[13.60932571,52.52935447],[13.60856311,52.52769725],[13.6115249,52.52725372],[13.61239869,52.52712173],[13.6150579,52.52842056],[13.61470271,52.52873325],[13.61354772,52.52798097],[13.61329275,52.52815977],[13.61442971,52.53021331],[13.61819623,52.52937159],[13.61916846,52.53114558],[13.62370712,52.53002246],[13.6258909,52.5292793],[13.62568165,52.53018244],[13.62480035,52.53356585],[13.62392353,52.53348137],[13.62302901,52.53375094],[13.62307608,52.53489223],[13.62237595,52.53618177],[13.62064861,52.53714415],[13.62036407,52.5378316]]]},"properties":{"esb":"1022","bez":"10","bezname":"Marzahn-Hellersdorf"},"id":"schulen_esb.1022"},
{"type":"Feature","geometry":{"type":"Polygon","coordinates":[[[13.60122513,52.53572626],[13.59498813,52.53395893],[13.59326743,52.53323865],[13.59214073,52.53242415],[13.59130165,52.53132486],[13.59070583,52.530116],[13.5903748,52.52949223],[13.59214474,52.52916655],[13.59973975,52.52821772],[13.6007787,52.52794835],[13.60151536,52.52807342],[13.60647385,52.52747765],[13.6106233,52.52684832],[13.6115249,52.52725372],[13.60856311,52.52769725],[13.60932571,52.52935447],[13.6076295,52.5298332],[13.6094716,52.5331486],[13.60677011,52.5338653],[13.60481317,52.53669302],[13.60122513,52.53572626]]]},"properties":{"esb":"1025","bez":"10","bezname":"Marzahn-Hellersdorf"},"id":"schulen_esb.1025"},
{"type":"Feature","geometry":{"type":"Polygon","coordinates":[[[13.60357723,52.51862452],[13.60648541,52.51820537],[13.6040242,52.51452675],[13.60533093,52.5141846],[13.60329466,52.51248667],[13.60393687,52.51246882],[13.60329672,52.51137234],[13.60771537,52.51153038],[13.61206033,52.51195334],[13.61290043,52.51022803],[13.61355899,52.50958646],[13.61422903,52.50994419],[13.61540736,52.50979783],[13.62241825,52.50866416],[13.62420903,52.51190924],[13.62559651,52.51301549],[13.6263433,52.51288339],[13.63526224,52.51376373],[13.63638633,52.5146542],[13.62753053,52.51388718],[13.6270253,52.51420441],[13.62772793,52.51457914],[13.62424417,52.51629916],[13.62677934,52.51819173],[13.62393169,52.51961158],[13.62239966,52.51874884],[13.61971838,52.51963839],[13.61365266,52.52179017],[13.61331952,52.52238684],[13.60617811,52.52334471],[13.60619979,52.52426852],[13.60567963,52.52441312],[13.60464117,52.52391238],[13.60402788,52.52176719],[13.60350918,52.5191601],[13.60357723,52.51862452]]]},"properties":{"esb":"1026","bez":"10","bezname":"Marzahn-Hellersdorf"},"id":"schulen_esb.1026"},
{"type":"Feature","geometry":{"type":"Polygon","coordinates":[[[13.5903748,52.52949223],[13.5877137,52.52437988],[13.58734178,52.52344246],[13.5935008,52.52267238],[13.59288062,52.52063856],[13.59077243,52.52066042],[13.59064457,52.52027665],[13.58990352,52.52031597],[13.58948646,52.51871984],[13.59036935,52.51815306],[13.59154012,52.51861621],[13.59474452,52.51821002],[13.59666803,52.51880812],[13.59778312,52.51894588],[13.59962166,52.5188897],[13.60357723,52.51862452],[13.60350918,52.5191601],[13.60402788,52.52176719],[13.60464117,52.52391238],[13.60567963,52.52441312],[13.60619979,52.52426852],[13.60623643,52.52469269],[13.6106233,52.52684832],[13.60647385,52.52747765],[13.60151536,52.52807342],[13.6007787,52.52794835],[13.59973975,52.52821772],[13.59214474,52.52916655],[13.5903748,52.52949223]]]},"properties":{"esb":"1028","bez":"10","bezname":"Marzahn-Hellersdorf"},"id":"schulen_esb.1028"},
{"type":"Feature","geometry":{"type":"Polygon","coordinates":[[[13.5841412,52.53015428],[13.58069578,52.52759545],[13.5779321,52.52579346],[13.57697404,52.52348263],[13.57709608,52.52238363],[13.57640768,52.51883278],[13.57587796,52.51829696],[13.57552631,52.51664329],[13.57382028,52.51311534],[13.57349503,52.51288514],[13.57353282,52.51208086],[13.57648878,52.51227086],[13.57832561,52.51219972],[13.590106,52.5177405],[13.59036935,52.51815306],[13.58948646,52.51871984],[13.58990352,52.52031597],[13.59064457,52.52027665],[13.59077243,52.52066042],[13.59288062,52.52063856],[13.5935008,52.52267238],[13.58734178,52.52344246],[13.5877137,52.52437988],[13.5903748,52.52949223],[13.59070583,52.530116],[13.5894163,52.53034476],[13.58908528,52.5297138],[13.58679371,52.52998445],[13.58510611,52.53041972],[13.5841412,52.53015428]]]},"properties":{"esb":"1029","bez":"10","bezname":"Marzahn-Hellersdorf"},"id":"schulen_esb.1029"},
{"type":"Feature","geometry":{"type":"Polygon","coordinates":[[[13.6115249,52.52725372],[13.6106233,52.52684832],[13.60623643,52.52469269],[13.60619979,52.52426852],[13.60617811,52.52334471],[13.61331952,52.52238684],[13.61365266,52.52179017],[13.61971838,52.51963839],[13.62239966,52.51874884],[13.62393169,52.51961158],[13.62677934,52.51819173],[13.62709165,52.51835708],[13.63323977,52.52289957],[13.63835893,52.52637334],[13.64308384,52.52945783],[13.64286746,52.53005097],[13.64060865,52.53040623],[13.63674651,52.53049291],[13.6343903,52.53046344],[13.63154932,52.53055796],[13.62671165,52.53012403],[13.62568165,52.53018244],[13.6258909,52.5292793],[13.62370712,52.53002246],[13.61916846,52.53114558],[13.61819623,52.52937159],[13.61442971,52.53021331],[13.61329275,52.52815977],[13.61354772,52.52798097],[13.61470271,52.52873325],[13.6150579,52.52842056],[13.61239869,52.52712173],[13.6115249,52.52725372]]]},"properties":{"esb":"1030","bez":"10","bezname":"Marzahn-Hellersdorf"},"id":"schulen_esb.1030"},
{"type":"Feature","geometry":{"type":"Polygon","coordinates":[[[13.5768714,52.49556682],[13.5793059,52.49495133],[13.58309857,52.4935949],[13.58671403,52.49256449],[13.58355934,52.48914309],[13.58788481,52.48719357],[13.59013905,52.49019671],[13.59082673,52.48999113],[13.59380206,52.48995154],[13.59614305,52.48966279],[13.59648378,52.4908545],[13.59729585,52.49175426],[13.59669219,52.49180174],[13.59712513,52.49385169],[13.59743385,52.49456261],[13.59837773,52.49439209],[13.59931736,52.49631364],[13.59925963,52.49680879],[13.5986734,52.49713577],[13.59700196,52.49747776],[13.59638627,52.49778675],[13.59571567,52.49869063],[13.59565787,52.49921722],[13.59740661,52.50235217],[13.59889331,52.50572427],[13.59968634,52.50698346],[13.60177042,52.509395],[13.60317151,52.51139568],[13.60329672,52.51137234],[13.60393687,52.51246882],[13.60329466,52.51248667],[13.60533093,52.5141846],[13.6040242,52.51452675],[13.60648541,52.51820537],[13.60357723,52.51862452],[13.59962166,52.5188897],[13.59778312,52.51894588],[13.59666803,52.51880812],[13.59474452,52.51821002],[13.59154012,52.51861621],[13.59036935,52.51815306],[13.590106,52.5177405],[13.57832561,52.51219972],[13.57648878,52.51227086],[13.57353282,52.51208086],[13.5738959,52.51022531],[13.57540703,52.50898133],[13.57679089,52.50820638],[13.57867781,52.50660755],[13.57929726,52.50577025],[13.57942459,52.50513945],[13.5813862,52.50515728],[13.58117101,52.50389549],[13.580179,52.50195671],[13.57898394,52.49995674],[13.5768714,52.49556682]]]},"properties":{"esb":"1031","bez":"10","bezname":"Marzahn-Hellersdorf"},"id":"schulen_esb.1031"},
{"type":"Feature","geometry":{"type":"Polygon","coordinates":[[[13.58788481,52.48719357],[13.58882732,52.48675892],[13.59002511,52.48557216],[13.59102362,52.4850081],[13.60155003,52.48252506],[13.60118532,52.48193995],[13.60070933,52.47789766],[13.61371896,52.47627676],[13.61488485,52.48075762],[13.62519511,52.48929095],[13.6219856,52.49100642],[13.61460606,52.49369383],[13.61332798,52.49403878],[13.61020795,52.49448774],[13.61033889,52.49474387],[13.59931736,52.49631364],[13.59837773,52.49439209],[13.59743385,52.49456261],[13.59712513,52.49385169],[13.59669219,52.49180174],[13.59729585,52.49175426],[13.59648378,52.4908545],[13.59614305,52.48966279],[13.59380206,52.48995154],[13.59082673,52.48999113],[13.59013905,52.49019671],[13.58788481,52.48719357]]]},"properties":{"esb":"1032","bez":"10","bezname":"Marzahn-Hellersdorf"},"id":"schulen_esb.1032"},
{"type":"Feature","geometry":{"type":"Polygon","coordinates":[[[13.61131175,52.47047561],[13.61149711,52.47062391],[13.61136319,52.47064546],[13.61648321,52.47482298],[13.61544261,52.47529379],[13.61354696,52.47561173],[13.61371896,52.47627676],[13.60070933,52.47789766],[13.60118532,52.48193995],[13.60155003,52.48252506],[13.59102362,52.4850081],[13.59002511,52.48557216],[13.58882732,52.48675892],[13.58788481,52.48719357],[13.58355934,52.48914309],[13.58671403,52.49256449],[13.58309857,52.4935949],[13.5793059,52.49495133],[13.5768714,52.49556682],[13.57496144,52.49580416],[13.57455724,52.49520548],[13.57212719,52.49572561],[13.56944028,52.49558057],[13.56990156,52.49410339],[13.5695221,52.49266355],[13.56900069,52.49170263],[13.56853572,52.4915101],[13.56761006,52.49012121],[13.56686019,52.48942437],[13.56599203,52.48697418],[13.56487105,52.48538746],[13.56369464,52.48452773],[13.56425459,52.48411733],[13.56393916,52.48337936],[13.56405486,52.48275575],[13.56359509,52.48208511],[13.56354906,52.47928395],[13.5642786,52.47859056],[13.56655277,52.47735068],[13.56745878,52.4766987],[13.56818259,52.47470133],[13.5738385,52.4769668],[13.57444127,52.47751705],[13.57511747,52.47947913],[13.57970356,52.48101953],[13.58187273,52.47996802],[13.5863373,52.48111541],[13.58892148,52.4799417],[13.59392917,52.47739096],[13.59520561,52.47681616],[13.59732867,52.47562686],[13.60306399,52.47278565],[13.60490345,52.47290192],[13.60836768,52.47285217],[13.60814915,52.47108985],[13.61131175,52.47047561]]]},"properties":{"esb":"1033","bez":"10","bezname":"Marzahn-Hellersdorf"},"id":"schulen_esb.1033"},
{"type":"Feature","geometry":{"type":"Polygon","coordinates":[[[13.56832426,52.57368789],[13.56689847,52.57547009],[13.56650073,52.57617083],[13.56520691,52.57735548],[13.56451979,52.57819985],[13.56230148,52.58000853],[13.55696285,52.57151785],[13.55725267,52.57104803],[13.56014243,52.57175062],[13.56060632,52.57124314],[13.55585589,52.57015395],[13.55679135,52.56898178],[13.55506662,52.56846852],[13.55612168,52.56719667],[13.55905735,52.56663313],[13.5595259,52.56690659],[13.56068851,52.56657923],[13.561467,52.56769937],[13.56332935,52.56792414],[13.5669106,52.5719609],[13.56832426,52.57368789]]]},"properties":{"esb":"1034","bez":"10","bezname":"Marzahn-Hellersdorf"},"id":"schulen_esb.1034"},
{"type":"Feature","geometry":{"type":"Polygon","coordinates":[[[13.5669106,52.5719609],[13.56332935,52.56792414],[13.56073779,52.56518277],[13.55754046,52.56151808],[13.55547142,52.55889731],[13.55623121,52.55863176],[13.55740146,52.55988696],[13.55916429,52.55938473],[13.5602698,52.56062009],[13.56350641,52.55962076],[13.56661815,52.55925213],[13.56673681,52.55873727],[13.56812015,52.55853936],[13.56754779,52.55652701],[13.56770611,52.55610921],[13.56861888,52.55826911],[13.57125852,52.55800976],[13.57146423,52.55858319],[13.57556975,52.55811773],[13.57585624,52.5590093],[13.57501146,52.56017448],[13.57649501,52.56133886],[13.57651409,52.56141076],[13.57532981,52.56157471],[13.57320675,52.56128891],[13.56964545,52.56143463],[13.56979907,52.56237828],[13.57097822,52.56397843],[13.57115346,52.56417621],[13.56995262,52.56452252],[13.57045624,52.56509609],[13.5681429,52.56584984],[13.56687935,52.56562994],[13.56548071,52.56606058],[13.56499186,52.56551665],[13.56290121,52.56618953],[13.56257927,52.56649489],[13.56361288,52.56766638],[13.56406445,52.56746622],[13.56654438,52.5701176],[13.56631548,52.57033226],[13.56757458,52.57176623],[13.5669106,52.5719609]]]},"properties":{"esb":"1035","bez":"10","bezname":"Marzahn-Hellersdorf"},"id":"schulen_esb.1035"},
{"type":"Feature","geometry":{"type":"Polygon","coordinates":[[[13.60481317,52.53669302],[13.60677011,52.5338653],[13.6094716,52.5331486],[13.61093993,52.53566501],[13.61118747,52.53580703],[13.61490702,52.53629272],[13.61715437,52.53679706],[13.61770693,52.53732191],[13.62036407,52.5378316],[13.61981409,52.53953452],[13.61634478,52.53895824],[13.61523497,52.53901745],[13.61435007,52.54120378],[13.61455162,52.54258952],[13.61664615,52.54241896],[13.61654899,52.54189594],[13.61791386,52.54178821],[13.61804641,52.54234178],[13.61950416,52.54222865],[13.61995786,52.54410056],[13.61870788,52.54421102],[13.60352282,52.54674236],[13.60303851,52.54549764],[13.60476872,52.53716749],[13.60481317,52.53669302]]]},"properties":{"esb":"1036","bez":"10","bezname":"Marzahn-Hellersdorf"},"id":"schulen_esb.1036"},
{"type":"Feature","geometry":{"type":"Polygon","coordinates":[[[13.60329672,52.51137234],[13.60317151,52.51139568],[13.60177042,52.509395],[13.59968634,52.50698346],[13.59889331,52.50572427],[13.59740661,52.50235217],[13.59565787,52.49921722],[13.59571567,52.49869063],[13.59638627,52.49778675],[13.59700196,52.49747776],[13.5986734,52.49713577],[13.59925963,52.49680879],[13.59931736,52.49631364],[13.61033889,52.49474387],[13.61020795,52.49448774],[13.61332798,52.49403878],[13.61460606,52.49369383],[13.6219856,52.49100642],[13.62519511,52.48929095],[13.62971199,52.49303203],[13.62583542,52.49359914],[13.62399941,52.49419583],[13.62633008,52.49811131],[13.62705897,52.49988615],[13.62806631,52.50340707],[13.62887638,52.50555125],[13.62948028,52.50672038],[13.63204038,52.51032209],[13.63416176,52.51284359],[13.63526224,52.51376373],[13.6263433,52.51288339],[13.62559651,52.51301549],[13.62420903,52.51190924],[13.62241825,52.50866416],[13.61540736,52.50979783],[13.61422903,52.50994419],[13.61355899,52.50958646],[13.61290043,52.51022803],[13.61206033,52.51195334],[13.60771537,52.51153038],[13.60329672,52.51137234]]]},"properties":{"esb":"1037","bez":"10","bezname":"Marzahn-Hellersdorf"},"id":"schulen_esb.1037"},
{"type":"Feature","geometry":{"type":"Polygon","coordinates":[[[13.53226491,52.53931313],[13.53157546,52.5391688],[13.53158406,52.53859637],[13.52783645,52.5377989],[13.52306347,52.53627253],[13.52182019,52.53603869],[13.51920776,52.53583236],[13.51925964,52.5357075],[13.51688293,52.53554716],[13.51803623,52.53400255],[13.51861368,52.53289414],[13.5190513,52.52868348],[13.51919936,52.52596969],[13.52179146,52.52580486],[13.52915325,52.52547503],[13.53658895,52.52569567],[13.5365964,52.52565794],[13.53813296,52.52574626],[13.53703012,52.5282931],[13.53687546,52.52971555],[13.53680745,52.53272148],[13.53689553,52.53288689],[13.54012302,52.53276348],[13.54029671,52.53211118],[13.54154,52.53080814],[13.54469504,52.53072678],[13.54637612,52.53167151],[13.54688946,52.5313789],[13.54973938,52.5313637],[13.54995273,52.53239728],[13.55062743,52.53337994],[13.54996807,52.53374347],[13.54891857,52.53389286],[13.54955349,52.53486651],[13.54822356,52.53523588],[13.54942191,52.53679043],[13.54779972,52.53738337],[13.54937675,52.53901545],[13.54979692,52.53894204],[13.55508478,52.54363897],[13.55442061,52.54417776],[13.54698824,52.54196503],[13.54364761,52.54076935],[13.54179604,52.54019111],[13.53956673,52.5398561],[13.53226491,52.53931313]]]},"properties":{"esb":"1038","bez":"10","bezname":"Marzahn-Hellersdorf"},"id":"schulen_esb.1038"},
{"type":"Feature","geometry":{"type":"Polygon","coordinates":[[[13.5365964,52.52565794],[13.53658895,52.52569567],[13.52915325,52.52547503],[13.52179146,52.52580486],[13.51919936,52.52596969],[13.51942849,52.523841],[13.51891549,52.51792382],[13.51874133,52.5144405],[13.51901813,52.51388808],[13.52201874,52.51383953],[13.5236963,52.51391199],[13.52473652,52.51378977],[13.52923652,52.51378456],[13.53398136,52.5136203],[13.53544328,52.51327186],[13.5369061,52.51246958],[13.53757767,52.51178351],[13.53786967,52.5101392],[13.53944572,52.51009992],[13.53907584,52.5109372],[13.53859236,52.51481901],[13.53815975,52.51532373],[13.53856299,52.51698564],[13.53834056,52.51698188],[13.53816835,52.51838365],[13.53768896,52.51942033],[13.53782608,52.52009442],[13.53765073,52.52157886],[13.5365964,52.52565794]]]},"properties":{"esb":"1039","bez":"10","bezname":"Marzahn-Hellersdorf"},"id":"schulen_esb.1039"},
{"type":"Feature","geometry":{"type":"Polygon","coordinates":[[[13.55919135,52.47324703],[13.55918672,52.47338812],[13.56062245,52.48951005],[13.56096091,52.49256748],[13.56155603,52.49335324],[13.56338341,52.49625151],[13.56382351,52.49739214],[13.56149855,52.50137194],[13.56170539,52.50391255],[13.56177283,52.50612776],[13.56138456,52.5087606],[13.55954342,52.50883417],[13.55457924,52.50930396],[13.55139773,52.50940893],[13.55135374,52.50929477],[13.54377501,52.50981455],[13.54001887,52.5099925],[13.53944572,52.51009992],[13.53786967,52.5101392],[13.53784654,52.50992261],[13.536213,52.50999237],[13.53629378,52.50794081],[13.5361142,52.50789394],[13.53629398,52.50640321],[13.53519856,52.50554866],[13.53948325,52.49854328],[13.54172779,52.49829597],[13.54214459,52.49824774],[13.54408029,52.49620734],[13.5439134,52.49569499],[13.54445122,52.49547788],[13.54483678,52.49321083],[13.54625283,52.49176225],[13.54782259,52.48910326],[13.55014016,52.48548855],[13.54988731,52.48444864],[13.54910103,52.48373908],[13.54827602,52.48247682],[13.54790355,52.48251162],[13.54788047,52.47977877],[13.54845008,52.47977555],[13.55085395,52.47701371],[13.55204425,52.47374602],[13.55259333,52.47364931],[13.55504222,52.47361126],[13.5573385,52.4732882],[13.55919135,52.47324703]]]},"properties":{"esb":"1040","bez":"10","bezname":"Marzahn-Hellersdorf"},"id":"schulen_esb.1040"},
{"type":"Feature","geometry":{"type":"Polygon","coordinates":[[[13.63638633,52.5146542],[13.63962315,52.51667675],[13.64243448,52.51854469],[13.64690939,52.5206109],[13.65499949,52.52390726],[13.65847801,52.52593193],[13.65806577,52.52636788],[13.65688944,52.52982441],[13.65096585,52.52979075],[13.64852414,52.52962768],[13.64623578,52.52966583],[13.64366457,52.52987652],[13.64286746,52.53005097],[13.64308384,52.52945783],[13.63835893,52.52637334],[13.63323977,52.52289957],[13.62709165,52.51835708],[13.62677934,52.51819173],[13.62424417,52.51629916],[13.62772793,52.51457914],[13.6270253,52.51420441],[13.62753053,52.51388718],[13.63638633,52.5146542]]]},"properties":{"esb":"1098","bez":"10","bezname":"Marzahn-Hellersdorf"},"id":"schulen_esb.1098"},
{"type":"Feature","geometry":{"type":"Polygon","coordinates":[[[13.58510611,52.53041972],[13.58679371,52.52998445],[13.58908528,52.5297138],[13.5894163,52.53034476],[13.59070583,52.530116],[13.59130165,52.53132486],[13.59214073,52.53242415],[13.59326743,52.53323865],[13.59498813,52.53395893],[13.60122513,52.53572626],[13.60071519,52.53830887],[13.60004147,52.54107746],[13.59181764,52.54039148],[13.59195092,52.53958723],[13.58844342,52.53927972],[13.58704323,52.53931701],[13.58436791,52.53963331],[13.58125054,52.53979572],[13.58208406,52.53900792],[13.58322673,52.53855632],[13.58515175,52.53674893],[13.58646492,52.5350671],[13.58663531,52.53405438],[13.58594384,52.53280862],[13.58639597,52.53148596],[13.58627099,52.53117948],[13.58510611,52.53041972]]]},"properties":{"esb":"1099","bez":"10","bezname":"Marzahn-Hellersdorf"},"id":"schulen_esb.1099"},
{"type":"Feature","geometry":{"type":"Polygon","coordinates":[[[13.46730818,52.53849328],[13.46761044,52.53845684],[13.46633477,52.53665783],[13.4677588,52.53614392],[13.46870717,52.53469747],[13.46728297,52.53405482],[13.46450087,52.53320093],[13.46343152,52.53266566],[13.46059575,52.5292855],[13.45633043,52.52839427],[13.45619538,52.52826377],[13.45817993,52.52639382],[13.45911351,52.52576699],[13.46026164,52.52528334],[13.46275012,52.52450319],[13.46676131,52.52389489],[13.4681993,52.52716701],[13.46876391,52.52708779],[13.46905918,52.52775048],[13.47179134,52.52722388],[13.47202863,52.52762589],[13.47007507,52.5279747],[13.47152516,52.52833606],[13.47021368,52.52960503],[13.46988879,52.53063445],[13.47216564,52.53099421],[13.47183463,52.53167854],[13.47064444,52.53154668],[13.46992521,52.5328254],[13.47100893,52.53307037],[13.47075686,52.53351037],[13.46988369,52.53331062],[13.46903602,52.5346368],[13.47066219,52.53527609],[13.47324887,52.53602984],[13.47139953,52.53806646],[13.46983911,52.54045571],[13.46730818,52.53849328]]]},"properties":{"esb":"1101","bez":"11","bezname":"Lichtenberg"},"id":"schulen_esb.1101"},
{"type":"Feature","geometry":{"type":"Polygon","coordinates":[[[13.50873509,52.522739],[13.50888538,52.52328284],[13.51117987,52.52476337],[13.51167328,52.52482765],[13.51169231,52.52544055],[13.50862035,52.52542585],[13.50643943,52.52554049],[13.50458097,52.5262629],[13.50446428,52.52849503],[13.50492546,52.52850449],[13.50522712,52.53132655],[13.50644463,52.53174566],[13.50528456,52.53187389],[13.50421408,52.53157533],[13.50322936,52.530655],[13.50249344,52.53139472],[13.50033797,52.53126394],[13.50022317,52.53275827],[13.50132085,52.53281874],[13.50109599,52.53415749],[13.50538069,52.53442704],[13.50528353,52.53492479],[13.49847182,52.53451235],[13.49543328,52.53444791],[13.48602112,52.5339114],[13.48494283,52.53377532],[13.48525585,52.53175014],[13.48351592,52.53163392],[13.48360069,52.53093847],[13.48403518,52.53055078],[13.48393515,52.52867518],[13.48192658,52.52874014],[13.48182704,52.52674502],[13.47973214,52.52665168],[13.47799663,52.52660009],[13.47576616,52.52694594],[13.47550815,52.52613233],[13.47551156,52.52427842],[13.47355026,52.52436128],[13.47347543,52.52299973],[13.47523644,52.52287708],[13.47524486,52.52214199],[13.47348478,52.5224273],[13.47354153,52.52051055],[13.47345579,52.52016985],[13.47756593,52.51976531],[13.47761577,52.51940142],[13.47837091,52.51914086],[13.47952732,52.51915039],[13.47945459,52.51666553],[13.47854179,52.51651252],[13.47758427,52.51477333],[13.47804144,52.514179],[13.47950258,52.51596734],[13.48052411,52.51620226],[13.4806958,52.51773736],[13.4805206,52.51859536],[13.48011415,52.51899655],[13.48035586,52.52074023],[13.48593922,52.52078744],[13.4856734,52.52190864],[13.48921976,52.52183642],[13.48922824,52.52195415],[13.49305765,52.52182194],[13.49324021,52.52478409],[13.49787548,52.52475238],[13.50051608,52.5246321],[13.50060091,52.52588401],[13.50012649,52.52587811],[13.49979979,52.52676743],[13.49907776,52.52678283],[13.49911829,52.52754493],[13.49822643,52.52768954],[13.49825201,52.52801309],[13.49987588,52.52797439],[13.50002877,52.53117734],[13.49900623,52.53113401],[13.4987947,52.53243053],[13.49989055,52.53209741],[13.49965379,52.53397533],[13.50095749,52.53414835],[13.50117325,52.53290216],[13.50002723,52.53325141],[13.50022915,52.53118474],[13.50249367,52.53131294],[13.50322609,52.53024252],[13.50337328,52.52871766],[13.50386896,52.52797859],[13.50280092,52.5284259],[13.50275709,52.52776535],[13.5014029,52.52779628],[13.50135942,52.5270207],[13.50025008,52.52645428],[13.50067002,52.52593081],[13.50060141,52.52467622],[13.50271941,52.52439448],[13.50437654,52.52347239],[13.50460542,52.52275191],[13.50873509,52.522739]]]},"properties":{"esb":"1102","bez":"11","bezname":"Lichtenberg"},"id":"schulen_esb.1102"},
{"type":"Feature","geometry":{"type":"Polygon","coordinates":[[[13.47546704,52.51363026],[13.48433582,52.51273272],[13.48519929,52.51584847],[13.48561593,52.51776669],[13.48776732,52.51756614],[13.48782978,52.51784569],[13.48564217,52.5178512],[13.48592985,52.51910605],[13.48596454,52.5207003],[13.48892883,52.52064627],[13.48887721,52.5197206],[13.48966542,52.51970354],[13.48972154,52.52060585],[13.49298947,52.52049725],[13.49305765,52.52182194],[13.48922824,52.52195415],[13.48921976,52.52183642],[13.4856734,52.52190864],[13.48593922,52.52078744],[13.48035586,52.52074023],[13.48011415,52.51899655],[13.4805206,52.51859536],[13.4806958,52.51773736],[13.48052411,52.51620226],[13.47950258,52.51596734],[13.47804144,52.514179],[13.47758427,52.51477333],[13.47854179,52.51651252],[13.47945459,52.51666553],[13.47952732,52.51915039],[13.47837091,52.51914086],[13.47761577,52.51940142],[13.47756593,52.51976531],[13.47345579,52.52016985],[13.47354153,52.52051055],[13.47255148,52.52052364],[13.47375714,52.51908647],[13.47419605,52.51911399],[13.47670985,52.51504542],[13.47765845,52.51461616],[13.477481,52.51438678],[13.47588558,52.51486105],[13.47546704,52.51363026]]]},"properties":{"esb":"1103","bez":"11","bezname":"Lichtenberg"},"id":"schulen_esb.1103"},
{"type":"Feature","geometry":{"type":"Polygon","coordinates":[[[13.49305765,52.52182194],[13.49298947,52.52049725],[13.48972154,52.52060585],[13.48966542,52.51970354],[13.48887721,52.5197206],[13.48892883,52.52064627],[13.48596454,52.5207003],[13.48592985,52.51910605],[13.48564217,52.5178512],[13.48782978,52.51784569],[13.48776732,52.51756614],[13.48561593,52.51776669],[13.48519929,52.51584847],[13.48764233,52.51562491],[13.4889349,52.51539816],[13.48887125,52.51455425],[13.49020762,52.51444347],[13.49087854,52.51469496],[13.49815731,52.51398776],[13.49764771,52.51195356],[13.49876744,52.51184694],[13.49796453,52.51140034],[13.500064,52.5111986],[13.502977,52.51239328],[13.50492824,52.51254267],[13.50757122,52.51290122],[13.50866902,52.51438599],[13.50809061,52.51475655],[13.50634007,52.51497227],[13.50616064,52.51433045],[13.50564246,52.5142122],[13.50581271,52.51497623],[13.50206284,52.5153363],[13.50256595,52.51714402],[13.50263376,52.51817484],[13.50478915,52.51810787],[13.50957276,52.51686806],[13.50892373,52.51553561],[13.50827305,52.51483492],[13.50929338,52.51501566],[13.50933456,52.5144855],[13.51267205,52.51462444],[13.5124832,52.51474109],[13.51417101,52.51715917],[13.5191993,52.52236611],[13.5155909,52.52367392],[13.5149555,52.52266683],[13.51435981,52.52285679],[13.50873509,52.522739],[13.50460542,52.52275191],[13.50437654,52.52347239],[13.50271941,52.52439448],[13.50060141,52.52467622],[13.50067002,52.52593081],[13.50025008,52.52645428],[13.50135942,52.5270207],[13.5014029,52.52779628],[13.50275709,52.52776535],[13.50280092,52.5284259],[13.50386896,52.52797859],[13.50337328,52.52871766],[13.50322609,52.53024252],[13.50249367,52.53131294],[13.50022915,52.53118474],[13.50002723,52.53325141],[13.50117325,52.53290216],[13.50095749,52.53414835],[13.49965379,52.53397533],[13.49989055,52.53209741],[13.4987947,52.53243053],[13.49900623,52.53113401],[13.50002877,52.53117734],[13.49987588,52.52797439],[13.49825201,52.52801309],[13.49822643,52.52768954],[13.49911829,52.52754493],[13.49907776,52.52678283],[13.49979979,52.52676743],[13.50012649,52.52587811],[13.50060091,52.52588401],[13.50051608,52.5246321],[13.49787548,52.52475238],[13.49324021,52.52478409],[13.49305765,52.52182194]]]},"properties":{"esb":"1105","bez":"11","bezname":"Lichtenberg"},"id":"schulen_esb.1105"},
{"type":"Feature","geometry":{"type":"Polygon","coordinates":[[[13.51901813,52.51388808],[13.5189843,52.50964192],[13.52161636,52.50961192],[13.52350125,52.50976365],[13.52716026,52.51022238],[13.52927507,52.51032748],[13.52925354,52.50940634],[13.53046864,52.50940464],[13.53048132,52.51034374],[13.53621126,52.51011998],[13.536213,52.50999237],[13.53784654,52.50992261],[13.53786967,52.5101392],[13.53757767,52.51178351],[13.5369061,52.51246958],[13.53544328,52.51327186],[13.53398136,52.5136203],[13.52923652,52.51378456],[13.52473652,52.51378977],[13.5236963,52.51391199],[13.52201874,52.51383953],[13.51901813,52.51388808]]]},"properties":{"esb":"1106","bez":"11","bezname":"Lichtenberg"},"id":"schulen_esb.1106"},
{"type":"Feature","geometry":{"type":"Polygon","coordinates":[[[13.473984,52.50802436],[13.47306222,52.50712452],[13.47340607,52.50692277],[13.47125297,52.50523139],[13.47133199,52.50495651],[13.47074523,52.50429972],[13.47043193,52.50336022],[13.4756749,52.50239198],[13.47694451,52.5023253],[13.47941364,52.502456],[13.48115771,52.50274932],[13.4809694,52.50313821],[13.47925179,52.5028548],[13.47801488,52.5028263],[13.47891381,52.50439827],[13.48253226,52.50346993],[13.48106924,52.50322999],[13.48131372,52.50277647],[13.48421213,52.50359777],[13.48404162,52.5057777],[13.48539323,52.50588626],[13.48728855,52.50637827],[13.49081909,52.50768991],[13.49199554,52.50826999],[13.49744363,52.51122453],[13.49796453,52.51140034],[13.49876744,52.51184694],[13.49764771,52.51195356],[13.49815731,52.51398776],[13.49087854,52.51469496],[13.49020762,52.51444347],[13.48887125,52.51455425],[13.4889349,52.51539816],[13.48764233,52.51562491],[13.48519929,52.51584847],[13.48433582,52.51273272],[13.47546704,52.51363026],[13.47626449,52.51043927],[13.473984,52.50802436]]]},"properties":{"esb":"1107","bez":"11","bezname":"Lichtenberg"},"id":"schulen_esb.1107"},
{"type":"Feature","geometry":{"type":"Polygon","coordinates":[[[13.49796453,52.51140034],[13.49744363,52.51122453],[13.49199554,52.50826999],[13.49081909,52.50768991],[13.48728855,52.50637827],[13.48539323,52.50588626],[13.48404162,52.5057777],[13.48421213,52.50359777],[13.48427507,52.50325906],[13.48638274,52.50408384],[13.48835299,52.50507917],[13.4895053,52.50581561],[13.49143299,52.50680814],[13.49303767,52.50652688],[13.49771638,52.50558849],[13.49885205,52.50755058],[13.50658973,52.50604442],[13.5095392,52.50564297],[13.509566,52.5066441],[13.50988726,52.50768325],[13.51171498,52.50711888],[13.51183989,52.50892619],[13.50884787,52.50919106],[13.50826623,52.50969103],[13.5083951,52.51051523],[13.50494065,52.51071483],[13.50663023,52.51227211],[13.50757122,52.51290122],[13.50492824,52.51254267],[13.502977,52.51239328],[13.500064,52.5111986],[13.49796453,52.51140034]]]},"properties":{"esb":"1108","bez":"11","bezname":"Lichtenberg"},"id":"schulen_esb.1108"},
{"type":"Feature","geometry":{"type":"Polygon","coordinates":[[[13.51688293,52.53554716],[13.50563763,52.53477328],[13.50557379,52.53494666],[13.50528353,52.53492479],[13.50538069,52.53442704],[13.50109599,52.53415749],[13.50132085,52.53281874],[13.50022317,52.53275827],[13.50033797,52.53126394],[13.50249344,52.53139472],[13.50322936,52.530655],[13.50421408,52.53157533],[13.50528456,52.53187389],[13.50644463,52.53174566],[13.50522712,52.53132655],[13.50492546,52.52850449],[13.50446428,52.52849503],[13.50458097,52.5262629],[13.50643943,52.52554049],[13.50862035,52.52542585],[13.51169231,52.52544055],[13.51167328,52.52482765],[13.51117987,52.52476337],[13.50888538,52.52328284],[13.50873509,52.522739],[13.51435981,52.52285679],[13.5149555,52.52266683],[13.5155909,52.52367392],[13.5191993,52.52236611],[13.51417101,52.51715917],[13.5124832,52.51474109],[13.51267205,52.51462444],[13.50933456,52.5144855],[13.50866902,52.51438599],[13.50757122,52.51290122],[13.50663023,52.51227211],[13.50494065,52.51071483],[13.5083951,52.51051523],[13.50826623,52.50969103],[13.50884787,52.50919106],[13.51183989,52.50892619],[13.51171498,52.50711888],[13.51366628,52.50543848],[13.51629594,52.50567999],[13.51848155,52.50564066],[13.51974042,52.50576492],[13.5189843,52.50964192],[13.51901813,52.51388808],[13.51874133,52.5144405],[13.51891549,52.51792382],[13.51942849,52.523841],[13.51919936,52.52596969],[13.5190513,52.52868348],[13.51861368,52.53289414],[13.51803623,52.53400255],[13.51688293,52.53554716]]]},"properties":{"esb":"1109","bez":"11","bezname":"Lichtenberg"},"id":"schulen_esb.1109"},
{"type":"Feature","geometry":{"type":"Polygon","coordinates":[[[13.49234564,52.55872406],[13.4923486,52.55872137],[13.50507751,52.56314294],[13.50261613,52.56530882],[13.50141029,52.56618104],[13.49697476,52.57001437],[13.49340997,52.56855732],[13.49285681,52.56858994],[13.49120942,52.57003399],[13.49062597,52.56983921],[13.49088585,52.56926079],[13.48960299,52.56822947],[13.48757645,52.56920842],[13.48358819,52.56611594],[13.48414889,52.56602496],[13.48367627,52.564423],[13.48606613,52.56415088],[13.48539613,52.56154941],[13.48697455,52.56135717],[13.48997068,52.56047999],[13.49107381,52.55994567],[13.49234564,52.55872406]]]},"properties":{"esb":"1110","bez":"11","bezname":"Lichtenberg"},"id":"schulen_esb.1110"},
{"type":"Feature","geometry":{"type":"Polygon","coordinates":[[[13.51052345,52.49092033],[13.51302686,52.49124627],[13.52341047,52.49379357],[13.52326854,52.49467413],[13.52064269,52.49494142],[13.51945025,52.49487295],[13.51800396,52.49504687],[13.51721614,52.49627732],[13.51581664,52.49656359],[13.516155,52.49726487],[13.51515923,52.49742569],[13.51542265,52.49806848],[13.5141832,52.49792443],[13.51403219,52.49766727],[13.51213214,52.49789461],[13.50775696,52.49862812],[13.50689295,52.49687666],[13.50276682,52.49806585],[13.50229558,52.49703998],[13.50261755,52.49616862],[13.50736533,52.49534222],[13.50720425,52.49501764],[13.50817944,52.49483978],[13.50799066,52.49440823],[13.50698754,52.49457797],[13.50619403,52.49292723],[13.50613014,52.49206355],[13.50958906,52.49129595],[13.51052345,52.49092033]]]},"properties":{"esb":"1111","bez":"11","bezname":"Lichtenberg"},"id":"schulen_esb.1111"},
{"type":"Feature","geometry":{"type":"Polygon","coordinates":[[[13.54172779,52.49829597],[13.54120231,52.49819584],[13.52970563,52.49535804],[13.52559276,52.49430139],[13.52790353,52.49071857],[13.52798593,52.49008058],[13.52689705,52.48658478],[13.52903946,52.48634392],[13.53092715,52.48679388],[13.53231407,52.48738451],[13.53279902,52.48708654],[13.53136507,52.48646532],[13.53124148,52.48575708],[13.53194085,52.48569024],[13.53272736,52.48617524],[13.53398887,52.48479768],[13.53701952,52.48564385],[13.53863597,52.48556957],[13.53894754,52.48582681],[13.54007137,52.48549244],[13.5408735,52.48556222],[13.5419751,52.48453314],[13.54393322,52.48513392],[13.54351692,52.48732188],[13.54377296,52.48737957],[13.54356465,52.48855667],[13.54417547,52.4886191],[13.54444689,52.48911895],[13.54575687,52.48925015],[13.54483678,52.49321083],[13.54445122,52.49547788],[13.5439134,52.49569499],[13.54408029,52.49620734],[13.54214459,52.49824774],[13.54172779,52.49829597]]]},"properties":{"esb":"1112","bez":"11","bezname":"Lichtenberg"},"id":"schulen_esb.1112"},
{"type":"Feature","geometry":{"type":"Polygon","coordinates":[[[13.51052345,52.49092033],[13.50841818,52.49091286],[13.50583079,52.49116458],[13.5112505,52.48875526],[13.51353591,52.48736274],[13.5156166,52.48595559],[13.51676959,52.48640061],[13.5155912,52.48727211],[13.51601883,52.48816039],[13.51738448,52.48776265],[13.51939914,52.48743557],[13.5199866,52.48679086],[13.52180002,52.48501492],[13.52294118,52.48487034],[13.52363553,52.48694955],[13.52689705,52.48658478],[13.52798593,52.49008058],[13.52790353,52.49071857],[13.52559276,52.49430139],[13.52341047,52.49379357],[13.51302686,52.49124627],[13.51052345,52.49092033]]]},"properties":{"esb":"1113","bez":"11","bezname":"Lichtenberg"},"id":"schulen_esb.1113"},
{"type":"Feature","geometry":{"type":"Polygon","coordinates":[[[13.53075912,52.46793258],[13.5314409,52.46838605],[13.53984477,52.47497521],[13.54206304,52.47398468],[13.54847626,52.47330968],[13.54798669,52.47386473],[13.54918609,52.47386192],[13.55153232,52.47362168],[13.55259333,52.47364931],[13.55204425,52.47374602],[13.55085395,52.47701371],[13.54845008,52.47977555],[13.54788047,52.47977877],[13.54790355,52.48251162],[13.54827602,52.48247682],[13.54910103,52.48373908],[13.54988731,52.48444864],[13.55014016,52.48548855],[13.54782259,52.48910326],[13.54625283,52.49176225],[13.54483678,52.49321083],[13.54575687,52.48925015],[13.54444689,52.48911895],[13.54417547,52.4886191],[13.54356465,52.48855667],[13.54377296,52.48737957],[13.54351692,52.48732188],[13.54393322,52.48513392],[13.5419751,52.48453314],[13.5408735,52.48556222],[13.54007137,52.48549244],[13.53894754,52.48582681],[13.53863597,52.48556957],[13.53701952,52.48564385],[13.53398887,52.48479768],[13.53272736,52.48617524],[13.53194085,52.48569024],[13.53124148,52.48575708],[13.53136507,52.48646532],[13.53279902,52.48708654],[13.53231407,52.48738451],[13.53092715,52.48679388],[13.52903946,52.48634392],[13.52689705,52.48658478],[13.52363553,52.48694955],[13.52294118,52.48487034],[13.52180002,52.48501492],[13.5199866,52.48679086],[13.51929234,52.48474488],[13.52519966,52.48214035],[13.52549852,52.48211274],[13.52511278,52.4802369],[13.52435586,52.47786198],[13.52149207,52.47526144],[13.52158048,52.47521659],[13.5236661,52.47386053],[13.52557541,52.47232635],[13.52742741,52.47069773],[13.53075912,52.46793258]]]},"properties":{"esb":"1114","bez":"11","bezname":"Lichtenberg"},"id":"schulen_esb.1114"},
{"type":"Feature","geometry":{"type":"Polygon","coordinates":[[[13.49070477,52.48744122],[13.49286685,52.48564725],[13.49541535,52.48600957],[13.49732983,52.48674139],[13.50130754,52.48306923],[13.50269724,52.4835326],[13.50584234,52.48426106],[13.50506915,52.48547167],[13.50482413,52.48677358],[13.50700554,52.48685848],[13.50715103,52.4864075],[13.50844191,52.48645642],[13.50836981,52.48699105],[13.51064859,52.48700228],[13.51079993,52.48654861],[13.51180527,52.48658463],[13.51456819,52.48549539],[13.5156166,52.48595559],[13.51353591,52.48736274],[13.5112505,52.48875526],[13.50583079,52.49116458],[13.50580762,52.49156267],[13.50326346,52.4921289],[13.49994811,52.49308608],[13.49778664,52.49413789],[13.49805741,52.49519681],[13.49687778,52.49578594],[13.49360081,52.49804154],[13.49301931,52.49800044],[13.4919911,52.497177],[13.49314983,52.49622933],[13.49312301,52.49584737],[13.48874486,52.49749768],[13.4853683,52.49895222],[13.48485683,52.49957258],[13.48420464,52.50090001],[13.48672344,52.50206497],[13.4873147,52.50135843],[13.48890464,52.500086],[13.48999084,52.49882735],[13.49132845,52.497675],[13.49201389,52.49742865],[13.4931293,52.49814525],[13.49494525,52.5004793],[13.49483011,52.50057353],[13.49061285,52.50149437],[13.49164132,52.50322096],[13.49107529,52.50339465],[13.49303767,52.50652688],[13.49143299,52.50680814],[13.4895053,52.50581561],[13.48835299,52.50507917],[13.48638274,52.50408384],[13.48427507,52.50325906],[13.48421213,52.50359777],[13.48131372,52.50277647],[13.48106924,52.50322999],[13.48253226,52.50346993],[13.47891381,52.50439827],[13.47801488,52.5028263],[13.47925179,52.5028548],[13.4809694,52.50313821],[13.48115771,52.50274932],[13.47941364,52.502456],[13.47694451,52.5023253],[13.4756749,52.50239198],[13.47043193,52.50336022],[13.47074523,52.50429972],[13.47133199,52.50495651],[13.47125297,52.50523139],[13.47129207,52.50500049],[13.47020674,52.50374185],[13.46887503,52.50015535],[13.46858235,52.49964632],[13.47307876,52.49898724],[13.4841388,52.49165451],[13.48493546,52.49160155],[13.48608638,52.49079502],[13.4884595,52.48988747],[13.48881041,52.48924624],[13.49145155,52.48826165],[13.49070477,52.48744122]]]},"properties":{"esb":"1116","bez":"11","bezname":"Lichtenberg"},"id":"schulen_esb.1116"},
{"type":"Feature","geometry":{"type":"Polygon","coordinates":[[[13.50528353,52.53492479],[13.50557379,52.53494666],[13.50548686,52.53708355],[13.50304533,52.5369031],[13.50290733,52.53776386],[13.50113171,52.53765686],[13.5009399,52.53876738],[13.50546828,52.53848273],[13.50535734,52.54130706],[13.50709362,52.54130343],[13.50720945,52.53935348],[13.51108825,52.53949212],[13.50854106,52.54293143],[13.5072731,52.54306136],[13.50705262,52.54283558],[13.50525391,52.54300899],[13.505165,52.54317785],[13.50197595,52.54347828],[13.50071507,52.54369532],[13.49866139,52.53825092],[13.49493177,52.54052221],[13.49574207,52.54113059],[13.49700044,52.54275313],[13.49653285,52.54286855],[13.4950718,52.54199884],[13.49153344,52.53989382],[13.48776485,52.53753052],[13.48821368,52.53727583],[13.48989196,52.53833998],[13.49031128,52.53809423],[13.48881839,52.53712825],[13.49136028,52.53628556],[13.49009823,52.53550318],[13.48785804,52.53555001],[13.48813967,52.5364391],[13.48882787,52.53692517],[13.48783016,52.53738142],[13.48566853,52.53587543],[13.48602112,52.5339114],[13.49543328,52.53444791],[13.49847182,52.53451235],[13.50528353,52.53492479]]]},"properties":{"esb":"1117","bez":"11","bezname":"Lichtenberg"},"id":"schulen_esb.1117"},
{"type":"Feature","geometry":{"type":"Polygon","coordinates":[[[13.46983911,52.54045571],[13.47139953,52.53806646],[13.47324887,52.53602984],[13.47345942,52.53608673],[13.47603925,52.53326559],[13.48494283,52.53377532],[13.48602112,52.5339114],[13.48566853,52.53587543],[13.48783016,52.53738142],[13.48882787,52.53692517],[13.48813967,52.5364391],[13.48785804,52.53555001],[13.49009823,52.53550318],[13.49136028,52.53628556],[13.48881839,52.53712825],[13.49031128,52.53809423],[13.48989196,52.53833998],[13.48821368,52.53727583],[13.48776485,52.53753052],[13.49153344,52.53989382],[13.4950718,52.54199884],[13.49278964,52.5426523],[13.49209812,52.54176455],[13.49355429,52.5412971],[13.48944682,52.53882833],[13.48760683,52.53763188],[13.4864935,52.53829107],[13.4890969,52.5399728],[13.48844562,52.54038811],[13.48652618,52.54099154],[13.48980176,52.5427073],[13.48935035,52.54282809],[13.48836464,52.54223923],[13.48760493,52.54244053],[13.48713825,52.54179745],[13.48675485,52.54185452],[13.4863516,52.54119982],[13.48510822,52.54055581],[13.47535804,52.54411049],[13.4753912,52.54432801],[13.47963742,52.54754332],[13.46954183,52.5477712],[13.46851862,52.54822635],[13.46721111,52.54821022],[13.46701556,52.54806887],[13.46983911,52.54045571]]]},"properties":{"esb":"1118","bez":"11","bezname":"Lichtenberg"},"id":"schulen_esb.1118"},
{"type":"Feature","geometry":{"type":"Polygon","coordinates":[[[13.47963742,52.54754332],[13.4753912,52.54432801],[13.47535804,52.54411049],[13.48510822,52.54055581],[13.4863516,52.54119982],[13.48675485,52.54185452],[13.48713825,52.54179745],[13.48760493,52.54244053],[13.48836464,52.54223923],[13.48935035,52.54282809],[13.48980176,52.5427073],[13.48652618,52.54099154],[13.48844562,52.54038811],[13.4890969,52.5399728],[13.4864935,52.53829107],[13.48760683,52.53763188],[13.48944682,52.53882833],[13.49355429,52.5412971],[13.49209812,52.54176455],[13.49278964,52.5426523],[13.4950718,52.54199884],[13.49653285,52.54286855],[13.49670448,52.54314821],[13.49867966,52.5446511],[13.49970882,52.54557332],[13.50057395,52.54716754],[13.49988273,52.5476341],[13.5011749,52.54837685],[13.50150339,52.54898109],[13.50534852,52.54879906],[13.50837581,52.54848759],[13.50856425,52.54968477],[13.50885683,52.54997802],[13.51145697,52.55067523],[13.51101134,52.55139641],[13.51055329,52.55122791],[13.51085416,52.55061713],[13.50894627,52.55015694],[13.50254709,52.5500327],[13.50190622,52.54988735],[13.50113556,52.54872998],[13.49962723,52.54780097],[13.49701605,52.54646546],[13.49568939,52.54745341],[13.49729165,52.54999923],[13.50082462,52.54920953],[13.50139072,52.54920294],[13.50185153,52.54993941],[13.50225074,52.55004318],[13.49577502,52.55138058],[13.49682573,52.5535268],[13.49710055,52.55482834],[13.49561794,52.55462721],[13.49543408,52.55299417],[13.49442197,52.55078507],[13.49031932,52.55169525],[13.48610955,52.55239487],[13.48567528,52.55219216],[13.48221909,52.54964303],[13.48007915,52.54946697],[13.47976195,52.54909903],[13.48045365,52.54811676],[13.47963742,52.54754332]]]},"properties":{"esb":"1119","bez":"11","bezname":"Lichtenberg"},"id":"schulen_esb.1119"},
{"type":"Feature","geometry":{"type":"Polygon","coordinates":[[[13.49561794,52.55462721],[13.49710055,52.55482834],[13.49682573,52.5535268],[13.49577502,52.55138058],[13.50225074,52.55004318],[13.50253211,52.55011536],[13.50845816,52.55021307],[13.50981066,52.55052624],[13.5090286,52.55190039],[13.50982348,52.55292024],[13.51099662,52.55250981],[13.51283545,52.55406894],[13.5146787,52.55336166],[13.51535968,52.55225248],[13.51641305,52.55255001],[13.51845053,52.55314499],[13.51816957,52.55348442],[13.51533579,52.55470845],[13.51513414,52.5557417],[13.51415302,52.55483944],[13.51451316,52.55468251],[13.51345068,52.55390418],[13.51186685,52.55462247],[13.51589052,52.55808338],[13.5157576,52.55816683],[13.50549191,52.56099022],[13.50533611,52.56134233],[13.50653941,52.56186656],[13.50507751,52.56314294],[13.4923486,52.55872137],[13.49490443,52.55607863],[13.49561794,52.55462721]]]},"properties":{"esb":"1121","bez":"11","bezname":"Lichtenberg"},"id":"schulen_esb.1121"},
{"type":"Feature","geometry":{"type":"Polygon","coordinates":[[[13.50507751,52.56314294],[13.50653941,52.56186656],[13.50533611,52.56134233],[13.50549191,52.56099022],[13.5157576,52.55816683],[13.51589052,52.55808338],[13.51186685,52.55462247],[13.51345068,52.55390418],[13.51451316,52.55468251],[13.51415302,52.55483944],[13.51513414,52.5557417],[13.51533579,52.55470845],[13.51816957,52.55348442],[13.51845053,52.55314499],[13.51641305,52.55255001],[13.51680198,52.5520696],[13.52313206,52.5510014],[13.52438842,52.55468065],[13.52493986,52.55530748],[13.52177454,52.55833315],[13.51623261,52.56278361],[13.5164022,52.56278107],[13.51387553,52.56475571],[13.51220025,52.56589987],[13.50892856,52.56451726],[13.50706602,52.56614733],[13.50784371,52.56651116],[13.50759529,52.56675445],[13.50554743,52.56600381],[13.50419909,52.56722098],[13.50141029,52.56618104],[13.50261613,52.56530882],[13.50507751,52.56314294]]]},"properties":{"esb":"1122","bez":"11","bezname":"Lichtenberg"},"id":"schulen_esb.1122"},
{"type":"Feature","geometry":{"type":"Polygon","coordinates":[[[13.49303767,52.50652688],[13.49107529,52.50339465],[13.49164132,52.50322096],[13.49398111,52.50280483],[13.49460691,52.50381022],[13.50027994,52.50265445],[13.49949002,52.5013281],[13.50283338,52.50215839],[13.50955251,52.50339995],[13.51013069,52.50361799],[13.51366628,52.50543848],[13.51171498,52.50711888],[13.50988726,52.50768325],[13.509566,52.5066441],[13.5095392,52.50564297],[13.50658973,52.50604442],[13.49885205,52.50755058],[13.49771638,52.50558849],[13.49303767,52.50652688]]]},"properties":{"esb":"1123","bez":"11","bezname":"Lichtenberg"},"id":"schulen_esb.1123"},
{"type":"Feature","geometry":{"type":"Polygon","coordinates":[[[13.50141029,52.56618104],[13.50419909,52.56722098],[13.50554743,52.56600381],[13.50759529,52.56675445],[13.50784371,52.56651116],[13.50706602,52.56614733],[13.50892856,52.56451726],[13.51220025,52.56589987],[13.51216184,52.5659259],[13.50859435,52.56871718],[13.50633564,52.57060835],[13.50361157,52.5726976],[13.50256199,52.57248622],[13.4969156,52.57007002],[13.49697476,52.57001437],[13.50141029,52.56618104]]]},"properties":{"esb":"1125","bez":"11","bezname":"Lichtenberg"},"id":"schulen_esb.1125"},
{"type":"Feature","geometry":{"type":"Polygon","coordinates":[[[13.53481659,52.56104079],[13.53315579,52.56193813],[13.53212882,52.56292583],[13.53180941,52.56402641],[13.52956984,52.56315112],[13.52955734,52.56279705],[13.52876694,52.5627964],[13.52789481,52.56241824],[13.52677964,52.56322609],[13.52379226,52.5618567],[13.5220666,52.56201605],[13.52226329,52.56302091],[13.52113939,52.56311338],[13.51931179,52.56454058],[13.52079068,52.56524555],[13.5219601,52.56401724],[13.52280376,52.56395418],[13.5247188,52.56483291],[13.52441594,52.5650663],[13.52369943,52.56561385],[13.52274412,52.56548182],[13.52166881,52.56496325],[13.51997444,52.56615514],[13.52187181,52.5670357],[13.5209587,52.56774572],[13.52072865,52.5683521],[13.51887378,52.56816621],[13.51795034,52.56884923],[13.51732394,52.5686869],[13.51616847,52.56954583],[13.51468804,52.56883542],[13.51453685,52.56913272],[13.51293329,52.57043423],[13.5144419,52.57109257],[13.51482192,52.57245348],[13.513162,52.57268465],[13.51286875,52.57200949],[13.50900636,52.57017339],[13.51165608,52.56815854],[13.51442829,52.56774781],[13.5152927,52.56709621],[13.51444281,52.56667844],[13.51216184,52.5659259],[13.51220025,52.56589987],[13.51387553,52.56475571],[13.5164022,52.56278107],[13.51623261,52.56278361],[13.52177454,52.55833315],[13.52493986,52.55530748],[13.52534825,52.55531681],[13.52939198,52.55754434],[13.53394944,52.5603868],[13.53481659,52.56104079]]]},"properties":{"esb":"1126","bez":"11","bezname":"Lichtenberg"},"id":"schulen_esb.1126"},
{"type":"Feature","geometry":{"type":"Polygon","coordinates":[[[13.54824116,52.57095166],[13.54642479,52.57136921],[13.54751022,52.57307287],[13.54431564,52.57374917],[13.54200904,52.57436312],[13.54091879,52.57447018],[13.53918036,52.57118437],[13.53708841,52.57144252],[13.53676524,52.57080064],[13.53607168,52.57097625],[13.53628463,52.57142034],[13.53573106,52.57164728],[13.5341084,52.57176554],[13.53385868,52.57128188],[13.5330272,52.57110419],[13.53171434,52.57119481],[13.53105552,52.57029654],[13.53154557,52.5701181],[13.52767217,52.56962877],[13.52642213,52.56934825],[13.52689712,52.56865669],[13.5281292,52.56772942],[13.52448021,52.56596769],[13.5250668,52.56548113],[13.52441594,52.5650663],[13.5247188,52.56483291],[13.52280376,52.56395418],[13.5219601,52.56401724],[13.52079068,52.56524555],[13.51931179,52.56454058],[13.52113939,52.56311338],[13.52226329,52.56302091],[13.5220666,52.56201605],[13.52379226,52.5618567],[13.52677964,52.56322609],[13.52789481,52.56241824],[13.52876694,52.5627964],[13.52955734,52.56279705],[13.52956984,52.56315112],[13.53180941,52.56402641],[13.53212882,52.56292583],[13.53315579,52.56193813],[13.53481659,52.56104079],[13.54022735,52.56526847],[13.54118447,52.56601414],[13.54231977,52.56614166],[13.54458208,52.56690709],[13.545632,52.56777231],[13.54481629,52.56784993],[13.54561712,52.56944557],[13.54709702,52.56910329],[13.54824116,52.57095166]]]},"properties":{"esb":"1128","bez":"11","bezname":"Lichtenberg"},"id":"schulen_esb.1128"},
{"type":"Feature","geometry":{"type":"Polygon","coordinates":[[[13.56105659,52.58087234],[13.55950751,52.58189683],[13.55548671,52.58414918],[13.55267845,52.58543252],[13.55017441,52.58645988],[13.54698239,52.58764488],[13.54720607,52.58797663],[13.54167964,52.58914193],[13.53402402,52.5908562],[13.52768333,52.59223499],[13.52717426,52.59222917],[13.5228657,52.59274849],[13.50814341,52.59214968],[13.50513736,52.59223201],[13.5037367,52.58229611],[13.50356781,52.57780273],[13.49992603,52.57717434],[13.49877721,52.57656563],[13.50361157,52.5726976],[13.50633564,52.57060835],[13.50859435,52.56871718],[13.51216184,52.5659259],[13.51444281,52.56667844],[13.5152927,52.56709621],[13.51442829,52.56774781],[13.51165608,52.56815854],[13.50900636,52.57017339],[13.51286875,52.57200949],[13.513162,52.57268465],[13.51482192,52.57245348],[13.51769582,52.57217308],[13.51839905,52.57230313],[13.5204938,52.57217112],[13.52064629,52.57070647],[13.51886134,52.57083966],[13.51880184,52.5704442],[13.52046586,52.57030192],[13.52036754,52.56948407],[13.52061259,52.56877885],[13.52134721,52.56871121],[13.52642213,52.56934825],[13.52767217,52.56962877],[13.53154557,52.5701181],[13.53105552,52.57029654],[13.53171434,52.57119481],[13.5330272,52.57110419],[13.53385868,52.57128188],[13.5341084,52.57176554],[13.53573106,52.57164728],[13.53628463,52.57142034],[13.53607168,52.57097625],[13.53676524,52.57080064],[13.53708841,52.57144252],[13.53918036,52.57118437],[13.54091879,52.57447018],[13.54200904,52.57436312],[13.54431564,52.57374917],[13.54751022,52.57307287],[13.54642479,52.57136921],[13.54824116,52.57095166],[13.5513426,52.57025362],[13.55271326,52.57259545],[13.55636241,52.57345586],[13.55902566,52.57768372],[13.55932786,52.57781689],[13.56054924,52.57980628],[13.56105659,52.58087234]]]},"properties":{"esb":"1129","bez":"11","bezname":"Lichtenberg"},"id":"schulen_esb.1129"},
{"type":"Feature","geometry":{"type":"Polygon","coordinates":[[[13.50276682,52.49806585],[13.49555946,52.50042516],[13.49494525,52.5004793],[13.4931293,52.49814525],[13.49201389,52.49742865],[13.49132845,52.497675],[13.48999084,52.49882735],[13.48890464,52.500086],[13.4873147,52.50135843],[13.48672344,52.50206497],[13.48420464,52.50090001],[13.48485683,52.49957258],[13.4853683,52.49895222],[13.48874486,52.49749768],[13.49312301,52.49584737],[13.49314983,52.49622933],[13.4919911,52.497177],[13.49301931,52.49800044],[13.49360081,52.49804154],[13.49687778,52.49578594],[13.49805741,52.49519681],[13.49778664,52.49413789],[13.49994811,52.49308608],[13.50326346,52.4921289],[13.50580762,52.49156267],[13.50583079,52.49116458],[13.50841818,52.49091286],[13.51052345,52.49092033],[13.50958906,52.49129595],[13.50613014,52.49206355],[13.50619403,52.49292723],[13.50698754,52.49457797],[13.50799066,52.49440823],[13.50817944,52.49483978],[13.50720425,52.49501764],[13.50736533,52.49534222],[13.50261755,52.49616862],[13.50229558,52.49703998],[13.50276682,52.49806585]]]},"properties":{"esb":"1131","bez":"11","bezname":"Lichtenberg"},"id":"schulen_esb.1131"},
{"type":"Feature","geometry":{"type":"Polygon","coordinates":[[[13.48494283,52.53377532],[13.47603925,52.53326559],[13.47729418,52.53170712],[13.47715483,52.53151913],[13.47945532,52.52748079],[13.47973214,52.52665168],[13.48182704,52.52674502],[13.48192658,52.52874014],[13.48393515,52.52867518],[13.48403518,52.53055078],[13.48360069,52.53093847],[13.48351592,52.53163392],[13.48525585,52.53175014],[13.48494283,52.53377532]]]},"properties":{"esb":"1132","bez":"11","bezname":"Lichtenberg"},"id":"schulen_esb.1132"},
{"type":"Feature","geometry":{"type":"Polygon","coordinates":[[[13.50866902,52.51438599],[13.50933456,52.5144855],[13.50929338,52.51501566],[13.50827305,52.51483492],[13.50892373,52.51553561],[13.50957276,52.51686806],[13.50478915,52.51810787],[13.50263376,52.51817484],[13.50256595,52.51714402],[13.50206284,52.5153363],[13.50581271,52.51497623],[13.50564246,52.5142122],[13.50616064,52.51433045],[13.50634007,52.51497227],[13.50809061,52.51475655],[13.50866902,52.51438599]]]},"properties":{"esb":"1133","bez":"11","bezname":"Lichtenberg"},"id":"schulen_esb.1133"},
{"type":"Feature","geometry":{"type":"Polygon","coordinates":[[[13.52534825,52.55531681],[13.52493986,52.55530748],[13.52438842,52.55468065],[13.52313206,52.5510014],[13.51680198,52.5520696],[13.51641305,52.55255001],[13.51535968,52.55225248],[13.5146787,52.55336166],[13.51283545,52.55406894],[13.51099662,52.55250981],[13.50982348,52.55292024],[13.5090286,52.55190039],[13.50981066,52.55052624],[13.50845816,52.55021307],[13.50253211,52.55011536],[13.50225074,52.55004318],[13.50185153,52.54993941],[13.50139072,52.54920294],[13.50082462,52.54920953],[13.49729165,52.54999923],[13.49568939,52.54745341],[13.49701605,52.54646546],[13.49962723,52.54780097],[13.50113556,52.54872998],[13.50190622,52.54988735],[13.50254709,52.5500327],[13.50894627,52.55015694],[13.51085416,52.55061713],[13.51055329,52.55122791],[13.51101134,52.55139641],[13.51145697,52.55067523],[13.50885683,52.54997802],[13.50856425,52.54968477],[13.50837581,52.54848759],[13.50534852,52.54879906],[13.50150339,52.54898109],[13.5011749,52.54837685],[13.49988273,52.5476341],[13.50057395,52.54716754],[13.49970882,52.54557332],[13.49867966,52.5446511],[13.50117137,52.54392047],[13.50207517,52.54383335],[13.50197595,52.54347828],[13.505165,52.54317785],[13.50525391,52.54300899],[13.50705262,52.54283558],[13.5072731,52.54306136],[13.50854106,52.54293143],[13.51244378,52.54249401],[13.51381704,52.54210082],[13.5209113,52.53955609],[13.52314699,52.53836196],[13.52467358,52.53784656],[13.52623756,52.53772208],[13.5276003,52.53795238],[13.52783645,52.5377989],[13.53158406,52.53859637],[13.53157546,52.5391688],[13.53226491,52.53931313],[13.53189157,52.53952491],[13.53098773,52.54173396],[13.53044727,52.5435452],[13.53000305,52.54446775],[13.52748433,52.55151555],[13.52630225,52.55398673],[13.52534825,52.55531681]]]},"properties":{"esb":"1134","bez":"11","bezname":"Lichtenberg"},"id":"schulen_esb.1134"},
{"type":"Feature","geometry":{"type":"Polygon","coordinates":[[[13.50775696,52.49862812],[13.51013069,52.50361799],[13.50955251,52.50339995],[13.50283338,52.50215839],[13.49949002,52.5013281],[13.50027994,52.50265445],[13.49460691,52.50381022],[13.49398111,52.50280483],[13.49164132,52.50322096],[13.49061285,52.50149437],[13.49483011,52.50057353],[13.49494525,52.5004793],[13.49555946,52.50042516],[13.50276682,52.49806585],[13.50689295,52.49687666],[13.50775696,52.49862812]]]},"properties":{"esb":"1135","bez":"11","bezname":"Lichtenberg"},"id":"schulen_esb.1135"},
{"type":"Feature","geometry":{"type":"Polygon","coordinates":[[[13.52441594,52.5650663],[13.5250668,52.56548113],[13.52448021,52.56596769],[13.5281292,52.56772942],[13.52689712,52.56865669],[13.52642213,52.56934825],[13.52134721,52.56871121],[13.52061259,52.56877885],[13.52036754,52.56948407],[13.52046586,52.57030192],[13.51880184,52.5704442],[13.51886134,52.57083966],[13.52064629,52.57070647],[13.5204938,52.57217112],[13.51839905,52.57230313],[13.51769582,52.57217308],[13.51482192,52.57245348],[13.5144419,52.57109257],[13.51293329,52.57043423],[13.51453685,52.56913272],[13.51468804,52.56883542],[13.51616847,52.56954583],[13.51732394,52.5686869],[13.51795034,52.56884923],[13.51887378,52.56816621],[13.52072865,52.5683521],[13.5209587,52.56774572],[13.52187181,52.5670357],[13.51997444,52.56615514],[13.52166881,52.56496325],[13.52274412,52.56548182],[13.52369943,52.56561385],[13.52441594,52.5650663]]]},"properties":{"esb":"1136","bez":"11","bezname":"Lichtenberg"},"id":"schulen_esb.1136"},
{"type":"Feature","geometry":{"type":"Polygon","coordinates":[[[13.52030728,52.47406786],[13.52158048,52.47521659],[13.52149207,52.47526144],[13.52435586,52.47786198],[13.52511278,52.4802369],[13.52549852,52.48211274],[13.52519966,52.48214035],[13.51929234,52.48474488],[13.5199866,52.48679086],[13.51939914,52.48743557],[13.51738448,52.48776265],[13.51601883,52.48816039],[13.5155912,52.48727211],[13.51676959,52.48640061],[13.5156166,52.48595559],[13.51456819,52.48549539],[13.51180527,52.48658463],[13.51079993,52.48654861],[13.51064859,52.48700228],[13.50836981,52.48699105],[13.50844191,52.48645642],[13.50715103,52.4864075],[13.50700554,52.48685848],[13.50482413,52.48677358],[13.50506915,52.48547167],[13.50584234,52.48426106],[13.50269724,52.4835326],[13.50130754,52.48306923],[13.49732983,52.48674139],[13.49541535,52.48600957],[13.49286685,52.48564725],[13.4936168,52.48444568],[13.49417573,52.48311899],[13.49663778,52.48330504],[13.49785222,52.48328121],[13.50059473,52.48268564],[13.50188742,52.48257557],[13.50432112,52.47812163],[13.50784298,52.47490259],[13.51295663,52.47565888],[13.51550876,52.475593],[13.51687829,52.47525727],[13.52030728,52.47406786]]]},"properties":{"esb":"1137","bez":"11","bezname":"Lichtenberg"},"id":"schulen_esb.1137"},
{"type":"Feature","geometry":{"type":"Polygon","coordinates":[[[13.47255148,52.52052364],[13.47354153,52.52051055],[13.47348478,52.5224273],[13.47524486,52.52214199],[13.47523644,52.52287708],[13.47347543,52.52299973],[13.47355026,52.52436128],[13.47551156,52.52427842],[13.47550815,52.52613233],[13.47576616,52.52694594],[13.47799663,52.52660009],[13.47973214,52.52665168],[13.47945532,52.52748079],[13.47715483,52.53151913],[13.47729418,52.53170712],[13.47603925,52.53326559],[13.47345942,52.53608673],[13.47324887,52.53602984],[13.47066219,52.53527609],[13.46903602,52.5346368],[13.46988369,52.53331062],[13.47075686,52.53351037],[13.47100893,52.53307037],[13.46992521,52.5328254],[13.47064444,52.53154668],[13.47183463,52.53167854],[13.47216564,52.53099421],[13.46988879,52.53063445],[13.47021368,52.52960503],[13.47152516,52.52833606],[13.47007507,52.5279747],[13.47202863,52.52762589],[13.47179134,52.52722388],[13.46905918,52.52775048],[13.46876391,52.52708779],[13.4681993,52.52716701],[13.46676131,52.52389489],[13.46951571,52.52285794],[13.47103702,52.52177438],[13.47210451,52.52069291],[13.47255148,52.52052364]]]},"properties":{"esb":"1138","bez":"11","bezname":"Lichtenberg"},"id":"schulen_esb.1138"},
{"type":"Feature","geometry":{"type":"MultiPolygon","coordinates":[[[[13.52783645,52.5377989],[13.5276003,52.53795238],[13.52623756,52.53772208],[13.52467358,52.53784656],[13.52314699,52.53836196],[13.5209113,52.53955609],[13.51381704,52.54210082],[13.51244378,52.54249401],[13.50854106,52.54293143],[13.51108825,52.53949212],[13.50720945,52.53935348],[13.50709362,52.54130343],[13.50535734,52.54130706],[13.50546828,52.53848273],[13.5009399,52.53876738],[13.50113171,52.53765686],[13.50290733,52.53776386],[13.50304533,52.5369031],[13.50548686,52.53708355],[13.50557379,52.53494666],[13.50563763,52.53477328],[13.51688293,52.53554716],[13.51925964,52.5357075],[13.51920776,52.53583236],[13.52182019,52.53603869],[13.52306347,52.53627253],[13.52783645,52.5377989]]],[[[13.50197595,52.54347828],[13.50207517,52.54383335],[13.50117137,52.54392047],[13.49867966,52.5446511],[13.49670448,52.54314821],[13.49653285,52.54286855],[13.49700044,52.54275313],[13.49574207,52.54113059],[13.49493177,52.54052221],[13.49866139,52.53825092],[13.50071507,52.54369532],[13.50197595,52.54347828]]]]},"properties":{"esb":"1139","bez":"11","bezname":"Lichtenberg"},"id":"schulen_esb.1139"},
{"type":"Feature","geometry":{"type":"Polygon","coordinates":[[[13.48757645,52.56920842],[13.48960299,52.56822947],[13.49088585,52.56926079],[13.49062597,52.56983921],[13.49120942,52.57003399],[13.49285681,52.56858994],[13.49340997,52.56855732],[13.49697476,52.57001437],[13.4969156,52.57007002],[13.50256199,52.57248622],[13.50361157,52.5726976],[13.49877721,52.57656563],[13.49992603,52.57717434],[13.50356781,52.57780273],[13.5037367,52.58229611],[13.50513736,52.59223201],[13.50814341,52.59214968],[13.50517585,52.59646104],[13.50170584,52.59507803],[13.48895957,52.59004862],[13.48694192,52.58883759],[13.48600318,52.58801243],[13.48531287,52.5870276],[13.48464314,52.58561683],[13.48432587,52.58563532],[13.48356374,52.58407527],[13.48197061,52.58399964],[13.48160699,52.58331354],[13.48047469,52.58353231],[13.47971576,52.58106281],[13.47973097,52.57959984],[13.48020128,52.57791098],[13.47994484,52.57651327],[13.47991163,52.5754133],[13.47945904,52.57269255],[13.48202614,52.57249081],[13.48279267,52.57262924],[13.48292328,52.57147464],[13.48757645,52.56920842]]]},"properties":{"esb":"1190","bez":"11","bezname":"Lichtenberg"},"id":"schulen_esb.1190"},
{"type":"Feature","geometry":{"type":"Polygon","coordinates":[[[13.536213,52.50999237],[13.53621126,52.51011998],[13.53048132,52.51034374],[13.53046864,52.50940464],[13.52925354,52.50940634],[13.52927507,52.51032748],[13.52716026,52.51022238],[13.52350125,52.50976365],[13.52161636,52.50961192],[13.5189843,52.50964192],[13.51974042,52.50576492],[13.51848155,52.50564066],[13.51629594,52.50567999],[13.51366628,52.50543848],[13.51013069,52.50361799],[13.50775696,52.49862812],[13.51213214,52.49789461],[13.51403219,52.49766727],[13.5141832,52.49792443],[13.51542265,52.49806848],[13.51515923,52.49742569],[13.516155,52.49726487],[13.51581664,52.49656359],[13.51721614,52.49627732],[13.51800396,52.49504687],[13.51945025,52.49487295],[13.52064269,52.49494142],[13.52326854,52.49467413],[13.52341047,52.49379357],[13.52559276,52.49430139],[13.52970563,52.49535804],[13.54120231,52.49819584],[13.54172779,52.49829597],[13.53948325,52.49854328],[13.53519856,52.50554866],[13.53629398,52.50640321],[13.5361142,52.50789394],[13.53629378,52.50794081],[13.536213,52.50999237]]]},"properties":{"esb":"1192","bez":"11","bezname":"Lichtenberg"},"id":"schulen_esb.1192"},
{"type":"Feature","geometry":{"type":"Polygon","coordinates":[[[13.29471517,52.57630632],[13.29425199,52.57708594],[13.29069807,52.58156736],[13.28281922,52.58130211],[13.28313069,52.5807117],[13.27901148,52.58056488],[13.27917197,52.58135077],[13.27873541,52.58189407],[13.27105757,52.58140037],[13.27111071,52.57793355],[13.27101517,52.57606856],[13.27116006,52.57584434],[13.27316055,52.57581079],[13.27319165,52.57634557],[13.27473775,52.57632232],[13.27475703,52.57667735],[13.27611135,52.5766562],[13.27608561,52.57618523],[13.27747976,52.57616149],[13.27726187,52.57703613],[13.27853506,52.57701652],[13.27876871,52.5767575],[13.2799386,52.57674206],[13.28061482,52.57647624],[13.2805791,52.57595402],[13.28119889,52.57629731],[13.28388591,52.57656483],[13.28404103,52.57596768],[13.28497778,52.5759587],[13.28510576,52.57562478],[13.29112487,52.57552157],[13.29081427,52.57659547],[13.29304657,52.57653438],[13.29471517,52.57630632]]]},"properties":{"esb":"1201","bez":"12","bezname":"Reinickendorf"},"id":"schulen_esb.1201"},
{"type":"Feature","geometry":{"type":"Polygon","coordinates":[[[13.3488888,52.56196406],[13.35315185,52.56197308],[13.35689712,52.56201402],[13.35971313,52.56185325],[13.36009459,52.56047019],[13.36452145,52.56117562],[13.36477129,52.56131637],[13.36425777,52.56384762],[13.36163659,52.56885354],[13.36086503,52.57035345],[13.35809008,52.56949707],[13.35621976,52.56904888],[13.35613938,52.56893008],[13.35329413,52.568024],[13.35135452,52.56758906],[13.3505869,52.567705],[13.34991733,52.56864342],[13.34924039,52.56817364],[13.34958509,52.56730276],[13.34633711,52.56691589],[13.33882756,52.56623558],[13.33668497,52.56575318],[13.33482816,52.56488142],[13.33161313,52.56314716],[13.33093826,52.56328926],[13.33054183,52.56303305],[13.3318637,52.56272631],[13.3332256,52.56348815],[13.33451439,52.56394246],[13.33521046,52.56460738],[13.33665822,52.56422092],[13.33709908,52.56445475],[13.34871118,52.56207059],[13.3488888,52.56196406]]]},"properties":{"esb":"1202","bez":"12","bezname":"Reinickendorf"},"id":"schulen_esb.1202"},
{"type":"Feature","geometry":{"type":"Polygon","coordinates":[[[13.35621976,52.56904888],[13.35476072,52.56983096],[13.35285941,52.57033522],[13.35131649,52.57060034],[13.35177055,52.57346358],[13.35217243,52.57477204],[13.35065003,52.57526636],[13.3477979,52.57586357],[13.34775269,52.57438699],[13.34643549,52.57461753],[13.3468472,52.57597995],[13.34716205,52.577964],[13.34505171,52.57810099],[13.33755711,52.57822403],[13.33292571,52.57813266],[13.33104279,52.57252402],[13.32985459,52.56915561],[13.33650588,52.56830939],[13.3361874,52.56740457],[13.33530473,52.56751563],[13.33475151,52.56598747],[13.33458908,52.56601762],[13.33226023,52.56451022],[13.33185929,52.56448316],[13.33061696,52.56348256],[13.33093826,52.56328926],[13.33161313,52.56314716],[13.33482816,52.56488142],[13.33668497,52.56575318],[13.33882756,52.56623558],[13.34633711,52.56691589],[13.34958509,52.56730276],[13.34924039,52.56817364],[13.34991733,52.56864342],[13.3505869,52.567705],[13.35135452,52.56758906],[13.35329413,52.568024],[13.35613938,52.56893008],[13.35621976,52.56904888]]]},"properties":{"esb":"1204","bez":"12","bezname":"Reinickendorf"},"id":"schulen_esb.1204"},
{"type":"Feature","geometry":{"type":"Polygon","coordinates":[[[13.36377893,52.58128568],[13.36340907,52.58072051],[13.36200578,52.58053226],[13.36142515,52.58067475],[13.36083911,52.57951688],[13.36130018,52.57938311],[13.36013098,52.57708984],[13.36057898,52.57667388],[13.35415031,52.57741234],[13.35271156,52.57749169],[13.34902542,52.57792345],[13.34716205,52.577964],[13.3468472,52.57597995],[13.34643549,52.57461753],[13.34775269,52.57438699],[13.3477979,52.57586357],[13.35065003,52.57526636],[13.35217243,52.57477204],[13.35177055,52.57346358],[13.35131649,52.57060034],[13.35285941,52.57033522],[13.35476072,52.56983096],[13.35621976,52.56904888],[13.35809008,52.56949707],[13.36086503,52.57035345],[13.36163659,52.56885354],[13.36207093,52.56897582],[13.36260027,52.56801545],[13.36872743,52.56989364],[13.36910092,52.5693319],[13.36958543,52.56945517],[13.36898659,52.5699652],[13.36979919,52.57022757],[13.36857797,52.57048193],[13.3660273,52.56958309],[13.36586801,52.56908669],[13.36370941,52.57120722],[13.36440149,52.57139747],[13.36473809,52.57109716],[13.36686567,52.57196994],[13.37003213,52.57024335],[13.37213369,52.57205416],[13.37140181,52.57236172],[13.37170711,52.57261759],[13.37229806,52.5721974],[13.37454518,52.57412081],[13.3735148,52.57477462],[13.37645447,52.57478985],[13.37427156,52.57604782],[13.37117109,52.57728939],[13.36813732,52.5789489],[13.36527299,52.58060511],[13.36400505,52.58146501],[13.36377893,52.58128568]]]},"properties":{"esb":"1205","bez":"12","bezname":"Reinickendorf"},"id":"schulen_esb.1205"},
{"type":"Feature","geometry":{"type":"Polygon","coordinates":[[[13.33665822,52.56422092],[13.33521046,52.56460738],[13.33451439,52.56394246],[13.3332256,52.56348815],[13.3318637,52.56272631],[13.33054183,52.56303305],[13.33093826,52.56328926],[13.33061696,52.56348256],[13.33185929,52.56448316],[13.33226023,52.56451022],[13.33458908,52.56601762],[13.33475151,52.56598747],[13.33530473,52.56751563],[13.3361874,52.56740457],[13.33650588,52.56830939],[13.32985459,52.56915561],[13.32945022,52.56962999],[13.32718419,52.5699379],[13.32778171,52.57164505],[13.32562423,52.5720233],[13.32525916,52.57105902],[13.32235496,52.57149553],[13.32179849,52.57134402],[13.321535,52.57041864],[13.31981057,52.57088058],[13.31921238,52.57057978],[13.31948058,52.57124637],[13.31902289,52.57131168],[13.31877686,52.57063975],[13.31646651,52.57094016],[13.31590186,52.56923664],[13.31488571,52.56964825],[13.31402687,52.56950669],[13.31435219,52.56897196],[13.31551635,52.56910892],[13.31616524,52.56869904],[13.3157368,52.56755214],[13.3148722,52.5673953],[13.31441999,52.5677329],[13.31323235,52.56779087],[13.31273987,52.56695023],[13.31159496,52.56722217],[13.31100223,52.56617636],[13.3113645,52.56563275],[13.31073491,52.56479353],[13.30945346,52.5651927],[13.30702991,52.56648832],[13.30384943,52.5662056],[13.30389511,52.56601072],[13.29946951,52.56559598],[13.29953542,52.56526007],[13.29753044,52.56517363],[13.29737742,52.566505],[13.29353316,52.5658589],[13.29414194,52.56336327],[13.30128169,52.55646799],[13.29921256,52.55316873],[13.30195952,52.55253017],[13.3001818,52.5497098],[13.29693386,52.54935212],[13.29639631,52.54888872],[13.30153002,52.54880588],[13.3037631,52.55145582],[13.30966661,52.557721],[13.31290429,52.55858424],[13.31728206,52.55963729],[13.31922606,52.55997935],[13.3234071,52.56052034],[13.32501236,52.5608138],[13.3261291,52.56139088],[13.32679329,52.56238018],[13.33091939,52.56214882],[13.33178682,52.56165673],[13.33665822,52.56422092]]]},"properties":{"esb":"1207","bez":"12","bezname":"Reinickendorf"},"id":"schulen_esb.1207"},
{"type":"Feature","geometry":{"type":"Polygon","coordinates":[[[13.36364825,52.59375137],[13.36233532,52.59441524],[13.36087777,52.59434189],[13.36093665,52.59387832],[13.36036607,52.59306467],[13.35902892,52.59261323],[13.35537787,52.59242431],[13.35500929,52.59308666],[13.35658745,52.59537552],[13.35556313,52.59540194],[13.35933979,52.59560372],[13.35948768,52.59482403],[13.3602106,52.59485352],[13.36024084,52.59594993],[13.3555399,52.59557892],[13.35515265,52.59663214],[13.35613371,52.5966856],[13.35599957,52.59761809],[13.35314082,52.59739765],[13.35303708,52.59817833],[13.3534826,52.59820722],[13.35313925,52.6012079],[13.3529349,52.60155341],[13.35227439,52.60096596],[13.35148397,52.60085809],[13.35033471,52.60125082],[13.3501048,52.60072728],[13.35028725,52.59940849],[13.34791182,52.59929419],[13.3478298,52.59989339],[13.34628893,52.59966869],[13.34619354,52.59865839],[13.34571694,52.59864198],[13.34586188,52.59790184],[13.34532706,52.59776129],[13.3439021,52.59811286],[13.34055943,52.59787389],[13.33981515,52.59794578],[13.33995752,52.59693605],[13.33930755,52.59635485],[13.33937882,52.5958374],[13.33485697,52.59563585],[13.3329793,52.59549372],[13.33326117,52.59416802],[13.33416736,52.59437245],[13.33493714,52.5940095],[13.33610477,52.5930625],[13.33579429,52.59270588],[13.337439,52.59168365],[13.33939082,52.58994233],[13.34015265,52.58896915],[13.34032044,52.58835398],[13.34755418,52.59008135],[13.35019215,52.59060156],[13.35214889,52.59081729],[13.35568986,52.59088655],[13.35905594,52.5910847],[13.36064554,52.59126442],[13.36364825,52.59375137]]]},"properties":{"esb":"1209","bez":"12","bezname":"Reinickendorf"},"id":"schulen_esb.1209"},
{"type":"Feature","geometry":{"type":"Polygon","coordinates":[[[13.31553896,52.57779081],[13.31741366,52.57782178],[13.3247908,52.57869094],[13.32689244,52.57811485],[13.33297175,52.57830801],[13.33496638,52.58516421],[13.33502625,52.58570175],[13.33452569,52.58820055],[13.33158742,52.58806387],[13.32924715,52.58808497],[13.32958316,52.58967102],[13.33006418,52.59076498],[13.32945799,52.59094229],[13.33005734,52.59155937],[13.32976013,52.59186865],[13.32847137,52.59216556],[13.3271322,52.59271215],[13.32633087,52.59164074],[13.32478232,52.59216161],[13.32521796,52.59254464],[13.32633404,52.59225632],[13.32766815,52.59375324],[13.32595542,52.59432044],[13.32645561,52.59454817],[13.32533328,52.59530737],[13.32259769,52.59609927],[13.32205043,52.59499882],[13.32303815,52.59471919],[13.32210678,52.59347127],[13.32128553,52.59358239],[13.32095445,52.59302168],[13.32217608,52.59241555],[13.32167161,52.59174925],[13.32101648,52.59195515],[13.32088376,52.59151807],[13.31920801,52.5895448],[13.31984844,52.58932719],[13.3194639,52.58882205],[13.3184865,52.58869909],[13.31796181,52.58903472],[13.31713688,52.588213],[13.31613511,52.58840808],[13.31594017,52.58801486],[13.31677444,52.5877196],[13.31625837,52.58683398],[13.31817381,52.58616051],[13.31796352,52.58564234],[13.31619088,52.58385839],[13.31686684,52.58361303],[13.31598164,52.58256918],[13.31730092,52.58209994],[13.31470486,52.5791276],[13.31589738,52.57821322],[13.31553896,52.57779081]]]},"properties":{"esb":"1210","bez":"12","bezname":"Reinickendorf"},"id":"schulen_esb.1210"},
{"type":"Feature","geometry":{"type":"Polygon","coordinates":[[[13.34755418,52.59008135],[13.34032044,52.58835398],[13.34015265,52.58896915],[13.33939082,52.58994233],[13.337439,52.59168365],[13.33579429,52.59270588],[13.33610477,52.5930625],[13.33493714,52.5940095],[13.33416736,52.59437245],[13.33326117,52.59416802],[13.3329793,52.59549372],[13.33224264,52.5957525],[13.33177391,52.59698786],[13.32645561,52.59454817],[13.32595542,52.59432044],[13.32766815,52.59375324],[13.32633404,52.59225632],[13.32521796,52.59254464],[13.32478232,52.59216161],[13.32633087,52.59164074],[13.3271322,52.59271215],[13.32847137,52.59216556],[13.32976013,52.59186865],[13.33005734,52.59155937],[13.32945799,52.59094229],[13.33006418,52.59076498],[13.32958316,52.58967102],[13.32924715,52.58808497],[13.33158742,52.58806387],[13.33452569,52.58820055],[13.33502625,52.58570175],[13.33496638,52.58516421],[13.33297175,52.57830801],[13.33292571,52.57813266],[13.33755711,52.57822403],[13.34505171,52.57810099],[13.34716205,52.577964],[13.34902542,52.57792345],[13.35271156,52.57749169],[13.35415031,52.57741234],[13.36057898,52.57667388],[13.36013098,52.57708984],[13.36130018,52.57938311],[13.36083911,52.57951688],[13.36142515,52.58067475],[13.36200578,52.58053226],[13.36340907,52.58072051],[13.36377893,52.58128568],[13.35921557,52.5837701],[13.35881037,52.58416909],[13.35781023,52.58438609],[13.3497897,52.58890308],[13.34755418,52.59008135]]]},"properties":{"esb":"1211","bez":"12","bezname":"Reinickendorf"},"id":"schulen_esb.1211"},
{"type":"Feature","geometry":{"type":"Polygon","coordinates":[[[13.32128553,52.59358239],[13.32088958,52.59449709],[13.3216219,52.59529427],[13.3209407,52.59542102],[13.31748535,52.59698019],[13.31711576,52.59748876],[13.31774591,52.59770248],[13.31628846,52.59928029],[13.31502595,52.59874587],[13.31419354,52.59812811],[13.31302869,52.59797945],[13.3110486,52.59811977],[13.31034554,52.59799298],[13.30941841,52.59824123],[13.30849918,52.59780382],[13.30755853,52.59706799],[13.30561898,52.59893283],[13.30512737,52.59875087],[13.30546971,52.5981533],[13.30164519,52.59744193],[13.30021061,52.59745506],[13.29971703,52.59833616],[13.29991834,52.59905024],[13.29493961,52.59679069],[13.29559865,52.59589659],[13.29644653,52.59598702],[13.29674513,52.59474233],[13.29706417,52.59450777],[13.29761186,52.59231391],[13.29809779,52.59146604],[13.29745402,52.59112636],[13.298149,52.58955206],[13.29707188,52.58856505],[13.2994899,52.58663068],[13.30007503,52.58651547],[13.29808046,52.58490677],[13.29975655,52.58371082],[13.29944327,52.58358055],[13.30012316,52.58301807],[13.30058035,52.5830391],[13.30261997,52.58134177],[13.30347558,52.5813477],[13.3024947,52.58052455],[13.30109815,52.57985932],[13.30377065,52.57893743],[13.30742232,52.577842],[13.30943466,52.57760477],[13.31553896,52.57779081],[13.31589738,52.57821322],[13.31470486,52.5791276],[13.31730092,52.58209994],[13.31598164,52.58256918],[13.31686684,52.58361303],[13.31619088,52.58385839],[13.31796352,52.58564234],[13.31817381,52.58616051],[13.31625837,52.58683398],[13.31677444,52.5877196],[13.31594017,52.58801486],[13.31613511,52.58840808],[13.31713688,52.588213],[13.31796181,52.58903472],[13.3184865,52.58869909],[13.3194639,52.58882205],[13.31984844,52.58932719],[13.31920801,52.5895448],[13.32088376,52.59151807],[13.32101648,52.59195515],[13.32167161,52.59174925],[13.32217608,52.59241555],[13.32095445,52.59302168],[13.32128553,52.59358239]]]},"properties":{"esb":"1212","bez":"12","bezname":"Reinickendorf"},"id":"schulen_esb.1212"},
{"type":"Feature","geometry":{"type":"Polygon","coordinates":[[[13.29069807,52.58156736],[13.28628197,52.58697538],[13.28326344,52.58996186],[13.28417312,52.59081371],[13.28413704,52.59165564],[13.28379286,52.59226932],[13.2829287,52.59276287],[13.28142283,52.59285195],[13.28058671,52.59408964],[13.28184458,52.5949569],[13.28089432,52.59531719],[13.28176325,52.59610514],[13.28209516,52.59687444],[13.28155815,52.59816603],[13.28352861,52.59851594],[13.28455293,52.59888465],[13.28517258,52.59872198],[13.28509074,52.59937776],[13.28579716,52.59925399],[13.28695502,52.60029974],[13.2888108,52.6008029],[13.2892717,52.60113312],[13.28846625,52.60223167],[13.28875493,52.60327043],[13.28848094,52.60339096],[13.28914829,52.60432746],[13.28963227,52.60434771],[13.28551643,52.60728259],[13.28134568,52.61018212],[13.2935132,52.6165614],[13.28544202,52.62218641],[13.28953366,52.62432162],[13.28910219,52.62474095],[13.28839739,52.62613454],[13.28588691,52.62574901],[13.28391458,52.62566874],[13.28123231,52.62516489],[13.27822534,52.62483258],[13.2761478,52.62480488],[13.2736046,52.62557196],[13.26786242,52.62256582],[13.25267901,52.61480938],[13.24851492,52.61265469],[13.25245719,52.6112123],[13.25585755,52.60975461],[13.25950681,52.60851596],[13.26121132,52.60786432],[13.25984143,52.60609694],[13.2599019,52.60592548],[13.26417215,52.60504447],[13.2671657,52.60449194],[13.2688224,52.60406021],[13.27137519,52.6036042],[13.27191714,52.60320772],[13.27316362,52.60109873],[13.27394367,52.59953291],[13.27502637,52.59794732],[13.27290575,52.59719693],[13.27276443,52.59697005],[13.27119715,52.59642078],[13.26983118,52.59616595],[13.26750701,52.59614455],[13.26565911,52.59563479],[13.26291046,52.59377157],[13.26457122,52.59316109],[13.2639324,52.59064292],[13.26394021,52.58880342],[13.26957328,52.58523223],[13.27105757,52.58140037],[13.27873541,52.58189407],[13.27917197,52.58135077],[13.27901148,52.58056488],[13.28313069,52.5807117],[13.28281922,52.58130211],[13.29069807,52.58156736]]]},"properties":{"esb":"1213","bez":"12","bezname":"Reinickendorf"},"id":"schulen_esb.1213"},
{"type":"Feature","geometry":{"type":"Polygon","coordinates":[[[13.29620021,52.54889266],[13.29639631,52.54888872],[13.29693386,52.54935212],[13.3001818,52.5497098],[13.30195952,52.55253017],[13.29921256,52.55316873],[13.30128169,52.55646799],[13.29414194,52.56336327],[13.29353316,52.5658589],[13.29737742,52.566505],[13.29753044,52.56517363],[13.29953542,52.56526007],[13.29946951,52.56559598],[13.30389511,52.56601072],[13.30384943,52.5662056],[13.30702991,52.56648832],[13.30587749,52.56778645],[13.30348952,52.56842159],[13.30020712,52.5697327],[13.29977327,52.56956615],[13.29741685,52.5699038],[13.29504226,52.57010207],[13.29472505,52.56992055],[13.29412202,52.56794543],[13.28903571,52.56847651],[13.28951168,52.56910602],[13.29432611,52.56865054],[13.29480558,52.57019397],[13.29991087,52.56970672],[13.29981853,52.57022319],[13.29644366,52.57399444],[13.29471517,52.57630632],[13.29304657,52.57653438],[13.29081427,52.57659547],[13.29112487,52.57552157],[13.28510576,52.57562478],[13.28497778,52.5759587],[13.28404103,52.57596768],[13.28388591,52.57656483],[13.28119889,52.57629731],[13.2805791,52.57595402],[13.28061482,52.57647624],[13.2799386,52.57674206],[13.27876871,52.5767575],[13.27853506,52.57701652],[13.27726187,52.57703613],[13.27747976,52.57616149],[13.27608561,52.57618523],[13.27611135,52.5766562],[13.27475703,52.57667735],[13.27473775,52.57632232],[13.27319165,52.57634557],[13.27316055,52.57581079],[13.27116006,52.57584434],[13.27101517,52.57606856],[13.27111071,52.57793355],[13.27105757,52.58140037],[13.26208044,52.58141082],[13.25401394,52.57702726],[13.25183932,52.57221801],[13.24860084,52.56700992],[13.24792735,52.56472789],[13.24617422,52.56383979],[13.24309643,52.56334639],[13.24117163,52.56254663],[13.23867902,52.56076005],[13.23577077,52.5604701],[13.23391559,52.56131409],[13.23304319,52.56289731],[13.22945785,52.56229492],[13.23072675,52.56139693],[13.2309103,52.56148291],[13.2331534,52.55997616],[13.23813439,52.55747998],[13.23864389,52.55738909],[13.23894502,52.55701623],[13.24111381,52.55602312],[13.25059024,52.55133298],[13.25298604,52.5504518],[13.25424188,52.55012775],[13.25694349,52.5496788],[13.2583714,52.54957451],[13.26276546,52.54946319],[13.27033202,52.54934512],[13.28339977,52.54909797],[13.29620021,52.54889266]]]},"properties":{"esb":"1214","bez":"12","bezname":"Reinickendorf"},"id":"schulen_esb.1214"},
{"type":"Feature","geometry":{"type":"Polygon","coordinates":[[[13.29471517,52.57630632],[13.29545058,52.57659055],[13.30109815,52.57985932],[13.3024947,52.58052455],[13.30347558,52.5813477],[13.30261997,52.58134177],[13.30058035,52.5830391],[13.30012316,52.58301807],[13.29944327,52.58358055],[13.29975655,52.58371082],[13.29808046,52.58490677],[13.30007503,52.58651547],[13.2994899,52.58663068],[13.29707188,52.58856505],[13.298149,52.58955206],[13.29745402,52.59112636],[13.29809779,52.59146604],[13.29761186,52.59231391],[13.29706417,52.59450777],[13.29674513,52.59474233],[13.29644653,52.59598702],[13.29559865,52.59589659],[13.29493961,52.59679069],[13.29991834,52.59905024],[13.29908655,52.59936607],[13.29869786,52.60003179],[13.2991489,52.60030802],[13.29882467,52.60083913],[13.29823471,52.60078357],[13.29682012,52.60283754],[13.29543852,52.60461031],[13.29859944,52.60570468],[13.29957008,52.60578824],[13.30087514,52.60635888],[13.30027569,52.6065774],[13.29993704,52.60606513],[13.29840951,52.60603485],[13.29796103,52.60619716],[13.29665529,52.60552673],[13.29516987,52.60539498],[13.29493449,52.60470326],[13.29376159,52.60462898],[13.29276908,52.60412564],[13.29325592,52.60376845],[13.29263909,52.60336052],[13.29146881,52.60352886],[13.29162755,52.60303595],[13.29110939,52.60265975],[13.29210711,52.60247206],[13.29137047,52.60190832],[13.28933368,52.6013265],[13.28960619,52.60101186],[13.2888108,52.6008029],[13.28695502,52.60029974],[13.28579716,52.59925399],[13.28509074,52.59937776],[13.28517258,52.59872198],[13.28455293,52.59888465],[13.28352861,52.59851594],[13.28155815,52.59816603],[13.28209516,52.59687444],[13.28176325,52.59610514],[13.28089432,52.59531719],[13.28184458,52.5949569],[13.28058671,52.59408964],[13.28142283,52.59285195],[13.2829287,52.59276287],[13.28379286,52.59226932],[13.28413704,52.59165564],[13.28417312,52.59081371],[13.28326344,52.58996186],[13.28628197,52.58697538],[13.29069807,52.58156736],[13.29425199,52.57708594],[13.29471517,52.57630632]]]},"properties":{"esb":"1215","bez":"12","bezname":"Reinickendorf"},"id":"schulen_esb.1215"},
{"type":"Feature","geometry":{"type":"Polygon","coordinates":[[[13.2736046,52.62557196],[13.27257899,52.6260299],[13.27042942,52.62613669],[13.26828031,52.6260044],[13.26579832,52.62630689],[13.2642313,52.62686197],[13.26342825,52.62717852],[13.26030009,52.62774133],[13.25701331,52.62766372],[13.25568258,52.6275014],[13.25173079,52.62730564],[13.24912867,52.62747351],[13.24799454,52.62729375],[13.24605999,52.62728396],[13.24330522,52.6281872],[13.24156115,52.62817615],[13.24279471,52.62661202],[13.24454694,52.62550786],[13.24864399,52.62253121],[13.24885265,52.62196394],[13.24877341,52.62070558],[13.24902892,52.62035503],[13.25062392,52.61928622],[13.25122153,52.61864199],[13.2514008,52.61787871],[13.25103432,52.61722423],[13.24811649,52.61554706],[13.24766891,52.61454633],[13.24610914,52.6146267],[13.24374425,52.61425423],[13.24419142,52.61325728],[13.24293259,52.61252441],[13.2420043,52.61265709],[13.23989032,52.61247587],[13.23943039,52.61122615],[13.23561566,52.6118912],[13.23132778,52.61131352],[13.23016187,52.60767639],[13.22924605,52.60774162],[13.22906841,52.60681901],[13.22956787,52.60643337],[13.2290927,52.60429749],[13.22469379,52.60465199],[13.22464436,52.60440828],[13.22353655,52.60449169],[13.2235534,52.60474696],[13.21995189,52.60505637],[13.21958436,52.60521506],[13.21837562,52.60424396],[13.21833866,52.60361478],[13.2166897,52.60237434],[13.21619161,52.60181545],[13.21428642,52.60052736],[13.21340819,52.60053329],[13.21081422,52.60170683],[13.20633815,52.60088135],[13.20818913,52.59900524],[13.21129143,52.59681896],[13.21532298,52.59496294],[13.21811679,52.59319239],[13.22066828,52.59462372],[13.2222142,52.59629511],[13.2243266,52.59671658],[13.22612907,52.59649802],[13.22775226,52.59651698],[13.2307983,52.59602306],[13.23119131,52.59646471],[13.23296864,52.59624597],[13.23480823,52.59632396],[13.23952956,52.59695775],[13.24030568,52.5981492],[13.24101774,52.59857298],[13.24457796,52.59902935],[13.24738103,52.59898354],[13.24792586,52.5996413],[13.24780988,52.60076783],[13.25006176,52.60012349],[13.25112895,52.59993817],[13.2545118,52.59975383],[13.25974871,52.59916988],[13.26164271,52.59858082],[13.26444099,52.59839441],[13.26789867,52.59788012],[13.26956478,52.59752929],[13.27206602,52.59719712],[13.27290575,52.59719693],[13.27502637,52.59794732],[13.27394367,52.59953291],[13.27316362,52.60109873],[13.27191714,52.60320772],[13.27137519,52.6036042],[13.2688224,52.60406021],[13.2671657,52.60449194],[13.26417215,52.60504447],[13.2599019,52.60592548],[13.25984143,52.60609694],[13.26121132,52.60786432],[13.25950681,52.60851596],[13.25585755,52.60975461],[13.25245719,52.6112123],[13.24851492,52.61265469],[13.25267901,52.61480938],[13.26786242,52.62256582],[13.2736046,52.62557196]]]},"properties":{"esb":"1217","bez":"12","bezname":"Reinickendorf"},"id":"schulen_esb.1217"},
{"type":"Feature","geometry":{"type":"Polygon","coordinates":[[[13.22789856,52.56382368],[13.22804277,52.56337035],[13.22945785,52.56229492],[13.23304319,52.56289731],[13.23391559,52.56131409],[13.23577077,52.5604701],[13.23867902,52.56076005],[13.24117163,52.56254663],[13.24309643,52.56334639],[13.24617422,52.56383979],[13.24792735,52.56472789],[13.24860084,52.56700992],[13.25183932,52.57221801],[13.25401394,52.57702726],[13.26208044,52.58141082],[13.27105757,52.58140037],[13.26957328,52.58523223],[13.26394021,52.58880342],[13.2639324,52.59064292],[13.26457122,52.59316109],[13.26291046,52.59377157],[13.26565911,52.59563479],[13.26750701,52.59614455],[13.26983118,52.59616595],[13.27119715,52.59642078],[13.27276443,52.59697005],[13.27290575,52.59719693],[13.27206602,52.59719712],[13.26956478,52.59752929],[13.26789867,52.59788012],[13.26444099,52.59839441],[13.26164271,52.59858082],[13.25974871,52.59916988],[13.2545118,52.59975383],[13.25112895,52.59993817],[13.25006176,52.60012349],[13.24780988,52.60076783],[13.24792586,52.5996413],[13.24738103,52.59898354],[13.24457796,52.59902935],[13.24101774,52.59857298],[13.24030568,52.5981492],[13.23952956,52.59695775],[13.23480823,52.59632396],[13.23296864,52.59624597],[13.23119131,52.59646471],[13.2307983,52.59602306],[13.22775226,52.59651698],[13.22612907,52.59649802],[13.2243266,52.59671658],[13.2222142,52.59629511],[13.22066828,52.59462372],[13.21811679,52.59319239],[13.21885629,52.59237717],[13.21925644,52.59139632],[13.21739238,52.58747538],[13.21643209,52.5857107],[13.2153596,52.58475082],[13.21517175,52.5843287],[13.21543453,52.58352352],[13.21721101,52.58239828],[13.2183191,52.58095618],[13.21801805,52.57969703],[13.21796983,52.5785367],[13.21887222,52.5771523],[13.22026018,52.57605083],[13.22205973,52.57493727],[13.22394277,52.57419961],[13.22510444,52.57314225],[13.22533143,52.5712208],[13.22675721,52.56932857],[13.22707783,52.56780644],[13.22823014,52.56677777],[13.22868206,52.56605587],[13.22856956,52.56512449],[13.22789856,52.56382368]]]},"properties":{"esb":"1218","bez":"12","bezname":"Reinickendorf"},"id":"schulen_esb.1218"},
{"type":"Feature","geometry":{"type":"Polygon","coordinates":[[[13.32645561,52.59454817],[13.33177391,52.59698786],[13.33224264,52.5957525],[13.3329793,52.59549372],[13.33206202,52.59980044],[13.33131418,52.60061455],[13.33221618,52.60102298],[13.33190462,52.60126305],[13.33101742,52.60084926],[13.32959237,52.60205707],[13.33085509,52.60260031],[13.33104924,52.60314088],[13.32910628,52.60562078],[13.32861516,52.60534096],[13.32914458,52.60497834],[13.32857409,52.6046498],[13.32802988,52.60501867],[13.32646668,52.60545775],[13.32553671,52.60589483],[13.32436037,52.60738269],[13.323808,52.60785397],[13.316863,52.61199674],[13.31613011,52.61229676],[13.31564839,52.61152446],[13.31482756,52.61111072],[13.31248024,52.61318399],[13.31123183,52.6128985],[13.30973484,52.61207763],[13.30920303,52.61110298],[13.30982336,52.6110624],[13.30962367,52.61050381],[13.31157811,52.60969575],[13.3106049,52.60872172],[13.3104028,52.60808763],[13.30915626,52.60797376],[13.30807942,52.60766444],[13.30779713,52.6079162],[13.3069328,52.60761641],[13.3068231,52.60707154],[13.3058762,52.60676344],[13.30575115,52.60630209],[13.3037674,52.60487594],[13.30329622,52.60471829],[13.30220359,52.60536593],[13.30192933,52.60612543],[13.30087514,52.60635888],[13.29957008,52.60578824],[13.29859944,52.60570468],[13.29543852,52.60461031],[13.29682012,52.60283754],[13.29823471,52.60078357],[13.29882467,52.60083913],[13.2991489,52.60030802],[13.29869786,52.60003179],[13.29908655,52.59936607],[13.29991834,52.59905024],[13.29971703,52.59833616],[13.30021061,52.59745506],[13.30164519,52.59744193],[13.30546971,52.5981533],[13.30512737,52.59875087],[13.30561898,52.59893283],[13.30755853,52.59706799],[13.30849918,52.59780382],[13.30941841,52.59824123],[13.31034554,52.59799298],[13.3110486,52.59811977],[13.31302869,52.59797945],[13.31419354,52.59812811],[13.31502595,52.59874587],[13.31628846,52.59928029],[13.31774591,52.59770248],[13.31711576,52.59748876],[13.31748535,52.59698019],[13.3209407,52.59542102],[13.3216219,52.59529427],[13.32088958,52.59449709],[13.32128553,52.59358239],[13.32210678,52.59347127],[13.32303815,52.59471919],[13.32205043,52.59499882],[13.32259769,52.59609927],[13.32533328,52.59530737],[13.32645561,52.59454817]]]},"properties":{"esb":"1219","bez":"12","bezname":"Reinickendorf"},"id":"schulen_esb.1219"},
{"type":"Feature","geometry":{"type":"Polygon","coordinates":[[[13.36692652,52.62534505],[13.36540029,52.6254711],[13.36460017,52.62517818],[13.36473962,52.62482352],[13.36352058,52.62494663],[13.36266487,52.62481443],[13.36186779,52.62426717],[13.36094058,52.62423994],[13.36054142,52.62382566],[13.35966442,52.62404386],[13.35912272,52.6232743],[13.35800466,52.62331131],[13.35770391,52.62298892],[13.35598238,52.62318629],[13.35493865,52.62361975],[13.3542343,52.6233764],[13.35296144,52.62337077],[13.3513616,52.62275869],[13.35106822,52.62386064],[13.3470827,52.62361586],[13.34397644,52.6237379],[13.34356949,52.62341342],[13.34220049,52.62320346],[13.34152483,52.62333034],[13.34045845,52.62313726],[13.33872643,52.62334425],[13.33668141,52.62264641],[13.33590874,52.6222572],[13.33482443,52.62210266],[13.33420951,52.62175607],[13.33355222,52.62089894],[13.33185336,52.61991431],[13.33035242,52.61958795],[13.32986972,52.61847422],[13.33028223,52.61795314],[13.33140737,52.61750663],[13.33116837,52.6172589],[13.33105307,52.61486463],[13.33218343,52.61406585],[13.33065364,52.61322989],[13.32972729,52.61376856],[13.32830157,52.6134864],[13.32876332,52.6126662],[13.32982447,52.61293306],[13.33012256,52.61273251],[13.33131361,52.61344272],[13.33171706,52.61316245],[13.3310615,52.61251379],[13.33033509,52.61230349],[13.33159696,52.61170006],[13.33247465,52.61070205],[13.33357758,52.61089799],[13.33371041,52.6115678],[13.33244558,52.61239862],[13.33367079,52.61308192],[13.33645136,52.61119622],[13.3376671,52.61152899],[13.3381112,52.61111849],[13.3374501,52.61085358],[13.33860105,52.60980766],[13.33899711,52.60996768],[13.33999699,52.60853676],[13.33937136,52.60827015],[13.34034137,52.60824464],[13.34159178,52.60731845],[13.34419561,52.6057233],[13.34862538,52.60665129],[13.35149277,52.60723401],[13.35225725,52.60725914],[13.36332162,52.60689153],[13.36539749,52.60482924],[13.36759242,52.60306911],[13.36864428,52.60441578],[13.36787433,52.60457406],[13.3677727,52.60504024],[13.3673169,52.60423765],[13.36654101,52.60490095],[13.36593736,52.60464261],[13.36364053,52.60687966],[13.36721975,52.60669343],[13.37543973,52.60652332],[13.3757838,52.6070174],[13.37621072,52.60773812],[13.37635081,52.60932003],[13.37628148,52.61112616],[13.37571583,52.61323678],[13.37522299,52.61422425],[13.37155053,52.61969274],[13.36951708,52.62225577],[13.36790424,52.62407111],[13.36710636,52.62539936],[13.36692652,52.62534505]]]},"properties":{"esb":"1220","bez":"12","bezname":"Reinickendorf"},"id":"schulen_esb.1220"},
{"type":"Feature","geometry":{"type":"Polygon","coordinates":[[[13.323808,52.60785397],[13.32635717,52.60852456],[13.32996185,52.60963987],[13.33170071,52.61009803],[13.33382097,52.61048341],[13.33645136,52.61119622],[13.33367079,52.61308192],[13.33244558,52.61239862],[13.33371041,52.6115678],[13.33357758,52.61089799],[13.33247465,52.61070205],[13.33159696,52.61170006],[13.33033509,52.61230349],[13.3310615,52.61251379],[13.33171706,52.61316245],[13.33131361,52.61344272],[13.33012256,52.61273251],[13.32982447,52.61293306],[13.32876332,52.6126662],[13.32830157,52.6134864],[13.32972729,52.61376856],[13.33065364,52.61322989],[13.33218343,52.61406585],[13.33105307,52.61486463],[13.33116837,52.6172589],[13.33140737,52.61750663],[13.33028223,52.61795314],[13.32986972,52.61847422],[13.33035242,52.61958795],[13.33185336,52.61991431],[13.33355222,52.62089894],[13.33420951,52.62175607],[13.33482443,52.62210266],[13.33590874,52.6222572],[13.33668141,52.62264641],[13.33286131,52.62419166],[13.33254936,52.62402463],[13.32930979,52.62528723],[13.32556479,52.62593019],[13.32383535,52.62637959],[13.31959506,52.62665625],[13.31734949,52.62719498],[13.31498351,52.62762912],[13.31298288,52.62818459],[13.30850533,52.62794799],[13.30498912,52.62752602],[13.30517533,52.62690196],[13.30464859,52.62683763],[13.30448826,52.62594484],[13.30513637,52.62576867],[13.30539487,52.6251538],[13.30488722,52.6249053],[13.3056469,52.6246153],[13.30571752,52.62384355],[13.30523353,52.62359062],[13.30303359,52.62334649],[13.30274856,52.6239505],[13.30140777,52.62374463],[13.30364114,52.62165421],[13.30518636,52.62035088],[13.30459497,52.62005182],[13.30583868,52.61898132],[13.30675951,52.61783624],[13.31100886,52.61413803],[13.31248024,52.61318399],[13.31482756,52.61111072],[13.31564839,52.61152446],[13.31613011,52.61229676],[13.316863,52.61199674],[13.323808,52.60785397]]]},"properties":{"esb":"1221","bez":"12","bezname":"Reinickendorf"},"id":"schulen_esb.1221"},
{"type":"Feature","geometry":{"type":"Polygon","coordinates":[[[13.2888108,52.6008029],[13.28960619,52.60101186],[13.28933368,52.6013265],[13.29137047,52.60190832],[13.29210711,52.60247206],[13.29110939,52.60265975],[13.29162755,52.60303595],[13.29146881,52.60352886],[13.29263909,52.60336052],[13.29325592,52.60376845],[13.29276908,52.60412564],[13.29376159,52.60462898],[13.29493449,52.60470326],[13.29516987,52.60539498],[13.29665529,52.60552673],[13.29796103,52.60619716],[13.29840951,52.60603485],[13.29993704,52.60606513],[13.30027569,52.6065774],[13.30087514,52.60635888],[13.30192933,52.60612543],[13.30220359,52.60536593],[13.30329622,52.60471829],[13.3037674,52.60487594],[13.30575115,52.60630209],[13.3058762,52.60676344],[13.3068231,52.60707154],[13.3069328,52.60761641],[13.30779713,52.6079162],[13.30807942,52.60766444],[13.30915626,52.60797376],[13.3104028,52.60808763],[13.3106049,52.60872172],[13.31157811,52.60969575],[13.30962367,52.61050381],[13.30982336,52.6110624],[13.30920303,52.61110298],[13.30973484,52.61207763],[13.31123183,52.6128985],[13.31248024,52.61318399],[13.31100886,52.61413803],[13.30675951,52.61783624],[13.30583868,52.61898132],[13.30459497,52.62005182],[13.30518636,52.62035088],[13.30364114,52.62165421],[13.30140777,52.62374463],[13.29722611,52.62704548],[13.29464994,52.62673634],[13.29484276,52.62623454],[13.29144988,52.62574871],[13.2926772,52.62320722],[13.29106061,52.62257899],[13.2896695,52.62297673],[13.28989999,52.62373045],[13.28953366,52.62432162],[13.28544202,52.62218641],[13.2935132,52.6165614],[13.28134568,52.61018212],[13.28551643,52.60728259],[13.28963227,52.60434771],[13.28914829,52.60432746],[13.28848094,52.60339096],[13.28875493,52.60327043],[13.28846625,52.60223167],[13.2892717,52.60113312],[13.2888108,52.6008029]]]},"properties":{"esb":"1222","bez":"12","bezname":"Reinickendorf"},"id":"schulen_esb.1222"},
{"type":"Feature","geometry":{"type":"Polygon","coordinates":[[[13.30498912,52.62752602],[13.30262273,52.62719516],[13.3025448,52.62754991],[13.30644683,52.62872875],[13.30881128,52.62913861],[13.30969495,52.62947887],[13.3102804,52.63000974],[13.30968312,52.63009441],[13.31018738,52.63062146],[13.30971254,52.63215687],[13.30618648,52.63647794],[13.30578125,52.63735392],[13.30706202,52.6375461],[13.30680704,52.63868489],[13.30626853,52.63960544],[13.307302,52.63968641],[13.30727236,52.64010599],[13.30822721,52.64023437],[13.3081539,52.64076887],[13.30893929,52.64145215],[13.30903092,52.64267185],[13.30940579,52.64272318],[13.30919456,52.64394476],[13.30843171,52.64381331],[13.30042915,52.65350405],[13.30996948,52.65735094],[13.30863918,52.657998],[13.30883564,52.65821509],[13.30767478,52.65892729],[13.30712735,52.65961956],[13.30252676,52.65920268],[13.30056791,52.65928987],[13.29552377,52.65930014],[13.29367892,52.65935877],[13.29019168,52.65985845],[13.2882592,52.65996797],[13.28774591,52.6598353],[13.28543354,52.6603328],[13.28277303,52.66073938],[13.28190766,52.65275156],[13.28513144,52.652627],[13.2850252,52.65108912],[13.28460334,52.64834166],[13.28383533,52.64111617],[13.28441621,52.64107561],[13.28444733,52.63992724],[13.28515456,52.63769526],[13.2863307,52.63613141],[13.28995863,52.63303158],[13.2901529,52.63312199],[13.29722611,52.62704548],[13.30140777,52.62374463],[13.30274856,52.6239505],[13.30303359,52.62334649],[13.30523353,52.62359062],[13.30571752,52.62384355],[13.3056469,52.6246153],[13.30488722,52.6249053],[13.30539487,52.6251538],[13.30513637,52.62576867],[13.30448826,52.62594484],[13.30464859,52.62683763],[13.30517533,52.62690196],[13.30498912,52.62752602]]]},"properties":{"esb":"1223","bez":"12","bezname":"Reinickendorf"},"id":"schulen_esb.1223"},
{"type":"Feature","geometry":{"type":"Polygon","coordinates":[[[13.28953366,52.62432162],[13.28989999,52.62373045],[13.2896695,52.62297673],[13.29106061,52.62257899],[13.2926772,52.62320722],[13.29144988,52.62574871],[13.29484276,52.62623454],[13.29464994,52.62673634],[13.29722611,52.62704548],[13.2901529,52.63312199],[13.28995863,52.63303158],[13.2863307,52.63613141],[13.28515456,52.63769526],[13.28444733,52.63992724],[13.28441621,52.64107561],[13.28383533,52.64111617],[13.28077651,52.64084757],[13.27646061,52.64020495],[13.27425012,52.64027028],[13.27197548,52.6398636],[13.26960132,52.63971089],[13.26624618,52.64011141],[13.2621524,52.640683],[13.26240964,52.63905815],[13.26377506,52.63739266],[13.26468492,52.6359675],[13.26520193,52.63453036],[13.2642313,52.62686197],[13.26579832,52.62630689],[13.26828031,52.6260044],[13.27042942,52.62613669],[13.27257899,52.6260299],[13.2736046,52.62557196],[13.2761478,52.62480488],[13.27822534,52.62483258],[13.28123231,52.62516489],[13.28391458,52.62566874],[13.28588691,52.62574901],[13.28839739,52.62613454],[13.28910219,52.62474095],[13.28953366,52.62432162]]]},"properties":{"esb":"1224","bez":"12","bezname":"Reinickendorf"},"id":"schulen_esb.1224"},
{"type":"Feature","geometry":{"type":"Polygon","coordinates":[[[13.37190478,52.60137103],[13.37196867,52.60180701],[13.36992447,52.60231483],[13.36937336,52.602665],[13.36860779,52.60233354],[13.36790609,52.60293949],[13.36696241,52.60277927],[13.36606655,52.60351509],[13.36562871,52.60317624],[13.36324858,52.60306673],[13.36320336,52.60347102],[13.3625157,52.60344343],[13.36230139,52.60422837],[13.361211,52.60513985],[13.36003614,52.60536907],[13.36036498,52.6029857],[13.35826974,52.60287673],[13.35818538,52.60339686],[13.35574191,52.60326818],[13.35584985,52.60251806],[13.35548777,52.60211464],[13.35417077,52.60218621],[13.35371335,52.60501769],[13.35217492,52.6048416],[13.35151902,52.60421911],[13.35188419,52.60247119],[13.3529349,52.60155341],[13.35313925,52.6012079],[13.3534826,52.59820722],[13.35303708,52.59817833],[13.35314082,52.59739765],[13.35599957,52.59761809],[13.35593336,52.59806456],[13.35885898,52.59821948],[13.35869542,52.59962999],[13.36055606,52.59945894],[13.36113213,52.59986912],[13.36771261,52.60271081],[13.36936148,52.60141496],[13.36829553,52.5997124],[13.36952009,52.59978426],[13.36930334,52.59949622],[13.36997076,52.59893512],[13.37102251,52.60004362],[13.37190478,52.60137103]]]},"properties":{"esb":"1227","bez":"12","bezname":"Reinickendorf"},"id":"schulen_esb.1227"},
{"type":"Feature","geometry":{"type":"Polygon","coordinates":[[[13.33937882,52.5958374],[13.33785406,52.59655621],[13.33657573,52.59660341],[13.33627221,52.5969756],[13.33824939,52.59860608],[13.34120669,52.60001512],[13.3399245,52.60041283],[13.33945962,52.60018165],[13.33857257,52.6006387],[13.33927404,52.60102682],[13.33895536,52.60168476],[13.34014829,52.60230951],[13.34399642,52.60387431],[13.3442762,52.60420747],[13.34540569,52.60461814],[13.34612852,52.60422355],[13.34531767,52.60384061],[13.34684546,52.6022006],[13.34550969,52.60174272],[13.34572075,52.60104947],[13.34621487,52.60109826],[13.34629152,52.60041997],[13.34728902,52.60045288],[13.3478298,52.59989339],[13.34791182,52.59929419],[13.35028725,52.59940849],[13.3501048,52.60072728],[13.35033471,52.60125082],[13.34966749,52.60337457],[13.34890756,52.60334134],[13.34931431,52.60390933],[13.3494806,52.60492429],[13.34862538,52.60665129],[13.34419561,52.6057233],[13.34159178,52.60731845],[13.34034137,52.60824464],[13.33937136,52.60827015],[13.33999699,52.60853676],[13.33899711,52.60996768],[13.33860105,52.60980766],[13.3374501,52.61085358],[13.3381112,52.61111849],[13.3376671,52.61152899],[13.33645136,52.61119622],[13.33382097,52.61048341],[13.33170071,52.61009803],[13.32996185,52.60963987],[13.32635717,52.60852456],[13.323808,52.60785397],[13.32436037,52.60738269],[13.32553671,52.60589483],[13.32646668,52.60545775],[13.32802988,52.60501867],[13.32857409,52.6046498],[13.32914458,52.60497834],[13.32861516,52.60534096],[13.32910628,52.60562078],[13.33104924,52.60314088],[13.33085509,52.60260031],[13.32959237,52.60205707],[13.33101742,52.60084926],[13.33190462,52.60126305],[13.33221618,52.60102298],[13.33131418,52.60061455],[13.33206202,52.59980044],[13.3329793,52.59549372],[13.33485697,52.59563585],[13.33937882,52.5958374]]]},"properties":{"esb":"1228","bez":"12","bezname":"Reinickendorf"},"id":"schulen_esb.1228"},
{"type":"Feature","geometry":{"type":"Polygon","coordinates":[[[13.33292571,52.57813266],[13.33297175,52.57830801],[13.32689244,52.57811485],[13.3247908,52.57869094],[13.31741366,52.57782178],[13.31553896,52.57779081],[13.31326893,52.5715554],[13.31402273,52.57174791],[13.31464076,52.57340575],[13.3156122,52.5732798],[13.31485284,52.57116418],[13.31373787,52.57094646],[13.31335731,52.5699156],[13.31374786,52.5695437],[13.31306494,52.5691375],[13.31273964,52.56822181],[13.31323235,52.56779087],[13.31441999,52.5677329],[13.3148722,52.5673953],[13.3157368,52.56755214],[13.31616524,52.56869904],[13.31551635,52.56910892],[13.31435219,52.56897196],[13.31402687,52.56950669],[13.31488571,52.56964825],[13.31590186,52.56923664],[13.31646651,52.57094016],[13.31877686,52.57063975],[13.31902289,52.57131168],[13.31948058,52.57124637],[13.31921238,52.57057978],[13.31981057,52.57088058],[13.321535,52.57041864],[13.32179849,52.57134402],[13.32235496,52.57149553],[13.32525916,52.57105902],[13.32562423,52.5720233],[13.32778171,52.57164505],[13.32718419,52.5699379],[13.32945022,52.56962999],[13.32985459,52.56915561],[13.33104279,52.57252402],[13.33292571,52.57813266]]]},"properties":{"esb":"1229","bez":"12","bezname":"Reinickendorf"},"id":"schulen_esb.1229"},
{"type":"Feature","geometry":{"type":"Polygon","coordinates":[[[13.31323235,52.56779087],[13.31273964,52.56822181],[13.31306494,52.5691375],[13.31374786,52.5695437],[13.31335731,52.5699156],[13.31373787,52.57094646],[13.31485284,52.57116418],[13.3156122,52.5732798],[13.31464076,52.57340575],[13.31402273,52.57174791],[13.31326893,52.5715554],[13.31553896,52.57779081],[13.30943466,52.57760477],[13.30742232,52.577842],[13.30377065,52.57893743],[13.30109815,52.57985932],[13.29545058,52.57659055],[13.29471517,52.57630632],[13.29644366,52.57399444],[13.29981853,52.57022319],[13.29991087,52.56970672],[13.29480558,52.57019397],[13.29432611,52.56865054],[13.28951168,52.56910602],[13.28903571,52.56847651],[13.29412202,52.56794543],[13.29472505,52.56992055],[13.29504226,52.57010207],[13.29741685,52.5699038],[13.29977327,52.56956615],[13.30020712,52.5697327],[13.30348952,52.56842159],[13.30587749,52.56778645],[13.30702991,52.56648832],[13.30945346,52.5651927],[13.31073491,52.56479353],[13.3113645,52.56563275],[13.31100223,52.56617636],[13.31159496,52.56722217],[13.31273987,52.56695023],[13.31323235,52.56779087]]]},"properties":{"esb":"1230","bez":"12","bezname":"Reinickendorf"},"id":"schulen_esb.1230"},
{"type":"Feature","geometry":{"type":"Polygon","coordinates":[[[13.36997076,52.59893512],[13.36930334,52.59949622],[13.36952009,52.59978426],[13.36829553,52.5997124],[13.36936148,52.60141496],[13.36771261,52.60271081],[13.36113213,52.59986912],[13.36055606,52.59945894],[13.35869542,52.59962999],[13.35885898,52.59821948],[13.35593336,52.59806456],[13.35599957,52.59761809],[13.35613371,52.5966856],[13.35515265,52.59663214],[13.3555399,52.59557892],[13.36024084,52.59594993],[13.3602106,52.59485352],[13.35948768,52.59482403],[13.35933979,52.59560372],[13.35556313,52.59540194],[13.35658745,52.59537552],[13.35500929,52.59308666],[13.35537787,52.59242431],[13.35902892,52.59261323],[13.36036607,52.59306467],[13.36093665,52.59387832],[13.36087777,52.59434189],[13.36233532,52.59441524],[13.36364825,52.59375137],[13.36784369,52.59724284],[13.36997076,52.59893512]]]},"properties":{"esb":"1232","bez":"12","bezname":"Reinickendorf"},"id":"schulen_esb.1232"},
{"type":"Feature","geometry":{"type":"Polygon","coordinates":[[[13.37543973,52.60652332],[13.36721975,52.60669343],[13.36364053,52.60687966],[13.36593736,52.60464261],[13.36654101,52.60490095],[13.3673169,52.60423765],[13.3677727,52.60504024],[13.36787433,52.60457406],[13.36864428,52.60441578],[13.36759242,52.60306911],[13.36539749,52.60482924],[13.36332162,52.60689153],[13.35225725,52.60725914],[13.35149277,52.60723401],[13.34862538,52.60665129],[13.3494806,52.60492429],[13.34931431,52.60390933],[13.34890756,52.60334134],[13.34966749,52.60337457],[13.35033471,52.60125082],[13.35148397,52.60085809],[13.35227439,52.60096596],[13.3529349,52.60155341],[13.35188419,52.60247119],[13.35151902,52.60421911],[13.35217492,52.6048416],[13.35371335,52.60501769],[13.35417077,52.60218621],[13.35548777,52.60211464],[13.35584985,52.60251806],[13.35574191,52.60326818],[13.35818538,52.60339686],[13.35826974,52.60287673],[13.36036498,52.6029857],[13.36003614,52.60536907],[13.361211,52.60513985],[13.36230139,52.60422837],[13.3625157,52.60344343],[13.36320336,52.60347102],[13.36324858,52.60306673],[13.36562871,52.60317624],[13.36606655,52.60351509],[13.36696241,52.60277927],[13.36790609,52.60293949],[13.36860779,52.60233354],[13.36937336,52.602665],[13.36992447,52.60231483],[13.37196867,52.60180701],[13.37190478,52.60137103],[13.37543973,52.60652332]]]},"properties":{"esb":"1233","bez":"12","bezname":"Reinickendorf"},"id":"schulen_esb.1233"},
{"type":"Feature","geometry":{"type":"Polygon","coordinates":[[[13.24156115,52.62817615],[13.24031284,52.62788272],[13.23867878,52.62779201],[13.23578414,52.62779598],[13.23271345,52.62750543],[13.23039739,52.62738448],[13.22809803,52.62754121],[13.22592571,52.6278547],[13.2258777,52.62825983],[13.22423997,52.62840974],[13.22300434,52.62819525],[13.22054574,52.62831536],[13.22069667,52.62780545],[13.22030018,52.62692342],[13.22025599,52.62611269],[13.21976208,52.62443232],[13.21817928,52.62234202],[13.21676584,52.62015792],[13.21482668,52.61925615],[13.20963182,52.61229683],[13.20688658,52.60913288],[13.20502875,52.60813418],[13.20264772,52.60751819],[13.2019575,52.60714817],[13.20162971,52.6065467],[13.20170343,52.60548746],[13.20232507,52.60424416],[13.20508736,52.60202807],[13.20633815,52.60088135],[13.21081422,52.60170683],[13.21340819,52.60053329],[13.21428642,52.60052736],[13.21619161,52.60181545],[13.2166897,52.60237434],[13.21833866,52.60361478],[13.21837562,52.60424396],[13.21958436,52.60521506],[13.21995189,52.60505637],[13.2235534,52.60474696],[13.22353655,52.60449169],[13.22464436,52.60440828],[13.22469379,52.60465199],[13.2290927,52.60429749],[13.22956787,52.60643337],[13.22906841,52.60681901],[13.22924605,52.60774162],[13.23016187,52.60767639],[13.23132778,52.61131352],[13.23561566,52.6118912],[13.23943039,52.61122615],[13.23989032,52.61247587],[13.2420043,52.61265709],[13.24293259,52.61252441],[13.24419142,52.61325728],[13.24374425,52.61425423],[13.24610914,52.6146267],[13.24766891,52.61454633],[13.24811649,52.61554706],[13.25103432,52.61722423],[13.2514008,52.61787871],[13.25122153,52.61864199],[13.25062392,52.61928622],[13.24902892,52.62035503],[13.24877341,52.62070558],[13.24885265,52.62196394],[13.24864399,52.62253121],[13.24454694,52.62550786],[13.24279471,52.62661202],[13.24156115,52.62817615]]]},"properties":{"esb":"1234","bez":"12","bezname":"Reinickendorf"},"id":"schulen_esb.1234"},
{"type":"Feature","geometry":{"type":"Polygon","coordinates":[[[13.38839666,52.56766844],[13.38927845,52.56824085],[13.38777217,52.56914545],[13.38825855,52.56947534],[13.38307924,52.57233058],[13.38223434,52.57202061],[13.3796828,52.57252305],[13.37891501,52.57345155],[13.37815299,52.5736144],[13.37645447,52.57478985],[13.3735148,52.57477462],[13.37454518,52.57412081],[13.37229806,52.5721974],[13.37170711,52.57261759],[13.37140181,52.57236172],[13.37213369,52.57205416],[13.37003213,52.57024335],[13.36686567,52.57196994],[13.36473809,52.57109716],[13.36440149,52.57139747],[13.36370941,52.57120722],[13.36586801,52.56908669],[13.3660273,52.56958309],[13.36857797,52.57048193],[13.36979919,52.57022757],[13.36898659,52.5699652],[13.36958543,52.56945517],[13.36910092,52.5693319],[13.36872743,52.56989364],[13.36260027,52.56801545],[13.36207093,52.56897582],[13.36163659,52.56885354],[13.36425777,52.56384762],[13.36477129,52.56131637],[13.36452145,52.56117562],[13.36509998,52.55811701],[13.36665492,52.55822557],[13.36993015,52.55992577],[13.370829,52.56053879],[13.37714388,52.5606583],[13.37793325,52.56370188],[13.37858282,52.5661898],[13.3811594,52.56642072],[13.38429647,52.56771134],[13.38790013,52.56730888],[13.38839666,52.56766844]]]},"properties":{"esb":"1263","bez":"12","bezname":"Reinickendorf"},"id":"schulen_esb.1263"},
{"type":"Feature","geometry":{"type":"Polygon","coordinates":[[[13.3478298,52.59989339],[13.34728902,52.60045288],[13.34629152,52.60041997],[13.34621487,52.60109826],[13.34572075,52.60104947],[13.34550969,52.60174272],[13.34684546,52.6022006],[13.34531767,52.60384061],[13.34612852,52.60422355],[13.34540569,52.60461814],[13.3442762,52.60420747],[13.34399642,52.60387431],[13.34014829,52.60230951],[13.33895536,52.60168476],[13.33927404,52.60102682],[13.33857257,52.6006387],[13.33945962,52.60018165],[13.3399245,52.60041283],[13.34120669,52.60001512],[13.33824939,52.59860608],[13.33627221,52.5969756],[13.33657573,52.59660341],[13.33785406,52.59655621],[13.33937882,52.5958374],[13.33930755,52.59635485],[13.33995752,52.59693605],[13.33981515,52.59794578],[13.34055943,52.59787389],[13.3439021,52.59811286],[13.34532706,52.59776129],[13.34586188,52.59790184],[13.34571694,52.59864198],[13.34619354,52.59865839],[13.34628893,52.59966869],[13.3478298,52.59989339]]]},"properties":{"esb":"1290","bez":"12","bezname":"Reinickendorf"},"id":"schulen_esb.1290"}
]}