{"type":"FeatureCollection", "features": [
{"type":"Feature","geometry":{"type":"Polygon","coordinates":[[[400826.929,5814871.126],[400688.955,5814973.577],[400690.811,5814976.013],[400437.652,5815168.018],[400323.432,5815266.313],[400078.926,5815448.977],[399898.376,5815586.948],[399848.954,5815619.506],[399295.253,5816035.807],[399248.962,5816076.472],[399206.496,5816102.705],[399159.208,5816072.088],[399144.646,5816083.454],[399054.074,5816020.925],[398983.258,5815986.367],[398905.436,5815960.12],[398876.411,5815958.767],[398532.182,5815977.454],[398526.612,5815970.138],[398237.431,5815858.177],[398224.015,5815861.808],[398272.874,5815768.336],[398266.523,5815768.702],[398421.515,5815270.395],[398653.332,5814907.234],[399002.892,5814984.306],[399075.894,5814988.875],[399127.871,5814984.085],[399195.005,5814967.246],[399267.765,5814934.123],[399498.258,5814797.07],[399586.813,5814922.943],[399643.451,5814870.062],[399725.46,5814769.473],[399849.509,5814599.142],[399980.391,5814403.773],[400194.563,5814100.522],[400240.446,5814149.825],[400483.215,5814450.888],[400826.929,5814871.126]]]},"properties":{"PLR_ID":"11501341","PLR_NAME":"Karlshorst Süd","BEZ":"11","STAND":"01.01.2021","GROESSE_M2":2294021.723}},
{"type":"Feature","geometry":{"type":"Polygon","coordinates":[[[387795.701331,5807587.15297],[387985.514,5807660.706],[387969.016,5807712.355],[388016.173,5807731.901],[388086.428,5807781.339],[388150.091,5807750.983],[388195.125,5807747.273],[388235.732,5807755.194],[388350.058,5807798.12],[388404.779,5807787.341],[388498.009,5807972.985],[388555.256,5808062.531],[388628.663,5808164.198],[388555.424,5808197.657],[388418.864,5808243.149],[388366.017,5808256.105],[388144.091,5808291.225],[388046.074,5808319.975],[387954.317,5808357.686],[387813.762,5808408.472],[387810.813,5808414.798],[387792.285,5808358.024],[387774.837,5808276.472],[387768.051,5808209.776],[387769.465,5808103.177],[387780.663,5808013.631],[387810.643,5807864.232],[387819.106,5807764.67],[387818.626,5807700.547],[387808.522,5807646.423],[387788.2,5807609.248],[387795.701331,5807587.15297]]]},"properties":{"PLR_ID":"07601340","PLR_NAME":"Tirschenreuther Ring Ost","BEZ":"07","STAND":"01.01.2021","GROESSE_M2":413969.326}},
{"type":"Feature","geometry":{"type":"Polygon","coordinates":[[[396010.552,5819339.57],[395728.233,5819393.144],[395607.07,5819118.247],[395599.439,5819096.125],[395682.115,5819036.131],[395782.235,5818858.294],[395911.297,5818695.66],[396180.286,5819118.991],[396189.193,5819139.986],[396230.956,5819298.042],[396010.552,5819339.57]]]},"properties":{"PLR_ID":"02500831","PLR_NAME":"Wismarplatz","BEZ":"02","STAND":"01.01.2021","GROESSE_M2":248988.291}},
{"type":"Feature","geometry":{"type":"Polygon","coordinates":[[[387367.428,5828619.763],[387527.082,5828626.192],[387517.302,5828838.119],[387596.608,5828840.34],[387885.370001,5828865.718332],[388072.579,5828688.416],[388086.954,5828662.039],[388092.71,5828657.109],[388227.509,5828661.232],[388227.285,5828665.236],[388499.295,5828682.554],[388498.747,5828689.489],[388649.621,5828699.069],[388628.741,5829040.129],[388642.432,5829077.983],[388666.951,5829102.998],[389063.524,5829371.904],[389094.502,5829407.715],[389103.425,5829454.217],[389096.64,5829482.768],[389066.112,5829531.309],[389113.118,5829642.201],[389141.576,5829648.933],[389190.119,5829637.527],[389262.749,5829674.796],[389192.525,5829798.234],[388882.924,5829824.269],[388882.549,5829819.817],[388422.816,5829857.831],[388370.386,5829856.05],[388166.297,5829792.842],[388208.21,5829662.01],[388218.566,5829604.582],[388217.107,5829546.221],[388205.524,5829492.746],[388172.281,5829423.039],[388138.591,5829380.353],[388090.758,5829340.585],[387924.362,5829254.061],[387744.985,5829154.885],[387642.187,5829073.749],[387558.06,5828997.817],[387513.599,5828947.417],[387507.581,5828962.228],[387452.142,5828917.066],[387313.941,5828738.855],[387335.651,5828690.389],[387315.456,5828670.062],[387367.428,5828619.763]]]},"properties":{"PLR_ID":"12601134","PLR_NAME":"Märkisches Zentrum","BEZ":"12","STAND":"01.01.2021","GROESSE_M2":1127855.841}},
{"type":"Feature","geometry":{"type":"Polygon","coordinates":[[[391807.174,5805331.9],[391640.956,5805209.108],[391638.043,5805213.173],[391153.367,5804863.227],[391143.423,5804874.565],[391050.423,5804807.306],[391060.833,5804777.779],[391035.974,5804767.663],[391116.753,5804529.074],[391200.322,5804275.014],[391222.560839,5804195.914965],[391409.124,5804161.644],[391576.494,5804147.556],[391706.651,5804120.98],[391759.883,5804114.215],[391961.131,5804142.338],[391946.92,5804090.62],[392322.117,5804062.11],[392320.394,5804095.119],[392301.864,5804140.317],[392290.468,5804139.924],[392195.118,5804374.404],[392161.504,5804433.508],[392082.5,5804631.511],[392009.86,5804805.466],[392013.072,5804806.262],[391815.486,5805294.646],[391807.174,5805331.9]]]},"properties":{"PLR_ID":"07601547","PLR_NAME":"Horstwalder Straße","BEZ":"07","STAND":"01.01.2021","GROESSE_M2":941433.954}},
{"type":"Feature","geometry":{"type":"Polygon","coordinates":[[[396186.414,5810230.453],[396191.009,5810220.717],[396155.559,5810129.053],[396085.93,5809999.603],[396007.953,5809894.119],[395947.786,5809829.404],[395621.616,5809525.333],[395549.623,5809445.288],[395518.715,5809398.533],[395471.434,5809299.747],[395366.247,5809037.311],[395388.971,5809028.199],[395362.182,5808976.033],[395336.201,5808951.09],[395517.44,5808984.013],[395818.946,5808861.046],[396022.643,5808839.816],[396021.624,5808832.477],[396200.45,5808813.601],[396201.276,5808821.886],[396201.794,5808845.423],[396167.548,5808938.867],[396165.582,5808981.487],[396177.858,5809190.245],[396186.576,5809272.182],[396226.846,5809470.898],[396225.19,5809511.045],[396230.507,5809515.703],[396240.835,5809675.082],[396229.9,5809752.613],[396245.917,5809762.058],[396219.574,5809806.514],[396424.147,5809929.234],[396305.813,5810068.829],[396282.316,5810046.869],[396247.905,5810084.049],[396303.505,5810135.797],[396186.414,5810230.453]]]},"properties":{"PLR_ID":"08301036","PLR_NAME":"Gropiusstadt Mitte","BEZ":"08","STAND":"01.01.2021","GROESSE_M2":695018.485}},
{"type":"Feature","geometry":{"type":"Polygon","coordinates":[[[374524.360369,5822416.135077],[374455.971,5822429.463],[374304.05,5822450.938],[374271.247,5822448.96],[374175.730426,5822464.815204],[374049.83,5822492.742],[373983.874,5822490.334],[373880.447,5822498.172],[373487.663,5822555.164],[373162.525,5822601.03],[373165.573,5822565.734],[373188.799,5822566.092],[373180.846,5822542.812],[373185.112,5822471.809],[373209.763,5822351.402],[373215.696,5822347.336],[373403.358,5822390.168],[373471.199,5822385.452],[373507.932,5822363.058],[373592.453,5822276.332],[373714.457,5822184.83],[373735.881,5822143.294],[373737.55,5822110.298],[373723.762,5822000.565],[373724.71,5821969.605],[373746.779,5821923.364],[373777.242,5821899.197],[373811.532,5821888.784],[373891.121,5821894.655],[373932.964,5821906.228],[374368.151,5821921.882],[374373.656,5821927.56],[374808.276,5821939.629],[374812.702,5821944.705],[374781.435843,5822228.468525],[374947.422,5822250.603],[374967.916,5822261.897],[374965.036,5822329.688],[374985.185,5822326.671],[375001.959,5822389.962],[374908.641,5822381.136],[374809.425,5822378.703],[374524.360369,5822416.135077]]]},"properties":{"PLR_ID":"05200421","PLR_NAME":"Spandauer Straße","BEZ":"05","STAND":"01.01.2021","GROESSE_M2":720067.571}},
{"type":"Feature","geometry":{"type":"Polygon","coordinates":[[[373983.874,5822490.334],[373999.44,5822566.294],[374041.339,5822692.33],[374119.193,5823337.072],[374124.638,5823374.83],[374115.808,5823378.744],[373663.021,5823581.023],[373268.672,5823761.51],[373258.218,5823770.1],[373082.216,5823847.297],[373051.098262,5823835.192821],[372963.248,5823552.411],[372900.392,5823363.847],[372872.4,5823249.093],[372849.234,5823174.954],[372891.966,5823145.93],[372792.493,5822704.04],[372783.985,5822654.082],[373162.525,5822601.03],[373487.663,5822555.164],[373880.447,5822498.172],[373983.874,5822490.334]]]},"properties":{"PLR_ID":"05200418","PLR_NAME":"Isenburger Weg","BEZ":"05","STAND":"01.01.2021","GROESSE_M2":1284627.903}},
{"type":"Feature","geometry":{"type":"Polygon","coordinates":[[[399206.496,5816102.705],[399184.705,5816118.888],[399206.63,5816125.541],[399067.524,5816284.694],[398944.25,5816415.451],[398841.589,5816505.933],[398563.713,5816714.802],[398541.261,5816723.655],[398553.675,5816763.375],[398382.122,5816829.631],[398265.121,5816882.591],[398158.843,5816941.566],[398155.157,5816976.983],[398092.62,5816974.202],[398010.299571,5817052.887153],[397932.051,5817111.994],[397716.383,5817241.83],[397531.768,5817364.92],[397355.911,5817477.865],[397083.989,5817674.906],[396977.267,5817747.55],[396750.181,5817885.036],[396672.726,5817916.787],[396628.846,5817919.011],[396519.569,5817953.766],[396512.666,5817933.941],[396440.761,5817941.738],[396409.738,5817963.506],[396136.762,5818048.6],[396090.572,5817877.495],[396066.256,5817771.418],[396044.386,5817715.569],[396348.806,5817635.566],[397082.759,5816804.192],[397136.3,5816797.03],[397192.198,5816750.887],[397212.6,5816705.851],[397371.695,5816601.207],[397394.021,5816529.56],[397571.021,5816416.491],[397518.567,5816326.127],[397552.356,5816291.193],[397652.777,5816142.34],[397709.253,5815988.893],[397744.137,5815840.409],[397911.831,5815857.531],[397994.003,5815853.318],[398173.002,5815784.751],[398266.523,5815768.702],[398272.874,5815768.336],[398224.015,5815861.808],[398237.431,5815858.177],[398526.612,5815970.138],[398532.182,5815977.454],[398876.411,5815958.767],[398905.436,5815960.12],[398983.258,5815986.367],[399054.074,5816020.925],[399144.646,5816083.454],[399159.208,5816072.088],[399206.496,5816102.705]]]},"properties":{"PLR_ID":"11501238","PLR_NAME":"Rummelsburg","BEZ":"11","STAND":"01.01.2021","GROESSE_M2":2401515.387}},
{"type":"Feature","geometry":{"type":"Polygon","coordinates":[[[388209.74,5815623.125],[388240.226,5815583.762],[388458.152,5815320.818],[388631.652,5815176.43],[388708.197,5815120.199],[388824.275,5815073.736],[388876.859,5815037.107],[388971.43,5814959.964],[388988.458,5814984.348],[388997.239,5815054.098],[388942.447,5815215.238],[388900.718,5815326.122],[388893.121849,5815323.14541],[388859.554,5815385.034],[388786.827,5815475.507],[388676.988,5815562.407],[388635.168,5815586.462],[388521.279,5815631.304],[388389.342,5815654.061],[388308.528,5815654.041],[388209.74,5815623.125]]]},"properties":{"PLR_ID":"07200412","PLR_NAME":"Schöneberger Linse","BEZ":"07","STAND":"01.01.2021","GROESSE_M2":231294.249}},
{"type":"Feature","geometry":{"type":"Polygon","coordinates":[[[388847.076,5817874.735],[388511.721,5818041.169],[388252.054,5818152.254],[388242.012,5818142.443],[388249.21,5818059.158],[388258.825,5818060.783],[388272.363,5817980.691],[388293.687,5817929.6],[388339.151,5817877.41],[388326.56,5817819.443],[388305.709,5817817.75],[388291.233,5817770.559],[388351.758,5817315.017],[388713.721,5817263.862],[388726.663,5817447.046],[388847.076,5817874.735]]]},"properties":{"PLR_ID":"07100103","PLR_NAME":"Frobenstraße","BEZ":"07","STAND":"01.01.2021","GROESSE_M2":342043.539}},
{"type":"Feature","geometry":{"type":"Polygon","coordinates":[[[389475.323,5828740.79],[389453.506,5828720.397],[389204.964,5828395.326],[388983.855,5828109.929],[389325.202,5828222.43],[389663.204,5828290.48],[389803.711187,5828324.197145],[389790.728,5828274.47],[389749.544,5828162.243],[389680.074,5828027.188],[389690.553,5828010.804],[390525.449,5828034.056],[390577.345,5828038.568],[390826.693,5828042.588],[390867.987,5828165.368],[390913.087,5828341.203],[390976.617092,5828533.78494],[390756.744,5828648.384],[390734.415,5828656.271],[390587.757,5828762.011],[390681.847,5828817.949],[390693.213698,5828834.747609],[390677.755,5828858.039],[390504.995,5828992.866],[390492.03,5829059.212],[390513.615,5829127.765],[390569.283,5829253.287],[390570.533,5829343.673],[390474.427,5829410.325],[390474.648,5829441.914],[390496.186,5829476.64],[390530.793,5829494.852],[390551.409038,5829537.754934],[390237.385,5829702.517],[390143.632,5829740.477],[390036.602,5829762.691],[390015.32,5829794.881],[389990.688,5829740.615],[389906.548,5829546.583],[389720.786,5829134.624],[389675.17,5829026.501],[389613.57,5828920.243],[389475.323,5828740.79]]]},"properties":{"PLR_ID":"03400618","PLR_NAME":"Rosenthal","BEZ":"03","STAND":"01.01.2021","GROESSE_M2":1798385.975}},
{"type":"Feature","geometry":{"type":"Polygon","coordinates":[[[405476.741,5820677.412],[405510.149,5820765.057],[405540.002073,5820760.117853],[405538.497,5820781.738],[405579.339,5820840.107],[405585.84,5820876.226],[405665.435,5821077.853],[405673.243,5821081.479],[405720.174,5821212.36],[405659.618,5821228.533],[405514.883,5821287.302],[405505.480164,5821272.298895],[405474.909,5821284.048],[405435.735,5821335.17],[405409.638466,5821396.420109],[405446.092,5821412.196],[405365.962,5821608.721],[405327.935,5821592.778],[405321.184,5821609.588],[405143.281,5821533.582],[405097.982,5821516.785],[404849.82,5821409.338],[404792.239,5821380.477],[404812.068,5821335.05],[404729.617,5821295.372],[404718.555,5821278.507],[404793.021,5821268.165],[404792.67,5821232.653],[404814.78,5821227.671],[404935.892,5821032.071],[404982.046,5820969.11],[405014.711,5820906.052],[404983.699,5820786.886],[404981.75,5820778.109],[405079.326,5820762.985],[405083.733,5820780.189],[405170.244,5820758.959],[405476.741,5820677.412]]]},"properties":{"PLR_ID":"10200526","PLR_NAME":"Boulevard Kastanienallee","BEZ":"10","STAND":"01.01.2021","GROESSE_M2":526608.425}},
{"type":"Feature","geometry":{"type":"Polygon","coordinates":[[[386507.737,5814134.861],[386742.139138,5814486.044406],[386713.831,5814504.595],[386481.69,5814752.509],[386437.679,5814749.676],[386406.725,5814787.732],[386203.518,5814794.603],[386178.562,5814771.326],[386143.94,5814776.404],[386128.212,5814797.695],[385904.12,5814804.714],[385898.237,5814797.156],[385894.668,5814724.618],[385919.491,5814670.671],[385888.484,5814599.155],[385874.066,5814306.187],[385942.615,5814302.664],[386403.423,5814018.023],[386422.977,5813998.853],[386507.737,5814134.861]]]},"properties":{"PLR_ID":"07300516","PLR_NAME":"Odenwaldstraße","BEZ":"07","STAND":"01.01.2021","GROESSE_M2":458716.636}},
{"type":"Feature","geometry":{"type":"Polygon","coordinates":[[[401169.509,5825003.225],[401122.85,5824994.614],[401024.397,5824875.701],[400756.834,5824544.189],[400619.298,5824378.705],[400387.888036,5824151.074036],[400289.734,5824055.212],[400082.396455,5823878.98315],[400034.756,5823839.098],[400025.172,5823826.769],[400086.534,5823677.549],[400126.327,5823549.13],[400160.838,5823401.733],[400189.84,5823255.946],[400185.384,5823249.821],[400232.972,5823035.078],[400296.853,5822722.019],[400315.94,5822613.859],[400343.847,5822510.569],[400352.25,5822507.999],[400352.447,5822439.979],[400376.541,5822308.295],[400399.645,5822224.22],[400432.946,5822061.423],[400457.361,5822037.219],[400410.368,5822022.482],[400399.941,5821993.43],[400410.187,5821958.658],[400644.491,5822034.768],[400718.251,5822065.667],[400865.602,5822105.924],[400932.1,5822173.441],[400954.671,5822214.047],[401003.18,5822336.151],[401057.702,5822429.044],[401160.293,5822618.486],[401247.775,5822767.176],[401291.487,5822834.632],[401402.925,5823028.532],[401551.866469,5823312.089553],[401711.138,5823601.347],[401869.594,5823882.353],[401965.395457,5824058.079692],[402022.13,5824156.885],[402103.434,5824317.797],[402195.574,5824488.274],[402242.385,5824567.96],[402248.64,5824601.144],[402220.189,5824608.255],[402137.243,5824659.195],[401969.756,5824751.198],[402009.21,5824807.79],[401973.031,5824820.257],[401862.782,5824883.269],[401692.62,5824972.539],[401648.489,5824972.259],[401605.648,5824923.377],[401362.925,5825092.853],[401357.734422,5825093.19364],[401308.858,5825058.026],[401212.857,5825012.369],[401169.509,5825003.225]]]},"properties":{"PLR_ID":"10100205","PLR_NAME":"Gewerbegebiet Bitterfelder Straße","BEZ":"10","STAND":"01.01.2021","GROESSE_M2":3601314.587}},
{"type":"Feature","geometry":{"type":"Polygon","coordinates":[[[393565.472,5817715.26],[393953.156,5817799.365],[393915.24,5817849.235],[393224.843,5818335.463],[393092.846,5818034.602],[393063.239,5818008.847],[393037.522,5818007.846],[392981.755,5817881.048],[392997.261,5817838.837],[392988.973,5817822.096],[392949.079,5817806.456],[392920.532,5817741.845],[392916.54,5817704.354],[393108.655,5817704.99],[393181.241,5817664.603],[393202.417,5817702.857],[393290.857,5817713.697],[393414.582,5817722.082],[393461.505449,5817693.243898],[393514.672,5817704.017],[393565.472,5817715.26]]]},"properties":{"PLR_ID":"02300315","PLR_NAME":"Lausitzer Platz","BEZ":"02","STAND":"01.01.2021","GROESSE_M2":350907.658}},
{"type":"Feature","geometry":{"type":"Polygon","coordinates":[[[392322.117,5804062.11],[392502.386,5804048.376],[392589.853,5804255.249],[392834.835,5804793.716],[392977.924,5805110.869],[392976.849,5805183.564],[392950.76,5805340.89],[392929.809,5805422.047],[392390.393,5805383.319],[392375.876417,5805343.934489],[392346.375,5805359.996],[392307.556,5805360.464],[391878.495,5805343.315],[391807.174,5805331.9],[391815.486,5805294.646],[392013.072,5804806.262],[392009.86,5804805.466],[392082.5,5804631.511],[392161.504,5804433.508],[392195.118,5804374.404],[392290.468,5804139.924],[392301.864,5804140.317],[392320.394,5804095.119],[392322.117,5804062.11]]]},"properties":{"PLR_ID":"07601548","PLR_NAME":"Wittelsbacherstraße","BEZ":"07","STAND":"01.01.2021","GROESSE_M2":968261.882}},
{"type":"Feature","geometry":{"type":"Polygon","coordinates":[[[402576.371906,5822220.242539],[402511.492,5822261.016],[402310.656,5822261.704],[402305.544,5822321.351],[402281.578,5822354.677],[402203.631,5822394.512],[402190.921,5822291.296],[402096.1,5822160.195],[402083.697,5822151.86],[401876.306,5821863.794],[401798.64626,5821887.481917],[401573.293,5821446.831],[401563.246,5821424.06],[401629.034,5821421.115],[401762.909726,5821430.355856],[401765.785242,5821385.543051],[401846.135,5821382.704],[401850.761,5821391.588],[402097.476,5821401.459],[402154.946114,5821437.903239],[402214.965,5821543.28],[402576.371906,5822220.242539]]]},"properties":{"PLR_ID":"10100314","PLR_NAME":"Auersbergstraße","BEZ":"10","STAND":"01.01.2021","GROESSE_M2":470905.654}},
{"type":"Feature","geometry":{"type":"Polygon","coordinates":[[[392501.464,5807836.578],[392508.568,5807870.53],[392422.032,5807900.362],[392406.23,5807907.011],[392145.084,5808081.358],[391957.952,5808177.295],[391854.037,5808207.647],[391753.531,5808215.305],[391691.63,5808212.362],[391585.392,5808196.201],[391346.072,5808143.103],[391569.279,5807451.18],[391581.355,5807384.676],[391634.272,5807221.025],[391595.575,5807203.291],[391601.732,5806066.95],[391614.313,5806050.193],[391747.061,5806064.87],[391871.172,5806090.231],[391875.974,5806096.109],[391978.171,5806100.637],[392263.953,5806119.338],[392264.829,5806124.742],[392750.192,5806156.739],[392576.594,5806836.247],[392414.671,5807492.867],[392407.938,5807587.926],[392424.223,5807734.614],[392444.109,5807815.02],[392501.464,5807836.578]]]},"properties":{"PLR_ID":"07601443","PLR_NAME":"Töpchiner Weg","BEZ":"07","STAND":"01.01.2021","GROESSE_M2":1986689.085}},
{"type":"Feature","geometry":{"type":"Polygon","coordinates":[[[394738.36,5823026.441],[394710.277449,5823050.348637],[394694.543,5823031.932],[394408.647,5823204.265],[394289.826,5823256.672],[393820.911,5823470.201],[393706.082,5823499.694],[393557.073,5823566.794],[393550.127,5823543.488],[393396.045,5823031.109],[393330.571,5822778.134],[393339.342,5822771.82],[393324.343,5822724.108],[393567.608,5822582.52],[393627.929,5822537.156],[393738.86,5822468.891],[393791.181,5822412.92],[393852.116,5822371.464],[394015.154,5822271.19],[394063.238,5822335.179],[394070.724,5822341.336],[394376.456739,5822753.234402],[394438.211,5822813.586],[394738.36,5823026.441]]]},"properties":{"PLR_ID":"03601245","PLR_NAME":"Ostseestraße","BEZ":"03","STAND":"01.01.2021","GROESSE_M2":966047.252}},
{"type":"Feature","geometry":{"type":"Polygon","coordinates":[[[395911.297,5818695.66],[396053.665,5818517.215],[396160.828,5818439.892],[396208.474,5818365.526],[396233.117,5818321.612],[396274.315,5818387.662],[396347.686,5818470.172],[396349.724,5818494.136],[396389.731,5818517.432],[396366.991,5818540.435],[396429.979,5818648.48],[396532.557,5818815.966],[396561.774,5818884.701],[396591.946,5818904.508],[396555.036,5819196.628],[396542.735,5819238.518],[396230.956,5819298.042],[396189.193,5819139.986],[396180.286,5819118.991],[395911.297,5818695.66]]]},"properties":{"PLR_ID":"02500832","PLR_NAME":"Traveplatz","BEZ":"02","STAND":"01.01.2021","GROESSE_M2":369567.495}},
{"type":"Feature","geometry":{"type":"Polygon","coordinates":[[[404804.87,5820318.329],[404682.375,5820346.622],[404641.966,5820320.919],[404624.490376,5820334.911705],[404390.488,5820387.161],[404355.545,5820387.393],[404338.034,5820369.612],[404300.074237,5820379.100945],[404288.453,5820302.744],[404283.576,5820191.991],[404230.586,5820195.768],[404228.245,5820116.577],[404232.416,5820022.755],[404242.382,5819999.774],[404246.279,5819909.144],[404236.357,5819908.724],[404240.59,5819816.655],[404260.214903,5819671.027979],[404269.435694,5819652.669573],[404278.182,5819528.733],[404273.734,5819516.385],[404337.53,5819563.228],[404359.381,5819510.101],[404622.751,5819581.433],[404644.183,5819610.311],[404804.87,5820318.329]]]},"properties":{"PLR_ID":"10200630","PLR_NAME":"Cecilienplatz","BEZ":"10","STAND":"01.01.2021","GROESSE_M2":377288.218}},
{"type":"Feature","geometry":{"type":"Polygon","coordinates":[[[391710.821,5818713.293],[391633.292,5818635.724],[391560.846,5818570.968],[391521.359596,5818521.521389],[391744.478,5818415.198],[391635.561,5818220.356],[392329.704,5817866.294],[392339.236859,5817886.540157],[392380.724,5817975.586],[392396.312,5818027.092],[392368.143,5818041.166],[392431.63,5818178.567],[392396.432,5818319.17],[392393.861,5818354],[392355.808,5818283.27],[392204.081,5818370.519],[392184.7,5818381.987],[392084.477,5818610.574],[391950.896,5818530.561],[391906.697,5818583.558],[391769.615,5818760.501],[391710.821,5818713.293]]]},"properties":{"PLR_ID":"02100104","PLR_NAME":"Moritzplatz","BEZ":"02","STAND":"01.01.2021","GROESSE_M2":380547.712}},
{"type":"Feature","geometry":{"type":"Polygon","coordinates":[[[392120.883,5821053.504],[392171.652,5821150.141],[392211.189,5821200.372],[392315.498,5821309.205],[392326.458,5821389.807],[392364.739,5821548.381],[392339.205,5821791.259],[392340.24,5821837.572],[392343.316,5821862.085],[392340.286,5822051.952],[392332.593,5822085.178],[392334.089,5822224.493],[392338.86,5822224.569],[392343.551,5822383.751],[392291.667,5822388.609],[392058.419,5822427.164],[391831.349,5822362.379],[391774.528,5822342.436],[391808.845,5822317.914],[391859.947,5822130.506],[391983.984,5821702.259],[392041.724,5821662.942],[391906.321,5821443.278],[391872.978,5821269.718],[391879.016,5821250.048],[391842.745,5821146.236],[392018.265,5821093.683],[392120.883,5821053.504]]]},"properties":{"PLR_ID":"03701554","PLR_NAME":"Teutoburger Platz","BEZ":"03","STAND":"01.01.2021","GROESSE_M2":548486.697}},
{"type":"Feature","geometry":{"type":"Polygon","coordinates":[[[395479.206,5823340.911],[395750.801,5823430.778],[395846.982,5823477.322],[395971.011,5823565.387],[396003.213,5823536.574],[396043.484,5823580.049],[396084.603,5823647.032],[396121.927,5823755.187],[396124.832,5823880.54],[396108.363,5824012.811],[396073.272,5824133.686],[396013.559965,5824134.869305],[395426.715,5824557.473],[395280.55,5824371.501],[395252.463,5824343.91],[395094.166,5824207.807],[394607.536,5823784.176],[394808.863,5823689.069],[394800.951,5823672.365],[394821.435,5823612.961],[394846.02,5823610.949],[394880.86,5823634.735],[395481.914,5823352.251],[395479.206,5823340.911]]]},"properties":{"PLR_ID":"03500933","PLR_NAME":"Weißer See","BEZ":"03","STAND":"01.01.2021","GROESSE_M2":1055229.992}},
{"type":"Feature","geometry":{"type":"Polygon","coordinates":[[[388351.758,5817315.017],[388148.516,5817343.644],[388100.428,5817342.508],[387721.268,5817293.841],[387665.886,5817178.29],[387667.39,5817124.449],[387649.763,5816745.21],[387708.69,5816743.711],[388413.864,5816843.184],[388661.977,5816888.744],[388670.117,5816894.172],[388699.982,5817016.223],[388702.456,5817106.456],[388713.721,5817263.862],[388351.758,5817315.017]]]},"properties":{"PLR_ID":"07100204","PLR_NAME":"Barbarossaplatz","BEZ":"07","STAND":"01.01.2021","GROESSE_M2":515151.482}},
{"type":"Feature","geometry":{"type":"Polygon","coordinates":[[[374808.276,5821939.629],[374926.485,5821942.898],[375445.501,5821962.506],[375466.362,5821904.195],[375513.892,5821807.714],[375635.789,5821706.748],[375634.76,5821646.441],[375461.353,5821637.592],[375387.654,5821646.986],[375310.687,5821617.083],[375227.748,5821564.514],[375088.435,5821507.536],[375035.994,5821490.005],[374936.151,5821471.124],[374843.543,5821466.756],[374793.718,5821255.397],[374816.541,5821227.345],[374837.056,5821155.06],[374824.761,5821120.497],[374895.71546,5821095.383865],[375019.351,5821053.311],[375123.145,5821047.017],[375226.58,5821068.579],[375556.816,5821141.934],[375697.378,5821175.364],[375751.232,5821196.248],[375843.692,5821249.166],[375909.82,5821273.232],[376006.829,5821263.289],[376065.292,5821236.557],[376108.99,5821202.035],[376166.896,5821144.717],[376222.708,5821103.478],[376353.381,5821041.958],[376418.529,5821059.63],[376662.34,5821144.004],[376485.349,5821661.372],[376482.649,5821682.912],[376508.115,5821960.014],[376589.194,5821967.499],[376590.479,5821978.734],[376667.826,5821980.59],[376678.385,5822007.897],[376691.14,5822146.854],[376707.958,5822214.096],[376712.08,5822294.683],[376703.534,5822340.053],[376673.552,5822349.353],[376344.693,5822448.481],[376318.066,5822449.007],[376264.928,5822476.9],[376167.475,5822502.597],[375738.777,5822632.992],[375669.146,5822661.496],[375587.645085,5822705.300364],[375335.885,5822816.535],[375053.553,5822949.264],[375039.29,5822965.473],[374933.196,5823012.305],[374926.071,5823010.392],[374751.292,5823091.977],[374724.928,5823088.084],[374617.789,5823137.224],[374524.360369,5822416.135077],[374809.425,5822378.703],[374908.641,5822381.136],[375001.959,5822389.962],[374985.185,5822326.671],[374965.036,5822329.688],[374967.916,5822261.897],[374947.422,5822250.603],[374781.435843,5822228.468525],[374812.702,5821944.705],[374808.276,5821939.629]]]},"properties":{"PLR_ID":"05200420","PLR_NAME":"Staakener Straße","BEZ":"05","STAND":"01.01.2021","GROESSE_M2":2627506.883}},
{"type":"Feature","geometry":{"type":"Polygon","coordinates":[[[394068.392,5815737.881],[394087.782,5815765.82],[394387.114,5816119.127],[394184.530725,5816295.372696],[394140.438,5816342.334],[394118.312,5816377.372],[394097.662,5816433.777],[394054.974,5816646.085],[394028.523,5816646.988],[393965.279,5816727.943],[393774.884,5816832.298],[393764.262,5816809.298],[393672.062,5816661.076],[393429.866,5816270.996],[393408.658,5816244.251],[393624.475,5816112.579],[394068.392,5815737.881]]]},"properties":{"PLR_ID":"08100312","PLR_NAME":"Weichselplatz","BEZ":"08","STAND":"01.01.2021","GROESSE_M2":515944.623}},
{"type":"Feature","geometry":{"type":"Polygon","coordinates":[[[403351.907,5825124.678],[403197.339,5825204.277],[402981.396,5825325.49],[402970.537,5825336.789],[402753.495245,5825459.361248],[402656.747,5825279.265],[402577.752,5825139.88],[402490.737,5824999.462],[402277.841,5824638.654],[402268.001,5824636.501],[402396.107,5824562.034],[402531.572,5824498.003],[402528.63,5824489.384],[402599.93,5824451.986],[402748.462,5824413.692],[402849.693,5824397.828],[403112.694,5824375.608],[403322.119,5824347.04],[403392.043,5824316.689],[403420.276,5824338.895],[403495.848,5824430.586],[403436.353,5824452.735],[403390.746,5824448.229],[403299.009,5824426.779],[403261.931,5824427.193],[403063.138,5824450.198],[403041.189,5824447.338],[403060.903,5824578.196],[403085.76,5824636.414],[403149.459533,5824749.888839],[403141.796,5824754.202],[403351.907,5825124.678]]]},"properties":{"PLR_ID":"10100103","PLR_NAME":"Wittenberger Straße","BEZ":"10","STAND":"01.01.2021","GROESSE_M2":686657.51}},
{"type":"Feature","geometry":{"type":"Polygon","coordinates":[[[394015.154,5822271.19],[393977.398,5822216.241],[393682.421,5821819.215],[393724.141,5821793.056],[394253.002,5821357.5],[394273.412,5821329.958],[394636.932976,5821694.279387],[394754.333348,5821803.512809],[394699.712,5821882.328],[394611.22319,5821959.540924],[394546.798329,5822005.256753],[394323.194,5822146.483],[394326.62,5822151.711],[394243.411,5822207.391],[394135.438013,5822293.350982],[394131.547,5822287.742],[394063.238,5822335.179],[394015.154,5822271.19]]]},"properties":{"PLR_ID":"03601451","PLR_NAME":"Anton-Saefkow-Park","BEZ":"03","STAND":"01.01.2021","GROESSE_M2":546889.645}},
{"type":"Feature","geometry":{"type":"Polygon","coordinates":[[[376252.389879,5809146.203853],[376036.879,5809214.093],[375909.456,5809144.207],[375856.505,5809101.936],[375846.342,5809068.63],[375858.145,5808959.311],[375886.333,5808913.478],[376110.081,5808734.315],[376565.914,5808357.598],[376999.803,5808582.339],[377354.697,5808762.024],[377394.339,5808785.881],[377543.452,5808767.919],[377603.871,5808778.521],[377663.357,5808777.783],[377890.173,5808806.578],[378021.71,5808840.921],[378245.595,5808905.018],[378404.059,5808968.434],[378474.408,5809008.321],[378555.876,5809035.566],[378704.782,5809119.746],[378753.908,5809156.269],[378819.093,5809169.82],[378903.834,5809203.768],[379050.399,5809254.9],[379200.241,5809323.29],[379204.527,5809312.009],[379300.944,5809355.244],[379314.137,5809337.025],[380268.915,5809771.899],[380252.631,5809789.047],[380119.798,5809812.74],[379621.273,5810091.147],[379639.116,5810305.45],[379638.26,5810408.366],[379631.06,5810414.182],[379282.818,5810292.117],[378894.095,5810155.252],[378348.916,5809964.753],[378313.549,5809947.295],[377773.048,5809613.953],[377762.761,5809597.24],[377689.296,5809548.908],[377610.301,5809484.783],[377569.506,5809477.068],[377287.006674,5809306.549046],[377191.648,5809263.219],[377094.804,5809229.101],[377099.29,5809208.377],[376806.882,5809183.164],[376607.97,5809163.37],[376427.054,5809137.813],[376350.005,5809133.541],[376252.389879,5809146.203853]]]},"properties":{"PLR_ID":"06400736","PLR_NAME":"Düppel","BEZ":"06","STAND":"01.01.2021","GROESSE_M2":3130515.711}},
{"type":"Feature","geometry":{"type":"Polygon","coordinates":[[[385409.881,5824414.81],[385232.6,5824125.805],[385228.409,5824114.974],[385015.434,5823764.122],[384920.082,5823598.209],[384834.773,5823436.163],[385075.291,5823420.557],[385607.666,5823369.037],[385945.582,5823346.857],[386037.371,5823239.948],[386100.483,5823143.563],[386309.472,5822869.995],[386491.747,5822626.024],[386564.709,5822574.959],[386563.544899,5822561.902867],[386618.45,5822535.3],[386675,5822527.45],[386888.65,5822544.05],[386990.373869,5822534.799283],[387103.694,5822624.767],[387040.923,5822699.062],[387016.055,5822743.979],[386953.472,5822957.074],[386936.994,5822993.189],[386891.237,5823053.231],[387285.88,5823459.691],[387284.548,5823460.882],[387784.357,5823976.212],[387809.83,5824004.577],[387454.121,5824351.091],[386950.403,5824840.283],[386919.577,5824817.801],[386861.928,5824873.895],[386582.718,5824906.047],[386558.952,5824834.813],[386532.73,5824793.902],[386465.473,5824738.469],[386382.129,5824708.98],[386348.515,5824704.471],[386063.766,5824650.782],[385963.785,5824626.369],[385907.41,5824607.575],[385603.31,5824494.999],[385409.881,5824414.81]]]},"properties":{"PLR_ID":"01400937","PLR_NAME":"Afrikanische Straße","BEZ":"01","STAND":"01.01.2021","GROESSE_M2":3674225.411}},
{"type":"Feature","geometry":{"type":"Polygon","coordinates":[[[387810.813,5808414.798],[387498.14,5808506.111],[387473.672,5808513.329],[387285.293,5808396.554],[387307.261,5808299.663],[387302.566,5808181.471],[387292.272,5808124.941],[387320.217,5808123.69],[387290.241,5807675.343],[387496.647,5807457.448],[387672.063,5807536.83],[387795.701331,5807587.15297],[387788.2,5807609.248],[387808.522,5807646.423],[387818.626,5807700.547],[387819.106,5807764.67],[387810.643,5807864.232],[387780.663,5808013.631],[387769.465,5808103.177],[387768.051,5808209.776],[387774.837,5808276.472],[387792.285,5808358.024],[387810.813,5808414.798]]]},"properties":{"PLR_ID":"07601339","PLR_NAME":"Tirschenreuther Ring West","BEZ":"07","STAND":"01.01.2021","GROESSE_M2":453765.631}},
{"type":"Feature","geometry":{"type":"Polygon","coordinates":[[[382566.48,5808048.069],[382611.077,5808075.442],[382659.585,5808139.674],[382744.208,5808306.426],[382703.9,5808300.207],[382693.777,5808311.484],[383188.679,5808760.341],[383242.47,5808802.13],[383284.267,5808822.965],[383952.664,5809089.425],[384019.458,5809121.423],[384110.155,5809185.726],[384275.65,5809337.041],[384301.076,5809313.249],[384356.513,5809367.98],[384414.666,5809452.532],[384595.737,5809694.765],[384614.363,5809712.999],[384715.899,5809848.911],[384713.587,5809852.484],[384997.884,5810232.716],[385054.874,5810306.048],[385082.497,5810332.601],[385050.442,5810341.338],[384987.521,5810383.542],[384764.403,5810452.585],[384643.072,5810464.973],[384079.198,5810509.355],[384079.605,5810516.027],[383944.581,5810530.632],[383643.889,5810552.718],[383503.622,5810534.572],[383270.951,5810565.392],[383209.737,5810568.424],[383143.166,5810552.091],[383049.784,5810515.398],[382818.968,5809778.172],[382808.117,5809737.57],[382533.214,5808566.108],[382527.851,5808575.38],[382485.242,5808399.01],[382566.48,5808048.069]]]},"properties":{"PLR_ID":"06300632","PLR_NAME":"Schweizer Viertel","BEZ":"06","STAND":"01.01.2021","GROESSE_M2":3085882.409}},
{"type":"Feature","geometry":{"type":"Polygon","coordinates":[[[392929.809,5805422.047],[392878.905,5805647.298],[392750.192,5806156.739],[392264.829,5806124.742],[392263.953,5806119.338],[391978.171,5806100.637],[391875.974,5806096.109],[391871.172,5806090.231],[391747.061,5806064.87],[391614.313,5806050.193],[391602.113,5805995.929],[391603.23,5805778.306],[391613.584,5805686.447],[391631.726,5805610.259],[391658.315,5805536.64],[391714.96,5805429.703],[391773.963,5805351.169],[391807.174,5805331.9],[391878.495,5805343.315],[392307.556,5805360.464],[392346.375,5805359.996],[392375.876417,5805343.934489],[392390.393,5805383.319],[392929.809,5805422.047]]]},"properties":{"PLR_ID":"07601545","PLR_NAME":"Nahariyastraße","BEZ":"07","STAND":"01.01.2021","GROESSE_M2":900458.165}},
{"type":"Feature","geometry":{"type":"Polygon","coordinates":[[[378543.79438,5825028.142848],[379319.776,5824842.555],[379321.993,5824851.815],[379498.508815,5824804.102668],[379525.149,5824825.586],[379606.4,5824870.1],[379579.543,5824958.508],[379591.351,5825010.289],[379621.825,5825027.9],[379688.821,5825042.671],[379719.851,5825081.024],[379671.203,5825084.994],[379672.964,5825114.274],[379724.883,5825097.102],[379759.037,5825194.716],[379702.11,5825245.225],[379689.594,5825277.498],[379710.386,5825327.747],[379748.947,5825356.044],[379757.46,5825429.369],[379622.168,5825474.967],[379418.769,5825508.65],[379173.7,5825535.735],[379141.925,5825543.041],[378718.905623,5825673.008074],[378688.726,5825601.742],[378644.394,5825527.144],[378601.404,5825388.239],[378560.137,5825154.348],[378552.153,5825065.359],[378543.79438,5825028.142848]]]},"properties":{"PLR_ID":"05100103","PLR_NAME":"Mertensstraße","BEZ":"05","STAND":"01.01.2021","GROESSE_M2":719119.684}},
{"type":"Feature","geometry":{"type":"Polygon","coordinates":[[[393408.658,5816244.251],[393053.819,5816459.371],[392989.067,5816338.013],[392965.026,5816302.634],[392982.239,5816293.897],[393021.921,5816271.094],[393477.398,5815916.954],[393604.625,5815815.383],[393729.364991,5815662.771482],[394068.392,5815737.881],[393624.475,5816112.579],[393408.658,5816244.251]]]},"properties":{"PLR_ID":"08100314","PLR_NAME":"Donaustraße","BEZ":"08","STAND":"01.01.2021","GROESSE_M2":255918.243}},
{"type":"Feature","geometry":{"type":"Polygon","coordinates":[[[374895.71546,5821095.383865],[374905.835,5820964.865],[374897.199,5820903.237],[374853.706,5820829.261],[374798.243,5820783.091],[374782.607,5820761.13],[374766.509,5820666.722],[374581.637,5820520.176],[374892.652,5820248.46],[375127.386,5820352.405],[375170.421,5820384.393],[375284.522,5820433.909],[375304.156,5820451.014],[375327.523803,5820503.040251],[375337.271,5820538.021],[375335.932,5820589.03],[375235.93,5821049.142],[375226.58,5821068.579],[375123.145,5821047.017],[375019.351,5821053.311],[374895.71546,5821095.383865]]]},"properties":{"PLR_ID":"05200526","PLR_NAME":"Rudolf-Wissell-Großsiedlung","BEZ":"05","STAND":"01.01.2021","GROESSE_M2":379178.642}},
{"type":"Feature","geometry":{"type":"Polygon","coordinates":[[[384711.347,5817874.8],[384622.307,5817849.761],[384621.489,5817841.75],[384374.934,5817772.249],[384162.692,5817722.94],[383989.677411,5817690.783961],[383904.588,5817667.754],[383835.366,5817634.966],[383775.916,5817592.252],[383930.735876,5817409.067133],[383969.491,5817363.025],[384236.277,5817095.091],[384364.696,5817192.39],[384836.889,5817559.152],[385078.295,5817838.416],[385086.681,5817836.155],[385061.755401,5817973.483635],[384711.347,5817874.8]]]},"properties":{"PLR_ID":"04500938","PLR_NAME":"Hochmeisterplatz","BEZ":"04","STAND":"01.01.2021","GROESSE_M2":517757.943}},
{"type":"Feature","geometry":{"type":"Polygon","coordinates":[[[389798.19,5812559.296],[389743.05,5812728.689],[389730.05,5812746.956],[389659.068,5812884.856],[389641.891,5812929.689],[389599.031,5812902.706],[389567.498,5812928.693],[389254.5,5812963.851],[388833.044,5812990.85],[388643.134,5813024.773],[388543.905,5813068.144],[388502.3,5813114.028],[388295.056,5813171.414],[388275.558,5813159.615],[388279.721,5813063.773],[388290.233,5812986.599],[388307.889,5812947.537],[388349.16,5812808.323],[388374.214,5812742.882],[388371.529,5812729.454],[388480.407,5812425.707],[388512.291,5812321.359],[388528.642,5812288.831],[388585.317,5812103.078],[388613.376,5812021.581],[388697.737,5811747.879],[388714.372,5811700.286],[388825.224,5811782.903],[388934.958,5811858.791],[388949.319,5811891.516],[389154.731,5812066.268],[389550.335,5812410.647],[389643.757,5812473.37],[389798.250596,5812551.767846],[389798.19,5812559.296]]]},"properties":{"PLR_ID":"07400826","PLR_NAME":"Marienhöhe","BEZ":"07","STAND":"01.01.2021","GROESSE_M2":1169632.724}},
{"type":"Feature","geometry":{"type":"Polygon","coordinates":[[[402902.008,5811425.146],[402962.864,5811422.776],[402968.098,5811446.985],[402999.561583,5811464.030215],[403059.008,5811634.613],[403132.1,5811778.6],[403115.098,5811837.753],[403143.91,5811861.421],[403106.725,5811979.259],[403086.5,5812017.789],[403036.749,5812088.026],[402991.057,5812140.56],[403010.821,5812182.518],[403146.47,5812375.324],[403152.432,5812363.981],[403225.915,5812376.371],[403371.223,5812509.423],[403490.077,5812614.143],[403484.804204,5812670.06665],[403518.589,5812664.999],[403535.686,5812678.813],[403565.027628,5812959.043877],[403512.133,5812962.611],[403483.135,5812992.267],[403500.469,5813021.474],[403471.958,5813036.79],[403400.569,5813047.383],[403204.402,5813133.642],[403104.114,5813186.366],[403026.048754,5813233.641039],[403059.699,5813081.427],[403019.85,5813071.499],[402995.75278,5813141.831903],[402926.584,5813099.814],[402936.573,5813078.068],[402829.372,5813022.175],[402757.511,5812989.595],[402719.499,5812991.407],[402631.015,5812938.085],[402628.293,5812917.429],[402539.039,5812870.941],[402534.925,5812861.24],[402466.635,5812827.015],[402475.538,5812793.674],[402401.83,5812813.491],[402339.556,5812810.841],[402306.814,5812800.355],[401971.835,5812725.979],[401965.912,5812683.577],[401972.165,5812554.945],[401987.568684,5812553.008452],[401991.487962,5812415.951911],[402026.489963,5812420.943224],[402065.82,5812424.689],[402211.55,5812417.45],[402282.8,5812423.6],[402332.9,5812444.05],[402385.65,5812444.4],[402462.55,5812418.8],[402515.988,5812369.756],[402553.374,5812294.211],[402585.64,5812211.51],[402635.115,5812105.119],[402688.291,5812009.228],[402748.4,5811930.5],[402804.436,5811880.065],[402853.15,5811853.127],[402902.9,5811837.55],[402931.4,5811795.4],[402865.552,5811617.739],[402848,5811547.25],[402823.695,5811491.764],[402818.442,5811458.231],[402896.457,5811473.384],[402902.008,5811425.146]]]},"properties":{"PLR_ID":"09501939","PLR_NAME":"Bahnhofstraße","BEZ":"09","STAND":"01.01.2021","GROESSE_M2":1142557.213}},
{"type":"Feature","geometry":{"type":"Polygon","coordinates":[[[386620.197565,5812751.89498],[386907.849,5812551.48],[386999.299,5812528.153],[387044.935,5812535.965],[387090.751,5812524.375],[387097.289,5812558.459],[387081.577,5812561.467],[387130.45,5812816.409],[387146.426,5812976.214],[387176.539,5813339.964],[386851.197,5813319.711],[386689.44,5813305.637],[386658.633,5813343.54],[386524.327,5813426.377],[386496.366587,5813424.793199],[386493.429,5813469.96],[386476.164343,5813483.363934],[386437.779,5813464.119],[386415.249,5813481.897],[386439.113755,5813511.991998],[386370.498752,5813559.483052],[386324.324122,5813495.623082],[386306.671,5813472.662],[386193.206,5813316.545],[386177.385,5813318.313],[386045.117,5813151.617],[386049.343,5813138.52],[386129.046,5813096.705],[386157.182,5813133.418],[386284.562,5813127.567],[386224.467,5813021.842],[386240.252,5813016.801],[386620.197565,5812751.89498]]]},"properties":{"PLR_ID":"06100208","PLR_NAME":"Bergstraße","BEZ":"06","STAND":"01.01.2021","GROESSE_M2":620619.175}},
{"type":"Feature","geometry":{"type":"Polygon","coordinates":[[[391537.885,5826095.817],[391541.449,5826119.635],[391566.592,5826123.588],[391569.413,5826160.441],[391586.925,5826185.854],[391644.689,5826211.016],[391608.83,5826319.567],[391694.414,5826351.135],[391658.187,5826456.156],[391675.105,5826475.955],[391801.908,5826514.725],[391772.955,5826620.263],[391800.144,5826638.318],[391966.787,5826691.21],[391979.865,5826712.67],[392011.277,5826705.072],[392115.861,5826736.528],[392093.687,5826822.832],[392068.173,5826947.547],[391893.452,5826923.487],[391886.805,5826954.497],[391858.697,5827010.216],[391830.118,5827107.764],[391798.308,5827258.389],[391786.588,5827357.057],[391763.517,5827361.504],[391135.004,5827210.39],[390976.802,5827178.152],[390615.299,5827112.698],[390752.394,5826740.164],[390706.024,5826734.246],[390684.834,5826675.675],[390697.334,5826600.257],[390753.942,5826497.247],[390850.911,5826443.99],[390937.441,5826413.754],[390967.667,5826394.887],[391001.916,5826357.017],[391097.034,5826279.783],[391152.039,5826275.553],[391193.885,5826245.225],[391276.125,5826219.249],[391343.312,5826222.053],[391369.601,5826196.014],[391477.473,5826153.229],[391537.885,5826095.817]]]},"properties":{"PLR_ID":"03200206","PLR_NAME":"Pastor-Niemöller-Platz","BEZ":"03","STAND":"01.01.2021","GROESSE_M2":1104544.755}},
{"type":"Feature","geometry":{"type":"Polygon","coordinates":[[[394273.412,5821329.958],[394320.551,5821255.238],[394334.834,5821243.217],[394610.586,5820804.771],[394639.96,5820747.287],[394655.527,5820722.533],[394902.46,5820836.948],[394999.002,5820869.533],[395014.216,5820839.218],[395267.39,5820925.108],[395272.381,5820915.868],[395281.882,5820930.136],[395212.736,5821055.09],[395182.14,5821089.859],[395154.689,5821146.417],[395134.176742,5821144.854507],[395043.373,5821303.266],[394972.753,5821435.852],[394878.927569,5821587.778675],[394754.333348,5821803.512809],[394636.932976,5821694.279387],[394273.412,5821329.958]]]},"properties":{"PLR_ID":"03601452","PLR_NAME":"Velodrom","BEZ":"03","STAND":"01.01.2021","GROESSE_M2":552164.165}},
{"type":"Feature","geometry":{"type":"Polygon","coordinates":[[[396770.388,5821925.637],[396799.137,5821913.204],[397052.124169,5821849.797441],[397123.203,5821917.828],[397196.866,5821843.847],[397314.467835,5821756.641868],[397453.263,5821898.564],[397483.942,5821868.029],[397525.312,5821844.279],[397928.711,5822236.232],[398167.119,5821990.52],[398186.01,5821975.422],[398204.444,5822046.8],[398335.23,5822554.725],[398340.144629,5822573.544764],[398287.704,5822599.003],[398239.584,5822634.886],[398184.553,5822700.076],[398105.722,5822844.011],[398073.88124,5822886.462455],[397204.656,5822174.109],[397131.05,5822126.155],[396770.388,5821925.637]]]},"properties":{"PLR_ID":"11200513","PLR_NAME":"Große-Leege-Straße","BEZ":"11","STAND":"01.01.2021","GROESSE_M2":688243.681}},
{"type":"Feature","geometry":{"type":"Polygon","coordinates":[[[378543.79438,5825028.142848],[378517.892,5824831.012],[378467.902,5824387.089],[378464.309,5824332.098],[378504.791,5824345.216],[378560.353,5824335.439],[378559.239,5824316.377],[378723.713,5824243.245],[378782.403,5824233.82],[378962.906,5824251.74],[379061.288726,5824245.628963],[379054.006,5824255.857],[379044.622,5824362.429],[379057.781,5824428.003],[379049.076,5824459.679],[379009.441,5824498.722],[378959.759,5824512.157],[378986.353,5824633.784],[378951.165,5824661.662],[378985.252,5824663.643],[379026.1,5824623.728],[379025.617,5824542.725],[379085.852,5824484.397],[379145.041,5824473.255],[379147.191,5824445.019],[379168.215,5824417.15],[379175.222,5824284.087],[379181.351,5824259.668],[379253.018,5824233.471],[379282.085,5824338.034],[379331.717,5824402.939],[379422.734,5824500.957],[379426.365,5824516.845],[379405.017,5824586.474],[379437.424,5824719.417],[379498.508815,5824804.102668],[379321.993,5824851.815],[379319.776,5824842.555],[378543.79438,5825028.142848]]]},"properties":{"PLR_ID":"05100104","PLR_NAME":"Maselake","BEZ":"05","STAND":"01.01.2021","GROESSE_M2":559348.325}},
{"type":"Feature","geometry":{"type":"Polygon","coordinates":[[[388086.954,5828662.039],[388090.411,5828556.861],[388082.964,5828486.648],[388162.696,5828468.641],[388206.904,5828469.239],[388775.711354,5828505.620466],[388783.964,5828375.896],[388960.121,5828387.43],[388965.188,5828345.815],[388930.903,5828274.535],[388884.18,5828239.997],[388786.845,5828223.179],[388132.848,5828178.811],[388143.827,5828156.598],[388068.478,5828106.506],[388031.413,5828097.111],[387976.873,5828096.931],[387960.316,5828052.816],[388055.147,5827960.047],[388060.566,5827954.574],[388240.73,5828008.483],[388346.814,5828027.108],[388509.146,5828036.235],[388613.716,5828031.384],[388846.955,5828049.031],[388950.397,5828066.32],[388983.855,5828109.929],[389204.964,5828395.326],[389453.506,5828720.397],[389475.323,5828740.79],[389446.804,5828754.939],[389413.683,5828753.526],[389397.895,5828735.855],[389046.084,5828713.437],[388970.679,5828717.073],[388862.354,5828705.377],[388671.769,5828693.623],[388649.621,5828699.069],[388498.747,5828689.489],[388499.295,5828682.554],[388227.285,5828665.236],[388227.509,5828661.232],[388092.71,5828657.109],[388086.954,5828662.039]]]},"properties":{"PLR_ID":"12601235","PLR_NAME":"Dannenwalder Weg","BEZ":"12","STAND":"01.01.2021","GROESSE_M2":523435.195}},
{"type":"Feature","geometry":{"type":"Polygon","coordinates":[[[392115.861,5826736.528],[392179.428,5826526.587],[392175.444,5826486.776],[392157.023,5826466.962],[392096.694,5826429.116],[392051.858,5826416.404],[392066.108,5826351.378],[392012.645,5826335.227],[392091.513,5826068.392],[392111.768,5826077.445],[392148.321,5826140.298],[392214.076,5826203.024],[392347.261,5826368.628],[392369.015,5826411.561],[392418.578,5826456.738],[392531.53,5826524.663],[392618.551505,5826564.145776],[392670.875,5826575.006],[392860.706,5826588.541],[392915.35,5826617.148],[393312.809,5826815.38],[393527.066,5826895.504],[393516.73,5826963.07],[393510.394,5827053.798],[393645.241,5827061.177],[393694.145,5827083.749],[393756.351746,5827147.911997],[393785.400979,5827128.308984],[393899.236,5827296.109],[394010.975,5827452.331],[394058.034,5827511.463],[394055.83,5827522.347],[394033.535,5827538.257],[394039.356,5827564.897],[394001.755,5827733.003],[393962.414,5827827.645],[394011.393,5827881.109],[394033.563,5827939.973],[393992.64,5827956.782],[393951.904,5827991.116],[393783.139809,5828150.095601],[393680.25306,5827710.548445],[393652.425,5827716.773],[393306.614,5827432.634],[392682.093,5827137.832],[392376.55,5826997.144],[392336.794,5826988.364],[392068.173,5826947.547],[392093.687,5826822.832],[392115.861,5826736.528]]]},"properties":{"PLR_ID":"03400725","PLR_NAME":"Schlosspark","BEZ":"03","STAND":"01.01.2021","GROESSE_M2":1259152.298}},
{"type":"Feature","geometry":{"type":"Polygon","coordinates":[[[384070.559,5819179.892],[384071.587,5819167.713],[384197.767,5819011.493],[384208.589,5819012.117],[384138.157,5818900.92],[384121.417,5818833.172],[384122.911,5818749.647],[384135.553,5818699.014],[384175.48,5818613.696],[384039.071,5818472.077],[383927.263,5818348.487],[383956.736,5818315.714],[384036.675,5818331.113],[384293.004,5818386.763],[384327.802,5818292.974],[384428.99,5818322.131],[384491.373,5818352.982],[384833.644437,5818469.245689],[384830.681,5818478.029],[384886.782,5818497.83],[384832.507,5818632.904],[384792.621,5818776.735],[384756.78,5819236.627],[384429.406,5819208.223],[384070.559,5819179.892]]]},"properties":{"PLR_ID":"04300416","PLR_NAME":"Amtsgerichtsplatz","BEZ":"04","STAND":"01.01.2021","GROESSE_M2":580690.467}},
{"type":"Feature","geometry":{"type":"Polygon","coordinates":[[[385368.027,5815702.057],[385461.661,5815626.181],[385522.722,5815587.015],[385626.729,5815535.68],[385728.645,5815499.514],[385893.853,5815458.664],[385909.523,5815479.052],[385935.471,5815478.142],[385956.628,5816123.079],[385956.768,5816128.86],[385904.953,5816125.771],[385873.673,5816156.286],[385809.664,5816115.113],[385629.794,5816100.347],[385630.395,5816112.739],[385498.071,5816121.009],[385342.865,5816139.487],[385168.139,5816135.818],[385146.362,5816193.941],[385148.664,5816228.966],[385105.015895,5816217.752776],[385048.934,5816288.697],[385027.892,5816117.559],[385049.43,5816110.214],[385111.228,5816028.203],[385212.6,5815908.192],[385328.805,5815755.997],[385368.027,5815702.057]]]},"properties":{"PLR_ID":"04501148","PLR_NAME":"Brabanter Platz","BEZ":"04","STAND":"01.01.2021","GROESSE_M2":420097.518}},
{"type":"Feature","geometry":{"type":"Polygon","coordinates":[[[397747.159,5808365.587],[397670.048,5808419.927],[397599.94,5808489.172],[397553.349,5808545.122],[397334.036386,5808829.103257],[397285.559,5808794.825],[397376.434,5808675.981],[397409.982,5808622.948],[397372.363,5808448.679],[397331.213,5808309.973],[397311.924896,5808292.941843],[397255.401,5808196.887],[397304.352,5808102.928],[397305.39,5808084.928],[397223.873,5808079.977],[397176.093,5808007.602],[397123.928,5807886.524],[397033.05,5807717.757],[396932.834,5807549.547],[396854.225,5807444.981],[396828.836,5807461.772],[396809.657,5807434.849],[396674.676,5807275.678],[396494.809,5807097.042],[396413.435,5807032.204],[396434.141,5806988.935],[396430.509,5806921.489],[396463.121,5806795.412],[396494.657,5806700.582],[396515.531,5806615.113],[396527.525,5806456.341],[396561.202,5806165.24],[396665.781,5806209.36],[396821.18,5806270.112],[397039.951,5806322.639],[397300.028,5806351.388],[397461.108,5806399.064],[397606.018,5806435.186],[397777.629,5806458.616],[397994.196,5806511.717],[397985.587,5806699.142],[398004.491,5806699.452],[397990.828,5806997.703],[397994.853,5807005.325],[398256.828,5807168.063],[398349.868,5807223.25],[398530.481914,5807357.873268],[398399.896,5807590.323],[398193.965,5807936.07],[398108.537,5808073.62],[398083.99,5808106.833],[397931.801,5808267.658],[397915.872,5808252.841],[397747.159,5808365.587]]]},"properties":{"PLR_ID":"08401244","PLR_NAME":"Waßmannsdorfer Chaussee","BEZ":"08","STAND":"01.01.2021","GROESSE_M2":2776814.494}},
{"type":"Feature","geometry":{"type":"Polygon","coordinates":[[[401725.095,5807041.098],[401682.880287,5806977.54353],[401662.178,5806912.189],[401665.061,5806816.778],[401685.794,5806759.875],[401715.279,5806712.831],[401826.629,5806560.709],[401859.469,5806505.018],[401940.247,5806567.334],[402003.379,5806608.32],[402121.343,5806648.725],[402185.6,5806657.662],[402295.563,5806690.99],[402558.845,5806824.108],[402668.377,5806881.407],[402819.307,5806968.04],[402862.378,5807008.06],[402893.349,5807048.767],[402937.952,5807138.012],[402961.232,5807240.184],[402963.717,5807364.101],[402959.564,5807425.17],[402935.583,5807572.501],[402916.504,5807634.484],[402880.251,5807688.243],[402918.921,5807749.683],[402955.939017,5807793.888488],[402927.281,5807916.546],[402916.645,5807940.945],[402786.02,5808104.669],[402653.646,5808242.649],[402540.434,5808009.017],[402523.656261,5807991.834358],[402415.99,5807818.979],[402321.16,5807689.196],[402160.322,5807479.421],[402120.512,5807430.709],[401912.332,5807212.198],[401811.299,5807123.948],[401725.095,5807041.098]]]},"properties":{"PLR_ID":"09301024","PLR_NAME":"Falkenberg","BEZ":"09","STAND":"01.01.2021","GROESSE_M2":1148564.176}},
{"type":"Feature","geometry":{"type":"Polygon","coordinates":[[[384778.353,5813423.899],[384439.777,5813332.625],[384342.436,5813331.113],[384015.079,5813370.723],[383865.384,5813368.959],[383773.043,5813205.853],[383531.841,5812796.448],[383440.765,5812711.144],[383345.885,5812645.662],[383315.021,5812614.656],[383095.806,5812472.927],[383028.526,5812475.326],[383022.727,5812490.545],[382953.567,5812514.098],[382503.843,5812581.982],[382497.373,5812578.286],[382438.474,5812425.085],[382367.532,5812252.734],[382302.901,5812076.244],[382287.987,5812001.262],[382390.591,5811859.731],[382420.938,5811797.568],[382432.603,5811734.74],[382437.114,5811657.071],[382614.397,5811648.992],[382718.352,5811639.986],[382974.606,5811609.176],[383082.317,5811585.901],[383195.353,5811554.984],[383304.252,5811607.321],[383543.1,5811724.343],[383733.554,5811832.965],[383850.025,5811904.56],[384038.248,5812012.336],[383998.737,5812068.011],[384146.195,5812470.341],[384202.259,5812573.874],[384739.372,5813371.104],[384762.11,5813372.131],[384784.022,5813402.823],[384778.353,5813423.899]]]},"properties":{"PLR_ID":"06400843","PLR_NAME":"Thielallee","BEZ":"06","STAND":"01.01.2021","GROESSE_M2":2111239.52}},
{"type":"Feature","geometry":{"type":"Polygon","coordinates":[[[380626.296,5824696.847],[380651.569,5824664.529],[380723.294,5824668.042],[380753.277,5824678.886],[380801.318,5824737.433],[380853.486,5824741.604],[380843.516,5824461.571],[381329.491,5824046.025],[381349.252,5824061.368],[381528.315,5823994.263],[381840.404,5824036.911],[381793.654,5824412.489],[381864.525,5824525.729],[382293.92,5824745.472],[382974.256,5825092.315],[383154.462,5825116.94],[383154.086,5825121.02],[383463.017,5825162.863],[384306.79,5825339.42],[384337.428,5825344.932],[384532.155,5825400.752],[384599.874,5825411.053],[384608.097,5825350.8],[384595.401,5825348.716],[384607.036,5825262.898],[384658.110084,5825266.075429],[384670.93,5825319.413],[384736.382,5825328.557],[384735.25,5825336.741],[384804.945,5825346.29],[384823.639,5825317.864],[384831.812,5825351.983],[384821.009,5825430.619],[385016.39,5825457.688],[385030.509,5825422.102],[385037.567,5825367.762],[385168.816,5825383.477],[385241.973,5825385.993],[385254.016,5825394.049],[385205.428,5825476.998],[385171.38,5825562.61],[385070.964,5825589.875],[385009.149,5825620.805],[384862.277,5825717.04],[384812.62,5825757.847],[384835.238,5825775.665],[384811.374,5825792.749],[385125.901,5826264.198],[385344.435,5826593.904],[385364.761,5826610.566],[385364.134,5826640.656],[385310.465,5826656.307],[385240.82,5826689.249],[385068.829,5826787.539],[385065.581,5826783.941],[384770.064,5826958.028],[384716.685,5826982.123],[384729.199,5826989.354],[384562.764,5827085.433],[384515.214,5827116.808],[384422.355,5827216.9],[384407.508217,5827220.241209],[384373.116298,5827208.641602],[384352.725,5827230.855],[384290.693,5827226.886],[384263.593,5827346.514],[384259.025,5827394.938],[384234.946,5827421.725],[384170.206,5827590.606],[383987.823,5827565.711],[384066.509,5827405.063],[384207.364,5827099.081],[384164.984,5827095.249],[384230.757,5826952.02],[384258.234,5826882.152],[384321.191,5826754.207],[384390.313,5826598.041],[384415.488,5826522.426],[384410.354,5826506.256],[384304.38,5826449.313],[384250.525,5826435.974],[384200.644,5826440.473],[383806.127,5826460.384],[383719.605,5826462.111],[382873.678,5826504.875],[382816.34,5826504.327],[382521.794,5826518.854],[382434.375,5826489.781],[382361.874,5826429.645],[382319.034839,5826480.57276],[382268.759055,5826434.0323],[382218.448333,5826401.841629],[382161.516797,5826339.958966],[382060.562904,5826311.182744],[382017.400902,5826280.836557],[381953.445155,5826171.098204],[381963.518568,5826167.177343],[381937.441526,5826004.817012],[381924.786581,5825982.316673],[381884.572436,5825841.62181],[381844.814537,5825766.635614],[381800.028045,5825697.247057],[381783.160349,5825647.518103],[381794.524837,5825616.90152],[381792.746254,5825558.79842],[381766.249771,5825506.056471],[381717.723432,5825481.060105],[381703.571333,5825428.083144],[381689.644646,5825412.637221],[381668.899782,5825340.895826],[381645.205982,5825313.348206],[381558.041171,5825301.069321],[381444.925541,5825222.986875],[381371.518241,5825202.06324],[381349.278406,5825204.03361],[381330.326057,5825230.63244],[381283.106768,5825211.302875],[381242.508062,5825170.281885],[381246.771677,5825104.167614],[381230.053321,5825065.656539],[381169.347849,5825027.982796],[380947.802866,5825029.245116],[380872.555796,5824991.871409],[380863.889637,5825002.706029],[380810.9,5824987.25],[380745.311252,5824914.634899],[380700.021439,5824801.863502],[380639.730939,5824749.4932],[380626.296,5824696.847]]]},"properties":{"PLR_ID":"12200412","PLR_NAME":"Waldidyll/Flughafensee","BEZ":"12","STAND":"01.01.2021","GROESSE_M2":5947881.881}},
{"type":"Feature","geometry":{"type":"Polygon","coordinates":[[[384407.508217,5827220.241209],[384416.878,5827237.543],[384279.055,5827597.163],[384258.352,5827644.234],[384236.257,5827634.807],[384209.777311,5827703.730587],[384142.575,5827878.023],[384129.788725,5827894.325257],[384019.16,5828160.595],[383988.775,5828253.198],[383909.947,5828446.256],[383872.522,5828566.304],[383859.414,5828564.641],[383855.164,5828606.109],[383832.015,5828669.086],[383590.507,5829129.426],[383563.227,5829076.339],[383525.68,5829037.006],[383412.058,5828952.506],[383371.051,5828917.359],[383272.93824,5828793.236048],[383223.364,5828856.593],[383210.894,5828883.378],[383170.529,5828927.858],[383115.441,5828887.844],[383045.588,5828853.242],[382941.717,5828794.604],[382858.902,5828757.334],[382797.179,5828751.517],[382687.426,5828756.486],[382629.474,5828747.344],[382563.858,5828721.139],[382520.358,5828693.094],[382462.085,5828636.264],[382340.771117,5828498.17786],[382447.717353,5828429.270649],[382443.206893,5828418.615001],[382500.25,5828388],[382567.3,5828312.4],[382600.35,5828240.55],[382616.15,5828153.8],[382606.35,5828101],[382577,5828061.65],[382543.55,5828049.9],[382552.416605,5828017.141819],[382590.963732,5827995.659929],[382626.840294,5827994.669394],[382718.112868,5828015.282013],[382783.209222,5828008.553623],[382863.894628,5828067.181622],[382912.067302,5828028.170692],[382866.821201,5827997.273006],[382925.507483,5827952.281965],[382948.228905,5827983.511275],[382970.088102,5827980.855545],[382942.818048,5827945.546213],[382995.176562,5827897.761656],[383025.74503,5827847.889484],[383057.288198,5827778.321606],[383163.66453,5827509.566035],[383102.992391,5827427.261205],[383122.999889,5827397.797698],[383084.518955,5827294.725875],[383062.709604,5827221.172633],[383078.126495,5827158.953761],[383125.076,5827143.798],[383121.789,5827116.955],[383138.36,5827094.649],[383136.892,5826981.002],[383153.311,5826886.219],[383175.545027,5826881.04441],[383185.012,5826914.121],[383254.468,5826901.601],[383272.37,5826958.419],[383390.060512,5826929.176443],[383391.839,5826894.372],[383361.606,5826801.501],[383388.047,5826772.154],[383688.607,5826787.73],[383704.518,5826808.485],[383678.223,5826928.278],[383697.853,5826932.544],[383717.329,5826906.105],[383958.439,5826915.046],[383971.59,5826939.23],[383926.476,5827034.897],[383945.514,5827035.61],[383924.979,5827091.109],[384164.984,5827095.249],[384207.364,5827099.081],[384066.509,5827405.063],[383987.823,5827565.711],[384170.206,5827590.606],[384234.946,5827421.725],[384259.025,5827394.938],[384263.593,5827346.514],[384290.693,5827226.886],[384352.725,5827230.855],[384373.116298,5827208.641602],[384407.508217,5827220.241209]]]},"properties":{"PLR_ID":"12200515","PLR_NAME":"Alt-Tegel","BEZ":"12","STAND":"01.01.2021","GROESSE_M2":2392477.977}},
{"type":"Feature","geometry":{"type":"Polygon","coordinates":[[[390413.879,5809521.091],[390291.866,5809478.946],[390014.167,5809343.611],[390062.682,5809311.441],[390210.20393,5809175.187535],[390273.056,5809133.076],[390346.982,5809093.878],[390445.253,5809050.52],[390535.797,5808998.689],[390610.714,5808931.455],[390681.142,5808881.233],[390770.522,5808840.852],[390767.702,5808816.243],[390847.818,5808754.567],[390937.244,5808693.803],[391062.396,5808597.915],[391073.489,5808597.19],[391099.335,5808648.528],[391081.198,5808661.752],[391131.786,5808677.915],[391124.394,5808700.96],[391150.524,5808750.777],[390858.077,5809660.394],[390413.879,5809521.091]]]},"properties":{"PLR_ID":"07501135","PLR_NAME":"Birnhornweg","BEZ":"07","STAND":"01.01.2021","GROESSE_M2":555575.417}},
{"type":"Feature","geometry":{"type":"Polygon","coordinates":[[[388847.076,5817874.735],[388866.733,5817927.947],[389044.969,5818245.452],[389178.632,5818479.551],[389211.379,5818520.545],[389183.995,5818541.784],[389088.234,5818543.456],[388993.288,5818537.482],[388902.23,5818508.867],[388838.359,5818509.374],[388731.641,5818539.789],[388648.391,5818575.2],[388554.051,5818623.221],[388482.013,5818623.591],[388277.817,5818546.792],[388270.073934,5818571.412928],[388224.889,5818555.289],[388185.552,5818553.016],[388119.876,5818569.929],[388110.807,5818536.709],[388059.447,5818432.934],[388029.653,5818361.646],[387994.705,5818315.375],[387952.642,5818274.558],[388097.805,5818213.283],[388097.77,5818217.451],[388252.054,5818152.254],[388511.721,5818041.169],[388847.076,5817874.735]]]},"properties":{"PLR_ID":"01100103","PLR_NAME":"Lützowstraße","BEZ":"01","STAND":"01.01.2021","GROESSE_M2":522279.456}},
{"type":"Feature","geometry":{"type":"Polygon","coordinates":[[[393523.285,5811552.648],[393514.046,5811602.339],[393509.021,5811689.355],[393596.503,5811876.096],[393586.572,5811876.045],[393626.782,5811961.922],[393636.417,5811961.29],[393707.443,5812112.826],[393618.149,5812337.905],[393596.276,5812382.947],[393517.078,5812494.71],[393394.225,5812499.276],[393261.116,5812494.475],[392702.678,5812496.903],[392604.749,5812483.834],[392427.753,5812434.874],[392384.654,5812426.313],[392362.122,5812361.937],[392334.769,5812189.092],[392290.237,5812101.976],[392263.744,5811939.673],[392207.978,5811822.303],[392089.082,5811389.53],[392005.939,5811067.547],[391999.55,5811041.251],[392072.295,5811047.598],[392070.906,5811055.054],[392439.491,5811171.629],[392439.028,5811174.067],[392651.557,5811241.262],[392652.06,5811238.803],[393298.43,5811443.21],[393322.829,5811452.205],[393513.747,5811559.612],[393523.285,5811552.648]]]},"properties":{"PLR_ID":"08200725","PLR_NAME":"Mohriner Allee Nord","BEZ":"08","STAND":"01.01.2021","GROESSE_M2":1629928.914}},
{"type":"Feature","geometry":{"type":"Polygon","coordinates":[[[393682.421,5821819.215],[393142.384,5822140.045],[392994.018,5821755.553],[393439.335,5821491.209],[393682.421,5821819.215]]]},"properties":{"PLR_ID":"03701658","PLR_NAME":"Christburger Straße","BEZ":"03","STAND":"01.01.2021","GROESSE_M2":232827.898}},
{"type":"Feature","geometry":{"type":"Polygon","coordinates":[[[378002.067,5823704.222],[377974.532,5823892.42],[377963.491,5823905.738],[377932.245,5824045.81],[377917.064,5824153.395],[377902.484,5824312.109],[377868.272,5824301.588],[377850.849,5824315.664],[377710.432,5824299.264],[377676.588,5824277.274],[377618.084,5824195.918],[377424.202,5823910.502],[377392.814,5823847.304],[377381.352,5823800.311],[377379.57,5823735.007],[377650.319,5823543.748],[377731.04,5823570.149],[377852.128,5823576.603],[377987.641,5823591.879],[378016.48455,5823596.020202],[378002.067,5823704.222]]]},"properties":{"PLR_ID":"05100312","PLR_NAME":"Eckschanze","BEZ":"05","STAND":"01.01.2021","GROESSE_M2":332709.609}},
{"type":"Feature","geometry":{"type":"Polygon","coordinates":[[[394063.238,5822335.179],[394131.547,5822287.742],[394135.438013,5822293.350982],[394243.411,5822207.391],[394326.62,5822151.711],[394323.194,5822146.483],[394546.798329,5822005.256753],[394611.22319,5821959.540924],[394699.712,5821882.328],[394754.333348,5821803.512809],[394869.825,5821926.102],[394969.739056,5822024.710514],[395055.96,5822123.597],[395061.284,5822119.121],[395293.395,5822350.895],[395286.855,5822357.463],[395423.375,5822494.143],[395232.145,5822631.314],[395270.872,5822671.752],[395235.109,5822738.847],[395213.85,5822727.798],[395195.493,5822760.996],[395134.821,5822728.654],[395102.876,5822756.095],[394977.739,5822839.179],[394762.897,5822990.113],[394738.36,5823026.441],[394438.211,5822813.586],[394376.456739,5822753.234402],[394070.724,5822341.336],[394063.238,5822335.179]]]},"properties":{"PLR_ID":"03601449","PLR_NAME":"Michelangelostraße","BEZ":"03","STAND":"01.01.2021","GROESSE_M2":858322.778}},
{"type":"Feature","geometry":{"type":"Polygon","coordinates":[[[385935.471,5815478.142],[385935.302,5815472.21],[386066.659,5815471.248],[386383.765,5815461.091],[386453.254,5815456],[386459.275,5815549.617],[386431.291,5815583.654],[386436.874,5815620.96],[386439.895,5815738.606],[386506.97,5815873.056],[386575.133,5816018.925],[386475.138,5816059.939],[386435.408,5816064.29],[386117.038,5816061.34],[385956.628,5816123.079],[385935.471,5815478.142]]]},"properties":{"PLR_ID":"04501151","PLR_NAME":"Hildegardstraße","BEZ":"04","STAND":"01.01.2021","GROESSE_M2":323678.704}},
{"type":"Feature","geometry":{"type":"Polygon","coordinates":[[[398010.299571,5817052.887153],[398039.787,5817115.562],[398027.458,5817146.538],[398058.828,5817258.471],[398018.123,5817273.747],[398039.797186,5817344.548197],[397945.457,5817374.103],[398033.215,5817654.799],[398038.207,5817656.554],[397937.397,5817714.022],[397833.582,5817764.344],[397836.596,5817770.214],[397563.693,5817869.647],[397438.09,5817937.198],[397252.896,5818014.883],[397078.697,5818084.228],[397055.249,5818074.422],[397030.928,5818048.825],[396924.349,5818011.756],[396910.298,5818021.23],[396816.185,5817997.389],[396679.631,5817982.015],[396607.743,5817983.164],[396530.747,5817991.836],[396519.569,5817953.766],[396628.846,5817919.011],[396672.726,5817916.787],[396750.181,5817885.036],[396977.267,5817747.55],[397083.989,5817674.906],[397355.911,5817477.865],[397531.768,5817364.92],[397716.383,5817241.83],[397932.051,5817111.994],[398010.299571,5817052.887153]]]},"properties":{"PLR_ID":"11400928","PLR_NAME":"Nöldnerplatz","BEZ":"11","STAND":"01.01.2021","GROESSE_M2":584236.747}},
{"type":"Feature","geometry":{"type":"Polygon","coordinates":[[[386582.718,5824906.047],[386547.266,5824914.142],[386574.166,5824986.745],[386579.948,5825023.112],[386168.978,5825212.372],[386059.422,5825259.995],[385929.777,5825303.94],[385740.897,5825378.381],[385656.541,5825429.783],[385568.898,5825467.189],[385550.877,5825447.073],[385521.177,5825344.016],[385523.576,5825303.543],[385545.673,5825293.473],[385501.634,5825199.358],[385493.22,5825129.763],[385496.099,5825042.024],[385521.733,5824810.937],[385519.963,5824711.115],[385496.405,5824595.31],[385409.881,5824414.81],[385603.31,5824494.999],[385907.41,5824607.575],[385963.785,5824626.369],[386063.766,5824650.782],[386348.515,5824704.471],[386382.129,5824708.98],[386465.473,5824738.469],[386532.73,5824793.902],[386558.952,5824834.813],[386582.718,5824906.047]]]},"properties":{"PLR_ID":"12200411","PLR_NAME":"Schumacher-Quartier","BEZ":"12","STAND":"01.01.2021","GROESSE_M2":670383.746}},
{"type":"Feature","geometry":{"type":"Polygon","coordinates":[[[383382.237,5821385.173],[383410.946,5821440.873],[383425.438,5821553.49],[383472.187,5821738.589],[383472.285,5821787.844],[383483.905,5821826.072],[383415.962,5821849.372],[383322.214,5821891.483],[383087.526,5822012.259],[383071.204,5822020.645],[383069.229,5821969.216],[382986.38,5822001.202],[382989.141,5822009.15],[382909.946,5822051.923],[382865.061,5821920.053],[382837.754,5821923.893],[382695.076,5821972.5],[382498.104,5822014.29],[382366.74,5822030.881],[382290.401,5822273.762],[382295.71,5822273.438],[382262.169,5822384.851],[382254.191,5822413.132],[382187.927,5822439.384],[382045.834,5822572.149],[381923.786,5822676.146],[381947.622,5822694.392],[381890.73,5822747.684],[381796.57,5822846.191],[381611.832,5823020.277],[381488.492,5823125.937],[381261.469,5823335.575],[381201.704,5823328.754],[381214.767,5823206.241],[381210.536,5823157.505],[381188.934,5823089.535],[381149.718,5823010.593],[381138.255,5822959.523],[381138.557,5822907.307],[381183.361,5822518.787],[381184.245,5822452.825],[381167.877,5822312.849],[380975.369,5822336.47],[381031.219774,5822289.919852],[381045.358,5822266.549],[381023.387,5822200.227],[380960.445,5822112.747],[380935.672,5822088.449],[380877.618,5822162.704],[380858.077,5822162.363],[380831.665,5822197.121],[380777.189,5822216.785],[380734.798,5822200.145],[380639.191,5822128.952],[380501.392,5822073.214],[380379.94,5822037.993],[380068.3993,5821939.3078],[380186.413,5821900.409],[380327.541,5821848.522],[380457.659,5821783.77],[380617.959,5821666.714],[381076.46,5821290.351],[381060.587,5821245.926],[381120.527,5821190.336],[381186.259,5821147.846],[381269.534,5821114.712],[381364.747,5821101.888],[381545.156,5821093.8],[381670.005,5821095.042],[381869.953,5821106.301],[381947.313,5821114.387],[382025.1,5821136.954],[382143.285,5821199.34],[382275.057,5821256.436],[382388.342,5821273.008],[382484.884,5821269.277],[382484.424,5821276.635],[382554.5,5821279.721],[382677.113,5821276.445],[382869.132,5821256.306],[382961.717,5821262.072],[383002.128,5821275.861],[383066.696,5821315.269],[383130.232,5821367.616],[383204.712,5821403.873],[383274.772,5821412.941],[383321.412,5821408.325],[383382.237,5821385.173]]]},"properties":{"PLR_ID":"05300840","PLR_NAME":"Nonnendammallee","BEZ":"05","STAND":"01.01.2021","GROESSE_M2":3274832.767}},
{"type":"Feature","geometry":{"type":"Polygon","coordinates":[[[391204.053,5822097.635],[391060.746,5822417.915],[390697.796,5823235.858],[390633.029,5823239.827],[390586.215,5823232.589],[390554.465,5823241.422],[390450.964,5823205.238],[390356.5,5823150.798],[390272.545,5823077.469],[390226.383,5823019.626],[390193.86,5822953.869],[390145.09,5822876.36],[390119.695,5822813.001],[390101.962,5822793.409],[390095.035,5822728.165],[390093.964,5822612.514],[390103.32,5822496.005],[390120.26,5822404.481],[390093.794,5822401.988],[390100.322,5822346.688],[390113.727,5822347.553],[390133.134,5822307.007],[390269.529,5822080.289],[390357.751,5821949.921],[390453.794,5821817.534],[390538.796,5821689.777],[390628.901,5821574.142],[390662.43,5821599.966],[390809.811,5821802.54],[390828.726,5821816.039],[391023.176,5822009.87],[391043.604,5822027.124],[391204.053,5822097.635]]]},"properties":{"PLR_ID":"01300835","PLR_NAME":"Humboldthain Süd","BEZ":"01","STAND":"01.01.2021","GROESSE_M2":1103870.067}},
{"type":"Feature","geometry":{"type":"Polygon","coordinates":[[[389284.259,5823638.935],[389395.599,5823296.943],[389404.204,5823185.13],[389412.680502,5822941.069779],[389482.16,5822919.996],[389504.407,5822985.099],[389900.342,5823369.932],[390230.238,5823693.137],[390229.762,5823699.106],[390173.313,5823739.091],[390054.362,5823773.168],[389985.063,5823830.18],[389949.933,5823879.818],[389941.082,5823867.627],[389592.282,5823948.19],[389562.475,5823955.077],[389523.903,5823867.068],[389311.963,5823675.027],[389284.259,5823638.935]]]},"properties":{"PLR_ID":"01401044","PLR_NAME":"Uferstraße","BEZ":"01","STAND":"01.01.2021","GROESSE_M2":491567.116}},
{"type":"Feature","geometry":{"type":"Polygon","coordinates":[[[384655.304,5820152.934],[384647.328,5820147.822],[384660.461,5820075.917],[384684.821,5820016.273],[384701.618,5819942.775],[384756.78,5819236.627],[384977.575,5819256.232],[385647.661,5819312.167],[385672.488,5819566.75],[385682.065,5819583.436],[385207.275,5819846.201],[384984.672,5819974.627],[384942.88,5819994.133],[384655.304,5820152.934]]]},"properties":{"PLR_ID":"04300621","PLR_NAME":"Richard-Wagner-Straße","BEZ":"04","STAND":"01.01.2021","GROESSE_M2":550733.771}},
{"type":"Feature","geometry":{"type":"Polygon","coordinates":[[[386968.581,5819821.613],[386903.17,5819811.839],[386837.335,5819817.131],[386761.991,5819855.051],[386730.664,5819877.716],[386670.816,5819944.35],[386649.835,5819982.596],[386630.301,5820043.793],[386627.146,5820089.27],[386657.511,5820239.431],[386662.206,5820319.046],[386645.096,5820393.391],[386607.868,5820470.975],[386491.508,5820605.523],[386458.311,5820634.473],[386375.874,5820686.878],[386323.893,5820708.215],[386245.187,5820719.182],[386117.176,5820703.439],[386079.387,5820689.689],[386023.682,5820655.081],[385991.705,5820623.622],[385948.643,5820546.617],[385928.771,5820435.553],[385932.452,5820328.92],[385864.013,5820247.248],[385968.051,5820160.255],[385942.302,5820140.266],[385957.934,5820127.26],[386081.6,5820023.9],[386133.05,5819986.85],[386329.9,5819872.05],[386389.85,5819828.15],[386451.25,5819763.85],[386525.25,5819642.7],[386566.6,5819590.25],[386680.25,5819510.3],[386710.259264,5819465.263144],[386736.949,5819467.486],[386764.883,5819393.66],[386777.546,5819383.379],[386800.186,5819409.187],[387070.825,5819432.157],[387089.787,5819506.98],[387077.209,5819505.98],[387092.768,5819552.24],[387042.625,5819607.12],[387039.908,5819627.221],[387004.538,5819679.69],[386968.581,5819821.613]]]},"properties":{"PLR_ID":"04300620","PLR_NAME":"Spreestadt","BEZ":"04","STAND":"01.01.2021","GROESSE_M2":715515.505}},
{"type":"Feature","geometry":{"type":"Polygon","coordinates":[[[387621.286,5820849.669],[387623.66,5820882.471],[387633.387,5821447.304],[387640.229,5821451.653],[387658.652,5821523.837],[387647.572,5821538.507],[387656.051,5821718.742],[387663.974393,5821784.41417],[387377.415,5821738.413],[387203.067,5821681.165],[387200.183,5821653.092],[387142.431,5821318.546],[387117.703,5821138.84],[387078.101096,5820911.616735],[387304.093,5820870.943],[387409.354,5820860.331],[387596.031,5820848.249],[387621.286,5820849.669]]]},"properties":{"PLR_ID":"01200520","PLR_NAME":"Bremer Straße","BEZ":"01","STAND":"01.01.2021","GROESSE_M2":429956.469}},
{"type":"Feature","geometry":{"type":"Polygon","coordinates":[[[389192.525,5829798.234],[389435.054,5829779.156],[389434.471,5829771.657],[389592.756,5829760.473],[389730.833,5829754.544],[389797.753,5829735.91],[389813.232,5829748.024],[389990.688,5829740.615],[390015.32,5829794.881],[390045.767,5829874.145],[390059.358,5830050.112],[390059.167,5830251.1],[390026.047,5830486.682],[389995.405,5830597.207],[389935.408,5830758.837],[389861.519,5830940.74],[389817.775,5831063.144],[389760.448,5831211.124],[389727.788,5831286.561],[389629.116,5831499.184],[389524.627,5831703.518],[389474.019,5831852.471],[389461.54,5831846.748],[389456.543,5831838.524],[389395.974,5831862.986],[389380.589,5831842.751],[389358.719,5831863.116],[389333.432,5831839.019],[389303.687,5831831.837],[389317.854,5831799.169],[389276.929,5831796.639],[389229.966,5831807.853],[389161.862,5831790.052],[389114.81,5831734.683],[389077.882,5831742.006],[389053.572,5831732.95],[389047.589,5831708.626],[389019.232,5831706.056],[389025.634,5831687.826],[388993.945,5831691.969],[388966.869,5831713.073],[388934.15,5831660.481],[388928.171,5831628.507],[388911.232,5831644.779],[388881.906,5831639.608],[388874.442,5831613.162],[388852.655,5831634.185],[388830.748,5831598.596],[388792.222,5831622.788],[388765.634,5831613.885],[388736.902,5831635.171],[388704.875,5831627.332],[388691.147,5831646.832],[388645.865,5831673.322],[388624.849,5831673.413],[388607.456,5831646.956],[388568.201,5831660.183],[388534.829,5831640.02],[388511.523,5831648.574],[388478.365,5831617.548],[388484.658,5831591.509],[388459.015,5831612.15],[388425.216,5831608.968],[388401.517,5831583.275],[388384.558,5831706.058],[388114.21,5831685.231],[388026.668,5831689.508],[387903.987,5831703.471],[387875.72,5831668.076],[387827.657,5831675.621],[387782.51,5831646.723],[387737.393,5831661.932],[387672.201,5831642.195],[387609.43,5831662.38],[387584.956,5831647.387],[387547.717,5831667.765],[387520.846,5831621.411],[387486.306,5831628.088],[387407.591,5831593.47],[387403.892,5831571.944],[387375.427,5831573.676],[387354.271,5831551.21],[387280.464,5831535.908],[387237.963,5831498.43],[387191.293,5831403.766],[387135.708,5831343.99],[387073.777,5831297.023],[386971.419,5831263.136],[386941.918,5831211.011],[386936.008,5831140.159],[386962.409334,5831081.612525],[387002.374208,5831044.644732],[387039.936422,5831031.012696],[387020.038768,5831003.915993],[387014.286979,5830887.298604],[387031.82581,5830868.140317],[387010.752297,5830835.434523],[387004.313891,5830739.402737],[387140.012,5830576.814],[387245.377,5830463.015],[387361.988,5830329.633],[387368.543,5830308.571],[387402.416,5830322.814],[387595.836,5830019.062],[387552.882,5829990.342],[387618.563,5829985.921],[387703.298,5829893.054],[387701.066,5829880.847],[387837.696,5829727.526],[387873.06,5829699.525],[388166.297,5829792.842],[388370.386,5829856.05],[388422.816,5829857.831],[388882.549,5829819.817],[388882.924,5829824.269],[389192.525,5829798.234]]]},"properties":{"PLR_ID":"12500929","PLR_NAME":"Lübars","BEZ":"12","STAND":"01.01.2021","GROESSE_M2":5011409.636}},
{"type":"Feature","geometry":{"type":"Polygon","coordinates":[[[392422.032,5807900.362],[392498.281,5808061.709],[392544.754,5808117.14],[392600.011,5808141.639],[392605.428,5808171.504],[392595.063,5808293.84],[392584.994,5808358.056],[392543.712,5808446.164],[392487.153,5808504.952],[392409.366,5808559.336],[392380.66,5808601.157],[392333.833,5808716.717],[392238.822,5808978.54],[392223.268,5809034.591],[392214.8,5809097.175],[392204.191,5809264.034],[392224.426,5809260.778],[392206.473,5809340.974],[392175.546,5809396.328],[392148.912,5809426.48],[392046.162,5809524.083],[391990.722,5809563.814],[391636.334,5809785.41],[391601.396,5809667.524],[391559.442,5809567.639],[391486.981,5809423.088],[391375.857,5809194.029],[391569.821,5809145.557],[391521.102,5808950.71],[391198.904,5808821.012],[391154.592,5808738.071],[391346.072,5808143.103],[391585.392,5808196.201],[391691.63,5808212.362],[391753.531,5808215.305],[391854.037,5808207.647],[391957.952,5808177.295],[392145.084,5808081.358],[392406.23,5807907.011],[392422.032,5807900.362]]]},"properties":{"PLR_ID":"08200831","PLR_NAME":"Buckow West","BEZ":"08","STAND":"01.01.2021","GROESSE_M2":1457762.154}},
{"type":"Feature","geometry":{"type":"Polygon","coordinates":[[[402026.489963,5812420.943224],[402038.481,5812049.976],[402049.485,5811718.655],[402093.381,5811713.248],[402107.398,5811698.463],[402292.197,5811628.938],[402335.033,5811625.436],[402550.373,5811547.431],[402593.178,5811528.371],[402758.861,5811471.376],[402818.442,5811458.231],[402823.695,5811491.764],[402848,5811547.25],[402865.552,5811617.739],[402931.4,5811795.4],[402902.9,5811837.55],[402853.15,5811853.127],[402804.436,5811880.065],[402748.4,5811930.5],[402688.291,5812009.228],[402635.115,5812105.119],[402585.64,5812211.51],[402553.374,5812294.211],[402515.988,5812369.756],[402462.55,5812418.8],[402385.65,5812444.4],[402332.9,5812444.05],[402282.8,5812423.6],[402211.55,5812417.45],[402065.82,5812424.689],[402026.489963,5812420.943224]]]},"properties":{"PLR_ID":"09200818","PLR_NAME":"Spindlersfeld","BEZ":"09","STAND":"01.01.2021","GROESSE_M2":571610.581}},
{"type":"Feature","geometry":{"type":"Polygon","coordinates":[[[383049.784,5810515.398],[383012.498,5810502.837],[382615.342,5810347.51],[382601.226,5810349.662],[382138.896,5810341.396],[381949.796,5810328.913],[381901.24,5810313.947],[381789.511,5810212.097],[381679.882211,5810189.208961],[381678.386,5810199.929],[381422.859478,5810160.304562],[381209.027,5809857.699],[381153.216,5809747.506],[381044.598,5809480.56],[380930.635,5809149.25],[380912.648,5809121.077],[381032.11,5809019.511],[381268.055,5808795.722],[381275.065,5808732.052],[381563.048879,5808763.301594],[381618.28,5808499.026],[381632.911,5808476.479],[381706.422,5808406.727],[382007.878,5808103.434],[382094.691,5808107.07],[382096.732,5808076.812],[382122.563,5808054.262],[382129.1728,5807954.990483],[382161.344,5807957.715],[382163.549,5807923.309],[382395.437,5807950.091],[382496.263,5807979.037],[382574.28,5808014.393],[382566.48,5808048.069],[382485.242,5808399.01],[382527.851,5808575.38],[382533.214,5808566.108],[382808.117,5809737.57],[382818.968,5809778.172],[383049.784,5810515.398]]]},"properties":{"PLR_ID":"06300528","PLR_NAME":"Teltower Damm","BEZ":"06","STAND":"01.01.2021","GROESSE_M2":3119460.994}},
{"type":"Feature","geometry":{"type":"Polygon","coordinates":[[[403351.907,5825124.678],[403371.711,5825136.286],[403453.803,5825292.87],[403468.097,5825341.086],[403460.45,5825432.677],[403411.656,5825607.323],[403411.676,5825649.737],[403427.039098,5825777.233541],[403410.224,5825812.913],[403410.508,5825819.406],[403186.658,5825756.833],[403029.38,5825774.46],[403033.873,5825742.769],[402994.129,5825745.955],[402975.257,5825822.196],[402938.488,5825903.408],[402871.748,5825804.78],[402850.958,5825729.438],[402872.741,5825742.438],[402846.083,5825670.548],[402887.164,5825668.622],[402852.281,5825599.453],[402836.212,5825610.468],[402753.495245,5825459.361248],[402970.537,5825336.789],[402981.396,5825325.49],[403197.339,5825204.277],[403351.907,5825124.678]]]},"properties":{"PLR_ID":"10100102","PLR_NAME":"Rosenbecker Straße","BEZ":"10","STAND":"01.01.2021","GROESSE_M2":327912.668}},
{"type":"Feature","geometry":{"type":"Polygon","coordinates":[[[382566.48,5808048.069],[382574.28,5808014.393],[382496.263,5807979.037],[382395.437,5807950.091],[382163.549,5807923.309],[382153.072,5807922.221],[382167.588,5807736.559],[382202.235,5807676.132],[382231.86,5807520.159],[382244.768,5807409.58],[382315.753,5807402.702],[382447.945,5807413.71],[382598.868,5807462.74],[382710.074,5807505.535],[382797.262,5807573.564],[383024.253,5807739.198],[383706.42,5808330.023],[383720.456,5808347.745],[383918.804,5808518.795],[384078.94,5808647.534],[384163.145,5808701.25],[384153.752818,5808720.907638],[384255.244105,5808776.539324],[384342.775089,5808833.955364],[384418.087,5808898.533],[384467.894254,5808950.888552],[384563.692,5809080.08],[384594.224,5809159.681],[384707.633,5809393.407],[384721.4,5809414.598],[384838.942949,5809657.167687],[384978.733,5809946.112],[385117.112,5810221.627],[385158.386743,5810276.647909],[385183.322,5810261.895],[385200.811,5810285.032],[385175.026,5810299.716],[385110.045,5810370.136],[385082.497,5810332.601],[385054.874,5810306.048],[384997.884,5810232.716],[384713.587,5809852.484],[384715.899,5809848.911],[384614.363,5809712.999],[384595.737,5809694.765],[384414.666,5809452.532],[384356.513,5809367.98],[384301.076,5809313.249],[384275.65,5809337.041],[384110.155,5809185.726],[384019.458,5809121.423],[383952.664,5809089.425],[383284.267,5808822.965],[383242.47,5808802.13],[383188.679,5808760.341],[382693.777,5808311.484],[382703.9,5808300.207],[382744.208,5808306.426],[382659.585,5808139.674],[382611.077,5808075.442],[382566.48,5808048.069]]]},"properties":{"PLR_ID":"06300631","PLR_NAME":"Goerzwerke","BEZ":"06","STAND":"01.01.2021","GROESSE_M2":1783623.157}},
{"type":"Feature","geometry":{"type":"Polygon","coordinates":[[[385647.661,5819312.167],[385838.81,5819328.222],[385833.082,5819318.332],[385883.986,5819209.563],[386146.452,5819231.41],[386225.368,5819153.861],[386335.219,5819021.171],[386328.128,5819015.306],[386445.472,5818917.834],[386408.869,5818882.031],[386386.217,5818882.838],[386340.588,5818487.837],[386431.077,5818478.779],[386539.265,5818486.208],[386588.813,5818503.614],[386691.066,5818574.584],[386662.471,5818577.857],[386713.089,5818646.269],[386886.277,5818962.762],[386668.276,5819083.36],[386838.221,5819169.371],[386899.636,5819211.91],[386942.84,5819259.564],[386923.083,5819260.19],[386769.408,5819320.879],[386730.159,5819345.484],[386710.328,5819388.988],[386764.883,5819393.66],[386736.949,5819467.486],[386710.259264,5819465.263144],[386680.25,5819510.3],[386566.6,5819590.25],[386525.25,5819642.7],[386451.25,5819763.85],[386389.85,5819828.15],[386329.9,5819872.05],[386133.05,5819986.85],[386081.6,5820023.9],[385957.934,5820127.26],[385927.804,5820103.294],[385864.375,5819974.867],[385877.417,5819967.403],[385779.32,5819774.833],[385770.469,5819779.481],[385696.273,5819633.853],[385682.065,5819583.436],[385672.488,5819566.75],[385647.661,5819312.167]]]},"properties":{"PLR_ID":"04300622","PLR_NAME":"Ernst-Reuter-Platz","BEZ":"04","STAND":"01.01.2021","GROESSE_M2":959925.982}},
{"type":"Feature","geometry":{"type":"Polygon","coordinates":[[[387733.581522,5822269.792656],[387883.1,5822235.3],[387962.4,5822231.15],[388062.05,5822248.1],[388234.25,5822304.5],[388291.9,5822315.7],[388372.5,5822316.45],[388488.3,5822285.65],[388619.85,5822222.3],[388724.315,5822303.209],[388634.191,5822414.114],[388523.411,5822715.687],[388422.98888,5822834.014368],[388358.401,5822792.557],[388237.046,5822725.996],[388069.194,5822649.46],[387985.204,5822571.24],[387754.516,5822310.002],[387733.581522,5822269.792656]]]},"properties":{"PLR_ID":"01401046","PLR_NAME":"Nordufer","BEZ":"01","STAND":"01.01.2021","GROESSE_M2":325057.192}},
{"type":"Feature","geometry":{"type":"Polygon","coordinates":[[[401357.734422,5825093.19364],[401424.209,5825180.114],[401434.601,5825185.958],[401700.004,5825280.374],[401700.827,5825278.127],[402123.087,5825432.369],[402450.466,5825549.96],[402710.374,5825650.594],[402850.958,5825729.438],[402871.748,5825804.78],[402938.488,5825903.408],[402885.951,5826011.456],[402860.663,5826090.199],[402775.579,5826223.445],[402731.043,5826317.913],[402652.061,5826420.387],[402555.172,5826565.482],[402517.997,5826601.461],[402417.521,5826718.422],[402225.146,5826901.494],[402151.789,5826965.987],[402131.045,5826992.263],[402045.166,5827053.762],[401880.12,5827184.957],[401732.305,5827285.434],[401564.018,5827392.327],[401451.768,5827141.78],[401343.356,5826905.0611],[401211.9725,5826590.197],[400953.392509,5826017.484755],[400882.277,5825833.684],[400859.43,5825757.538],[400787.321,5825758.719],[400784.242,5825740.373],[400474.375725,5825772.531495],[400376.692,5825519.716],[400352.001247,5825450.774985],[400470.419,5825472.259],[400487.839,5825455.905],[400541.615,5825443.403],[400634.541,5825359.672],[400630.596,5825315.792],[400691.537,5825245.799],[400761.392,5825191.255],[400768.887,5825200.531],[400829.981,5825151.143],[400903.069,5825198.737],[401134.048,5825040.246],[401169.509,5825003.225],[401212.857,5825012.369],[401308.858,5825058.026],[401357.734422,5825093.19364]]]},"properties":{"PLR_ID":"11100102","PLR_NAME":"Dorf Falkenberg","BEZ":"11","STAND":"01.01.2021","GROESSE_M2":3056834.492}},
{"type":"Feature","geometry":{"type":"Polygon","coordinates":[[[393888.621,5826928.365],[393819.498,5826829.69],[393853.708,5826802.501],[393830.365,5826769.169],[393825.571,5826726.914],[393855.124,5826705.173],[393859.752,5826644.14],[393883.367,5826619.842],[393878.678,5826570.324],[393817.219,5826509.48],[393788.688,5826467.389],[393766.995,5826453.198],[393675.743,5826365.726],[393601.010554,5826287.79003],[393598.106,5826213.808],[393580.491635,5826070.134047],[393553.002,5825910.115],[393536.70572,5825792.531005],[393527.214,5825740.878],[393513.419,5825721.033],[393498.506,5825634.259],[393490.438,5825553.627],[393482.759,5825548.497],[393394.996,5825038.336],[393401.487,5824982.156],[393433.913,5824697.339],[393441.376,5824690.658],[393457.824,5824571.162],[393478.472,5824423.235],[393472.544,5824422.308],[393505.379,5824187.69],[393521.176,5824118.418],[393537.931,5824120.8],[393767.875,5824249.558],[393797.798,5824262.68],[393857.856,5824289.135],[393949.402,5824342.098],[394042.776,5824427.678],[394217.754,5824544.2],[394424.398,5824692.228],[394522.867,5824753.444],[394658.021,5824824.684],[394800.019,5824910.833],[394758.97,5824978.999],[394764.491,5825004.408],[394879.837,5824970.418],[394978.586,5825048.375],[395183.868,5825178.669],[395277.032,5825245.787],[395337.145,5825265.005],[395461.874,5825267.744],[395475.395,5825387.13],[395513.926,5825564.862],[395510.233,5825777.189],[395505.132,5825837.756],[395462.584,5825941.655],[395459.535,5826001.017],[395473.235,5826177.03],[395220.239,5826360.401],[395035.716,5826472.848],[394937.218,5826621.917],[394867.391,5826698.178],[394867.665,5826712.547],[394774.44,5826807.811],[394646.862,5826865.537],[394645.303,5826862.363],[394304.18,5827019.508],[394173.172,5827041.611],[394002.885,5826986.978],[393999.93,5826937.319],[393966.004,5826931.282],[393994.615,5827066.031],[393982.309,5827067.137],[393888.621,5826928.365]]]},"properties":{"PLR_ID":"03300516","PLR_NAME":"Heinersdorf","BEZ":"03","STAND":"01.01.2021","GROESSE_M2":3906794.569}},
{"type":"Feature","geometry":{"type":"Polygon","coordinates":[[[375226.58,5821068.579],[375235.93,5821049.142],[375335.932,5820589.03],[375337.271,5820538.021],[375327.523803,5820503.040251],[376179.656,5820181.405],[376275.676,5820146.984],[376273.974,5820142.187],[376449.485,5820079.274],[376561.825,5820160.547],[376884.754,5820410.281],[377032.679,5820529.13],[377043.782,5820552.438],[377101.042,5820615.851],[377065.199,5820672.939],[377018.914,5820708.304],[376438.387,5820983.237],[376333.620457,5821028.695226],[376353.381,5821041.958],[376222.708,5821103.478],[376166.896,5821144.717],[376108.99,5821202.035],[376065.292,5821236.557],[376006.829,5821263.289],[375909.82,5821273.232],[375843.692,5821249.166],[375751.232,5821196.248],[375697.378,5821175.364],[375556.816,5821141.934],[375226.58,5821068.579]]]},"properties":{"PLR_ID":"05200527","PLR_NAME":"Maulbeerallee","BEZ":"05","STAND":"01.01.2021","GROESSE_M2":1311825.745}},
{"type":"Feature","geometry":{"type":"Polygon","coordinates":[[[387176.539,5813339.964],[387189.57,5813510.464],[387190.309,5813608.456],[387168.051,5813990.813],[387159.273,5814064.919],[387188.631197,5814084.557644],[387155.793,5814118.931],[387149.332,5814230.946],[387129.093,5814210.522],[387050.065,5814280.26],[386981.798,5814329.074],[386952.404,5814285.015],[386880.699,5814196.175],[386869.636,5814204.895],[386647.47,5814163.28],[386592.543,5814086.042],[386449.116,5813884.241],[386319.976,5813671.294],[386298.929,5813656.106],[386324.324122,5813495.623082],[386370.498752,5813559.483052],[386439.113755,5813511.991998],[386415.249,5813481.897],[386437.779,5813464.119],[386476.164343,5813483.363934],[386493.429,5813469.96],[386496.366587,5813424.793199],[386524.327,5813426.377],[386658.633,5813343.54],[386689.44,5813305.637],[386851.197,5813319.711],[387176.539,5813339.964]]]},"properties":{"PLR_ID":"06100209","PLR_NAME":"Feuerbachstraße","BEZ":"06","STAND":"01.01.2021","GROESSE_M2":633835.16}},
{"type":"Feature","geometry":{"type":"Polygon","coordinates":[[[400376.692,5825519.716],[400299.33,5825532.811],[400069.99,5825587.961],[399853.346,5825674.419],[399755.202,5825702.776],[399732.352,5825728.19],[399666.643,5825727.817],[399558.673,5825751.615],[399553.01,5825721.466],[399384.567,5825741.421],[399314.235,5825774.587],[399235.483,5825786.145],[399216.071,5825710.488],[399189.918,5825681.232],[399129.307816,5825635.957312],[399106.851,5825628.83],[398939.727417,5825504.789538],[399107.017,5825275.103],[399151.408,5825256.499],[399281.272,5825229.54],[399325.92247,5825186.261185],[399346.718413,5825200.616108],[399364.88,5825183.673],[399414.43,5825206.537],[399410.788,5825226.884],[399515.82,5825291.098],[399527.908,5825274.25],[399642.094,5825321.401],[399748.677,5825343.14],[399934.594,5825377.556],[399935.371,5825373.242],[400352.001247,5825450.774985],[400376.692,5825519.716]]]},"properties":{"PLR_ID":"11100205","PLR_NAME":"Wartenberg Süd","BEZ":"11","STAND":"01.01.2021","GROESSE_M2":455958.935}},
{"type":"Feature","geometry":{"type":"Polygon","coordinates":[[[388649.621,5828699.069],[388671.769,5828693.623],[388862.354,5828705.377],[388970.679,5828717.073],[389046.084,5828713.437],[389397.895,5828735.855],[389413.683,5828753.526],[389446.804,5828754.939],[389475.323,5828740.79],[389613.57,5828920.243],[389675.17,5829026.501],[389720.786,5829134.624],[389906.548,5829546.583],[389990.688,5829740.615],[389813.232,5829748.024],[389797.753,5829735.91],[389730.833,5829754.544],[389592.756,5829760.473],[389434.471,5829771.657],[389435.054,5829779.156],[389192.525,5829798.234],[389262.749,5829674.796],[389190.119,5829637.527],[389141.576,5829648.933],[389113.118,5829642.201],[389066.112,5829531.309],[389096.64,5829482.768],[389103.425,5829454.217],[389094.502,5829407.715],[389063.524,5829371.904],[388666.951,5829102.998],[388642.432,5829077.983],[388628.741,5829040.129],[388649.621,5828699.069]]]},"properties":{"PLR_ID":"12601133","PLR_NAME":"Treuenbrietzener Straße","BEZ":"12","STAND":"01.01.2021","GROESSE_M2":918330.963}},
{"type":"Feature","geometry":{"type":"Polygon","coordinates":[[[405782.97,5822627.233],[405797.625,5822394.664],[405863.99,5822389.799],[405873.772,5822343.305],[405792.038,5822335.569],[405798.449,5822278.135],[405769.488,5822254.633],[405828.485,5822200.016],[405833.422,5822124.491],[405852.196,5821996.491],[405904.851221,5821797.953849],[406144.897,5821874.109],[406425.253,5821933.622],[406518.908,5821946.383],[406675.507,5821942.162],[406876.529,5821927.67],[406993.737,5821909.277],[407197.628,5821858.126],[407405.212,5821783.247],[407415.791,5821779.265],[407607.36,5822075.724],[407591.665,5822224.389],[407529.896,5822224.034],[407461.379,5822232.466],[407391.2,5822291.66],[406830.33,5822387.3],[406330.48,5822466.45],[405782.97,5822627.233]]]},"properties":{"PLR_ID":"10200423","PLR_NAME":"Böhlener Straße","BEZ":"10","STAND":"01.01.2021","GROESSE_M2":920800.163}},
{"type":"Feature","geometry":{"type":"Polygon","coordinates":[[[385731.649,5816993.267],[386067.905,5817170.242],[386168.948532,5817232.32245],[386222.478,5817632.539],[386274.826,5817957.532],[385909.061,5817931.537],[385731.649,5816993.267]]]},"properties":{"PLR_ID":"04501044","PLR_NAME":"Ludwigkirchplatz","BEZ":"04","STAND":"01.01.2021","GROESSE_M2":314917.324}},
{"type":"Feature","geometry":{"type":"Polygon","coordinates":[[[381391.722,5811696.614],[381505.844,5811725.177],[381591.721,5811764.819],[381666.039,5811823.854],[381735.945,5811870.044],[381807.978,5811905.222],[381913.912,5811944.176],[382101.291,5811988.424],[382178.584,5812016.419],[382249.780112,5812053.16927],[381983.717,5812419.988],[381978.402,5812446.274],[381986.743,5812499.977],[381909.838,5812603.267],[381916.985,5812653.852],[381867.003,5812664.823],[381771.357,5812796.158],[381760.35,5812800.949],[381554.615,5813083.781],[381560.922,5813085.305],[381392.441,5813316.744],[381355.192,5813317.732],[381288.885,5813353.491],[381269.92,5813346.852],[381218.512,5813301.062],[381181.924,5813279.508],[381134.282,5813301.883],[381129.223,5813327.727],[381103.753,5813321.872],[381107.885,5813140.464],[381118.356742,5812930.022878],[380994.847,5812913.027],[380914.705,5812897.895],[380563.533,5812823.203],[380452.21,5812787.029],[380808.117,5812284.404],[380920.855,5812383.995],[380944.228,5812361.612],[381276.539,5811900.133],[381272.14,5811897.007],[381397.465,5811722.48],[381391.722,5811696.614]]]},"properties":{"PLR_ID":"06400840","PLR_NAME":"Fischtal","BEZ":"06","STAND":"01.01.2021","GROESSE_M2":1385393.678}},
{"type":"Feature","geometry":{"type":"Polygon","coordinates":[[[383659.458,5819479.243],[383646.061,5819617.579],[383625.098,5819733.128],[383598.556,5819837.982],[383574.858,5819892.105],[383589.317,5819901.06],[383570.56,5819952.653],[383541.931756,5820085.964887],[383331.386,5820071.056],[383261.627,5820062.994],[383075.896,5819476.835],[383076.572,5819463.473],[383077.689,5819437.493],[383053.842,5819407.179],[383141.116,5819101.168],[383111.424,5819103.613],[382856.466,5819079.305],[382844.386,5819040.917],[382909.109,5818982.776],[382877.125,5818931.591],[382779.546,5818810.435],[382745.318,5818839.355],[382627.968,5818695.526],[382612.419,5818657.154],[382584.238,5818677.203],[382290.69,5818796.191],[382220.549,5818828.731],[382092.114,5818908.984],[382063.21843,5818871.269017],[382119.34,5818819.347],[382165.834,5818758.094],[382191.637,5818710.801],[382223.366,5818616.071],[382269.044,5818400.362],[382295.096,5818303.397],[382338.239,5818190.049],[382365.895,5818141.536],[382428.409,5818057.292],[382474.013,5818010.828],[382580.298,5817945.15],[382685.605,5817895.92],[382686.482,5817884.174],[382776.15,5817853.311],[382811.079,5817849.167],[382868.345,5817864.356],[383327.78,5818078.934],[383365.411,5818197.43],[383389.656,5818200.359],[383344.828,5818338.613],[383342.302,5818373.498],[383366.659,5818443.35],[383349.778,5818447.991],[383376.488,5818612.011],[383403.802,5818730.145],[383432.299,5818813.108],[383487.386,5818932.972],[383594.911,5819142.263],[383642.588,5819274.707],[383656.437,5819366.02],[383659.458,5819479.243]]]},"properties":{"PLR_ID":"04200311","PLR_NAME":"Königin-Elisabeth-Straße","BEZ":"04","STAND":"01.01.2021","GROESSE_M2":1555799.524}},
{"type":"Feature","geometry":{"type":"Polygon","coordinates":[[[390771.475,5825398.958],[390832.614,5825461.457],[390732.74,5825564.33],[390766.711,5825600.506],[390422.671,5825925.796],[390364.749,5825892.41],[390192.917,5825952.246],[390166.296,5826016.326],[390150.306,5826013.501],[390143.209,5826056.889],[390120.91,5826052.813],[390114.472,5826086.655],[390092.118,5826075.826],[389978.96,5826204.13],[389966.165,5826226.717],[389869.675,5826224.667],[389889.061,5826206.248],[389796.943,5826203.596],[389794.68,5826197.649],[389863.995,5826134.874],[389550.414,5825715.258],[389530.119,5825702.835],[389013.738,5825458.606],[389063.689,5825291.298],[389743.543,5825413.925],[390107.995,5825482.201],[390146.119638,5825485.246155],[390102.57,5825249.743],[390108.632,5825243.577],[390277.658,5825271.348],[390493.533,5825410.166],[390510.528,5825412.252],[390736.805,5825359.839],[390771.475,5825398.958]]]},"properties":{"PLR_ID":"12100102","PLR_NAME":"Hausotterplatz","BEZ":"12","STAND":"01.01.2021","GROESSE_M2":809947.517}},
{"type":"Feature","geometry":{"type":"Polygon","coordinates":[[[403194.033,5818963.324],[403217.752,5818745.486],[403285.579,5818661.769],[403320.904,5818600.957],[403409.809,5818517.322],[403477.266,5818403.521],[403533.302,5818336.655],[403573.044,5818243.239],[403579.440535,5818184.107789],[403710.126,5818181.931],[403716.233,5818189.62],[403861.827,5818180.774],[403861.724,5818176.099],[404061.881,5818166.96],[404164.497,5818167.874],[404280.654,5818160.546],[404435.924,5818156.267],[404437.57,5818161.519],[404880.119,5818147.884],[404886.664,5818152.464],[404902.665,5818208.068],[404960.281,5818350.97],[405110.364,5818624.879],[405206.016,5818836.898],[405236.462,5818884.331],[405228.199,5818884.397],[405068.589,5818885.408],[404839.877,5818902.813],[404805.147,5818935.8],[404712.106,5818940.162],[404705.31,5818924.884],[404412.666,5818952.402],[404337.288,5818970.155],[404347.176,5818953.275],[404296.78,5818951.56],[404240.151,5818961.286],[404225.772,5818985.871],[404185.266,5818944.496],[403931.079,5818972.535],[403646.219,5818992.784],[403597.279,5819004.074],[403496.826,5819021.737],[403421.613,5819028.892],[403422.407,5819052.026],[403395.997041,5819052.898158],[403389.668,5819027.837],[403195.744,5819041.803],[403194.029353,5819033.771476],[403194.033,5818963.324]]]},"properties":{"PLR_ID":"10400836","PLR_NAME":"Alt-Kaulsdorf","BEZ":"10","STAND":"01.01.2021","GROESSE_M2":1349164.897}},
{"type":"Feature","geometry":{"type":"Polygon","coordinates":[[[374524.360369,5822416.135077],[374617.789,5823137.224],[374603.865,5823149.584],[374296.439,5823293.708],[374139.303,5823364.886],[374124.638,5823374.83],[374119.193,5823337.072],[374041.339,5822692.33],[373999.44,5822566.294],[373983.874,5822490.334],[374049.83,5822492.742],[374175.730426,5822464.815204],[374271.247,5822448.96],[374304.05,5822450.938],[374455.971,5822429.463],[374524.360369,5822416.135077]]]},"properties":{"PLR_ID":"05200419","PLR_NAME":"Am Heideberg","BEZ":"05","STAND":"01.01.2021","GROESSE_M2":422278.199}},
{"type":"Feature","geometry":{"type":"Polygon","coordinates":[[[384784.022,5813402.823],[384982.349,5813455.852],[384955.647,5813301.179],[385025.694,5813214.442],[385089.988,5813104.327],[385108.655,5813086.344],[385066.837,5813053.711],[385137.997,5812940.286],[385184.241,5812873.881],[385274.899,5812815.692],[385324.271,5812777.556],[385350.618,5812739.588],[385396.767,5812717.692],[385488.805,5812761.149],[385532.414,5812787.695],[385702.824,5812873],[385731.343,5812874.231],[385764.612821,5812893.041426],[385805.931,5812974.454],[385826.506,5813029.785],[385923.395899,5813190.808024],[385782.871,5813264.654],[385569.027,5813401.789],[385658.227,5813556.642],[385712.284,5813656.438],[385703.148,5813670.811],[385370.355,5813872.044],[385498.753,5814082.248],[385196.688,5814266.776],[385162.407,5814305.927],[385079.726,5814234.574],[385013.554,5814222.329],[384930.84,5814184.308],[384874.652,5814015.938],[384840.233,5813880.172],[384776.657,5813426.242],[384778.353,5813423.899],[384784.022,5813402.823]]]},"properties":{"PLR_ID":"06100101","PLR_NAME":"Fichtenberg","BEZ":"06","STAND":"01.01.2021","GROESSE_M2":989969.522}},
{"type":"Feature","geometry":{"type":"Polygon","coordinates":[[[376353.381,5821041.958],[376333.620457,5821028.695226],[376438.387,5820983.237],[377018.914,5820708.304],[377065.199,5820672.939],[377101.042,5820615.851],[377141.38,5820548.001],[377172.967,5820514.552],[377170.73,5820338.428],[377353.709,5820335.906],[377349.632,5820185.393],[377364.627,5820185.239],[377371.912,5820115.996],[377414.437,5820032.075],[377504.509,5819942.583],[377541.089,5819876.064],[377531.229,5819863.143],[377577.464,5819762.161],[377601.335,5819727.123],[377632.292,5819711.115],[377629.288,5819724.05],[377659.497,5819911.037],[377672.966,5819963.871],[377704.219,5820164.386],[377719.083,5820595.147],[377704.144,5820867.292],[377698.345,5820903.72],[377665.795,5821020.458],[377604.506,5821204.281],[377589.734,5821267.317],[377618.638,5821348.85],[377634.828,5821430.84],[377395.5,5821365.441],[377408.39,5821301.861],[377405.565,5821222.11],[377374.155,5821129.848],[377087.341,5821270.913],[376668.612223,5821126.102531],[376662.34,5821144.004],[376418.529,5821059.63],[376353.381,5821041.958]]]},"properties":{"PLR_ID":"05200630","PLR_NAME":"Wilhelmstadt West","BEZ":"05","STAND":"01.01.2021","GROESSE_M2":909110.427}},
{"type":"Feature","geometry":{"type":"Polygon","coordinates":[[[389798.19,5812559.296],[390087.529,5812666.739],[390108.93,5812605.908],[390201.561,5812629.454],[390241.757,5812632.56],[390209.68,5812930.336],[390206.652,5813088.79],[390248.95,5813344.516],[390034.966,5813379.731],[390035.066,5813382.849],[389708.085,5813436.741],[389635.931,5812979.109],[389650.266,5812943.649],[389641.891,5812929.689],[389659.068,5812884.856],[389730.05,5812746.956],[389743.05,5812728.689],[389798.19,5812559.296]]]},"properties":{"PLR_ID":"07400825","PLR_NAME":"Friedrich-Karl-Straße","BEZ":"07","STAND":"01.01.2021","GROESSE_M2":418519.804}},
{"type":"Feature","geometry":{"type":"Polygon","coordinates":[[[405476.741,5820677.412],[405866.048,5820573.683],[406049.127,5820714.894],[406085.898,5820660.848],[406219.197,5820605.565],[406322.108,5820514.424],[406436.113,5820600.385],[406475.184,5820552.731],[406743.562,5820798.193],[406775.09,5820780.216],[406776.91,5820788.118],[406619.486,5820876.067],[406534.061,5820915.911],[406088.916,5821077.797],[406059.254,5821090.537],[405720.174,5821212.36],[405673.243,5821081.479],[405665.435,5821077.853],[405585.84,5820876.226],[405579.339,5820840.107],[405538.497,5820781.738],[405540.002073,5820760.117853],[405510.149,5820765.057],[405476.741,5820677.412]]]},"properties":{"PLR_ID":"10200525","PLR_NAME":"Schleipfuhl","BEZ":"10","STAND":"01.01.2021","GROESSE_M2":475941.269}},
{"type":"Feature","geometry":{"type":"Polygon","coordinates":[[[397704.236402,5819008.0444],[398021.981,5818957.128],[398036.641,5818964.714],[398095.418,5819003.379],[398336.614,5819152.106],[398476.286,5819220.232],[398573.255,5819257.433],[398658.158,5819283.286],[398752.779,5819327.981],[398805.737,5819392.797],[398823.365,5819434.298],[398881.306,5819610.44],[398882.653,5819707.812],[398852.232,5819794.069],[398827.517,5819834.208],[398726.275,5819965.961],[398629.502,5819968.299],[398632.543,5819686.798],[398559.279,5819719.272],[398535.441,5819722.937],[398389.341,5819732.868],[398269.061,5819720.949],[398160.037,5819740.027],[398074.742,5819748.809],[397892.922,5819751.038],[397873.538,5819633.302],[397820.776,5819643.205],[397704.236402,5819008.0444]]]},"properties":{"PLR_ID":"11300725","PLR_NAME":"Nibelungenviertel","BEZ":"11","STAND":"01.01.2021","GROESSE_M2":683420.436}},
{"type":"Feature","geometry":{"type":"Polygon","coordinates":[[[397890.489061,5825910.587793],[397919.525,5825811.988],[397943.003217,5825805.86941],[398149.161,5825493.906],[398402.932388,5825114.55469],[398437.038101,5825071.514163],[398464.58,5825089.765],[398491.075,5825058.101],[398617.007,5824867.602],[398638.085,5824856.042],[398657.23584,5824807.896771],[398681.785,5824771.159],[398841.675,5824860.796],[398833.83,5824872.534],[398912.932,5824925.583],[398950.609,5824927.57],[399049.758,5824978.714],[399145.443,5825038.157],[399069.7,5825146.416],[398920.976,5825339.228],[398830.137,5825464.865],[398769.515,5825555.86],[398648.577,5825712.897],[398639.062,5825720.437],[398553.424,5825846.165],[398334.916,5826144.546],[398274.68,5826220.417],[398244.129,5826183.475],[398232.877,5826099.953],[398213.426,5826080.336],[398004.101,5825917.843],[397890.489061,5825910.587793]]]},"properties":{"PLR_ID":"11100307","PLR_NAME":"Zingster Straße Ost","BEZ":"11","STAND":"01.01.2021","GROESSE_M2":730342.961}},
{"type":"Feature","geometry":{"type":"Polygon","coordinates":[[[386101.722,5826660.278],[385987.131,5826638.253],[385872.86,5826638.48],[385864.223,5826623.217],[385863.376,5826606.722],[385692.882,5825920.577],[386559.017,5825708.451],[386559.938,5825712.164],[386619.106,5825948.14],[386586.291,5825956.124],[386611.881,5826060.76],[386620.051,5826172.156],[386372.416,5826195.669],[386367.88,5826201.125],[386387.255117,5826419.396772],[386152.633,5826441.596],[386075.162,5826461.23],[386087.16,5826608.794],[386097.079,5826609.782],[386101.722,5826660.278]]]},"properties":{"PLR_ID":"12200308","PLR_NAME":"Mellerbogen","BEZ":"12","STAND":"01.01.2021","GROESSE_M2":527624.818}},
{"type":"Feature","geometry":{"type":"Polygon","coordinates":[[[384838.942949,5809657.167687],[384903.124,5809624.558],[384983.946,5809561.787],[385057.645,5809463.573],[385191.803,5809308.115],[385104.791,5809234.063],[385180.992,5809115.394],[385184.753,5809118.662],[385284.039,5808953.279],[385313.135,5808893.928],[385327.618,5808923.051],[385325.546,5808931.38],[385373.952,5809028.969],[385423.071,5809101.445],[385566.64,5809303.097],[385621.72,5809386.165],[385763.483,5809556.46],[385943.268,5809759.854],[385977.141,5809770.16],[386065.011,5809858.354],[386110.286,5809896.356],[386158.015,5809953.079],[386222.961,5810055.698],[386231.192,5810079.97],[386392.102696,5810250.250332],[386377.722,5810262.851],[386486.93,5810372.309],[386517.89,5810398.38],[386610.561,5810481.221],[386520.306,5810566.391],[386512.04,5810563.928],[386487.812,5810623.924],[386496.648,5810629.016],[386359.08,5811043.26],[386324.243,5811178.552],[386300.593,5811285.284],[386286.525,5811294.821],[386385.769,5811384.288],[386351.586,5811424.495],[386340.943,5811473.774],[386357.301,5811587.355],[386375.189,5811608.903],[386413.722,5811623.95],[386397.755,5811633.493],[386390.486,5811694.536],[386367.843,5811739.543],[386340.579,5811765.476],[386244.732,5811701.9],[386204.652138,5811668.781838],[386118.147,5811582.387],[386072.838,5811525.058],[385982.736,5811384.63],[385777.537,5811026.578],[385755.595,5810981.173],[385692.603,5810891.171],[385648.97,5810837.14],[385555.801,5810734.848],[385544.011,5810713.502],[385482.476,5810651.088],[385204.506,5810342.342],[385175.026,5810299.716],[385200.811,5810285.032],[385183.322,5810261.895],[385158.386743,5810276.647909],[385117.112,5810221.627],[384978.733,5809946.112],[384838.942949,5809657.167687]]]},"properties":{"PLR_ID":"06200421","PLR_NAME":"Königsberger Straße","BEZ":"06","STAND":"01.01.2021","GROESSE_M2":2035750.444}},
{"type":"Feature","geometry":{"type":"Polygon","coordinates":[[[386990.373869,5822534.799283],[387055.95,5822512.6],[387344.15,5822373.2],[387423.4,5822348.15],[387733.581522,5822269.792656],[387754.516,5822310.002],[387985.204,5822571.24],[387969.889,5822721.396],[387673.871,5823099.996],[387693.067,5823117.934],[388250.329,5823576.192],[388032.897,5823786.425],[387809.83,5824004.577],[387784.357,5823976.212],[387284.548,5823460.882],[387285.88,5823459.691],[386891.237,5823053.231],[386936.994,5822993.189],[386953.472,5822957.074],[387016.055,5822743.979],[387040.923,5822699.062],[387103.694,5822624.767],[386990.373869,5822534.799283]]]},"properties":{"PLR_ID":"01400938","PLR_NAME":"Kameruner Straße","BEZ":"01","STAND":"01.01.2021","GROESSE_M2":1196145.083}},
{"type":"Feature","geometry":{"type":"Polygon","coordinates":[[[394289.826,5823256.672],[394596.047,5823768.813],[394607.536,5823784.176],[394220.978,5823965.931],[394196.37,5824011.406],[394150.034,5823999.153],[393795.636,5824166.255],[393812.916,5824202.831],[393797.798,5824262.68],[393767.875,5824249.558],[393537.931,5824120.8],[393521.176,5824118.418],[393489.226,5824083.62],[393560.14,5823577.012],[393557.073,5823566.794],[393706.082,5823499.694],[393820.911,5823470.201],[394289.826,5823256.672]]]},"properties":{"PLR_ID":"03500934","PLR_NAME":"Weißenseer Spitze","BEZ":"03","STAND":"01.01.2021","GROESSE_M2":627288.067}},
{"type":"Feature","geometry":{"type":"Polygon","coordinates":[[[376252.389879,5809146.203853],[376267.892,5809322.038],[376273.961,5809352.814],[376304.89,5809405.201],[376476.697,5809546.4],[376597.317,5809641.393],[376582.066,5809659.182],[376606.596,5809677.125],[376538.239,5809742.421],[376596.749,5809786.692],[376692.219,5809892.737],[376714.637,5809939.489],[376721.057,5809977.925],[376713.897,5810033.083],[376634.39,5810203.141],[376610.143,5810307.436],[376585.696,5810312.81],[376590.402,5810388.357],[376462.308,5810403.691],[375815.12,5810230.153],[375091.835,5812923.216],[375082.39,5812916.905],[374818.5,5812617.012],[374576.732,5812313.606],[374160.111,5811965.522],[373312.408,5811876.63],[373120.058,5811849.066],[373012.027,5811742.109],[372950.531,5811778.475],[372860.352,5811769.198],[372761.66,5811733.084],[372683.089,5811755.587],[372493.98,5811708.201],[372423.056,5811591.956],[372422.612,5811491.124],[372351.491,5811400.479],[372011.844,5811218.642],[371779.101,5810868.778],[371650.98,5810799.116],[371690.173,5810451.485],[371359.083,5810177.987],[371280.977,5810067.075],[371177.464,5810029.443],[371116.446,5809886.308],[371043.86,5809923.786],[370916.632,5809964.302],[370873.868,5810024.013],[370808.505,5810057.454],[370763.209,5810047.115],[370699.779,5809998.122],[370676.169,5809908.074],[370649.596,5809841.081],[370517.11,5809678.504],[370000.825,5809431.423],[370109.647,5808751.649],[370105.678,5808660.658],[370110.084,5808603.076],[370141.686,5808529.478],[370232.965,5808491.645],[370318.53,5808410.922],[370585.929,5808279.547],[370627.382,5808329.758],[370677.662,5808378.435],[370667.287,5808385.249],[370697.38,5808434.113],[370684.389,5808470.648],[370601.906,5808533.418],[370607.696,5808541.821],[370532.624,5808689.275],[370557.578,5808701.248],[370715.051,5808742.017],[370797.295,5808759.738],[370834.418,5808756.082],[370823.408,5808670.626],[370845.904,5808512.768],[370834.775,5808397.534],[371078.87,5808302.558],[371113.193,5808318.878],[371165.94,5808278.638],[371209.247,5808283.896],[371246.267,5808312.28],[371258.052,5808447.351],[371275.562,5808558.415],[371269.706,5808628.623],[371257.76,5808680.377],[371303.852,5808696.133],[371428.105,5808649.324],[371458.166,5808464.338],[371552.042,5808476.049],[371568.761,5808371.742],[371475.014,5808359.957],[371486.391,5808258.53],[371341.312,5808240.027],[371235.038,5808269.806],[371207.151,5808190.683],[371195.28,5808182.309],[371346.175,5808154.49],[371402.031,5808105.404],[371323.229,5808019.319],[371414.22,5807936.834],[371506.455,5807796.647],[371511.057,5807708.863],[371551.377,5807649.419],[371853.886,5807456.54],[371949.415,5807431.356],[371995.559,5807336.873],[372111.68,5807174.414],[372228.377,5807026.463],[372374.564,5806881.202],[372412.546,5806835.052],[372471.788,5806810.458],[372557.361,5806798.123],[372591.678,5806804.881],[372663.207,5806836.962],[372944.393,5807020.922],[373013.513,5807097.396],[373109.745,5807009.22],[373222.707,5806954.558],[373321.651,5806921.37],[373317.178,5806902.246],[373118.012,5806872.95],[373154.194,5806738.618],[373349.544,5806725.165],[373334.337,5806712.164],[373373.98,5806712.599],[373324.095,5806681.659],[373064.12,5806463.966],[373021.15,5806422.262],[372871.778,5806258.922],[372857.142,5806251.714],[372760.645,5806116.829],[372739.767,5806139.525],[372815.921,5806255.536],[372710.827,5806254.723],[372705.827,5806246.092],[372568.324,5806245.517],[372524.397,5806021.32],[372791.529,5805769.047],[372828.645,5805751.003],[372838.824,5805777.818],[372875.837,5805782.245],[372956.517,5805756.507],[373014.973,5805914.291],[372968.411,5805905.772],[372939.783,5805917.067],[372774.302,5806101.941],[372894.239,5806253.721],[373034.864,5806407.797],[373078.37,5806449.902],[373334.796,5806664.681],[373475.478,5806752.426],[373572.288,5806830.728],[373583.35,5806814.999],[373667.002,5806844.774],[373670.762,5806786.644],[373660.575,5806781.028],[373708.351,5806720.333],[373834.452,5806646.351],[374124.576,5806592.833],[374346.335,5806559.422],[374723.335,5806449.536],[375343.176,5806484.148],[375398.162,5806483.206],[375605.011,5806616.721],[375579.98,5806833.219],[375570.896,5806860.678],[375404.571,5806812.725],[375284.834,5806795.423],[375089.652,5806771.663],[374892.802,5806744.401],[374657.136,5806720.175],[374666.924,5806780.326],[374658.721,5806817.068],[374706.069,5806931.437],[374775.584,5807112.319],[374773.158,5807431.615],[374781.3,5807440.66],[375098.173,5807602.537],[375332.048,5807726.441],[375725.445,5807925.248],[376023.559,5808079.492],[376565.914,5808357.598],[376110.081,5808734.315],[375886.333,5808913.478],[375858.145,5808959.311],[375846.342,5809068.63],[375856.505,5809101.936],[375909.456,5809144.207],[376036.879,5809214.093],[376252.389879,5809146.203853]]]},"properties":{"PLR_ID":"06400735","PLR_NAME":"Wannsee","BEZ":"06","STAND":"01.01.2021","GROESSE_M2":23734915.62}},
{"type":"Feature","geometry":{"type":"Polygon","coordinates":[[[402038.481,5812049.976],[401997.254,5812085.875],[401997.816,5812072.836],[401955.003,5812101.906],[401799.794,5812164.75],[401681.455,5811850.553],[401139.257,5812049.118],[400977.498,5812111.406],[400937.644,5812001.555],[400805.365,5811886.742],[400286.194,5811851.244],[400296.485,5811706.103],[400539.704,5811450.127],[400718.342,5811261.602],[400765.942,5811243.399],[400760.511,5811219.671],[400816.68,5811212.925],[400820.433,5811261.158],[400883.33,5811261.049],[401023.619,5811366.238],[401068.833,5811306.215],[401046.433,5811289.743],[401073.296,5811252.206],[400993.463,5811192.12],[401100.51,5811049.46],[401305.682,5810746.741],[401307.376,5810730.503],[401640.246,5810300.332],[401747.473,5810163.903],[401700.409,5810067.638],[401655.886,5810004.697],[401559.127,5809881.059],[401478.111,5809795.587],[401447.8,5809795.082],[401649.419,5809564.013],[401711.597,5809499.896],[401640.6,5809517.888],[401751.128093,5809392.675958],[401822.624,5809398.179],[402157.373,5809458.202],[402197.098,5809456.63],[402321.276,5809479.921],[402345.912,5809842.285],[402343.071,5809991.281],[402317.989,5810141.934],[402288.052,5810240.925],[402231.342,5810380.711],[402173.114,5810504.411],[402115.671,5810656.847],[402090.197,5810755.624],[402079.413,5810822.463],[402070.028,5810939.327],[402062.158,5811174.098],[402080.84,5811185.849],[402070.188,5811290.532],[402064.556,5811467.431],[402058.52,5811538.109],[402056.429,5811673.179],[402049.485,5811718.655],[402038.481,5812049.976]]]},"properties":{"PLR_ID":"09200717","PLR_NAME":"Dörpfeldstraße Ost","BEZ":"09","STAND":"01.01.2021","GROESSE_M2":2545920.748}},
{"type":"Feature","geometry":{"type":"Polygon","coordinates":[[[384778.353,5813423.899],[384776.657,5813426.242],[384840.233,5813880.172],[384874.652,5814015.938],[384930.84,5814184.308],[385013.554,5814222.329],[385079.726,5814234.574],[385162.407,5814305.927],[385192.636,5814349.62],[385136.615,5814405.121],[385099.723,5814373.344],[385026.911,5814426.115],[384947.994,5814376.039],[384950.495,5814384.501],[384386.282,5814548.737],[384270.69,5814588.762],[383858.218,5814726.186],[383837.283,5814677.977],[383784.487,5814750.076],[383362.171,5814611.735],[383237.309,5814576.16],[383075.724,5814545.275],[383073.31,5814553.441],[383049.059,5814549.632],[383030.076,5814528.934],[383021.768,5814359.093],[383014.322,5814300.259],[382986.497,5814215.883],[382874.582,5813969.966],[382819.5,5813811.926],[382772.967,5813663.044],[382694.856,5813296.016],[382672.046,5813200.256],[382627.625,5813040.65],[382572.792,5812880.393],[382473.841,5812623.86],[382454.548,5812588.302],[382503.843,5812581.982],[382953.567,5812514.098],[383022.727,5812490.545],[383028.526,5812475.326],[383095.806,5812472.927],[383315.021,5812614.656],[383345.885,5812645.662],[383440.765,5812711.144],[383531.841,5812796.448],[383773.043,5813205.853],[383865.384,5813368.959],[384015.079,5813370.723],[384342.436,5813331.113],[384439.777,5813332.625],[384778.353,5813423.899]]]},"properties":{"PLR_ID":"06400844","PLR_NAME":"Dahlem","BEZ":"06","STAND":"01.01.2021","GROESSE_M2":3308713.464}},
{"type":"Feature","geometry":{"type":"Polygon","coordinates":[[[385082.497,5810332.601],[385110.045,5810370.136],[385074.855,5810394.002],[385035.538,5810447.185],[384937.717,5810600.984],[384885.807,5810668.686],[384693.907,5810965.882],[384160.425426,5811798.489789],[384139.68,5811799.27],[383558.421,5811481.299],[383471.915,5811421.257],[383225.431,5811284.01],[383215.611,5811241.89],[383240.309,5811225.001],[383214.709,5811202.809],[383180.907,5811076.84],[383138.743,5810891.303],[383139.729,5810870.046],[383082.197,5810606.166],[383049.784,5810515.398],[383143.166,5810552.091],[383209.737,5810568.424],[383270.951,5810565.392],[383503.622,5810534.572],[383643.889,5810552.718],[383944.581,5810530.632],[384079.605,5810516.027],[384079.198,5810509.355],[384643.072,5810464.973],[384764.403,5810452.585],[384987.521,5810383.542],[385050.442,5810341.338],[385082.497,5810332.601]]]},"properties":{"PLR_ID":"06300634","PLR_NAME":"Lichterfelde West","BEZ":"06","STAND":"01.01.2021","GROESSE_M2":1584125.667}},
{"type":"Feature","geometry":{"type":"Polygon","coordinates":[[[394655.527,5820722.533],[394669.046,5820691.408],[394836.141,5820265.843],[394851.022,5820243.327],[394925.316,5820053.621],[394926.803,5820034.034],[394996.756,5819856.727],[395035.741,5819910.365],[395088.798,5819915.978],[395194.255,5820139.456],[395255.8,5820269.833],[395231.876,5820281.087],[395014.216,5820839.218],[394999.002,5820869.533],[394902.46,5820836.948],[394655.527,5820722.533]]]},"properties":{"PLR_ID":"02500726","PLR_NAME":"Hausburgviertel","BEZ":"02","STAND":"01.01.2021","GROESSE_M2":309446.042}},
{"type":"Feature","geometry":{"type":"Polygon","coordinates":[[[387361.988,5830329.633],[387182.705,5830254.254],[387021.503,5830208.458],[386823.426,5830124.447],[386670.466,5830048.509],[386440.961,5829956.405],[386261.76,5829902.712],[386286.684,5829894.598],[386416.953883,5829708.452297],[386510.359,5829758.416],[386599.83,5829745.117],[386627.198,5829747.26],[386667.139,5829701.064],[386776.392,5829646.432],[386812.534,5829604.668],[386852.025,5829640.227],[386817.073,5829681.251],[386846.731,5829720.003],[386897.777,5829742.019],[386920.691,5829739.163],[386969.057,5829711.323],[387057.111,5829685.712],[387084.813,5829683.907],[387106.185,5829661.94],[387211.539,5829666.932],[387357.875,5829736.775],[387390.615,5829775.209],[387427.801,5829876.963],[387472.412,5829910.261],[387507.729,5829963.784],[387552.882,5829990.342],[387595.836,5830019.062],[387402.416,5830322.814],[387368.543,5830308.571],[387361.988,5830329.633]]]},"properties":{"PLR_ID":"12601032","PLR_NAME":"Rollbergesiedlung","BEZ":"12","STAND":"01.01.2021","GROESSE_M2":501318.326}},
{"type":"Feature","geometry":{"type":"Polygon","coordinates":[[[377379.57,5823735.007],[377396.384,5823351.481],[377404.102071,5823300.125561],[377497.854,5823268.616],[377554.499,5823226.06],[377612.241,5823151.017],[377877.814,5822869.59],[377973.226,5822776.386],[378069.188,5822694.924],[378094.327,5822735.864],[378158.195,5822725.877],[378191.849,5822732.341],[378225.293725,5822749.347446],[378297.752,5822816.474],[378318.868,5822854.595],[378345.064,5822928.803],[378299.443,5823001.26],[378210.594,5823157.23],[378054.917,5823405.127],[377993.861,5823544.874],[377987.641,5823591.879],[377852.128,5823576.603],[377731.04,5823570.149],[377650.319,5823543.748],[377379.57,5823735.007]]]},"properties":{"PLR_ID":"05100315","PLR_NAME":"Ackerstraße","BEZ":"05","STAND":"01.01.2021","GROESSE_M2":489147.655}},
{"type":"Feature","geometry":{"type":"Polygon","coordinates":[[[384699.965,5832140.171],[384551.412,5832111.165],[384502.551,5832098.21],[384374.76,5832087.168],[384241.472,5832064.012],[384148.411,5832057.877],[384193.086,5831899.835],[384220.871,5831854.333],[383938.208,5831623.407],[384469.712,5830984.898],[383629.092,5830295.094],[383903.806,5829965.89],[384174.946,5829632.706],[384142.118,5829631.351],[384130.503,5829577.404],[384094.333,5829528.32],[384132.575,5829499.446],[384078.097,5829422.829],[384088.202,5829403.353],[384134.228,5829307.729],[384141.846,5829275.708],[384107.899154,5829245.44682],[384112.253,5829233.061],[384159.876,5829252.928],[384146.693,5829297.267],[384183.791,5829305.11],[384285.968,5829358.737],[384337.597,5829420.544],[384331.528,5829435.647],[384270.519,5829442.574],[384261.429,5829463.48],[384306.459,5829483.472],[384292.597,5829528.745],[384301.693,5829540.366],[384345.751,5829539.014],[384375.457,5829517.864],[384411.451,5829541.29],[384412.431,5829566.868],[384383.436,5829575.049],[384386.551,5829602.911],[384431.069,5829628.13],[384424.386,5829678.452],[384452.509,5829681.461],[384468.123,5829652.119],[384483.657,5829671.128],[384518.999,5829659.194],[384536.252,5829671.639],[384528.019,5829708.723],[384559.318,5829693.708],[384552.308,5829740.111],[384562.291,5829764.936],[384589.723,5829732.01],[384665.232,5829761.626],[384697.151,5829796.838],[384745.3,5829825.202],[384770.244,5829808.225],[384833.312,5829800.599],[384877.143,5829807.351],[384887.772,5829848.313],[384904.304,5829862.694],[384941.331,5829838.29],[385013.468,5829809.132],[385018.208,5829774.317],[385035.438,5829761.284],[385028.724,5829725.888],[385083.893,5829688.245],[385096.911,5829648.498],[385116.824,5829693.263],[385133.203,5829668.901],[385213.454,5829761.197],[385250.538,5829788.088],[385213.959,5829824.996],[385219.353,5829852.43],[385271.385,5829824.342],[385281.119,5829875.398],[385346.115,5829908.169],[385341.104,5829946.26],[385358.583,5829968.662],[385391.01,5829969.513],[385413.925,5830000.743],[385432.592,5829972.129],[385462.605,5829996.616],[385478.534,5829979.613],[385496.821,5830002.731],[385560.91,5829995.904],[385591.031,5830015.63],[385613.076,5830063.771],[385609.325,5830092.856],[385666.285,5830183.12],[385749.802,5830249.722],[385768.771,5830277.836],[385823.722,5830312.714],[385898.276,5830344.835],[385858.629,5830409.186],[385746.952,5830575.533],[385655.035,5830692.004],[385647.766,5830687.341],[385592.642,5830766.688],[385512.137,5830893.213],[385369.251,5831106.08],[385322.547,5831195.271],[385310.15,5831234.631],[385212.307,5831379.712],[385206.76,5831376.307],[385069.613,5831579.176],[385028.033,5831667.873],[384816.61,5831981.308],[384739.997,5832079.552],[384699.965,5832140.171]]]},"properties":{"PLR_ID":"12400722","PLR_NAME":"Hermsdorf West","BEZ":"12","STAND":"01.01.2021","GROESSE_M2":3158178.624}},
{"type":"Feature","geometry":{"type":"Polygon","coordinates":[[[396186.414,5810230.453],[396134.569,5810188.871],[396113.857,5810224.442],[396088.913,5810228.387],[396126.946,5810278.698],[396116.9,5810286.829],[396073.612,5810243.024],[396008.377,5810298.741],[396002.721,5810319.292],[395958.078,5810349.866],[395910.537,5810295.97],[395897.016,5810307.845],[395771.195,5810165.29],[395819.204,5810132.472],[395663.479,5809962.998],[395641.575,5809943.745],[395557.262,5810003.101],[395426.812,5810085.143],[395364.896,5810136.064],[395313.441,5810219.577],[395360.059,5810246.206],[395472.056,5810297.082],[395467.212,5810311.084],[395495.696,5810349.279],[395458.869,5810405.604],[395418.147,5810441.094],[395300.695,5810514.561],[395078.064,5810161.993],[395072.724203,5810142.804546],[394940.624,5810210.291],[394922.302,5810213.915],[395037.444,5810443.329],[395047.263,5810476.44],[394929.638,5810537.14],[394851.656,5810590.839],[394807.224,5810638.456],[394750.663,5810727.061],[394738.177,5810737.798],[394720.386,5810709.669],[394683.344,5810561.569],[394661.452,5810401.938],[394661.85,5810370.834],[394691.111,5810283.14],[394747.123,5810156.849],[394797.116,5810064.971],[394859.264,5809968.339],[394808.634,5809935.994],[394856.422,5809870.342],[394926.734,5809784.307],[394998.123,5809707.393],[395102.21,5809610.344],[395100.573,5809526.364],[395621.616,5809525.333],[395947.786,5809829.404],[396007.953,5809894.119],[396085.93,5809999.603],[396155.559,5810129.053],[396191.009,5810220.717],[396186.414,5810230.453]]]},"properties":{"PLR_ID":"08300934","PLR_NAME":"Gropiusstadt Nord-West","BEZ":"08","STAND":"01.01.2021","GROESSE_M2":847613.011}},
{"type":"Feature","geometry":{"type":"Polygon","coordinates":[[[375915.518,5823842.525],[375998.275,5824361.513],[376006.655,5824376.303],[375903.495,5824414.983],[375529.028,5824549.707],[375438.299,5824003.159],[374592.571,5824287.971],[374441.914,5824347.937],[374436.568055,5824336.982991],[374386.536,5824363.026],[374367.082,5824302.988],[374344.303,5824283.376],[374304.8,5824204.53],[374291.712,5824154.801],[374248.877,5824110.411],[374204.776,5824114.274],[374178.871,5824066.92],[374155.59,5824043.887],[374134.866,5823992.11],[374121.532,5823876.214],[374125.426,5823841.781],[374168.035,5823688.54],[374237.295,5823509.607],[374289.62,5823446.805],[374326.818,5823424.858],[374395.805,5823420.124],[374732.489,5823327.858],[374851.025,5823327.682],[374985.403,5823316.004],[375066.696,5823296.348],[375062.064,5823265.837],[375216.155,5823177.438],[375355.882,5823111.411],[375482.334,5823046.657],[375477.714,5822986.697],[375611.632,5823005.345],[375754.083,5822986.165],[375738.197,5822884.604],[375776.505,5822870.436],[375788.714,5822945.972],[375809.501,5823031.498],[375787.113,5823035.245],[375915.518,5823842.525]]]},"properties":{"PLR_ID":"05100208","PLR_NAME":"Im Spektefeld","BEZ":"05","STAND":"01.01.2021","GROESSE_M2":1765403.951}},
{"type":"Feature","geometry":{"type":"Polygon","coordinates":[[[374115.808,5823378.744],[374133.443,5823493.477],[374134.331,5823571.686],[374122.958,5823618.336],[374001.963,5823974.607],[373985.402,5824050.584],[373993.001,5824108.162],[373743.193,5824129.002],[373645.436,5824146.438],[373519.785,5824221.393],[373458.556,5824293.845],[373391.135,5824399.978],[373294.685,5824499.993],[373259.928,5824524.004],[373216.451,5824399.283],[373146.794,5824152.774],[373051.098262,5823835.192821],[373082.216,5823847.297],[373258.218,5823770.1],[373268.672,5823761.51],[373663.021,5823581.023],[374115.808,5823378.744]]]},"properties":{"PLR_ID":"05100207","PLR_NAME":"An der Tränke","BEZ":"05","STAND":"01.01.2021","GROESSE_M2":592567.445}},
{"type":"Feature","geometry":{"type":"Polygon","coordinates":[[[396136.762,5818048.6],[396164.955,5818168.233],[396180.179,5818203.18],[396241.483,5818306.744],[396233.117,5818321.612],[396208.474,5818365.526],[396158.342,5818301.546],[396099.886,5818264.661],[396035.029,5818238.228],[395937.804,5818225.918],[395836.852,5818261.595],[395736.013,5818281.682],[395692.285,5818308.401],[395688.385,5818296.306],[395441.551,5818341.657],[395345.084,5818362.4],[395344.849,5818384.723],[395374.842,5818467.025],[395356.875,5818473.456],[395339.863,5818425.914],[395311.03,5818420.393],[395197.092,5818456.237],[395198.521,5818460.899],[394942.619,5818540.01],[394813.963,5818587.973],[394735.603487,5818399.284474],[394747.030083,5818393.600579],[394601.688,5818102.284],[394600.396,5818089.879],[394458.459,5817914.277],[394567.778,5817831.629],[394758.715,5817724.063],[394804.885,5817675.409],[394795.822,5817653.133],[394821.647,5817633.024],[394838.515,5817652.941],[394881.058,5817659.191],[394929.317,5817604.579],[394964.428,5817579.573],[394963.048,5817556.461],[395006.204,5817501.05],[395054.828,5817503.78],[395122.593,5817487.003],[395421.971,5817382.109],[395583.586,5817273.295],[395659.803,5817245.349],[395668.772,5817255.675],[395701.332537,5817232.645176],[395740.120543,5817278.851514],[395749.819,5817272.113],[395858.19,5817391.541],[395857.829651,5817406.464235],[395904.083,5817458.182],[395966.088,5817543.293],[395990.343,5817592.658],[396027.328695,5817720.06125],[396044.386,5817715.569],[396066.256,5817771.418],[396090.572,5817877.495],[396136.762,5818048.6]]]},"properties":{"PLR_ID":"02500835","PLR_NAME":"Stralauer Kiez","BEZ":"02","STAND":"01.01.2021","GROESSE_M2":1355160.809}},
{"type":"Feature","geometry":{"type":"Polygon","coordinates":[[[374892.652,5820248.46],[374814.273,5820215.291],[374926.08,5820107.393],[374745.149,5819859.309],[374960.281,5819712.995],[375041.626,5819684.848],[375153.678,5819616.277],[375287.934,5819518.041],[375358.759,5819471.958],[375549.904,5819361.126],[375725.65,5819254.283],[375667.164,5819214.519],[375588.198,5819120.244],[375401.113,5818922.472],[375193.697,5818708.492],[375012.083,5818533.961],[374918.02,5818428.497],[375224.769,5818392.794],[375660.203,5818337.123],[375760.429,5818328.522],[376227.004,5818266.599],[376330.281,5818246.01],[376454.163,5818234.28],[376425.097,5818349.285],[376426.665,5818392.433],[376459.163,5818539.088],[376486.439,5818701.758],[376483.107,5818813.169],[376449.947,5819046.625],[376452.33,5819090.567],[376509.486,5819225.624],[376686.727,5819608.815],[376705.066,5819627.246],[376785.764,5819801.551],[376788.173,5819825.704],[376826.797,5819889.434],[376854.992507,5819939.198235],[376470.243,5820077.1],[376449.485,5820079.274],[376273.974,5820142.187],[376275.676,5820146.984],[376179.656,5820181.405],[375327.523803,5820503.040251],[375304.156,5820451.014],[375284.522,5820433.909],[375170.421,5820384.393],[375127.386,5820352.405],[374892.652,5820248.46]]]},"properties":{"PLR_ID":"05200528","PLR_NAME":"Weinmeisterhornweg","BEZ":"05","STAND":"01.01.2021","GROESSE_M2":2738260.541}},
{"type":"Feature","geometry":{"type":"Polygon","coordinates":[[[385026.911,5814426.115],[385025.929,5814464.391],[384972.311,5814534.286],[384875.378,5814620.936],[384801.483,5814719.635],[384692.821,5814842.688],[384471.573,5815012.264],[384437.684,5815028.141],[384493.112,5815058.945],[384592.259,5815136.419],[384556.545,5815154.336],[384403.263,5815204.365],[384315.427,5815240.748],[384335.919,5815443.982],[384001.204,5815480.017],[383941.83,5815425.558],[383941.005565,5815394.110585],[383920.133,5815400.24],[383898.406,5815303.79],[383830.253,5815313.943],[383823.723356,5815288.69572],[383868.978,5815277.489],[383802.076,5814781.77],[383771.935,5814766.904],[383784.487,5814750.076],[383837.283,5814677.977],[383858.218,5814726.186],[384270.69,5814588.762],[384386.282,5814548.737],[384950.495,5814384.501],[384947.994,5814376.039],[385026.911,5814426.115]]]},"properties":{"PLR_ID":"04400832","PLR_NAME":"Breite Straße","BEZ":"04","STAND":"01.01.2021","GROESSE_M2":667156.415}},
{"type":"Feature","geometry":{"type":"Polygon","coordinates":[[[382319.034839,5826480.57276],[382333.791742,5826490.977679],[382337.359674,5826533.885954],[382530.424776,5826697.70833],[382569.761462,5826718.727294],[382599.181069,5826758.025571],[382706.011159,5826798.986377],[382753.579185,5826809.333126],[382787.692716,5826797.41203],[382832.543373,5826725.136952],[382973.048716,5826725.687571],[383023.598615,5826732.864212],[383081.754051,5826707.792717],[383104.023122,5826723.560314],[383105.939278,5826752.432685],[383044.199376,5826851.604593],[383025.723748,5826938.175483],[383040.325785,5827049.17922],[383069.543421,5827106.722825],[383121.789,5827116.955],[383125.076,5827143.798],[383078.126495,5827158.953761],[383062.709604,5827221.172633],[383084.518955,5827294.725875],[383122.999889,5827397.797698],[383102.992391,5827427.261205],[383163.66453,5827509.566035],[383057.288198,5827778.321606],[383025.74503,5827847.889484],[382995.176562,5827897.761656],[382942.818048,5827945.546213],[382970.088102,5827980.855545],[382948.228905,5827983.511275],[382925.507483,5827952.281965],[382866.821201,5827997.273006],[382912.067302,5828028.170692],[382863.894628,5828067.181622],[382783.209222,5828008.553623],[382718.112868,5828015.282013],[382626.840294,5827994.669394],[382590.963732,5827995.659929],[382552.416605,5828017.141819],[382543.55,5828049.9],[382577,5828061.65],[382606.35,5828101],[382616.15,5828153.8],[382600.35,5828240.55],[382567.3,5828312.4],[382500.25,5828388],[382443.206893,5828418.615001],[382447.717353,5828429.270649],[382340.771117,5828498.17786],[382462.085,5828636.264],[382520.358,5828693.094],[382563.858,5828721.139],[382629.474,5828747.344],[382687.426,5828756.486],[382797.179,5828751.517],[382858.902,5828757.334],[382941.717,5828794.604],[383045.588,5828853.242],[383115.441,5828887.844],[383170.529,5828927.858],[383210.894,5828883.378],[383223.364,5828856.593],[383272.93824,5828793.236048],[383371.051,5828917.359],[383412.058,5828952.506],[383525.68,5829037.006],[383563.227,5829076.339],[383590.507,5829129.426],[383614.026,5829182.984],[383652.154,5829238.674],[383792.634,5829317.323],[383845.71,5829330.912],[383975.613,5829314.708],[383999.36,5829317.776],[384053.771,5829348.957],[384088.202,5829403.353],[384078.097,5829422.829],[384132.575,5829499.446],[384094.333,5829528.32],[384130.503,5829577.404],[384142.118,5829631.351],[384174.946,5829632.706],[383903.806,5829965.89],[383629.092,5830295.094],[384469.712,5830984.898],[383938.208,5831623.407],[384220.871,5831854.333],[384193.086,5831899.835],[384148.411,5832057.877],[384092.326,5832041.106],[384007.722,5832029.509],[383977.063,5832019.404],[383844.563,5832013.602],[383721.479,5831989.304],[383660.997,5831961.532],[383584.375,5831955.036],[383455.678,5831929.71],[383391.122,5831923.946],[383315.477,5831929.891],[383235.187,5831962.568],[383145.952,5832019.311],[382702.737,5831656.105],[381700.607,5830855.953],[381413.046,5830623.469],[381654.933,5830470.71],[381803.116,5830358.434],[381896.833,5830292.128],[382159.902,5830135.823],[382259.892,5830069.958],[382162.542,5829876.943],[382144.606,5829834.391],[382068.306,5829868.823],[381990.616,5829891.181],[381875.644,5829943.83],[381818.316,5829982.386],[381761.329441,5830034.571091],[381483.993,5830359.759],[381283.059,5830577.608],[381184.255,5830694.787],[381017.391,5830905.599],[381014.57,5830903.453],[380915.242624,5831023.510777],[380922.485,5831021.071],[380744.481,5831235.089],[380718.479,5831261.153],[380545.588,5831466.415],[380533.313,5831486.578],[380438.719,5831198.476],[380398.279,5831060.835],[380269.482,5830663.301],[380121.303591,5829968.743398],[380569.513,5829622.556],[380517.705947,5829157.3956],[380615.347,5829132.002],[380873.638,5829071.336],[380817.835,5829023.761],[380761.906,5828892.424],[380532.767,5828846.151],[380439.11,5828829.702],[380381.893,5828834.019],[380316.201,5828824.317],[380252.6,5828845.077],[380195.965,5828851.495],[380168.559,5828803.36],[379963.285,5828863.016],[379853.322,5828863.601],[379786.38,5828891.164],[379731.565,5828890.258],[379587.628,5828847.502],[379495.593,5828692.153],[379658.884,5828431.638],[379721.125,5828419.763],[379766.37,5828401.743],[379995.006,5828291.335],[379963.935,5828221.9],[380080.768,5828124.973],[380196.368,5828064.043],[380288.484,5828002.612],[380321.709,5827869.691],[380362.275,5827818.594],[380459.608,5827739.649],[380585.329,5827650.78],[380639.284,5827623.354],[380571.015,5827394.247],[380535.295,5827299.113],[380478.178,5827313.85],[380385.312,5827302.789],[380332.952,5827266.378],[380217.951,5827223.54],[380119.518,5827213.135],[380060.673,5827220.095],[379927.532,5827204.451],[379892.889,5827177.501],[379962.148,5826926.518],[379966.068,5826903.445],[379974.225,5826689.542],[379994.265341,5826544.075125],[380053.663,5826549.947],[380095.711,5826494.769],[380119.466,5826437.33],[380149.382,5826403.603],[380155.623,5826352.177],[380263.495,5826307.416],[380265.676,5826184.551],[380375.173,5826053.894],[380504.43,5825967.428],[380612.118,5825899.292],[380535.874418,5825744.021443],[380511.502803,5825710.578643],[380428.827936,5825703.160191],[380396.542279,5825679.343386],[380404.747727,5825650.5978],[380374.072134,5825655.095958],[380294.687244,5825699.288795],[380234.101731,5825713.862568],[380080.672519,5825730.253526],[379994.035403,5825695.781166],[379907.610389,5825689.848354],[379859.154,5825626.683],[379907.282,5825563.1],[379933.873,5825507.988],[379943.994,5825448.524],[379931.925,5825370.572],[379888.739,5825255.65],[379883.701,5825223.804],[379892.124,5825176.72],[379910.663,5825145.049],[380068.799,5824951.93],[380078.157081,5824979.478017],[380138.49249,5824982.419026],[380193.738082,5824963.207825],[380243.369717,5824933.3354],[380247.549592,5824905.936749],[380282.803315,5824832.039494],[380292.708329,5824781.530847],[380326.431125,5824712.002896],[380372.872349,5824673.944026],[380435.163721,5824640.171429],[380511.812651,5824633.063106],[380580.968195,5824683.850757],[380626.296,5824696.847],[380639.730939,5824749.4932],[380700.021439,5824801.863502],[380745.311252,5824914.634899],[380810.9,5824987.25],[380863.889637,5825002.706029],[380872.555796,5824991.871409],[380947.802866,5825029.245116],[381169.347849,5825027.982796],[381230.053321,5825065.656539],[381246.771677,5825104.167614],[381242.508062,5825170.281885],[381283.106768,5825211.302875],[381330.326057,5825230.63244],[381349.278406,5825204.03361],[381371.518241,5825202.06324],[381444.925541,5825222.986875],[381558.041171,5825301.069321],[381645.205982,5825313.348206],[381668.899782,5825340.895826],[381689.644646,5825412.637221],[381703.571333,5825428.083144],[381717.723432,5825481.060105],[381766.249771,5825506.056471],[381792.746254,5825558.79842],[381794.524837,5825616.90152],[381783.160349,5825647.518103],[381800.028045,5825697.247057],[381844.814537,5825766.635614],[381884.572436,5825841.62181],[381924.786581,5825982.316673],[381937.441526,5826004.817012],[381963.518568,5826167.177343],[381953.445155,5826171.098204],[382017.400902,5826280.836557],[382060.562904,5826311.182744],[382161.516797,5826339.958966],[382218.448333,5826401.841629],[382268.759055,5826434.0323],[382319.034839,5826480.57276]]]},"properties":{"PLR_ID":"12400619","PLR_NAME":"Heiligensee","BEZ":"12","STAND":"01.01.2021","GROESSE_M2":17920879.74}},
{"type":"Feature","geometry":{"type":"Polygon","coordinates":[[[388724.315,5822303.209],[388743.923,5822320.954],[388910.655,5822435.722],[389000.135,5822501.754],[388994.742,5822513.666],[389141.201,5822594.158],[389210.339,5822641.246],[388921.09,5822922.9],[388737.115591,5823102.11659],[388596.45,5822966.481],[388551.128,5822928.367],[388422.98888,5822834.014368],[388523.411,5822715.687],[388634.191,5822414.114],[388724.315,5822303.209]]]},"properties":{"PLR_ID":"01401047","PLR_NAME":"Sparrplatz","BEZ":"01","STAND":"01.01.2021","GROESSE_M2":309196.444}},
{"type":"Feature","geometry":{"type":"Polygon","coordinates":[[[398073.88124,5822886.462455],[398078.958,5822890.583],[398001.291,5822985.773],[397941.137,5823071.706],[397910.185,5823137.925],[397897.056,5823190.82],[397894.438,5823267.1],[397918.126,5823365.81],[397643.666,5823472.822],[397358.489,5823556.984],[397328.002,5823535.168],[397091.914,5823260.406],[397045.752,5823238.743],[396942.277,5823239.992],[396919.954,5823257.3],[396891.72,5823222.462],[396919.941,5823199.449],[396941.917,5823131.624],[396964.722,5823089.348],[396908.181,5823026.734],[396806.096,5823034.213],[396456.322,5823052.924],[396249.826,5823062.326],[396223.642,5823066.68],[396155.854,5823118.687],[396077.219,5823130.401],[396053.198,5823103.123],[396226.657,5822252.357],[396228.052,5822232.493],[396326.583,5821984.356],[396321.343,5821985.002],[396437.055,5821775.125],[396485.286,5821785.376],[396614.905,5821843.774],[396770.388,5821925.637],[397131.05,5822126.155],[397204.656,5822174.109],[398073.88124,5822886.462455]]]},"properties":{"PLR_ID":"11200512","PLR_NAME":"Orankesee","BEZ":"11","STAND":"01.01.2021","GROESSE_M2":1936946.851}},
{"type":"Feature","geometry":{"type":"Polygon","coordinates":[[[392843.654679,5823122.007072],[392869.404,5823163.033],[393201.226,5823644.38],[393211.716144,5823695.82516],[393141.107,5823710.179],[392536.167,5823833.436],[392505.993,5823636.255],[392464.762,5823316.587],[392478.964,5823305.167],[392563.465,5823278.314],[392686.654,5823205.291],[392688.598,5823208.59],[392818.385,5823125.917],[392841.617,5823123.252],[392843.654679,5823122.007072]]]},"properties":{"PLR_ID":"03601243","PLR_NAME":"Rodenbergstraße","BEZ":"03","STAND":"01.01.2021","GROESSE_M2":329695.603}},
{"type":"Feature","geometry":{"type":"Polygon","coordinates":[[[404983.699,5820786.886],[404915.727,5820798.107],[404911.623,5820788.995],[404804.87,5820318.329],[404644.183,5819610.311],[404622.751,5819581.433],[404359.381,5819510.101],[404337.53,5819563.228],[404273.734,5819516.385],[403670.608,5819070.562],[403679.538,5819069.969],[403597.279,5819004.074],[403646.219,5818992.784],[403931.079,5818972.535],[404185.266,5818944.496],[404225.772,5818985.871],[404240.151,5818961.286],[404296.78,5818951.56],[404347.176,5818953.275],[404337.288,5818970.155],[404412.666,5818952.402],[404705.31,5818924.884],[404712.106,5818940.162],[404805.147,5818935.8],[404839.877,5818902.813],[405068.589,5818885.408],[405228.199,5818884.397],[405259.132,5818945.969],[405281.45,5818960.105],[405340.199,5818954.975],[405449.665,5819111.965],[405629.57,5819337.751],[405745.954,5819505.46],[405848.75,5819726.882],[405912.709,5819831.289],[406006.419,5819948.641],[406145.88,5820098.791],[406149.01,5820096.9],[406363.834,5820342.859],[406513.491,5820520.63],[406475.184,5820552.731],[406436.113,5820600.385],[406322.108,5820514.424],[406219.197,5820605.565],[406085.898,5820660.848],[406049.127,5820714.894],[405866.048,5820573.683],[405476.741,5820677.412],[405170.244,5820758.959],[405083.733,5820780.189],[405079.326,5820762.985],[404981.75,5820778.109],[404983.699,5820786.886]]]},"properties":{"PLR_ID":"10400835","PLR_NAME":"Kaulsdorf Nord","BEZ":"10","STAND":"01.01.2021","GROESSE_M2":2552486.331}},
{"type":"Feature","geometry":{"type":"Polygon","coordinates":[[[379498.508815,5824804.102668],[379437.424,5824719.417],[379405.017,5824586.474],[379426.365,5824516.845],[379422.734,5824500.957],[379331.717,5824402.939],[379282.085,5824338.034],[379253.018,5824233.471],[379181.351,5824259.668],[379175.222,5824284.087],[379168.215,5824417.15],[379147.191,5824445.019],[379145.041,5824473.255],[379085.852,5824484.397],[379025.617,5824542.725],[379026.1,5824623.728],[378985.252,5824663.643],[378951.165,5824661.662],[378986.353,5824633.784],[378959.759,5824512.157],[379009.441,5824498.722],[379049.076,5824459.679],[379057.781,5824428.003],[379044.622,5824362.429],[379054.006,5824255.857],[379061.288726,5824245.628963],[378962.906,5824251.74],[378782.403,5824233.82],[378723.713,5824243.245],[378559.239,5824316.377],[378560.353,5824335.439],[378504.791,5824345.216],[378464.309,5824332.098],[377918.015,5824328.162],[377902.484,5824312.109],[377917.064,5824153.395],[377932.245,5824045.81],[377963.491,5823905.738],[377974.532,5823892.42],[378002.067,5823704.222],[378027.417,5823704.929],[378239.01,5823734.687],[378608.362,5823790.694],[378634.39,5823657.102],[378637.288,5823587.311],[378514.934,5823261.636],[378484.612,5823211.513],[378662.189,5823130.116],[378652.145,5823082.524],[378628.07,5823037.835],[378689.458,5823025.874],[378959.109,5822994.614],[379098.945,5823046.498],[379199.96,5823100.072],[379258.248,5823137.791],[379322.4,5823188.866],[379377.838,5823251.678],[379413.564,5823317.119],[379481.935,5823481.688],[379499.520969,5823560.261932],[379475.617,5823849.784],[379452.736,5824150.203],[379459.005,5824228.765],[379476.586,5824328.539],[379500.882,5824416.221],[379531.067,5824503.013],[379633.088,5824766.083],[379660.843,5824815.777],[379717.408,5824886.088],[379762.918,5824928.445],[379874.181,5825011.504],[379902.069,5825058.087],[379907.553,5825128.569],[379892.124,5825176.72],[379883.701,5825223.804],[379888.739,5825255.65],[379931.925,5825370.572],[379943.994,5825448.524],[379933.873,5825507.988],[379907.282,5825563.1],[379859.154,5825626.683],[379806.106,5825557.295],[379827.472072,5825532.637904],[379835.673444,5825496.195601],[379780.272,5825465.864],[379757.46,5825429.369],[379748.947,5825356.044],[379710.386,5825327.747],[379689.594,5825277.498],[379702.11,5825245.225],[379759.037,5825194.716],[379724.883,5825097.102],[379672.964,5825114.274],[379671.203,5825084.994],[379719.851,5825081.024],[379688.821,5825042.671],[379621.825,5825027.9],[379591.351,5825010.289],[379579.543,5824958.508],[379606.4,5824870.1],[379525.149,5824825.586],[379498.508815,5824804.102668]]]},"properties":{"PLR_ID":"05100313","PLR_NAME":"Eiswerder","BEZ":"05","STAND":"01.01.2021","GROESSE_M2":1665431.865}},
{"type":"Feature","geometry":{"type":"Polygon","coordinates":[[[405856.98,5805728.307],[405579.935,5805355.036],[405400.622,5805116.928],[405500.143,5805041.794],[405709.383,5804889.355],[405598.649,5804737.239],[405141.128,5804119.969],[405135.148,5804063.146],[405075.497,5803993.863],[405143.562,5803856.986],[405162.468,5803775.816],[405158.305,5803707.153],[405144.545,5803653.371],[405090.006,5803509.641],[405195.926,5803547.047],[405456.044,5803689.412],[406092.717,5804031.115],[406522.014,5804270.288],[406651.15,5804340.107],[406910.991,5803859.932],[406960.921,5803765.436],[407477.306,5803867.321],[407607.185,5803894.068],[407611.739,5803624.704],[407608.088,5803346.017],[407584.717,5803218.387],[407553.668,5803149.764],[407651.007,5803109.761],[407874.513,5803070.992],[407867.334,5803007.776],[407874.422,5802937.15],[407899.616,5802832.734],[407892.44,5802721.321],[407873.799,5802617.264],[407856.241,5802582.508],[407814.539,5802528.956],[407720.764,5802478.603],[407651.783,5802420.14],[407472.631,5802293.057],[407408.705,5802164.826],[407382.708,5802138.513],[407328.012,5802060.41],[407320.536,5802022.677],[407281.162,5801922.656],[407282.021,5801858.868],[407298.419,5801813.042],[407286.521,5801747.736],[407267.901,5801701.835],[407251.253,5801571.197],[407213.299,5800642.009],[407138.767,5800635.654],[407109.928,5800488.55],[407141.068,5800311.18],[407163.368,5800255.493],[407264.822,5800082.488],[407408.857,5799934.062],[407538.234,5799715.533],[407652.526,5799710.584],[407719.136,5799583.506],[407746.08,5799566.486],[407849.741,5799524.014],[407945.798,5799529.71],[408089.859,5799594.478],[408142.025,5799651.481],[408111.676,5800001.174],[408192.399,5800138.325],[408225.823,5800241.458],[408263.837,5800326.776],[408287.223,5800364.117],[408374.073,5800461.057],[408422.501,5800508.712],[408460.31,5800574.226],[408449.826,5800614.48],[408454.573,5800648.086],[408508.889,5800773.579],[408514.031,5800880.689],[408534.412,5800995.707],[408563.684,5801028.138],[408626.591,5801052.081],[408665.213,5801076.144],[408678.043,5801107.317],[408664.944,5801126.223],[408707.137,5801180.956],[408875.981,5801278.638],[408890.057,5801301.688],[408871.443,5801311.93],[408888.389,5801342.365],[408922.911,5801374.295],[408907.059,5801396.194],[408903.591,5801443.674],[408948.317,5801575.458],[409029.41,5801672.537],[409080.308,5801710.156],[409121.964,5801715.484],[409168.547,5801704.371],[409146.381,5801815.068],[409140.917,5801875.904],[409170.879,5801974.713],[409185.419,5802093.822],[409206.721,5802169.958],[409244.836,5802246.285],[409336.016,5802382.257],[409365.838,5802410.987],[409433.882,5802434.332],[409470.249,5802499.714],[409506.391,5802605.364],[409524.846,5802631.59],[409568.755,5802664.483],[409746.897,5802723.693],[409815.811,5802759.63],[409953.558,5802856.262],[410022.143,5802923.861],[410077.305,5802951.16],[410139.194,5802947.326],[410278.03,5802969.137],[410323.962,5802953.717],[410453.508,5802874.307],[410494.72,5802840.479],[410582.805,5802751.818],[410618.481,5802702.856],[410734.18,5802713.048],[410776.345,5802739.924],[410758.583,5802760.789],[410808.231,5802760.957],[410845.521,5802749.081],[410944.772,5802684.024],[410952.34,5802699.798],[410913.639,5802713.151],[410895.525,5802750.74],[410946.176,5802767.466],[411018.92,5802770.804],[410993.075,5802865.163],[411005.682,5802904.579],[411031.647,5802941.391],[411123.685,5803026.682],[411161.049,5803071.387],[411240.396,5803203.973],[411297.625,5803273.827],[411322.042,5803331.206],[411362.547,5803369.162],[411414.693,5803450.931],[411450.357,5803534.563],[411502.093,5803608.991],[411550.437,5803786.44],[411536.497,5803821.63],[411469.583,5803823.601],[411461.195,5803848.515],[411318.792,5803817.878],[411384.938,5804092.221],[411435.097,5804225.83],[411437.548,5804267.81],[411402.485,5804266.898],[411186.717,5804211.576],[411126.738,5804249.338],[410820.819,5804474.023],[410697.264,5804442.786],[410656.926,5804484.629],[410641.016,5804546.857],[410580.987,5804546.053],[410577.348,5804560.32],[410628.261,5804705.614],[410679.841,5804689.67],[410711.046,5804789.562],[410755.293,5804715.974],[410766.538,5804672.899],[410827.055,5804690.367],[410885.517,5804722.432],[411050.876,5804892.9],[411084.339,5804938.339],[411132.112,5804980.404],[411219.821,5805092.887],[411257.477,5805103.583],[411317.092,5805180.894],[411352.868,5805206.223],[411364.586,5805276.511],[411390.453,5805321.335],[411376.395,5805339.349],[411419.615,5805410.809],[411470.577,5805425.591],[411451.434,5805372.287],[411428.582,5805340.3],[411426.222,5805296.934],[411446.562,5805279.576],[411546.374,5805338.866],[411619.506,5805461.015],[411665.158,5805546.877],[411716.985,5805584.846],[411764.459,5805570.755],[411846.126,5805599.736],[411913.028,5805658.429],[411962.627,5805741.716],[411990.134,5805773.081],[412038.004,5805783.833],[412084.41,5805772.012],[412127.72,5805793.525],[412174.58,5805833.126],[412216.912,5805908.617],[412192.294,5805961.419],[412172.7,5805943.063],[412128.844,5805931.682],[411947.63,5805923.824],[411879.4,5805939.85],[411822.05,5805980.95],[411785,5805978.2],[411737.2,5806020.7],[411699.8,5806067.25],[411680.723,5806108.893],[411315.521,5805845.754],[411208.91,5805745.257],[411152.557,5805698.94],[411087.935,5805655.773],[410903.966,5805567.62],[410838.428,5805542.248],[410609.65,5805464.33],[410424.421,5805391.505],[410350.401,5805354.36],[410242.958,5805280.438],[410161.644,5805203.05],[410124.789,5805140.039],[410104.65,5805044.704],[410112.758,5804910.535],[410085.21,5804867.114],[410051.319,5804852.42],[409695.05,5804733.6],[409610.8,5804703.8],[409559.85,5804638.05],[409561.85,5804620.05],[409509,5804522.05],[409484.5,5804457.05],[409445.4,5804376.9],[409354.75,5804371.45],[409295.35,5804360.5],[409260.7,5804327.35],[409221.15,5804324.05],[409188.007,5804337.828],[408618.71,5804210.362],[408600.9,5804219.9],[408584.2,5804259.7],[408531.45,5804316.4],[408475.85,5804324.85],[408422.186068,5804372.21945],[408053.505759,5804759.230177],[407540.486,5804787.442],[407544.26,5804738.819],[407570.118,5804696.021],[407622.231,5804645.813],[407494.733,5804529.052],[407409.125,5804443.838],[407013.778,5804875.108],[406185.34,5805485.431],[405856.98,5805728.307]]]},"properties":{"PLR_ID":"09301228","PLR_NAME":"Schmöckwitz/Rauchfangswerder","BEZ":"09","STAND":"01.01.2021","GROESSE_M2":14762928.79}},
{"type":"Feature","geometry":{"type":"Polygon","coordinates":[[[402653.646,5808242.649],[402476.452,5808427.175],[402241.503,5808715.898],[401959.158,5809056.126],[401801.567,5809248.87],[401782.791,5809262.055],[401808.889,5809188.069],[401834.092,5809081.728],[401837.571,5809023.617],[401831.039,5808801.468],[401830.357,5808698.395],[401816.657,5808590.619],[401741.143,5808394.307],[401696.547,5808299.887],[401456.779,5807894.165],[401291.034,5807636.119],[401172.792,5807483.869],[401080.674,5807376.431],[401385.116,5807392.505],[401397.726,5807391.231],[401462.543,5807107.72],[401481.389,5807013.188],[401478.831,5806974.505],[401442.998496,5806926.369594],[401454.319,5806914.267],[401506.97,5807000.948],[401563.749,5806871.081],[401725.095,5807041.098],[401811.299,5807123.948],[401912.332,5807212.198],[402120.512,5807430.709],[402160.322,5807479.421],[402321.16,5807689.196],[402415.99,5807818.979],[402523.656261,5807991.834358],[402540.434,5808009.017],[402653.646,5808242.649]]]},"properties":{"PLR_ID":"09300921","PLR_NAME":"Preußen Siedlung","BEZ":"09","STAND":"01.01.2021","GROESSE_M2":1462066.002}},
{"type":"Feature","geometry":{"type":"Polygon","coordinates":[[[404130.123,5823082.332],[404142.745,5823123.964],[404076.227,5823126.253],[404021.084,5823115.978],[403828.457,5823051.482],[403653.423,5822985.13],[403596.292,5822947.683],[403588.541,5822966.698],[403556.86,5822961.801],[403350.452,5822882.308],[403361.245454,5822852.320982],[403299.438539,5822825.996803],[403255.057,5822816.571],[403166.127197,5822779.852446],[403158.099,5822716.985],[403124.338,5822563.64],[403080,5822396.934],[403028.473,5822156.676],[403031.093,5822118.887],[403013.609,5822015.093],[402986.025,5821924.259],[402960.263,5821858.53],[402925.242,5821810.169],[402924.588,5821789.426],[402848.56,5821605.156],[402807.790971,5821518.70051],[402917.298,5821472.467],[403054.884,5821437.302],[403189.472,5821394.886],[403236.143,5821397.734],[403335.279,5821418.075],[403426.725,5821351.977],[403483.494,5821264.064],[403505.179,5821217.041],[403540.959,5821179.874],[403717.080113,5821078.892599],[403794.957,5821027.691],[403897.378,5820978.915],[403941.327,5820944.576],[403955.735,5820948.405],[404021.457,5820976.56],[404095.486,5821051.474],[404111.466,5821092.682],[404080.978,5821200.477],[404081.917,5821229.069],[404133.602,5821380.787],[404191.429,5821367.727],[404133.395,5821383.846],[404128.316,5821475.162],[404038.654,5821680.576],[404013.583,5821725.969],[403917.202,5821878.5],[403822.234,5821951.376],[403784.25699,5822019.522903],[403771.786,5822040.466],[403758.578,5822129.828],[403748.674,5822289.343],[403763.99,5822377.472],[403821.329,5822474.639],[403871.606,5822539.346],[403901.181,5822608.284],[403910.312,5822646.868],[403952.626,5822737.868],[404003.693,5822822.153],[404036.414,5822919.581],[404130.123,5823082.332]]]},"properties":{"PLR_ID":"10100316","PLR_NAME":"Landsberger Tor","BEZ":"10","STAND":"01.01.2021","GROESSE_M2":1608741.423}},
{"type":"Feature","geometry":{"type":"Polygon","coordinates":[[[398036.641,5818964.714],[398186.839,5818938.16],[398265.115757,5818914.616496],[398455.885,5818881.012],[399005.832,5818815.845],[399182.423,5818776.933],[399189.637,5818833.966],[399550.25958,5818789.993904],[399520.823,5818822.634],[399515.881,5818855.526],[399515.533,5818985.777],[399521.743,5819162.545],[399520.333,5819228.061],[399520.822,5819242.563],[399469.468,5819230.808],[399474.025,5819300.146],[399160.445,5819316.086],[399071.751,5819318.734],[398845.093,5819307.637],[398780.118,5819297.034],[398752.779,5819327.981],[398658.158,5819283.286],[398573.255,5819257.433],[398476.286,5819220.232],[398336.614,5819152.106],[398095.418,5819003.379],[398036.641,5818964.714]]]},"properties":{"PLR_ID":"11401032","PLR_NAME":"Rosenfelder Ring","BEZ":"11","STAND":"01.01.2021","GROESSE_M2":567616.948}},
{"type":"Feature","geometry":{"type":"Polygon","coordinates":[[[380068.3993,5821939.3078],[380057.294,5821911.409],[379748.3492,5821893.9006],[379581.6159,5821891.7735],[379416.3779,5821899.9174],[379293.1464,5821924.2612],[379145.0806,5821967.7765],[379037.0892,5822010.0293],[378960.903,5822047.3771],[378817.6961,5822141.2974],[378765.2406,5822169.7942],[378702.6863,5822193.0834],[378610.216,5822204.465],[378500.964,5822182.387],[378477.055,5822134.423],[378423.402,5822102.62],[378373.238,5822060.605],[378212.71,5821941.668],[378129.211,5821886.632],[378138.375331,5821881.646539],[378092.741,5821845.532],[378006.664353,5821727.722189],[378054.059,5821691.565],[378220.539,5821549.308],[378391.8,5821397.123],[378496.768,5821322.992],[378586.723,5821267.062],[378671.664,5821222.742],[378777.917,5821185.047],[378911.742,5821154.684],[379025.905,5821170.677],[379120.357,5821214.877],[379202.121,5821268.058],[379296.156,5821315.007],[379413.815,5821348.02],[379412.474,5821312.767],[379429.865,5821246.053],[379425.263,5821146.479],[379400.503,5821072.596],[379381.952,5821048.85],[379470.064,5821024.08],[379560.11,5821006.895],[379647.413,5820999.963],[379738.921,5820977.877],[379788.98,5820987.461],[379799.447,5821021.51],[379985.755,5821000.826],[380008.67,5820988.571],[380184.417,5821013.555],[380251.648,5821012.716],[380384.651,5821020.055],[380527.696,5821010.327],[380589.626,5820986.687],[380599.343,5821009.7],[380734.86,5820951.238],[380752.184,5820948.278],[380901.283,5820873.127],[381013.593,5820824.872],[381052.447,5820818.002],[381105.927,5820796.545],[381119.843,5820828.319],[381097.596,5820934.985],[381089.807,5821012.376],[381087.951,5821121.198],[381077.973,5821152.71],[381035.925,5821177.007],[381060.587,5821245.926],[381076.46,5821290.351],[380617.959,5821666.714],[380457.659,5821783.77],[380327.541,5821848.522],[380186.413,5821900.409],[380068.3993,5821939.3078]]]},"properties":{"PLR_ID":"05100317","PLR_NAME":"Freiheit","BEZ":"05","STAND":"01.01.2021","GROESSE_M2":2278703.952}},
{"type":"Feature","geometry":{"type":"Polygon","coordinates":[[[386878.646,5809220.989],[386971.752,5809258.487],[387054.581,5809264.561],[387236.565,5809225.428],[387291.576,5809220.715],[387393.611,5809236.823],[387405.468,5809210.91],[387739.499,5809298.536],[387720.455,5809342.975],[388079.259,5809482.936],[388245.427,5809535.555],[388144.258,5809908.362],[388027.504,5810463.47],[388014.352,5810498.945],[387938.997,5810523.904],[387834.122,5810597.28],[387663.2,5810369.765],[387601.045,5810365.017],[387600.443,5810377.008],[387505.011,5810369.48],[387492.602,5810351.829],[387197.889,5810138.545],[387346.254,5809919.701],[387331.946,5809905.123],[387104.622,5809760.496],[387071.724,5809757.891],[386785.783,5809563.129],[386749.857,5809549.532],[386660.984,5809515.893],[386682.335,5809419.695],[386694.829,5809400.423],[386823.838,5809360.92],[386819.669,5809356.22],[386878.646,5809220.989]]]},"properties":{"PLR_ID":"06200315","PLR_NAME":"Gallwitzallee","BEZ":"06","STAND":"01.01.2021","GROESSE_M2":1175516.56}},
{"type":"Feature","geometry":{"type":"Polygon","coordinates":[[[385026.911,5814426.115],[385084.049,5814473.992],[385097.193,5814514.142],[385082.112,5814593.506],[385075.45,5814711.783],[385084.807,5814920.252],[385091.404,5814943.656],[385117.308905,5815575.727325],[384737.846,5815249.955],[384592.259,5815136.419],[384493.112,5815058.945],[384437.684,5815028.141],[384471.573,5815012.264],[384692.821,5814842.688],[384801.483,5814719.635],[384875.378,5814620.936],[384972.311,5814534.286],[385025.929,5814464.391],[385026.911,5814426.115]]]},"properties":{"PLR_ID":"04400833","PLR_NAME":"Schlangenbader Straße","BEZ":"04","STAND":"01.01.2021","GROESSE_M2":353209.3}},
{"type":"Feature","geometry":{"type":"Polygon","coordinates":[[[409729.485463,5809643.5761],[409756.6,5809614.3],[409875.7,5809539.15],[409969.75,5809511.5],[410046.2,5809507.4],[410147.85,5809559.3],[410194.9,5809590.45],[410245.2,5809576.35],[410306.75,5809581.3],[410380.05,5809603.85],[410475.093345,5809566.658734],[410622.5,5809540.65],[410659.3,5809539.85],[410727.9,5809557.4],[410866.5,5809625.4],[410891.4,5809642.65],[410951.1,5809661.4],[411079.35,5809656.4],[411244,5809623.9],[411356.25,5809597.15],[411400.2,5809580.35],[411475.95,5809532.05],[411511.4,5809498.85],[411571.65,5809417.75],[411665.3,5809312.5],[411729.6,5809257.2],[411747.8,5809233.2],[411782.05,5809226.5],[411797.7,5809244.25],[411821.55,5809231.5],[411885.8,5809230.5],[411987.2,5809210.75],[412046.4,5809184.65],[412119.2,5809167.3],[412210.45,5809155.95],[412351.1,5809158.1],[412457.45,5809173.15],[412552.9,5809157.4],[412622.516,5809112.674],[412662.425,5809065.015],[412801.877,5808833.33],[412847.33,5808776.618],[412941.914,5808670.854],[412955.647,5808636.442],[412980.649,5808500.494],[412986.326,5808411.877],[413001.096,5808376.993],[413038.181,5808340.223],[413123.137,5808302.368],[413163.086,5808266.65],[413188.096,5808212.633],[413212.756,5808183.327],[413255.266,5808155.37],[413298.35941,5808113.293722],[413396,5808164.7],[413410.118489,5808143.71543],[413437.143,5808181.528],[413500.712,5808228.134],[413539.561,5808235.603],[413615.821,5808285.072],[413635.641,5808322.179],[413626.919,5808420.304],[413652.355,5808491.35],[413688.191,5808466.58],[413730.372,5808490.61],[413707.273,5808563.328],[413867.319,5808797.157],[414167.759,5809247.535],[414291.786,5809215.347],[414300.827,5809242.072],[414378.552,5809213.399],[414413.737,5809251.138],[414438.071,5809394.868],[414447.12,5809409.686],[414259.168,5809486.377],[414289.937,5809560.076],[414345.216,5809887.352],[414231.304,5809910.448],[413941.806,5809964.028],[413772.4,5810012.598],[413703.552,5810038.955],[413576.831,5810100.079],[413518.807,5810133.394],[413413.214,5810205.294],[413340.161,5810264.706],[413267.934,5810331.328],[413177.503,5810392.1],[413178.526,5810427.515],[413286.364,5810354.617],[413359.68,5810287.454],[413490.919,5810187.096],[413591.695,5810126.503],[413758.08,5810045.582],[413888.405,5810007.226],[414013.414,5809980.628],[414216.444,5809944.066],[414222.517,5809980.5],[414535.2,5809935.77],[414567.701,5810127.352],[414563.033,5810131.679],[414625.771,5810505.265],[415069.643,5810877.124],[415464.021,5810884.885],[415328.35,5810338.484],[415704.011,5810275.225],[415727.015,5810325.906],[415771.399,5810402.001],[415786.553,5810444.95],[415771.815,5810464.046],[415390.873,5810530.658],[415469.274,5810846.354],[415519.651,5811033.978],[415336.383,5811072.51],[415482.12,5811392.045],[415410.59,5811374.12],[415387.337,5811434.818],[415329.919,5811507.866],[415283.896,5811552.666],[415225.062,5811585.171],[415066.197,5811638.988],[414998.011,5811677.903],[414809.646,5811711.287],[414696.008,5811746.331],[414594.452,5811714.884],[414533.396,5811727.416],[414424.014,5811758.831],[414219.15,5811799.787],[414132.314,5811831.355],[414074.204,5811870.623],[414071.65,5811909.853],[413989.636,5811925.553],[413877.794,5811885.636],[413631.572,5811937.021],[413065.752,5812610.767],[412957.541,5812853.075],[412871.043,5813036.726],[412778.676,5813254.485],[412764.226,5813302.236],[412680.353,5813316.387],[412586.878,5813314.555],[412463.031,5813349.408],[412221.032,5813511.388],[412072.259,5813608.629],[411927.279,5813729.813],[411818.939,5813832.909],[411775.896,5813910.333],[411627.968,5813919.144],[411731.059,5813682.992],[411825.042,5813480.315],[411854.55,5813362.652],[411869.479,5813243.359],[411878.033,5813123.581],[411902.238,5812998.115],[412030.936,5812976.14],[412043.747,5812856.23],[412048.968,5812734.563],[412021.323,5812503.305],[411976.948,5812408.847],[411877.774,5812420.822],[411765.272,5812424.301],[411679.937,5812439.398],[411552.14,5812472.118],[411565.376,5812511.343],[411576.785,5812607.095],[411565.612,5812697.499],[411513.998,5812832.865],[411507.18,5813054.046],[411478.951,5813193.648],[411440.621,5813290.482],[411384.053,5813447.818],[411372.037,5813468.345],[411282.534,5813494.359],[411171.726,5813512.497],[411070.026,5813535.745],[410993.082,5813567.282],[410895.109,5813570.465],[410771.514,5813585.293],[410671.448,5813625.392],[410515.886,5813693.516],[410342.136,5813892.411],[410241.761,5814050.869],[410091.656,5814141.147],[410013.326,5814213.678],[409888.658,5814297.03],[409770.292,5814397.877],[409668.232,5814490.639],[409626.516,5814512.569],[409228.907,5812376.181],[409135.045,5811875.141],[409090.752,5811630.033],[408745.707,5810694.249],[408688.908,5810542.195],[408956.642,5810441.896],[409894.427001,5810086.620331],[409909.3,5810098.55],[409908.75,5810135.35],[409948.806,5810091.677],[410002.073,5810013.536],[410044.812,5809920.768],[410123.5,5809769],[410119.85,5809744.7],[410032.85,5809750.4],[409936.2,5809749.05],[409864.45,5809807.5],[409771.05,5809866.75],[409743.05,5809850.8],[409767.65,5809775.85],[409716,5809700.4],[409729.485463,5809643.5761]]]},"properties":{"PLR_ID":"09501838","PLR_NAME":"Rahnsdorf","BEZ":"09","STAND":"01.01.2021","GROESSE_M2":21450568.86}},
{"type":"Feature","geometry":{"type":"Polygon","coordinates":[[[393550.127,5823543.488],[393369.618,5823663.454],[393211.716144,5823695.82516],[393201.226,5823644.38],[392869.404,5823163.033],[392843.654679,5823122.007072],[392945.65,5823047.409],[393093.468,5822906.606],[393214.552,5822796.314],[393314.975,5822729.925],[393324.343,5822724.108],[393339.342,5822771.82],[393330.571,5822778.134],[393396.045,5823031.109],[393550.127,5823543.488]]]},"properties":{"PLR_ID":"03601244","PLR_NAME":"Humannplatz","BEZ":"03","STAND":"01.01.2021","GROESSE_M2":364157.931}},
{"type":"Feature","geometry":{"type":"Polygon","coordinates":[[[384699.965,5832140.171],[384575.233,5832319.164],[384528.408,5832371.391],[384407.292,5832555.445],[384249.376,5832779.094],[384217.62,5832803.918],[384212.225,5832831.908],[384170.698,5832890.716],[384061.55,5833058.414],[384035.613,5833103.606],[383968.824,5833240.979],[383928.902,5833336.254],[383901.43,5833435.211],[383882.976,5833537.276],[383875.992,5833691.319],[383879.258,5833731.603],[383786.615,5833723.249],[383671.525,5833706.673],[383377.78,5833642.015],[383228.206,5833652.865],[383073.568,5833611.595],[382912.443,5833598.286],[382686.562,5833648.447],[382411.264,5833718.599],[382422.936,5833636.362],[382414.443,5833635.104],[382424.108,5833537.826],[382439.884,5833491.458],[382512.185,5833350.039],[382569.878,5833190.86],[382601.082,5833029.495],[382515.089,5832177.847],[382562.993,5832139.027],[382619.395,5832113.5],[382715.785,5832103.141],[382753.079,5832078.658],[382785.337,5832076.066],[382907.792,5832086.579],[382995.434,5832085.511],[383077.712,5832071.643],[383145.952,5832019.311],[383235.187,5831962.568],[383315.477,5831929.891],[383391.122,5831923.946],[383455.678,5831929.71],[383584.375,5831955.036],[383660.997,5831961.532],[383721.479,5831989.304],[383844.563,5832013.602],[383977.063,5832019.404],[384007.722,5832029.509],[384092.326,5832041.106],[384148.411,5832057.877],[384241.472,5832064.012],[384374.76,5832087.168],[384502.551,5832098.21],[384551.412,5832111.165],[384699.965,5832140.171]]]},"properties":{"PLR_ID":"12400720","PLR_NAME":"Frohnau West","BEZ":"12","STAND":"01.01.2021","GROESSE_M2":2749772.919}},
{"type":"Feature","geometry":{"type":"Polygon","coordinates":[[[400826.929,5814871.126],[400975.423,5814757.905],[401000.346,5814753.286],[401409.312,5814673.915],[401377.464,5814736.273],[401458.748,5814734.402],[401536.422,5814715.006],[401617.432,5814704.517],[401689.815,5814706.189],[401652.753,5814717.57],[401579.13,5815082.621],[401421.933,5815393.116],[401383.366,5815394.162],[401391.687,5815698.162],[401416.516,5815694.07],[401475.154,5815833.09],[401530.247,5815910.854],[401553.273,5815992.308],[401538.259,5816058.796],[401400.527,5816431.246],[401299.549,5816729.445],[401207.349,5816891.911],[401185.538,5817145.005],[401149.686,5817169.997],[401142.743,5817195.597],[401162.259,5817226.507],[401117.629,5817311.246],[401034.926,5817456.551],[401007.546829,5817462.129118],[400971.58,5817451.719],[400184.664,5817151.847],[399921.639,5817047.063],[399916.811,5817044.923],[400060.199,5816652.881],[400071.462,5816591.506],[400046.675,5816587.672],[399856.82,5815701.186],[399848.957,5815688.15],[399848.954,5815619.506],[399898.376,5815586.948],[400078.926,5815448.977],[400323.432,5815266.313],[400437.652,5815168.018],[400690.811,5814976.013],[400688.955,5814973.577],[400826.929,5814871.126]]]},"properties":{"PLR_ID":"11501340","PLR_NAME":"Karlshorst Nord","BEZ":"11","STAND":"01.01.2021","GROESSE_M2":3297882.93}},
{"type":"Feature","geometry":{"type":"Polygon","coordinates":[[[389561.47,5816532.513],[389536.579,5816539.726],[389360.742,5816558.608],[389219.603,5816589.14],[388928.63732,5816596.594938],[388751.479,5816371.554],[388735.299,5816376.552],[388706.865,5816353.401],[388753.885,5816334.987],[388857.07,5816264.192],[388884.644,5816240.119],[389313.771,5816225.945],[389423.225,5816224.576],[389428.805,5816250.378],[389590.234,5816245.198],[389604.555,5816466.148],[389606.284,5816527.631],[389561.47,5816532.513]]]},"properties":{"PLR_ID":"07200414","PLR_NAME":"Hohenfriedbergstraße","BEZ":"07","STAND":"01.01.2021","GROESSE_M2":263433.439}},
{"type":"Feature","geometry":{"type":"Polygon","coordinates":[[[388421.376,5816464.406],[388381.992,5816393.974],[388365.606,5816397.659],[388321.841,5816351.13],[388145.118,5816222.882],[387993.405,5816107.56],[387914.04,5816020.18],[387910.53,5816023.316],[387833.68,5815938.303],[388091.086,5815745.504],[388126.893,5815713.846],[388151.474,5815735.029],[388239.994,5815835.47],[388347.933,5815972.144],[388441.529,5816100.595],[388478.498,5816135.379],[388632.816,5816332.951],[388660.907,5816380.143],[388629.467,5816398.13],[388519.469,5816403.824],[388421.376,5816464.406]]]},"properties":{"PLR_ID":"07200410","PLR_NAME":"Feurigstraße","BEZ":"07","STAND":"01.01.2021","GROESSE_M2":250440.158}},
{"type":"Feature","geometry":{"type":"Polygon","coordinates":[[[402955.939017,5807793.888488],[402975.272,5807762.48],[403062.479,5807521.785],[403239.975,5807478.533],[403316.079,5807385.508],[403452.173,5807248.088],[403514.557,5807167.562],[403535.133,5807183.799],[403590.123,5807118.841],[403701.799,5807008.762],[403805.686,5806916.559],[403862.11,5806860.583],[403685.457,5806619.937],[403708.232,5806564.188],[403751.383,5806514.946],[403775.666,5806463.66],[403824.555,5806395.459],[403908.133,5806400.164],[403976.862,5806415.806],[404020.298,5806333.135],[404087.797,5806149.187],[404135.062,5806150.779],[404267.295,5806115.931],[404275.381,5806096.142],[404265.396,5806024.293],[404282.418,5805971.927],[404240.216,5805835.377],[404240.283,5805772.442],[404282.421,5805714.158],[404332.512,5805630.266],[404341.122,5805581.848],[404323.789,5805528.376],[404312.666,5805440.063],[404301.518,5805401.647],[404298.689,5805342.556],[404322.95,5805294.247],[404339.942,5805226.103],[404387.85,5805227.777],[404399.997,5805205.363],[404401.846,5805140.292],[404377.232,5805073.536],[404380.476,5805035.03],[404456.4,5804897.237],[404526.36,5804868.207],[404649.702,5804829.096],[404677.226,5804828.472],[404749.155,5804706.024],[404810.185,5804662.712],[404918.083,5804538.541],[404930.102,5804487.643],[404964.233,5804406.879],[405040.322,5804325.119],[405078.14,5804261.222],[405141.128,5804119.969],[405598.649,5804737.239],[405709.383,5804889.355],[405500.143,5805041.794],[405400.622,5805116.928],[405579.935,5805355.036],[405856.98,5805728.307],[406164.517,5806141.314],[406165.412,5806148.844],[406095.844,5806214.584],[406124.667,5806263.267],[406207.277,5806279.758],[406240.048,5806244.183],[406451.204,5806528.109],[406481.117,5806451.213],[406496.312,5806436.208],[406729.637674,5806489.895043],[406745.95,5806424.8],[406760.8,5806403.1],[406811.75,5806367],[406855,5806356.15],[407005.608,5806493.382],[406890.446,5806614.723],[406674.448,5806843.27],[406644.357,5806892.278],[406624.07,5806959.647],[406615.836,5807029.142],[406584.311,5807192.501],[406550.134,5807285.309],[406507.981,5807350.012],[406426.209,5807425.365],[406397.36,5807440.475],[406337.347,5807449.019],[405773.69,5807399.658],[405711.608,5807409.518],[405277.984,5807612.315],[405218.911,5807635.651],[405148.498,5807673.237],[404906.752,5807861.385],[404837.549,5807902.631],[404800.588,5807918.733],[404745.931,5807927.268],[404659.077,5807927.254],[404508.673,5807909.983],[404431.4,5807891.012],[404301.256,5807844.44],[404270.543,5807839.179],[404185.298,5807844.605],[404077.792,5807877.612],[403994.703,5807921.725],[403883.733,5808009.749],[403813.928,5808086.113],[403757.362,5808192.429],[403737.562,5808269.592],[403740.317,5808389.625],[403758.462,5808489.436],[403763.659,5808555.008],[403760.423,5808612.201],[403744.055,5808685.175],[403724.728,5808733.869],[403676.025,5808811.635],[403631.934,5808864.764],[403600.749,5808919.06],[403577.422,5808998.558],[403572.256,5809063.025],[403572.576,5809167.448],[403551.759,5809266.292],[403518.468,5809338.971],[403459.592,5809422.206],[403386.487,5809496.957],[403339.996,5809530.974],[403211.44,5809599.693],[403169.383,5809639.199],[402973.702213,5809610.816652],[402857.233,5809587.823],[402426.402,5809509.382],[402392.149,5809493.089],[402321.276,5809479.921],[402197.098,5809456.63],[402157.373,5809458.202],[401822.624,5809398.179],[401751.128093,5809392.675958],[401696.935,5809376.932],[401699.843,5809364.813],[401782.791,5809262.055],[401801.567,5809248.87],[401959.158,5809056.126],[402241.503,5808715.898],[402476.452,5808427.175],[402653.646,5808242.649],[402786.02,5808104.669],[402916.645,5807940.945],[402927.281,5807916.546],[402955.939017,5807793.888488]]]},"properties":{"PLR_ID":"09301126","PLR_NAME":"Grünau","BEZ":"09","STAND":"01.01.2021","GROESSE_M2":9172773.623}},
{"type":"Feature","geometry":{"type":"Polygon","coordinates":[[[386644.436,5817400.826],[386652.056,5817322.844],[386650.13,5817185.865],[386656.213,5817136.849],[386651.484,5816646.804],[386644.449,5816562.038],[386721.828,5816584.804],[386757.363,5816581.988],[386975.513,5816637.541],[387060.584,5816653.197],[387093.828,5816665.348],[387083.327,5816715.542],[387081.177,5816804.318],[387087.219,5816879.766],[387126.963,5816918.487],[387097.439,5816951.817],[387108.2,5817095.15],[387101.631,5817093.987],[387123.075,5817292.433],[387130.698,5817304.859],[387093.744,5817331.986],[387000.507,5817375.027],[386917.302,5817400.66],[386797.41,5817420.209],[386644.436,5817400.826]]]},"properties":{"PLR_ID":"04501152","PLR_NAME":"Prager Platz","BEZ":"04","STAND":"01.01.2021","GROESSE_M2":349862.501}},
{"type":"Feature","geometry":{"type":"Polygon","coordinates":[[[408688.908,5810542.195],[408162.406,5810740.042],[406586.106,5811335.217],[406535.316,5811354.834],[406550.909,5811331.721],[406536.757,5811274.926],[406517.855,5811257.814],[406376.144,5811054.685],[406356.002,5811011.369],[406345.664,5810939.857],[406324.936,5810863.533],[406329.622,5810835.51],[406307.601,5810786.16],[406302.025,5810740.654],[406255.343,5810642.65],[406245.843,5810523.828],[406214.592,5810374.251],[406219.167,5810348.511],[406213.16,5810266.831],[406220.971,5810194.243],[406217.402,5810161.139],[406230.438,5810015.11],[406172.435,5809928.968],[406121.398,5809867.145],[406057.435,5809806.845],[405891.953111,5809728.644942],[405847.634,5809766.125],[405420.287,5810045.939],[404955.226,5810349.077],[404744.08,5810488.564],[404338.273,5810754.137],[404310.501,5810779.185],[403945.53355,5811019.052448],[403946.109,5811020.087],[403931.472,5811037.83],[403901.123693,5811006.005704],[403924.084,5810978.85],[403985.707,5810834.232],[403966.893,5810814.221],[403620.564,5810802.362],[403410.352,5810808.257],[403399.736,5810788.134],[403357.404,5810796.644],[402988.085,5810803.662],[403017.879,5810720.459],[403083.483,5810670.563],[403106.129,5810621.138],[403104.401,5810576.12],[403085.384,5810539.828],[403039.256,5810491.793],[402944.176,5810374.476],[402914.398,5810309.652],[402907.1,5810271.8],[402910.15,5810209.75],[402925.058,5810165.58],[402927.093,5810094.419],[402961.105,5810008.448],[403035.464,5809930.457],[403043.994,5809797.737],[403053.781,5809711.677],[403007.502,5809654.467],[402964.466532,5809638.253972],[402973.702213,5809610.816652],[403169.383,5809639.199],[403260.477603,5809661.181013],[403272.3,5809648.6],[403351.55,5809644.7],[403419.2,5809626],[403494.9,5809589.95],[403568.9,5809480.3],[403605.65,5809469.9],[403611.6,5809445.6],[403661.95,5809403.85],[403677.9,5809365.75],[403688.343255,5809300.946961],[403707.2,5809251.637],[403662.428,5809238.806],[403666.6,5809202.021],[403702.822,5809200.208],[403701.648,5809152.867],[403726.224,5809155.949],[403722.931,5809105.169],[403692.297,5809057.057],[403683.501,5809023.105],[403724.523,5808995.458],[403761.536,5808927.041],[403804.9,5808888.8],[403839.008,5808902.417],[404202.623,5808951.069],[404315.425,5808964.367],[404328.081,5808897.508],[404540.701,5808935.223],[404564.615,5808949.785],[404608.03,5808886.616],[404580.616,5808861.297],[404474.629,5808844.008],[404454.554,5808817.032],[404483.354,5808766.791],[404567.673,5808686.798],[404512.216052,5808632.639941],[404571.122,5808643.233],[404543.348,5808624.119],[404477.399,5808612.443],[404492.202,5808577.705],[404548.704,5808511.387],[404551.661,5808495.544],[404504.737,5808523.327],[404470.941,5808558.859],[404417.857,5808554.48],[404378.595,5808491.924],[404406.345,5808370.466],[404425.128,5808321.744],[404464.544,5808287.006],[404478.289,5808259.976],[404464.113,5808203.998],[404483.811,5808150.35],[404514.999,5808177.69],[404583.881,5808138.13],[404582.746,5808106.363],[404640.870002,5808123.796605],[404631.654,5808181.668],[404696.341,5808198.842],[404706.691,5808138.624],[404745.997,5808154.93],[404738.552,5808190.452],[404770.292,5808175.411],[404835.495,5808166.781],[404871.064,5808152.04],[404865.104,5808138.887],[404900.041,5808122.433],[404912.407,5808088.235],[404837.549,5807902.631],[404906.752,5807861.385],[405148.498,5807673.237],[405218.911,5807635.651],[405277.984,5807612.315],[405711.608,5807409.518],[405773.69,5807399.658],[406337.347,5807449.019],[406397.36,5807440.475],[406426.209,5807425.365],[406507.981,5807350.012],[406550.134,5807285.309],[406584.311,5807192.501],[406615.836,5807029.142],[406624.07,5806959.647],[406644.357,5806892.278],[406674.448,5806843.27],[406890.446,5806614.723],[407152.494,5806775.972],[407275.823,5806842.165],[407426.3,5806895.839],[407582.673,5806931.122],[407702.853,5807026.375],[407779.609,5807082.462],[407845.002,5807155.656],[407905.2,5807264.058],[407940.427,5807298.867],[407989.96,5807390.497],[407833.041,5807499.537],[407805.638,5807492.952],[407837.366,5807619.542],[408049.834,5808246.094],[408131.868,5808248.597],[408243.808,5808245.829],[408381.33,5808163.482],[408398.201,5808212.996],[408529.633,5808319.331],[408660.651,5808406.707],[408827.416,5808399.674],[408957.916,5808408.716],[409029.018,5808513.322],[409062.113,5808642.067],[409078.764,5808803.377],[409133.484,5808892.267],[409231.08,5808977.046],[409360.002,5809106.287],[409434.479,5809225.269],[409575.909,5809307.887],[409657.299,5809391.51],[409675.327,5809519.985],[409695.069,5809540.737],[409729.485463,5809643.5761],[409716,5809700.4],[409767.65,5809775.85],[409743.05,5809850.8],[409771.05,5809866.75],[409864.45,5809807.5],[409936.2,5809749.05],[410032.85,5809750.4],[410119.85,5809744.7],[410123.5,5809769],[410044.812,5809920.768],[410002.073,5810013.536],[409948.806,5810091.677],[409908.75,5810135.35],[409909.3,5810098.55],[409894.427001,5810086.620331],[408956.642,5810441.896],[408688.908,5810542.195]]]},"properties":{"PLR_ID":"09401329","PLR_NAME":"Kietzer Feld/Nachtheide","BEZ":"09","STAND":"01.01.2021","GROESSE_M2":17024906.11}},
{"type":"Feature","geometry":{"type":"Polygon","coordinates":[[[392204.081,5818370.519],[392539.522,5819035.282],[392591.36,5819203.335],[392641.121,5819353.351],[392645.199049,5819379.974711],[392538.911429,5819425.832053],[392437.25,5819438.617],[392380.241,5819426.487],[392171.356,5819326.237],[392135.9,5819357.51],[392159.994,5819387.724],[392122.581,5819415.591],[392064.478,5819425.809],[391994.157,5819463.961],[391897.096,5819479.119],[391821.123,5819382.498],[391629.236424,5819177.854652],[391577.788,5819114.22],[391641.723417,5819109.155725],[391642.517,5819118.454],[391740.262,5819112.616],[391822.455,5819126.495],[391823.378,5819019.165],[391817.806,5818966.493],[391669.93,5818749.608],[391710.821,5818713.293],[391769.615,5818760.501],[391906.697,5818583.558],[391950.896,5818530.561],[392084.477,5818610.574],[392184.7,5818381.987],[392204.081,5818370.519]]]},"properties":{"PLR_ID":"01100312","PLR_NAME":"Heine-Viertel West","BEZ":"01","STAND":"01.01.2021","GROESSE_M2":643611.114}},
{"type":"Feature","geometry":{"type":"Polygon","coordinates":[[[386968.581,5819821.613],[387038,5819856.45],[387079,5819894.75],[387258.9,5820103.8],[387289.7,5820143.95],[387329.05,5820223.5],[387366,5820347],[387406.25,5820400.55],[387434.8,5820421.3],[387492.160585,5820441.061589],[387504.939,5820539.826],[387553.346385,5820756.835903],[387590.461,5820748.373],[387621.286,5820849.669],[387596.031,5820848.249],[387409.354,5820860.331],[387304.093,5820870.943],[387317.953,5820825.792],[387022.245,5820713.947],[386708.488,5820628.883],[386670.79386,5820627.041468],[386641.385,5820515.243],[386652.382,5820498.803],[386607.868,5820470.975],[386645.096,5820393.391],[386662.206,5820319.046],[386657.511,5820239.431],[386627.146,5820089.27],[386630.301,5820043.793],[386649.835,5819982.596],[386670.816,5819944.35],[386730.664,5819877.716],[386761.991,5819855.051],[386837.335,5819817.131],[386903.17,5819811.839],[386968.581,5819821.613]]]},"properties":{"PLR_ID":"01200522","PLR_NAME":"Elberfelder Straße","BEZ":"01","STAND":"01.01.2021","GROESSE_M2":639455.329}},
{"type":"Feature","geometry":{"type":"Polygon","coordinates":[[[392068.173,5826947.547],[392336.794,5826988.364],[392376.55,5826997.144],[392682.093,5827137.832],[393306.614,5827432.634],[393652.425,5827716.773],[393680.25306,5827710.548445],[393783.139809,5828150.095601],[393722.51,5828208.305],[393653.854,5828254.512],[393267.379,5828480.337],[393214.879,5828506.847],[393051.776,5828608.335],[392960.393,5828695.967],[392880.727,5828828.173],[392834.265,5828896.112],[392774.235,5828958.84],[392689.985,5829018.87],[392645.842,5829041.619],[392563.205,5829070.83],[392550.14,5829066.829],[392435.437,5829100.801],[392196.025,5829167.386],[392071.827,5829189.861],[391818.581,5829230.493],[391836.944,5829151.271],[391838.898,5828894.296],[391844.476,5828557.358],[391844.829,5828378.838],[391838.691,5828297.321],[391768.943,5827940.121],[391735.051,5827860.062],[391734.195,5827559.749],[391742.477,5827508.195],[391775.868,5827448.508],[391786.588,5827357.057],[391798.308,5827258.389],[391830.118,5827107.764],[391858.697,5827010.216],[391886.805,5826954.497],[391893.452,5826923.487],[392068.173,5826947.547]]]},"properties":{"PLR_ID":"03200207","PLR_NAME":"Herthaplatz","BEZ":"03","STAND":"01.01.2021","GROESSE_M2":3080810.743}},
{"type":"Feature","geometry":{"type":"Polygon","coordinates":[[[376662.34,5821144.004],[376668.612223,5821126.102531],[377087.341,5821270.913],[377374.155,5821129.848],[377405.565,5821222.11],[377408.39,5821301.861],[377395.5,5821365.441],[377634.828,5821430.84],[377696.377,5821422.041],[377658.223,5821245.347],[377745.737,5821249.555],[377745.467,5821200.298],[377760.886,5821160.371],[377817.133,5821075.818],[377919.097,5820985.235],[377976.295,5820958.972],[378025.255,5820973.977],[378053.022,5821060.09],[377984.318149,5821177.608255],[377949.24,5821265.814],[377915.756,5821328.388],[377868.629,5821440.026],[377858.273,5821487.403],[377858.811,5821557.266],[377879.891,5821636.279],[377911.141,5821696.37],[377959.579,5821765.485],[378006.664353,5821727.722189],[378092.741,5821845.532],[378138.375331,5821881.646539],[378129.211,5821886.632],[378046.142,5821931.906],[377898.54,5822002.248],[377751.36,5822056.837],[377529.14,5822119.709],[377407.157,5822149.287],[377398.407,5822141.666],[377210.226,5822193.867],[377052.372,5822232.09],[377046.578,5822238.916],[376703.534,5822340.053],[376712.08,5822294.683],[376707.958,5822214.096],[376691.14,5822146.854],[376678.385,5822007.897],[376667.826,5821980.59],[376590.479,5821978.734],[376589.194,5821967.499],[376508.115,5821960.014],[376482.649,5821682.912],[376485.349,5821661.372],[376662.34,5821144.004]]]},"properties":{"PLR_ID":"05200629","PLR_NAME":"Borkumer Straße","BEZ":"05","STAND":"01.01.2021","GROESSE_M2":1325562.762}},
{"type":"Feature","geometry":{"type":"Polygon","coordinates":[[[389928.736,5807994.242],[389897.673,5808083.898],[389904.987,5808086.561],[389885.989,5808148.323],[389876.221,5808145.967],[389823.658,5808311.69],[389849.899,5808329.841],[389810.625,5808436.781],[389698.699,5808776.67],[389684.873,5808747.335],[389571.357,5809009.721],[389592.471,5809033.168],[389532.037167,5809172.657063],[389541.792,5809176.11],[389497.418,5809310.231],[389495.091,5809342.454],[389462.501,5809489.972],[389429.345,5809506.59],[389405.27,5809536.82],[389367.378,5809514.171],[389324.311,5809461.008],[389285.385,5809386.435],[389011.576,5808881.688],[388928.372,5808731.65],[388883.423,5808637.054],[388876.35,5808635.186],[388741.809,5808378.455],[388734.222,5808351.08],[388686.602074,5808256.108468],[388628.663,5808164.198],[388721.546,5808104.228],[388959.65272,5807942.496762],[389045.807,5807889.175],[389150.329,5807842.161],[389246.328,5807814.006],[389326.859,5807800.13],[389460.737,5807796.058],[389570.46,5807812.536],[389635.348,5807831.819],[389706.358,5807863.96],[389835.859,5807950.34],[389928.736,5807994.242]]]},"properties":{"PLR_ID":"07601237","PLR_NAME":"Kirchstraße","BEZ":"07","STAND":"01.01.2021","GROESSE_M2":1235685.18}},
{"type":"Feature","geometry":{"type":"Polygon","coordinates":[[[392514.82,5824222.067],[392402.591,5824226.56],[392086.289,5824258.861],[392086.292,5824263.736],[391706.954,5824304.228],[391394.294,5824374.355],[391337.659,5824340.26],[391338.282,5824126.13],[391356.576,5823972.695],[391358.52,5823960.757],[391437.578,5823950.5],[391436.153,5823962.553],[391966.234,5823900.786],[392367.286,5823854.503],[392536.167,5823833.436],[392544.213,5823909.054],[392523.168,5824199.417],[392514.82,5824222.067]]]},"properties":{"PLR_ID":"03601139","PLR_NAME":"Norweger Viertel","BEZ":"03","STAND":"01.01.2021","GROESSE_M2":454220.488}},
{"type":"Feature","geometry":{"type":"Polygon","coordinates":[[[400082.396455,5823878.98315],[400061.745,5823908.527],[400035.726,5823916.851],[399965.589,5824037.964],[399866.214,5824176.431],[399714.285,5824362.134],[399518.997,5824616.506],[399379.237,5824805.408],[399319.004,5824901.594],[399227.011,5825039.072],[399169.93,5825006.154],[399145.443,5825038.157],[399049.758,5824978.714],[398950.609,5824927.57],[398912.932,5824925.583],[398833.83,5824872.534],[398841.675,5824860.796],[398681.785,5824771.159],[398657.23584,5824807.896771],[398503.381,5824706.981],[398429.648,5824669.169],[398379.906,5824632.559],[398460.365,5824602.47],[398467.629,5824606.382],[398620.669,5824519.977],[398823.705217,5824421.106743],[399071.837,5824305.28],[399381.576,5824157.149],[399640.006,5824049.947],[399950.522,5823907.825],[399997.627,5823826.856],[400034.756,5823839.098],[400082.396455,5823878.98315]]]},"properties":{"PLR_ID":"11100309","PLR_NAME":"Mühlengrund","BEZ":"11","STAND":"01.01.2021","GROESSE_M2":706043.781}},
{"type":"Feature","geometry":{"type":"Polygon","coordinates":[[[394642.027,5815057.224],[394586.627,5815110.092],[394415.089,5815166.229],[394276.321,5815306.466],[394167.52,5815426.836],[394166.152,5815421.8],[394002.979,5815373.537],[393932.055,5815457.608],[393905.688782,5815445.026361],[394002.485,5815214.993],[394046.83,5815054.581],[394054.066,5814995.529],[394091.325847,5814891.65342],[394129.263,5814751.613],[394138.166,5814656.131],[394154.287,5814654.176],[394203.851821,5814726.020092],[394231.713,5814707.398],[394246.196,5814650.407],[394434.255,5814682.2],[394427.275,5814721.648],[394537.308,5814741.745],[394593.02,5814765.264],[394656.016,5814848.937],[394678.131,5814943.456],[394671.712,5815005.554],[394642.027,5815057.224]]]},"properties":{"PLR_ID":"08100416","PLR_NAME":"Alt-Rixdorf","BEZ":"08","STAND":"01.01.2021","GROESSE_M2":334331.154}},
{"type":"Feature","geometry":{"type":"Polygon","coordinates":[[[398379.906,5824632.559],[398282.064,5824669.17],[398031.764433,5824724.950393],[397925.679,5824750.647],[397616.906245,5824814.247645],[397382.467,5824864.561],[397346.342,5824672.274],[397327.398,5824656.649],[397317.252,5824603.94],[397330.909,5824576.043],[397437.542,5824552.485],[397478.822,5824534.293],[397638.522,5824450.639],[397677.404,5824423.394],[397726.939,5824371.305],[397962.771,5823954.305],[397986.709,5823895.288],[398002.626,5823833.468],[398009.602,5823706.689],[397991.984,5823610.744],[397918.126,5823365.81],[397986.878,5823339.917],[398019.689,5823435.126],[398153.561,5823382.234],[398414.646,5823288.022],[398465.5,5823279.845],[398767.544,5823284.401],[398867.963,5823282.502],[398978.154,5823319.592],[398991.2,5823318.394],[399114.691,5823358.479],[399344.434,5823457.577],[399353.025554,5823431.95425],[399433.844,5823470.935],[399866.128,5823344.27],[399973.502,5823796.927],[399997.627,5823826.856],[399950.522,5823907.825],[399640.006,5824049.947],[399381.576,5824157.149],[399071.837,5824305.28],[398823.705217,5824421.106743],[398620.669,5824519.977],[398467.629,5824606.382],[398460.365,5824602.47],[398379.906,5824632.559]]]},"properties":{"PLR_ID":"11200410","PLR_NAME":"Malchower Weg","BEZ":"11","STAND":"01.01.2021","GROESSE_M2":2232954.788}},
{"type":"Feature","geometry":{"type":"Polygon","coordinates":[[[395461.874,5825267.744],[395675.688,5825224.324],[395897.842,5825171.56],[396358.487,5825071.163],[396729.497,5824997.574],[396826.622,5824981.979],[397220.739,5824898.39],[397251.344,5825019.778],[397257.08,5825075.662],[397219.065,5825086.774],[397497.278,5825425.803],[397266.149,5825615.838],[397164.93,5825701.655],[397182.14,5825783.86],[397180.431,5825812.25],[397128.044,5825798.054],[397062.408,5825813.226],[397009.751,5825813.102],[396954.516,5825823.93],[396981.251,5826025.718],[397002.362,5826094.879],[396979.638,5826096.656],[396991.733,5826125.911],[397002.22,5826379.38],[397033.616,5826382.193],[397017.243,5826403.435],[397002.523,5826546.987],[396989.417,5826592.034],[396992.775,5826765.954],[397014.212,5826885.981],[397048.873,5827028.065],[397125.289,5827002.167],[397151.431,5827078.058],[397259.404,5827084.09],[397314.852,5827256.666],[397336.205,5827254.017],[397388.69,5827432.401],[397433.775,5827518.511],[397499.464,5827608.964],[397600.544,5827712.002],[397638.848,5827740.82],[398521.694,5828286.807],[398752,5828431.167],[398744.93,5828450.414],[398352.05,5829407.461],[398195.188,5829395.722],[398151.086,5829310.211],[398083.777,5829220.891],[398038.664,5829140.26],[397993.667,5829093.31],[397757.087,5829010.182],[397605.68,5828959.571],[397425.448,5828910.273],[397294.875,5828861.808],[397199.107,5828620.429],[397056.964,5828242.976],[396934.43,5827891.528],[396838.516,5827855.628],[396775.574,5827842.402],[396477.422,5827743.695],[396438.362,5827727.818],[396176.078,5827511.68],[396056.666,5827400.838],[395911.807,5827255.484],[395797.122,5827152.737],[395803.79,5827005.325],[395636.35,5826737.389],[395611.216,5826706.025],[395517.005,5826488.019],[395496.589,5826427.113],[395486.805,5826363.949],[395473.235,5826177.03],[395459.535,5826001.017],[395462.584,5825941.655],[395505.132,5825837.756],[395510.233,5825777.189],[395513.926,5825564.862],[395475.395,5825387.13],[395461.874,5825267.744]]]},"properties":{"PLR_ID":"03300517","PLR_NAME":"Märchenland","BEZ":"03","STAND":"01.01.2021","GROESSE_M2":5824513.255}},
{"type":"Feature","geometry":{"type":"Polygon","coordinates":[[[393737.794,5831583.932],[393791.279,5831503.295],[393880.325,5831397.987],[393993.371,5831276.055],[394068.124,5831200.361],[394564.059,5830672.766],[394647.542,5830582.307],[394758.816,5830445.822],[394832.294,5830331.699],[394896.168,5830198.15],[394940.857,5830071.219],[394969.263,5829929.779],[394980.487,5829781.444],[395024.647,5829802.676],[395050.519,5829822.638],[395069.217,5829858.717],[395140.579,5830094.896],[395160.631,5830145.459],[395206.746,5830219.424],[395252.467,5830267.989],[395306.005,5830313.285],[395479.193,5830483.06],[395608.049,5830605.754],[395652.626,5830642.551],[396043.891,5830931.85],[396117.567,5831000.2],[396321.875,5831247.255],[396428.798,5831379.234],[396474.258,5831419.695],[396637.952,5831522.89],[396702.507,5831556.986],[397025.612,5831690.652],[397090.631,5831704.285],[397196.303,5831697.052],[397245.044,5831695.94],[397301.265,5831706.406],[397346.378,5831727.925],[397334.425,5831731.107],[397224.268,5831804.37],[397271.22,5831898.855],[397336.609,5831974.662],[397505.153629,5832222.442596],[397501.234,5832225.102],[397766.892,5832617.516],[397851.466,5832752.709],[397843.841,5832757.477],[397932.696,5832864.458],[397945.64,5832898.288],[397980.704,5832932.296],[398008.250631,5832899.552458],[398020.017,5832913.158],[397999.914,5832942.237],[398183.323,5833153.863],[398384.68,5833326.909],[398544.157,5833460.498],[398541.801526,5833463.293479],[398922.071111,5833789.122468],[399042.742,5833901.293],[399191.564,5834032.138],[399013.193,5834194.786],[398843.814,5834337.93],[398737.886,5834385.432],[398554.815,5834507.343],[398093.182,5834819],[397911.439,5834939.664],[397557,5835462.175],[397790.794,5836721.462],[397571.378,5836598.507],[397473.814,5836562.945],[397210.511,5836435.786],[397076.953,5836390.585],[396929.467,5836267.904],[396912.022,5836304.063],[396922.605,5836373.97],[396885.436,5836429.385],[396848.699,5836438.323],[396845.448,5836456],[396900.616,5836599.326],[396983.629,5836802.051],[397039.129,5836880.188],[397220.142,5837171.648],[397236.466,5837186.204],[397197.657,5837259.27],[397044.161,5837083.707],[396978.411,5837150.551],[396928.28,5837211.043],[396791.725,5837038.207],[396593.94,5836773.072],[396581.094,5836778.861],[396261.062,5836345.613],[395834.455,5836561.325],[395553.076,5836208.328],[395533.198,5836196.071],[395226.509,5835872.459],[395438.215,5835776.94],[395502.781,5835722.469],[395998.622,5835285.391],[396748.996,5835157.16],[396797.868,5835069.442],[396780.653,5834970.47],[396785.185,5834932.047],[396769.935,5834888.244],[396651.246,5834812.043],[396575.968,5834729.861],[396535.088,5834697.729],[396498.121,5834643.015],[396450.35,5834622.033],[396416.318,5834630.384],[396341.368,5834615.902],[396302.018,5834623.873],[396209.467,5834571.889],[396161.287,5834525.062],[396082.126,5834486.523],[396026.129,5834437.317],[395980.276,5834342.117],[395960.259,5834319.24],[395904.068,5834307.547],[395843.888,5834280.144],[395796.87,5834237.169],[395575.915,5834279.015],[395563.567,5834275.208],[395280.966,5834316.99],[395284.188,5834425.109],[395208.841,5834446.686],[395057.659,5834466.663],[394988.708,5834472.293],[394797.777,5834416.679],[394689.381,5834422.996],[394660.829,5834403.859],[394652.073,5834377.815],[394573.162,5834368.255],[394569.722,5834408.455],[394520.398,5834396.109],[394441.041,5833953.149],[394415.398,5833952.46],[394259.001,5833912.703],[394162.942,5833891.885],[394047.541,5833852.174],[394033.796,5833801.412],[394010.764,5833647.008],[393998.854,5833540.73],[394049.293,5833147.873],[393943.794,5833086.069],[393599.571,5833108.467],[393529.373,5833042.67],[393535.759,5832905.02],[393538.35,5832668.402],[393538.873,5832412.444],[393554.867,5832392.272],[393556.627,5832339.282],[393542.622,5832338.949],[393551.453,5832141.5],[393557.657,5832086.845],[393605.71,5831835.811],[393626.108,5831834.193],[393684.693,5831691.429],[393697.972,5831650.01],[393737.794,5831583.932]]]},"properties":{"PLR_ID":"03100101","PLR_NAME":"Bucher Forst","BEZ":"03","STAND":"01.01.2021","GROESSE_M2":18377139.16}},
{"type":"Feature","geometry":{"type":"Polygon","coordinates":[[[387833.68,5815938.303],[387741.614,5816021.838],[387681.821,5816158.225],[387665.119,5816179.091],[387658.432,5816225.514],[387640.503,5816264.402],[387641.56,5816363.695],[387609.672,5816374.201],[387519.752,5816344.962],[387203.54,5816370.571],[387086.809,5816385.329],[387083.897,5816358.937],[387077.845,5816008.497],[387071.917,5815959.594],[387068.639,5815806.126],[387075.338,5815766.79],[387067.16,5815714.121],[387063.738945,5815549.111177],[387191.88,5815561.319],[387193.645,5815553.117],[387261.408,5815560.58],[387383.313,5815558.113],[387440.137,5815562.63],[387496.934649,5815556.818474],[387518.850408,5815509.611428],[387688.617,5815507.373],[388077.389,5815653.747],[388130.606,5815711.022],[388126.893,5815713.846],[388091.086,5815745.504],[387833.68,5815938.303]]]},"properties":{"PLR_ID":"07200308","PLR_NAME":"Volkspark (Rudolph-Wilde-Park)","BEZ":"07","STAND":"01.01.2021","GROESSE_M2":626736.619}},
{"type":"Feature","geometry":{"type":"Polygon","coordinates":[[[395366.247,5809037.311],[395360.741,5809036.405],[395183.026,5809111.734],[394959.405,5809203.247],[394763.737,5809280.776],[394722.505,5809303.088],[394608.57,5809330.191],[394415.127,5809434.927],[394444.533211,5809454.349726],[394412.808,5809475.018],[394359.166,5809526.202],[394298.846,5809626.409],[394084.78,5809490.329],[393929.006,5809396.719],[393865.758,5809365.052],[393774.603,5809345.357],[393697.957,5809321.656],[393751.106,5809211.796],[393775.976,5809118.75],[393794.697,5808967.228],[393801.091,5808829.665],[393792.992,5808710.714],[393792.545,5808560.846],[393799.823,5808481.764],[393826.498,5808282.795],[393942.859,5808321.291],[394008.368,5808347.864],[394123.081,5808403.259],[394385.499,5808519.133],[394444.281,5808570.572],[394724.199,5808712.655],[394910.952,5808816.006],[395085.058,5808883.403],[395199.941,5808923.092],[395336.201,5808951.09],[395362.182,5808976.033],[395388.971,5809028.199],[395366.247,5809037.311]]]},"properties":{"PLR_ID":"08200833","PLR_NAME":"Buckow Ost","BEZ":"08","STAND":"01.01.2021","GROESSE_M2":1106975.388}},
{"type":"Feature","geometry":{"type":"Polygon","coordinates":[[[389641.891,5812929.689],[389650.266,5812943.649],[389635.931,5812979.109],[389708.085,5813436.741],[389811.644,5814086.19],[389838.657,5814152.711],[389848.052,5814216.127],[389843.776,5814284.183],[389825.399,5814389.994],[389829.128,5814573.469],[389728.057,5814591.419],[389566.217,5814631.803],[389428.047,5814671.787],[389378.07,5814690.636],[389349.745,5814691.128],[389344.153,5814623.346],[389330.277,5814592.992],[389301.857,5814247.869],[389249.629,5813510.85],[389295.458,5813479.088],[389311.162,5813450.279],[389317.642,5813395.612],[389300.536,5813319.46],[389265.651,5813284.824],[389232.909,5813274.097],[389218.242,5813066.382],[389254.5,5812963.851],[389567.498,5812928.693],[389599.031,5812902.706],[389641.891,5812929.689]]]},"properties":{"PLR_ID":"07400823","PLR_NAME":"Wittekindstraße","BEZ":"07","STAND":"01.01.2021","GROESSE_M2":805339.77}},
{"type":"Feature","geometry":{"type":"Polygon","coordinates":[[[391150.524,5808750.777],[391154.592,5808738.071],[391198.904,5808821.012],[391521.102,5808950.71],[391569.821,5809145.557],[391375.857,5809194.029],[391486.981,5809423.088],[391559.442,5809567.639],[391601.396,5809667.524],[391636.334,5809785.41],[391659.717,5809908.835],[391678.131,5810047.533],[391685.462,5810074.982],[391743.342,5810206.741],[391828.945,5810410.407],[391851.159,5810524.365],[391889.637,5810611.796],[391938.964,5810737.618],[391945.343,5810834.409],[391954.984,5810882.871],[391999.55,5811041.251],[392005.939,5811067.547],[391953.166,5811069.982],[391784.047,5811098.223],[391285.181,5811177.005],[391022.138,5811217.415],[390960.051,5811228.946],[390888.347,5811227.375],[390802.505,5811286.708],[390697.158,5811295.043],[390586.887,5811292.909],[390387.794905,5811247.399437],[390407.913,5811201.112],[390422.55,5811128.927],[390441.904,5811115.898],[390442.135,5811051.582],[390421.279,5811048.526],[390439.035,5810940.492],[390479.097,5810835.235],[390858.077,5809660.394],[391150.524,5808750.777]]]},"properties":{"PLR_ID":"07501134","PLR_NAME":"Hundsteinweg","BEZ":"07","STAND":"01.01.2021","GROESSE_M2":2253576.277}},
{"type":"Feature","geometry":{"type":"Polygon","coordinates":[[[406535.316,5811354.834],[406401.288,5811327.737],[406368.061,5811302.083],[406344.359,5811316.319],[406263.266,5811329.802],[406210.421,5811281.908],[406131.029,5811239.6],[406046.754,5811228.773],[406002.643,5811249.4],[405944.006,5811305.14],[405888.671,5811341.337],[405875.367,5811365.85],[405842.041264,5811389.373967],[405835.004527,5811172.380696],[405173.937,5811115.738],[404999.302,5811094.755],[404718.073,5811072.859],[404711.440772,5811065.838753],[404415.618,5811040.833],[404368.609,5811042.677],[404184.046,5811026.844],[403952.675,5811025.41],[403946.109,5811020.087],[403945.53355,5811019.052448],[404310.501,5810779.185],[404338.273,5810754.137],[404744.08,5810488.564],[404955.226,5810349.077],[405420.287,5810045.939],[405847.634,5809766.125],[405891.953111,5809728.644942],[406057.435,5809806.845],[406121.398,5809867.145],[406172.435,5809928.968],[406230.438,5810015.11],[406217.402,5810161.139],[406220.971,5810194.243],[406213.16,5810266.831],[406219.167,5810348.511],[406214.592,5810374.251],[406245.843,5810523.828],[406255.343,5810642.65],[406302.025,5810740.654],[406307.601,5810786.16],[406329.622,5810835.51],[406324.936,5810863.533],[406345.664,5810939.857],[406356.002,5811011.369],[406376.144,5811054.685],[406517.855,5811257.814],[406536.757,5811274.926],[406550.909,5811331.721],[406535.316,5811354.834]]]},"properties":{"PLR_ID":"09401433","PLR_NAME":"Allende II","BEZ":"09","STAND":"01.01.2021","GROESSE_M2":1991483.596}},
{"type":"Feature","geometry":{"type":"Polygon","coordinates":[[[403579.440535,5818184.107789],[403595.938563,5818129.917547],[403582.53,5818086.08],[403543.191,5818040.286],[403529.695,5818011.411],[403517.852,5817895.433],[403505.739,5817856.802],[403446.181,5817729.64],[403380.794,5817671.057],[403168.259,5817656.373],[403131.129,5817664.106],[403102.086,5817655.734],[403063.241,5817624.183],[403029.015,5817560.796],[402994.936,5817528.687],[402939.204,5817496.94],[402896.726,5817457.866],[402859.504,5817399.255],[402837.175431,5817336.657359],[402849.081102,5817332.145124],[402789.369,5817134.674],[402798.476,5817030.099],[402811.33,5816978.027],[402859.347,5816925.616],[402876.181,5816893.423],[402880.372,5816828.325],[402860.011278,5816803.829415],[402847.384,5816742.622],[402797.943,5816670.893],[402756.663,5816563.969],[402736.425,5816524.533],[402686.491,5816455.649],[402676.633,5816427.118],[402637.59,5816239.345],[402611.316,5816157.618],[402518.705,5815975.497],[402451.526,5815895.948],[402450.65,5815736.5],[402439.95,5815651.3],[402427,5815604.75],[402430.483,5815479.297],[402426.816,5815364.636],[402432.893,5815319.782],[402460.612,5815261.158],[402491.982,5815221.875],[402658.402,5815067.527],[402699.939,5815004.795],[402710.746,5814971.772],[402726.761,5814853.134],[402719.153,5814789.131],[402723.014,5814785.493],[402830.59,5814849.072],[403013.831,5814962.363],[403010.362,5814965.493],[403111.311,5815027.569],[403127.091,5814994.499],[403146.096,5815012.414],[403139.825,5815046.5],[403181.896,5815106.839],[403199.551,5815177.61],[403225.896,5815313.32],[403232.171,5815323.884],[403413.673,5815412.857],[403547.806,5815489.542],[403692.1,5815369.48],[403997.931,5815491.557],[404012.104,5815480.46],[404057.98,5815542.664],[403908.818,5815670.14],[403854.237,5815768.068],[403945.725,5815838.226],[404039.639,5815902.761],[404048.286,5815915.193],[404118.866,5816171.999],[404275.482,5816496.221],[404296.729,5816485.817],[404370.418,5816486.815],[404479.872,5816479.875],[404601.794,5816460.186],[404679.64556,5816440.73366],[404704.097,5816560.425],[404751.195,5816626.319],[404761.334,5816659.735],[404724.047,5816665.932],[404758.89,5816895.474],[404780.668,5816972.256],[404856.639764,5816947.826514],[404905.303,5817099.502],[404921.8,5817168.159],[404912.571,5817217.082],[404860.963,5817263.027],[404766.975,5817295.459],[404739.683,5817311.529],[404712.293,5817347.359],[404678.76,5817426.554],[404671.116,5817470.797],[404765.375,5817774.943],[404821.231,5817897.931],[404875.416584,5818090.695774],[404886.664,5818152.464],[404880.119,5818147.884],[404437.57,5818161.519],[404435.924,5818156.267],[404280.654,5818160.546],[404164.497,5818167.874],[404061.881,5818166.96],[403861.724,5818176.099],[403861.827,5818180.774],[403716.233,5818189.62],[403710.126,5818181.931],[403579.440535,5818184.107789]]]},"properties":{"PLR_ID":"10400837","PLR_NAME":"Kaulsdorf Süd","BEZ":"10","STAND":"01.01.2021","GROESSE_M2":4869630.053}},
{"type":"Feature","geometry":{"type":"Polygon","coordinates":[[[379757.46,5825429.369],[379780.272,5825465.864],[379835.673444,5825496.195601],[379827.472072,5825532.637904],[379806.106,5825557.295],[379859.154,5825626.683],[379836.611,5825671.109],[379829.738,5825775.954],[379819.113,5825840.803],[379799.855,5825893.937],[379728.029,5826053.595],[379721.279,5826116.63],[379729.129,5826207.495],[379717.989,5826267.864],[379689.761,5826322.029],[379642.41,5826387.526],[379517.135,5826472.537],[379398.108,5826599.526],[379307.703,5826724.551],[379250.362,5826879.804],[379257.221,5827008.946],[379280.725,5827148.421],[379266.815,5827204.563],[379210.108,5827310.677],[379140.769,5827374.634],[379092.814,5827438.833],[379078.715,5827477.73],[379077.387,5827528.772],[379091.481,5827575.741],[379166.797,5827680.191],[379236.844,5827874.713],[378821.701,5827968.412],[378558.06,5827991.432],[378510.508,5827794.855],[378420.803,5827825.476],[378375.781,5827858.881],[378234.362,5827942.993],[378163.421,5827998.981],[378085.48,5828047.004],[377959.669,5828076.769],[377918.161,5828103.738],[377835.899,5828136.697],[377642.078,5828176.287],[377506.277,5828219.769],[377447.537,5828252.702],[377332.083,5828358.662],[377171.057,5828441.537],[377098.931,5828493.003],[377023.126,5828586.574],[376952.86,5828623.351],[376804.561,5828664.34],[376693.688,5828724.399],[376611.816,5828764.2],[376511.44,5828771.197],[376368.204,5828795.632],[376296.769,5828822.05],[376274.377,5828839.044],[376220.813,5828902.96],[376184.513,5828931.854],[376057.686,5828990.533],[375910.658,5829019.085],[375687.686,5829223.371],[375677.16,5829219.59],[375178.292,5829106.172],[374958.327,5828898.947],[374842.086,5828728.951],[374805.185,5828681.657],[374635.551,5828479.881],[374622.506,5828468.778],[374360.066,5828321.886],[374226.508,5828243.725],[374116.007,5828210.557],[373954.118,5828183.47],[373855.595,5828147.012],[373719.713,5828021.549],[373687.373,5828002.637],[373495.597,5827958.108],[373388.062,5827961.93],[373245.972,5828007.117],[373206.249,5827865.153],[373267.841,5827853.808],[373166.2,5827544.502],[373273.549,5827558.088],[373321.475,5827530.705],[373337.37,5827500.592],[373373.125,5827376.135],[373387.591,5827293.191],[373409.429,5827215.477],[373434.801,5827164.794],[373470.637,5827143.691],[373742.986,5827208.373],[373805.947,5827238.881],[373916.559,5827220.23],[373978.207,5827264.732],[374114.296,5827321.309],[374180.631,5827339.993],[374237.358,5827343.561],[374292.257,5827393.669],[374633.273,5827532.61],[374650.571,5827478.461],[374697.665,5827445.63],[374740.402,5827401.978],[374743.532,5827339.788],[374782.668,5827218.095],[374808.099,5827171.538],[374861.057,5827035.325],[374862.413,5826962.412],[374881.996,5826919.407],[374886.595,5826869.527],[374874.785,5826793.807],[374886.916,5826681.483],[374873.953,5826638.215],[374885.459,5826571.207],[374869.278,5826545.384],[374871.153,5826401.876],[374816.771,5826317.319],[374820.259,5826219.141],[374806.1,5826149.674],[374784.801,5826093.159],[374707.254,5826042.156],[374699.456,5825949.575],[374640.965,5825819.94],[374634.167,5825791.15],[374672.694,5825785.747],[374812.348,5825718.8],[374920.337,5825656.814],[374951.125,5825645.188],[375069.136,5825622.322],[375084.567,5825595.974],[375127.752,5825564.578],[375185.6,5825494.749],[375259.161,5825433.357],[375365.212,5825362.935],[375533.315,5825298.337],[375666.833,5825222.163],[376046.949,5825012.941],[376105.671,5824963.273],[376292.507982,5824876.602934],[376299.623,5824896.936],[376398.326026,5825289.285119],[376520.775,5825217.89],[376578.124,5825202.869],[376717.738133,5825203.454715],[376742.541,5825185.744],[376800.327,5825115.002],[376827.91344,5825068.795606],[376825.209214,5825041.755085],[376947.844,5825005.32],[377059.394,5824983.72],[377096.492,5824981.826],[377302.195,5824952.369],[377414.12,5824912.709],[377544.777,5824920.934],[377578.86,5824941.841],[377666.435328,5824951.880852],[377660.369,5825012.691],[377742.175,5825043.281],[377781.122,5825048.018],[377774.513451,5825089.589215],[377755.701912,5825156.116307],[377779.126,5825163.223],[377796.686,5825243.505],[377792.915,5825407.341],[377780.715,5825481.868],[377781.013,5825573.539],[377786.569,5825618.189],[377804.352,5825666.068],[377886.52,5825627.854],[378126.117,5825477.099],[378204.747,5825442.599],[378300.483,5825421.651],[378363.667,5825413.678],[378505.921,5825422.593],[378581.79,5825414.37],[378601.404,5825388.239],[378644.394,5825527.144],[378688.726,5825601.742],[378718.905623,5825673.008074],[379141.925,5825543.041],[379173.7,5825535.735],[379418.769,5825508.65],[379622.168,5825474.967],[379757.46,5825429.369]]]},"properties":{"PLR_ID":"05100101","PLR_NAME":"Hakenfelde Nord","BEZ":"05","STAND":"01.01.2021","GROESSE_M2":16168772.69}},
{"type":"Feature","geometry":{"type":"Polygon","coordinates":[[[396116.9,5810286.829],[396138.425,5810318.216],[395945.957,5810452.622],[395917.04,5810479.95],[395636.869,5810756.366],[395515.017,5810850.853],[395446.178,5810915.015],[395364.314,5811002.136],[395314.227,5811066.782],[395260.68,5811161.34],[395187.756,5811271.316],[395114.096,5811372.536],[395100.658,5811409.938],[395059.744,5811337.461],[394933.449,5811169.739],[394846.055,5811031.713],[394807.186,5810955.837],[394751.05,5810816.277],[394743.507,5810746.228],[394738.177,5810737.798],[394750.663,5810727.061],[394807.224,5810638.456],[394851.656,5810590.839],[394929.638,5810537.14],[395047.263,5810476.44],[395037.444,5810443.329],[394922.302,5810213.915],[394940.624,5810210.291],[395072.724203,5810142.804546],[395078.064,5810161.993],[395300.695,5810514.561],[395418.147,5810441.094],[395458.869,5810405.604],[395495.696,5810349.279],[395467.212,5810311.084],[395472.056,5810297.082],[395360.059,5810246.206],[395313.441,5810219.577],[395364.896,5810136.064],[395426.812,5810085.143],[395557.262,5810003.101],[395641.575,5809943.745],[395663.479,5809962.998],[395819.204,5810132.472],[395771.195,5810165.29],[395897.016,5810307.845],[395910.537,5810295.97],[395958.078,5810349.866],[396002.721,5810319.292],[396008.377,5810298.741],[396073.612,5810243.024],[396116.9,5810286.829]]]},"properties":{"PLR_ID":"08401139","PLR_NAME":"Vogelviertel Süd","BEZ":"08","STAND":"01.01.2021","GROESSE_M2":826760.904}},
{"type":"Feature","geometry":{"type":"Polygon","coordinates":[[[393401.487,5824982.156],[392966.281,5824915.584],[392442.135,5824855.125],[392439.202,5824857.619],[392453.881,5824640.505],[392457.61,5824512.586],[392460.667,5824507.616],[392625.387,5824499.318],[392646.767,5824495.225],[392800.76,5824489.076],[392811.997077,5824479.047939],[392876.34159,5824475.651623],[392876.868258,5824484.47682],[392991.231,5824478.5],[393029.307,5824483.17],[393128.282,5824503.232],[393263.893,5824543.511],[393457.824,5824571.162],[393441.376,5824690.658],[393433.913,5824697.339],[393401.487,5824982.156]]]},"properties":{"PLR_ID":"03400829","PLR_NAME":"Arnold-Zweig-Straße","BEZ":"03","STAND":"01.01.2021","GROESSE_M2":400602.607}},
{"type":"Feature","geometry":{"type":"Polygon","coordinates":[[[383076.572,5819463.473],[383034.713,5819461.31],[382955.964,5819484.266],[382152.844,5819741.549],[382006.39,5819892.296],[381976.826,5819848.921],[381953.507,5819852.555],[381867.115,5819292.973],[381865.67,5819253.273],[381880.444,5819058.514],[381877.078,5819008.231],[381883.606,5818998.697],[381976.861,5818938.727],[382063.21843,5818871.269017],[382092.114,5818908.984],[382220.549,5818828.731],[382290.69,5818796.191],[382584.238,5818677.203],[382612.419,5818657.154],[382627.968,5818695.526],[382745.318,5818839.355],[382779.546,5818810.435],[382877.125,5818931.591],[382909.109,5818982.776],[382844.386,5819040.917],[382856.466,5819079.305],[383111.424,5819103.613],[383141.116,5819101.168],[383053.842,5819407.179],[383077.689,5819437.493],[383076.572,5819463.473]]]},"properties":{"PLR_ID":"04200310","PLR_NAME":"Fürstenplatz","BEZ":"04","STAND":"01.01.2021","GROESSE_M2":931601.723}},
{"type":"Feature","geometry":{"type":"Polygon","coordinates":[[[397937.397,5817714.022],[397964.449,5817775.184],[398166.087025,5817854.192816],[398153.049,5817876.269],[398427.222,5818465.901],[398541.241,5818713.194],[398259.052,5818867.142],[398265.115757,5818914.616496],[398186.839,5818938.16],[398128.647,5818894.711],[398040.451,5818819.212],[398042.04,5818791.967],[398016.316,5818730.098],[398019.074,5818707.038],[397990.219,5818739.695],[397924.763,5818683.093],[397907.682,5818707.681],[397860.896846,5818662.612809],[397759.796447,5818590.780503],[397546.45,5818427.078],[397404.442,5818303.291],[397296.379,5818216.78],[397200.461,5818149.405],[397078.697,5818084.228],[397252.896,5818014.883],[397438.09,5817937.198],[397563.693,5817869.647],[397836.596,5817770.214],[397833.582,5817764.344],[397937.397,5817714.022]]]},"properties":{"PLR_ID":"11400929","PLR_NAME":"Weitlingkiez","BEZ":"11","STAND":"01.01.2021","GROESSE_M2":842257.177}},
{"type":"Feature","geometry":{"type":"Polygon","coordinates":[[[404230.586,5820195.768],[404185.406,5820206.685],[404077.284,5820245.475],[403945.453021,5820304.418127],[403883.753,5820337.936],[403842.317,5820350.44],[403609.695,5820461.527],[403547.874709,5820495.249707],[403514.312,5820453.646],[403494.477,5820393.047],[403451.92,5820214.981],[403457.687,5820093.556],[403442.876,5819959.459],[403411.381,5819794.694],[403418.695,5819794.481],[403406.623,5819699.729],[403369.613,5819640.588],[403346.782,5819527.477],[403346.612,5819471.459],[403279.738,5819245.554],[403238.91,5819121.607],[403195.744,5819041.803],[403389.668,5819027.837],[403395.997041,5819052.898158],[403422.407,5819052.026],[403421.613,5819028.892],[403496.826,5819021.737],[403597.279,5819004.074],[403679.538,5819069.969],[403670.608,5819070.562],[404273.734,5819516.385],[404278.182,5819528.733],[404269.435694,5819652.669573],[404260.214903,5819671.027979],[404240.59,5819816.655],[404236.357,5819908.724],[404246.279,5819909.144],[404242.382,5819999.774],[404232.416,5820022.755],[404228.245,5820116.577],[404230.586,5820195.768]]]},"properties":{"PLR_ID":"10200629","PLR_NAME":"Teterower Ring","BEZ":"10","STAND":"01.01.2021","GROESSE_M2":999271.16}},
{"type":"Feature","geometry":{"type":"Polygon","coordinates":[[[389013.738,5825458.606],[388982.657,5825565.353],[388953.823,5825543.24],[388904.365,5825710.758],[388893.397,5825715.684],[388275.364,5825424.379],[388236.767,5825415.681],[387941.265,5825364.061],[387635.389,5825330.027],[387448.374,5825311.248],[387327.402,5825281.824],[387247.48,5825242.528],[387177.556,5825188.473],[386860.867,5824924.781],[386950.403,5824840.283],[387286.646,5825120.598],[388067.516,5824837.177],[388092.651,5824820.799],[388622.111,5824818.54],[388812.681,5824796.163],[388818.703,5824790.549],[388835.138,5824641.727],[389136.968,5824713.254],[389118.389,5824915.405],[389157.903,5824918.047],[389136.467,5825044.601],[389063.689,5825291.298],[389013.738,5825458.606]]]},"properties":{"PLR_ID":"12100204","PLR_NAME":"Schäfersee","BEZ":"12","STAND":"01.01.2021","GROESSE_M2":1115696.482}},
{"type":"Feature","geometry":{"type":"Polygon","coordinates":[[[374124.638,5823374.83],[374139.303,5823364.886],[374296.439,5823293.708],[374603.865,5823149.584],[374617.789,5823137.224],[374724.928,5823088.084],[374751.292,5823091.977],[374926.071,5823010.392],[374933.196,5823012.305],[375039.29,5822965.473],[375053.553,5822949.264],[375335.885,5822816.535],[375587.645085,5822705.300364],[375669.146,5822661.496],[375738.777,5822632.992],[376167.475,5822502.597],[376264.928,5822476.9],[376318.066,5822449.007],[376344.693,5822448.481],[376673.552,5822349.353],[376695.076,5822473.527],[376723.123,5822495.982],[376738.125,5822554.953],[376779.084,5822631.12],[376787.182,5822666.958],[376786.011,5822770.173],[376794.362,5822844.163],[376724.514,5822874.441],[376411.925,5823056.244],[376341.258,5823086.721],[376362.919,5823237.05],[376381.87,5823336.883],[376413.179,5823454.753],[376464.57,5823609.535],[376483.937,5823651.514],[375915.518,5823842.525],[375787.113,5823035.245],[375809.501,5823031.498],[375788.714,5822945.972],[375776.505,5822870.436],[375738.197,5822884.604],[375754.083,5822986.165],[375611.632,5823005.345],[375477.714,5822986.697],[375482.334,5823046.657],[375355.882,5823111.411],[375216.155,5823177.438],[375062.064,5823265.837],[375066.696,5823296.348],[374985.403,5823316.004],[374851.025,5823327.682],[374732.489,5823327.858],[374395.805,5823420.124],[374326.818,5823424.858],[374289.62,5823446.805],[374237.295,5823509.607],[374168.035,5823688.54],[374125.426,5823841.781],[374121.532,5823876.214],[374134.866,5823992.11],[374155.59,5824043.887],[374178.871,5824066.92],[374110.386,5824064.542],[374066.689,5824085.052],[373993.001,5824108.162],[373985.402,5824050.584],[374001.963,5823974.607],[374122.958,5823618.336],[374134.331,5823571.686],[374133.443,5823493.477],[374115.808,5823378.744],[374124.638,5823374.83]]]},"properties":{"PLR_ID":"05100211","PLR_NAME":"An der Kappe","BEZ":"05","STAND":"01.01.2021","GROESSE_M2":1402781.386}},
{"type":"Feature","geometry":{"type":"Polygon","coordinates":[[[386517.89,5810398.38],[386535.031,5810385.154],[386594.409,5810305.281],[386643.885,5810140.033],[386579.205,5810115.034],[386686.399247,5809836.098241],[386661.705,5809826.652],[386711.107,5809698.603],[386700.878,5809678.844],[386749.857,5809549.532],[386785.783,5809563.129],[387071.724,5809757.891],[387104.622,5809760.496],[387331.946,5809905.123],[387346.254,5809919.701],[387197.889,5810138.545],[387492.602,5810351.829],[387461.073,5810433.492],[387426.585,5810494.883],[387339.22,5810623.482],[387163.023,5810819.557],[387123.893,5810899.895],[387137.769522,5810914.331465],[387112.233895,5810956.244991],[387018.133,5810845.849],[386977.814,5810823.107],[386787.632,5810616.597],[386777.334,5810598.485],[386751.583,5810605.992],[386717.298,5810594.045],[386610.561,5810481.221],[386517.89,5810398.38]]]},"properties":{"PLR_ID":"06200314","PLR_NAME":"Kaiser-Wilhelm-Straße","BEZ":"06","STAND":"01.01.2021","GROESSE_M2":733778.237}},
{"type":"Feature","geometry":{"type":"Polygon","coordinates":[[[379381.952,5821048.85],[379357.12,5820992.901],[379366.758,5820990.093],[379292.981,5820801.336],[379228.026,5820657.555],[379203.675,5820585.385],[379190.402,5820524.61],[379186.152,5820462.426],[379188.371,5820161.465],[379205.425,5819897.294],[379219.789,5819764.712],[379274.818,5819654.612],[379286.344,5819634.09],[379365.091,5819568.936],[379511.961,5819404.271],[379638.191,5819276.817],[379708.108,5819225.859],[379790.244,5819181.669],[379810.374,5819238.513],[379836.867,5819225.07],[379952.941,5819207.713],[379985.424,5819212.155],[380625.644,5819351.517],[380610.323,5819421.854],[380619.29,5819439.806],[380952.455,5819592.399],[381018.786,5819628.959],[381073.019,5819669.722],[381214.734,5819791.79],[381248.746,5819810.595],[381244.992,5819840.808],[381524.254,5819874.88],[381438.063,5820332.372],[381400.028,5820426.6],[381364.32,5820453.418],[381313.956,5820530.342],[381281.829,5820568.761],[381059.806,5820807.151],[381052.447,5820818.002],[381013.593,5820824.872],[380901.283,5820873.127],[380752.184,5820948.278],[380734.86,5820951.238],[380599.343,5821009.7],[380589.626,5820986.687],[380527.696,5821010.327],[380384.651,5821020.055],[380251.648,5821012.716],[380184.417,5821013.555],[380008.67,5820988.571],[379985.755,5821000.826],[379799.447,5821021.51],[379788.98,5820987.461],[379738.921,5820977.877],[379647.413,5820999.963],[379560.11,5821006.895],[379470.064,5821024.08],[379381.952,5821048.85]]]},"properties":{"PLR_ID":"04200203","PLR_NAME":"Olympiagelände","BEZ":"04","STAND":"01.01.2021","GROESSE_M2":3264399.304}},
{"type":"Feature","geometry":{"type":"Polygon","coordinates":[[[402902.008,5811425.146],[402872.403,5811420.001],[402874.199,5811395.744],[402820.1,5811396.7],[402823.9,5811342.65],[402833.6,5811338.7],[402839.5,5811280.75],[402835.4,5811221.6],[402840.57,5811141.943],[402862.924,5811064.774],[402898.411,5810979.488],[402988.085,5810803.662],[403357.404,5810796.644],[403399.736,5810788.134],[403410.352,5810808.257],[403620.564,5810802.362],[403966.893,5810814.221],[403985.707,5810834.232],[403924.084,5810978.85],[403901.123693,5811006.005704],[403931.472,5811037.83],[403868.76,5811083.294],[403677.795,5811208.438],[403665.831,5811235.553],[403712.909,5811298.344],[403771.498,5811355.36],[403817.756565,5811387.823741],[403803.944,5811407.449],[403725.698,5811473.994],[403646.994,5811528.741],[403619.163,5811529.937],[403553.14,5811561.529],[403432.381,5811488.205],[403437.066,5811500.963],[403511.602,5811553.738],[403507.289961,5811597.226547],[403478.901,5811669.69],[403475.244,5811768.195],[403466.298,5811780.438],[403358.8,5811837.665],[403317.307,5811854.032],[403201.284,5811825.923],[403170.806,5811862.197],[403143.91,5811861.421],[403115.098,5811837.753],[403132.1,5811778.6],[403059.008,5811634.613],[402999.561583,5811464.030215],[402968.098,5811446.985],[402962.864,5811422.776],[402902.008,5811425.146]]]},"properties":{"PLR_ID":"09401534","PLR_NAME":"Altstadt Köpenick","BEZ":"09","STAND":"01.01.2021","GROESSE_M2":796813.695}},
{"type":"Feature","geometry":{"type":"Polygon","coordinates":[[[387649.763,5816745.21],[387645.864,5816387.081],[387641.56,5816363.695],[387640.503,5816264.402],[387658.432,5816225.514],[387665.119,5816179.091],[387681.821,5816158.225],[387741.614,5816021.838],[387833.68,5815938.303],[387910.53,5816023.316],[387914.04,5816020.18],[387993.405,5816107.56],[388145.118,5816222.882],[388321.841,5816351.13],[388365.606,5816397.659],[388381.992,5816393.974],[388421.376,5816464.406],[388630.213,5816820.364],[388670.117,5816894.172],[388661.977,5816888.744],[388413.864,5816843.184],[387708.69,5816743.711],[387649.763,5816745.21]]]},"properties":{"PLR_ID":"07200409","PLR_NAME":"Belziger Straße","BEZ":"07","STAND":"01.01.2021","GROESSE_M2":530585.274}},
{"type":"Feature","geometry":{"type":"Polygon","coordinates":[[[374629.563,5813861.644],[374633.993,5813858.58],[375160.968,5814334.011],[375465.703,5814705.477],[375282.4,5814838.536],[375177.876,5814709.33],[374804.024,5815036.237],[374490.268,5815330.455],[374483.489,5815350.993],[374639.991,5815500.638],[374602.483,5815529.15],[374606.896,5815617.435],[374599.572,5815653.543],[374643.396,5815688.008],[374635.316,5815863.204],[374488.65,5815832.102],[374324.791,5815869.214],[373909.909,5815797.044],[373892.869,5815848.304],[373761.841,5815800.32],[373689.073,5815932.873],[373726.946,5816201.432],[373739.061,5816273.298],[373738.542,5816373.843],[373698.466,5816415.613],[373572.451,5816516.613],[373399.492,5816662.902],[373060.259,5816252.988],[372893.19,5816054.279],[372750.162,5815928.487],[372592.285,5815887.172],[372469.334,5815862.062],[372208.34,5815799.347],[372163.418,5815794.991],[372142.929,5815469.484],[372130.964,5815426.583],[372120.55,5815346.444],[372046.063,5815170.327],[371876.363,5814965.492],[371884.23,5814833.898],[371738.255,5814707.228],[371644.838,5814510.552],[371698.467,5814294.38],[371687.079,5814087.205],[371624.712,5813881.108],[371751.336,5813766.275],[371759.973,5813713.224],[371765.542,5813621.154],[371745.615,5813489.347],[371725.364,5813381.214],[371712.215,5813257.234],[371697.032,5813210.128],[371866.296,5813194.932],[372155.548,5813144.86],[372254.045,5813132.081],[372417.345,5813093.245],[372556.339,5813083.649],[372700.51,5813067.229],[372794.531,5813061.962],[372969.275,5813034.863],[373152.993,5812992.566],[373385.507,5812970.07],[373478.224,5812974.595],[373511.62,5812969.325],[373701.499,5813023.115],[373835.374,5813064.676],[373867.358989,5813073.346902],[373899.423,5813122.63],[373918.696,5813200.976],[373868.203,5813224.115],[373809.37,5813279.359],[373732.385,5813333.941],[373679.032,5813397.882],[373552.506,5813580.955],[373509.663,5813654.357],[373494.44,5813662.658],[373349.627,5813876.548],[373276.214,5813956.552],[373358.485,5814089.852],[373297.028,5814139.331],[373300.054,5814161.172],[373272.403,5814176.848],[373292.317,5814284.123],[373389.818,5814216.56],[373621.397,5814444.076],[373805.415,5814632.644],[374315.12,5814280.569],[374336.693,5814310.567],[374554.8,5814154.913],[374435.922,5813997.149],[374629.563,5813861.644]]]},"properties":{"PLR_ID":"05400943","PLR_NAME":"Jägerallee","BEZ":"05","STAND":"01.01.2021","GROESSE_M2":7331950.637}},
{"type":"Feature","geometry":{"type":"Polygon","coordinates":[[[381813.523,5819053.507],[381524.07,5819031.413],[381520.694,5819036.263],[380244.994,5818939.082],[380188.861,5818929.711],[379847.953,5818903.727],[379825.368,5818924.406],[379739.811,5818918.024],[379700.644,5818923.338],[378961.236,5819188.118],[378906.547,5819190.001],[378898.515,5819167.398],[378828.754,5819192.327],[378796.713,5819163.37],[378738.773,5819164.343],[378646.529,5819194.426],[378586.705,5819104.179],[378547.929,5818957.925],[378465.17,5818812.503],[378424.438,5818721.281],[378461.925,5818637.472],[378483.895,5818482.161],[378609.973,5818447.022],[378638.833,5818444.963],[378626.992,5818401.801],[378783.875,5818422.305],[378806.715,5818438.1],[379411.833,5818504.676],[381509.337,5818664.387],[381792.113,5819000.367],[381877.078,5819008.231],[381813.523,5819053.507]]]},"properties":{"PLR_ID":"04200206","PLR_NAME":"Kranzallee","BEZ":"04","STAND":"01.01.2021","GROESSE_M2":1485544.478}},
{"type":"Feature","geometry":{"type":"Polygon","coordinates":[[[402291.705,5822962.807],[402299.031,5822952.337],[402402.134,5822921.698],[402446.575,5822914.831],[402522.841,5822890.593],[402587.916218,5822844.57448],[402627.564492,5822798.165015],[402648.978837,5822756.465396],[402683.631,5822611.604],[402708.928,5822611.648],[402824.77,5822634.591],[403091.771,5822741.133],[403123.439,5822778.848],[403166.127197,5822779.852446],[403181.457104,5822860.386869],[403181.141949,5822933.425586],[403253.724,5823249.09],[403263.584,5823319.461],[403351.787327,5823692.292957],[402927.962,5823780.007],[402919.796,5823776.077],[402906.401,5823765.824],[402837.284,5823642.276],[402815.227,5823621.07],[402762.729,5823526.678],[402733.876,5823490.014],[402626.396,5823292.124],[402557.146,5823271.473],[402535.487,5823255.009],[402476.007,5823151.066],[402483.206,5823124.959],[402409.783,5823103.699],[402379.489,5823081.739],[402337.88,5822994.677],[402291.705,5822962.807]]]},"properties":{"PLR_ID":"10100209","PLR_NAME":"Lea-Grundig-Straße","BEZ":"10","STAND":"01.01.2021","GROESSE_M2":678233.409}},
{"type":"Feature","geometry":{"type":"Polygon","coordinates":[[[385864.013,5820247.248],[385787.564,5820315.408],[385588.213,5821354.708],[385820.048,5821420.942],[385811.658,5821449.82],[385859.523,5821491.256],[385843.642,5821547.884],[385875.896,5821583.438],[385843.18,5821581.42],[385595.21,5821534.842],[385570.427,5821534.604],[385563.562,5821571.632],[385539.81,5821621.351],[385470.469,5821953.207],[385410.45,5821942.65],[385082.5,5821874.2],[385047.265,5821857.469318],[384968.3,5821845],[384636.55,5821772.75],[384488.55,5821728.65],[384298.497713,5821658.827984],[384315.224,5821613.837],[384292.8,5821602.7],[384274.45,5821571.2],[384278.2,5821539.45],[384348.45,5821463.4],[384374.65,5821403.45],[384388.83037,5821340.483491],[384433.585,5821353.679],[384430.961,5821367.088],[384607.55,5821405.446],[385049.922,5821487.912],[385089.588,5821498.867],[385097.479,5821434.341],[385098.25,5821329.283],[385114.393,5821142.655],[385103.944,5821054.071],[385069.173,5820928.874],[385064.743,5820843.309],[385009.794,5820843.908],[384724.899,5820494.487],[384690.831,5820462.435],[384671.414,5820414.178],[384771.958,5820405.203],[384855.746,5820388.093],[384959.266,5820346.2],[385027.379,5820302.057],[385097.798,5820270.195],[385151.387,5820259.256],[385236.382,5820257.729],[385404.52,5820269.749],[385508.936,5820268.147],[385567.284,5820250.97],[385656.699,5820212.195],[385693.357,5820203.258],[385853.953,5820204.155],[385884.432,5820190.095],[385942.302,5820140.266],[385968.051,5820160.255],[385864.013,5820247.248]]]},"properties":{"PLR_ID":"04300518","PLR_NAME":"Kaiserin-Augusta-Allee","BEZ":"04","STAND":"01.01.2021","GROESSE_M2":1376628.447}},
{"type":"Feature","geometry":{"type":"Polygon","coordinates":[[[400034.756,5823839.098],[399997.627,5823826.856],[399973.502,5823796.927],[399866.128,5823344.27],[399433.844,5823470.935],[399353.025554,5823431.95425],[399344.434,5823457.577],[399114.691,5823358.479],[398991.2,5823318.394],[398978.154,5823319.592],[398867.963,5823282.502],[398767.544,5823284.401],[398465.5,5823279.845],[398414.646,5823288.022],[398153.561,5823382.234],[398019.689,5823435.126],[397986.878,5823339.917],[397918.126,5823365.81],[397894.438,5823267.1],[397897.056,5823190.82],[397910.185,5823137.925],[397941.137,5823071.706],[398001.291,5822985.773],[398078.958,5822890.583],[398073.88124,5822886.462455],[398105.722,5822844.011],[398184.553,5822700.076],[398239.584,5822634.886],[398287.704,5822599.003],[398340.144629,5822573.544764],[398335.23,5822554.725],[398628.473,5822504.379],[398628.832,5822487.544],[398756.04,5822464.435],[398771.465,5822489.449],[399002.323706,5822449.901762],[399120.815,5822418.417],[399213.071,5822372.992],[399356.438,5822282.609],[399376.388,5822274.572],[399479.329,5822205.996],[399637.183,5822107.196],[399631.281,5822120.865],[399687.868,5822080.037],[399837.111,5821943.671],[399939.383,5821884.69],[400045.151,5821868.537],[400078.067,5821871.13],[400137.959,5821892.444],[400144.033,5821882.792],[400044.861,5821820.566],[400154.09,5821875.222],[400218.483,5821895.018],[400342.185,5821944.12],[400353.568,5821938.291],[400410.187,5821958.658],[400399.941,5821993.43],[400410.368,5822022.482],[400457.361,5822037.219],[400432.946,5822061.423],[400399.645,5822224.22],[400376.541,5822308.295],[400352.447,5822439.979],[400352.25,5822507.999],[400343.847,5822510.569],[400315.94,5822613.859],[400296.853,5822722.019],[400232.972,5823035.078],[400185.384,5823249.821],[400189.84,5823255.946],[400160.838,5823401.733],[400126.327,5823549.13],[400086.534,5823677.549],[400025.172,5823826.769],[400034.756,5823839.098]]]},"properties":{"PLR_ID":"11200411","PLR_NAME":"Hauptstraße","BEZ":"11","STAND":"01.01.2021","GROESSE_M2":2521336.77}},
{"type":"Feature","geometry":{"type":"Polygon","coordinates":[[[391337.659,5824340.26],[391304.968,5824581.886],[391291.842,5824653.911],[391265.615,5824737.306],[391200.362,5824864.529],[391154.746,5824944.867],[391083.545,5825050.912],[390886.417,5824886.659],[390828.517,5824812.309],[390707.305,5824629.949],[390651.797,5824533.784],[390583.125,5824398.972],[390454.973,5824121.608],[390938.586,5824047.404],[391026.38,5824028.672],[391356.576,5823972.695],[391338.282,5824126.13],[391337.659,5824340.26]]]},"properties":{"PLR_ID":"01300732","PLR_NAME":"Soldiner Straße","BEZ":"01","STAND":"01.01.2021","GROESSE_M2":588074.499}},
{"type":"Feature","geometry":{"type":"Polygon","coordinates":[[[389798.250596,5812551.767846],[389822.534,5812475.776],[389871.616,5811774.444],[389877.238,5811744.16],[389935.491,5811538.006],[389980.775,5811324.793],[389999.197,5811259.569],[390008.887,5811151.256],[390017.638,5811142.45],[390128.022,5811176.453],[390362.278,5811237.628],[390387.794905,5811247.399437],[390326.703,5811568.931],[390319.815,5811656.888],[390263.076,5812263.101],[390257.005,5812393.026],[390239.195,5812600.129],[390241.757,5812632.56],[390201.561,5812629.454],[390108.93,5812605.908],[390087.529,5812666.739],[389798.19,5812559.296],[389798.250596,5812551.767846]]]},"properties":{"PLR_ID":"07501030","PLR_NAME":"Machonstraße","BEZ":"07","STAND":"01.01.2021","GROESSE_M2":597111.725}},
{"type":"Feature","geometry":{"type":"Polygon","coordinates":[[[385027.892,5816117.559],[384889.877,5816307.122],[384643.181,5816623.612],[384627.279,5816653.952],[384617.61,5816647.117],[384311.309,5816388.706],[383599.418,5815784.688],[383506.101,5815696.769],[383281.979,5815470.572],[383273.65009,5815461.528873],[383293.736057,5815436.829124],[383333.103103,5815451.048382],[383565.221,5815379.279],[383830.253,5815313.943],[383898.406,5815303.79],[383920.133,5815400.24],[383941.005565,5815394.110585],[383941.83,5815425.558],[384001.204,5815480.017],[384335.919,5815443.982],[384315.427,5815240.748],[384403.263,5815204.365],[384556.545,5815154.336],[384592.259,5815136.419],[384737.846,5815249.955],[385117.308905,5815575.727325],[385328.805,5815755.997],[385212.6,5815908.192],[385111.228,5816028.203],[385049.43,5816110.214],[385027.892,5816117.559]]]},"properties":{"PLR_ID":"04400830","PLR_NAME":"Forckenbeckstraße","BEZ":"04","STAND":"01.01.2021","GROESSE_M2":1494597.349}},
{"type":"Feature","geometry":{"type":"Polygon","coordinates":[[[387078.101096,5820911.616735],[386628.595,5820991.097],[386546.266,5820682.016],[386670.79386,5820627.041468],[386708.488,5820628.883],[387022.245,5820713.947],[387317.953,5820825.792],[387304.093,5820870.943],[387078.101096,5820911.616735]]]},"properties":{"PLR_ID":"01200521","PLR_NAME":"Zwinglistraße","BEZ":"01","STAND":"01.01.2021","GROESSE_M2":166605.497}},
{"type":"Feature","geometry":{"type":"Polygon","coordinates":[[[405782.97,5822627.233],[405293.702799,5822771.892972],[405245.079,5822579.888],[405252.969,5822509.576],[405282.406,5822267.782],[405286.42,5822208.173],[405317.197,5821938.073],[405598.88,5821968.112],[405619.369,5821949.713],[405641.649705,5821714.617255],[405739.777,5821743.035],[405737.359,5821751.63],[405904.851221,5821797.953849],[405852.196,5821996.491],[405833.422,5822124.491],[405828.485,5822200.016],[405769.488,5822254.633],[405798.449,5822278.135],[405792.038,5822335.569],[405873.772,5822343.305],[405863.99,5822389.799],[405797.625,5822394.664],[405782.97,5822627.233]]]},"properties":{"PLR_ID":"10200422","PLR_NAME":"Hellersdorfer Promenade","BEZ":"10","STAND":"01.01.2021","GROESSE_M2":451809.839}},
{"type":"Feature","geometry":{"type":"Polygon","coordinates":[[[405236.462,5818884.331],[405297.286,5818883.653],[405471.735,5818901.754],[405620.34,5818920.967],[405744.278,5818932.513],[405804.607,5818958.015],[405807.621671,5818922.19331],[405849.665,5818940.159],[405913.512,5818954.798],[406034.205,5818959.158],[406123.025,5818973.634],[406287.341,5818988.446],[406299.141,5819009.69],[406422.392,5819023.117],[406811.654,5819072.229],[406840.687,5819104.296],[406865.239,5819081.971],[407098.986,5819111.573],[407446.599,5819150.889],[407468.165,5819156.783],[407516.293,5819208.336],[407692.103,5819377.22],[407814.337,5819511.626],[407886.953,5819581.421],[408200.074,5819809.116],[408733.59,5820151.851],[408793.443,5820195.453],[408990.735,5820383.557],[408963.927,5820432.507],[408956.968,5820478.961],[408930.305,5820585.324],[408890.891,5820818.449],[408737.188,5820819.506],[408634.107,5820816.321],[408488.77,5820822.438],[408322.434,5820807.211],[408167.739,5820814.506],[407993.667,5820841.06],[407858.951,5820891.684],[407787.801,5820904.176],[407527.665,5820918.412],[407365.664,5820918.382],[407172.77,5820932.515],[406847.4,5820893.522],[406795.717,5820920.755],[406773.73,5820896.861],[406782.348,5820833.694],[406801.448,5820821.517],[406775.09,5820780.216],[406743.562,5820798.193],[406475.184,5820552.731],[406513.491,5820520.63],[406363.834,5820342.859],[406149.01,5820096.9],[406145.88,5820098.791],[406006.419,5819948.641],[405912.709,5819831.289],[405848.75,5819726.882],[405745.954,5819505.46],[405629.57,5819337.751],[405449.665,5819111.965],[405340.199,5818954.975],[405281.45,5818960.105],[405259.132,5818945.969],[405228.199,5818884.397],[405236.462,5818884.331]]]},"properties":{"PLR_ID":"10400938","PLR_NAME":"Mahlsdorf Nord","BEZ":"10","STAND":"01.01.2021","GROESSE_M2":4221795.938}},
{"type":"Feature","geometry":{"type":"Polygon","coordinates":[[[393442.431,5814226.687],[393474.032,5814135.365],[393515.751,5813992.574],[393573.321,5813816.084],[393645.744,5813672.932],[393910.355,5813704.597],[394046.316,5813716.331],[394152.973,5813733.001],[394302.783,5813768.911],[394325.675,5813749.157],[394577.368,5813819.797],[394558.161,5813872.635],[394446.862,5814061.515],[394395.324,5814128.678],[394343.314,5814219.921],[394584.510229,5814256.088458],[394568.853,5814365.558],[394584.456,5814408.967],[394165.878,5814335.543],[394161.923646,5814382.641765],[394095.381,5814364.331],[394037.43,5814356.653],[393930.426,5814327.56],[393756.303,5814295.534],[393442.431,5814226.687]]]},"properties":{"PLR_ID":"08100209","PLR_NAME":"Glasower Straße","BEZ":"08","STAND":"01.01.2021","GROESSE_M2":589231.716}},
{"type":"Feature","geometry":{"type":"Polygon","coordinates":[[[395252.467,5830267.989],[395471.692,5829999.92],[395516.472,5829959.035],[395517.501,5829913.806],[395740.702,5829624.768],[395813.515,5829537.353],[395921.528,5829399.777],[395943.118,5829396.215],[395980.44,5829340.771],[396113.544,5829163.502],[396191.806,5829043.78],[396306.727,5828892.522],[396317.345,5828916.318],[396515.026,5829147.474],[396519.321,5829144.297],[396634.197,5829275.611],[396799.843,5829470.478],[396793.104468,5829475.341399],[396870.212,5829566.828],[396875.528,5829562.987],[397156.148,5829903.193],[397177.619,5829935.432],[397219.529,5830053.925],[397294.061,5830247.74],[397326.039,5830349.009],[397424.017,5830564.163],[397452.614,5830571.487],[397473.376,5830623.657],[397478.069,5830638.894],[397160.285,5830881.347],[397058.807,5831021.945],[396900.296,5831218.663],[396880.011,5831237.969],[396950.959,5831349.78],[397112.989,5831588.33],[397185.839,5831676.873],[397196.303,5831697.052],[397090.631,5831704.285],[397025.612,5831690.652],[396702.507,5831556.986],[396637.952,5831522.89],[396474.258,5831419.695],[396428.798,5831379.234],[396321.875,5831247.255],[396117.567,5831000.2],[396043.891,5830931.85],[395652.626,5830642.551],[395608.049,5830605.754],[395479.193,5830483.06],[395306.005,5830313.285],[395252.467,5830267.989]]]},"properties":{"PLR_ID":"03300412","PLR_NAME":"Karow Bahnhof","BEZ":"03","STAND":"01.01.2021","GROESSE_M2":3078323.869}},
{"type":"Feature","geometry":{"type":"Polygon","coordinates":[[[396003.213,5823536.574],[396010.497,5823469.362],[396031.752,5823406.469],[396039.866,5823318.658],[396077.219,5823130.401],[396155.854,5823118.687],[396223.642,5823066.68],[396249.826,5823062.326],[396456.322,5823052.924],[396806.096,5823034.213],[396908.181,5823026.734],[396964.722,5823089.348],[396941.917,5823131.624],[396919.941,5823199.449],[396891.72,5823222.462],[396919.954,5823257.3],[396942.277,5823239.992],[397045.752,5823238.743],[397091.914,5823260.406],[397328.002,5823535.168],[397358.489,5823556.984],[397643.666,5823472.822],[397918.126,5823365.81],[397991.984,5823610.744],[398009.602,5823706.689],[398002.626,5823833.468],[397986.709,5823895.288],[397962.771,5823954.305],[397726.939,5824371.305],[397677.404,5824423.394],[397638.522,5824450.639],[397478.822,5824534.293],[397437.542,5824552.485],[397330.909,5824576.043],[397317.252,5824603.94],[397327.398,5824656.649],[397346.342,5824672.274],[397382.467,5824864.561],[397220.739,5824898.39],[396826.622,5824981.979],[396729.497,5824997.574],[396804.48,5824335.026],[396851.027074,5823937.889645],[396821.996,5823934.668],[396831.084,5823895.946],[396849.453,5823895.547],[396858.672253,5823806.595157],[396891.989,5823697.329],[396870.76,5823707.483],[396868.532,5823676.038],[396623.074,5823696.05],[396461.725,5823711.814],[396201.039,5823747.605],[396121.927,5823755.187],[396084.603,5823647.032],[396043.484,5823580.049],[396003.213,5823536.574]]]},"properties":{"PLR_ID":"03501038","PLR_NAME":"Hansastraße","BEZ":"03","STAND":"01.01.2021","GROESSE_M2":1964376.981}},
{"type":"Feature","geometry":{"type":"Polygon","coordinates":[[[391897.096,5819479.119],[391855.428,5819499.596],[391807.533,5819543.747],[391774.153,5819604.635],[391698.235,5819713.126],[391688.959042,5819749.712983],[391521.47,5819643.297],[391487.255748,5819680.159705],[391419.555,5819634.077],[391296.459121,5819585.394859],[391212.823,5819565.976],[391242.484,5819316.502],[391197.636,5819245.971],[391079.176,5819234.426],[390523.739,5819191.591],[390529.493,5819092.695],[390649.244473,5818877.685267],[390736.786,5818781.287],[390744.799,5818713.82],[391327.391,5818759.483],[391358.488,5818754.742],[391426.713,5818897.752],[391598.626,5818800.451],[391669.93,5818749.608],[391817.806,5818966.493],[391823.378,5819019.165],[391822.455,5819126.495],[391740.262,5819112.616],[391642.517,5819118.454],[391641.723417,5819109.155725],[391577.788,5819114.22],[391629.236424,5819177.854652],[391821.123,5819382.498],[391897.096,5819479.119]]]},"properties":{"PLR_ID":"01100207","PLR_NAME":"Leipziger Straße","BEZ":"01","STAND":"01.01.2021","GROESSE_M2":763637.109}},
{"type":"Feature","geometry":{"type":"Polygon","coordinates":[[[394068.392,5815737.881],[393729.364991,5815662.771482],[393855.967,5815505.841],[393871.486,5815468.449],[393917.166,5815476.5],[393932.055,5815457.608],[394002.979,5815373.537],[394166.152,5815421.8],[394167.52,5815426.836],[394276.321,5815306.466],[394415.089,5815166.229],[394586.627,5815110.092],[394642.027,5815057.224],[394695.178,5815106.959],[394755.788541,5815200.042069],[394087.782,5815765.82],[394068.392,5815737.881]]]},"properties":{"PLR_ID":"08100415","PLR_NAME":"Ganghoferstraße","BEZ":"08","STAND":"01.01.2021","GROESSE_M2":255372.799}},
{"type":"Feature","geometry":{"type":"Polygon","coordinates":[[[393783.139809,5828150.095601],[393809.153,5828235.623],[393921.617,5828723.47],[393922.931,5828753.22],[393786.053,5829145.308],[393780.874513,5829200.520288],[393737.616,5829202.699],[393598.41,5829237.888],[393456.896,5829289.3],[393195.743,5829504.505],[392590.068,5829999.929],[392586.179,5829994.574],[392614.235,5829872.19],[392619.04,5829772.697],[392667.413,5829517.437],[392717.243,5829282.448],[392717.254,5829231.525],[392744.045,5829119.531],[392774.235,5828958.84],[392834.265,5828896.112],[392880.727,5828828.173],[392960.393,5828695.967],[393051.776,5828608.335],[393214.879,5828506.847],[393267.379,5828480.337],[393653.854,5828254.512],[393722.51,5828208.305],[393783.139809,5828150.095601]]]},"properties":{"PLR_ID":"03200308","PLR_NAME":"Nisbléstraße","BEZ":"03","STAND":"01.01.2021","GROESSE_M2":1134312.492}},
{"type":"Feature","geometry":{"type":"Polygon","coordinates":[[[389592.282,5823948.19],[389598.269,5823971.214],[389681.562,5824161.571],[389686.691,5824239.06],[389389.03,5824284.643],[389284.141,5824278.223],[389128.961,5824266.233],[389083.44,5824247.643],[388914.260995,5824110.15549],[388973.485,5823569.788],[389090.763,5823449.995],[389284.259,5823638.935],[389311.963,5823675.027],[389523.903,5823867.068],[389562.475,5823955.077],[389592.282,5823948.19]]]},"properties":{"PLR_ID":"01401049","PLR_NAME":"Schulstraße","BEZ":"01","STAND":"01.01.2021","GROESSE_M2":404127.565}},
{"type":"Feature","geometry":{"type":"Polygon","coordinates":[[[383969.491,5817363.025],[383965.973,5817348.504],[383871.187,5816503.291],[383851.35,5816508.398],[383584.817,5816546.859],[383516.967,5816550.108],[383507.284,5816422.442],[383513.132,5816392.378],[383488.368,5816389.094],[383372.487,5816238.683],[383308.633,5816160.442],[383294,5816123.423],[383254.596,5815572.781],[383253.3584,5815495.6931],[383267.738606,5815509.657446],[383281.979,5815470.572],[383506.101,5815696.769],[383599.418,5815784.688],[384311.309,5816388.706],[384617.61,5816647.117],[384597.436,5816679.901],[384379.56,5816954.338],[384329.776,5817007.637],[384236.277,5817095.091],[383969.491,5817363.025]]]},"properties":{"PLR_ID":"04400727","PLR_NAME":"Flinsberger Platz","BEZ":"04","STAND":"01.01.2021","GROESSE_M2":914954.621}},
{"type":"Feature","geometry":{"type":"Polygon","coordinates":[[[402154.946114,5821437.903239],[402191.12672,5821420.426652],[402695.634,5821441.197],[402741.541,5821449.563],[402777.251,5821444.224],[402807.790971,5821518.70051],[402848.56,5821605.156],[402924.588,5821789.426],[402925.242,5821810.169],[402960.263,5821858.53],[402986.025,5821924.259],[403013.609,5822015.093],[403031.093,5822118.887],[403028.473,5822156.676],[403080,5822396.934],[403124.338,5822563.64],[403158.099,5822716.985],[403166.127197,5822779.852446],[403123.439,5822778.848],[403091.771,5822741.133],[402824.77,5822634.591],[402708.928,5822611.648],[402683.631,5822611.604],[402684.122,5822559.555],[402673.97,5822461.887],[402661.004,5822403.213],[402629.736,5822318.836],[402576.371906,5822220.242539],[402214.965,5821543.28],[402154.946114,5821437.903239]]]},"properties":{"PLR_ID":"10100315","PLR_NAME":"Bärenstein","BEZ":"10","STAND":"01.01.2021","GROESSE_M2":646662.812}},
{"type":"Feature","geometry":{"type":"Polygon","coordinates":[[[388847.076,5817874.735],[388881.231,5817862.736],[389269.517,5817767.057],[389307.563,5817761.254],[389319.585,5817775.805],[389406.992,5817881.114],[389414.83,5817897.313],[389456.074,5818081.534],[389568.461,5818270.397],[389588.714,5818313.182],[389526.449,5818403.455],[389429.2,5818480.302],[389343.441,5818532.202],[389274.537,5818555.612],[389230.797,5818563.08],[389211.379,5818520.545],[389178.632,5818479.551],[389044.969,5818245.452],[388866.733,5817927.947],[388847.076,5817874.735]]]},"properties":{"PLR_ID":"01100104","PLR_NAME":"Körnerstraße","BEZ":"01","STAND":"01.01.2021","GROESSE_M2":338448.206}},
{"type":"Feature","geometry":{"type":"Polygon","coordinates":[[[381060.587,5821245.926],[381035.925,5821177.007],[381077.973,5821152.71],[381087.951,5821121.198],[381089.807,5821012.376],[381097.596,5820934.985],[381119.843,5820828.319],[381105.927,5820796.545],[381212.299,5820743.093],[381275.102,5820703.99],[381548.725,5820590.913],[382167.707,5820393.506],[382161.197,5820390.36],[382069.953,5820148.081],[382037.931,5820072.235],[382022.071,5819966.543],[382046.018,5819939.619],[382006.39,5819892.296],[382152.844,5819741.549],[382955.964,5819484.266],[383034.713,5819461.31],[383076.572,5819463.473],[383075.896,5819476.835],[383261.627,5820062.994],[383331.386,5820071.056],[383541.931756,5820085.964887],[383522.364,5820141.408],[383461.623,5820383.988],[383431.845,5820525.945],[383417.863,5820709.189],[383405.807,5820759.815],[383415.296,5820840.24],[383453.267,5820998.067],[383472.951,5820934.716],[383501.809,5821021.932],[383561.923,5821121.131],[383619.538,5821184.661],[383667.533,5821221.335],[383527.223877,5821210.691527],[383561.7,5821287.85],[383382.237,5821385.173],[383321.412,5821408.325],[383274.772,5821412.941],[383204.712,5821403.873],[383130.232,5821367.616],[383066.696,5821315.269],[383002.128,5821275.861],[382961.717,5821262.072],[382869.132,5821256.306],[382677.113,5821276.445],[382554.5,5821279.721],[382484.424,5821276.635],[382484.884,5821269.277],[382388.342,5821273.008],[382275.057,5821256.436],[382143.285,5821199.34],[382025.1,5821136.954],[381947.313,5821114.387],[381869.953,5821106.301],[381670.005,5821095.042],[381545.156,5821093.8],[381364.747,5821101.888],[381269.534,5821114.712],[381186.259,5821147.846],[381120.527,5821190.336],[381060.587,5821245.926]]]},"properties":{"PLR_ID":"04200308","PLR_NAME":"Branitzer Platz","BEZ":"04","STAND":"01.01.2021","GROESSE_M2":2755118.531}},
{"type":"Feature","geometry":{"type":"Polygon","coordinates":[[[387407.591,5831593.47],[387153.013,5831771.328],[387131.464,5831753.49],[386982.847,5831856.234],[386915.77,5831898.332],[386789.988,5831943.95],[386663.41,5831976.402],[386547.727,5832028.962],[386437.172,5832046.687],[386261.227,5832066.342],[386213.632,5832081.103],[386110.561,5832129.994],[386051.967,5832145.296],[385951.995,5832181.968],[385897.678,5832213.358],[385818.031,5832246.452],[385773.952,5832249.175],[385514.241,5832227.719],[385426.345,5832207.175],[385300.074,5832192.532],[385113.111,5832152.379],[384961.909,5832135.044],[384875.742,5832147.391],[384750.088,5832145.206],[384699.965,5832140.171],[384739.997,5832079.552],[384816.61,5831981.308],[385028.033,5831667.873],[385069.613,5831579.176],[385206.76,5831376.307],[385212.307,5831379.712],[385310.15,5831234.631],[385322.547,5831195.271],[385369.251,5831106.08],[385512.137,5830893.213],[385592.642,5830766.688],[385647.766,5830687.341],[385655.035,5830692.004],[385746.952,5830575.533],[385858.629,5830409.186],[385898.276,5830344.835],[385954.89,5830389.373],[385966.37,5830433.718],[386000.6,5830493.985],[386039.889,5830510.306],[386088.716,5830511.905],[386141.2,5830485.537],[386201.389,5830479.891],[386310.871,5830547.601],[386357.01,5830555.021],[386440.977,5830540.356],[386487.521,5830524.234],[386532.081,5830525.238],[386578.107,5830544.954],[386604.968,5830534.93],[386684.1,5830546.826],[386720.692,5830563.424],[386851.998445,5830653.883094],[386876.168979,5830627.56673],[386913.04241,5830659.87295],[386950.839731,5830671.489081],[387004.313891,5830739.402737],[387010.752297,5830835.434523],[387031.82581,5830868.140317],[387014.286979,5830887.298604],[387020.038768,5831003.915993],[387039.936422,5831031.012696],[387002.374208,5831044.644732],[386962.409334,5831081.612525],[386936.008,5831140.159],[386941.918,5831211.011],[386971.419,5831263.136],[387073.777,5831297.023],[387135.708,5831343.99],[387191.293,5831403.766],[387237.963,5831498.43],[387280.464,5831535.908],[387354.271,5831551.21],[387375.427,5831573.676],[387403.892,5831571.944],[387407.591,5831593.47]]]},"properties":{"PLR_ID":"12400723","PLR_NAME":"Hermsdorf Ost/Waldsee","BEZ":"12","STAND":"01.01.2021","GROESSE_M2":2900145.924}},
{"type":"Feature","geometry":{"type":"Polygon","coordinates":[[[387176.539,5813339.964],[387726.882,5813374.24],[387745.336,5813402.377],[387556.988,5813681.808],[387533.219,5813703.909],[387434.811,5813825.199],[387188.631197,5814084.557644],[387159.273,5814064.919],[387168.051,5813990.813],[387190.309,5813608.456],[387189.57,5813510.464],[387176.539,5813339.964]]]},"properties":{"PLR_ID":"06100210","PLR_NAME":"Bismarckstraße","BEZ":"06","STAND":"01.01.2021","GROESSE_M2":235553.321}},
{"type":"Feature","geometry":{"type":"Polygon","coordinates":[[[379631.06,5810414.182],[379628.819,5810455.712],[379683.263,5810479.033],[379673.48,5810505.984],[379666.497,5810648.793],[379675.518,5810788.287],[379697.269,5810888.613],[379728.378,5810974.609],[379805.350573,5811122.645166],[379837.909,5811165.479],[379973.575,5811320.939],[380056.611,5811393.479],[380176.673,5811479.622],[380291.072,5811583.12],[380416.618,5811724.148],[380417.324726,5811764.041486],[380517.627,5811911.137],[380602.458,5812020.611],[380733.524,5812167.238],[380827.006,5812258.076],[380808.117,5812284.404],[380452.21,5812787.029],[380563.533,5812823.203],[380914.705,5812897.895],[380994.847,5812913.027],[381118.356742,5812930.022878],[381107.885,5813140.464],[381103.753,5813321.872],[381089.041,5813412.166],[381029.575,5813496.922],[380942.582,5813684.854],[380931.829,5813728.175],[380931.041,5813831.515],[380950.574,5814396.65],[380957.663,5814464.441],[380975.303572,5814484.740029],[380942.495,5814504.997],[380901.741,5814508.629],[380381.406,5814666.284],[380334.97,5814684.528],[380333.98,5814681.816],[380251.458,5814603.81],[380102.28,5814417.867],[380037.827,5814341.787],[379722.253,5813953.679],[379688.455,5813916.843],[379635.411,5813837.574],[379556.488,5813756.504],[379526.042,5813715.362],[378969.756,5813032.31],[378893.265,5812887.283],[378860.081,5812896.919],[378710.365,5812714.298],[378458.913,5812403.696],[378234.385,5812128.838],[378193.611174,5812064.895569],[378578.974,5811749.876],[378637.215247,5811499.506218],[378659.528,5811433],[378903.543,5810651.011],[379253.599,5810329.728],[379282.818,5810292.117],[379631.06,5810414.182]]]},"properties":{"PLR_ID":"06400838","PLR_NAME":"Krumme Lanke","BEZ":"06","STAND":"01.01.2021","GROESSE_M2":6419213.143}},
{"type":"Feature","geometry":{"type":"Polygon","coordinates":[[[391346.072,5808143.103],[391154.592,5808738.071],[391150.524,5808750.777],[391124.394,5808700.96],[391131.786,5808677.915],[391081.198,5808661.752],[391099.335,5808648.528],[391073.489,5808597.19],[391062.396,5808597.915],[390937.244,5808693.803],[390930.311,5808691.603],[390704.313,5808234.118],[390670.593,5808217.14],[390679.563,5808184.002],[390295.981,5807408.543],[390251.848,5807437.199],[390258.804,5807338.555],[390208.443,5807322.493],[390444.91,5806616.878],[390444.1,5806608.964],[390542.184,5806636.929],[390591.784812,5806633.337251],[390585.405,5806607.594],[391126.781,5806209.1],[391253.359,5806117.413],[391344.831,5806072.759],[391395.795,5806057.783],[391471.276,5806047.65],[391614.313,5806050.193],[391601.732,5806066.95],[391595.575,5807203.291],[391634.272,5807221.025],[391581.355,5807384.676],[391569.279,5807451.18],[391346.072,5808143.103]]]},"properties":{"PLR_ID":"07601442","PLR_NAME":"Kettinger Straße","BEZ":"07","STAND":"01.01.2021","GROESSE_M2":2348208.895}},
{"type":"Feature","geometry":{"type":"Polygon","coordinates":[[[393093.468,5822906.606],[392747.773,5822309.044],[392734.728071,5822262.029758],[393097.824,5822161.134],[393314.975,5822729.925],[393214.552,5822796.314],[393093.468,5822906.606]]]},"properties":{"PLR_ID":"03601348","PLR_NAME":"Senefelderstraße","BEZ":"03","STAND":"01.01.2021","GROESSE_M2":219922.187}},
{"type":"Feature","geometry":{"type":"Polygon","coordinates":[[[393261.566,5814813.026],[393233.697,5814806.665],[392684.069,5814719.243],[392699.828,5814690.11],[392713.751,5814611.048],[392685.417,5814574.95],[392508.845,5814532.521],[392488.784,5814502.955],[392415.532,5814431.504],[392404.168,5814400.243],[392452.09,5813981.338],[392751.081,5814021.12],[392738.874,5814112.921],[393213.058,5814187.032],[393369.231,5814218.411],[393438.533,5814225.852],[393369.271,5814450.448],[393261.566,5814813.026]]]},"properties":{"PLR_ID":"08100104","PLR_NAME":"Wartheplatz","BEZ":"08","STAND":"01.01.2021","GROESSE_M2":551184.763}},
{"type":"Feature","geometry":{"type":"Polygon","coordinates":[[[395281.882,5820930.136],[395578.731,5821030.958],[395625.33,5821110.205],[395760.55,5821365.533],[395770.647,5821391.381],[395843.06,5821429.418],[395848.986,5821452.902],[395968.051,5821514.527],[396016.103,5821544.273],[396045.877,5821548.187],[396138.643,5821614.843],[396078.382,5821773.104],[395983.277,5821834.524],[396073.202,5822032.112],[396050.421,5822037.65],[395770.175,5822238.483],[395566.726,5822390.105],[395423.375,5822494.143],[395286.855,5822357.463],[395293.395,5822350.895],[395061.284,5822119.121],[395055.96,5822123.597],[394969.739056,5822024.710514],[394869.825,5821926.102],[394754.333348,5821803.512809],[394878.927569,5821587.778675],[394972.753,5821435.852],[395043.373,5821303.266],[395134.176742,5821144.854507],[395154.689,5821146.417],[395182.14,5821089.859],[395212.736,5821055.09],[395281.882,5820930.136]]]},"properties":{"PLR_ID":"03601450","PLR_NAME":"Volkspark Prenzlauer Berg","BEZ":"03","STAND":"01.01.2021","GROESSE_M2":1212024.847}},
{"type":"Feature","geometry":{"type":"Polygon","coordinates":[[[395818.946,5808861.046],[395866.695,5808664.407],[395913.207,5808505.798],[395977.583,5808301.124],[396008.399,5808192.669],[396065.719,5808025.036],[396144.143,5807811.376],[396210.428,5807586.198],[396311.327,5807330.805],[396347.574,5807207.099],[396394.462,5807064.062],[396413.435,5807032.204],[396494.809,5807097.042],[396674.676,5807275.678],[396809.657,5807434.849],[396828.836,5807461.772],[396854.225,5807444.981],[396932.834,5807549.547],[397033.05,5807717.757],[397123.928,5807886.524],[397176.093,5808007.602],[397223.873,5808079.977],[397305.39,5808084.928],[397304.352,5808102.928],[397255.401,5808196.887],[397311.924896,5808292.941843],[397331.213,5808309.973],[397372.363,5808448.679],[397409.982,5808622.948],[397376.434,5808675.981],[397285.559,5808794.825],[397334.036386,5808829.103257],[397272.657,5808926.198],[397219.672,5809048.843],[397138.471,5809163.035],[397042.671,5809289.915],[397023.73,5809326.07],[396988.737,5809284.758],[396688.759,5808923.332],[396631.54,5808847.877],[396544.163,5808808.671],[396484.483,5808798.906],[396433.979,5808800.045],[396201.276,5808821.886],[396200.45,5808813.601],[396021.624,5808832.477],[396022.643,5808839.816],[395818.946,5808861.046]]]},"properties":{"PLR_ID":"08401242","PLR_NAME":"Zittauer Straße","BEZ":"08","STAND":"01.01.2021","GROESSE_M2":1922467.513}},
{"type":"Feature","geometry":{"type":"Polygon","coordinates":[[[396649.35,5813149.95],[396644.457,5813130.392],[396515.461,5812973.42],[396421.537,5812876.326],[396451.112,5812846.653],[396662.623,5812652.809],[396662.136,5812637.959],[396801.087,5812469.227],[396871.862,5812420.301],[396935.448654,5812405.292454],[397077.671,5812399.066],[397143.867,5812382.017],[397286.752,5812318.83],[397403.832,5812233.784],[397489.902,5812185.696],[397877.731,5811993.023],[397592.485,5811632.946],[397569.73,5811656.018],[397417.451,5811442.088],[397358.421,5811484.114],[397278.91,5811380.153],[397282.833,5811376.534],[396966.258,5811064.904],[397007.062,5811043.71],[397285.468,5810812.871],[397312.502,5810777.981],[397650.608,5810496.923],[397693.356,5810474.392],[397827.774,5810362.909],[397857.101,5810324.505],[397911.546,5810383.985],[398064.299,5810516.459],[398083.959,5810540.223],[398165.087,5810607.874],[398267.481,5810674.952],[398304.754,5810684.242],[398258.423,5810771.814],[398228.579,5810839.335],[398218.946,5810839.628],[398141.868,5810952.528],[398035.049,5811074.343],[398030.868,5811101.202],[398048.719,5811131.764],[398212.807,5811354.642],[398233.016,5811369.64],[398288.826,5811446.703],[398284.23,5811450.4],[398369.42,5811567.162],[398397.906,5811577.422],[398408.327,5811602.804],[398521.101,5811751.511],[398542.602,5811847.62],[398548.39,5811846.271],[398679.997,5812435.717],[398760.134946,5812526.536026],[398737.181,5812552.55],[398674.967,5812623.341],[398691.284,5812643.111],[398610.318,5812713.172],[398476.163,5812861.597],[398414.392,5812942.734],[398342.801,5813021.227],[398121.257,5813284.492],[397910.557,5813080.878],[397869.538,5813065.959],[397585.832,5813066.087],[397548.184,5813067.957],[397493.832,5813090.682],[397239.188,5813208.007],[397157.968819,5813253.111538],[397104.165,5813217.515],[397009.407,5813182.352],[396863.7,5813149.75],[396834.032,5813154.046],[396730.313,5813147.845],[396649.35,5813149.95]]]},"properties":{"PLR_ID":"09100407","PLR_NAME":"Johannisthal West","BEZ":"09","STAND":"01.01.2021","GROESSE_M2":3247194.597}},
{"type":"Feature","geometry":{"type":"Polygon","coordinates":[[[402248.64,5824601.144],[402268.001,5824636.501],[402277.841,5824638.654],[402490.737,5824999.462],[402577.752,5825139.88],[402656.747,5825279.265],[402753.495245,5825459.361248],[402836.212,5825610.468],[402852.281,5825599.453],[402887.164,5825668.622],[402846.083,5825670.548],[402872.741,5825742.438],[402850.958,5825729.438],[402710.374,5825650.594],[402450.466,5825549.96],[402123.087,5825432.369],[401700.827,5825278.127],[401700.004,5825280.374],[401434.601,5825185.958],[401424.209,5825180.114],[401357.734422,5825093.19364],[401362.925,5825092.853],[401605.648,5824923.377],[401648.489,5824972.259],[401692.62,5824972.539],[401862.782,5824883.269],[401973.031,5824820.257],[402009.21,5824807.79],[401969.756,5824751.198],[402137.243,5824659.195],[402220.189,5824608.255],[402248.64,5824601.144]]]},"properties":{"PLR_ID":"10100101","PLR_NAME":"Marzahn West","BEZ":"10","STAND":"01.01.2021","GROESSE_M2":695705.423}},
{"type":"Feature","geometry":{"type":"Polygon","coordinates":[[[397196.303,5831697.052],[397185.839,5831676.873],[397112.989,5831588.33],[396950.959,5831349.78],[396880.011,5831237.969],[396900.296,5831218.663],[397058.807,5831021.945],[397160.285,5830881.347],[397478.069,5830638.894],[397473.376,5830623.657],[397497.11,5830616.281],[397579.033,5830565.955],[397614.603,5830532.355],[397562.101,5830388.303],[397843.47,5830183.533],[397852.324,5830174.92],[398116.022,5829983.195],[398127.802,5829979.68],[398293.605,5829863.416],[398333.523,5830028.9],[398376.333,5830147.742],[398459.139,5830353.195],[398527.183,5830560.181],[398576.96,5830692.851],[398677.502,5830939.676],[398704.835,5830968.992],[398774.904,5831010.184],[398684.503,5831047.42],[398540.059,5831112.468],[398355.083,5831190.067],[398170.232,5831261.926],[398035.969,5831310.812],[397886.673,5831380.577],[397702.905,5831470.85],[397556.864,5831564.565],[397449.544,5831647.2],[397345.513,5831722.49],[397346.378,5831727.925],[397301.265,5831706.406],[397245.044,5831695.94],[397196.303,5831697.052]]]},"properties":{"PLR_ID":"03300411","PLR_NAME":"Karow Nord","BEZ":"03","STAND":"01.01.2021","GROESSE_M2":1667533.255}},
{"type":"Feature","geometry":{"type":"Polygon","coordinates":[[[390229.762,5823699.106],[390285.956,5823754.52],[390454.973,5824121.608],[389686.691,5824239.06],[389681.562,5824161.571],[389598.269,5823971.214],[389592.282,5823948.19],[389941.082,5823867.627],[389949.933,5823879.818],[389985.063,5823830.18],[390054.362,5823773.168],[390173.313,5823739.091],[390229.762,5823699.106]]]},"properties":{"PLR_ID":"01401045","PLR_NAME":"Schwedenstraße","BEZ":"01","STAND":"01.01.2021","GROESSE_M2":267815.116}},
{"type":"Feature","geometry":{"type":"Polygon","coordinates":[[[389829.128,5814573.469],[389887.16,5814568.546],[390226.457,5814558.755],[390315.917,5814553.865],[390322.586,5814589.269],[390360.38,5814575.844],[390366.146121,5814705.171767],[390210.442,5814709.868],[390122.949,5814717.79],[389939.278,5814767.999],[389833.469,5814774.49],[389836.843,5814966.335],[389835.317409,5815028.193186],[389724.653,5815043.112],[389673.061,5815065.164],[389623.121,5815099.36],[389574.023,5815153.343],[389633.541,5815215.114],[389605.691,5815289.6],[389592.318,5815366.138],[389592.475,5815559.55],[389618.477,5815655.468],[389652.369,5815727.939],[389683.208,5815761.439],[389763.765,5815807.729],[389832.12,5815827.342],[389869.913,5815823.983],[389977.401,5815795.409],[390137.811,5815708.968],[390292.395,5815685.9],[390402.210226,5815681.836546],[390421.068,5816192.502],[389423.225,5816224.576],[389417.578,5816215.814],[389290.739,5815887.202],[389124.81,5815462.221],[389073.167,5815321.474],[389058.115,5815196.68],[389052.821,5815100.199],[389058.45,5815067.973],[389110.457,5814955.063],[389174.492,5814877.222],[389271.772,5814811.297],[389357.838,5814788.738],[389349.745,5814691.128],[389378.07,5814690.636],[389428.047,5814671.787],[389566.217,5814631.803],[389728.057,5814591.419],[389829.128,5814573.469]]]},"properties":{"PLR_ID":"07400720","PLR_NAME":"Gontermannstraße","BEZ":"07","STAND":"01.01.2021","GROESSE_M2":1184451.286}},
{"type":"Feature","geometry":{"type":"Polygon","coordinates":[[[377632.292,5819711.115],[377655.458,5819706.501],[377702.522,5819728.134],[377725.844,5819778.995],[377819.616,5819921.684],[377812.928,5819925.537],[377917.312208,5820093.889671],[377958.119,5820120.92],[378000.854,5820165.485],[378001.694,5820145.169],[378162.257,5820055.197],[378184.288,5820046.29],[378220.876,5820172.683],[378220.61,5820215.364],[378195.512,5820236.441],[378203.654,5820255.995],[378182.908,5820306.067],[378177.786,5820361.779],[378190.771,5820413.531],[378221.277,5820461.367],[378239.676,5820465.533],[378239.115,5820436.206],[378217.345,5820375.732],[378216.347,5820318.498],[378241.928,5820279.625],[378253.522277,5820390.231912],[378252.099,5820503.294],[378210.579,5820573.382],[378171.944,5820743.26],[378181.213,5820815.048],[378162.122,5820856.032],[378053.022,5821060.09],[378025.255,5820973.977],[377976.295,5820958.972],[377919.097,5820985.235],[377817.133,5821075.818],[377760.886,5821160.371],[377745.467,5821200.298],[377745.737,5821249.555],[377658.223,5821245.347],[377696.377,5821422.041],[377634.828,5821430.84],[377618.638,5821348.85],[377589.734,5821267.317],[377604.506,5821204.281],[377665.795,5821020.458],[377698.345,5820903.72],[377704.144,5820867.292],[377719.083,5820595.147],[377704.219,5820164.386],[377672.966,5819963.871],[377659.497,5819911.037],[377629.288,5819724.05],[377632.292,5819711.115]]]},"properties":{"PLR_ID":"05200631","PLR_NAME":"Wilhelmstadt Ost","BEZ":"05","STAND":"01.01.2021","GROESSE_M2":542130.664}},
{"type":"Feature","geometry":{"type":"Polygon","coordinates":[[[385047.265,5821857.469318],[385035.85,5821911.5],[384998.764476,5821903.582672],[384972.466,5822058.577],[384975.955,5822282.915],[384978.574,5822282.865],[384984.577,5822527.924],[384731.206,5822537.016],[384732.229,5822528.767],[384628.722,5822525.937],[384580.38,5822530.957],[384585.126,5822772.46],[384531.91,5822791.412],[384405.403,5822435.973],[384400.172,5822409.114],[384351.954,5822271.881],[384302.422,5822114.504],[384296.756,5821958.143],[384242.413559,5821959.17672],[384242.383,5821891.06],[384195.254833,5821852.44668],[384198.501,5821815.692],[384213.808,5821803.982],[384219.899,5821733.15],[384264.765,5821748.835],[384298.497713,5821658.827984],[384488.55,5821728.65],[384636.55,5821772.75],[384968.3,5821845],[385047.265,5821857.469318]]]},"properties":{"PLR_ID":"04100102","PLR_NAME":"Paul-Hertz-Siedlung","BEZ":"04","STAND":"01.01.2021","GROESSE_M2":537861.96}},
{"type":"Feature","geometry":{"type":"Polygon","coordinates":[[[387960.316,5828052.816],[387647.288,5828345.056],[387551.647,5828432.311],[387389.168,5828587.146],[387367.428,5828619.763],[387161.981,5828606.519],[387096.285,5828605.411],[386988.914,5828546.165],[386993.786,5828536.878],[386906.62,5828484.907],[386730.571,5828351.894],[386709.007336,5828355.418402],[386628.785,5828229.401],[386636.357,5828203.282],[386552.269,5828034.523],[386547.613,5827929.719],[386530.335,5827868.302],[386456.95,5827736.431],[386453.526981,5827731.572478],[386538.846,5827722.381],[386845.646,5827697.75],[387076.48,5827697.734],[387394.59,5827716.725],[387458.403,5827733.908],[387540.938,5827767.074],[387566.182,5827773.633],[387920.202,5827904.219],[388055.147,5827960.047],[387960.316,5828052.816]]]},"properties":{"PLR_ID":"12500926","PLR_NAME":"Wittenau Süd","BEZ":"12","STAND":"01.01.2021","GROESSE_M2":947518.401}},
{"type":"Feature","geometry":{"type":"Polygon","coordinates":[[[404130.123,5823082.332],[404168.116,5823075.712],[404157.427,5823049.44],[404099.628,5822957.757],[404002.550072,5822742.916687],[404432.201,5822634.786],[404428.898,5822618.872],[404490.164,5822606.021],[404521.351,5822591.205],[404647.662,5822563.403],[404799.297095,5822525.942048],[404973.817,5822482.679],[404978.048,5822499.907],[405019.717,5822484.162],[405252.969,5822509.576],[405245.079,5822579.888],[405293.702799,5822771.892972],[404219.315,5823090.15],[404161.498,5823125.442],[404150.942,5823147.081],[404142.745,5823123.964],[404130.123,5823082.332]]]},"properties":{"PLR_ID":"10200417","PLR_NAME":"Zossener Straße","BEZ":"10","STAND":"01.01.2021","GROESSE_M2":450569.895}},
{"type":"Feature","geometry":{"type":"Polygon","coordinates":[[[391537.885,5826095.817],[391593.507,5826037.853],[391595.043,5826011.906],[391626.416,5825968.209],[391635.84,5825902.835],[391611.733,5825875.602],[391461.329,5825763.245],[391502.597,5825711.11],[391662.932,5825566.657],[391724.971,5825568.682],[391766.213,5825583.542],[392034.115,5825691.398],[392153.29,5825747.336],[392184.653,5825755.672],[392153.938,5825865.153],[392145.736,5825875.887],[392091.513,5826068.392],[392012.645,5826335.227],[392066.108,5826351.378],[392051.858,5826416.404],[392096.694,5826429.116],[392157.023,5826466.962],[392175.444,5826486.776],[392179.428,5826526.587],[392115.861,5826736.528],[392011.277,5826705.072],[391979.865,5826712.67],[391966.787,5826691.21],[391800.144,5826638.318],[391772.955,5826620.263],[391801.908,5826514.725],[391675.105,5826475.955],[391658.187,5826456.156],[391694.414,5826351.135],[391608.83,5826319.567],[391644.689,5826211.016],[391586.925,5826185.854],[391569.413,5826160.441],[391566.592,5826123.588],[391541.449,5826119.635],[391537.885,5826095.817]]]},"properties":{"PLR_ID":"03400722","PLR_NAME":"Parkstraße","BEZ":"03","STAND":"01.01.2021","GROESSE_M2":509691.612}},
{"type":"Feature","geometry":{"type":"Polygon","coordinates":[[[398752.779,5819327.981],[398780.118,5819297.034],[398845.093,5819307.637],[399071.751,5819318.734],[399160.445,5819316.086],[399474.025,5819300.146],[399483.435,5819289.42],[399507.167,5819733.723],[399520.02,5819863.611],[399552.105,5820334.312],[399546.826,5820552.618],[399535.695,5820587.697],[399540.417,5820698.765],[399536.354,5820903.435],[399527.539,5821135.285],[399517.055,5821342.086],[399483.936,5821458.486],[399405.3,5821639.192],[398641.13,5821569.502],[398642.327,5821589.218],[398574.374,5821580.921],[398368.397,5821567.382],[398146.033,5821550.245],[397948.702,5821547.66],[397568.523,5821519.738],[397524.375,5821518.255],[397247.56,5821496.762],[397247.679,5821489.003],[397248.74,5821446.16],[397274.877,5821103.046],[397267.821,5820903.53],[397246.923,5820548.091],[397258.817,5820475.358],[397262.276,5820410.753],[397258.664,5820318.63],[397254.809,5820299.496],[397270.591,5820166.218],[397497.745,5820153.326],[397498.501,5820166.453],[397678.587,5820155.946],[397730.2,5820147.995],[397951.842,5820135.401],[397987.292,5820140.324],[398051.871,5820130.05],[398336.724,5820114.055],[398385.868,5820115.477],[398444.299,5820136.142],[398495.852,5820180.983],[398535.049,5820179.148],[398553.414,5820138.569],[398551.894,5819986.191],[398555.775,5819742.896],[398535.441,5819722.937],[398559.279,5819719.272],[398632.543,5819686.798],[398629.502,5819968.299],[398726.275,5819965.961],[398827.517,5819834.208],[398852.232,5819794.069],[398882.653,5819707.812],[398881.306,5819610.44],[398823.365,5819434.298],[398805.737,5819392.797],[398752.779,5819327.981]]]},"properties":{"PLR_ID":"11300721","PLR_NAME":"Herzbergstraße","BEZ":"11","STAND":"01.01.2021","GROESSE_M2":3863010.076}},
{"type":"Feature","geometry":{"type":"Polygon","coordinates":[[[396770.388,5821925.637],[396614.905,5821843.774],[396485.286,5821785.376],[396437.055,5821775.125],[396546.546,5821558.333],[396597.893,5821427.817],[396650.475,5821454.627],[396703.444,5821458.848],[396706.896,5821448.417],[397012.037,5821470.37],[397247.679,5821489.003],[397247.56,5821496.762],[397524.375,5821518.255],[397568.523,5821519.738],[397948.702,5821547.66],[398146.033,5821550.245],[398368.397,5821567.382],[398574.374,5821580.921],[398642.327,5821589.218],[398648.074,5821756.291],[398644.886,5821992.858],[398569.52,5821991.564],[398204.444,5822046.8],[398186.01,5821975.422],[398167.119,5821990.52],[397928.711,5822236.232],[397525.312,5821844.279],[397483.942,5821868.029],[397453.263,5821898.564],[397314.467835,5821756.641868],[397196.866,5821843.847],[397123.203,5821917.828],[397052.124169,5821849.797441],[396799.137,5821913.204],[396770.388,5821925.637]]]},"properties":{"PLR_ID":"11200514","PLR_NAME":"Landsberger Allee","BEZ":"11","STAND":"01.01.2021","GROESSE_M2":940051.993}},
{"type":"Feature","geometry":{"type":"Polygon","coordinates":[[[388422.98888,5822834.014368],[388551.128,5822928.367],[388596.45,5822966.481],[388737.115591,5823102.11659],[388298.483,5823527.948],[388250.329,5823576.192],[387693.067,5823117.934],[387673.871,5823099.996],[387969.889,5822721.396],[387985.204,5822571.24],[388069.194,5822649.46],[388237.046,5822725.996],[388358.401,5822792.557],[388422.98888,5822834.014368]]]},"properties":{"PLR_ID":"01400942","PLR_NAME":"Westliche Müllerstraße","BEZ":"01","STAND":"01.01.2021","GROESSE_M2":531507.23}},
{"type":"Feature","geometry":{"type":"Polygon","coordinates":[[[374843.543,5821466.756],[374682.764,5821446.059],[374535.287,5821444.395],[374503.807,5821460.094],[374387.281,5821478.617],[374199.509,5821552.815],[374172.896,5821568.765],[374121.833,5821463.123],[374134.341,5821450.446],[374084.488,5821335.649],[374025.640257,5820946.245982],[373359.7,5821197.564],[373328.049,5820972.663],[373306.161,5820796.4],[373310.463,5820790.884],[373416.929,5820778.842],[373431.425699,5820782.303079],[373398.61,5820466.759],[373536.222,5820451.088],[373531.814066,5820367.638582],[373623.044,5820378.69],[373698.268,5820404.68],[373898.818,5820456.647],[373981.253,5820471.721],[374015.546,5820463.299],[374041.457,5820436.57],[374093.632,5820405.113],[374123.617,5820341.147],[374137.001,5820277.514],[374175.286,5820210.799],[374234.919,5820200.749],[374301.407,5820177.411],[374415.211,5820103.287],[374544.468,5820013.781],[374590.011,5819986.961],[374745.149,5819859.309],[374926.08,5820107.393],[374814.273,5820215.291],[374892.652,5820248.46],[374581.637,5820520.176],[374766.509,5820666.722],[374782.607,5820761.13],[374798.243,5820783.091],[374853.706,5820829.261],[374897.199,5820903.237],[374905.835,5820964.865],[374895.71546,5821095.383865],[374824.761,5821120.497],[374837.056,5821155.06],[374816.541,5821227.345],[374793.718,5821255.397],[374843.543,5821466.756]]]},"properties":{"PLR_ID":"05200525","PLR_NAME":"Pillnitzer Weg","BEZ":"05","STAND":"01.01.2021","GROESSE_M2":1475113.049}},
{"type":"Feature","geometry":{"type":"Polygon","coordinates":[[[395917.04,5810479.95],[395951.771,5810504.836],[395962.088,5810495.292],[396023.144,5810563.295],[396242.544,5810873.746],[396200.985,5810931.501],[396192.519,5810919.553],[395976.154,5811098.718],[395930.406,5811059.701],[395913.03,5811084.509],[395891.866,5811162.514],[395824.226,5811255.431],[395766.407,5811318.854],[395686.615,5811384.133],[395665.844,5811358.18],[395598.373312,5811410.227656],[395267.023,5811159.981],[395260.68,5811161.34],[395314.227,5811066.782],[395364.314,5811002.136],[395446.178,5810915.015],[395515.017,5810850.853],[395636.869,5810756.366],[395917.04,5810479.95]]]},"properties":{"PLR_ID":"08401140","PLR_NAME":"Vogelviertel Nord","BEZ":"08","STAND":"01.01.2021","GROESSE_M2":440889.762}},
{"type":"Feature","geometry":{"type":"Polygon","coordinates":[[[403143.91,5811861.421],[403170.806,5811862.197],[403201.284,5811825.923],[403317.307,5811854.032],[403358.8,5811837.665],[403466.298,5811780.438],[403475.244,5811768.195],[403478.901,5811669.69],[403507.289961,5811597.226547],[403511.602,5811553.738],[403437.066,5811500.963],[403432.381,5811488.205],[403553.14,5811561.529],[403619.163,5811529.937],[403646.994,5811528.741],[403725.698,5811473.994],[403803.944,5811407.449],[403811.454,5811414.89],[403771.634,5811456.322],[403662.009,5811536.621],[403683.068,5811582.717],[403738.148,5811604.558],[403769.131,5811543.358],[403749.203,5811604.902],[403800.363,5811600.813],[403866.95,5811660.05],[403858.25,5811691.2],[403954.496,5811814.106],[404022.373,5811870.137],[404075.987,5811897.043],[404126.368,5811908.405],[404263.674,5811912.747],[404386.349,5811911.433],[404513.811,5811943.377],[404508.957,5812058.724],[404488.646,5812053.453],[404478.286,5812080.084],[404472.656,5812167.732],[404494.642,5812234.742],[404525.245,5812266.291],[404537.876,5812296.565],[404514.364898,5812376.424926],[404581.786501,5812366.726329],[404590.492,5812417.598],[404688.455,5812436.351],[404695.345,5812674.283],[404666.245163,5812729.393883],[404368.274,5812598.223],[404369.495348,5812558.853185],[404398.86149,5812446.433429],[404373.306,5812442.052],[404297.7,5812466.099],[404256.605,5812489.159],[404177.129,5812483.654],[404046.539,5812516.592],[403927.975,5812522.142],[403853.578,5812533.404],[403727.647,5812524.533],[403684.367,5812513.232],[403588.379,5812474.142],[403503.905,5812477.218],[403446.642,5812450.865],[403394.569,5812402.989],[403359.262,5812387.605],[403330.563,5812347.705],[403225.915,5812376.371],[403152.432,5812363.981],[403146.47,5812375.324],[403010.821,5812182.518],[402991.057,5812140.56],[403036.749,5812088.026],[403086.5,5812017.789],[403106.725,5811979.259],[403143.91,5811861.421]]]},"properties":{"PLR_ID":"09501941","PLR_NAME":"Friedrichshagener Straße","BEZ":"09","STAND":"01.01.2021","GROESSE_M2":1045838.719}},
{"type":"Feature","geometry":{"type":"Polygon","coordinates":[[[391050.423,5804807.306],[390964.937,5805064.324],[390916.676,5805247.607],[390917.049,5805265.538],[390861.138,5805433.349],[390731.673,5805793.209],[390695.762,5805863.585],[390563.281,5806260.989],[390543.648,5806253.902],[390518.325,5806343.116],[390448.326005,5806551.601614],[390423.798,5806541.465],[390398.744,5806594.747],[390352.877,5806586.839],[390328.936293,5806663.180228],[390041.897,5806569.743],[389928.689,5806546.27],[389878.197,5806072.609],[389833.218,5806113.068],[389762.676,5805824.161],[389750.242,5805815.488],[389848.588,5805707.708],[389908.671,5805652.322],[389900.656,5805627.806],[389917.274,5805460.874],[390102.324,5805470.538],[390252.113,5805481.662],[390287.652,5805001.027],[390299.072,5804763.599],[390288.554,5804719.485],[390297.428,5804641.129],[390285.011,5804525.598],[390283.024,5804455.646],[390302.578,5804288.536],[390525.65,5804271.409],[390757.651,5804250.381],[390760.506,5804255.429],[390893.144,5804244.414],[391137.658,5804211.219],[391222.560839,5804195.914965],[391200.322,5804275.014],[391116.753,5804529.074],[391035.974,5804767.663],[391060.833,5804777.779],[391050.423,5804807.306]]]},"properties":{"PLR_ID":"07601546","PLR_NAME":"Franziusweg","BEZ":"07","STAND":"01.01.2021","GROESSE_M2":1774343.845}},
{"type":"Feature","geometry":{"type":"Polygon","coordinates":[[[393953.156,5817799.365],[394169.481,5817846.159],[394209.343686,5817821.116891],[394239.757,5817869.491],[394295.114,5817897.089],[394394.748,5817866.293],[394429.958,5817873.408],[394458.459,5817914.277],[394212.303,5818117.821],[394013.925,5818243.223],[393921.94,5818307.197],[393812.552,5818430.347],[393740.573,5818482.601],[393712.2,5818514.398],[393584.716,5818625.284],[393485.234,5818700.183],[393407.192,5818764.837],[393380.48,5818705.688],[393366.001,5818699.815],[393250.717,5818444.863],[393253.894,5818401.636],[393224.843,5818335.463],[393915.24,5817849.235],[393953.156,5817799.365]]]},"properties":{"PLR_ID":"02300316","PLR_NAME":"Köpenicker Straße","BEZ":"02","STAND":"01.01.2021","GROESSE_M2":471422.054}},
{"type":"Feature","geometry":{"type":"Polygon","coordinates":[[[403194.033,5818963.324],[403092.551,5818931.869],[403082.494,5818892.645],[403026.367,5818911.699],[402935.543,5818866.193],[402866.253,5818816.752],[402792.858,5818749.018],[402727.888,5818674.556],[402588.072,5818499.685],[402542.116941,5818468.103065],[402547.919,5818451.221],[402414.69,5818287.446],[402400.765,5818293.665],[402355.398,5818239.442],[402356.64,5818214.309],[402240.052,5818081.441],[402184.858,5818036.096],[402034.389,5817924.913],[401869.172289,5817824.330628],[401858.840877,5817842.406662],[401777.294,5817801.533],[401443.396,5817660.822],[401417.936,5817654.745],[400954.596,5817472.917],[401007.546829,5817462.129118],[401034.926,5817456.551],[401117.629,5817311.246],[401162.259,5817226.507],[401142.743,5817195.597],[401149.686,5817169.997],[401185.538,5817145.005],[401207.349,5816891.911],[401299.549,5816729.445],[401400.527,5816431.246],[401538.259,5816058.796],[401553.273,5815992.308],[401530.247,5815910.854],[401475.154,5815833.09],[401416.516,5815694.07],[401391.687,5815698.162],[401383.366,5815394.162],[401421.933,5815393.116],[401579.13,5815082.621],[401652.753,5814717.57],[401689.815,5814706.189],[401856.076,5814698.558],[401933.272,5814683.148],[402011.48,5814659.534],[402167.421,5814650.998],[402250.752,5814651.517],[402402.296,5814671.305],[402474.669,5814692.738],[402541.572,5814723.086],[402577.583,5814682.546],[402643.277,5814695.041],[402672.229,5814710.897],[402719.153,5814789.131],[402726.761,5814853.134],[402710.746,5814971.772],[402699.939,5815004.795],[402658.402,5815067.527],[402491.982,5815221.875],[402460.612,5815261.158],[402432.893,5815319.782],[402426.816,5815364.636],[402430.483,5815479.297],[402427,5815604.75],[402439.95,5815651.3],[402450.65,5815736.5],[402451.526,5815895.948],[402518.705,5815975.497],[402611.316,5816157.618],[402637.59,5816239.345],[402676.633,5816427.118],[402686.491,5816455.649],[402736.425,5816524.533],[402756.663,5816563.969],[402797.943,5816670.893],[402847.384,5816742.622],[402860.011278,5816803.829415],[402880.372,5816828.325],[402876.181,5816893.423],[402859.347,5816925.616],[402811.33,5816978.027],[402798.476,5817030.099],[402789.369,5817134.674],[402849.081102,5817332.145124],[402837.175431,5817336.657359],[402859.504,5817399.255],[402896.726,5817457.866],[402939.204,5817496.94],[402994.936,5817528.687],[403029.015,5817560.796],[403063.241,5817624.183],[403102.086,5817655.734],[403131.129,5817664.106],[403168.259,5817656.373],[403380.794,5817671.057],[403446.181,5817729.64],[403505.739,5817856.802],[403517.852,5817895.433],[403529.695,5818011.411],[403543.191,5818040.286],[403582.53,5818086.08],[403595.938563,5818129.917547],[403579.440535,5818184.107789],[403573.044,5818243.239],[403533.302,5818336.655],[403477.266,5818403.521],[403409.809,5818517.322],[403320.904,5818600.957],[403285.579,5818661.769],[403217.752,5818745.486],[403194.033,5818963.324]]]},"properties":{"PLR_ID":"10300734","PLR_NAME":"Biesdorf Süd","BEZ":"10","STAND":"01.01.2021","GROESSE_M2":5205206.423}},
{"type":"Feature","geometry":{"type":"Polygon","coordinates":[[[388670.117,5816894.172],[388709.506,5816873.913],[388708.589,5816838.032],[388688.603,5816817.965],[388817.38172,5816682.513268],[388908.886,5816600.677],[388928.63732,5816596.594938],[389219.603,5816589.14],[389360.742,5816558.608],[389536.579,5816539.726],[389561.47,5816532.513],[389564.359,5816558.716],[389648.995,5816712.424],[389694.482,5816717.148],[389702.206,5816830.962],[389767.709,5816938.128],[389770.353,5816965.146],[389408.822,5817093.571],[389409.782,5817110.902],[389285.834,5817154.706],[389280.478,5817139.099],[389219.397,5817160.775],[389198.903,5817122.149],[389124.381,5817149.259],[388749.913,5817257.915],[388713.721,5817263.862],[388702.456,5817106.456],[388699.982,5817016.223],[388670.117,5816894.172]]]},"properties":{"PLR_ID":"07100206","PLR_NAME":"Großgörschenstraße","BEZ":"07","STAND":"01.01.2021","GROESSE_M2":534755.476}},
{"type":"Feature","geometry":{"type":"Polygon","coordinates":[[[386628.595,5820991.097],[386635.587,5821057.409],[386634.606,5821612.838],[386639.586,5821617.093],[386603.406,5821614.331],[386358.148,5821545.264],[386353.614,5821081.493],[386349.125,5821047.911],[386286.432,5820816.31],[386435.902,5820750.081],[386546.266,5820682.016],[386628.595,5820991.097]]]},"properties":{"PLR_ID":"01200518","PLR_NAME":"Beusselkiez","BEZ":"01","STAND":"01.01.2021","GROESSE_M2":236849.437}},
{"type":"Feature","geometry":{"type":"Polygon","coordinates":[[[385409.881,5824414.81],[385496.405,5824595.31],[385519.963,5824711.115],[385521.733,5824810.937],[385496.099,5825042.024],[385493.22,5825129.763],[385501.634,5825199.358],[385422.232,5825241.117],[385319.636,5825324.44],[385254.016,5825394.049],[385241.973,5825385.993],[385168.816,5825383.477],[385037.567,5825367.762],[385030.509,5825422.102],[385016.39,5825457.688],[384821.009,5825430.619],[384831.812,5825351.983],[384823.639,5825317.864],[384804.945,5825346.29],[384735.25,5825336.741],[384736.382,5825328.557],[384670.93,5825319.413],[384658.110084,5825266.075429],[384607.036,5825262.898],[384595.401,5825348.716],[384608.097,5825350.8],[384599.874,5825411.053],[384532.155,5825400.752],[384337.428,5825344.932],[384306.79,5825339.42],[383463.017,5825162.863],[383154.086,5825121.02],[383154.462,5825116.94],[382974.256,5825092.315],[382293.92,5824745.472],[381864.525,5824525.729],[381793.654,5824412.489],[381840.404,5824036.911],[381528.315,5823994.263],[381349.252,5824061.368],[381329.491,5824046.025],[380843.516,5824461.571],[380853.486,5824741.604],[380801.318,5824737.433],[380753.277,5824678.886],[380723.294,5824668.042],[380651.569,5824664.529],[380626.296,5824696.847],[380580.968195,5824683.850757],[380511.812651,5824633.063106],[380435.163721,5824640.171429],[380372.872349,5824673.944026],[380326.431125,5824712.002896],[380292.708329,5824781.530847],[380282.803315,5824832.039494],[380247.549592,5824905.936749],[380243.369717,5824933.3354],[380193.738082,5824963.207825],[380138.49249,5824982.419026],[380078.157081,5824979.478017],[380068.799,5824951.93],[380081.665,5824961.214],[380153.886,5824865.325],[380229.398,5824789.962],[380322.803,5824707.469],[380555.825,5824508.024],[380574.364,5824508.041],[380614.89,5824476.402],[380613.99,5824451.18],[380759.03,5824327.087],[380758.303,5824337.21],[381311.981,5823862.639],[381387.981,5823799.786],[381466.963,5823745.976],[381548.042,5823697.836],[381632.314,5823659.824],[381724.705,5823628.067],[381814.278,5823605.364],[381911.009,5823591.513],[382208.638,5823571.84],[382721.314,5823546.303],[382738.922,5823555.197],[382831.54,5823548.515],[382839.979,5823540.095],[383606.443,5823497.959],[384834.773,5823436.163],[384920.082,5823598.209],[385015.434,5823764.122],[385228.409,5824114.974],[385232.6,5824125.805],[385409.881,5824414.81]]]},"properties":{"PLR_ID":"12200414","PLR_NAME":"TXL","BEZ":"12","STAND":"01.01.2021","GROESSE_M2":5987642.938}},
{"type":"Feature","geometry":{"type":"Polygon","coordinates":[[[383784.487,5814750.076],[383771.935,5814766.904],[383802.076,5814781.77],[383868.978,5815277.489],[383823.723356,5815288.69572],[383830.253,5815313.943],[383565.221,5815379.279],[383333.103103,5815451.048382],[383293.736057,5815436.829124],[383273.65009,5815461.528873],[383247.802,5815433.464],[383121.039,5815290.896],[383095.87,5815240.017],[383097.182,5815070.364],[383073.31,5814553.441],[383075.724,5814545.275],[383237.309,5814576.16],[383362.171,5814611.735],[383784.487,5814750.076]]]},"properties":{"PLR_ID":"04400831","PLR_NAME":"Messelpark","BEZ":"04","STAND":"01.01.2021","GROESSE_M2":544703.358}},
{"type":"Feature","geometry":{"type":"Polygon","coordinates":[[[382138.896,5810341.396],[382037.297,5810604.302],[381940.455069,5810871.029651],[381874.843,5810852.096],[381834.21,5810852.228],[381773.076,5810871.799],[381720.946,5810877.299],[381628.466,5810907.055],[381475.973,5810957.5],[381369.104,5810939.372],[380986.7,5810857.034],[380492.005,5810748.152],[380377.309,5810716.527],[380414.034,5810680.008],[380631.167,5810512.321],[380665.029,5810489.919],[380672.932,5810441.152],[380705.146,5810457.209],[380757.78,5810414.421],[380942.821,5810234.995],[381029.231,5810115.25],[381272.523,5810227.05],[381471.699,5810321.11],[381525.386,5810328.429],[381453.264,5810200.187],[381422.859478,5810160.304562],[381678.386,5810199.929],[381679.882211,5810189.208961],[381789.511,5810212.097],[381901.24,5810313.947],[381949.796,5810328.913],[382138.896,5810341.396]]]},"properties":{"PLR_ID":"06300526","PLR_NAME":"Zehlendorf Mitte","BEZ":"06","STAND":"01.01.2021","GROESSE_M2":905343.286}},
{"type":"Feature","geometry":{"type":"Polygon","coordinates":[[[402818.442,5811458.231],[402758.861,5811471.376],[402593.178,5811528.371],[402550.373,5811547.431],[402335.033,5811625.436],[402292.197,5811628.938],[402107.398,5811698.463],[402093.381,5811713.248],[402049.485,5811718.655],[402056.429,5811673.179],[402058.52,5811538.109],[402064.556,5811467.431],[402070.188,5811290.532],[402080.84,5811185.849],[402062.158,5811174.098],[402070.028,5810939.327],[402079.413,5810822.463],[402090.197,5810755.624],[402115.671,5810656.847],[402173.114,5810504.411],[402231.342,5810380.711],[402288.052,5810240.925],[402317.989,5810141.934],[402343.071,5809991.281],[402345.912,5809842.285],[402321.276,5809479.921],[402392.149,5809493.089],[402426.402,5809509.382],[402857.233,5809587.823],[402973.702213,5809610.816652],[402964.466532,5809638.253972],[403007.502,5809654.467],[403053.781,5809711.677],[403043.994,5809797.737],[403035.464,5809930.457],[402961.105,5810008.448],[402927.093,5810094.419],[402925.058,5810165.58],[402910.15,5810209.75],[402907.1,5810271.8],[402914.398,5810309.652],[402944.176,5810374.476],[403039.256,5810491.793],[403085.384,5810539.828],[403104.401,5810576.12],[403106.129,5810621.138],[403083.483,5810670.563],[403017.879,5810720.459],[402988.085,5810803.662],[402898.411,5810979.488],[402862.924,5811064.774],[402840.57,5811141.943],[402835.4,5811221.6],[402839.5,5811280.75],[402833.6,5811338.7],[402823.9,5811342.65],[402820.1,5811396.7],[402874.199,5811395.744],[402872.403,5811420.001],[402902.008,5811425.146],[402896.457,5811473.384],[402818.442,5811458.231]]]},"properties":{"PLR_ID":"09200819","PLR_NAME":"Köllnische Vorstadt","BEZ":"09","STAND":"01.01.2021","GROESSE_M2":1551715.709}},
{"type":"Feature","geometry":{"type":"Polygon","coordinates":[[[385956.628,5816123.079],[386117.038,5816061.34],[386435.408,5816064.29],[386475.138,5816059.939],[386575.133,5816018.925],[386623.255,5816119.749],[386637.877,5816172.8],[386645.543,5816249.567],[386647.046,5816491.087],[386644.449,5816562.038],[386537.072,5816531.985],[386506.985,5816518.418],[386350.597,5816481.801],[386210.835,5816489.036],[386079.367,5816488.591],[385975.253,5816490.002],[385976.473,5816381.155],[385953.739,5816249.274],[385956.768,5816128.86],[385956.628,5816123.079]]]},"properties":{"PLR_ID":"04501150","PLR_NAME":"Wilhelmsaue","BEZ":"04","STAND":"01.01.2021","GROESSE_M2":294733.282}},
{"type":"Feature","geometry":{"type":"Polygon","coordinates":[[[386620.197565,5812751.89498],[386512.103,5812566.562],[386341.964,5812262.458],[386266.398,5812134.593],[386257.287,5812110.298],[386201.683,5812021.501],[386138.364,5811938.815],[386034.97,5811849.18],[386072.921,5811803.684],[386204.652138,5811668.781838],[386244.732,5811701.9],[386340.579,5811765.476],[386334.779,5811772.909],[386452.422,5811836.119],[386540.084,5811869.726],[386644.995,5811892.65],[386729.538,5811903.179],[386883.859,5811902.174],[387099.803,5811874.751],[387184.594,5811873.57],[387314.407,5811849.182],[387504.832,5811828.133],[387617.433,5811797.248],[387620.88,5811827.071],[387604.656,5811870.466],[387514.902,5811894.12],[387455.253,5811957.079],[387376.991,5812027.171],[387381.806,5812054.818],[387348.827594,5812058.290567],[387150.857,5812230.713],[387021.351,5812407.863],[387059.573,5812447.024],[387066.912,5812484.861],[387090.751,5812524.375],[387044.935,5812535.965],[386999.299,5812528.153],[386907.849,5812551.48],[386620.197565,5812751.89498]]]},"properties":{"PLR_ID":"06100206","PLR_NAME":"Stadtpark","BEZ":"06","STAND":"01.01.2021","GROESSE_M2":710869.319}},
{"type":"Feature","geometry":{"type":"Polygon","coordinates":[[[393672.062,5816661.076],[393429.645,5816812.062],[393355.982,5816837.871],[393244.247,5816857.044],[392969.853,5816820.947],[393086.64,5816492.144],[393053.819,5816459.371],[393408.658,5816244.251],[393429.866,5816270.996],[393672.062,5816661.076]]]},"properties":{"PLR_ID":"08100311","PLR_NAME":"Reuterplatz","BEZ":"08","STAND":"01.01.2021","GROESSE_M2":259579.578}},
{"type":"Feature","geometry":{"type":"Polygon","coordinates":[[[400865.602,5822105.924],[400860.312434,5822096.342949],[401004.078,5822128.163],[401122.857,5822158.086],[401180.83,5822179.396],[401295.897,5822234.611],[401408.372,5822298.744],[401652.561,5822412.039],[401691.735,5822433.856],[401815.771,5822487.921],[402088.625,5822613.796],[402172.289214,5822644.480831],[402213.636492,5822651.165307],[402313.662448,5822652.095621],[402416.988,5822639.289],[402536.823,5822609.517],[402609.16,5822601.278],[402683.631,5822611.604],[402648.978837,5822756.465396],[402627.564492,5822798.165015],[402587.916218,5822844.57448],[402522.841,5822890.593],[402446.575,5822914.831],[402402.134,5822921.698],[402299.031,5822952.337],[402291.705,5822962.807],[402225.267,5822974.291],[402127.766,5823007.702],[402090.459,5823034.63],[402103.888,5823059.529],[401969.429,5823133.742],[401687.574,5823283.485],[401661.225,5823255.472],[401551.866469,5823312.089553],[401402.925,5823028.532],[401291.487,5822834.632],[401247.775,5822767.176],[401160.293,5822618.486],[401057.702,5822429.044],[401003.18,5822336.151],[400954.671,5822214.047],[400932.1,5822173.441],[400865.602,5822105.924]]]},"properties":{"PLR_ID":"10100210","PLR_NAME":"Marzahner Promenade","BEZ":"10","STAND":"01.01.2021","GROESSE_M2":882937.952}},
{"type":"Feature","geometry":{"type":"Polygon","coordinates":[[[406535.316,5811354.834],[406604.705,5811401.242],[406599.522,5811438.302],[406568.218,5811466.453],[406502.968,5811490.535],[406427.973,5811500.32],[406250.826,5811492.928],[406054.6,5811433],[406024.164,5811465.945],[405952.681,5811511.341],[405978.346,5811565.366],[405990.241,5811630.771],[406018.798,5812098.813],[405999.077,5812105.021],[406026.617,5812554.929],[406025.829,5812573.544],[406290.046,5812665.598],[406596.782,5812767.463],[406601.444,5812827.911],[406833.906,5814074.402],[406840.707,5814100.396],[406721.511,5814152.34],[406586.328,5814220.001],[406577.803,5814099.33],[406611.158,5814064.092],[406454.687,5814071.338],[406432.984,5813991.279],[406454.561,5813976.944],[406438.166,5813959.21],[406461.806,5813919.579],[406456.296,5813890.241],[406482.309,5813840.309],[406439.762,5813812.252],[406346.79,5813834.71],[406289.843,5813793.98],[406271.463,5813751.136],[406234.148,5813635.575],[406235.767,5813551.599],[406271.656,5813488.587],[406212.246,5813452.249],[406195.479,5813401.942],[406138.994,5813425.124],[406133.24,5813391.643],[406114.875,5813373.482],[406032.007,5813338.365],[406040.448,5813377.02],[406027.408,5813392.476],[406002.019,5813383.999],[405944.722,5813324.458],[405954.658,5813301.093],[405887.582,5813298.244],[405860.934,5813265.939],[405831.161,5813295.01],[405813.783,5813255.944],[405786.581,5813241.099],[405758.657,5813255.144],[405733.176,5813233.792],[405668.53,5813238.961],[405629.398,5813187.528],[405621.768,5813157.498],[405513.968,5813146.439],[405476.684,5813184.202],[405456.854,5813182.909],[405435.836,5813147.382],[405404.155,5813152.953],[405367.073,5813122.205],[405356.83,5813095.476],[405314.081,5813043.619],[405279.516,5813013.79],[405287.444,5812980.67],[405359.148,5812930.718],[405357.586,5812924.198],[405144.403,5812929.736],[405103.699,5812910.662],[405117.496,5812989.002],[404677.536484,5813018.158911],[404677.567,5812784.467],[404644.255,5812774.202],[404666.245163,5812729.393883],[404695.345,5812674.283],[404688.455,5812436.351],[404590.492,5812417.598],[404581.786501,5812366.726329],[404514.364898,5812376.424926],[404537.876,5812296.565],[404525.245,5812266.291],[404494.642,5812234.742],[404472.656,5812167.732],[404478.286,5812080.084],[404488.646,5812053.453],[404508.957,5812058.724],[404513.811,5811943.377],[404592.293,5811962.145],[404614.191,5811960.38],[404762.25,5811908.5],[404968.032,5811894.827],[405045.867,5811851.511],[405141.315,5811782.616],[405182.958,5811765.795],[405356.001,5811710.631],[405445.463,5811649.423],[405497.046,5811602.975],[405533.921,5811587.06],[405571.652,5811544.751],[405644.452,5811500.292],[405703.362,5811447.048],[405842.041264,5811389.373967],[405875.367,5811365.85],[405888.671,5811341.337],[405944.006,5811305.14],[406002.643,5811249.4],[406046.754,5811228.773],[406131.029,5811239.6],[406210.421,5811281.908],[406263.266,5811329.802],[406344.359,5811316.319],[406368.061,5811302.083],[406401.288,5811327.737],[406535.316,5811354.834]]]},"properties":{"PLR_ID":"09501736","PLR_NAME":"Hirschgarten","BEZ":"09","STAND":"01.01.2021","GROESSE_M2":2873068.172}},
{"type":"Feature","geometry":{"type":"Polygon","coordinates":[[[401563.246,5821424.06],[401057.773,5821491.332],[400972.04,5821497.456],[400800.14,5821502.923],[400762.891,5821517.154],[400742.599,5821345.373],[400734.748,5821239.881],[400730.504,5821093.264],[400732.732,5820945.289],[400739.046,5820837.976],[400752.145,5820743.144],[400792.424,5820560.84],[400836.511,5820378.637],[400883.329,5820253.044],[400925.653,5820168.255],[400993.912,5820064.104],[401160.736,5819853.551],[401196.227,5819797.877],[401247.429,5819678.977],[401266.534,5819585.606],[401272.541,5819501.078],[401268.251,5819462.387],[401302.174368,5819459.026081],[401307.878,5819458.461],[401401.944,5820061.004],[401451.515,5820060.089],[401520.631,5820508.797],[401536.59,5820512.641],[401610.433,5820993.112],[401624.378,5820991.325],[401663.696261,5821247.099103],[401652.689,5821251.539],[401672.074,5821324.776],[401703.352,5821361.569],[401765.785242,5821385.543051],[401762.909726,5821430.355856],[401629.034,5821421.115],[401563.246,5821424.06]]]},"properties":{"PLR_ID":"10100312","PLR_NAME":"Springpfuhl","BEZ":"10","STAND":"01.01.2021","GROESSE_M2":1210405.984}},
{"type":"Feature","geometry":{"type":"Polygon","coordinates":[[[388055.147,5827960.047],[387920.202,5827904.219],[387566.182,5827773.633],[387540.938,5827767.074],[387906.742,5826934.66],[387562.722,5826782.672],[387498.25,5826763.461],[387502.276,5826749.086],[387438.928741,5826726.665254],[387437.995,5826695.93],[387681.762,5826683.353],[387680.962,5826668.089],[387814.119,5826661.094],[387830.558,5826667.541],[387971.697,5826658.414],[388011.067,5826640.665],[388032.38,5826565.316],[388034.541,5826514.968],[388026.794,5826387.465],[388019.549,5826366.705],[388011.197,5826228.954],[388013.366,5826188.976],[387959.483,5826203.861],[387726.691,5826112.58],[387358.753,5825884.808],[386967.249,5825731.517],[386843.303,5825664.602],[386823.092,5825643.146],[386696.861,5825124.019],[386713.432,5825071.048],[386860.867,5824924.781],[387177.556,5825188.473],[387247.48,5825242.528],[387327.402,5825281.824],[387448.374,5825311.248],[387635.389,5825330.027],[387941.265,5825364.061],[388236.767,5825415.681],[388275.364,5825424.379],[388893.397,5825715.684],[388904.365,5825710.758],[388810.929,5826028.323],[388786.11,5826053.473],[388785.209,5826129.045],[388774.163,5826149.154],[388779.985,5826192.879],[388804.671,5826204.868],[388916.173,5826459.869],[388941.975,5826469.254],[389115.444,5826435.213],[389200.714,5826425.001],[389666.469,5826384.036],[389676.96,5826400.964],[389862.627,5826224.523],[389869.675,5826224.667],[389966.165,5826226.717],[389893.019,5826304.766],[389835.051,5826352.414],[389704.499,5826445.636],[389701.339,5826440.459],[389628.663,5826495.211],[389426.209,5826684.343],[389428.823,5826690.168],[389266.059,5826843.731],[389157.569,5826966.65],[389143.125,5826947.191],[389115.348,5826967.954],[388834.352,5827234.904],[388808.077,5827279.671],[388741.186,5827305.123],[388443.155,5827591.726],[388362.079,5827664.054],[388370.968,5827669.815],[388208.917,5827820.589],[388218.44,5827857.049],[388165.093,5827853.929],[388060.566,5827954.574],[388055.147,5827960.047]]]},"properties":{"PLR_ID":"12100205","PLR_NAME":"Teichstraße","BEZ":"12","STAND":"01.01.2021","GROESSE_M2":3374860.211}},
{"type":"Feature","geometry":{"type":"Polygon","coordinates":[[[389211.379,5818520.545],[389230.797,5818563.08],[389274.537,5818555.612],[389343.441,5818532.202],[389429.2,5818480.302],[389526.449,5818403.455],[389588.714,5818313.182],[389609.654,5818358.322],[389644.011,5818295.233],[389687.516172,5818256.175606],[389700.735,5818268.846],[389893.553,5818775.248],[389835.436587,5818856.468227],[389818.892038,5818899.79905],[389809.155324,5819002.922278],[389848.204,5819246.653],[389840.914,5819310.737],[389893.911867,5819627.85749],[389857.155,5819641.812],[389835.709,5819672.186],[389832.747,5819711.46],[389852.995,5819748.284],[389877.389,5819761.993],[389856.958,5819850.957],[389863.936,5819890.172],[389869.32742,5820074.331006],[389839.865,5820109.061],[389820.792,5820159.743],[389809.942,5820251.535],[389770.065,5820325.158],[389699.551,5820386.425],[389660.993,5820408.985],[389585.735,5820430.723],[389526.495,5820432.528],[389489.9,5820427.669],[389422.431,5820401.631],[389369.301,5820353.71],[389300.1,5820250.5],[389265.8,5820208.9],[389218.6,5820169.45],[389098.1,5820108.25],[389072.45,5820086.05],[388989.4,5820063.9],[388905.05,5820029.7],[388861.05,5820002.7],[388754.85,5819900.45],[388708.3,5819870.75],[388610.95,5819836.15],[388503.35,5819818.8],[388402.7,5819835.7],[388349.1,5819862.65],[388287.7,5819911.55],[388203.05,5819991.5],[388141.9,5820039.95],[388067.391903,5820116.993602],[388056.8,5820108.858],[387931.106,5820126.598],[387877.824,5820058.977],[387865.063,5820059.959],[387860.162,5819991.558],[387868.032,5819935.342],[387853.765,5819916.495],[387727.333,5819900.096],[387670.542819,5819791.487473],[387741.24,5819739.779],[387714.904,5819714.632],[387646.804,5819709.128],[387635.261,5819693.149],[387594.481,5819689.855],[387576.288,5819673.343],[387306.543,5819651.576],[387277.502,5819671.407],[387230.757,5819610.021],[387218.46,5819564.539],[387224.288,5819499.102],[387111.013,5819488.903],[387091.756,5819431.505],[387070.825,5819432.157],[386800.186,5819409.187],[386777.546,5819383.379],[386764.883,5819393.66],[386710.328,5819388.988],[386730.159,5819345.484],[386769.408,5819320.879],[386923.083,5819260.19],[386942.84,5819259.564],[386899.636,5819211.91],[386838.221,5819169.371],[386668.276,5819083.36],[386886.277,5818962.762],[386926.802,5818940.353],[386961.33,5818946.355],[386991.813,5818896.169],[386984.825,5818852.075],[386911.193,5818704.507],[386927.704,5818681.494],[387032.078,5818602.738],[387092.81,5818589.9],[387133.735,5818589.772],[387240.859,5818607.733],[387256.576,5818552.388],[387602.65,5818656.208],[387567.051,5818821.392],[387590.402,5818871.994],[387626.633,5818867.928],[387634.126,5818843.444],[387730.828,5818807.107],[387855.192,5818744.156],[387885.287,5818761.63],[387826.409,5818800.864],[387745.68398,5818843.890202],[387780.571,5819041.383],[387921.131,5819006.152],[387942.153,5819011.393],[387943.645114,5818988.121563],[388005.856,5818972.543],[388033.994,5818991.996],[388129.605,5819015.084],[388142.834,5818977.727],[388184.764,5818662.473],[388185.552,5818553.016],[388224.889,5818555.289],[388270.073934,5818571.412928],[388277.817,5818546.792],[388482.013,5818623.591],[388554.051,5818623.221],[388648.391,5818575.2],[388731.641,5818539.789],[388838.359,5818509.374],[388902.23,5818508.867],[388993.288,5818537.482],[389088.234,5818543.456],[389183.995,5818541.784],[389211.379,5818520.545]]]},"properties":{"PLR_ID":"01100102","PLR_NAME":"Großer Tiergarten","BEZ":"01","STAND":"01.01.2021","GROESSE_M2":3943375.966}},
{"type":"Feature","geometry":{"type":"Polygon","coordinates":[[[391120.117349,5817634.50356],[391009.813,5817643.28],[390857.27,5817618.22],[390765.659,5817610.015],[390660.733839,5817636.501248],[390686.762,5817442.018],[390688.663954,5817403.663821],[390724.037,5817395.662],[390622.873,5817231.51],[390617.134,5817204.711],[390551.981,5817048.173],[391108.673,5816852.881],[391720.949,5816634.965],[391732.853,5816690.394],[391767.077755,5816767.392622],[391795.423,5816736.93],[391845.929,5816700.683],[391999.429,5817031.535],[391929.077,5817057.951],[391772.184834,5817103.800393],[391845.89,5817261.216],[391837.224,5817299.768],[391741.576,5817430.916],[391750.835,5817470.346],[391538.822,5817502.916],[391417.925,5817530.423],[391322.516,5817563.705],[391276.168,5817588.855],[391208.057,5817613.758],[391133.344,5817632.198],[391120.117349,5817634.50356]]]},"properties":{"PLR_ID":"02200210","PLR_NAME":"Urbanstraße","BEZ":"02","STAND":"01.01.2021","GROESSE_M2":916800.234}},
{"type":"Feature","geometry":{"type":"Polygon","coordinates":[[[392120.883,5821053.504],[392228.722,5821021.572],[392505.223,5820886.626],[392552.733,5820843.362],[392628.612,5820982.431],[392719.759,5821110.633],[392807.976,5821275.552],[392994.018,5821755.553],[392734.433,5821881.258],[392651.543,5821905.819],[392555.531,5821882.338],[392340.24,5821837.572],[392339.205,5821791.259],[392364.739,5821548.381],[392326.458,5821389.807],[392315.498,5821309.205],[392211.189,5821200.372],[392171.652,5821150.141],[392120.883,5821053.504]]]},"properties":{"PLR_ID":"03701556","PLR_NAME":"Kollwitzplatz","BEZ":"03","STAND":"01.01.2021","GROESSE_M2":507067.779}},
{"type":"Feature","geometry":{"type":"Polygon","coordinates":[[[380975.369,5822336.47],[380931.127,5822340.521],[380571.253,5822423.732],[380497.552,5822435.054],[380412.338,5822434.258],[380359.629,5822426.434],[380091.017541,5822371.874408],[380079.825,5822415.904],[380083.235,5822512.898],[380074.701,5822516.653],[380094.211,5822583.051],[380099.802,5822667.351],[380138.313485,5822662.759088],[380136.928,5822689.931],[380161.847,5822813.058],[380162.66,5822845.51],[380132.405,5823072.04],[380110.936,5823151.395],[380040.348,5823306.989],[380422.423021,5823463.118309],[380405.233,5823526.132],[380404.182,5823576.632],[380426.458037,5823676.97003],[380355.097,5823747.851],[380120.412,5823948.047],[380102.907,5823955.174],[379726.289,5824176.754],[379723.352,5824175.33],[379718.001,5823891.568],[379725.913,5823822.289],[379807.929,5823657.099],[379824.570136,5823633.011064],[379682.34,5823559.941],[379681.14,5823542.487],[379573.809,5823553.801],[379516.413,5823551.754],[379499.520969,5823560.261932],[379481.935,5823481.688],[379413.564,5823317.119],[379377.838,5823251.678],[379322.4,5823188.866],[379258.248,5823137.791],[379199.96,5823100.072],[379098.945,5823046.498],[378959.109,5822994.614],[378689.458,5823025.874],[378634.605,5822972.624],[378585.253,5822956.171],[378544.367,5822928.545],[378521.291,5822892.783],[378506.941,5822822.599],[378513.527,5822747.562],[378556.365,5822572.649],[378568.533,5822478.748],[378562.525,5822419.958],[378542.271,5822344.929],[378498.562,5822254.393],[378474.366,5822217.065],[378500.964,5822182.387],[378610.216,5822204.465],[378702.6863,5822193.0834],[378765.2406,5822169.7942],[378817.6961,5822141.2974],[378960.903,5822047.3771],[379037.0892,5822010.0293],[379145.0806,5821967.7765],[379293.1464,5821924.2612],[379416.3779,5821899.9174],[379581.6159,5821891.7735],[379748.3492,5821893.9006],[380057.294,5821911.409],[380068.3993,5821939.3078],[380379.94,5822037.993],[380501.392,5822073.214],[380639.191,5822128.952],[380734.798,5822200.145],[380777.189,5822216.785],[380831.665,5822197.121],[380858.077,5822162.363],[380877.618,5822162.704],[380935.672,5822088.449],[380960.445,5822112.747],[381023.387,5822200.227],[381045.358,5822266.549],[381031.219774,5822289.919852],[380975.369,5822336.47]]]},"properties":{"PLR_ID":"05300736","PLR_NAME":"Zitadellenweg","BEZ":"05","STAND":"01.01.2021","GROESSE_M2":2618966.462}},
{"type":"Feature","geometry":{"type":"Polygon","coordinates":[[[385083.036743,5808080.748034],[385201.126,5808085.693],[385293.992,5808078.929],[385646.781,5808032.68],[385868.184,5808001.536],[385851.965,5808013.113],[385750.157,5808169.176],[385638.478,5808350.455],[385572.452,5808463.571],[385357.923,5808818.522],[385321.514,5808796.253],[385234.418,5808623.813],[385236.541,5808620.273],[385161.392,5808444.303],[385131.57,5808361.965],[385125.822,5808364.154],[385063.64,5808204.906],[385054.058,5808160.002],[385085.408,5808152.217],[385083.036743,5808080.748034]]]},"properties":{"PLR_ID":"06200419","PLR_NAME":"Thermometersiedlung","BEZ":"06","STAND":"01.01.2021","GROESSE_M2":321216.339}},
{"type":"Feature","geometry":{"type":"Polygon","coordinates":[[[394813.963,5818587.973],[394794.801,5818607.266],[394680.837,5818680.607],[394595.574,5818770.471],[394477.815,5818919.808],[394441.761,5818891.036],[394368.6,5818965.791],[394443.218419,5819070.086786],[394320.111,5819163.306],[394132.247,5819350.383],[394126.84,5819326.878],[394063.372,5819203.656],[394058.012,5819178.971],[393936.545,5818939.099],[393873.002,5818853.259],[393852.058,5818869.06],[393747.245,5818736.642],[393761.69,5818723.818],[393714.38,5818648.475],[393686.616,5818673.331],[393562.919,5818757.586],[393427.343,5818861.766],[393390.983438,5818796.484977],[393407.192,5818764.837],[393485.234,5818700.183],[393584.716,5818625.284],[393712.2,5818514.398],[393740.573,5818482.601],[393812.552,5818430.347],[393921.94,5818307.197],[394013.925,5818243.223],[394212.303,5818117.821],[394458.459,5817914.277],[394600.396,5818089.879],[394601.688,5818102.284],[394747.030083,5818393.600579],[394735.603487,5818399.284474],[394813.963,5818587.973]]]},"properties":{"PLR_ID":"02400625","PLR_NAME":"Wriezener Bahnhof","BEZ":"02","STAND":"01.01.2021","GROESSE_M2":864393.136}},
{"type":"Feature","geometry":{"type":"Polygon","coordinates":[[[385175.026,5810299.716],[385204.506,5810342.342],[385482.476,5810651.088],[385544.011,5810713.502],[385555.801,5810734.848],[385648.97,5810837.14],[385692.603,5810891.171],[385755.595,5810981.173],[385777.537,5811026.578],[385982.736,5811384.63],[386072.838,5811525.058],[386118.147,5811582.387],[386204.652138,5811668.781838],[386072.921,5811803.684],[386034.97,5811849.18],[386011.484,5811829.41],[385985.793,5811831.358],[385887.003,5812050.391],[385863.317,5812090.498],[385822.814,5812187.274],[385851.645,5812203.865],[385836.785,5812250.042],[385826.612,5812316.9],[385786.965,5812380.049],[385737.086,5812478.81],[385718.712,5812544.295],[385697.78,5812577.78],[385708.338,5812585.377],[385687.082,5812619.421],[385536.093,5812505.859],[385550.542,5812463.237],[385528.459,5812343.575],[385518.668,5812079.94],[385542.703,5811529.421],[385550.239,5811459.773],[385574.573,5811342.719],[385573.968,5811270.935],[385526.464,5811096.36],[385485.142,5810983.534],[385451.829,5810928.362],[385413.482,5810886.472],[385345.417,5810780.723],[385237.298,5810587.332],[385110.045,5810370.136],[385175.026,5810299.716]]]},"properties":{"PLR_ID":"06300630","PLR_NAME":"Hindenburgdamm","BEZ":"06","STAND":"01.01.2021","GROESSE_M2":744828.036}},
{"type":"Feature","geometry":{"type":"Polygon","coordinates":[[[395578.731,5821030.958],[395620.646,5821026.849],[396121.731,5820874.367],[396127.438,5820877.317],[396380.593,5820800.476],[396398.492,5820780.187],[396448.503,5820769.3],[396578.298,5820730.9],[396713.456,5820686.989],[396808.538,5820677.826],[396822.049,5820778.744],[396778.613,5820934.273],[396668.34,5821274.461],[396626,5821384.801],[396597.893,5821427.817],[395818.985,5821162.856],[395728.79,5821128.372],[395708.257,5821111.022],[395657.848,5821093.301],[395625.33,5821110.205],[395578.731,5821030.958]]]},"properties":{"PLR_ID":"11300617","PLR_NAME":"Fennpfuhlpark","BEZ":"11","STAND":"01.01.2021","GROESSE_M2":474765.281}},
{"type":"Feature","geometry":{"type":"Polygon","coordinates":[[[388714.372,5811700.286],[388763.346,5811550.757],[388767.815,5811549.672],[388807.288,5811428.981],[388880.149,5811219.363],[388937.221,5811064.47],[388996.418,5810875.67],[389034.324,5810741.93],[389166.251,5810802.402],[389237.621,5810824.764],[389523.858,5810882.34],[389861.56,5810959.323],[389915.949,5810962.268],[390010.303,5811116.407],[390017.638,5811142.45],[390008.887,5811151.256],[389999.197,5811259.569],[389980.775,5811324.793],[389935.491,5811538.006],[389877.238,5811744.16],[389871.616,5811774.444],[389822.534,5812475.776],[389798.250596,5812551.767846],[389643.757,5812473.37],[389550.335,5812410.647],[389154.731,5812066.268],[388949.319,5811891.516],[388934.958,5811858.791],[388825.224,5811782.903],[388714.372,5811700.286]]]},"properties":{"PLR_ID":"07501029","PLR_NAME":"Ringstraße","BEZ":"07","STAND":"01.01.2021","GROESSE_M2":1441973.878}},
{"type":"Feature","geometry":{"type":"Polygon","coordinates":[[[395006.204,5817501.05],[394964.371,5817507.691],[394880.85,5817484.681],[394839.281,5817458.234],[394626.204,5817208.382],[394568.709,5817188.723],[394508.736,5817201.436],[394465.015,5817191.968],[394412.171062,5817146.578084],[394140.066,5816816.165],[394075.929,5816750.782],[394058.264,5816673.96],[394377.398,5816394.325],[394538.447,5816557.528],[394664.906,5816446.563],[394677.299,5816443.648],[394775.923,5816344.421],[394784.062,5816351.256],[395158.91,5816021.097],[395303.042,5816192.24],[395333.307,5816239.413],[395302.205448,5816404.101228],[395279.462,5816441.863],[395292.619,5816453.898],[395259.674,5816483.288],[395346.365,5816564.904],[395353,5816634.388],[395377.823,5816717.237],[395395.098672,5816741.537998],[395520.412,5816601.417],[396219.496,5815795.325],[396300.128,5815697.298],[396363.874,5815742.461],[396752.858,5816032.244],[396761.306,5816033.781],[396877.209,5816120.079],[396911.955,5816173.413],[396943.011,5816161.73],[396988.895,5816181.739],[396931.036,5816338.418],[396906.243,5816360.263],[396824.342,5816390.057],[396783.037,5816397.268],[396740.849,5816390.041],[396697.569,5816297.681],[396661.377,5816375.299],[396637.461,5816493.658],[396595.637,5816552.78],[396534.601,5816626.321],[396488.693,5816668.496],[396378.078,5816749.558],[396191.198,5816803.981],[396021.909,5816902.535],[395925.216,5816943.045],[395734.699,5817064.632],[395666.81,5817118.691],[395665.619,5817133.467],[395719.114,5817202.324],[395701.332537,5817232.645176],[395668.772,5817255.675],[395659.803,5817245.349],[395583.586,5817273.295],[395421.971,5817382.109],[395122.593,5817487.003],[395054.828,5817503.78],[395006.204,5817501.05]]]},"properties":{"PLR_ID":"09100101","PLR_NAME":"Alt-Treptow","BEZ":"09","STAND":"01.01.2021","GROESSE_M2":2314160.878}},
{"type":"Feature","geometry":{"type":"Polygon","coordinates":[[[384886.782,5818497.83],[384890.669,5818488.637],[385076.887,5818556.441],[385161.246,5818582.537],[385334.452,5818578.627],[385495.067,5818566.795],[385563.213,5818576.95],[385647.661,5819312.167],[384977.575,5819256.232],[384756.78,5819236.627],[384792.621,5818776.735],[384832.507,5818632.904],[384886.782,5818497.83]]]},"properties":{"PLR_ID":"04300623","PLR_NAME":"Karl-August-Platz","BEZ":"04","STAND":"01.01.2021","GROESSE_M2":582728.606}},
{"type":"Feature","geometry":{"type":"Polygon","coordinates":[[[381201.704,5823328.754],[381196.88,5823388.124],[381155.117,5823374.16],[380895.306,5823343.845],[380620.149,5823322.433],[380534.627,5823340.776],[380480.13,5823378.509],[380453.445,5823407.828],[380422.423021,5823463.118309],[380040.348,5823306.989],[380110.936,5823151.395],[380132.405,5823072.04],[380162.66,5822845.51],[380161.847,5822813.058],[380136.928,5822689.931],[380138.313485,5822662.759088],[380099.802,5822667.351],[380094.211,5822583.051],[380074.701,5822516.653],[380083.235,5822512.898],[380079.825,5822415.904],[380091.017541,5822371.874408],[380359.629,5822426.434],[380412.338,5822434.258],[380497.552,5822435.054],[380571.253,5822423.732],[380931.127,5822340.521],[380975.369,5822336.47],[381167.877,5822312.849],[381184.245,5822452.825],[381183.361,5822518.787],[381138.557,5822907.307],[381138.255,5822959.523],[381149.718,5823010.593],[381188.934,5823089.535],[381210.536,5823157.505],[381214.767,5823206.241],[381201.704,5823328.754]]]},"properties":{"PLR_ID":"05300737","PLR_NAME":"Gartenfelder Straße","BEZ":"05","STAND":"01.01.2021","GROESSE_M2":1041737.87}},
{"type":"Feature","geometry":{"type":"Polygon","coordinates":[[[379314.137,5809337.025],[379314.259,5809328.203],[379396.455,5809325.031],[379583.934,5809286.412],[379768.518,5809266.125],[379848.429,5809260.057],[379895.176,5809278.383],[380019.313,5809314.656],[380154.28,5809303.033],[380386.904,5809311.699],[380657.549,5809325.84],[380721.757,5809331.349],[380796.798,5809076.301],[380811.278,5808917.782],[380875.417,5809029.378],[380912.648,5809121.077],[380930.635,5809149.25],[381044.598,5809480.56],[381153.216,5809747.506],[381209.027,5809857.699],[381422.859478,5810160.304562],[381453.264,5810200.187],[381525.386,5810328.429],[381471.699,5810321.11],[381272.523,5810227.05],[381029.231,5810115.25],[380942.821,5810234.995],[380757.78,5810414.421],[380705.146,5810457.209],[380672.932,5810441.152],[380665.029,5810489.919],[380631.167,5810512.321],[380414.034,5810680.008],[380377.309,5810716.527],[379713.913,5810484.873],[379683.263,5810479.033],[379628.819,5810455.712],[379631.06,5810414.182],[379638.26,5810408.366],[379639.116,5810305.45],[379621.273,5810091.147],[380119.798,5809812.74],[380252.631,5809789.047],[380268.915,5809771.899],[379314.137,5809337.025]]]},"properties":{"PLR_ID":"06300524","PLR_NAME":"Berlepschstraße","BEZ":"06","STAND":"01.01.2021","GROESSE_M2":1745589.171}},
{"type":"Feature","geometry":{"type":"Polygon","coordinates":[[[387640.229,5821451.653],[387850.014,5821355.999],[388037.809,5821274.441],[388285.551,5821160.976],[388423.09,5820876.53],[388477.352263,5820764.672492],[389037.123747,5821034.042874],[388608.053,5821918.971],[388597.005,5821934.26],[388542.201,5821901.785],[388532.292,5821923.872],[387663.974393,5821784.41417],[387656.051,5821718.742],[387647.572,5821538.507],[387658.652,5821523.837],[387640.229,5821451.653]]]},"properties":{"PLR_ID":"01200623","PLR_NAME":"Stephankiez","BEZ":"01","STAND":"01.01.2021","GROESSE_M2":896475.72}},
{"type":"Feature","geometry":{"type":"Polygon","coordinates":[[[378006.664353,5821727.722189],[377959.579,5821765.485],[377911.141,5821696.37],[377879.891,5821636.279],[377858.811,5821557.266],[377858.273,5821487.403],[377868.629,5821440.026],[377915.756,5821328.388],[377949.24,5821265.814],[377984.318149,5821177.608255],[378053.022,5821060.09],[378162.122,5820856.032],[378216.29305,5820901.457241],[378266.781,5820791.587],[378304.861,5820657.028],[378322.468,5820518.243],[378325.097,5820398.597],[378318.027,5820265.578],[378338.677,5820297.43],[378408.198,5820376.06],[378429.65,5820379.829],[378423.097,5820281.03],[378382.978,5820211.801],[378365.116,5820136.201],[378383.704,5820106.528],[378480.046,5820097.57],[378505.471,5820103.334],[378529.376,5820138.807],[378574.251,5820166.464],[378604.519,5820086.071],[378690.183,5820046.502],[378755.321,5819982.798],[378796.962,5819925.15],[378835.566,5819857.214],[378877.04,5819833.715],[378911.927,5819800.003],[378920.391,5819773.481],[378892.675,5819673.323],[378914.337,5819604.277],[378930.085,5819521.403],[378930.815,5819463.62],[378963.587,5819443.41],[379033.109,5819524.258],[379106.21,5819634.385],[379130.629,5819629.847],[379174.78,5819698.565],[379189.794,5819699.791],[379193.543,5819651.663],[379274.818,5819654.612],[379219.789,5819764.712],[379205.425,5819897.294],[379188.371,5820161.465],[379186.152,5820462.426],[379190.402,5820524.61],[379203.675,5820585.385],[379228.026,5820657.555],[379292.981,5820801.336],[379366.758,5820990.093],[379357.12,5820992.901],[379381.952,5821048.85],[379400.503,5821072.596],[379425.263,5821146.479],[379429.865,5821246.053],[379412.474,5821312.767],[379413.815,5821348.02],[379296.156,5821315.007],[379202.121,5821268.058],[379120.357,5821214.877],[379025.905,5821170.677],[378911.742,5821154.684],[378777.917,5821185.047],[378671.664,5821222.742],[378586.723,5821267.062],[378496.768,5821322.992],[378391.8,5821397.123],[378220.539,5821549.308],[378054.059,5821691.565],[378006.664353,5821727.722189]]]},"properties":{"PLR_ID":"05200632","PLR_NAME":"Tiefwerder","BEZ":"05","STAND":"01.01.2021","GROESSE_M2":1564990.535}},
{"type":"Feature","geometry":{"type":"Polygon","coordinates":[[[385898.237,5814797.156],[385931.457,5815472.238],[385935.302,5815472.21],[385935.471,5815478.142],[385909.523,5815479.052],[385893.853,5815458.664],[385728.645,5815499.514],[385626.729,5815535.68],[385522.722,5815587.015],[385461.661,5815626.181],[385368.027,5815702.057],[385349.704079,5815684.235112],[385386.311,5815613.608],[385447.992,5815435.55],[385496.218,5815242.742],[385506.946,5815156.946],[385491.366,5814898.074],[385483.289,5814862.494],[385409.537,5814709.967],[385361.123,5814628.548],[385268.425,5814501.828],[385298.094872,5814470.111767],[385197.43,5814416.837],[385136.615,5814405.121],[385192.636,5814349.62],[385240.202,5814312.238],[385293.097,5814335.781],[385874.066,5814306.187],[385888.484,5814599.155],[385919.491,5814670.671],[385894.668,5814724.618],[385898.237,5814797.156]]]},"properties":{"PLR_ID":"04400835","PLR_NAME":"Rüdesheimer Platz","BEZ":"04","STAND":"01.01.2021","GROESSE_M2":600207.947}},
{"type":"Feature","geometry":{"type":"Polygon","coordinates":[[[403955.735,5820948.405],[403932.85,5820929.268],[403771.606,5820732.874],[403759.999,5820714.917],[403547.874709,5820495.249707],[403609.695,5820461.527],[403842.317,5820350.44],[403883.753,5820337.936],[403945.453021,5820304.418127],[404077.284,5820245.475],[404185.406,5820206.685],[404185.44,5820264.863],[404294.01,5820577.958],[404302.773,5820575.058],[404326.469,5820659.051],[404403.447,5820869.777],[404402.047,5820901.605],[404461.508,5821079.309],[404484.794,5821131.182],[404529.233,5821201.075],[404551.640129,5821224.978407],[404468.046,5821300.353],[404441.912,5821342.183],[404389.806,5821353.697],[404379.655,5821308.855],[404329.794,5821321.039],[404335.746,5821358.473],[404209.209,5821375.536],[404191.429,5821367.727],[404133.602,5821380.787],[404081.917,5821229.069],[404080.978,5821200.477],[404111.466,5821092.682],[404095.486,5821051.474],[404021.457,5820976.56],[403955.735,5820948.405]]]},"properties":{"PLR_ID":"10200627","PLR_NAME":"Am Kienberg","BEZ":"10","STAND":"01.01.2021","GROESSE_M2":533187.712}},
{"type":"Feature","geometry":{"type":"Polygon","coordinates":[[[393514.672,5817704.017],[393526.404,5817658.948],[393484.930122,5817589.765424],[393586.653113,5817530.113219],[393336.954,5817133.908],[393306.653,5817091.128],[393437.045,5817017.694],[393774.884,5816832.298],[393965.279,5816727.943],[394028.523,5816646.988],[394054.974,5816646.085],[394058.264,5816673.96],[394075.929,5816750.782],[394140.066,5816816.165],[394412.171062,5817146.578084],[394360.683,5817178.038],[394412.043,5817240.26],[393565.472,5817715.26],[393514.672,5817704.017]]]},"properties":{"PLR_ID":"02300418","PLR_NAME":"Reichenberger Straße Ost","BEZ":"02","STAND":"01.01.2021","GROESSE_M2":599764.15}},
{"type":"Feature","geometry":{"type":"Polygon","coordinates":[[[396010.552,5819339.57],[396017.912,5819381.104],[396115.292,5819686.465],[396165.194,5819974.334],[396178.65,5820010.689],[396169.937,5820032.282],[395700.139039,5819979.916527],[395532.314,5819471.956],[395515.796,5819432.504],[395728.233,5819393.144],[396010.552,5819339.57]]]},"properties":{"PLR_ID":"02500728","PLR_NAME":"Samariterviertel","BEZ":"02","STAND":"01.01.2021","GROESSE_M2":310608.043}},
{"type":"Feature","geometry":{"type":"Polygon","coordinates":[[[388477.352263,5820764.672492],[388515.778,5820685.461],[388525.186,5820652.909],[388512.717782,5820572.90291],[388635.327,5820555.445],[388709.618,5820539.034],[389103.94,5820728.297],[389122.107,5820746.109],[389030.724,5820931.084],[389043.549,5820996.055],[389037.123747,5821034.042874],[388477.352263,5820764.672492]]]},"properties":{"PLR_ID":"01200627","PLR_NAME":"Zillesiedlung","BEZ":"01","STAND":"01.01.2021","GROESSE_M2":174352.764}},
{"type":"Feature","geometry":{"type":"Polygon","coordinates":[[[371697.032,5813210.128],[371643.025,5813078.366],[371559.98,5812942.551],[371515.508,5812842.109],[371913.394,5812277.095],[371997.75,5812221.649],[372156.436,5812087.93],[372164.22,5812061.622],[372155.273,5812006.537],[372158.826,5811957.315],[372199.066,5811949.64],[372252.124,5811923.364],[372297.002,5811921.546],[372463.826,5812002.538],[372491.622,5812019.565],[372552.328,5812090.486],[372613.804,5812065.632],[372666.013,5812063.404],[372704.269,5812101.117],[372807.769,5812182.659],[372965.156,5812235.446],[373019.004,5812263.498],[373176.931,5812382.542],[373273.739,5812414.97],[373445.547,5812548.208],[373539.292,5812609.354],[373647.549,5812660.467],[373650.085,5812655.251],[373819.499,5812741.624],[373855.669,5812767.69],[373877.704,5812851.522],[373933.126,5813004.366],[373862.968,5813052.772],[373835.374,5813064.676],[373701.499,5813023.115],[373511.62,5812969.325],[373478.224,5812974.595],[373385.507,5812970.07],[373152.993,5812992.566],[372969.275,5813034.863],[372794.531,5813061.962],[372700.51,5813067.229],[372556.339,5813083.649],[372417.345,5813093.245],[372254.045,5813132.081],[372155.548,5813144.86],[371866.296,5813194.932],[371697.032,5813210.128]]]},"properties":{"PLR_ID":"05400945","PLR_NAME":"Kafkastraße","BEZ":"05","STAND":"01.01.2021","GROESSE_M2":1737233.19}},
{"type":"Feature","geometry":{"type":"Polygon","coordinates":[[[391999.55,5811041.251],[391954.984,5810882.871],[391945.343,5810834.409],[391938.964,5810737.618],[391889.637,5810611.796],[391851.159,5810524.365],[391828.945,5810410.407],[391743.342,5810206.741],[391685.462,5810074.982],[391678.131,5810047.533],[391659.717,5809908.835],[391636.334,5809785.41],[391990.722,5809563.814],[392046.162,5809524.083],[392148.912,5809426.48],[392175.546,5809396.328],[392206.473,5809340.974],[392224.426,5809260.778],[392271.519,5809253.156],[392676.183,5809416.251],[393173.583,5809453.737],[393240.817,5809592.147],[393262.863,5809653.062],[393576.649,5809780.048],[393579.733,5809781.298],[393569.572,5810015.914],[393599.514,5810380.831],[393591.859,5810948.847],[393596.733,5810939.055],[393589.77,5811181.976],[393585.367,5811274.332],[393575.109,5811333.361],[393531.246109,5811518.95988],[393523.285,5811552.648],[393513.747,5811559.612],[393322.829,5811452.205],[393298.43,5811443.21],[392652.06,5811238.803],[392651.557,5811241.262],[392439.028,5811174.067],[392439.491,5811171.629],[392070.906,5811055.054],[392072.295,5811047.598],[391999.55,5811041.251]]]},"properties":{"PLR_ID":"08200729","PLR_NAME":"Britzer Garten","BEZ":"08","STAND":"01.01.2021","GROESSE_M2":3152323.401}},
{"type":"Feature","geometry":{"type":"Polygon","coordinates":[[[389319.585,5817775.805],[389332.889,5817765.003],[389322.594,5817691.115],[389258.174,5817612.018],[389232.856,5817289.549],[389242.973,5817230.698],[389219.397,5817160.775],[389280.478,5817139.099],[389285.834,5817154.706],[389409.782,5817110.902],[389408.822,5817093.571],[389770.353,5816965.146],[389767.709,5816938.128],[389805.754,5816923.826],[389964.376189,5817001.81508],[389970.487,5817063.441],[390008.914,5817617.544],[390046.339,5817787.311],[389985.472,5817810.337],[389954.726,5817830.41],[389911.907,5817876.561],[389887.494,5817924.701],[389850.883,5818030.669],[389818.697,5818088.087],[389774.407,5818138.524],[389681.92,5818226.477],[389687.516172,5818256.175606],[389644.011,5818295.233],[389609.654,5818358.322],[389588.714,5818313.182],[389568.461,5818270.397],[389456.074,5818081.534],[389414.83,5817897.313],[389406.992,5817881.114],[389319.585,5817775.805]]]},"properties":{"PLR_ID":"02200207","PLR_NAME":"Gleisdreieck","BEZ":"02","STAND":"01.01.2021","GROESSE_M2":746225.338}},
{"type":"Feature","geometry":{"type":"Polygon","coordinates":[[[384164.984,5827095.249],[383924.979,5827091.109],[383945.514,5827035.61],[383926.476,5827034.897],[383971.59,5826939.23],[383958.439,5826915.046],[383717.329,5826906.105],[383697.853,5826932.544],[383678.223,5826928.278],[383704.518,5826808.485],[383688.607,5826787.73],[383388.047,5826772.154],[383361.606,5826801.501],[383391.839,5826894.372],[383390.060512,5826929.176443],[383272.37,5826958.419],[383254.468,5826901.601],[383185.012,5826914.121],[383175.545027,5826881.04441],[383153.311,5826886.219],[383136.892,5826981.002],[383138.36,5827094.649],[383121.789,5827116.955],[383069.543421,5827106.722825],[383040.325785,5827049.17922],[383025.723748,5826938.175483],[383044.199376,5826851.604593],[383105.939278,5826752.432685],[383104.023122,5826723.560314],[383081.754051,5826707.792717],[383023.598615,5826732.864212],[382973.048716,5826725.687571],[382832.543373,5826725.136952],[382787.692716,5826797.41203],[382753.579185,5826809.333126],[382706.011159,5826798.986377],[382599.181069,5826758.025571],[382569.761462,5826718.727294],[382530.424776,5826697.70833],[382337.359674,5826533.885954],[382333.791742,5826490.977679],[382319.034839,5826480.57276],[382361.874,5826429.645],[382434.375,5826489.781],[382521.794,5826518.854],[382816.34,5826504.327],[382873.678,5826504.875],[383719.605,5826462.111],[383806.127,5826460.384],[384200.644,5826440.473],[384250.525,5826435.974],[384304.38,5826449.313],[384410.354,5826506.256],[384415.488,5826522.426],[384390.313,5826598.041],[384321.191,5826754.207],[384258.234,5826882.152],[384230.757,5826952.02],[384164.984,5827095.249]]]},"properties":{"PLR_ID":"12200413","PLR_NAME":"Tegel Süd","BEZ":"12","STAND":"01.01.2021","GROESSE_M2":755164.495}},
{"type":"Feature","geometry":{"type":"Polygon","coordinates":[[[384711.347,5817874.8],[384721.656,5817968.645],[384259.137,5818230.508],[384336.96,5818265.625],[384327.802,5818292.974],[384293.004,5818386.763],[384036.675,5818331.113],[383956.736,5818315.714],[383810.776,5818293.152],[383758.602,5818293.825],[383580.344,5818198.178],[383607.113,5818142.751],[383543.39,5818111.971],[383560.445,5818076.679],[383534.881,5818064.328],[383517.837,5818099.621],[383460.156,5818071.766],[383433.392,5818127.202],[383327.78,5818078.934],[383325.876928,5818034.307034],[383340.812,5817979.722],[383400.742,5817868.45],[383449.138,5817789.014],[383519.908,5817642.889],[383540.472,5817566.424],[383586.062,5817495.27],[383656.751,5817489.416],[383649.536,5817444.571],[383752.646,5817410.156],[383906.069,5817392.056],[383930.735876,5817409.067133],[383775.916,5817592.252],[383835.366,5817634.966],[383904.588,5817667.754],[383989.677411,5817690.783961],[384162.692,5817722.94],[384374.934,5817772.249],[384621.489,5817841.75],[384622.307,5817849.761],[384711.347,5817874.8]]]},"properties":{"PLR_ID":"04500937","PLR_NAME":"Halensee","BEZ":"04","STAND":"01.01.2021","GROESSE_M2":709434.206}},
{"type":"Feature","geometry":{"type":"Polygon","coordinates":[[[393536.70572,5825792.531005],[393494.288,5825800.248],[393478.385,5825815.01],[393200.293,5825744.297],[393094.277,5825682.746],[392640.151,5825374.601],[392492.118,5825238.891],[392504.942,5825194.646],[392435.457,5825183.836],[392419.89,5825164.658],[392439.202,5824857.619],[392442.135,5824855.125],[392966.281,5824915.584],[393401.487,5824982.156],[393394.996,5825038.336],[393482.759,5825548.497],[393490.438,5825553.627],[393498.506,5825634.259],[393513.419,5825721.033],[393527.214,5825740.878],[393536.70572,5825792.531005]]]},"properties":{"PLR_ID":"03400830","PLR_NAME":"Kissingenviertel","BEZ":"03","STAND":"01.01.2021","GROESSE_M2":659319.939}},
{"type":"Feature","geometry":{"type":"Polygon","coordinates":[[[395479.206,5823340.911],[394997.246,5823179.882],[394939.246,5823156.07],[394763.026,5823032.345],[394738.36,5823026.441],[394762.897,5822990.113],[394977.739,5822839.179],[395102.876,5822756.095],[395134.821,5822728.654],[395195.493,5822760.996],[395213.85,5822727.798],[395235.109,5822738.847],[395270.872,5822671.752],[395232.145,5822631.314],[395423.375,5822494.143],[395566.726,5822390.105],[395770.175,5822238.483],[396050.421,5822037.65],[396226.657,5822252.357],[396053.198,5823103.123],[396077.219,5823130.401],[396039.866,5823318.658],[396031.752,5823406.469],[396010.497,5823469.362],[396003.213,5823536.574],[395971.011,5823565.387],[395846.982,5823477.322],[395750.801,5823430.778],[395479.206,5823340.911]]]},"properties":{"PLR_ID":"03500936","PLR_NAME":"Komponistenviertel Weißensee","BEZ":"03","STAND":"01.01.2021","GROESSE_M2":1119815.235}},
{"type":"Feature","geometry":{"type":"Polygon","coordinates":[[[405143.281,5821533.582],[405111.222,5821830.494],[405096.84,5821904.813],[405073.697,5822070.838],[405055.197399,5822264.873318],[404992.169,5822258.535],[404927.047,5822224.115],[404781.513,5822209.935],[404786.539,5822111.426],[404508.139,5822067.752],[404517.278313,5821984.682364],[404479.334,5821976.778],[404330.203,5821962.146],[404283.955,5821948.574],[404167.338,5821950.706],[404039.984,5821977.396],[403784.25699,5822019.522903],[403822.234,5821951.376],[403917.202,5821878.5],[404013.583,5821725.969],[404038.654,5821680.576],[404128.316,5821475.162],[404133.395,5821383.846],[404191.429,5821367.727],[404209.209,5821375.536],[404335.746,5821358.473],[404329.794,5821321.039],[404379.655,5821308.855],[404389.806,5821353.697],[404441.912,5821342.183],[404468.046,5821300.353],[404551.640129,5821224.978407],[404618.267,5821291.151],[404688.927,5821336.6],[404792.239,5821380.477],[404849.82,5821409.338],[405097.982,5821516.785],[405143.281,5821533.582]]]},"properties":{"PLR_ID":"10200420","PLR_NAME":"Gut Hellersdorf","BEZ":"10","STAND":"01.01.2021","GROESSE_M2":768070.915}},
{"type":"Feature","geometry":{"type":"Polygon","coordinates":[[[386563.544899,5822561.902867],[386547.932,5822386.371],[386550.958,5822376.715],[386679.095,5822216.208],[386625.576,5822194.028],[385470.469,5821953.207],[385539.81,5821621.351],[385563.562,5821571.632],[385570.427,5821534.604],[385595.21,5821534.842],[385843.18,5821581.42],[385875.896,5821583.438],[385843.642,5821547.884],[385859.523,5821491.256],[385811.658,5821449.82],[385820.048,5821420.942],[385588.213,5821354.708],[385787.564,5820315.408],[385864.013,5820247.248],[385932.452,5820328.92],[385928.771,5820435.553],[385948.643,5820546.617],[385991.705,5820623.622],[386023.682,5820655.081],[386079.387,5820689.689],[386117.176,5820703.439],[386245.187,5820719.182],[386323.893,5820708.215],[386375.874,5820686.878],[386458.311,5820634.473],[386491.508,5820605.523],[386607.868,5820470.975],[386652.382,5820498.803],[386641.385,5820515.243],[386670.79386,5820627.041468],[386546.266,5820682.016],[386435.902,5820750.081],[386286.432,5820816.31],[386349.125,5821047.911],[386353.614,5821081.493],[386358.148,5821545.264],[386603.406,5821614.331],[386639.586,5821617.093],[386639.545,5821643.842],[386853.104,5821615.64],[387106.219,5821649.381],[387203.067,5821681.165],[387377.415,5821738.413],[387663.974393,5821784.41417],[388532.292,5821923.872],[388542.201,5821901.785],[388597.005,5821934.26],[388766.972,5822058.746],[388830.988,5822112.122],[388817.7,5822130.35],[388619.85,5822222.3],[388488.3,5822285.65],[388372.5,5822316.45],[388291.9,5822315.7],[388234.25,5822304.5],[388062.05,5822248.1],[387962.4,5822231.15],[387883.1,5822235.3],[387733.581522,5822269.792656],[387423.4,5822348.15],[387344.15,5822373.2],[387055.95,5822512.6],[386990.373869,5822534.799283],[386888.65,5822544.05],[386675,5822527.45],[386618.45,5822535.3],[386563.544899,5822561.902867]]]},"properties":{"PLR_ID":"01200517","PLR_NAME":"Huttenkiez","BEZ":"01","STAND":"01.01.2021","GROESSE_M2":2484954.109}},
{"type":"Feature","geometry":{"type":"Polygon","coordinates":[[[385682.065,5819583.436],[385696.273,5819633.853],[385770.469,5819779.481],[385779.32,5819774.833],[385877.417,5819967.403],[385864.375,5819974.867],[385927.804,5820103.294],[385957.934,5820127.26],[385942.302,5820140.266],[385884.432,5820190.095],[385853.953,5820204.155],[385693.357,5820203.258],[385656.699,5820212.195],[385567.284,5820250.97],[385508.936,5820268.147],[385404.52,5820269.749],[385236.382,5820257.729],[385151.387,5820259.256],[385097.798,5820270.195],[385027.379,5820302.057],[384959.266,5820346.2],[384855.746,5820388.093],[384771.958,5820405.203],[384671.414,5820414.178],[384674.504,5820391.717],[384635.468,5820320.168],[384642.406,5820220.498],[384655.304,5820152.934],[384942.88,5819994.133],[384984.672,5819974.627],[385207.275,5819846.201],[385682.065,5819583.436]]]},"properties":{"PLR_ID":"04300619","PLR_NAME":"Alt-Lietzow","BEZ":"04","STAND":"01.01.2021","GROESSE_M2":536728.534}},
{"type":"Feature","geometry":{"type":"Polygon","coordinates":[[[388613.376,5812021.581],[388587.302,5812013.907],[388514.367,5812133.304],[388470.677,5812174.722],[388307.72,5812234.725],[388097.036,5812285.275],[388090.638,5812299.036],[387986.018,5812321.823],[387983.187,5812309.138],[387924.436,5812323.053],[387927.131,5812334.391],[387781.598,5812356.846],[387646.261,5812398.535],[387401.089,5812452.782],[387401.734,5812455.709],[387090.751,5812524.375],[387066.912,5812484.861],[387059.573,5812447.024],[387021.351,5812407.863],[387150.857,5812230.713],[387348.827594,5812058.290567],[387381.806,5812054.818],[387376.991,5812027.171],[387455.253,5811957.079],[387514.902,5811894.12],[387604.656,5811870.466],[387620.88,5811827.071],[387617.433,5811797.248],[387685.499,5811767.817],[387819.456,5811719.734],[387824.612986,5811708.525151],[387852.775,5811704.572],[388070.844,5811631.829],[388255.615,5811580.743],[388361.011,5811581.213],[388439.16,5811589.744],[388544.889,5811629.704],[388613.592,5811673.699],[388697.737,5811747.879],[388613.376,5812021.581]]]},"properties":{"PLR_ID":"06100205","PLR_NAME":"Südende","BEZ":"06","STAND":"01.01.2021","GROESSE_M2":850866.971}},
{"type":"Feature","geometry":{"type":"Polygon","coordinates":[[[385647.661,5819312.167],[385563.213,5818576.95],[385561.723,5818564.167],[385607.173,5818563.263],[385957.322,5818522.355],[386058.269,5818520.465],[386340.588,5818487.837],[386386.217,5818882.838],[386408.869,5818882.031],[386445.472,5818917.834],[386328.128,5819015.306],[386335.219,5819021.171],[386225.368,5819153.861],[386146.452,5819231.41],[385883.986,5819209.563],[385833.082,5819318.332],[385838.81,5819328.222],[385647.661,5819312.167]]]},"properties":{"PLR_ID":"04300624","PLR_NAME":"Savignyplatz","BEZ":"04","STAND":"01.01.2021","GROESSE_M2":534638.01}},
{"type":"Feature","geometry":{"type":"Polygon","coordinates":[[[405252.969,5822509.576],[405019.717,5822484.162],[404978.048,5822499.907],[404973.817,5822482.679],[404799.297095,5822525.942048],[404763.088,5822378.286],[404759.946,5822349.155],[404774.013,5822224.629],[404781.513,5822209.935],[404927.047,5822224.115],[404992.169,5822258.535],[405055.197399,5822264.873318],[405073.697,5822070.838],[405096.84,5821904.813],[405317.197,5821938.073],[405286.42,5822208.173],[405282.406,5822267.782],[405252.969,5822509.576]]]},"properties":{"PLR_ID":"10200419","PLR_NAME":"Havelländer Ring","BEZ":"10","STAND":"01.01.2021","GROESSE_M2":203550.57}},
{"type":"Feature","geometry":{"type":"Polygon","coordinates":[[[382063.21843,5818871.269017],[381976.861,5818938.727],[381883.606,5818998.697],[381877.078,5819008.231],[381792.113,5819000.367],[381509.337,5818664.387],[379411.833,5818504.676],[378806.715,5818438.1],[378783.875,5818422.305],[378626.992,5818401.801],[378638.833,5818444.963],[378609.973,5818447.022],[378483.895,5818482.161],[378167.752,5818316.174],[377752.859,5818163.071],[377489.699,5818154.077],[377248.57,5818041.669],[377119.245,5817919.135],[377085.922,5817634.723],[377085.598,5817406.738],[376946.034,5817218.394],[376876.021,5817006.727],[376907.441,5816765.149],[377080.447,5816449.885],[377099.813,5816258.529],[376890.528,5815822.525],[376948.866,5815312.433],[376934.118,5815062.73],[377322.037,5814969.526],[377365.695,5814956.325],[377412.109,5814985.307],[377506.797,5814993.172],[377531.733,5814973.558],[377569.641,5814913.603],[377578.645,5814880.734],[377570.057,5814812.556],[377576.256,5814770.592],[377600.074,5814731.783],[377659.568,5814702.962],[377709.202,5814707.076],[377773.242,5814731.012],[377838.169,5814820.915],[377883.138,5814852.185],[377974.898,5814884.772],[378080.152,5814887.853],[378172.341,5814862.053],[378256.272,5814827.825],[378350.363,5814802.617],[378422.42,5814789.318],[378510.338,5814756.593],[378569.959,5814768.939],[378629.806,5814763.849],[378698.452,5814794.511],[378856.21,5814824.129],[379051.743,5814809.832],[379101.031,5814811.513],[379198.945,5814799.564],[379333.617,5814800.821],[379347.368,5814796.799],[379466.342,5814809.529],[379552.71,5814833.426],[379682.03,5814844.805],[379786.328,5814870.841],[379871.995,5814869.651],[380033.852,5814794.939],[380115.693,5814741.811],[380257.674,5814705.239],[380333.98,5814681.816],[380334.97,5814684.528],[380351.867,5814708.266],[380366.375,5814696.3],[380388.016,5814723.789],[380366.727,5814740.244],[380545.91,5814960.619],[380599.697,5815008.906],[380633.795,5815069.058],[380812.875,5815286.474],[380817.483,5815282.697],[380943.099,5815406.829],[381097.669,5815532.475],[381190.785,5815624.681],[381359.296,5815827.339],[381413.866,5815911.854],[381513.654,5816123.693],[381555.825,5816218.934],[381604.273,5816300.755],[381612.388,5816351.332],[381660.194,5816447.456],[381682.173736,5816479.655095],[381607.220818,5816541.189282],[381897.945,5816899.1],[381970.141,5816839.934],[382038.449,5816893.682],[382091.036,5816948.868],[382103.098,5816937.439],[382129.327,5816961.159],[382189.577,5817042.288],[382262.455,5817173.314],[382383.211,5817379.574],[382476.279,5817499.617],[382591.69,5817641.963],[382686.831,5817743.767],[382733.716,5817772.013],[382727.717,5817798.885],[382868.345,5817864.356],[382811.079,5817849.167],[382776.15,5817853.311],[382686.482,5817884.174],[382685.605,5817895.92],[382580.298,5817945.15],[382474.013,5818010.828],[382428.409,5818057.292],[382365.895,5818141.536],[382338.239,5818190.049],[382295.096,5818303.397],[382269.044,5818400.362],[382223.366,5818616.071],[382191.637,5818710.801],[382165.834,5818758.094],[382119.34,5818819.347],[382063.21843,5818871.269017]]]},"properties":{"PLR_ID":"04200207","PLR_NAME":"Eichkamp","BEZ":"04","STAND":"01.01.2021","GROESSE_M2":17440826.47}},
{"type":"Feature","geometry":{"type":"Polygon","coordinates":[[[390551.981,5817048.173],[390511.928,5816916.886],[390474.151,5816759.717],[390451.421,5816620.27],[390437.324,5816475.26],[390430.889,5816313.091],[390424.984,5816299.559],[390965.486,5816281.392],[390960.451,5816096.033],[390987.33,5816086.88],[391366.606,5816064.831],[391382.103,5816054.258],[391468.349,5816036.29],[391583.336,5816003.241],[391782.526,5815929.353],[391812.286,5816190.835],[391825.086,5816240.878],[391844.267,5816276.24],[391938.158,5816412.363],[391899.116,5816561.953],[391887.14,5816592.598],[391863.515,5816579.628],[391718.861,5816586.066],[391720.949,5816634.965],[391108.673,5816852.881],[390551.981,5817048.173]]]},"properties":{"PLR_ID":"02200211","PLR_NAME":"Chamissokiez","BEZ":"02","STAND":"01.01.2021","GROESSE_M2":977101.699}},
{"type":"Feature","geometry":{"type":"Polygon","coordinates":[[[392536.167,5823833.436],[392367.286,5823854.503],[391966.234,5823900.786],[391886.660215,5823377.485792],[392112.032,5823393.434],[392186.501,5823390.605],[392419.784,5823350.63],[392416.042,5823321.619],[392464.444,5823314.066],[392464.762,5823316.587],[392505.993,5823636.255],[392536.167,5823833.436]]]},"properties":{"PLR_ID":"03601141","PLR_NAME":"Arnimplatz","BEZ":"03","STAND":"01.01.2021","GROESSE_M2":286789.929}},
{"type":"Feature","geometry":{"type":"Polygon","coordinates":[[[399921.639,5817047.063],[399816.598,5817323.968],[399815.966,5817356.439],[399787.633,5817406.014],[399779.321,5817457.523],[399750.277,5817538.211],[399740.147,5817534.707],[399697.896,5817651.787],[399684.274,5817701.828],[399641.221,5817931.799],[399626.304,5817970.823],[399591.339,5818171.591],[399558.167,5818285.333],[399552.488,5818325.329],[399483.821,5818305.326],[399288.428,5818304.684],[399144.407,5818293.388],[399108.048,5818280.457],[399241.212,5818066.807],[399270.84,5817956.776],[399275.589,5817866.681],[399265.474,5817774.933],[399272.562,5817750.393],[399257.72,5817652.097],[399224.245,5817620.469],[399216.57,5817595.736],[399236.711,5817589.668],[399211.979969,5817512.556704],[399227.99775,5817486.81676],[399201.964632,5817402.281268],[399269.295,5817382.895],[399225.624,5817239.248],[399175.354,5817219.943],[399172.179,5817197.926],[399110.476244,5817173.827573],[399173.03,5817021.424],[399185.849,5817002.004],[399240.09,5816855.12],[399265.867784,5816800.583148],[399875.022,5817032.906],[399916.811,5817044.923],[399921.639,5817047.063]]]},"properties":{"PLR_ID":"11401137","PLR_NAME":"Erieseering","BEZ":"11","STAND":"01.01.2021","GROESSE_M2":718030.243}},
{"type":"Feature","geometry":{"type":"Polygon","coordinates":[[[400410.187,5821958.658],[400353.568,5821938.291],[400342.185,5821944.12],[400218.483,5821895.018],[400154.09,5821875.222],[400044.861,5821820.566],[399870.814,5821729.7],[399739.485,5821687.448],[399560.917,5821667.188],[399566.568,5821654.142],[399405.3,5821639.192],[399483.936,5821458.486],[399517.055,5821342.086],[399527.539,5821135.285],[399536.354,5820903.435],[399540.417,5820698.765],[399535.695,5820587.697],[399546.826,5820552.618],[399552.105,5820334.312],[399520.02,5819863.611],[399507.167,5819733.723],[399483.435,5819289.42],[399474.025,5819300.146],[399469.468,5819230.808],[399520.822,5819242.563],[399520.333,5819228.061],[399704.699,5819218.112],[399818.754,5819223.911],[399888.913,5819209.058],[400194.713,5819202.065],[400379.605,5819188.196],[400438.48,5819178.806],[400515.964,5819177.333],[400593.572,5819148.209],[400671.129,5819091.71],[400711.887,5819045.059],[400755.34,5818968.19],[400770.648,5818890.887],[400769.755,5818761.733],[400794.397,5818758.479],[401181.27536,5818723.8601],[401200.005006,5818853.910508],[401211.630138,5818891.198],[401225.296785,5819000.482562],[401253.562,5819185.456],[401286.798,5819395.065],[401302.174368,5819459.026081],[401268.251,5819462.387],[401272.541,5819501.078],[401266.534,5819585.606],[401247.429,5819678.977],[401196.227,5819797.877],[401160.736,5819853.551],[400993.912,5820064.104],[400925.653,5820168.255],[400883.329,5820253.044],[400836.511,5820378.637],[400792.424,5820560.84],[400752.145,5820743.144],[400739.046,5820837.976],[400732.732,5820945.289],[400730.504,5821093.264],[400734.748,5821239.881],[400742.599,5821345.373],[400762.891,5821517.154],[400778.598,5821606.961],[400810.645,5821747.132],[400820.759,5821766.189],[400865.689,5821974.197],[400859.448,5822004.991],[400812.737079,5822010.524987],[400860.312434,5822096.342949],[400865.602,5822105.924],[400718.251,5822065.667],[400644.491,5822034.768],[400410.187,5821958.658]]]},"properties":{"PLR_ID":"10100311","PLR_NAME":"Marzahner Chaussee","BEZ":"10","STAND":"01.01.2021","GROESSE_M2":3993423.949}},
{"type":"Feature","geometry":{"type":"Polygon","coordinates":[[[396649.35,5813149.95],[396382.536252,5813165.05],[396382.575,5813158.828],[396166.869,5813173.777],[395185.846,5813236.741],[395161.197,5813223.001],[395197.595,5813129.928],[395293.115,5812926.811],[395447.215,5812527.218],[395467.048,5812497.474],[395541.688,5812326.341],[395555.356,5812321.062],[395583.719,5812264.018],[395622.489,5812206.866],[395665.256,5812157.438],[395759.329,5812066.538],[396242.881,5811665.455],[396426.016,5811514.579],[396463.508,5811495.928],[396562.693,5811412.48],[396597.49,5811370.953],[396627.838,5811347.309],[396966.258,5811064.904],[397282.833,5811376.534],[397278.91,5811380.153],[397358.421,5811484.114],[397417.451,5811442.088],[397569.73,5811656.018],[397592.485,5811632.946],[397877.731,5811993.023],[397489.902,5812185.696],[397403.832,5812233.784],[397286.752,5812318.83],[397143.867,5812382.017],[397077.671,5812399.066],[396935.448654,5812405.292454],[396871.862,5812420.301],[396801.087,5812469.227],[396662.136,5812637.959],[396662.623,5812652.809],[396451.112,5812846.653],[396421.537,5812876.326],[396515.461,5812973.42],[396644.457,5813130.392],[396649.35,5813149.95]]]},"properties":{"PLR_ID":"09100306","PLR_NAME":"Späthsfelde","BEZ":"09","STAND":"01.01.2021","GROESSE_M2":2722772.522}},
{"type":"Feature","geometry":{"type":"Polygon","coordinates":[[[392091.513,5826068.392],[392145.736,5825875.887],[392153.938,5825865.153],[392184.653,5825755.672],[392303.557,5825782.088],[392365.378,5825802.678],[392565.921,5825877.856],[392843.219,5826186.706],[392862.122,5826174.77],[393324.376,5826318.512],[393331.18411,5826304.86037],[393435.150522,5826337.178971],[393496.422,5826387.781],[393508.465,5826413.229],[393566.585,5826493.815],[393586.536383,5826530.527229],[393580.032,5826655.8],[393580.643,5826724.863],[393605.298,5826844.235],[393629.628,5826905.118],[393682.506,5826994.693],[393691.162,5826975.708],[393711.963,5827009.479],[393731.613,5827048.599],[393785.400979,5827128.308984],[393756.351746,5827147.911997],[393694.145,5827083.749],[393645.241,5827061.177],[393510.394,5827053.798],[393516.73,5826963.07],[393527.066,5826895.504],[393312.809,5826815.38],[392915.35,5826617.148],[392860.706,5826588.541],[392670.875,5826575.006],[392618.551505,5826564.145776],[392531.53,5826524.663],[392418.578,5826456.738],[392369.015,5826411.561],[392347.261,5826368.628],[392214.076,5826203.024],[392148.321,5826140.298],[392111.768,5826077.445],[392091.513,5826068.392]]]},"properties":{"PLR_ID":"03400724","PLR_NAME":"Wolfshagener Straße","BEZ":"03","STAND":"01.01.2021","GROESSE_M2":770100.486}},
{"type":"Feature","geometry":{"type":"Polygon","coordinates":[[[389526.495,5820432.528],[389533.552,5820519.899],[389536.092,5820656.699],[389487.966,5820706.864],[389493.504,5820846.842],[389647.944,5820842.834],[389680.056,5820883.823],[389683.328,5820933.838],[389666.951103,5820996.627322],[389490.384,5820912.389],[389464.672,5820915.888],[389278.6,5820827.255],[389239.987,5820802.242],[389122.107,5820746.109],[389103.94,5820728.297],[388709.618,5820539.034],[388635.327,5820555.445],[388512.717782,5820572.90291],[388503.623,5820527.994],[388405.301259,5820102.630629],[388329.402,5820099.766],[388052.028705,5820137.363072],[388067.391903,5820116.993602],[388141.9,5820039.95],[388203.05,5819991.5],[388287.7,5819911.55],[388349.1,5819862.65],[388402.7,5819835.7],[388503.35,5819818.8],[388610.95,5819836.15],[388708.3,5819870.75],[388754.85,5819900.45],[388861.05,5820002.7],[388905.05,5820029.7],[388989.4,5820063.9],[389072.45,5820086.05],[389098.1,5820108.25],[389218.6,5820169.45],[389265.8,5820208.9],[389300.1,5820250.5],[389369.301,5820353.71],[389422.431,5820401.631],[389489.9,5820427.669],[389526.495,5820432.528]]]},"properties":{"PLR_ID":"01200628","PLR_NAME":"Lüneburger Straße","BEZ":"01","STAND":"01.01.2021","GROESSE_M2":745610.394}},
{"type":"Feature","geometry":{"type":"Polygon","coordinates":[[[396225.19,5809511.045],[396778.747,5809474.82],[396832.567,5809490.335],[396988.822,5809297.135],[396988.737,5809284.758],[397023.73,5809326.07],[397802.524,5810265.428],[397861.584,5810322.04],[397857.101,5810324.505],[397827.774,5810362.909],[397693.356,5810474.392],[397650.608,5810496.923],[397312.502,5810777.981],[397285.468,5810812.871],[397007.062,5811043.71],[396966.258,5811064.904],[396627.838,5811347.309],[396597.49,5811370.953],[396567.173,5811334.602],[396553.471,5811345.542],[396456.474,5811204.189],[396387.513,5811088.051],[396323.553,5810988.826],[396242.544,5810873.746],[396023.144,5810563.295],[395962.088,5810495.292],[395951.771,5810504.836],[395917.04,5810479.95],[395945.957,5810452.622],[396138.425,5810318.216],[396116.9,5810286.829],[396126.946,5810278.698],[396088.913,5810228.387],[396113.857,5810224.442],[396134.569,5810188.871],[396186.414,5810230.453],[396303.505,5810135.797],[396247.905,5810084.049],[396282.316,5810046.869],[396305.813,5810068.829],[396424.147,5809929.234],[396219.574,5809806.514],[396245.917,5809762.058],[396229.9,5809752.613],[396240.835,5809675.082],[396230.507,5809515.703],[396225.19,5809511.045]]]},"properties":{"PLR_ID":"08401241","PLR_NAME":"Blumenviertel","BEZ":"08","STAND":"01.01.2021","GROESSE_M2":2120024.309}},
{"type":"Feature","geometry":{"type":"Polygon","coordinates":[[[383930.735876,5817409.067133],[383906.069,5817392.056],[383752.646,5817410.156],[383649.536,5817444.571],[383656.751,5817489.416],[383586.062,5817495.27],[383540.472,5817566.424],[383519.908,5817642.889],[383449.138,5817789.014],[383357.533,5817729.04],[383360.095,5817712.343],[383177.065,5817564.044],[383163.247,5817581.965],[383064.109,5817511.756],[382873.246,5817410.182],[382797.376,5817360.538],[382538.189,5817151.701],[382480.109,5817107.889],[382419.247,5817050.34],[382453.961,5816977.534],[382304.999,5816857.135],[382090.598,5816730.652],[382226.276,5816638.167],[382282.416,5816651.244],[382384.726,5816724.683],[382502.547,5816818.02],[382510.964,5816809.339],[382656.415,5816594.248],[382751.69,5816639.977],[382791.044844,5816678.607037],[382969.654,5816569.657],[383355.513,5816250.426],[383372.487,5816238.683],[383488.368,5816389.094],[383513.132,5816392.378],[383507.284,5816422.442],[383516.967,5816550.108],[383584.817,5816546.859],[383851.35,5816508.398],[383871.187,5816503.291],[383965.973,5817348.504],[383969.491,5817363.025],[383930.735876,5817409.067133]]]},"properties":{"PLR_ID":"04400726","PLR_NAME":"Bismarckallee","BEZ":"04","STAND":"01.01.2021","GROESSE_M2":1428438.058}},
{"type":"Feature","geometry":{"type":"Polygon","coordinates":[[[383145.952,5832019.311],[383077.712,5832071.643],[382995.434,5832085.511],[382907.792,5832086.579],[382785.337,5832076.066],[382753.079,5832078.658],[382715.785,5832103.141],[382619.395,5832113.5],[382562.993,5832139.027],[382515.089,5832177.847],[382461.566,5832214.294],[382390.608,5832231.995],[382344.675,5832255.329],[382251.37,5832282.125],[382028.562,5832278.941],[381938.121,5832262.895],[381838.521,5832261.033],[381772.187,5832249.107],[381670.324,5832247.628],[381494.653,5832270.704],[381417.42,5832252.497],[381286.427,5832254.622],[381215.08,5832288.14],[381171.243,5832321.283],[381101.96,5832359.771],[381020.254,5832372.877],[380898.699,5832330.806],[380856.858,5832325.433],[380714.717,5832324.482],[380592.115,5832328.747],[380426.133,5832306.258],[380226.33,5832292.015],[380071.266,5832313.137],[380013.782,5832325.261],[379961.985,5832346.544],[379924.892,5832351.53],[379922.84,5832397.096],[379872.303,5832414.219],[379882.802,5832391.428],[379839.114,5832406.719],[379927.239,5832234.842],[379981.172,5832154.319],[379999.84,5832149.236],[380107.851,5832005.544],[380218.118,5831868.131],[380349.03,5831720.065],[380532.82,5831500.606],[380533.313,5831486.578],[380545.588,5831466.415],[380718.479,5831261.153],[380744.481,5831235.089],[380922.485,5831021.071],[380915.242624,5831023.510777],[381014.57,5830903.453],[381017.391,5830905.599],[381184.255,5830694.787],[381283.059,5830577.608],[381483.993,5830359.759],[381761.329441,5830034.571091],[381818.316,5829982.386],[381875.644,5829943.83],[381990.616,5829891.181],[382068.306,5829868.823],[382144.606,5829834.391],[382162.542,5829876.943],[382259.892,5830069.958],[382159.902,5830135.823],[381896.833,5830292.128],[381803.116,5830358.434],[381654.933,5830470.71],[381413.046,5830623.469],[381700.607,5830855.953],[382702.737,5831656.105],[383145.952,5832019.311]]]},"properties":{"PLR_ID":"12400618","PLR_NAME":"Heiligensee Nord","BEZ":"12","STAND":"01.01.2021","GROESSE_M2":3247148.021}},
{"type":"Feature","geometry":{"type":"Polygon","coordinates":[[[395272.381,5820915.868],[395402.456,5820705.473],[395464.61,5820633.944],[395541.062,5820578.668],[395708.432,5820488.091],[395928.976,5820434.174],[396034.024596,5820387.352704],[396036.779957,5820392.622896],[395971.866,5820426.855],[395983.543,5820451.059],[396010.143,5820549.186],[396016.217,5820552.145],[396084.478,5820776.538],[396117.745,5820773.36],[396134.013,5820827.752],[396109.008,5820831.477],[396121.731,5820874.367],[395620.646,5821026.849],[395578.731,5821030.958],[395281.882,5820930.136],[395272.381,5820915.868]]]},"properties":{"PLR_ID":"11300618","PLR_NAME":"Storkower Bogen","BEZ":"11","STAND":"01.01.2021","GROESSE_M2":321189.597}},
{"type":"Feature","geometry":{"type":"Polygon","coordinates":[[[386306.671,5813472.662],[386153.738,5813565.602],[386205.138579,5813650.978662],[385498.753,5814082.248],[385370.355,5813872.044],[385703.148,5813670.811],[385712.284,5813656.438],[385658.227,5813556.642],[385569.027,5813401.789],[385782.871,5813264.654],[385923.395899,5813190.808024],[385826.506,5813029.785],[385805.931,5812974.454],[385764.612821,5812893.041426],[385731.343,5812874.231],[385769.488,5812812.55],[385782.853,5812777.099],[385810.233,5812807.196],[385832.924,5812769.418],[385938.767,5812894.637],[386043.06215,5813012.023748],[386139.709,5812948.013],[386209.333,5813032.534],[386224.467,5813021.842],[386284.562,5813127.567],[386157.182,5813133.418],[386129.046,5813096.705],[386049.343,5813138.52],[386045.117,5813151.617],[386177.385,5813318.313],[386193.206,5813316.545],[386306.671,5813472.662]]]},"properties":{"PLR_ID":"06100102","PLR_NAME":"Schloßstraße","BEZ":"06","STAND":"01.01.2021","GROESSE_M2":488811.665}},
{"type":"Feature","geometry":{"type":"Polygon","coordinates":[[[393682.421,5821819.215],[393439.335,5821491.209],[393058.441,5820977.66],[393127.764,5820959.988],[393157.642,5820942.685],[394005.982,5821085.911],[394060.416,5821001.549],[394090.046,5820998.389],[394334.834,5821243.217],[394320.551,5821255.238],[394273.412,5821329.958],[394253.002,5821357.5],[393724.141,5821793.056],[393682.421,5821819.215]]]},"properties":{"PLR_ID":"03701660","PLR_NAME":"Bötzowstraße","BEZ":"03","STAND":"01.01.2021","GROESSE_M2":570547.019}},
{"type":"Feature","geometry":{"type":"Polygon","coordinates":[[[387454.121,5824351.091],[387682.566,5824508.549],[387718.76,5824473.153],[387917.953,5824679.955],[388031.53,5824792.105],[388067.516,5824837.177],[387286.646,5825120.598],[386950.403,5824840.283],[387454.121,5824351.091]]]},"properties":{"PLR_ID":"01400941","PLR_NAME":"Londoner Straße","BEZ":"01","STAND":"01.01.2021","GROESSE_M2":450348.205}},
{"type":"Feature","geometry":{"type":"Polygon","coordinates":[[[394387.114,5816119.127],[394503.989,5816258.349],[394677.299,5816443.648],[394664.906,5816446.563],[394538.447,5816557.528],[394377.398,5816394.325],[394058.264,5816673.96],[394054.974,5816646.085],[394097.662,5816433.777],[394118.312,5816377.372],[394140.438,5816342.334],[394184.530725,5816295.372696],[394387.114,5816119.127]]]},"properties":{"PLR_ID":"08100313","PLR_NAME":"Bouchéstraße","BEZ":"08","STAND":"01.01.2021","GROESSE_M2":140057.883}},
{"type":"Feature","geometry":{"type":"Polygon","coordinates":[[[391774.528,5822342.436],[391729.113,5822322.541],[391236.406,5822107.787],[391204.053,5822097.635],[391298.193,5821884.826],[391377.658,5821488.686],[391410.006,5821498.776],[391414.612,5821459.265],[391546.912,5821191.914],[391581.309,5821177.016],[391710.772,5821186.263],[391842.745,5821146.236],[391879.016,5821250.048],[391872.978,5821269.718],[391906.321,5821443.278],[392041.724,5821662.942],[391983.984,5821702.259],[391859.947,5822130.506],[391808.845,5822317.914],[391774.528,5822342.436]]]},"properties":{"PLR_ID":"01100416","PLR_NAME":"Arkonaplatz","BEZ":"01","STAND":"01.01.2021","GROESSE_M2":602000.541}},
{"type":"Feature","geometry":{"type":"Polygon","coordinates":[[[392393.861,5818354],[392414.718,5818379.721],[392595.618,5818292.718],[392639.211,5818386.1],[392688.825,5818389.706],[392723.385,5818454.493],[392865.281,5818387.66],[392924.741,5818377.801],[393006.432,5818376.109],[393096.854,5818394.104],[393156.513,5818420.047],[393217.684,5818460.33],[393250.717,5818444.863],[393366.001,5818699.815],[393380.48,5818705.688],[393407.192,5818764.837],[393390.983438,5818796.484977],[393338.844,5818822.033],[393319.478,5818845.721],[393082.716,5819082.959],[392993.723,5819164.207],[392966.814,5819182.549],[392920.08,5819203.147],[392844.621,5819251.758],[392847.132,5819265.785],[392645.199049,5819379.974711],[392641.121,5819353.351],[392591.36,5819203.335],[392539.522,5819035.282],[392204.081,5818370.519],[392355.808,5818283.27],[392393.861,5818354]]]},"properties":{"PLR_ID":"01100313","PLR_NAME":"Heine-Viertel Ost","BEZ":"01","STAND":"01.01.2021","GROESSE_M2":718064.233}},
{"type":"Feature","geometry":{"type":"Polygon","coordinates":[[[384699.965,5832140.171],[384750.088,5832145.206],[384875.742,5832147.391],[384961.909,5832135.044],[385113.111,5832152.379],[385109.532,5832192.946],[385144.393,5832216.415],[385265.774,5832258.511],[385374.235,5832317.329],[385542.146,5832360.659],[385598.979,5832395.194],[385639.19,5832453.518],[385599.43,5832464.235],[385606.948,5832521.121],[385634.805,5832521.802],[385612.68,5832628.455],[385607.084,5832693.89],[385583.043,5832765.82],[385533.659,5832853.322],[385483.648,5832967.039],[385379.859,5833180.184],[385354.601,5833277.848],[385441.557,5833297.31],[385427.526,5833424.219],[385393.318,5833527.613],[385463.428,5833535.073],[385462.243,5833581.74],[385507.724,5833579.362],[385527.736,5833594.484],[385523.799,5833654.143],[385579.031,5833729.193],[385575.095,5833782.614],[385596.362,5833787.581],[385588.04,5833864.25],[385613.731,5833869.423],[385602.796,5834005.556],[385550.426,5833992.109],[385329.606,5834457.084],[385034.618,5835082.683],[385692.075,5835497.012],[385669.976,5835497.054],[385631.526,5835547.314],[385601.654,5835569.631],[385615.474,5835593.486],[385538.621,5835674.359],[385503.001,5835751.969],[385297.234,5835731.253],[385191.286,5835713.194],[385059.023,5835726.254],[384718.045,5835735.213],[384594.257,5835744.882],[384358.783,5835805.836],[384228.565,5835821.094],[384193.556,5835807.151],[384038.492,5835866.166],[383895.686,5835897.253],[383859.274,5835915.521],[383779.956,5835028.771],[383997.628,5835009.603],[383986.842,5834838.77],[383950.516,5834533.936],[383926.256,5834546.091],[383946.912,5834490.128],[383936.779,5834339.997],[383909.948,5834091.114],[383881.844,5833792.24],[383879.258,5833731.603],[383875.992,5833691.319],[383882.976,5833537.276],[383901.43,5833435.211],[383928.902,5833336.254],[383968.824,5833240.979],[384035.613,5833103.606],[384061.55,5833058.414],[384170.698,5832890.716],[384212.225,5832831.908],[384217.62,5832803.918],[384249.376,5832779.094],[384407.292,5832555.445],[384528.408,5832371.391],[384575.233,5832319.164],[384699.965,5832140.171]]]},"properties":{"PLR_ID":"12400721","PLR_NAME":"Frohnau Ost","BEZ":"12","STAND":"01.01.2021","GROESSE_M2":5090010.815}},
{"type":"Feature","geometry":{"type":"Polygon","coordinates":[[[387203.067,5821681.165],[387106.219,5821649.381],[386853.104,5821615.64],[386639.545,5821643.842],[386639.586,5821617.093],[386634.606,5821612.838],[386635.587,5821057.409],[386628.595,5820991.097],[387078.101096,5820911.616735],[387117.703,5821138.84],[387142.431,5821318.546],[387200.183,5821653.092],[387203.067,5821681.165]]]},"properties":{"PLR_ID":"01200519","PLR_NAME":"Emdener Straße","BEZ":"01","STAND":"01.01.2021","GROESSE_M2":347156.033}},
{"type":"Feature","geometry":{"type":"Polygon","coordinates":[[[391394.294,5824374.355],[391496.446,5824526.757],[391786.72,5824791.888],[391882.846,5824885.041],[392026.298,5825018.011],[391997.467,5825075.279],[391964.876,5825157.964],[391826.541,5825476.607],[391797.492,5825538.343],[391766.213,5825583.542],[391724.971,5825568.682],[391662.932,5825566.657],[391502.597,5825711.11],[391474.457,5825684.179],[391468.126,5825572.92],[391362.517,5825579.122],[391359.992,5825540.177],[391340.785,5825515.552],[391030.059,5825464.412],[390812.827,5825369.672],[390796.802,5825341.204],[390804.913,5825323.938],[390918.399,5825212.391],[390923.351,5825187.206],[390965.752,5825166.717],[391083.545,5825050.912],[391154.746,5824944.867],[391200.362,5824864.529],[391265.615,5824737.306],[391291.842,5824653.911],[391304.968,5824581.886],[391337.659,5824340.26],[391394.294,5824374.355]]]},"properties":{"PLR_ID":"03400721","PLR_NAME":"Florakiez","BEZ":"03","STAND":"01.01.2021","GROESSE_M2":794219.102}},
{"type":"Feature","geometry":{"type":"Polygon","coordinates":[[[389423.225,5816224.576],[390421.068,5816192.502],[390424.984,5816299.559],[390430.889,5816313.091],[390437.324,5816475.26],[390451.421,5816620.27],[390474.151,5816759.717],[390511.928,5816916.886],[390551.981,5817048.173],[390262.891,5817145.793],[390228.208,5817131.834],[389964.376189,5817001.81508],[389805.754,5816923.826],[389767.709,5816938.128],[389702.206,5816830.962],[389694.482,5816717.148],[389648.995,5816712.424],[389564.359,5816558.716],[389561.47,5816532.513],[389606.284,5816527.631],[389604.555,5816466.148],[389590.234,5816245.198],[389428.805,5816250.378],[389423.225,5816224.576]]]},"properties":{"PLR_ID":"02200209","PLR_NAME":"Viktoriapark","BEZ":"02","STAND":"01.01.2021","GROESSE_M2":693579.377}},
{"type":"Feature","geometry":{"type":"Polygon","coordinates":[[[375091.835,5812923.216],[375382.201,5813117.228],[375713.513,5813343.954],[376158.866,5813310.52],[376427.582,5813716.414],[376713.69,5814037.982],[376794.113,5814376.453],[376815.023,5814477.056],[376380.389,5814565.598],[376345.388612,5814494.627558],[376343.431256,5814455.969781],[376361.298101,5814353.268814],[376383.780693,5814319.445171],[376353.772,5814183.228],[376351.523747,5814104.754399],[376320.508068,5814058.915191],[376298.334897,5814055.703905],[376288.3952,5814025.273139],[376226.157403,5814023.438118],[376217.899808,5813995.759884],[376180.97001,5814001.37199],[376111.378748,5813963.224578],[376043.903495,5813938.566483],[375999.612586,5813911.593585],[375866.920016,5813844.905623],[375824.561614,5813818.833033],[375793.595634,5813828.390434],[375730.05803,5813821.126809],[375687.011495,5813799.259475],[375621.63887,5813806.293722],[375611.393336,5813794.595463],[375504.910477,5813774.68026],[375438.849719,5813780.552327],[375360.371,5813774.174],[375228.516,5813700.034],[375220.065513,5813703.154644],[375122.078478,5813527.890895],[375113.081619,5813474.639014],[375071.640727,5813444.590545],[375009.32647,5813356.585994],[374937.531272,5813267.64864],[374878.73414,5813252.739094],[374854.037815,5813220.310832],[374828.852078,5813212.18921],[374793.571,5813258.931],[374771.536,5813241.858],[374673.133,5813309.554],[374553.154,5813229.242],[374553.174,5813273.993],[374566.091,5813325.486],[374672.516,5813522.406],[374691.937,5813619.708],[374718.107,5813677.638],[374556.095999,5813794.222732],[374629.563,5813861.644],[374435.922,5813997.149],[374554.8,5814154.913],[374336.693,5814310.567],[374315.12,5814280.569],[373805.415,5814632.644],[373621.397,5814444.076],[373389.818,5814216.56],[373292.317,5814284.123],[373272.403,5814176.848],[373300.054,5814161.172],[373297.028,5814139.331],[373358.485,5814089.852],[373276.214,5813956.552],[373349.627,5813876.548],[373494.44,5813662.658],[373509.663,5813654.357],[373552.506,5813580.955],[373679.032,5813397.882],[373732.385,5813333.941],[373809.37,5813279.359],[373868.203,5813224.115],[373918.696,5813200.976],[373899.423,5813122.63],[373867.358989,5813073.346902],[373835.374,5813064.676],[373862.968,5813052.772],[373933.126,5813004.366],[373877.704,5812851.522],[373855.669,5812767.69],[373819.499,5812741.624],[373650.085,5812655.251],[373647.549,5812660.467],[373539.292,5812609.354],[373445.547,5812548.208],[373273.739,5812414.97],[373176.931,5812382.542],[373019.004,5812263.498],[372965.156,5812235.446],[372807.769,5812182.659],[372704.269,5812101.117],[372666.013,5812063.404],[372613.804,5812065.632],[372552.328,5812090.486],[372491.622,5812019.565],[372463.826,5812002.538],[372297.002,5811921.546],[372252.124,5811923.364],[372199.066,5811949.64],[372158.826,5811957.315],[372211.725,5811809.588],[372423.056,5811591.956],[372493.98,5811708.201],[372683.089,5811755.587],[372761.66,5811733.084],[372860.352,5811769.198],[372950.531,5811778.475],[373012.027,5811742.109],[373120.058,5811849.066],[373312.408,5811876.63],[374160.111,5811965.522],[374576.732,5812313.606],[374818.5,5812617.012],[375082.39,5812916.905],[375091.835,5812923.216]]]},"properties":{"PLR_ID":"05400944","PLR_NAME":"Kladower Damm","BEZ":"05","STAND":"01.01.2021","GROESSE_M2":4312179.525}},
{"type":"Feature","geometry":{"type":"Polygon","coordinates":[[[395728.233,5819393.144],[395515.796,5819432.504],[395477.724,5819435.938],[395063.336159,5819514.459849],[395014.649317,5819358.435967],[395141.578,5819296.044],[395314.952,5819193.367],[395349.187,5819176.646],[395582.276,5819105.22],[395599.439,5819096.125],[395607.07,5819118.247],[395728.233,5819393.144]]]},"properties":{"PLR_ID":"02500830","PLR_NAME":"Niederbarnimstraße","BEZ":"02","STAND":"01.01.2021","GROESSE_M2":165471.669}},
{"type":"Feature","geometry":{"type":"Polygon","coordinates":[[[390960.051,5811228.946],[390973.108,5811269.654],[391208.977,5811621.069],[391473.869,5812018.6],[391835.892,5812571.075],[391794.504,5812574.209],[391654.285,5812600.512],[391596.782,5812605.884],[391223.107,5812627.266],[391027.91,5812642.117],[390799.47,5812649.261],[390732.595,5812655.022],[390708.639,5812684.293],[390624.184,5812671.181],[390529.193,5812678.338],[390447.299,5812660.995],[390241.757,5812632.56],[390239.195,5812600.129],[390257.005,5812393.026],[390263.076,5812263.101],[390319.815,5811656.888],[390326.703,5811568.931],[390387.794905,5811247.399437],[390586.887,5811292.909],[390697.158,5811295.043],[390802.505,5811286.708],[390888.347,5811227.375],[390960.051,5811228.946]]]},"properties":{"PLR_ID":"07501031","PLR_NAME":"Eisenacher Straße","BEZ":"07","STAND":"01.01.2021","GROESSE_M2":1542267.734}},
{"type":"Feature","geometry":{"type":"Polygon","coordinates":[[[396201.276,5808821.886],[396433.979,5808800.045],[396484.483,5808798.906],[396544.163,5808808.671],[396631.54,5808847.877],[396688.759,5808923.332],[396988.737,5809284.758],[396988.822,5809297.135],[396832.567,5809490.335],[396778.747,5809474.82],[396225.19,5809511.045],[396226.846,5809470.898],[396186.576,5809272.182],[396177.858,5809190.245],[396165.582,5808981.487],[396167.548,5808938.867],[396201.794,5808845.423],[396201.276,5808821.886]]]},"properties":{"PLR_ID":"08301037","PLR_NAME":"Gropiusstadt Süd-Ost","BEZ":"08","STAND":"01.01.2021","GROESSE_M2":437939.506}},
{"type":"Feature","geometry":{"type":"Polygon","coordinates":[[[388166.297,5829792.842],[387873.06,5829699.525],[387837.696,5829727.526],[387701.066,5829880.847],[387703.298,5829893.054],[387618.563,5829985.921],[387552.882,5829990.342],[387507.729,5829963.784],[387472.412,5829910.261],[387427.801,5829876.963],[387390.615,5829775.209],[387357.875,5829736.775],[387211.539,5829666.932],[387106.185,5829661.94],[387084.813,5829683.907],[387057.111,5829685.712],[386969.057,5829711.323],[386920.691,5829739.163],[386897.777,5829742.019],[386846.731,5829720.003],[386817.073,5829681.251],[386852.025,5829640.227],[386812.534,5829604.668],[386776.392,5829646.432],[386667.139,5829701.064],[386627.198,5829747.26],[386599.83,5829745.117],[386510.359,5829758.416],[386416.953883,5829708.452297],[386412.1,5829705.813],[386469.287,5829613.99],[386583.51,5829442.867],[386625.433,5829390.152],[386763.645,5829184.954],[386880.562,5829073.345],[387041.464,5828912.882],[387063.449,5828883.276],[387090.641,5828888.177],[387169.595,5828807.85],[387164.914,5828804.069],[387285.298,5828691.304],[387315.456,5828670.062],[387335.651,5828690.389],[387313.941,5828738.855],[387452.142,5828917.066],[387507.581,5828962.228],[387513.599,5828947.417],[387558.06,5828997.817],[387642.187,5829073.749],[387744.985,5829154.885],[387924.362,5829254.061],[388090.758,5829340.585],[388138.591,5829380.353],[388172.281,5829423.039],[388205.524,5829492.746],[388217.107,5829546.221],[388218.566,5829604.582],[388208.21,5829662.01],[388166.297,5829792.842]]]},"properties":{"PLR_ID":"12601031","PLR_NAME":"Lübarser Straße","BEZ":"12","STAND":"01.01.2021","GROESSE_M2":1134119.154}},
{"type":"Feature","geometry":{"type":"Polygon","coordinates":[[[383281.979,5815470.572],[383267.738606,5815509.657446],[383253.3584,5815495.6931],[383254.596,5815572.781],[383294,5816123.423],[383308.633,5816160.442],[383372.487,5816238.683],[383355.513,5816250.426],[382969.654,5816569.657],[382791.044844,5816678.607037],[382751.69,5816639.977],[382656.415,5816594.248],[382510.964,5816809.339],[382502.547,5816818.02],[382384.726,5816724.683],[382282.416,5816651.244],[382226.276,5816638.167],[382090.598,5816730.652],[382053.256,5816709.153],[382103.84,5816638.936],[382094.855,5816559.898],[382111.828,5816430.065],[382127.579,5816395.468],[382189.898,5816323.567],[382217.748,5816276.82],[382234.291,5816196.631],[382269.929,5816099.968],[382792.88,5815674.411],[383209.808326,5815525.481271],[383210.99348,5815486.754082],[383247.802,5815433.464],[383273.65009,5815461.528873],[383281.979,5815470.572]]]},"properties":{"PLR_ID":"04400728","PLR_NAME":"Hagenplatz","BEZ":"04","STAND":"01.01.2021","GROESSE_M2":943658.249}},
{"type":"Feature","geometry":{"type":"Polygon","coordinates":[[[387721.268,5817293.841],[387670.835,5817292.44],[387462.393,5817298.913],[387411.707,5817288.967],[387340.397,5817287.663],[387222.975571,5817294.236447],[387184.588655,5817307.205811],[387130.698,5817304.859],[387123.075,5817292.433],[387101.631,5817093.987],[387108.2,5817095.15],[387097.439,5816951.817],[387126.963,5816918.487],[387087.219,5816879.766],[387081.177,5816804.318],[387083.327,5816715.542],[387093.828,5816665.348],[387082.091,5816385.959],[387086.809,5816385.329],[387203.54,5816370.571],[387519.752,5816344.962],[387609.672,5816374.201],[387641.56,5816363.695],[387645.864,5816387.081],[387649.763,5816745.21],[387667.39,5817124.449],[387665.886,5817178.29],[387721.268,5817293.841]]]},"properties":{"PLR_ID":"07200307","PLR_NAME":"Bayerischer Platz","BEZ":"07","STAND":"01.01.2021","GROESSE_M2":523935.318}},
{"type":"Feature","geometry":{"type":"Polygon","coordinates":[[[409626.516,5814512.569],[409591.661,5814530.891],[409498.024,5814565.527],[409484.567,5814578.608],[409477.427,5814626.763],[409373.828,5814591.481],[409243.259,5814561.519],[409164.781,5814573.882],[409087.487,5814607.593],[408876.094,5814717.596],[408772.902,5814827.311],[408682.589,5814904.078],[408471.21,5814998.903],[408200.756,5815145.096],[408131.599,5815156.245],[408029.315,5815164.027],[407856.099,5815206.288],[407810.994,5815149.582],[407623.549,5815033.624],[407369.813,5814873.073],[407270.633,5814837.934],[407020.48,5814755.22],[406909.888,5814654.387],[406823.095,5814593.966],[406630.567,5814614.807],[406586.328,5814220.001],[406721.511,5814152.34],[406840.707,5814100.396],[406833.906,5814074.402],[406601.444,5812827.911],[406596.782,5812767.463],[406290.046,5812665.598],[406025.829,5812573.544],[406026.617,5812554.929],[405999.077,5812105.021],[406018.798,5812098.813],[405990.241,5811630.771],[405978.346,5811565.366],[405952.681,5811511.341],[406024.164,5811465.945],[406054.6,5811433],[406250.826,5811492.928],[406427.973,5811500.32],[406502.968,5811490.535],[406568.218,5811466.453],[406599.522,5811438.302],[406604.705,5811401.242],[406535.316,5811354.834],[406586.106,5811335.217],[408162.406,5810740.042],[408688.908,5810542.195],[408745.707,5810694.249],[409090.752,5811630.033],[409135.045,5811875.141],[409228.907,5812376.181],[409626.516,5814512.569]]]},"properties":{"PLR_ID":"09501737","PLR_NAME":"Alt-Friedrichshagen","BEZ":"09","STAND":"01.01.2021","GROESSE_M2":11170398.98}},
{"type":"Feature","geometry":{"type":"Polygon","coordinates":[[[405720.174,5821212.36],[406059.254,5821090.537],[406088.916,5821077.797],[406534.061,5820915.911],[406619.486,5820876.067],[406776.91,5820788.118],[406775.09,5820780.216],[406801.448,5820821.517],[406782.348,5820833.694],[406773.73,5820896.861],[406721.431,5821276.271],[406785.659,5821325.626],[406731.762,5821779.095],[406752.164,5821758.916],[406832.3,5821728.924],[406914.697,5821706.607],[406972.796,5821722.304],[407005.204,5821759.641],[407121.445,5821717.831],[407191.9,5821758.788],[407271.83,5821733.971],[407294.256,5821742.006],[407349.559,5821716.985],[407365.128,5821758.407],[407391.418,5821746.797],[407405.212,5821783.247],[407197.628,5821858.126],[406993.737,5821909.277],[406876.529,5821927.67],[406675.507,5821942.162],[406518.908,5821946.383],[406425.253,5821933.622],[406144.897,5821874.109],[405904.851221,5821797.953849],[405737.359,5821751.63],[405739.777,5821743.035],[405641.649705,5821714.617255],[405543.665,5821680.135],[405365.962,5821608.721],[405446.092,5821412.196],[405409.638466,5821396.420109],[405435.735,5821335.17],[405474.909,5821284.048],[405505.480164,5821272.298895],[405514.883,5821287.302],[405659.618,5821228.533],[405720.174,5821212.36]]]},"properties":{"PLR_ID":"10200524","PLR_NAME":"Adele-Sandrock-Straße","BEZ":"10","STAND":"01.01.2021","GROESSE_M2":1111320.474}},
{"type":"Feature","geometry":{"type":"Polygon","coordinates":[[[395426.715,5824557.473],[395403.712,5824579.182],[395012.32,5824861.782],[394920.758,5824944.857],[394879.837,5824970.418],[394764.491,5825004.408],[394758.97,5824978.999],[394800.019,5824910.833],[394658.021,5824824.684],[394522.867,5824753.444],[394424.398,5824692.228],[394217.754,5824544.2],[394042.776,5824427.678],[393949.402,5824342.098],[393857.856,5824289.135],[393797.798,5824262.68],[393812.916,5824202.831],[393795.636,5824166.255],[394150.034,5823999.153],[394196.37,5824011.406],[394220.978,5823965.931],[394607.536,5823784.176],[395094.166,5824207.807],[395252.463,5824343.91],[395280.55,5824371.501],[395426.715,5824557.473]]]},"properties":{"PLR_ID":"03500932","PLR_NAME":"Bühringstraße","BEZ":"03","STAND":"01.01.2021","GROESSE_M2":992545.879}},
{"type":"Feature","geometry":{"type":"Polygon","coordinates":[[[388988.458,5814984.348],[389011.114,5814995.502],[389029.87,5814950.639],[389072.18,5814885.598],[389145.093,5814805.844],[389234.012507,5814720.481569],[389307.351,5814689.964],[389349.745,5814691.128],[389357.838,5814788.738],[389271.772,5814811.297],[389174.492,5814877.222],[389110.457,5814955.063],[389058.45,5815067.973],[389052.821,5815100.199],[389058.115,5815196.68],[389073.167,5815321.474],[389124.81,5815462.221],[389290.739,5815887.202],[389417.578,5816215.814],[389423.225,5816224.576],[389313.771,5816225.945],[388884.644,5816240.119],[388857.07,5816264.192],[388753.885,5816334.987],[388706.865,5816353.401],[388660.907,5816380.143],[388632.816,5816332.951],[388478.498,5816135.379],[388441.529,5816100.595],[388347.933,5815972.144],[388239.994,5815835.47],[388151.474,5815735.029],[388126.893,5815713.846],[388130.606,5815711.022],[388162.624,5815686.719],[388209.74,5815623.125],[388308.528,5815654.041],[388389.342,5815654.061],[388521.279,5815631.304],[388635.168,5815586.462],[388676.988,5815562.407],[388786.827,5815475.507],[388859.554,5815385.034],[388893.121849,5815323.14541],[388900.718,5815326.122],[388942.447,5815215.238],[388997.239,5815054.098],[388988.458,5814984.348]]]},"properties":{"PLR_ID":"07200413","PLR_NAME":"Cheruskerstraße","BEZ":"07","STAND":"01.01.2021","GROESSE_M2":797218.918}},
{"type":"Feature","geometry":{"type":"Polygon","coordinates":[[[394334.834,5821243.217],[394090.046,5820998.389],[394060.416,5821001.549],[394005.982,5821085.911],[393157.642,5820942.685],[393145.418,5820918.767],[393063.269,5820924.692],[392793.702,5820666.935],[392843.72,5820632.946],[393062.3,5820485.21],[393173.954,5820424.41],[393246.048,5820406.198],[393246.511,5820367.002],[393180.112,5820351.967],[393422.826,5820172.321],[393433.061,5820194.681],[393444.958,5820355.93],[393444.773,5820409.241],[393660.281,5820412.808],[393743.493,5820406.975],[393877.87,5820410.068],[394044.604,5820444.673],[394187.05,5820510.276],[394192.3,5820508.197],[394317.5,5820566.049],[394338.2,5820575.635],[394300.409,5820634.228],[394313.382,5820649.71],[394426.02,5820689.033],[394452.698,5820683.766],[394478.906,5820640.691],[394487.891,5820657.839],[394631.413,5820730.062],[394639.96,5820747.287],[394610.586,5820804.771],[394334.834,5821243.217]]]},"properties":{"PLR_ID":"02400520","PLR_NAME":"Barnimkiez","BEZ":"02","STAND":"01.01.2021","GROESSE_M2":941559.045}},
{"type":"Feature","geometry":{"type":"Polygon","coordinates":[[[396044.386,5817715.569],[396027.328695,5817720.06125],[395990.343,5817592.658],[395966.088,5817543.293],[395904.083,5817458.182],[395857.829651,5817406.464235],[395858.19,5817391.541],[395749.819,5817272.113],[395740.120543,5817278.851514],[395701.332537,5817232.645176],[395719.114,5817202.324],[395665.619,5817133.467],[395666.81,5817118.691],[395734.699,5817064.632],[395925.216,5816943.045],[396021.909,5816902.535],[396191.198,5816803.981],[396378.078,5816749.558],[396488.693,5816668.496],[396534.601,5816626.321],[396595.637,5816552.78],[396637.461,5816493.658],[396661.377,5816375.299],[396697.569,5816297.681],[396740.849,5816390.041],[396783.037,5816397.268],[396824.342,5816390.057],[396906.243,5816360.263],[396931.036,5816338.418],[396988.895,5816181.739],[397195.084,5816328.325],[397249.486,5816354.627],[397305.17,5816369.064],[397369.752,5816372.894],[397462.074,5816348.739],[397518.567,5816326.127],[397571.021,5816416.491],[397394.021,5816529.56],[397371.695,5816601.207],[397212.6,5816705.851],[397192.198,5816750.887],[397136.3,5816797.03],[397082.759,5816804.192],[396348.806,5817635.566],[396044.386,5817715.569]]]},"properties":{"PLR_ID":"02500836","PLR_NAME":"Stralauer Halbinsel","BEZ":"02","STAND":"01.01.2021","GROESSE_M2":1116993.913}},
{"type":"Feature","geometry":{"type":"Polygon","coordinates":[[[387004.313891,5830739.402737],[386950.839731,5830671.489081],[386913.04241,5830659.87295],[386876.168979,5830627.56673],[386851.998445,5830653.883094],[386720.692,5830563.424],[386684.1,5830546.826],[386604.968,5830534.93],[386578.107,5830544.954],[386532.081,5830525.238],[386487.521,5830524.234],[386440.977,5830540.356],[386357.01,5830555.021],[386310.871,5830547.601],[386201.389,5830479.891],[386141.2,5830485.537],[386088.716,5830511.905],[386039.889,5830510.306],[386000.6,5830493.985],[385966.37,5830433.718],[385954.89,5830389.373],[385898.276,5830344.835],[385823.722,5830312.714],[385768.771,5830277.836],[385749.802,5830249.722],[385666.285,5830183.12],[385609.325,5830092.856],[385613.076,5830063.771],[385591.031,5830015.63],[385560.91,5829995.904],[385496.821,5830002.731],[385478.534,5829979.613],[385462.605,5829996.616],[385432.592,5829972.129],[385413.925,5830000.743],[385391.01,5829969.513],[385358.583,5829968.662],[385341.104,5829946.26],[385346.115,5829908.169],[385281.119,5829875.398],[385271.385,5829824.342],[385219.353,5829852.43],[385213.959,5829824.996],[385250.538,5829788.088],[385213.454,5829761.197],[385133.203,5829668.901],[385116.824,5829693.263],[385096.911,5829648.498],[385083.893,5829688.245],[385028.724,5829725.888],[385035.438,5829761.284],[385018.208,5829774.317],[385013.468,5829809.132],[384941.331,5829838.29],[385125.703,5829241.748],[385142.9,5829195.181],[385209.429,5828985.468],[385243.39,5829004.933],[385368.91,5828793.354],[385435.355,5828874.703],[385498.641,5828922.176],[385526.561,5828917.719],[385560.882,5828893.02],[385608.669,5828905.975],[385742.176,5828886.635],[385821.653,5828900.527],[385875.921,5828974.522],[385844.603,5829099.99],[385806.811,5829164.085],[385764.927,5829188.656],[385716.875,5829238.808],[385727.853,5829284.955],[385775.222,5829316.654],[385930.824,5829396.507],[385958.975,5829447.023],[386052.551,5829457.869],[386069.922,5829473.207],[386091.95,5829530.423],[386120.801,5829552.612],[386191.035,5829577.743],[386241.544,5829587.32],[386322.893,5829641.096],[386391.06,5829663.746],[386412.1,5829705.813],[386416.953883,5829708.452297],[386286.684,5829894.598],[386261.76,5829902.712],[386440.961,5829956.405],[386670.466,5830048.509],[386823.426,5830124.447],[387021.503,5830208.458],[387182.705,5830254.254],[387361.988,5830329.633],[387245.377,5830463.015],[387140.012,5830576.814],[387004.313891,5830739.402737]]]},"properties":{"PLR_ID":"12500928","PLR_NAME":"Waidmannslust","BEZ":"12","STAND":"01.01.2021","GROESSE_M2":1731905.042}},
{"type":"Feature","geometry":{"type":"Polygon","coordinates":[[[377379.57,5823735.007],[377323.508,5823771.625],[376977.817,5823940.762],[376903.379,5823980.075],[376882.409,5823934.701],[376865.435,5823861.163],[376864.18,5823820.115],[376879.555,5823710.466],[376871.504,5823702.48],[376804.77,5823549.039],[376892.95,5823510.955],[376923.924,5823509.086],[376887.250748,5823272.69684],[376812.595,5823285.284],[376774.073,5823245.691],[376729.44,5822876.897],[376724.514,5822874.441],[376794.362,5822844.163],[376860.174,5822824.674],[376858.447,5822813.683],[377000.608,5822810.505],[377452.186053,5823159.70297],[377404.102071,5823300.125561],[377396.384,5823351.481],[377379.57,5823735.007]]]},"properties":{"PLR_ID":"05100210","PLR_NAME":"Germersheimer Platz","BEZ":"05","STAND":"01.01.2021","GROESSE_M2":544791.04}},
{"type":"Feature","geometry":{"type":"Polygon","coordinates":[[[398530.481914,5807357.873268],[398623.246,5807191.919],[398909.474,5806709.67],[399040.289,5806763.729],[399039.95,5806808.002],[399109.107,5806879.251],[399087.934,5806934.798],[399150.052,5806992.392],[399235.054,5807079.788],[399273.838,5807109.708],[399255.385,5807130.477],[399370.511,5807258.287],[399363.19,5807270.835],[399389.677,5807300.818],[399446.732,5807384.566],[399479.606,5807481.811],[399550.877,5807757.519],[399532.796,5807783.18],[399571.398,5807852.42],[399540.707,5807904.837],[399570.767,5807936.073],[399556.376,5807962.264],[399582.781,5808019.486],[399615.41,5808065.432],[399518.984,5808129.837],[399494.73,5808161.115],[399544.653,5808273.615],[399515.058,5808363.718],[399492.535,5808486.113],[399494.47,5808606.384],[399410.102,5808731.784],[399389.805,5808876.055],[399350.804,5808933.71],[399321.73,5808942.792],[399267.065,5809036.441],[399260.777,5809071.777],[399221.212,5809011.835],[399186.002,5808980.577],[398968.302,5808842.098],[398875.524,5808792.245],[398817.312,5808767.014],[398670.73,5808721.424],[398359.463,5808645.307],[398096.841,5808609.049],[398053.27,5808597.188],[398001.038,5808568.985],[397893.216,5808461.962],[397828.127,5808411.164],[397807.519,5808406.436],[397747.159,5808365.587],[397915.872,5808252.841],[397931.801,5808267.658],[398083.99,5808106.833],[398108.537,5808073.62],[398193.965,5807936.07],[398399.896,5807590.323],[398530.481914,5807357.873268]]]},"properties":{"PLR_ID":"08401246","PLR_NAME":"Waltersdorfer Chaussee Ost","BEZ":"08","STAND":"01.01.2021","GROESSE_M2":2245148.779}},
{"type":"Feature","geometry":{"type":"Polygon","coordinates":[[[395473.235,5826177.03],[395486.805,5826363.949],[395496.589,5826427.113],[395517.005,5826488.019],[395611.216,5826706.025],[395636.35,5826737.389],[395803.79,5827005.325],[395797.122,5827152.737],[395911.807,5827255.484],[396056.666,5827400.838],[395925.934,5827532.278],[395858.115,5827583.401],[395774.667,5827622.991],[395722.386,5827636.057],[395645.499,5827644.932],[395613.142,5827657.453],[395591.809,5827683.463],[395580.87,5827771.676],[395452.946,5827807.076],[395414.367,5827833.199],[395361.28,5827847.808],[395270.467,5827859.297],[395243.5,5827890.307],[395223.118,5827894.072],[395204.781,5827820.889],[395190.079,5827703.018],[395139.563,5827558.768],[395111.313,5827496.584],[395055.943,5827400.58],[395019.83,5827351.445],[394857.044,5827184.333],[394766.95,5827070.036],[394701.268,5826971.448],[394646.862,5826865.537],[394774.44,5826807.811],[394867.665,5826712.547],[394867.391,5826698.178],[394937.218,5826621.917],[395035.716,5826472.848],[395220.239,5826360.401],[395473.235,5826177.03]]]},"properties":{"PLR_ID":"03300515","PLR_NAME":"Blankenburger Süden","BEZ":"03","STAND":"01.01.2021","GROESSE_M2":1162742.094}},
{"type":"Feature","geometry":{"type":"Polygon","coordinates":[[[385061.755401,5817973.483635],[385102.272,5817982.737],[385103.144,5818028.557],[385090.335,5818025.929],[385065.641,5818117.635],[385036.895,5818184.537],[384944.26,5818371.116],[384890.669,5818488.637],[384886.782,5818497.83],[384830.681,5818478.029],[384833.644437,5818469.245689],[384491.373,5818352.982],[384428.99,5818322.131],[384327.802,5818292.974],[384336.96,5818265.625],[384259.137,5818230.508],[384721.656,5817968.645],[384711.347,5817874.8],[385061.755401,5817973.483635]]]},"properties":{"PLR_ID":"04500936","PLR_NAME":"Droysenstraße","BEZ":"04","STAND":"01.01.2021","GROESSE_M2":273545.336}},
{"type":"Feature","geometry":{"type":"Polygon","coordinates":[[[393565.472,5817715.26],[394412.043,5817240.26],[394360.683,5817178.038],[394412.171062,5817146.578084],[394465.015,5817191.968],[394508.736,5817201.436],[394568.709,5817188.723],[394626.204,5817208.382],[394839.281,5817458.234],[394880.85,5817484.681],[394964.371,5817507.691],[395006.204,5817501.05],[394963.048,5817556.461],[394964.428,5817579.573],[394929.317,5817604.579],[394881.058,5817659.191],[394838.515,5817652.941],[394821.647,5817633.024],[394795.822,5817653.133],[394804.885,5817675.409],[394758.715,5817724.063],[394567.778,5817831.629],[394458.459,5817914.277],[394429.958,5817873.408],[394394.748,5817866.293],[394295.114,5817897.089],[394239.757,5817869.491],[394209.343686,5817821.116891],[394169.481,5817846.159],[393953.156,5817799.365],[393565.472,5817715.26]]]},"properties":{"PLR_ID":"02300419","PLR_NAME":"Wrangelkiez","BEZ":"02","STAND":"01.01.2021","GROESSE_M2":526704.17}},
{"type":"Feature","geometry":{"type":"Polygon","coordinates":[[[394091.325847,5814891.65342],[394049.344,5814884.889],[393953.526,5814930.287],[393898.695,5814961.556],[393799.036,5814943.922],[393696.431,5814954.744],[393454.475,5815047.425],[393207.173,5815001.982],[393261.566,5814813.026],[393369.271,5814450.448],[393438.533,5814225.852],[393442.431,5814226.687],[393756.303,5814295.534],[393930.426,5814327.56],[394037.43,5814356.653],[394095.381,5814364.331],[394161.923646,5814382.641765],[394138.166,5814656.131],[394129.263,5814751.613],[394091.325847,5814891.65342]]]},"properties":{"PLR_ID":"08100208","PLR_NAME":"Körnerpark","BEZ":"08","STAND":"01.01.2021","GROESSE_M2":553852.128}},
{"type":"Feature","geometry":{"type":"Polygon","coordinates":[[[387721.268,5817293.841],[387738.012,5817343.72],[387689.881,5817344.885],[387701.663,5817371.818],[387707.084,5817434.981],[387703.59,5817926.521],[387715.832,5817983.058],[387676.287,5818003.152],[387714.687,5818034.732],[387785.139,5818129.786],[387846.205,5818187.069],[387953.6,5818269.21],[387952.642,5818274.558],[387432.647,5818494.402],[387427.064,5818486.349],[387126.686,5818052.569],[387114.843,5818028.748],[387244.856,5817939.137],[387248.141,5817883.959],[387163.558,5817660.509],[387125.092,5817504.901],[387124.483,5817371.352],[387130.698,5817304.859],[387184.588655,5817307.205811],[387222.975571,5817294.236447],[387340.397,5817287.663],[387411.707,5817288.967],[387462.393,5817298.913],[387670.835,5817292.44],[387721.268,5817293.841]]]},"properties":{"PLR_ID":"07100101","PLR_NAME":"Wittenbergplatz","BEZ":"07","STAND":"01.01.2021","GROESSE_M2":621002.31}},
{"type":"Feature","geometry":{"type":"Polygon","coordinates":[[[394738.36,5823026.441],[394763.026,5823032.345],[394939.246,5823156.07],[394997.246,5823179.882],[395479.206,5823340.911],[395481.914,5823352.251],[394880.86,5823634.735],[394846.02,5823610.949],[394821.435,5823612.961],[394800.951,5823672.365],[394808.863,5823689.069],[394607.536,5823784.176],[394596.047,5823768.813],[394289.826,5823256.672],[394408.647,5823204.265],[394694.543,5823031.932],[394710.277449,5823050.348637],[394738.36,5823026.441]]]},"properties":{"PLR_ID":"03500935","PLR_NAME":"Behaimstraße","BEZ":"03","STAND":"01.01.2021","GROESSE_M2":439055.07}},
{"type":"Feature","geometry":{"type":"Polygon","coordinates":[[[393053.819,5816459.371],[392690.151,5816700.247],[392026.106,5817021.519],[391999.429,5817031.535],[391845.929,5816700.683],[391795.423,5816736.93],[391767.077755,5816767.392622],[391732.853,5816690.394],[391720.949,5816634.965],[391718.861,5816586.066],[391863.515,5816579.628],[391887.14,5816592.598],[391898.686,5816604.497],[392774.265,5816396.923],[392965.026,5816302.634],[392989.067,5816338.013],[393053.819,5816459.371]]]},"properties":{"PLR_ID":"02200212","PLR_NAME":"Graefekiez Süd","BEZ":"02","STAND":"01.01.2021","GROESSE_M2":391146.547}},
{"type":"Feature","geometry":{"type":"Polygon","coordinates":[[[374172.896,5821568.765],[373991.281,5821717.718],[373895.046,5821765.625],[373878.368,5821727.124],[373844.896,5821605.777],[373824.776,5821551.612],[373768.964,5821487.837],[373733.001,5821471.318],[373666.908,5821463.396],[373266.463,5821491.532],[372415.799,5821553.963],[372388.501,5821245.025],[372370.562,5821092.112],[372344.709,5820815.475],[372332.371,5820623.727],[372316.068,5820552.09],[372257.553,5820215.337],[372385.617,5820205.721],[372624.739,5820242.95],[372786.133,5820252.349],[372911.343,5820252.487],[373122.218,5820296.683],[373209.106,5820308.731],[373294.091,5820314.442],[373361.188,5820335.434],[373531.814066,5820367.638582],[373536.222,5820451.088],[373398.61,5820466.759],[373431.425699,5820782.303079],[373416.929,5820778.842],[373310.463,5820790.884],[373306.161,5820796.4],[373328.049,5820972.663],[373359.7,5821197.564],[374025.640257,5820946.245982],[374084.488,5821335.649],[374134.341,5821450.446],[374121.833,5821463.123],[374172.896,5821568.765]]]},"properties":{"PLR_ID":"05200524","PLR_NAME":"Döberitzer Weg","BEZ":"05","STAND":"01.01.2021","GROESSE_M2":1660861.495}},
{"type":"Feature","geometry":{"type":"Polygon","coordinates":[[[392514.82,5824222.067],[392460.988,5824370.817],[392457.61,5824512.586],[392453.881,5824640.505],[392439.202,5824857.619],[392419.89,5825164.658],[392409.005,5825218.696],[392400.271477,5825346.429046],[392370.499,5825319.59],[392292.213,5825296.922],[392301.154,5825268.686],[392026.298,5825018.011],[391882.846,5824885.041],[391786.72,5824791.888],[391496.446,5824526.757],[391394.294,5824374.355],[391706.954,5824304.228],[392086.292,5824263.736],[392086.289,5824258.861],[392402.591,5824226.56],[392514.82,5824222.067]]]},"properties":{"PLR_ID":"03400826","PLR_NAME":"Tiroler Viertel","BEZ":"03","STAND":"01.01.2021","GROESSE_M2":658965.37}},
{"type":"Feature","geometry":{"type":"Polygon","coordinates":[[[390697.796,5823235.858],[390684.993,5823273.355],[390627.97,5823331.875],[390623.26,5823331.826],[390366.992,5823595.873],[390312.252,5823641.173],[390229.762,5823699.106],[390230.238,5823693.137],[389900.342,5823369.932],[389504.407,5822985.099],[389482.16,5822919.996],[389412.680502,5822941.069779],[389414.219,5822903.89],[389397.819,5822900.491],[388921.09,5822922.9],[389210.339,5822641.246],[389141.201,5822594.158],[388994.742,5822513.666],[389000.135,5822501.754],[388910.655,5822435.722],[388743.923,5822320.954],[388724.315,5822303.209],[388619.85,5822222.3],[388817.7,5822130.35],[388830.988,5822112.122],[388886.259,5822092.377],[388922.307,5822115.222],[388959.355,5822114.521],[389128.284,5822009.932],[389194.203035,5821902.513795],[389302.868,5821977.084],[389350.343,5821905.799],[389652.226,5822126.765],[389755.774,5822012.696],[389782.258,5822044.675],[389865.657,5822127.506],[390100.322,5822346.688],[390093.794,5822401.988],[390120.26,5822404.481],[390103.32,5822496.005],[390093.964,5822612.514],[390095.035,5822728.165],[390101.962,5822793.409],[390119.695,5822813.001],[390145.09,5822876.36],[390193.86,5822953.869],[390226.383,5823019.626],[390272.545,5823077.469],[390356.5,5823150.798],[390450.964,5823205.238],[390554.465,5823241.422],[390586.215,5823232.589],[390633.029,5823239.827],[390697.796,5823235.858]]]},"properties":{"PLR_ID":"01300836","PLR_NAME":"Humboldthain Nordwest","BEZ":"01","STAND":"01.01.2021","GROESSE_M2":1441436.944}},
{"type":"Feature","geometry":{"type":"Polygon","coordinates":[[[401564.018,5827392.327],[401573.856,5827415.473],[401207.09,5827566.75],[400693.485,5827767.47],[400267.468,5827929.497],[400232.951,5827929.824],[399942.515,5827993.324],[399336.585,5827965.511],[398941.341,5827945.99],[398752,5828431.167],[398521.694,5828286.807],[397638.848,5827740.82],[397600.544,5827712.002],[397499.464,5827608.964],[397433.775,5827518.511],[397388.69,5827432.401],[397336.205,5827254.017],[397314.852,5827256.666],[397259.404,5827084.09],[397151.431,5827078.058],[397125.289,5827002.167],[397048.873,5827028.065],[397014.212,5826885.981],[396992.775,5826765.954],[396989.417,5826592.034],[397002.523,5826546.987],[397017.243,5826403.435],[397033.616,5826382.193],[397002.22,5826379.38],[396991.733,5826125.911],[396979.638,5826096.656],[397002.362,5826094.879],[396981.251,5826025.718],[396954.516,5825823.93],[397009.751,5825813.102],[397062.408,5825813.226],[397128.044,5825798.054],[397180.431,5825812.25],[397182.14,5825783.86],[397164.93,5825701.655],[397266.149,5825615.838],[397497.278,5825425.803],[397631.589,5825313.115],[397721.309,5825426.169],[397700.077,5825468],[397712.959,5825476.584],[397689.697,5825520.472],[397665.837,5825598.819],[397660.456,5825664.553],[397676.248,5825733.578],[397709.067,5825776.329],[397738.257,5825797.21],[397791.394,5825816.349],[397766.045,5825905.275],[397890.489061,5825910.587793],[398004.101,5825917.843],[398213.426,5826080.336],[398232.877,5826099.953],[398244.129,5826183.475],[398274.68,5826220.417],[398281.809,5826241.273],[398347.313,5826289.436],[398401.417,5826315.093],[398498.025,5826328.052],[398575.702,5826356.69],[398661.071,5826363.904],[398724.852,5826358.5],[398849.658,5826407.507],[398886.246,5826428.47],[398968.291,5826458.23],[399039.340145,5826477.674495],[399033.24,5826398.884],[399144.102,5826392.224],[399132.128,5826222.299],[399198.185,5826208.833],[399185.84,5826079.811],[399176.919,5826068.182],[399172.099,5826002.5],[399260.797,5825995.522],[399233.968,5825909.282],[399235.483,5825786.145],[399314.235,5825774.587],[399384.567,5825741.421],[399553.01,5825721.466],[399558.673,5825751.615],[399666.643,5825727.817],[399732.352,5825728.19],[399755.202,5825702.776],[399853.346,5825674.419],[400069.99,5825587.961],[400299.33,5825532.811],[400376.692,5825519.716],[400474.375725,5825772.531495],[400784.242,5825740.373],[400787.321,5825758.719],[400859.43,5825757.538],[400882.277,5825833.684],[400953.392509,5826017.484755],[401211.9725,5826590.197],[401343.356,5826905.0611],[401451.768,5827141.78],[401564.018,5827392.327]]]},"properties":{"PLR_ID":"11100101","PLR_NAME":"Dörfer Malchow-Wartenberg","BEZ":"11","STAND":"01.01.2021","GROESSE_M2":8450640.742}},
{"type":"Feature","geometry":{"type":"Polygon","coordinates":[[[403194.029353,5819033.771476],[403036.245,5819028.439],[402775.866,5819040.794],[402465.196,5819063.263],[402460.292,5819034.256],[401781.268,5819081.883],[401695.692,5819092.431],[401557.855,5819094.782],[401554.701,5819106.221],[401285.455,5819173.761],[401253.562,5819185.456],[401225.296785,5819000.482562],[401211.630138,5818891.198],[401200.005006,5818853.910508],[401181.27536,5818723.8601],[400794.397,5818758.479],[400659.012,5818770.614],[400659.766,5818542.163],[400647.696,5818537.903],[400656.42,5818371.505],[400636.686,5818327.203],[400580.084,5818277.813],[400855.834,5817492.683],[400954.596,5817472.917],[401417.936,5817654.745],[401443.396,5817660.822],[401777.294,5817801.533],[401858.840877,5817842.406662],[401869.172289,5817824.330628],[402034.389,5817924.913],[402184.858,5818036.096],[402240.052,5818081.441],[402356.64,5818214.309],[402355.398,5818239.442],[402400.765,5818293.665],[402414.69,5818287.446],[402547.919,5818451.221],[402542.116941,5818468.103065],[402588.072,5818499.685],[402727.888,5818674.556],[402792.858,5818749.018],[402866.253,5818816.752],[402935.543,5818866.193],[403026.367,5818911.699],[403082.494,5818892.645],[403092.551,5818931.869],[403194.033,5818963.324],[403194.029353,5819033.771476]]]},"properties":{"PLR_ID":"10300733","PLR_NAME":"Alt-Biesdorf","BEZ":"10","STAND":"01.01.2021","GROESSE_M2":2398113.275}},
{"type":"Feature","geometry":{"type":"Polygon","coordinates":[[[394677.299,5816443.648],[394503.989,5816258.349],[394387.114,5816119.127],[394856.838977,5815707.303778],[394892.776,5815674.655],[394906.9,5815692.249],[395214.082,5815423.553],[395219.704,5815431.075],[395321.863,5816148.776],[395331.229,5816158.047],[395303.042,5816192.24],[395158.91,5816021.097],[394784.062,5816351.256],[394775.923,5816344.421],[394677.299,5816443.648]]]},"properties":{"PLR_ID":"08100419","PLR_NAME":"Treptower Straße Nord","BEZ":"08","STAND":"01.01.2021","GROESSE_M2":430615.948}},
{"type":"Feature","geometry":{"type":"Polygon","coordinates":[[[376449.485,5820079.274],[376470.243,5820077.1],[376854.992507,5819939.198235],[376826.797,5819889.434],[376852.207,5819891.515],[376884.551,5819871.243],[377538.07,5819637.653],[377543.292,5819644.664],[377638.648,5819610.434],[377655.458,5819706.501],[377632.292,5819711.115],[377601.335,5819727.123],[377577.464,5819762.161],[377531.229,5819863.143],[377541.089,5819876.064],[377504.509,5819942.583],[377414.437,5820032.075],[377371.912,5820115.996],[377364.627,5820185.239],[377349.632,5820185.393],[377353.709,5820335.906],[377170.73,5820338.428],[377172.967,5820514.552],[377141.38,5820548.001],[377101.042,5820615.851],[377043.782,5820552.438],[377032.679,5820529.13],[376884.754,5820410.281],[376561.825,5820160.547],[376449.485,5820079.274]]]},"properties":{"PLR_ID":"05200633","PLR_NAME":"Graetschelsteig","BEZ":"05","STAND":"01.01.2021","GROESSE_M2":491044.917}},
{"type":"Feature","geometry":{"type":"Polygon","coordinates":[[[391807.174,5805331.9],[391773.963,5805351.169],[391714.96,5805429.703],[391658.315,5805536.64],[391631.726,5805610.259],[391613.584,5805686.447],[391603.23,5805778.306],[391602.113,5805995.929],[391614.313,5806050.193],[391471.276,5806047.65],[391395.795,5806057.783],[391344.831,5806072.759],[391253.359,5806117.413],[391126.781,5806209.1],[390585.405,5806607.594],[390591.784812,5806633.337251],[390542.184,5806636.929],[390444.1,5806608.964],[390428.583,5806604.106],[390448.326005,5806551.601614],[390518.325,5806343.116],[390543.648,5806253.902],[390563.281,5806260.989],[390695.762,5805863.585],[390731.673,5805793.209],[390861.138,5805433.349],[390917.049,5805265.538],[390916.676,5805247.607],[390964.937,5805064.324],[391050.423,5804807.306],[391143.423,5804874.565],[391153.367,5804863.227],[391638.043,5805213.173],[391640.956,5805209.108],[391807.174,5805331.9]]]},"properties":{"PLR_ID":"07601544","PLR_NAME":"John-Locke-Straße","BEZ":"07","STAND":"01.01.2021","GROESSE_M2":1123866.856}},
{"type":"Feature","geometry":{"type":"Polygon","coordinates":[[[387473.672,5808513.329],[387217.44,5808612.997],[387131.139,5808639.777],[387123.85,5808620.544],[386425.677,5808852.083],[386179.715,5808888.463],[386180.09,5808890.866],[385910.942,5808929.779],[385652.9,5808963.248],[385468.57,5808994.158],[385434.526,5808996.465],[385363.896,5808873.085],[385336.056,5808909.001],[385324.081,5808885.818],[385357.923,5808818.522],[385572.452,5808463.571],[385638.478,5808350.455],[385750.157,5808169.176],[385851.965,5808013.113],[385868.184,5808001.536],[386175.007,5807522.165],[386200.054,5807473.687],[386330.341,5807546.647],[386652.886,5807733.277],[386780.162,5807804.653],[387013.639,5807942.197],[387242.128,5808083.016],[387320.217,5808123.69],[387292.272,5808124.941],[387302.566,5808181.471],[387307.261,5808299.663],[387285.293,5808396.554],[387473.672,5808513.329]]]},"properties":{"PLR_ID":"06200423","PLR_NAME":"Schütte-Lanz-Straße","BEZ":"06","STAND":"01.01.2021","GROESSE_M2":1741827.825}},
{"type":"Feature","geometry":{"type":"Polygon","coordinates":[[[380912.648,5809121.077],[380875.417,5809029.378],[380811.278,5808917.782],[380845.82,5808729.416],[380842.855,5808716.559],[380875.996,5808523.067],[380906.086,5808279.539],[380893.811,5807953.411],[380876.948,5807906.875],[380903.439,5807850.125],[380910.606,5807798.888],[380938.483,5807524.078],[381034.596,5807579.249],[381093.667,5807606.305],[381181.335,5807635.428],[381263.123,5807653.433],[381442.504,5807669.775],[381567.125,5807659.618],[381655.349,5807635.343],[381728.902,5807602.578],[381878.436,5807502.683],[381947.662,5807470],[382035.718,5807437.42],[382105.548,5807418.124],[382244.768,5807409.58],[382231.86,5807520.159],[382202.235,5807676.132],[382167.588,5807736.559],[382153.072,5807922.221],[382163.549,5807923.309],[382161.344,5807957.715],[382129.1728,5807954.990483],[382122.563,5808054.262],[382096.732,5808076.812],[382094.691,5808107.07],[382007.878,5808103.434],[381706.422,5808406.727],[381632.911,5808476.479],[381618.28,5808499.026],[381563.048879,5808763.301594],[381275.065,5808732.052],[381268.055,5808795.722],[381032.11,5809019.511],[380912.648,5809121.077]]]},"properties":{"PLR_ID":"06300525","PLR_NAME":"Zehlendorf Süd","BEZ":"06","STAND":"01.01.2021","GROESSE_M2":1313473.565}},
{"type":"Feature","geometry":{"type":"Polygon","coordinates":[[[396121.927,5823755.187],[396201.039,5823747.605],[396461.725,5823711.814],[396623.074,5823696.05],[396868.532,5823676.038],[396870.76,5823707.483],[396891.989,5823697.329],[396858.672253,5823806.595157],[396849.453,5823895.547],[396831.084,5823895.946],[396821.996,5823934.668],[396851.027074,5823937.889645],[396804.48,5824335.026],[396729.497,5824997.574],[396358.487,5825071.163],[395897.842,5825171.56],[395675.688,5825224.324],[395461.874,5825267.744],[395337.145,5825265.005],[395277.032,5825245.787],[395183.868,5825178.669],[394978.586,5825048.375],[394879.837,5824970.418],[394920.758,5824944.857],[395012.32,5824861.782],[395403.712,5824579.182],[395426.715,5824557.473],[396013.559965,5824134.869305],[396073.272,5824133.686],[396108.363,5824012.811],[396124.832,5823880.54],[396121.927,5823755.187]]]},"properties":{"PLR_ID":"03501037","PLR_NAME":"Rathaus Weißensee","BEZ":"03","STAND":"01.01.2021","GROESSE_M2":1745019.881}},
{"type":"Feature","geometry":{"type":"Polygon","coordinates":[[[398038.207,5817656.554],[398373.149,5817469.753],[398434.596,5817438.39],[398708.325,5817307.502],[398807.267,5817279.899],[398937.867,5817237.494],[399076.464,5817200.291],[399110.476244,5817173.827573],[399172.179,5817197.926],[399175.354,5817219.943],[399225.624,5817239.248],[399269.295,5817382.895],[399201.964632,5817402.281268],[399227.99775,5817486.81676],[399211.979969,5817512.556704],[399236.711,5817589.668],[399216.57,5817595.736],[399224.245,5817620.469],[399257.72,5817652.097],[399272.562,5817750.393],[399265.474,5817774.933],[399275.589,5817866.681],[399270.84,5817956.776],[399241.212,5818066.807],[399108.048,5818280.457],[398884.361,5818094.37],[398845.26,5818065.499],[398631.486,5818007.073],[398393.618,5817938.772],[398264.603,5817896.982],[398258.842,5817878.185],[398197.899,5817853.959],[398166.087025,5817854.192816],[397964.449,5817775.184],[397937.397,5817714.022],[398038.207,5817656.554]]]},"properties":{"PLR_ID":"11401136","PLR_NAME":"Volkradstraße","BEZ":"11","STAND":"01.01.2021","GROESSE_M2":797319.282}},
{"type":"Feature","geometry":{"type":"Polygon","coordinates":[[[392384.654,5812426.313],[392395.972,5812458.375],[392384.831,5812460.367],[392369.747,5812529.508],[392304.074,5812545.365],[392132.825,5812599.76],[391912.252,5812635.645],[391871.909,5812649.521],[391835.892,5812571.075],[391473.869,5812018.6],[391208.977,5811621.069],[390973.108,5811269.654],[390960.051,5811228.946],[391022.138,5811217.415],[391285.181,5811177.005],[391784.047,5811098.223],[391953.166,5811069.982],[392005.939,5811067.547],[392089.082,5811389.53],[392207.978,5811822.303],[392263.744,5811939.673],[392290.237,5812101.976],[392334.769,5812189.092],[392362.122,5812361.937],[392384.654,5812426.313]]]},"properties":{"PLR_ID":"07501032","PLR_NAME":"Imbrosweg","BEZ":"07","STAND":"01.01.2021","GROESSE_M2":1232156.602}},
{"type":"Feature","geometry":{"type":"Polygon","coordinates":[[[397518.567,5816326.127],[397462.074,5816348.739],[397369.752,5816372.894],[397305.17,5816369.064],[397249.486,5816354.627],[397195.084,5816328.325],[396988.895,5816181.739],[396943.011,5816161.73],[396911.955,5816173.413],[396877.209,5816120.079],[396761.306,5816033.781],[396752.858,5816032.244],[396363.874,5815742.461],[396300.128,5815697.298],[396283.281,5815674.698],[396656.346,5815244.594],[396527.106,5815137.712],[396487.134,5815099.891],[396465.954,5815093.75],[396347.304,5814995.977],[396350.453,5814992.172],[396075.15,5814765.491],[396142.623,5814640.29],[396236.668,5814484.806],[396252.638,5814458.962],[396695.723,5814546.767],[396717.318,5814520.611],[396811.911,5814538.429],[396908.149,5814528.996],[396941.068,5814518.23],[397035.404,5814516.437],[397036.131,5814554.683],[397019.398,5814572.48],[397075.663,5814619.129],[397083.216,5814611.58],[397153.528,5814674.065],[397015.882,5814831.257],[397277.666,5815025.525],[397599.195,5814407.866],[397776.619,5814639.127],[397764.765,5814689.989],[397746.021,5814863.097],[397746.197,5814957.832],[397781.903,5815114.291],[397821.974,5815252.991],[397831.187,5815354.66],[397790.492,5815639.769],[397744.137,5815840.409],[397709.253,5815988.893],[397652.777,5816142.34],[397552.356,5816291.193],[397518.567,5816326.127]]]},"properties":{"PLR_ID":"09100203","PLR_NAME":"Plänterwald Ost","BEZ":"09","STAND":"01.01.2021","GROESSE_M2":2145011.963}},
{"type":"Feature","geometry":{"type":"Polygon","coordinates":[[[382262.169,5822384.851],[382278.816,5822395.174],[382336.594,5822380.383],[382752.981,5822357.526],[382819.261,5822348.135],[382826.957,5822377.717],[382839.608,5822439.085],[382914.035,5822726.258],[382913.172,5822764.453],[382894.242,5822825.97],[382909.856,5822829.374],[382739.346,5823383.516],[382694.898,5823470.251],[382717.897,5823481.468],[382456.582,5823495.645],[382361.109,5823493.682],[381945.306,5823452.801],[381765.427,5823432.327],[381209.23,5823377.942],[381196.88,5823388.124],[381201.704,5823328.754],[381261.469,5823335.575],[381488.492,5823125.937],[381611.832,5823020.277],[381796.57,5822846.191],[381890.73,5822747.684],[381947.622,5822694.392],[381923.786,5822676.146],[382045.834,5822572.149],[382187.927,5822439.384],[382254.191,5822413.132],[382262.169,5822384.851]]]},"properties":{"PLR_ID":"05300839","PLR_NAME":"Rohrdamm","BEZ":"05","STAND":"01.01.2021","GROESSE_M2":1217866.308}},
{"type":"Feature","geometry":{"type":"Polygon","coordinates":[[[405842.041264,5811389.373967],[405703.362,5811447.048],[405644.452,5811500.292],[405571.652,5811544.751],[405533.921,5811587.06],[405497.046,5811602.975],[405445.463,5811649.423],[405356.001,5811710.631],[405182.958,5811765.795],[405141.315,5811782.616],[405045.867,5811851.511],[404968.032,5811894.827],[404762.25,5811908.5],[404614.191,5811960.38],[404592.293,5811962.145],[404513.811,5811943.377],[404386.349,5811911.433],[404397.338,5811852.929],[404401.597,5811781.187],[404411.271,5811754.158],[404412.141,5811667.829],[404402.718,5811481.473],[404404.995,5811463.358],[404384.403,5811148.821],[404368.609,5811042.677],[404415.618,5811040.833],[404711.440772,5811065.838753],[404718.073,5811072.859],[404999.302,5811094.755],[405173.937,5811115.738],[405835.004527,5811172.380696],[405842.041264,5811389.373967]]]},"properties":{"PLR_ID":"09401432","PLR_NAME":"Siedlung Kämmereiheide","BEZ":"09","STAND":"01.01.2021","GROESSE_M2":938669.752}},
{"type":"Feature","geometry":{"type":"Polygon","coordinates":[[[379892.124,5825176.72],[379907.553,5825128.569],[379902.069,5825058.087],[379874.181,5825011.504],[379762.918,5824928.445],[379717.408,5824886.088],[379660.843,5824815.777],[379633.088,5824766.083],[379531.067,5824503.013],[379500.882,5824416.221],[379476.586,5824328.539],[379459.005,5824228.765],[379452.736,5824150.203],[379475.617,5823849.784],[379499.520969,5823560.261932],[379516.413,5823551.754],[379573.809,5823553.801],[379681.14,5823542.487],[379682.34,5823559.941],[379824.570136,5823633.011064],[379807.929,5823657.099],[379725.913,5823822.289],[379718.001,5823891.568],[379723.352,5824175.33],[379726.289,5824176.754],[380102.907,5823955.174],[380120.412,5823948.047],[380355.097,5823747.851],[380426.458037,5823676.97003],[380523.699,5824049.422],[380566.932,5824220.677],[380572.226,5824282.554],[380568.521,5824392.579],[380553.484,5824402.803],[380555.825,5824508.024],[380322.803,5824707.469],[380229.398,5824789.962],[380153.886,5824865.325],[380081.665,5824961.214],[380068.799,5824951.93],[379910.663,5825145.049],[379892.124,5825176.72]]]},"properties":{"PLR_ID":"05300735","PLR_NAME":"Haveleck","BEZ":"05","STAND":"01.01.2021","GROESSE_M2":1032879.049}},
{"type":"Feature","geometry":{"type":"Polygon","coordinates":[[[387367.428,5828619.763],[387389.168,5828587.146],[387551.647,5828432.311],[387647.288,5828345.056],[387960.316,5828052.816],[387976.873,5828096.931],[388031.413,5828097.111],[388068.478,5828106.506],[388143.827,5828156.598],[388132.848,5828178.811],[388786.845,5828223.179],[388884.18,5828239.997],[388930.903,5828274.535],[388965.188,5828345.815],[388960.121,5828387.43],[388783.964,5828375.896],[388775.711354,5828505.620466],[388206.904,5828469.239],[388162.696,5828468.641],[388082.964,5828486.648],[388090.411,5828556.861],[388086.954,5828662.039],[388072.579,5828688.416],[387885.370001,5828865.718332],[387596.608,5828840.34],[387517.302,5828838.119],[387527.082,5828626.192],[387367.428,5828619.763]]]},"properties":{"PLR_ID":"12601236","PLR_NAME":"Schorfheidestraße","BEZ":"12","STAND":"01.01.2021","GROESSE_M2":578276.162}},
{"type":"Feature","geometry":{"type":"Polygon","coordinates":[[[397892.922,5819751.038],[397277.907,5819788.116],[397251.721,5819705.233],[397159.011,5819172.247],[397150.138,5819126.642],[397417.44,5819076.381],[397490.278,5819051.247],[397704.236402,5819008.0444],[397820.776,5819643.205],[397873.538,5819633.302],[397892.922,5819751.038]]]},"properties":{"PLR_ID":"11300724","PLR_NAME":"Roedeliusplatz","BEZ":"11","STAND":"01.01.2021","GROESSE_M2":411272.412}},
{"type":"Feature","geometry":{"type":"Polygon","coordinates":[[[390100.322,5822346.688],[389865.657,5822127.506],[389782.258,5822044.675],[390158.914,5821519.929],[390275.587,5821358.857],[390340.939,5821400.922],[390404.056,5821430.662],[390482.492,5821478.065],[390628.901,5821574.142],[390538.796,5821689.777],[390453.794,5821817.534],[390357.751,5821949.921],[390269.529,5822080.289],[390133.134,5822307.007],[390113.727,5822347.553],[390100.322,5822346.688]]]},"properties":{"PLR_ID":"01100414","PLR_NAME":"Nordbahnhof","BEZ":"01","STAND":"01.01.2021","GROESSE_M2":373026.685}},
{"type":"Feature","geometry":{"type":"Polygon","coordinates":[[[401172.792,5807483.869],[400952.833,5807599.12],[400672.044,5807738.088],[400520.734,5807818.972],[400434.752,5807859.341],[400375.229,5807705.207],[400211.490791,5807296.068758],[400194.96,5807253.215],[400140.063,5807174.962],[399988.111235,5806910.132311],[399942.961,5806878.801],[399824.84,5806781.836],[399812.127,5806756.379],[399740.287,5806432.066],[399961.408,5806245.745],[400236.716,5806414.668],[400331.148,5806456.36],[400468.494,5806534.303],[400563.48,5806604.251],[400546.896,5806531.654],[400496.988,5806423.043],[400580.534569,5806417.364942],[400665.771,5806434.545],[400662.648,5806448.834],[400726.376,5806462.978],[400729.342067,5806450.427169],[400882.727,5806491.43],[400894.558,5806490.485],[401029.06,5806553.974],[401095.996661,5806591.748769],[401233.747,5806684.442],[401261.748,5806713.007],[401305.709,5806718.651],[401365.506,5806776.209],[401402.292,5806824.105],[401454.319,5806914.267],[401442.998496,5806926.369594],[401478.831,5806974.505],[401481.389,5807013.188],[401462.543,5807107.72],[401397.726,5807391.231],[401385.116,5807392.505],[401080.674,5807376.431],[401172.792,5807483.869]]]},"properties":{"PLR_ID":"09300923","PLR_NAME":"Kölner Viertel","BEZ":"09","STAND":"01.01.2021","GROESSE_M2":1566611.29}},
{"type":"Feature","geometry":{"type":"Polygon","coordinates":[[[389687.516172,5818256.175606],[389681.92,5818226.477],[389774.407,5818138.524],[389818.697,5818088.087],[389850.883,5818030.669],[389887.494,5817924.701],[389911.907,5817876.561],[389954.726,5817830.41],[389985.472,5817810.337],[390046.339,5817787.311],[390135.019,5817769.589],[390276.811,5817776.145],[390375.174,5817752.66],[390608.604,5817655.297],[390660.733839,5817636.501248],[390650.075,5817724.382],[390636.703,5817948.921],[390658.777913,5817953.685551],[390442.545,5818691.891],[390012.673,5818659.021],[389978.44,5818657.94],[389893.553,5818775.248],[389700.735,5818268.846],[389687.516172,5818256.175606]]]},"properties":{"PLR_ID":"02100101","PLR_NAME":"Askanischer Platz","BEZ":"02","STAND":"01.01.2021","GROESSE_M2":710730.18}},
{"type":"Feature","geometry":{"type":"Polygon","coordinates":[[[404886.664,5818152.464],[404901.919,5818149.995],[405426.029,5818132.558],[405507.667,5818123.152],[405903.284966,5818110.885099],[406031.872674,5818096.575692],[406126.905,5818090.106],[406361.022,5818041.261],[406392.411,5818037.394],[406724.67,5817966.856],[406757.79,5817956.079],[406884.514,5817934.126],[406939.526,5818153.537],[406983.614,5818282.212],[407169.17,5818690.916],[407240.177,5818832.291],[407313.283,5818957.585],[407468.165,5819156.783],[407446.599,5819150.889],[407098.986,5819111.573],[406865.239,5819081.971],[406840.687,5819104.296],[406811.654,5819072.229],[406422.392,5819023.117],[406299.141,5819009.69],[406287.341,5818988.446],[406123.025,5818973.634],[406034.205,5818959.158],[405913.512,5818954.798],[405849.665,5818940.159],[405807.621671,5818922.19331],[405804.607,5818958.015],[405744.278,5818932.513],[405620.34,5818920.967],[405471.735,5818901.754],[405297.286,5818883.653],[405236.462,5818884.331],[405206.016,5818836.898],[405110.364,5818624.879],[404960.281,5818350.97],[404902.665,5818208.068],[404886.664,5818152.464]]]},"properties":{"PLR_ID":"10400939","PLR_NAME":"Alt-Mahlsdorf","BEZ":"10","STAND":"01.01.2021","GROESSE_M2":1898860.343}},
{"type":"Feature","geometry":{"type":"Polygon","coordinates":[[[380533.313,5831486.578],[380532.82,5831500.606],[380349.03,5831720.065],[380218.118,5831868.131],[380107.851,5832005.544],[379999.84,5832149.236],[379981.172,5832154.319],[379927.239,5832234.842],[379839.114,5832406.719],[379812.652,5832416.271],[379728.387,5832394.381],[379562.114,5832411.678],[379570.79,5832354.776],[379541.835,5832257.333],[379536.586,5832167.283],[379521.712,5832074.17],[379498.447,5831981.517],[379385.571,5831751.678],[379283.788,5831511.028],[379150.05,5831414.281],[378779.347,5830648.65],[378584.472,5830301.259],[378525.556,5830237.301],[378456.087,5830193.456],[378293.104,5830128.976],[378238.116,5830077.281],[378221.381,5830022.638],[378223.491,5829904.694],[378236.678,5829841.091],[378262.281,5829765.432],[378282.693,5829732.944],[378443.065,5829514.215],[378490.323,5829444.954],[378584.694,5829266.744],[378644.582,5829172.938],[378848.929,5828924.401],[379116.744,5828711.199],[379301.168,5828509.519],[379478.353,5828664.283],[379495.593,5828692.153],[379587.628,5828847.502],[379731.565,5828890.258],[379786.38,5828891.164],[379853.322,5828863.601],[379963.285,5828863.016],[380168.559,5828803.36],[380195.965,5828851.495],[380252.6,5828845.077],[380316.201,5828824.317],[380381.893,5828834.019],[380439.11,5828829.702],[380532.767,5828846.151],[380761.906,5828892.424],[380817.835,5829023.761],[380873.638,5829071.336],[380615.347,5829132.002],[380517.705947,5829157.3956],[380569.513,5829622.556],[380121.303591,5829968.743398],[380269.482,5830663.301],[380398.279,5831060.835],[380438.719,5831198.476],[380533.313,5831486.578]]]},"properties":{"PLR_ID":"12400617","PLR_NAME":"Alt-Heiligensee","BEZ":"12","STAND":"01.01.2021","GROESSE_M2":5358291.836}},
{"type":"Feature","geometry":{"type":"Polygon","coordinates":[[[393523.285,5811552.648],[393531.246109,5811518.95988],[393594.944,5811549.945],[393721.875,5811619.526],[393739.515,5811611.212],[393823.369,5811730.657],[393817.448,5811708.472],[393868.648,5811668.651],[393969.272,5811686.768],[394119.607,5811734.056],[394167.245,5811745.387],[394270.196,5811750.012],[394982.671,5811688.827],[395018.162,5811693.22],[394860.236,5812402.448],[394846.955,5812491.232],[394765.393,5812480.753],[394303.212,5812478.519],[394231.253,5812487.664],[394048.485,5812523.734],[393866.148,5812514.192],[393867.605,5812451.832],[393770.823,5812246.33],[393759.249,5812247.58],[393727.702,5812181.256],[393707.443,5812112.826],[393636.417,5811961.29],[393626.782,5811961.922],[393586.572,5811876.045],[393596.503,5811876.096],[393509.021,5811689.355],[393514.046,5811602.339],[393523.285,5811552.648]]]},"properties":{"PLR_ID":"08200726","PLR_NAME":"Hufeisensiedlung","BEZ":"08","STAND":"01.01.2021","GROESSE_M2":988530.849}},
{"type":"Feature","geometry":{"type":"Polygon","coordinates":[[[388252.054,5818152.254],[388097.77,5818217.451],[388097.805,5818213.283],[387952.642,5818274.558],[387953.6,5818269.21],[387846.205,5818187.069],[387785.139,5818129.786],[387714.687,5818034.732],[387676.287,5818003.152],[387715.832,5817983.058],[387703.59,5817926.521],[387707.084,5817434.981],[387701.663,5817371.818],[387689.881,5817344.885],[387738.012,5817343.72],[387721.268,5817293.841],[388100.428,5817342.508],[388148.516,5817343.644],[388351.758,5817315.017],[388291.233,5817770.559],[388305.709,5817817.75],[388326.56,5817819.443],[388339.151,5817877.41],[388293.687,5817929.6],[388272.363,5817980.691],[388258.825,5818060.783],[388249.21,5818059.158],[388242.012,5818142.443],[388252.054,5818152.254]]]},"properties":{"PLR_ID":"07100102","PLR_NAME":"Kalckreuthstraße","BEZ":"07","STAND":"01.01.2021","GROESSE_M2":516600.183}},
{"type":"Feature","geometry":{"type":"Polygon","coordinates":[[[394132.247,5819350.383],[394166.537,5819545.033],[394179.33,5819550.499],[394202.884,5819674.85],[393913.69,5819729.037],[393914.351,5819734.344],[393649.331,5819784.152],[393648.666,5819780.725],[393427.95,5819824.08],[393423.631,5819793.085],[393364.043,5819798.198],[393300.613,5819822.073],[393245.293,5819864.922],[393255.264,5819890.8],[393213.917,5819901.796],[393195.154,5819862.116],[393220.585,5819850.134],[393209.592,5819825.845],[393250.23,5819812.783],[393130.729,5819493.889],[393041.427,5819306.529],[392966.814,5819182.549],[392993.723,5819164.207],[393082.716,5819082.959],[393319.478,5818845.721],[393338.844,5818822.033],[393390.983438,5818796.484977],[393427.343,5818861.766],[393562.919,5818757.586],[393686.616,5818673.331],[393714.38,5818648.475],[393761.69,5818723.818],[393747.245,5818736.642],[393852.058,5818869.06],[393873.002,5818853.259],[393936.545,5818939.099],[394058.012,5819178.971],[394063.372,5819203.656],[394126.84,5819326.878],[394132.247,5819350.383]]]},"properties":{"PLR_ID":"02400623","PLR_NAME":"Andreasviertel","BEZ":"02","STAND":"01.01.2021","GROESSE_M2":921717.463}},
{"type":"Feature","geometry":{"type":"Polygon","coordinates":[[[374918.02,5818428.497],[374584.782,5818054.625],[374497.503,5817959.37],[374383.647,5817851.529],[374146.174,5817562.281],[373399.492,5816662.902],[373572.451,5816516.613],[373698.466,5816415.613],[373738.542,5816373.843],[373739.061,5816273.298],[373726.946,5816201.432],[373689.073,5815932.873],[373761.841,5815800.32],[373892.869,5815848.304],[373909.909,5815797.044],[374324.791,5815869.214],[374488.65,5815832.102],[374635.316,5815863.204],[374643.396,5815688.008],[374599.572,5815653.543],[374606.896,5815617.435],[374602.483,5815529.15],[374639.991,5815500.638],[374483.489,5815350.993],[374490.268,5815330.455],[374804.024,5815036.237],[375177.876,5814709.33],[375282.4,5814838.536],[375465.703,5814705.477],[375160.968,5814334.011],[374633.993,5813858.58],[374629.563,5813861.644],[374556.095999,5813794.222732],[374718.107,5813677.638],[374691.937,5813619.708],[374672.516,5813522.406],[374566.091,5813325.486],[374553.174,5813273.993],[374553.154,5813229.242],[374673.133,5813309.554],[374771.536,5813241.858],[374793.571,5813258.931],[374828.852078,5813212.18921],[374854.037815,5813220.310832],[374878.73414,5813252.739094],[374937.531272,5813267.64864],[375009.32647,5813356.585994],[375071.640727,5813444.590545],[375113.081619,5813474.639014],[375122.078478,5813527.890895],[375220.065513,5813703.154644],[375228.516,5813700.034],[375360.371,5813774.174],[375438.849719,5813780.552327],[375504.910477,5813774.68026],[375611.393336,5813794.595463],[375621.63887,5813806.293722],[375687.011495,5813799.259475],[375730.05803,5813821.126809],[375793.595634,5813828.390434],[375824.561614,5813818.833033],[375866.920016,5813844.905623],[375999.612586,5813911.593585],[376043.903495,5813938.566483],[376111.378748,5813963.224578],[376180.97001,5814001.37199],[376217.899808,5813995.759884],[376226.157403,5814023.438118],[376288.3952,5814025.273139],[376298.334897,5814055.703905],[376320.508068,5814058.915191],[376351.523747,5814104.754399],[376353.772,5814183.228],[376383.780693,5814319.445171],[376361.298101,5814353.268814],[376343.431256,5814455.969781],[376345.388612,5814494.627558],[376380.389,5814565.598],[376815.023,5814477.056],[376934.118,5815062.73],[376948.866,5815312.433],[376890.528,5815822.525],[377099.813,5816258.529],[377080.447,5816449.885],[376907.441,5816765.149],[376876.021,5817006.727],[376946.034,5817218.394],[377085.598,5817406.738],[377085.922,5817634.723],[377119.245,5817919.135],[377248.57,5818041.669],[376830.539,5818195.87],[376603.895,5818224.129],[376454.163,5818234.28],[376330.281,5818246.01],[376227.004,5818266.599],[375760.429,5818328.522],[375660.203,5818337.123],[375224.769,5818392.794],[374918.02,5818428.497]]]},"properties":{"PLR_ID":"05400942","PLR_NAME":"Alt-Gatow","BEZ":"05","STAND":"01.01.2021","GROESSE_M2":11509680.04}},
{"type":"Feature","geometry":{"type":"Polygon","coordinates":[[[391842.745,5821146.236],[391710.772,5821186.263],[391581.309,5821177.016],[391546.912,5821191.914],[391515.182,5821161.315],[391302.627,5821146.928],[391284.31,5821143.103],[391019.919,5821044.315],[390601.995,5820914.063],[390595.417,5820881.815],[390607.169,5820781.175],[390638.87,5820376.539],[390648.388994,5820314.101069],[390685.927,5820326.916],[390825.976,5820335.7],[390934.443,5820327.831],[390995.058,5820303.501],[391028.584,5820332.062],[391147.795,5820306.303],[391194.307,5820289.878],[391252.274779,5820322.23206],[391324.704339,5820344.311418],[391475.648,5820352.521],[391549.731,5820366.739],[391650.532,5820396.129],[391773.146,5820440.901],[391814.16,5820449.271],[391883.922,5820450.224],[391937.767,5820439.347],[391993.074,5820557.346],[391924.862,5820600.054],[391890.307,5820610.989],[392120.883,5821053.504],[392018.265,5821093.683],[391842.745,5821146.236]]]},"properties":{"PLR_ID":"01100309","PLR_NAME":"Oranienburger Straße","BEZ":"01","STAND":"01.01.2021","GROESSE_M2":1011373.746}},
{"type":"Feature","geometry":{"type":"Polygon","coordinates":[[[387834.122,5810597.28],[387984.451,5810800.348],[388089.175,5811005.652],[388134.622,5811080.577],[388111.037,5811100.569],[387985.109,5811235.392],[387966.488,5811281.073],[387773.481,5811602.88],[387829.8,5811661.572],[387803.012107,5811681.976786],[387779.346,5811679.387],[387743.116,5811624.222],[387654.949,5811523.016],[387478.154,5811335.89],[387389.799,5811249.496],[387376.756,5811226.33],[387294.555,5811193.607],[387315.198,5811174.207],[387257.409,5811119.052],[387112.233895,5810956.244991],[387137.769522,5810914.331465],[387123.893,5810899.895],[387163.023,5810819.557],[387339.22,5810623.482],[387426.585,5810494.883],[387461.073,5810433.492],[387492.602,5810351.829],[387505.011,5810369.48],[387600.443,5810377.008],[387601.045,5810365.017],[387663.2,5810369.765],[387834.122,5810597.28]]]},"properties":{"PLR_ID":"06200313","PLR_NAME":"Lankwitz Kirche","BEZ":"06","STAND":"01.01.2021","GROESSE_M2":698873.673}},
{"type":"Feature","geometry":{"type":"Polygon","coordinates":[[[391356.576,5823972.695],[391026.38,5824028.672],[390938.586,5824047.404],[390454.973,5824121.608],[390285.956,5823754.52],[390229.762,5823699.106],[390312.252,5823641.173],[390366.992,5823595.873],[390623.26,5823331.826],[390627.97,5823331.875],[390656.638,5823337.926],[390680.481,5823362.059],[390709.634,5823350.549],[390759.431,5823358.575],[391077.827,5823375.324],[391125.651,5823384.47],[391194.59,5823408.157],[391237.192,5823431.532],[391305.382,5823489.91],[391301.911,5823499.34],[391356.813,5823577.593],[391382.53,5823663.648],[391389.906,5823731.309],[391358.52,5823960.757],[391356.576,5823972.695]]]},"properties":{"PLR_ID":"01300733","PLR_NAME":"Gesundbrunnen","BEZ":"01","STAND":"01.01.2021","GROESSE_M2":658286.291}},
{"type":"Feature","geometry":{"type":"Polygon","coordinates":[[[386559.938,5825712.164],[386616.006,5825694.406],[386823.092,5825643.146],[386835.608,5825698.956],[386996.045,5826368.533],[387045.443,5826597.884],[387050.536,5826659.734],[387034.837,5826667.622],[386877.084,5826665.94],[386784.23,5826658.65],[386664.495,5826661.741],[386630.316,5826656.046],[386489.022,5826723.181],[386414.091,5826721.308],[386354.443,5826697.546],[386160.549,5826671.479],[386101.722,5826660.278],[386097.079,5826609.782],[386087.16,5826608.794],[386075.162,5826461.23],[386152.633,5826441.596],[386387.255117,5826419.396772],[386367.88,5826201.125],[386372.416,5826195.669],[386620.051,5826172.156],[386611.881,5826060.76],[386586.291,5825956.124],[386619.106,5825948.14],[386559.938,5825712.164]]]},"properties":{"PLR_ID":"12200307","PLR_NAME":"Reinickes Hof","BEZ":"12","STAND":"01.01.2021","GROESSE_M2":532920.494}},
{"type":"Feature","geometry":{"type":"Polygon","coordinates":[[[381052.447,5820818.002],[381059.806,5820807.151],[381281.829,5820568.761],[381313.956,5820530.342],[381364.32,5820453.418],[381400.028,5820426.6],[381438.063,5820332.372],[381524.254,5819874.88],[381616.931,5819380.347],[381642.917,5819290.7],[381662.776,5819245.143],[381711.311,5819162.985],[381772.68,5819090.052],[381813.523,5819053.507],[381877.078,5819008.231],[381880.444,5819058.514],[381865.67,5819253.273],[381867.115,5819292.973],[381953.507,5819852.555],[381976.826,5819848.921],[382006.39,5819892.296],[382046.018,5819939.619],[382022.071,5819966.543],[382037.931,5820072.235],[382069.953,5820148.081],[382161.197,5820390.36],[382167.707,5820393.506],[381548.725,5820590.913],[381275.102,5820703.99],[381212.299,5820743.093],[381105.927,5820796.545],[381052.447,5820818.002]]]},"properties":{"PLR_ID":"04200309","PLR_NAME":"Neu Westend","BEZ":"04","STAND":"01.01.2021","GROESSE_M2":677508.402}},
{"type":"Feature","geometry":{"type":"Polygon","coordinates":[[[388290.233,5812986.599],[388169.607,5812991.592],[388169.18,5813017.548],[388137.143,5813110.17],[388112.02,5813146.735],[388056.097,5813153.748],[387947.387,5813105.448],[387862.525,5813123.99],[387824.478,5813125.543],[387827.176,5813346.935],[387783.229,5813347.99],[387726.882,5813374.24],[387176.539,5813339.964],[387146.426,5812976.214],[387130.45,5812816.409],[387081.577,5812561.467],[387097.289,5812558.459],[387090.751,5812524.375],[387401.734,5812455.709],[387401.089,5812452.782],[387646.261,5812398.535],[387781.598,5812356.846],[387927.131,5812334.391],[387924.436,5812323.053],[387983.187,5812309.138],[387986.018,5812321.823],[388090.638,5812299.036],[388097.036,5812285.275],[388307.72,5812234.725],[388470.677,5812174.722],[388514.367,5812133.304],[388587.302,5812013.907],[388613.376,5812021.581],[388585.317,5812103.078],[388528.642,5812288.831],[388512.291,5812321.359],[388480.407,5812425.707],[388371.529,5812729.454],[388374.214,5812742.882],[388349.16,5812808.323],[388307.889,5812947.537],[388290.233,5812986.599]]]},"properties":{"PLR_ID":"06100204","PLR_NAME":"Munsterdamm","BEZ":"06","STAND":"01.01.2021","GROESSE_M2":1115946.77}},
{"type":"Feature","geometry":{"type":"Polygon","coordinates":[[[387809.83,5824004.577],[388032.897,5823786.425],[388250.329,5823576.192],[388719.352,5823957.545],[388562.744291,5824106.606385],[388348.644,5823884.517],[388323.633,5823885.533],[387971.978,5824225.981],[387718.76,5824473.153],[387682.566,5824508.549],[387454.121,5824351.091],[387809.83,5824004.577]]]},"properties":{"PLR_ID":"01400939","PLR_NAME":"Glasgower Straße","BEZ":"01","STAND":"01.01.2021","GROESSE_M2":364628.689}},
{"type":"Feature","geometry":{"type":"Polygon","coordinates":[[[376006.655,5824376.303],[376021.024,5824427.202],[376070.978,5824759.829],[376105.671,5824963.273],[376046.949,5825012.941],[375666.833,5825222.163],[375533.315,5825298.337],[375365.212,5825362.935],[375259.161,5825433.357],[375185.6,5825494.749],[375127.752,5825564.578],[375084.567,5825595.974],[375069.136,5825622.322],[374951.125,5825645.188],[374920.337,5825656.814],[374812.348,5825718.8],[374672.694,5825785.747],[374634.167,5825791.15],[374603.322,5825686.039],[374519.064,5825561.818],[374481.512,5825513.86],[374437.333,5825428.223],[374422.779,5825212.873],[374403.391,5825100.138],[374325.803,5825036.647],[374310.004,5825008.38],[374327.759,5824984.885],[374338.173,5824866.113],[374357.749,5824846.308],[374375.927,5824785.582],[374380.225,5824682.009],[374376.524,5824610.46],[374397.254,5824475.494],[374386.536,5824363.026],[374436.568055,5824336.982991],[374441.914,5824347.937],[374592.571,5824287.971],[375438.299,5824003.159],[375529.028,5824549.707],[375903.495,5824414.983],[376006.655,5824376.303]]]},"properties":{"PLR_ID":"05100206","PLR_NAME":"Griesingerstraße","BEZ":"05","STAND":"01.01.2021","GROESSE_M2":1938153.127}},
{"type":"Feature","geometry":{"type":"Polygon","coordinates":[[[408053.505759,5804759.230177],[408014.98,5804813.279],[408009.710161,5804848.457231],[407883.593,5805299.631],[407809.178,5805557.021],[407750.627,5805699.775],[407704.981,5805790.316],[407647.669,5805891.916],[407605.955,5805943.892],[407545.262,5805992.206],[407411.955,5806063.107],[407005.608,5806493.382],[406855,5806356.15],[406811.75,5806367],[406760.8,5806403.1],[406745.95,5806424.8],[406729.637674,5806489.895043],[406496.312,5806436.208],[406481.117,5806451.213],[406451.204,5806528.109],[406240.048,5806244.183],[406207.277,5806279.758],[406124.667,5806263.267],[406095.844,5806214.584],[406165.412,5806148.844],[406164.517,5806141.314],[405856.98,5805728.307],[406185.34,5805485.431],[407013.778,5804875.108],[407409.125,5804443.838],[407494.733,5804529.052],[407622.231,5804645.813],[407570.118,5804696.021],[407544.26,5804738.819],[407540.486,5804787.442],[408053.505759,5804759.230177]]]},"properties":{"PLR_ID":"09301227","PLR_NAME":"Karolinenhof","BEZ":"09","STAND":"01.01.2021","GROESSE_M2":2356822.331}},
{"type":"Feature","geometry":{"type":"Polygon","coordinates":[[[382503.843,5812581.982],[382454.548,5812588.302],[382473.841,5812623.86],[382572.792,5812880.393],[382627.625,5813040.65],[382672.046,5813200.256],[382694.856,5813296.016],[382772.967,5813663.044],[382819.5,5813811.926],[382874.582,5813969.966],[382986.497,5814215.883],[383014.322,5814300.259],[383021.768,5814359.093],[383030.076,5814528.934],[383049.059,5814549.632],[383013.144,5814550.315],[382648.684,5814490.328],[382249.694,5814428.128],[382090.229,5814397.972],[382040.569,5814393.646],[381957.421,5814420.316],[381912.192,5814488.111],[381858.888,5814447.737],[381818.698,5814396.624],[381736.757,5814350.595],[381500.753,5814384.4],[381413.873,5814389.432],[381298.486,5814388.756],[380975.303572,5814484.740029],[380957.663,5814464.441],[380950.574,5814396.65],[380931.041,5813831.515],[380931.829,5813728.175],[380942.582,5813684.854],[381029.575,5813496.922],[381089.041,5813412.166],[381103.753,5813321.872],[381129.223,5813327.727],[381134.282,5813301.883],[381181.924,5813279.508],[381218.512,5813301.062],[381269.92,5813346.852],[381288.885,5813353.491],[381355.192,5813317.732],[381392.441,5813316.744],[381560.922,5813085.305],[381554.615,5813083.781],[381760.35,5812800.949],[381771.357,5812796.158],[381867.003,5812664.823],[381916.985,5812653.852],[381909.838,5812603.267],[381986.743,5812499.977],[381978.402,5812446.274],[381983.717,5812419.988],[382249.780112,5812053.16927],[382287.987,5812001.262],[382302.901,5812076.244],[382367.532,5812252.734],[382438.474,5812425.085],[382497.373,5812578.286],[382503.843,5812581.982]]]},"properties":{"PLR_ID":"06400842","PLR_NAME":"Hüttenweg","BEZ":"06","STAND":"01.01.2021","GROESSE_M2":2974967.042}},
{"type":"Feature","geometry":{"type":"Polygon","coordinates":[[[386481.69,5814752.509],[386483.157,5814800.041],[386443.55,5815027.014],[386455.7,5815362.17],[386460.971,5815393.258],[386453.254,5815456],[386383.765,5815461.091],[386066.659,5815471.248],[385935.302,5815472.21],[385931.457,5815472.238],[385898.237,5814797.156],[385904.12,5814804.714],[386128.212,5814797.695],[386143.94,5814776.404],[386178.562,5814771.326],[386203.518,5814794.603],[386406.725,5814787.732],[386437.679,5814749.676],[386481.69,5814752.509]]]},"properties":{"PLR_ID":"07300515","PLR_NAME":"Taunusstraße","BEZ":"07","STAND":"01.01.2021","GROESSE_M2":367064.158}},
{"type":"Feature","geometry":{"type":"Polygon","coordinates":[[[396053.665,5818517.215],[395268.81,5818843.685],[395212.523,5818871.051],[394906.121,5818970.485],[394807.964,5818639.413],[394794.801,5818607.266],[394813.963,5818587.973],[394942.619,5818540.01],[395198.521,5818460.899],[395197.092,5818456.237],[395311.03,5818420.393],[395339.863,5818425.914],[395356.875,5818473.456],[395374.842,5818467.025],[395344.849,5818384.723],[395345.084,5818362.4],[395441.551,5818341.657],[395688.385,5818296.306],[395692.285,5818308.401],[395736.013,5818281.682],[395836.852,5818261.595],[395937.804,5818225.918],[396035.029,5818238.228],[396099.886,5818264.661],[396158.342,5818301.546],[396208.474,5818365.526],[396160.828,5818439.892],[396053.665,5818517.215]]]},"properties":{"PLR_ID":"02500834","PLR_NAME":"Revaler Straße","BEZ":"02","STAND":"01.01.2021","GROESSE_M2":494573.77}},
{"type":"Feature","geometry":{"type":"Polygon","coordinates":[[[376454.163,5818234.28],[376603.895,5818224.129],[376830.539,5818195.87],[377248.57,5818041.669],[377489.699,5818154.077],[377752.859,5818163.071],[378167.752,5818316.174],[378483.895,5818482.161],[378461.925,5818637.472],[378424.438,5818721.281],[378465.17,5818812.503],[378547.929,5818957.925],[378586.705,5819104.179],[378646.529,5819194.426],[378738.773,5819164.343],[378796.713,5819163.37],[378828.754,5819192.327],[378898.515,5819167.398],[378906.547,5819190.001],[378858.606,5819207.229],[378921.134,5819336.613],[378963.587,5819443.41],[378930.815,5819463.62],[378930.085,5819521.403],[378914.337,5819604.277],[378892.675,5819673.323],[378920.391,5819773.481],[378911.927,5819800.003],[378877.04,5819833.715],[378835.566,5819857.214],[378796.962,5819925.15],[378755.321,5819982.798],[378690.183,5820046.502],[378604.519,5820086.071],[378574.251,5820166.464],[378529.376,5820138.807],[378505.471,5820103.334],[378480.046,5820097.57],[378383.704,5820106.528],[378365.116,5820136.201],[378382.978,5820211.801],[378423.097,5820281.03],[378429.65,5820379.829],[378408.198,5820376.06],[378338.677,5820297.43],[378318.027,5820265.578],[378325.097,5820398.597],[378322.468,5820518.243],[378304.861,5820657.028],[378266.781,5820791.587],[378216.29305,5820901.457241],[378162.122,5820856.032],[378181.213,5820815.048],[378171.944,5820743.26],[378210.579,5820573.382],[378252.099,5820503.294],[378253.522277,5820390.231912],[378241.928,5820279.625],[378216.347,5820318.498],[378217.345,5820375.732],[378239.115,5820436.206],[378239.676,5820465.533],[378221.277,5820461.367],[378190.771,5820413.531],[378177.786,5820361.779],[378182.908,5820306.067],[378203.654,5820255.995],[378195.512,5820236.441],[378220.61,5820215.364],[378220.876,5820172.683],[378184.288,5820046.29],[378162.257,5820055.197],[378001.694,5820145.169],[378000.854,5820165.485],[377958.119,5820120.92],[377917.312208,5820093.889671],[377812.928,5819925.537],[377819.616,5819921.684],[377725.844,5819778.995],[377702.522,5819728.134],[377655.458,5819706.501],[377638.648,5819610.434],[377543.292,5819644.664],[377538.07,5819637.653],[376884.551,5819871.243],[376852.207,5819891.515],[376826.797,5819889.434],[376788.173,5819825.704],[376785.764,5819801.551],[376705.066,5819627.246],[376686.727,5819608.815],[376509.486,5819225.624],[376452.33,5819090.567],[376449.947,5819046.625],[376483.107,5818813.169],[376486.439,5818701.758],[376459.163,5818539.088],[376426.665,5818392.433],[376425.097,5818349.285],[376454.163,5818234.28]]]},"properties":{"PLR_ID":"05200634","PLR_NAME":"Börnicker Straße","BEZ":"05","STAND":"01.01.2021","GROESSE_M2":3734108.559}},
{"type":"Feature","geometry":{"type":"Polygon","coordinates":[[[412216.912,5805908.617],[412238.836,5805888.139],[412283.035,5805933.892],[412321.391,5805991.588],[412402.799,5806058.044],[412474.7,5806084.542],[412489.59,5806107.535],[412512.662,5806176.851],[412533.523,5806199.551],[412582.733,5806221.513],[412632.913,5806270.563],[412688.861,5806272.712],[412708.163,5806263.096],[412746.837,5806183.178],[412829.364,5806163.346],[412901.979,5806196.304],[413083.602,5806104.4],[413141.494,5806110.876],[413161.926,5806133.764],[413228.057,5806165.864],[413256.579,5806223.005],[413284.272,5806260.214],[413307.646,5806240.582],[413341.661,5806244.236],[413395.016,5806271.728],[413412.917,5806310.873],[413433.187,5806311.568],[413474.009,5806278.217],[413516.832,5806263.426],[413522.341,5806294.997],[413558.974,5806309.119],[413580.02,5806256.926],[413614.002,5806250.421],[413672.227,5806286.931],[413767.765,5806389.592],[413812.872,5806422.411],[413889.475,5806519.992],[413884.601,5806654.497],[413937.145,5806839.833],[413973.864,5806932.693],[413971.172,5806946.762],[414150.451,5807025.366],[414223.714,5807092.768],[414184.707,5807152.443],[414149.478,5807220.059],[414108.504,5807342.223],[414078.067,5807375.461],[414012.641,5807426.111],[413952.556,5807439.719],[413921.586,5807471.899],[413885.032,5807593.832],[413846.926,5807672.016],[413754.928,5807821.602],[413695.351,5807901.675],[413642.22,5807994.63],[413619.712,5808049.357],[413613.574,5808105.766],[413631.835,5808182.174],[413660.085,5808265.507],[413724.182,5808410.407],[413730.372,5808490.61],[413688.191,5808466.58],[413652.355,5808491.35],[413626.919,5808420.304],[413635.641,5808322.179],[413615.821,5808285.072],[413539.561,5808235.603],[413500.712,5808228.134],[413437.143,5808181.528],[413410.118489,5808143.71543],[413396,5808164.7],[413298.35941,5808113.293722],[413255.266,5808155.37],[413212.756,5808183.327],[413188.096,5808212.633],[413163.086,5808266.65],[413123.137,5808302.368],[413038.181,5808340.223],[413001.096,5808376.993],[412986.326,5808411.877],[412980.649,5808500.494],[412955.647,5808636.442],[412941.914,5808670.854],[412847.33,5808776.618],[412801.877,5808833.33],[412662.425,5809065.015],[412622.516,5809112.674],[412552.9,5809157.4],[412457.45,5809173.15],[412351.1,5809158.1],[412210.45,5809155.95],[412119.2,5809167.3],[412046.4,5809184.65],[411987.2,5809210.75],[411885.8,5809230.5],[411821.55,5809231.5],[411797.7,5809244.25],[411782.05,5809226.5],[411747.8,5809233.2],[411729.6,5809257.2],[411665.3,5809312.5],[411571.65,5809417.75],[411511.4,5809498.85],[411475.95,5809532.05],[411400.2,5809580.35],[411356.25,5809597.15],[411244,5809623.9],[411079.35,5809656.4],[410951.1,5809661.4],[410891.4,5809642.65],[410866.5,5809625.4],[410727.9,5809557.4],[410659.3,5809539.85],[410622.5,5809540.65],[410475.093345,5809566.658734],[410380.05,5809603.85],[410306.75,5809581.3],[410245.2,5809576.35],[410194.9,5809590.45],[410147.85,5809559.3],[410046.2,5809507.4],[409969.75,5809511.5],[409875.7,5809539.15],[409756.6,5809614.3],[409729.485463,5809643.5761],[409695.069,5809540.737],[409675.327,5809519.985],[409657.299,5809391.51],[409575.909,5809307.887],[409434.479,5809225.269],[409360.002,5809106.287],[409231.08,5808977.046],[409133.484,5808892.267],[409078.764,5808803.377],[409062.113,5808642.067],[409029.018,5808513.322],[408957.916,5808408.716],[408827.416,5808399.674],[408660.651,5808406.707],[408529.633,5808319.331],[408398.201,5808212.996],[408381.33,5808163.482],[408243.808,5808245.829],[408131.868,5808248.597],[408049.834,5808246.094],[407837.366,5807619.542],[407805.638,5807492.952],[407833.041,5807499.537],[407989.96,5807390.497],[407940.427,5807298.867],[407905.2,5807264.058],[407845.002,5807155.656],[407779.609,5807082.462],[407702.853,5807026.375],[407582.673,5806931.122],[407426.3,5806895.839],[407275.823,5806842.165],[407152.494,5806775.972],[406890.446,5806614.723],[407005.608,5806493.382],[407411.955,5806063.107],[407545.262,5805992.206],[407605.955,5805943.892],[407647.669,5805891.916],[407704.981,5805790.316],[407750.627,5805699.775],[407809.178,5805557.021],[407883.593,5805299.631],[408009.710161,5804848.457231],[408014.98,5804813.279],[408053.505759,5804759.230177],[408422.186068,5804372.21945],[408475.85,5804324.85],[408531.45,5804316.4],[408584.2,5804259.7],[408600.9,5804219.9],[408618.71,5804210.362],[409188.007,5804337.828],[409221.15,5804324.05],[409260.7,5804327.35],[409295.35,5804360.5],[409354.75,5804371.45],[409445.4,5804376.9],[409484.5,5804457.05],[409509,5804522.05],[409561.85,5804620.05],[409559.85,5804638.05],[409610.8,5804703.8],[409695.05,5804733.6],[410051.319,5804852.42],[410085.21,5804867.114],[410112.758,5804910.535],[410104.65,5805044.704],[410124.789,5805140.039],[410161.644,5805203.05],[410242.958,5805280.438],[410350.401,5805354.36],[410424.421,5805391.505],[410609.65,5805464.33],[410838.428,5805542.248],[410903.966,5805567.62],[411087.935,5805655.773],[411152.557,5805698.94],[411208.91,5805745.257],[411315.521,5805845.754],[411680.723,5806108.893],[411699.8,5806067.25],[411737.2,5806020.7],[411785,5805978.2],[411822.05,5805980.95],[411879.4,5805939.85],[411947.63,5805923.824],[412128.844,5805931.682],[412172.7,5805943.063],[412192.294,5805961.419],[412216.912,5805908.617]]]},"properties":{"PLR_ID":"09401635","PLR_NAME":"Müggelheim","BEZ":"09","STAND":"01.01.2021","GROESSE_M2":22214559.98}},
{"type":"Feature","geometry":{"type":"Polygon","coordinates":[[[392841.617,5823123.252],[392745.557,5822982.662],[392370.608,5822440.432],[392343.551,5822383.751],[392446.329,5822353.981],[392492.154,5822329.096],[392734.728071,5822262.029758],[392747.773,5822309.044],[393093.468,5822906.606],[392945.65,5823047.409],[392843.654679,5823122.007072],[392841.617,5823123.252]]]},"properties":{"PLR_ID":"03601347","PLR_NAME":"Helmholtzplatz","BEZ":"03","STAND":"01.01.2021","GROESSE_M2":297839.94}},
{"type":"Feature","geometry":{"type":"Polygon","coordinates":[[[383659.458,5819479.243],[383865.565,5819498.131],[383871.058,5819493.576],[384250.863,5819523.172],[384401.825,5819537.374],[384369.849,5819965.552],[384358.136,5819966.098],[384345.791,5820154.9],[383637.823,5820101.254],[383635.994,5820094.479],[383541.931756,5820085.964887],[383570.56,5819952.653],[383589.317,5819901.06],[383574.858,5819892.105],[383598.556,5819837.982],[383625.098,5819733.128],[383646.061,5819617.579],[383659.458,5819479.243]]]},"properties":{"PLR_ID":"04300413","PLR_NAME":"Klausenerplatz","BEZ":"04","STAND":"01.01.2021","GROESSE_M2":478697.437}},
{"type":"Feature","geometry":{"type":"Polygon","coordinates":[[[383304.252,5811607.321],[383266.288,5811431.804],[383252.702,5811403.554],[383225.431,5811284.01],[383471.915,5811421.257],[383558.421,5811481.299],[384139.68,5811799.27],[384160.425426,5811798.489789],[384155.666,5811805.945],[384453.355,5811943.138],[384703.94,5812084.675],[384699.469,5812091.96],[384832.665,5812162.673],[384857.508,5812169.261],[384907.74,5812205.833],[385056.442,5812282.692],[385148.077,5812324.287],[385299.412,5812410.804],[385291.042,5812425.512],[385334.026,5812433.795],[385509.91,5812562.952],[385515.036,5812677.957],[385532.414,5812787.695],[385488.805,5812761.149],[385396.767,5812717.692],[385350.618,5812739.588],[385324.271,5812777.556],[385274.899,5812815.692],[385184.241,5812873.881],[385137.997,5812940.286],[385066.837,5813053.711],[385108.655,5813086.344],[385089.988,5813104.327],[385025.694,5813214.442],[384955.647,5813301.179],[384982.349,5813455.852],[384784.022,5813402.823],[384762.11,5813372.131],[384739.372,5813371.104],[384202.259,5812573.874],[384146.195,5812470.341],[383998.737,5812068.011],[384038.248,5812012.336],[383850.025,5811904.56],[383733.554,5811832.965],[383543.1,5811724.343],[383304.252,5811607.321]]]},"properties":{"PLR_ID":"06300629","PLR_NAME":"Botanischer Garten","BEZ":"06","STAND":"01.01.2021","GROESSE_M2":1416782.425}},
{"type":"Feature","geometry":{"type":"Polygon","coordinates":[[[397994.196,5806511.717],[398338.147,5806568.828],[398744.632,5806660.677],[398909.474,5806709.67],[398623.246,5807191.919],[398530.481914,5807357.873268],[398349.868,5807223.25],[398256.828,5807168.063],[397994.853,5807005.325],[397990.828,5806997.703],[398004.491,5806699.452],[397985.587,5806699.142],[397994.196,5806511.717]]]},"properties":{"PLR_ID":"08401245","PLR_NAME":"Frauenviertel","BEZ":"08","STAND":"01.01.2021","GROESSE_M2":471887.705}},
{"type":"Feature","geometry":{"type":"Polygon","coordinates":[[[386507.737,5814134.861],[386530.157,5814130.225],[386592.543,5814086.042],[386647.47,5814163.28],[386869.636,5814204.895],[386880.699,5814196.175],[386952.404,5814285.015],[386981.798,5814329.074],[387050.065,5814280.26],[387193.322,5814462.554],[387265.82,5814542.22],[387408.745,5814720.78],[387489.216892,5814816.419488],[387482.587126,5814878.188466],[387591.682,5815014.737],[387771.75,5815246.176],[387644.416,5815411.676],[387652.631,5815418.812],[387581.022,5815494.599],[387500.213,5815481.198],[387343.408,5815292.04],[386989.301,5814851.143],[386742.139138,5814486.044406],[386507.737,5814134.861]]]},"properties":{"PLR_ID":"07300618","PLR_NAME":"Ceciliengärten","BEZ":"07","STAND":"01.01.2021","GROESSE_M2":567656.424}},
{"type":"Feature","geometry":{"type":"Polygon","coordinates":[[[378601.404,5825388.239],[378581.79,5825414.37],[378505.921,5825422.593],[378363.667,5825413.678],[378300.483,5825421.651],[378204.747,5825442.599],[378126.117,5825477.099],[377886.52,5825627.854],[377804.352,5825666.068],[377786.569,5825618.189],[377781.013,5825573.539],[377780.715,5825481.868],[377792.915,5825407.341],[377796.686,5825243.505],[377779.126,5825163.223],[377755.701912,5825156.116307],[377774.513451,5825089.589215],[378317.406,5825096.292],[378552.153,5825065.359],[378560.137,5825154.348],[378601.404,5825388.239]]]},"properties":{"PLR_ID":"05100102","PLR_NAME":"Am Forstacker","BEZ":"05","STAND":"01.01.2021","GROESSE_M2":320904.583}},
{"type":"Feature","geometry":{"type":"Polygon","coordinates":[[[401725.095,5807041.098],[401563.749,5806871.081],[401506.97,5807000.948],[401454.319,5806914.267],[401402.292,5806824.105],[401365.506,5806776.209],[401305.709,5806718.651],[401261.748,5806713.007],[401233.747,5806684.442],[401095.996661,5806591.748769],[401029.06,5806553.974],[400894.558,5806490.485],[400882.727,5806491.43],[400729.342067,5806450.427169],[400726.376,5806462.978],[400662.648,5806448.834],[400665.771,5806434.545],[400580.534569,5806417.364942],[400496.988,5806423.043],[400465.837,5806341.234],[400474.5,5806317.192],[400412.504,5806294.644],[400437.46,5806225.92],[400375.175,5806050.06],[400340.039,5805871.582],[400320.51,5805794.121],[400297.994,5805586.23],[400295.853,5805512.459],[400337.268,5805313.423],[401045.636,5805268.734],[401434.54,5805237.951],[401591.795,5805221.236],[402060.603,5805187.65],[402286.111,5805179.14],[402396.719,5805212.031],[402550.429,5805247.416],[402741.273,5805305.036],[402985.386,5805385.61],[403070.052,5805398.02],[403483.703,5805498.151],[403716.03,5805570.57],[403906.295,5805634.564],[404097.303,5805724.491],[404240.283,5805772.442],[404240.216,5805835.377],[404282.418,5805971.927],[404265.396,5806024.293],[404275.381,5806096.142],[404267.295,5806115.931],[404135.062,5806150.779],[404087.797,5806149.187],[404020.298,5806333.135],[403976.862,5806415.806],[403908.133,5806400.164],[403824.555,5806395.459],[403775.666,5806463.66],[403751.383,5806514.946],[403708.232,5806564.188],[403685.457,5806619.937],[403862.11,5806860.583],[403805.686,5806916.559],[403701.799,5807008.762],[403590.123,5807118.841],[403535.133,5807183.799],[403514.557,5807167.562],[403452.173,5807248.088],[403316.079,5807385.508],[403239.975,5807478.533],[403062.479,5807521.785],[402975.272,5807762.48],[402955.939017,5807793.888488],[402918.921,5807749.683],[402880.251,5807688.243],[402916.504,5807634.484],[402935.583,5807572.501],[402959.564,5807425.17],[402963.717,5807364.101],[402961.232,5807240.184],[402937.952,5807138.012],[402893.349,5807048.767],[402862.378,5807008.06],[402819.307,5806968.04],[402668.377,5806881.407],[402558.845,5806824.108],[402295.563,5806690.99],[402185.6,5806657.662],[402121.343,5806648.725],[402003.379,5806608.32],[401940.247,5806567.334],[401859.469,5806505.018],[401826.629,5806560.709],[401715.279,5806712.831],[401685.794,5806759.875],[401665.061,5806816.778],[401662.178,5806912.189],[401682.880287,5806977.54353],[401725.095,5807041.098]]]},"properties":{"PLR_ID":"09301025","PLR_NAME":"Alt-Bohnsdorf","BEZ":"09","STAND":"01.01.2021","GROESSE_M2":5534318.435}},
{"type":"Feature","geometry":{"type":"Polygon","coordinates":[[[401991.487962,5812415.951911],[401980.6,5812414.45],[401745,5812428.9],[401618.4,5812476.4],[401565.1,5812484.1],[401518.8,5812513.7],[401364.727,5812567.017],[401199.657,5812644.967],[401086.8,5812675.5],[400970.928,5812697.979],[400803.868,5812716.493],[400670.687,5812714.184],[400622.575,5812696.093],[400475.456,5812567.997],[400323.731,5812480.995],[400279.534074,5812467.39284],[400162.373,5812431.807],[400006.95,5812406.55],[399876.563,5812435.668],[399814.887,5812457.52],[399703.323,5812507.056],[399624.698,5812556.608],[399554.194,5812622.436],[399519.339,5812667.624],[399471.415,5812762.022],[399440.845,5812877.526],[399420.605,5812918.241],[399382.29,5812962.862],[399315.153,5812999.025],[399211.566,5813016.082],[399110.237,5813049.959],[399017.295,5813112.315],[398954.458,5813161.447],[398855.9,5813236.3],[398785.85,5813297.2],[398643.402,5813392.645],[398492.718,5813473.841],[398345.918,5813589.201],[398276.795,5813661.238],[398244.799,5813719.161],[398172.515,5813883.189],[398078.83,5814128.086],[398040.792,5814262.666],[398009.909,5814280.792],[397960.508,5814264.49],[397803.734,5814001.807],[397692.659,5813823.564],[397679.273631,5813810.224262],[397660.022347,5813770.295211],[397791.43,5813650.5],[397802.211,5813633.757],[397882.75,5813565.375],[397975.9,5813465.168],[398014.318,5813411.958],[398121.257,5813284.492],[398342.801,5813021.227],[398414.392,5812942.734],[398476.163,5812861.597],[398610.318,5812713.172],[398691.284,5812643.111],[398674.967,5812623.341],[398737.181,5812552.55],[398854.187108,5812656.164776],[398870.58966,5812636.913204],[398894.78,5812646.41],[398937.514,5812593.824],[398954.622,5812587.962],[399071.068,5812456.466],[399066.478,5812449.328],[399191.535,5812312.554],[399328.609,5812177.772],[399408.821,5812086.458],[399462.785,5812080.314],[399554.911,5811978.592],[399588.338,5812007.585],[399609.845,5812007.057],[399610.703,5812035.785],[399718.335,5812023.963],[399726.671,5812050.079],[399704.891,5812058.722],[399687.87,5812120.289],[399706.129,5812125.101],[399714.31,5812095.735],[399863.325,5812139.392],[400430.061,5812294.762],[400448.984,5812309.224],[400642.71,5812350.176],[400884.663,5812418.952],[400900.885,5812432.204],[401008.518,5812455.058],[401075.204,5812453.682],[401127.696473,5812437.867317],[401401.175,5812335.478],[401387.321,5812323.03],[401799.794,5812164.75],[401955.003,5812101.906],[401997.816,5812072.836],[401997.254,5812085.875],[402038.481,5812049.976],[402026.489963,5812420.943224],[401991.487962,5812415.951911]]]},"properties":{"PLR_ID":"09200613","PLR_NAME":"Bahnhof Schöneweide","BEZ":"09","STAND":"01.01.2021","GROESSE_M2":1905365.32}},
{"type":"Feature","geometry":{"type":"Polygon","coordinates":[[[398020.017,5832913.158],[398077.775,5832849.312],[398164.577,5832802.112],[398248.104,5832719.142],[398271.763,5832712.077],[398333.974778,5832642.75608],[398421.502,5832563.414],[398516.397,5832485.442],[398569.852,5832423.01],[398713.4,5832267.25],[398729.157,5832254.581],[398938.067,5832022.614],[398943.349,5831992.846],[399006.154,5831784.01],[399009.667,5831781.024],[399167.956,5831867.975],[399244.924,5831906.521],[399467.51,5831996.21],[399683.806,5832095.305],[399730.714,5832323.069],[399827.328,5832640.215],[399873.42,5832775.196],[399907.927,5832907.148],[399921.226,5832972.727],[399968.657,5833101.47],[400022.231,5833334.172],[400033.089,5833442.356],[400063.676,5833698.148],[400071.362,5833808.657],[399893.018,5833794.768],[399863.953,5833864.535],[399858.472,5833898.516],[399821.63,5834026.461],[399678.444,5833986.78],[399543.767,5833940.142],[399382.532,5833863.415],[399323.039,5833912.345],[399191.564,5834032.138],[399042.742,5833901.293],[398922.071111,5833789.122468],[398541.801526,5833463.293479],[398544.157,5833460.498],[398384.68,5833326.909],[398183.323,5833153.863],[397999.914,5832942.237],[398020.017,5832913.158]]]},"properties":{"PLR_ID":"03100102","PLR_NAME":"Klinikum Buch","BEZ":"03","STAND":"01.01.2021","GROESSE_M2":2732305.923}},
{"type":"Feature","geometry":{"type":"Polygon","coordinates":[[[395214.082,5815423.553],[395252.652,5815393.906],[395248.874676,5815361.160886],[395332.01,5815286.213],[395256.759,5814775.171],[395216.113,5814497.55],[395203.076383,5814471.698751],[395231.5,5814475.908],[395397.553,5814393.19],[395483.052,5814357.757],[395562.833,5814343.962],[395555.702,5814333.308],[395633.654,5814340.134],[395757.658,5814361.436],[395808.185,5814362.564],[395803.269,5814375.457],[396144.649,5814443.38],[396191.799,5814447.793],[396236.668,5814484.806],[396142.623,5814640.29],[396075.15,5814765.491],[396054.12,5814824.295],[396054.127,5814860.402],[396081.336,5814953.596],[396111.617,5815084.758],[396126.602,5815182.903],[395502.991,5815933.902],[395504.858,5815952.195],[395331.229,5816158.047],[395321.863,5816148.776],[395219.704,5815431.075],[395214.082,5815423.553]]]},"properties":{"PLR_ID":"08100520","PLR_NAME":"Weiße Siedlung","BEZ":"08","STAND":"01.01.2021","GROESSE_M2":1120618.029}},
{"type":"Feature","geometry":{"type":"Polygon","coordinates":[[[383195.353,5811554.984],[382360.647,5811153.334],[382339.101,5811117.4],[382102.538,5810942.163],[382035.497,5810906.679],[381940.455069,5810871.029651],[382037.297,5810604.302],[382138.896,5810341.396],[382601.226,5810349.662],[382615.342,5810347.51],[383012.498,5810502.837],[383049.784,5810515.398],[383082.197,5810606.166],[383139.729,5810870.046],[383138.743,5810891.303],[383180.907,5811076.84],[383214.709,5811202.809],[383240.309,5811225.001],[383215.611,5811241.89],[383225.431,5811284.01],[383252.702,5811403.554],[383266.288,5811431.804],[383304.252,5811607.321],[383195.353,5811554.984]]]},"properties":{"PLR_ID":"06300527","PLR_NAME":"Sundgauer Straße","BEZ":"06","STAND":"01.01.2021","GROESSE_M2":979984.266}},
{"type":"Feature","geometry":{"type":"Polygon","coordinates":[[[403495.848,5824430.586],[403604.791,5824404.549],[403751.802,5824297.412],[403893.981,5824188.324],[404090.586,5824082.467],[404122.480079,5824089.694684],[404079.431,5824146.384],[404057.49,5824190.438],[404039.95,5824251.351],[404041.296,5824330.839],[404035.852,5824407.72],[404005.227,5824557.99],[404004.674,5824603.754],[404014.719,5824686.316],[403979.465,5824789.581],[403966.02,5824848.764],[403971.145,5824889.97],[403963.502,5824934.485],[403987.076,5825022.154],[403983.628,5825130.366],[403933.483,5825293.52],[403903.84,5825401.981],[403868.702,5825506.379],[403621.069,5825513.509],[403605.092,5825557.935],[403562.674,5825712.213],[403429.428,5825818.605],[403410.224,5825812.913],[403427.039098,5825777.233541],[403411.676,5825649.737],[403411.656,5825607.323],[403460.45,5825432.677],[403468.097,5825341.086],[403453.803,5825292.87],[403371.711,5825136.286],[403351.907,5825124.678],[403141.796,5824754.202],[403149.459533,5824749.888839],[403085.76,5824636.414],[403060.903,5824578.196],[403041.189,5824447.338],[403063.138,5824450.198],[403261.931,5824427.193],[403299.009,5824426.779],[403390.746,5824448.229],[403436.353,5824452.735],[403495.848,5824430.586]]]},"properties":{"PLR_ID":"10100104","PLR_NAME":"Golliner Straße","BEZ":"10","STAND":"01.01.2021","GROESSE_M2":885234.901}},
{"type":"Feature","geometry":{"type":"Polygon","coordinates":[[[395303.042,5816192.24],[395331.229,5816158.047],[395504.858,5815952.195],[395502.991,5815933.902],[396126.602,5815182.903],[396111.617,5815084.758],[396081.336,5814953.596],[396054.127,5814860.402],[396054.12,5814824.295],[396075.15,5814765.491],[396350.453,5814992.172],[396347.304,5814995.977],[396465.954,5815093.75],[396487.134,5815099.891],[396527.106,5815137.712],[396656.346,5815244.594],[396283.281,5815674.698],[396300.128,5815697.298],[396219.496,5815795.325],[395520.412,5816601.417],[395395.098672,5816741.537998],[395377.823,5816717.237],[395353,5816634.388],[395346.365,5816564.904],[395259.674,5816483.288],[395292.619,5816453.898],[395279.462,5816441.863],[395302.205448,5816404.101228],[395333.307,5816239.413],[395303.042,5816192.24]]]},"properties":{"PLR_ID":"09100202","PLR_NAME":"Plänterwald West","BEZ":"09","STAND":"01.01.2021","GROESSE_M2":854058.97}},
{"type":"Feature","geometry":{"type":"Polygon","coordinates":[[[390248.95,5813344.516],[390327.41,5813799.287],[390338.205,5813912.163],[390341.381,5814050.369],[390348.590708,5814050.329596],[390364.45,5814549.972],[390360.38,5814575.844],[390322.586,5814589.269],[390315.917,5814553.865],[390226.457,5814558.755],[389887.16,5814568.546],[389829.128,5814573.469],[389825.399,5814389.994],[389843.776,5814284.183],[389848.052,5814216.127],[389838.657,5814152.711],[389811.644,5814086.19],[389708.085,5813436.741],[390035.066,5813382.849],[390034.966,5813379.731],[390248.95,5813344.516]]]},"properties":{"PLR_ID":"07400824","PLR_NAME":"Bosepark","BEZ":"07","STAND":"01.01.2021","GROESSE_M2":636900.462}},
{"type":"Feature","geometry":{"type":"Polygon","coordinates":[[[388876.859,5815037.107],[388855.118,5815007.709],[388846.944,5814966.885],[388862.838,5814958.045],[388720.3,5814597.901],[388654.466,5814405.269],[388601.193,5814258.427],[388461.596,5813891.514],[388330.242,5813581.113],[388314.604,5813582.228],[388313.461,5813545.351],[388295.026,5813468.151],[388288.343,5813395.785],[388283.699,5813191.775],[388295.056,5813171.414],[388502.3,5813114.028],[388543.905,5813068.144],[388643.134,5813024.773],[388833.044,5812990.85],[389254.5,5812963.851],[389218.242,5813066.382],[389232.909,5813274.097],[389265.651,5813284.824],[389300.536,5813319.46],[389317.642,5813395.612],[389311.162,5813450.279],[389295.458,5813479.088],[389249.629,5813510.85],[389301.857,5814247.869],[389330.277,5814592.992],[389344.153,5814623.346],[389349.745,5814691.128],[389307.351,5814689.964],[389234.012507,5814720.481569],[389145.093,5814805.844],[389072.18,5814885.598],[389029.87,5814950.639],[389011.114,5814995.502],[388988.458,5814984.348],[388971.43,5814959.964],[388876.859,5815037.107]]]},"properties":{"PLR_ID":"07400822","PLR_NAME":"Lindenhofsiedlung","BEZ":"07","STAND":"01.01.2021","GROESSE_M2":1453428.626}},
{"type":"Feature","geometry":{"type":"Polygon","coordinates":[[[403392.043,5824316.689],[403447.415,5824251.703],[403463.739,5824191.577],[403462.654,5824119.511],[403442.53,5824050.144],[403373.856,5823760.184],[403351.787327,5823692.292957],[403263.584,5823319.461],[403253.724,5823249.09],[403181.141949,5822933.425586],[403181.457104,5822860.386869],[403166.127197,5822779.852446],[403255.057,5822816.571],[403299.438539,5822825.996803],[403361.245454,5822852.320982],[403350.452,5822882.308],[403556.86,5822961.801],[403588.541,5822966.698],[403596.292,5822947.683],[403653.423,5822985.13],[403828.457,5823051.482],[404021.084,5823115.978],[404076.227,5823126.253],[404142.745,5823123.964],[404150.942,5823147.081],[404190.317,5823282.494],[404191.278,5823337.601],[404235.031,5823436.351],[404252.104,5823520.755],[404248.932,5823581.962],[404253.347,5823661.088],[404245.534,5823776.291],[404229.978,5823841.739],[404199.91,5823898.702],[404174.006,5824007.739],[404122.480079,5824089.694684],[404090.586,5824082.467],[403893.981,5824188.324],[403751.802,5824297.412],[403604.791,5824404.549],[403495.848,5824430.586],[403420.276,5824338.895],[403392.043,5824316.689]]]},"properties":{"PLR_ID":"10100207","PLR_NAME":"Ahrensfelder Berge","BEZ":"10","STAND":"01.01.2021","GROESSE_M2":1099130.226}},
{"type":"Feature","geometry":{"type":"Polygon","coordinates":[[[397036.131,5814554.683],[397109.916,5814473.905],[397414.548,5814128.816],[397513.528,5814013.782],[397679.273631,5813810.224262],[397692.659,5813823.564],[397803.734,5814001.807],[397960.508,5814264.49],[398009.909,5814280.792],[398040.792,5814262.666],[398002.756,5814336.56],[397941.348,5814395.493],[397892.977,5814412.653],[397870.85,5814433.25],[397832.667,5814511.527],[397845.712,5814517.593],[397829.103,5814552.52],[397808.093,5814542.694],[397776.619,5814639.127],[397599.195,5814407.866],[397277.666,5815025.525],[397015.882,5814831.257],[397153.528,5814674.065],[397083.216,5814611.58],[397075.663,5814619.129],[397019.398,5814572.48],[397036.131,5814554.683]]]},"properties":{"PLR_ID":"09100305","PLR_NAME":"Baumschulenweg Ost","BEZ":"09","STAND":"01.01.2021","GROESSE_M2":496802.575}},
{"type":"Feature","geometry":{"type":"Polygon","coordinates":[[[398166.087025,5817854.192816],[398197.899,5817853.959],[398258.842,5817878.185],[398264.603,5817896.982],[398393.618,5817938.772],[398631.486,5818007.073],[398845.26,5818065.499],[398884.361,5818094.37],[399108.048,5818280.457],[399092.46,5818321.707],[399013.552,5818451.633],[398974.085,5818439.546],[398939.574,5818498.237],[398541.241,5818713.194],[398427.222,5818465.901],[398153.049,5817876.269],[398166.087025,5817854.192816]]]},"properties":{"PLR_ID":"11400930","PLR_NAME":"Zachertstraße","BEZ":"11","STAND":"01.01.2021","GROESSE_M2":404076.256}},
{"type":"Feature","geometry":{"type":"Polygon","coordinates":[[[390858.077,5809660.394],[390479.097,5810835.235],[390439.035,5810940.492],[390421.279,5811048.526],[390442.135,5811051.582],[390441.904,5811115.898],[390422.55,5811128.927],[390407.913,5811201.112],[390387.794905,5811247.399437],[390362.278,5811237.628],[390128.022,5811176.453],[390017.638,5811142.45],[390010.303,5811116.407],[389915.949,5810962.268],[389861.56,5810959.323],[389523.858,5810882.34],[389237.621,5810824.764],[389166.251,5810802.402],[389034.324,5810741.93],[389167.859,5810354.912],[389226.486,5810200.83],[389260.593,5810102.36],[389282.138,5810023.267],[389529.6,5809964.571],[389515.768,5809923.514],[389733.419,5809859.6],[389742.674,5809874.554],[389952.888,5809812.837],[389949.093,5809796.261],[390088.7605,5809755.37],[390264.476,5809781.909],[390268.633,5809787.539],[390372.873,5809803.237],[390379.551,5809794.181],[390415.204,5809526.655],[390413.879,5809521.091],[390858.077,5809660.394]]]},"properties":{"PLR_ID":"07501133","PLR_NAME":"Fritz-Werner-Straße","BEZ":"07","STAND":"01.01.2021","GROESSE_M2":1756161.582}},
{"type":"Feature","geometry":{"type":"Polygon","coordinates":[[[403946.109,5811020.087],[403952.675,5811025.41],[404184.046,5811026.844],[404368.609,5811042.677],[404384.403,5811148.821],[404404.995,5811463.358],[404402.718,5811481.473],[404412.141,5811667.829],[404411.271,5811754.158],[404401.597,5811781.187],[404397.338,5811852.929],[404386.349,5811911.433],[404263.674,5811912.747],[404126.368,5811908.405],[404075.987,5811897.043],[404022.373,5811870.137],[403954.496,5811814.106],[403858.25,5811691.2],[403866.95,5811660.05],[403800.363,5811600.813],[403749.203,5811604.902],[403769.131,5811543.358],[403738.148,5811604.558],[403683.068,5811582.717],[403662.009,5811536.621],[403771.634,5811456.322],[403811.454,5811414.89],[403803.944,5811407.449],[403817.756565,5811387.823741],[403771.498,5811355.36],[403712.909,5811298.344],[403665.831,5811235.553],[403677.795,5811208.438],[403868.76,5811083.294],[403931.472,5811037.83],[403946.109,5811020.087]]]},"properties":{"PLR_ID":"09401431","PLR_NAME":"Allende I","BEZ":"09","STAND":"01.01.2021","GROESSE_M2":513546.383}},
{"type":"Feature","geometry":{"type":"Polygon","coordinates":[[[385328.805,5815755.997],[385117.308905,5815575.727325],[385091.404,5814943.656],[385084.807,5814920.252],[385075.45,5814711.783],[385082.112,5814593.506],[385097.193,5814514.142],[385084.049,5814473.992],[385026.911,5814426.115],[385099.723,5814373.344],[385136.615,5814405.121],[385197.43,5814416.837],[385298.094872,5814470.111767],[385268.425,5814501.828],[385361.123,5814628.548],[385409.537,5814709.967],[385483.289,5814862.494],[385491.366,5814898.074],[385506.946,5815156.946],[385496.218,5815242.742],[385447.992,5815435.55],[385386.311,5815613.608],[385349.704079,5815684.235112],[385368.027,5815702.057],[385328.805,5815755.997]]]},"properties":{"PLR_ID":"04400834","PLR_NAME":"Binger Straße","BEZ":"04","STAND":"01.01.2021","GROESSE_M2":423122.92}},
{"type":"Feature","geometry":{"type":"Polygon","coordinates":[[[380808.117,5812284.404],[380827.006,5812258.076],[380733.524,5812167.238],[380602.458,5812020.611],[380517.627,5811911.137],[380417.324726,5811764.041486],[380416.618,5811724.148],[380291.072,5811583.12],[380176.673,5811479.622],[380056.611,5811393.479],[379973.575,5811320.939],[379837.909,5811165.479],[379805.350573,5811122.645166],[379728.378,5810974.609],[379697.269,5810888.613],[379675.518,5810788.287],[379666.497,5810648.793],[379673.48,5810505.984],[379683.263,5810479.033],[379713.913,5810484.873],[380377.309,5810716.527],[380492.005,5810748.152],[380986.7,5810857.034],[381369.104,5810939.372],[381475.973,5810957.5],[381628.466,5810907.055],[381580.996,5811014.26],[381584.471736,5811019.200772],[381431.208,5811387.307],[381420.923,5811427.1],[381391.722,5811696.614],[381397.465,5811722.48],[381272.14,5811897.007],[381276.539,5811900.133],[380944.228,5812361.612],[380920.855,5812383.995],[380808.117,5812284.404]]]},"properties":{"PLR_ID":"06400839","PLR_NAME":"Fischerhüttenstraße","BEZ":"06","STAND":"01.01.2021","GROESSE_M2":1832730.063}},
{"type":"Feature","geometry":{"type":"Polygon","coordinates":[[[392452.09,5813981.338],[392305.096,5813962.519],[392270.615,5813953.938],[392223.713,5813927.669],[392178.159,5813885.954],[392145.411,5813881.622],[392128.084,5813857.048],[392081.891,5813544.773],[392060.292,5813385.875],[392059.339,5813318.891],[392089.615779,5813213.145962],[392209.631,5813185.233],[392184.633,5813162.818],[392344.901,5813109.828],[392386.140137,5813082.280709],[392548.118,5813015.611],[392702.100428,5812976.801991],[392724.328,5813013.506],[392786.51,5813002.324],[392978.744,5812990.761],[393089.265,5812999.719],[392983.719,5813113.636],[392943.063,5813147.306],[392690.688,5813305.32],[392749.342,5813447.282],[392871.529,5813416.642],[392858.57,5813518.68],[392788.583,5813542.208],[392802.442,5813652.665],[392786.958,5813692.574],[392775.57,5813762.871],[392773.907,5813963.641],[392769.887,5814023.582],[392751.081,5814021.12],[392452.09,5813981.338]]]},"properties":{"PLR_ID":"07400928","PLR_NAME":"Germaniagarten","BEZ":"07","STAND":"01.01.2021","GROESSE_M2":660309.401}},
{"type":"Feature","geometry":{"type":"Polygon","coordinates":[[[403784.25699,5822019.522903],[404039.984,5821977.396],[404167.338,5821950.706],[404283.955,5821948.574],[404330.203,5821962.146],[404479.334,5821976.778],[404517.278313,5821984.682364],[404508.139,5822067.752],[404786.539,5822111.426],[404781.513,5822209.935],[404774.013,5822224.629],[404759.946,5822349.155],[404763.088,5822378.286],[404799.297095,5822525.942048],[404647.662,5822563.403],[404521.351,5822591.205],[404490.164,5822606.021],[404428.898,5822618.872],[404432.201,5822634.786],[404002.550072,5822742.916687],[404099.628,5822957.757],[404157.427,5823049.44],[404168.116,5823075.712],[404130.123,5823082.332],[404036.414,5822919.581],[404003.693,5822822.153],[403952.626,5822737.868],[403910.312,5822646.868],[403901.181,5822608.284],[403871.606,5822539.346],[403821.329,5822474.639],[403763.99,5822377.472],[403748.674,5822289.343],[403758.578,5822129.828],[403771.786,5822040.466],[403784.25699,5822019.522903]]]},"properties":{"PLR_ID":"10200418","PLR_NAME":"Kyritzer Straße","BEZ":"10","STAND":"01.01.2021","GROESSE_M2":642564.559}},
{"type":"Feature","geometry":{"type":"Polygon","coordinates":[[[394996.756,5819856.727],[394989.111,5819802.4],[395016.172,5819784.197],[395061.24355,5819555.955212],[395063.336159,5819514.459849],[395477.724,5819435.938],[395515.796,5819432.504],[395532.314,5819471.956],[395700.139039,5819979.916527],[395693.45,5819979.173],[395194.255,5820139.456],[395088.798,5819915.978],[395035.741,5819910.365],[394996.756,5819856.727]]]},"properties":{"PLR_ID":"02500727","PLR_NAME":"Forckenbeckplatz","BEZ":"02","STAND":"01.01.2021","GROESSE_M2":338013.859}},
{"type":"Feature","geometry":{"type":"Polygon","coordinates":[[[399235.483,5825786.145],[399233.968,5825909.282],[399260.797,5825995.522],[399172.099,5826002.5],[399176.919,5826068.182],[399185.84,5826079.811],[399198.185,5826208.833],[399132.128,5826222.299],[399144.102,5826392.224],[399033.24,5826398.884],[399039.340145,5826477.674495],[398968.291,5826458.23],[398886.246,5826428.47],[398849.658,5826407.507],[398724.852,5826358.5],[398661.071,5826363.904],[398575.702,5826356.69],[398498.025,5826328.052],[398401.417,5826315.093],[398347.313,5826289.436],[398281.809,5826241.273],[398274.68,5826220.417],[398334.916,5826144.546],[398553.424,5825846.165],[398639.062,5825720.437],[398648.577,5825712.897],[398769.515,5825555.86],[398830.137,5825464.865],[398920.976,5825339.228],[399069.7,5825146.416],[399145.443,5825038.157],[399295.282,5825125.224],[399277.05296,5825150.119178],[399325.92247,5825186.261185],[399281.272,5825229.54],[399151.408,5825256.499],[399107.017,5825275.103],[398939.727417,5825504.789538],[399106.851,5825628.83],[399129.307816,5825635.957312],[399189.918,5825681.232],[399216.071,5825710.488],[399235.483,5825786.145]]]},"properties":{"PLR_ID":"11100206","PLR_NAME":"Wartenberg Nord","BEZ":"11","STAND":"01.01.2021","GROESSE_M2":659163.079}},
{"type":"Feature","geometry":{"type":"Polygon","coordinates":[[[392994.018,5821755.553],[392807.976,5821275.552],[392719.759,5821110.633],[392628.612,5820982.431],[392552.733,5820843.362],[392793.702,5820666.935],[393063.269,5820924.692],[393145.418,5820918.767],[393157.642,5820942.685],[393127.764,5820959.988],[393058.441,5820977.66],[393439.335,5821491.209],[392994.018,5821755.553]]]},"properties":{"PLR_ID":"03701659","PLR_NAME":"Immanuelkirchstraße","BEZ":"03","STAND":"01.01.2021","GROESSE_M2":416209.907}},
{"type":"Feature","geometry":{"type":"Polygon","coordinates":[[[401169.509,5825003.225],[401134.048,5825040.246],[400903.069,5825198.737],[400829.981,5825151.143],[400768.887,5825200.531],[400761.392,5825191.255],[400691.537,5825245.799],[400630.596,5825315.792],[400634.541,5825359.672],[400541.615,5825443.403],[400487.839,5825455.905],[400470.419,5825472.259],[400352.001247,5825450.774985],[399935.371,5825373.242],[399934.594,5825377.556],[399748.677,5825343.14],[399772.178,5825227.214],[399789.13,5825196.964],[399942.867,5824992.218],[400005.657,5824900.112],[400024.844,5824890.098],[400224.467,5824620.296],[400273.141,5824653.826],[400327.216,5824652.796],[400325.425,5824552.951],[400285.711,5824438.009],[400216.679,5824258.411],[400211.06,5824220.612],[400261.286,5824269.521],[400288.393,5824253.207],[400387.888036,5824151.074036],[400619.298,5824378.705],[400756.834,5824544.189],[401024.397,5824875.701],[401122.85,5824994.614],[401169.509,5825003.225]]]},"properties":{"PLR_ID":"11100203","PLR_NAME":"Falkenberg Ost","BEZ":"11","STAND":"01.01.2021","GROESSE_M2":909961.257}},
{"type":"Feature","geometry":{"type":"Polygon","coordinates":[[[396121.731,5820874.367],[396109.008,5820831.477],[396134.013,5820827.752],[396117.745,5820773.36],[396084.478,5820776.538],[396016.217,5820552.145],[396010.143,5820549.186],[395983.543,5820451.059],[395971.866,5820426.855],[396036.779957,5820392.622896],[396105.808,5820357.058],[396211.771,5820320.589],[396215.395,5820340.123],[396256.007,5820331.208],[396398.746,5820315.329],[396543.534,5820308.838],[396693.445,5820308.695],[396837.615,5820317.458],[396879.534,5820315.379],[396867.893,5820326.683],[396870.626,5820448.261],[396887.095,5820656.863],[396896.748293,5820683.189935],[396808.538,5820677.826],[396713.456,5820686.989],[396578.298,5820730.9],[396448.503,5820769.3],[396398.492,5820780.187],[396380.593,5820800.476],[396127.438,5820877.317],[396121.731,5820874.367]]]},"properties":{"PLR_ID":"11300619","PLR_NAME":"Rudolf-Seiffert-Park","BEZ":"11","STAND":"01.01.2021","GROESSE_M2":372623.718}},
{"type":"Feature","geometry":{"type":"Polygon","coordinates":[[[392916.54,5817704.354],[392733.829,5817705.069],[392661.415,5817690.868],[392659.19,5817689.02],[392736.802,5817442.915],[392754.298,5817397.547],[392765.422,5817364.718],[392860.528,5817336.011],[392923.702,5817305.992],[393306.653,5817091.128],[393336.954,5817133.908],[393586.653113,5817530.113219],[393484.930122,5817589.765424],[393526.404,5817658.948],[393514.672,5817704.017],[393461.505449,5817693.243898],[393414.582,5817722.082],[393290.857,5817713.697],[393202.417,5817702.857],[393181.241,5817664.603],[393108.655,5817704.99],[392916.54,5817704.354]]]},"properties":{"PLR_ID":"02300417","PLR_NAME":"Reichenberger Straße West","BEZ":"02","STAND":"01.01.2021","GROESSE_M2":369691.05}},
{"type":"Feature","geometry":{"type":"Polygon","coordinates":[[[391710.821,5818713.293],[391669.93,5818749.608],[391598.626,5818800.451],[391426.713,5818897.752],[391358.488,5818754.742],[391207.264,5818438.445],[391082.677,5818165.277],[391076.342,5818168.252],[391037.441,5818086.505],[391031.132,5818027.768],[391045.489,5817945.203],[391123.827036,5817716.457259],[391120.117349,5817634.50356],[391133.344,5817632.198],[391167.852,5817646.184],[391244.086,5817657.519],[391338.474803,5817657.257593],[391353.55,5817687.249],[391403.947,5817790.318],[391198.954,5817877.216],[391253.179,5818031.485],[391282.331,5818031.191],[391463.04,5818107.077],[391494.84,5818115.578],[391572.065,5818106.783],[391635.561,5818220.356],[391744.478,5818415.198],[391521.359596,5818521.521389],[391560.846,5818570.968],[391633.292,5818635.724],[391710.821,5818713.293]]]},"properties":{"PLR_ID":"02100103","PLR_NAME":"Am Berlin Museum","BEZ":"02","STAND":"01.01.2021","GROESSE_M2":413261.601}},
{"type":"Feature","geometry":{"type":"Polygon","coordinates":[[[399498.258,5814797.07],[399508.738176,5814789.54987],[399400.594,5814626.238],[399367.853,5814563.26],[399184.57,5814292.009],[399127.328,5814222.999],[399131.633,5814206.086],[399209.328,5814156.194],[399337.195,5814081.571],[399445.167,5814043.731],[399491.615,5814022.528],[399706.388,5813865.824],[400260.677,5813456.607],[400313.241,5813418.71],[400291.209,5813393.446],[400083.872,5813206.288],[400071.29,5813190.693],[399916.372,5813051.358],[399914.758,5813035.791],[400023.408,5812897.402],[400066.826,5812880.382],[400078.905,5812862.57],[400074.941,5812815.284],[400279.534074,5812467.39284],[400323.731,5812480.995],[400475.456,5812567.997],[400622.575,5812696.093],[400670.687,5812714.184],[400803.868,5812716.493],[400970.928,5812697.979],[401086.8,5812675.5],[401199.657,5812644.967],[401364.727,5812567.017],[401518.8,5812513.7],[401565.1,5812484.1],[401618.4,5812476.4],[401745,5812428.9],[401980.6,5812414.45],[401991.487962,5812415.951911],[401987.568684,5812553.008452],[401972.165,5812554.945],[401965.912,5812683.577],[401971.835,5812725.979],[402306.814,5812800.355],[402339.556,5812810.841],[402401.83,5812813.491],[402261.876,5813031.585],[402255.858,5813047.548],[401878.61,5813773.236],[401682.724299,5814157.441172],[401681.135133,5814184.47101],[401711.405,5814235.792],[401699.81,5814260.435],[401615.38,5814283.722],[401563.101,5814314.371],[401469.763,5814389.077],[401448.674,5814415.096],[401000.346,5814753.286],[400975.423,5814757.905],[400826.929,5814871.126],[400483.215,5814450.888],[400240.446,5814149.825],[400194.563,5814100.522],[399980.391,5814403.773],[399849.509,5814599.142],[399725.46,5814769.473],[399643.451,5814870.062],[399586.813,5814922.943],[399498.258,5814797.07]]]},"properties":{"PLR_ID":"09200512","PLR_NAME":"Wuhlheide","BEZ":"09","STAND":"01.01.2021","GROESSE_M2":4246764.664}},
{"type":"Feature","geometry":{"type":"Polygon","coordinates":[[[390628.901,5821574.142],[390482.492,5821478.065],[390404.056,5821430.662],[390340.939,5821400.922],[390275.587,5821358.857],[390423.216,5821150.66],[390578.331,5820938.612],[390601.995,5820914.063],[391019.919,5821044.315],[391284.31,5821143.103],[391302.627,5821146.928],[391515.182,5821161.315],[391546.912,5821191.914],[391414.612,5821459.265],[391410.006,5821498.776],[391377.658,5821488.686],[391298.193,5821884.826],[391204.053,5822097.635],[391043.604,5822027.124],[391023.176,5822009.87],[390828.726,5821816.039],[390809.811,5821802.54],[390662.43,5821599.966],[390628.901,5821574.142]]]},"properties":{"PLR_ID":"01100415","PLR_NAME":"Invalidenstraße","BEZ":"01","STAND":"01.01.2021","GROESSE_M2":780145.036}},
{"type":"Feature","geometry":{"type":"Polygon","coordinates":[[[398265.115757,5818914.616496],[398259.052,5818867.142],[398541.241,5818713.194],[398939.574,5818498.237],[398974.085,5818439.546],[399013.552,5818451.633],[399092.46,5818321.707],[399108.048,5818280.457],[399144.407,5818293.388],[399288.428,5818304.684],[399483.821,5818305.326],[399552.488,5818325.329],[399535.488,5818459.491],[399570.128162,5818466.152872],[399536.502,5818639.179],[399553.967,5818684.605],[399550.575,5818789.957],[399550.25958,5818789.993904],[399189.637,5818833.966],[399182.423,5818776.933],[399005.832,5818815.845],[398455.885,5818881.012],[398265.115757,5818914.616496]]]},"properties":{"PLR_ID":"11400931","PLR_NAME":"Massower Straße","BEZ":"11","STAND":"01.01.2021","GROESSE_M2":415395.107}},
{"type":"Feature","geometry":{"type":"Polygon","coordinates":[[[384163.145,5808701.25],[384184.929,5808647.84],[384173.958,5808567.194],[384157.205,5808533.314],[384102.786,5808508.131],[384208.906,5808328.786],[384441.099,5807962.839],[384618.19,5807692.373],[384808.978,5807377.05],[384911.376,5807738.851],[384941.128,5807870.167],[384947.705,5807867.922],[385014.722,5808068.535],[385036.353,5808064.425],[385083.036743,5808080.748034],[385085.408,5808152.217],[385054.058,5808160.002],[385063.64,5808204.906],[385125.822,5808364.154],[385131.57,5808361.965],[385161.392,5808444.303],[385236.541,5808620.273],[385234.418,5808623.813],[385321.514,5808796.253],[385357.923,5808818.522],[385324.081,5808885.818],[385336.056,5808909.001],[385327.618,5808923.051],[385313.135,5808893.928],[385284.039,5808953.279],[385184.753,5809118.662],[385180.992,5809115.394],[385104.791,5809234.063],[385191.803,5809308.115],[385057.645,5809463.573],[384983.946,5809561.787],[384903.124,5809624.558],[384838.942949,5809657.167687],[384721.4,5809414.598],[384707.633,5809393.407],[384594.224,5809159.681],[384563.692,5809080.08],[384467.894254,5808950.888552],[384418.087,5808898.533],[384342.775089,5808833.955364],[384255.244105,5808776.539324],[384153.752818,5808720.907638],[384163.145,5808701.25]]]},"properties":{"PLR_ID":"06200420","PLR_NAME":"Lichterfelde Süd","BEZ":"06","STAND":"01.01.2021","GROESSE_M2":1370724.921}},
{"type":"Feature","geometry":{"type":"Polygon","coordinates":[[[400211.490791,5807296.068758],[399721.423,5807431.503],[399676.972,5807305.449],[399675.909,5807278.439],[399624.913,5807159.954],[399620.694,5807161.804],[399511.8,5806908.938],[399511.412,5806897.997],[399396.426,5806631.587],[399431.702,5806620.365],[399499.984,5806561.818],[399619.716,5806484.37],[399740.287,5806432.066],[399812.127,5806756.379],[399824.84,5806781.836],[399942.961,5806878.801],[399988.111235,5806910.132311],[400140.063,5807174.962],[400194.96,5807253.215],[400211.490791,5807296.068758]]]},"properties":{"PLR_ID":"09300922","PLR_NAME":"Kosmos Viertel","BEZ":"09","STAND":"01.01.2021","GROESSE_M2":380869.074}},
{"type":"Feature","geometry":{"type":"Polygon","coordinates":[[[391204.053,5822097.635],[391236.406,5822107.787],[391729.113,5822322.541],[391719.687,5822355.289],[391627.38,5822314.9],[391555.604,5822520.766],[391514.324,5822679.258],[391489.323,5822867.102],[391451.651,5823031.613],[391526.327,5823042.771],[391459.738,5823313.766],[391441.604,5823516.476],[391301.911,5823499.34],[391305.382,5823489.91],[391237.192,5823431.532],[391194.59,5823408.157],[391125.651,5823384.47],[391077.827,5823375.324],[390759.431,5823358.575],[390709.634,5823350.549],[390680.481,5823362.059],[390656.638,5823337.926],[390627.97,5823331.875],[390684.993,5823273.355],[390697.796,5823235.858],[391060.746,5822417.915],[391204.053,5822097.635]]]},"properties":{"PLR_ID":"01300834","PLR_NAME":"Brunnenstraße","BEZ":"01","STAND":"01.01.2021","GROESSE_M2":774989.435}},
{"type":"Feature","geometry":{"type":"Polygon","coordinates":[[[393261.566,5814813.026],[393207.173,5815001.982],[393182.394,5815087.685],[393172.419,5815152.02],[393139.148,5815144.972],[392615.864923,5815058.867187],[392593.591,5815214.231],[392572.57,5815242.558],[392555.819,5815359.707],[392534.186,5815369.388],[392450.903,5815357.262],[392439.054,5815438.831],[392310.871,5815491.204],[392263.923,5815504.816],[392254.234,5815466.972],[392389.407,5814529.502],[392404.168,5814400.243],[392415.532,5814431.504],[392488.784,5814502.955],[392508.845,5814532.521],[392685.417,5814574.95],[392713.751,5814611.048],[392699.828,5814690.11],[392684.069,5814719.243],[393233.697,5814806.665],[393261.566,5814813.026]]]},"properties":{"PLR_ID":"08100103","PLR_NAME":"Schillerpromenade Süd","BEZ":"08","STAND":"01.01.2021","GROESSE_M2":479077.191}},
{"type":"Feature","geometry":{"type":"Polygon","coordinates":[[[392404.168,5814400.243],[392389.407,5814529.502],[392254.234,5815466.972],[392079.116,5815381.14],[392075.03,5815361.329],[391804.85,5815417.462],[391786.853,5815424.414],[391800.567,5815494.067],[391765.545,5815638.961],[391755.603,5815731.372],[391762.253,5815758.233],[391782.526,5815929.353],[391583.336,5816003.241],[391468.349,5816036.29],[391382.103,5816054.258],[391366.606,5816064.831],[390987.33,5816086.88],[390960.451,5816096.033],[390965.486,5816281.392],[390424.984,5816299.559],[390421.068,5816192.502],[390402.210226,5815681.836546],[390292.395,5815685.9],[390137.811,5815708.968],[389977.401,5815795.409],[389869.913,5815823.983],[389832.12,5815827.342],[389763.765,5815807.729],[389683.208,5815761.439],[389652.369,5815727.939],[389618.477,5815655.468],[389592.475,5815559.55],[389592.318,5815366.138],[389605.691,5815289.6],[389633.541,5815215.114],[389574.023,5815153.343],[389623.121,5815099.36],[389673.061,5815065.164],[389724.653,5815043.112],[389835.317409,5815028.193186],[389836.843,5814966.335],[389833.469,5814774.49],[389939.278,5814767.999],[390122.949,5814717.79],[390210.442,5814709.868],[390366.146121,5814705.171767],[390360.38,5814575.844],[390364.45,5814549.972],[390435.038,5814539.141],[390575.973,5814487.405],[390686.388,5814434.47],[390789.348,5814372.808],[390997.937,5814216.365],[391087.364,5814154.511],[391238.557,5814070.642],[391356.53,5814016.136],[391407.134,5813985.434],[391593.241,5813935.6],[391736.709,5813921.914],[391737.683,5813910.556],[392033.848,5813944.815],[392195.115,5813959.9],[392145.411,5813881.622],[392178.159,5813885.954],[392223.713,5813927.669],[392270.615,5813953.938],[392305.096,5813962.519],[392452.09,5813981.338],[392404.168,5814400.243]]]},"properties":{"PLR_ID":"07400721","PLR_NAME":"Paradestraße","BEZ":"07","STAND":"01.01.2021","GROESSE_M2":4281118.367}},
{"type":"Feature","geometry":{"type":"Polygon","coordinates":[[[382868.345,5817864.356],[382727.717,5817798.885],[382733.716,5817772.013],[382686.831,5817743.767],[382591.69,5817641.963],[382476.279,5817499.617],[382383.211,5817379.574],[382262.455,5817173.314],[382189.577,5817042.288],[382129.327,5816961.159],[382103.098,5816937.439],[382091.036,5816948.868],[382038.449,5816893.682],[381970.141,5816839.934],[381971.503,5816830.854],[382045.949,5816738.321],[382090.598,5816730.652],[382304.999,5816857.135],[382453.961,5816977.534],[382419.247,5817050.34],[382480.109,5817107.889],[382538.189,5817151.701],[382797.376,5817360.538],[382873.246,5817410.182],[383064.109,5817511.756],[383163.247,5817581.965],[383177.065,5817564.044],[383360.095,5817712.343],[383357.533,5817729.04],[383449.138,5817789.014],[383400.742,5817868.45],[383340.812,5817979.722],[383325.876928,5818034.307034],[383327.78,5818078.934],[382868.345,5817864.356]]]},"properties":{"PLR_ID":"04400725","PLR_NAME":"Güterbahnhof Grunewald","BEZ":"04","STAND":"01.01.2021","GROESSE_M2":543668.46}},
{"type":"Feature","geometry":{"type":"Polygon","coordinates":[[[383087.526,5822012.259],[383083.95,5822056.095],[383059.191,5822146.562],[383028.016,5822232.531],[382966.39,5822303.15],[382913.659,5822340.861],[382826.957,5822377.717],[382819.261,5822348.135],[382752.981,5822357.526],[382336.594,5822380.383],[382278.816,5822395.174],[382262.169,5822384.851],[382295.71,5822273.438],[382290.401,5822273.762],[382366.74,5822030.881],[382498.104,5822014.29],[382695.076,5821972.5],[382837.754,5821923.893],[382865.061,5821920.053],[382909.946,5822051.923],[382989.141,5822009.15],[382986.38,5822001.202],[383069.229,5821969.216],[383071.204,5822020.645],[383087.526,5822012.259]]]},"properties":{"PLR_ID":"05300841","PLR_NAME":"Siemensdamm","BEZ":"05","STAND":"01.01.2021","GROESSE_M2":268020.634}},
{"type":"Feature","geometry":{"type":"Polygon","coordinates":[[[390241.757,5812632.56],[390447.299,5812660.995],[390529.193,5812678.338],[390624.184,5812671.181],[390708.639,5812684.293],[390732.595,5812655.022],[390799.47,5812649.261],[391027.91,5812642.117],[391223.107,5812627.266],[391596.782,5812605.884],[391654.285,5812600.512],[391794.504,5812574.209],[391835.892,5812571.075],[391871.909,5812649.521],[391912.252,5812635.645],[392132.825,5812599.76],[392304.074,5812545.365],[392369.747,5812529.508],[392384.831,5812460.367],[392395.972,5812458.375],[392417.116,5812518.078],[392474.497,5812512.618],[392550.976,5812664.931],[392614.751,5812785.438],[392702.100428,5812976.801991],[392548.118,5813015.611],[392386.140137,5813082.280709],[392344.901,5813109.828],[392184.633,5813162.818],[392209.631,5813185.233],[392089.615779,5813213.145962],[392059.339,5813318.891],[392060.292,5813385.875],[392081.891,5813544.773],[392128.084,5813857.048],[392145.411,5813881.622],[392195.115,5813959.9],[392033.848,5813944.815],[391737.683,5813910.556],[391736.709,5813921.914],[391593.241,5813935.6],[391407.134,5813985.434],[391356.53,5814016.136],[391238.557,5814070.642],[391087.364,5814154.511],[390997.937,5814216.365],[390789.348,5814372.808],[390686.388,5814434.47],[390575.973,5814487.405],[390435.038,5814539.141],[390364.45,5814549.972],[390348.590708,5814050.329596],[390341.381,5814050.369],[390338.205,5813912.163],[390327.41,5813799.287],[390248.95,5813344.516],[390206.652,5813088.79],[390209.68,5812930.336],[390241.757,5812632.56]]]},"properties":{"PLR_ID":"07400927","PLR_NAME":"Rathaus Tempelhof","BEZ":"07","STAND":"01.01.2021","GROESSE_M2":3059291.42}},
{"type":"Feature","geometry":{"type":"Polygon","coordinates":[[[388245.427,5809535.555],[388588.807,5809629.036],[388604.129,5809642.31],[388590.695,5809704.995],[388598.092,5809733.488],[388678.873,5809921.728],[388674.602,5809943.218],[388707.209,5810049.9],[388706.788,5810111.018],[388731.957,5810141.299],[388813.43,5810132.741],[388850.731,5810279.595],[388862.582,5810305.498],[388944.545,5810285.442],[388960.246,5810359.874],[388973.616,5810513.603],[388973.458,5810602.497],[388965.296,5810705.475],[388960.044,5810708.484],[388885.364,5810680.846],[388799.988,5810657.07],[388637.023,5810621.96],[388410.108,5810578.735],[388062.484,5810505.637],[388014.352,5810498.945],[388027.504,5810463.47],[388144.258,5809908.362],[388245.427,5809535.555]]]},"properties":{"PLR_ID":"06200316","PLR_NAME":"Belßstraße","BEZ":"06","STAND":"01.01.2021","GROESSE_M2":671760.849}},
{"type":"Feature","geometry":{"type":"Polygon","coordinates":[[[390826.693,5828042.588],[390776.373,5827940.016],[390516.235,5827668.369],[390486.214,5827606.281],[390512.271,5827550.326],[390521.578,5827287.963],[390537.269,5827224.919],[390576.613,5827179.984],[390586.387,5827184.649],[390615.299,5827112.698],[390976.802,5827178.152],[391135.004,5827210.39],[391763.517,5827361.504],[391786.588,5827357.057],[391775.868,5827448.508],[391742.477,5827508.195],[391734.195,5827559.749],[391735.051,5827860.062],[391768.943,5827940.121],[391838.691,5828297.321],[391844.829,5828378.838],[391844.476,5828557.358],[391838.898,5828894.296],[391836.944,5829151.271],[391818.581,5829230.493],[391634.056,5829266.267],[391155.974,5829352.637],[391036.204,5829376.787],[390864.135,5829421.205],[390656.06,5829482.97],[390551.409038,5829537.754934],[390530.793,5829494.852],[390496.186,5829476.64],[390474.648,5829441.914],[390474.427,5829410.325],[390570.533,5829343.673],[390569.283,5829253.287],[390513.615,5829127.765],[390492.03,5829059.212],[390504.995,5828992.866],[390677.755,5828858.039],[390693.213698,5828834.747609],[390681.847,5828817.949],[390587.757,5828762.011],[390734.415,5828656.271],[390756.744,5828648.384],[390976.617092,5828533.78494],[390913.087,5828341.203],[390867.987,5828165.368],[390826.693,5828042.588]]]},"properties":{"PLR_ID":"03200205","PLR_NAME":"Uhlandstraße","BEZ":"03","STAND":"01.01.2021","GROESSE_M2":2411876.944}},
{"type":"Feature","geometry":{"type":"Polygon","coordinates":[[[396347.686,5818470.172],[396405.014,5818496.016],[396490.177,5818525.14],[396548.451,5818532.431],[396666.303,5818514.223],[396731.671,5818488.949],[396876.052,5818390.87],[396923.658,5818344.62],[396970.23,5818273.538],[396995.889,5818204.254],[397015.559,5818124.255],[397034.468,5818116.134],[397055.249,5818074.422],[397078.697,5818084.228],[397200.461,5818149.405],[397296.379,5818216.78],[397404.442,5818303.291],[397546.45,5818427.078],[397759.796447,5818590.780503],[397860.896846,5818662.612809],[397907.682,5818707.681],[397924.763,5818683.093],[397990.219,5818739.695],[398019.074,5818707.038],[398016.316,5818730.098],[398042.04,5818791.967],[398040.451,5818819.212],[398128.647,5818894.711],[398186.839,5818938.16],[398036.641,5818964.714],[398021.981,5818957.128],[397704.236402,5819008.0444],[397490.278,5819051.247],[397417.44,5819076.381],[397150.138,5819126.642],[396646.7,5819221.257],[396542.735,5819238.518],[396555.036,5819196.628],[396591.946,5818904.508],[396561.774,5818884.701],[396532.557,5818815.966],[396429.979,5818648.48],[396366.991,5818540.435],[396389.731,5818517.432],[396349.724,5818494.136],[396347.686,5818470.172]]]},"properties":{"PLR_ID":"11300826","PLR_NAME":"Frankfurter Allee Süd","BEZ":"11","STAND":"01.01.2021","GROESSE_M2":1053291.625}},
{"type":"Feature","geometry":{"type":"Polygon","coordinates":[[[383073.31,5814553.441],[383097.182,5815070.364],[383095.87,5815240.017],[383121.039,5815290.896],[383247.802,5815433.464],[383210.99348,5815486.754082],[383209.808326,5815525.481271],[382792.88,5815674.411],[382269.929,5816099.968],[382234.291,5816196.631],[382217.748,5816276.82],[382189.898,5816323.567],[382127.579,5816395.468],[382111.828,5816430.065],[382094.855,5816559.898],[382103.84,5816638.936],[382053.256,5816709.153],[382090.598,5816730.652],[382045.949,5816738.321],[381971.503,5816830.854],[381970.141,5816839.934],[381897.945,5816899.1],[381607.220818,5816541.189282],[381682.173736,5816479.655095],[381660.194,5816447.456],[381612.388,5816351.332],[381604.273,5816300.755],[381555.825,5816218.934],[381513.654,5816123.693],[381413.866,5815911.854],[381359.296,5815827.339],[381190.785,5815624.681],[381097.669,5815532.475],[380943.099,5815406.829],[380817.483,5815282.697],[380812.875,5815286.474],[380633.795,5815069.058],[380599.697,5815008.906],[380545.91,5814960.619],[380366.727,5814740.244],[380388.016,5814723.789],[380366.375,5814696.3],[380351.867,5814708.266],[380334.97,5814684.528],[380381.406,5814666.284],[380901.741,5814508.629],[380942.495,5814504.997],[380975.303572,5814484.740029],[381298.486,5814388.756],[381413.873,5814389.432],[381500.753,5814384.4],[381736.757,5814350.595],[381818.698,5814396.624],[381858.888,5814447.737],[381912.192,5814488.111],[381957.421,5814420.316],[382040.569,5814393.646],[382090.229,5814397.972],[382249.694,5814428.128],[382648.684,5814490.328],[383013.144,5814550.315],[383049.059,5814549.632],[383073.31,5814553.441]]]},"properties":{"PLR_ID":"04400729","PLR_NAME":"Hundekehle","BEZ":"04","STAND":"01.01.2021","GROESSE_M2":3754480.402}},
{"type":"Feature","geometry":{"type":"Polygon","coordinates":[[[373932.964,5821906.228],[373924.318,5821853.36],[373895.046,5821765.625],[373991.281,5821717.718],[374172.896,5821568.765],[374199.509,5821552.815],[374387.281,5821478.617],[374503.807,5821460.094],[374535.287,5821444.395],[374682.764,5821446.059],[374843.543,5821466.756],[374936.151,5821471.124],[375035.994,5821490.005],[375088.435,5821507.536],[375227.748,5821564.514],[375310.687,5821617.083],[375387.654,5821646.986],[375461.353,5821637.592],[375634.76,5821646.441],[375635.789,5821706.748],[375513.892,5821807.714],[375466.362,5821904.195],[375445.501,5821962.506],[374926.485,5821942.898],[374808.276,5821939.629],[374373.656,5821927.56],[374368.151,5821921.882],[373932.964,5821906.228]]]},"properties":{"PLR_ID":"05200423","PLR_NAME":"Magistratsweg","BEZ":"05","STAND":"01.01.2021","GROESSE_M2":640359.571}},
{"type":"Feature","geometry":{"type":"Polygon","coordinates":[[[394794.801,5818607.266],[394807.964,5818639.413],[394906.121,5818970.485],[395014.208,5819334.555],[395014.649317,5819358.435967],[395063.336159,5819514.459849],[394984.366,5819526.166],[394833.582,5819556.302],[394272.238,5819662.792],[394202.884,5819674.85],[394179.33,5819550.499],[394166.537,5819545.033],[394132.247,5819350.383],[394320.111,5819163.306],[394443.218419,5819070.086786],[394368.6,5818965.791],[394441.761,5818891.036],[394477.815,5818919.808],[394595.574,5818770.471],[394680.837,5818680.607],[394794.801,5818607.266]]]},"properties":{"PLR_ID":"02400624","PLR_NAME":"Weberwiese","BEZ":"02","STAND":"01.01.2021","GROESSE_M2":564671.677}},
{"type":"Feature","geometry":{"type":"Polygon","coordinates":[[[393324.343,5822724.108],[393314.975,5822729.925],[393097.824,5822161.134],[393142.384,5822140.045],[393682.421,5821819.215],[393977.398,5822216.241],[394015.154,5822271.19],[393852.116,5822371.464],[393791.181,5822412.92],[393738.86,5822468.891],[393627.929,5822537.156],[393567.608,5822582.52],[393324.343,5822724.108]]]},"properties":{"PLR_ID":"03701657","PLR_NAME":"Thälmannpark","BEZ":"03","STAND":"01.01.2021","GROESSE_M2":441343.324}},
{"type":"Feature","geometry":{"type":"Polygon","coordinates":[[[390583.125,5824398.972],[390200.908,5824583.494],[390099.021,5824635.632],[389991.314,5824636.737],[389970.23,5824637.985],[389562.868,5824632.976],[389500.634,5824566.275],[389274.12,5824382.059],[389284.141,5824278.223],[389389.03,5824284.643],[389686.691,5824239.06],[390454.973,5824121.608],[390583.125,5824398.972]]]},"properties":{"PLR_ID":"01300730","PLR_NAME":"Drontheimer Straße","BEZ":"01","STAND":"01.01.2021","GROESSE_M2":452951.105}},
{"type":"Feature","geometry":{"type":"Polygon","coordinates":[[[386453.254,5815456],[386776.1,5815446.414],[386785.221,5815494.317],[387063.133,5815519.652],[387063.738945,5815549.111177],[387067.16,5815714.121],[387075.338,5815766.79],[387068.639,5815806.126],[387071.917,5815959.594],[387077.845,5816008.497],[387083.897,5816358.937],[387086.809,5816385.329],[387082.091,5816385.959],[387093.828,5816665.348],[387060.584,5816653.197],[386975.513,5816637.541],[386757.363,5816581.988],[386721.828,5816584.804],[386644.449,5816562.038],[386647.046,5816491.087],[386645.543,5816249.567],[386637.877,5816172.8],[386623.255,5816119.749],[386575.133,5816018.925],[386506.97,5815873.056],[386439.895,5815738.606],[386436.874,5815620.96],[386431.291,5815583.654],[386459.275,5815549.617],[386453.254,5815456]]]},"properties":{"PLR_ID":"04501153","PLR_NAME":"Babelsberger Straße","BEZ":"04","STAND":"01.01.2021","GROESSE_M2":586111.81}},
{"type":"Feature","geometry":{"type":"Polygon","coordinates":[[[394138.166,5814656.131],[394161.923646,5814382.641765],[394165.878,5814335.543],[394584.456,5814408.967],[394598.93,5814428.131],[394656.69,5814452.039],[394839.512,5814490.89],[394937.05,5814540.801],[394937.70679,5814558.885385],[395026.07,5814564.297],[395011.764,5814599.626],[395089.234,5814686.775],[395130.256,5814749.699],[395151.169,5814820.415],[395167.565,5814848.427],[395134.809,5814878.83],[394755.788541,5815200.042069],[394695.178,5815106.959],[394642.027,5815057.224],[394671.712,5815005.554],[394678.131,5814943.456],[394656.016,5814848.937],[394593.02,5814765.264],[394537.308,5814741.745],[394427.275,5814721.648],[394434.255,5814682.2],[394246.196,5814650.407],[394231.713,5814707.398],[394203.851821,5814726.020092],[394154.287,5814654.176],[394138.166,5814656.131]]]},"properties":{"PLR_ID":"08100417","PLR_NAME":"Braunschweiger Straße","BEZ":"08","STAND":"01.01.2021","GROESSE_M2":412647.33}},
{"type":"Feature","geometry":{"type":"Polygon","coordinates":[[[385086.681,5817836.155],[385150.991,5817494.394],[385189.113,5817378.427],[385236.967,5817295.299],[385323.023,5817165.129],[385412.105,5817052.567],[385482.391,5816912.402],[385504.538259,5816881.454894],[385731.649,5816993.267],[385909.061,5817931.537],[385662.392,5817916.788],[385538.136,5817942.879],[385499.515,5817961.023],[385402.633,5818025.834],[385102.272,5817982.737],[385061.755401,5817973.483635],[385086.681,5817836.155]]]},"properties":{"PLR_ID":"04501043","PLR_NAME":"Preußenpark","BEZ":"04","STAND":"01.01.2021","GROESSE_M2":625790.463}},
{"type":"Feature","geometry":{"type":"Polygon","coordinates":[[[387492.160585,5820441.061589],[387546.2,5820458.9],[387596.85,5820463.6],[387712.45,5820448.65],[387761.9,5820434],[387823.75,5820395.8],[387915.4,5820322.3],[387948.2,5820287.3],[388052.028705,5820137.363072],[388329.402,5820099.766],[388405.301259,5820102.630629],[388503.623,5820527.994],[388512.717782,5820572.90291],[388525.186,5820652.909],[388515.778,5820685.461],[388477.352263,5820764.672492],[388423.09,5820876.53],[388108.478,5820845.279],[388018.189,5820839.727],[387861.884,5820839.411],[387621.286,5820849.669],[387590.461,5820748.373],[387553.346385,5820756.835903],[387504.939,5820539.826],[387492.160585,5820441.061589]]]},"properties":{"PLR_ID":"01200626","PLR_NAME":"Thomasiusstraße","BEZ":"01","STAND":"01.01.2021","GROESSE_M2":552841.838}},
{"type":"Feature","geometry":{"type":"Polygon","coordinates":[[[384433.585,5821353.679],[384441.429,5821313.943],[384394.373347,5821303.415589],[384416.305,5821219.067],[384452.579,5821045.459],[384469.195,5820891.303],[384490.207,5820638.17],[384516.988,5820555.256],[384540.198,5820520.657],[384602.356,5820487.087],[384690.831,5820462.435],[384724.899,5820494.487],[385009.794,5820843.908],[385064.743,5820843.309],[385069.173,5820928.874],[385103.944,5821054.071],[385114.393,5821142.655],[385098.25,5821329.283],[385097.479,5821434.341],[385089.588,5821498.867],[385049.922,5821487.912],[384607.55,5821405.446],[384430.961,5821367.088],[384433.585,5821353.679]]]},"properties":{"PLR_ID":"04300517","PLR_NAME":"Tegeler Weg","BEZ":"04","STAND":"01.01.2021","GROESSE_M2":519148.696}},
{"type":"Feature","geometry":{"type":"Polygon","coordinates":[[[393645.744,5813672.932],[393621.019,5813661.952],[393647.957,5813535.771],[393683.85,5813337.835],[393727.883596,5813160.944914],[394022.261,5813189.677],[394082.29,5813198.024],[394525.342,5813280.052],[394605.071,5813299.646],[394660.412,5813306.902],[394747.564,5813308.962],[395023.84985,5813287.815276],[395029.533,5813304.747],[394914.166,5813313.938],[394897.877,5813361.09],[395018.866,5813401.741],[395016.460334,5813425.450775],[395014.175,5813424.668],[394892.923,5813642.313],[394867.456,5813710.741],[394859.969,5813781.877],[394867.943,5813854.678],[394884.479,5813897.14],[394836.017,5813896.711],[394780.178,5813883.994],[394577.368,5813819.797],[394325.675,5813749.157],[394302.783,5813768.911],[394152.973,5813733.001],[394046.316,5813716.331],[393910.355,5813704.597],[393645.744,5813672.932]]]},"properties":{"PLR_ID":"08200622","PLR_NAME":"Jahnstraße","BEZ":"08","STAND":"01.01.2021","GROESSE_M2":667038.153}},
{"type":"Feature","geometry":{"type":"Polygon","coordinates":[[[392464.762,5823316.587],[392464.444,5823314.066],[392439.234,5823118.118],[392368.147,5822739.67],[392358.261,5822672.688],[392342.627,5822451.025],[392370.608,5822440.432],[392745.557,5822982.662],[392841.617,5823123.252],[392818.385,5823125.917],[392688.598,5823208.59],[392686.654,5823205.291],[392563.465,5823278.314],[392478.964,5823305.167],[392464.762,5823316.587]]]},"properties":{"PLR_ID":"03601346","PLR_NAME":"Gethsemanekirche","BEZ":"03","STAND":"01.01.2021","GROESSE_M2":193537.945}},
{"type":"Feature","geometry":{"type":"Polygon","coordinates":[[[403225.915,5812376.371],[403330.563,5812347.705],[403359.262,5812387.605],[403394.569,5812402.989],[403446.642,5812450.865],[403503.905,5812477.218],[403588.379,5812474.142],[403684.367,5812513.232],[403727.647,5812524.533],[403853.578,5812533.404],[403927.975,5812522.142],[404046.539,5812516.592],[404177.129,5812483.654],[404256.605,5812489.159],[404297.7,5812466.099],[404373.306,5812442.052],[404398.86149,5812446.433429],[404369.495348,5812558.853185],[404368.274,5812598.223],[404666.245163,5812729.393883],[404644.255,5812774.202],[404677.567,5812784.467],[404677.536484,5813018.158911],[404208.481,5813045.985],[404031.929,5813059.53],[403972.046,5813046.91],[403733.485,5813032.336],[403682.876,5813038.398],[403534.986,5813034.36],[403532.299,5813016.603],[403500.469,5813021.474],[403483.135,5812992.267],[403512.133,5812962.611],[403565.027628,5812959.043877],[403535.686,5812678.813],[403518.589,5812664.999],[403484.804204,5812670.06665],[403490.077,5812614.143],[403371.223,5812509.423],[403225.915,5812376.371]]]},"properties":{"PLR_ID":"09501940","PLR_NAME":"Güterbahnhof Köpenick","BEZ":"09","STAND":"01.01.2021","GROESSE_M2":596173.156}},
{"type":"Feature","geometry":{"type":"Polygon","coordinates":[[[404792.239,5821380.477],[404688.927,5821336.6],[404618.267,5821291.151],[404551.640129,5821224.978407],[404529.233,5821201.075],[404484.794,5821131.182],[404461.508,5821079.309],[404402.047,5820901.605],[404403.447,5820869.777],[404326.469,5820659.051],[404302.773,5820575.058],[404294.01,5820577.958],[404185.44,5820264.863],[404185.406,5820206.685],[404230.586,5820195.768],[404283.576,5820191.991],[404288.453,5820302.744],[404300.074237,5820379.100945],[404338.034,5820369.612],[404355.545,5820387.393],[404390.488,5820387.161],[404624.490376,5820334.911705],[404641.966,5820320.919],[404682.375,5820346.622],[404804.87,5820318.329],[404911.623,5820788.995],[404915.727,5820798.107],[404983.699,5820786.886],[405014.711,5820906.052],[404982.046,5820969.11],[404935.892,5821032.071],[404814.78,5821227.671],[404792.67,5821232.653],[404793.021,5821268.165],[404718.555,5821278.507],[404729.617,5821295.372],[404812.068,5821335.05],[404792.239,5821380.477]]]},"properties":{"PLR_ID":"10200628","PLR_NAME":"Neue Grottkauer Straße","BEZ":"10","STAND":"01.01.2021","GROESSE_M2":498608.53}},
{"type":"Feature","geometry":{"type":"Polygon","coordinates":[[[393224.843,5818335.463],[393253.894,5818401.636],[393250.717,5818444.863],[393217.684,5818460.33],[393156.513,5818420.047],[393096.854,5818394.104],[393006.432,5818376.109],[392924.741,5818377.801],[392865.281,5818387.66],[392723.385,5818454.493],[392688.825,5818389.706],[392639.211,5818386.1],[392595.618,5818292.718],[392414.718,5818379.721],[392393.861,5818354],[392396.432,5818319.17],[392431.63,5818178.567],[392368.143,5818041.166],[392396.312,5818027.092],[392380.724,5817975.586],[392339.236859,5817886.540157],[392592.454,5817757.314],[392608.180473,5817791.429412],[392672.291,5817742.777],[392661.415,5817690.868],[392733.829,5817705.069],[392916.54,5817704.354],[392920.532,5817741.845],[392949.079,5817806.456],[392988.973,5817822.096],[392997.261,5817838.837],[392981.755,5817881.048],[393037.522,5818007.846],[393063.239,5818008.847],[393092.846,5818034.602],[393224.843,5818335.463]]]},"properties":{"PLR_ID":"02300314","PLR_NAME":"Oranienplatz","BEZ":"02","STAND":"01.01.2021","GROESSE_M2":443939.153}},
{"type":"Feature","geometry":{"type":"Polygon","coordinates":[[[393774.884,5816832.298],[393437.045,5817017.694],[393306.653,5817091.128],[392923.702,5817305.992],[392860.528,5817336.011],[392765.422,5817364.718],[392790.809,5817320.989],[392969.853,5816820.947],[393244.247,5816857.044],[393355.982,5816837.871],[393429.645,5816812.062],[393672.062,5816661.076],[393764.262,5816809.298],[393774.884,5816832.298]]]},"properties":{"PLR_ID":"08100310","PLR_NAME":"Maybachufer","BEZ":"08","STAND":"01.01.2021","GROESSE_M2":254730.185}},
{"type":"Feature","geometry":{"type":"Polygon","coordinates":[[[384756.78,5819236.627],[384701.618,5819942.775],[384684.821,5820016.273],[384660.461,5820075.917],[384647.328,5820147.822],[384655.304,5820152.934],[384613.265,5820161.853],[384516.851,5820154.454],[384516.215,5820162.45],[384439.915,5820162.124],[384345.791,5820154.9],[384358.136,5819966.098],[384369.849,5819965.552],[384401.825,5819537.374],[384250.863,5819523.172],[383871.058,5819493.576],[383865.565,5819498.131],[383659.458,5819479.243],[383656.437,5819366.02],[383642.588,5819274.707],[383594.911,5819142.263],[384070.559,5819179.892],[384429.406,5819208.223],[384756.78,5819236.627]]]},"properties":{"PLR_ID":"04300414","PLR_NAME":"Schloßstraße","BEZ":"04","STAND":"01.01.2021","GROESSE_M2":562551.123}},
{"type":"Feature","geometry":{"type":"Polygon","coordinates":[[[382287.987,5812001.262],[382249.780112,5812053.16927],[382178.584,5812016.419],[382101.291,5811988.424],[381913.912,5811944.176],[381807.978,5811905.222],[381735.945,5811870.044],[381666.039,5811823.854],[381591.721,5811764.819],[381505.844,5811725.177],[381391.722,5811696.614],[381420.923,5811427.1],[381431.208,5811387.307],[381584.471736,5811019.200772],[381580.996,5811014.26],[381628.466,5810907.055],[381720.946,5810877.299],[381773.076,5810871.799],[381834.21,5810852.228],[381874.843,5810852.096],[381940.455069,5810871.029651],[382035.497,5810906.679],[382102.538,5810942.163],[382339.101,5811117.4],[382360.647,5811153.334],[383195.353,5811554.984],[383082.317,5811585.901],[382974.606,5811609.176],[382718.352,5811639.986],[382614.397,5811648.992],[382437.114,5811657.071],[382432.603,5811734.74],[382420.938,5811797.568],[382390.591,5811859.731],[382287.987,5812001.262]]]},"properties":{"PLR_ID":"06400841","PLR_NAME":"Zehlendorf Eiche","BEZ":"06","STAND":"01.01.2021","GROESSE_M2":1102137.543}},
{"type":"Feature","geometry":{"type":"Polygon","coordinates":[[[378552.153,5825065.359],[378317.406,5825096.292],[377774.513451,5825089.589215],[377781.122,5825048.018],[377742.175,5825043.281],[377660.369,5825012.691],[377666.435328,5824951.880852],[377578.86,5824941.841],[377544.777,5824920.934],[377414.12,5824912.709],[377302.195,5824952.369],[377096.492,5824981.826],[377059.394,5824983.72],[376947.844,5825005.32],[376825.209214,5825041.755085],[376827.91344,5825068.795606],[376800.327,5825115.002],[376742.541,5825185.744],[376717.738133,5825203.454715],[376578.124,5825202.869],[376520.775,5825217.89],[376398.326026,5825289.285119],[376299.623,5824896.936],[376292.507982,5824876.602934],[376105.671,5824963.273],[376070.978,5824759.829],[376021.024,5824427.202],[376006.655,5824376.303],[376357.145,5824220.618],[376573.836,5824132.321],[376579.221,5824144.158],[376654.107,5824108.936],[376650.888,5824102.158],[376903.379,5823980.075],[376977.817,5823940.762],[377323.508,5823771.625],[377379.57,5823735.007],[377381.352,5823800.311],[377392.814,5823847.304],[377424.202,5823910.502],[377618.084,5824195.918],[377676.588,5824277.274],[377710.432,5824299.264],[377850.849,5824315.664],[377868.272,5824301.588],[377902.484,5824312.109],[377918.015,5824328.162],[378464.309,5824332.098],[378467.902,5824387.089],[378517.892,5824831.012],[378543.79438,5825028.142848],[378552.153,5825065.359]]]},"properties":{"PLR_ID":"05100105","PLR_NAME":"Amorbacher Weg","BEZ":"05","STAND":"01.01.2021","GROESSE_M2":2202574.296}},
{"type":"Feature","geometry":{"type":"Polygon","coordinates":[[[388209.74,5815623.125],[388162.624,5815686.719],[388130.606,5815711.022],[388077.389,5815653.747],[387688.617,5815507.373],[387518.850408,5815509.611428],[387500.213,5815481.198],[387581.022,5815494.599],[387652.631,5815418.812],[387644.416,5815411.676],[387771.75,5815246.176],[387591.682,5815014.737],[387482.587126,5814878.188466],[387489.216892,5814816.419488],[387408.745,5814720.78],[387265.82,5814542.22],[387193.322,5814462.554],[387050.065,5814280.26],[387129.093,5814210.522],[387149.332,5814230.946],[387155.793,5814118.931],[387188.631197,5814084.557644],[387434.811,5813825.199],[387533.219,5813703.909],[387556.988,5813681.808],[387745.336,5813402.377],[387726.882,5813374.24],[387783.229,5813347.99],[387827.176,5813346.935],[387824.478,5813125.543],[387862.525,5813123.99],[387947.387,5813105.448],[388056.097,5813153.748],[388112.02,5813146.735],[388137.143,5813110.17],[388169.18,5813017.548],[388169.607,5812991.592],[388290.233,5812986.599],[388279.721,5813063.773],[388275.558,5813159.615],[388295.056,5813171.414],[388283.699,5813191.775],[388288.343,5813395.785],[388295.026,5813468.151],[388313.461,5813545.351],[388314.604,5813582.228],[388330.242,5813581.113],[388461.596,5813891.514],[388601.193,5814258.427],[388654.466,5814405.269],[388720.3,5814597.901],[388862.838,5814958.045],[388846.944,5814966.885],[388855.118,5815007.709],[388876.859,5815037.107],[388824.275,5815073.736],[388708.197,5815120.199],[388631.652,5815176.43],[388458.152,5815320.818],[388240.226,5815583.762],[388209.74,5815623.125]]]},"properties":{"PLR_ID":"07300619","PLR_NAME":"Grazer Platz","BEZ":"07","STAND":"01.01.2021","GROESSE_M2":2573774.394}},
{"type":"Feature","geometry":{"type":"Polygon","coordinates":[[[386950.403,5824840.283],[386860.867,5824924.781],[386713.432,5825071.048],[386696.861,5825124.019],[386823.092,5825643.146],[386616.006,5825694.406],[386559.938,5825712.164],[386559.017,5825708.451],[385692.882,5825920.577],[385603.768,5825561.308],[385613.204808,5825556.15443],[385568.898,5825467.189],[385656.541,5825429.783],[385740.897,5825378.381],[385929.777,5825303.94],[386059.422,5825259.995],[386168.978,5825212.372],[386579.948,5825023.112],[386574.166,5824986.745],[386547.266,5824914.142],[386582.718,5824906.047],[386861.928,5824873.895],[386919.577,5824817.801],[386950.403,5824840.283]]]},"properties":{"PLR_ID":"12200309","PLR_NAME":"Scharnweberstraße","BEZ":"12","STAND":"01.01.2021","GROESSE_M2":707704.668}},
{"type":"Feature","geometry":{"type":"Polygon","coordinates":[[[386610.561,5810481.221],[386717.298,5810594.045],[386751.583,5810605.992],[386777.334,5810598.485],[386787.632,5810616.597],[386977.814,5810823.107],[387018.133,5810845.849],[387112.233895,5810956.244991],[387257.409,5811119.052],[387315.198,5811174.207],[387294.555,5811193.607],[387376.756,5811226.33],[387389.799,5811249.496],[387478.154,5811335.89],[387654.949,5811523.016],[387743.116,5811624.222],[387779.346,5811679.387],[387803.012107,5811681.976786],[387824.612986,5811708.525151],[387819.456,5811719.734],[387685.499,5811767.817],[387617.433,5811797.248],[387504.832,5811828.133],[387314.407,5811849.182],[387184.594,5811873.57],[387099.803,5811874.751],[386883.859,5811902.174],[386729.538,5811903.179],[386644.995,5811892.65],[386540.084,5811869.726],[386452.422,5811836.119],[386334.779,5811772.909],[386340.579,5811765.476],[386367.843,5811739.543],[386390.486,5811694.536],[386397.755,5811633.493],[386413.722,5811623.95],[386375.189,5811608.903],[386357.301,5811587.355],[386340.943,5811473.774],[386351.586,5811424.495],[386385.769,5811384.288],[386286.525,5811294.821],[386300.593,5811285.284],[386324.243,5811178.552],[386359.08,5811043.26],[386496.648,5810629.016],[386487.812,5810623.924],[386512.04,5810563.928],[386520.306,5810566.391],[386610.561,5810481.221]]]},"properties":{"PLR_ID":"06200312","PLR_NAME":"Komponistenviertel Lankwitz","BEZ":"06","STAND":"01.01.2021","GROESSE_M2":1237842.731}},
{"type":"Feature","geometry":{"type":"Polygon","coordinates":[[[401782.791,5809262.055],[401699.843,5809364.813],[401696.935,5809376.932],[401404.95,5809321.8],[401366.2,5809304.6],[401275.15,5809292.8],[401158.75,5809285.6],[401073.6,5809287.4],[401035.25,5809300.95],[400969.15,5809303.95],[399942.3,5809417],[399927.05,5809390.65],[399908.7,5809421.45],[399633.8,5809450.55],[399592.35,5809444.8],[399470.9,5809459.5],[399399.169,5809477.356],[399380.323,5809414.83],[399334.609,5809308.59],[399337.443,5809299.307],[399254.055,5809109.541],[399260.777,5809071.777],[399267.065,5809036.441],[399321.73,5808942.792],[399350.804,5808933.71],[399389.805,5808876.055],[399410.102,5808731.784],[399494.47,5808606.384],[399492.535,5808486.113],[399515.058,5808363.718],[399544.653,5808273.615],[399494.73,5808161.115],[399518.984,5808129.837],[399615.41,5808065.432],[399582.781,5808019.486],[399556.376,5807962.264],[399570.767,5807936.073],[399540.707,5807904.837],[399571.398,5807852.42],[399532.796,5807783.18],[399550.877,5807757.519],[399479.606,5807481.811],[399446.732,5807384.566],[399389.677,5807300.818],[399363.19,5807270.835],[399370.511,5807258.287],[399255.385,5807130.477],[399273.838,5807109.708],[399235.054,5807079.788],[399150.052,5806992.392],[399087.934,5806934.798],[399109.107,5806879.251],[399039.95,5806808.002],[399040.289,5806763.729],[399117.027,5806735.55],[399217.212,5806682.737],[399396.426,5806631.587],[399511.412,5806897.997],[399511.8,5806908.938],[399620.694,5807161.804],[399624.913,5807159.954],[399675.909,5807278.439],[399676.972,5807305.449],[399721.423,5807431.503],[400211.490791,5807296.068758],[400375.229,5807705.207],[400434.752,5807859.341],[400520.734,5807818.972],[400672.044,5807738.088],[400952.833,5807599.12],[401172.792,5807483.869],[401291.034,5807636.119],[401456.779,5807894.165],[401696.547,5808299.887],[401741.143,5808394.307],[401816.657,5808590.619],[401830.357,5808698.395],[401831.039,5808801.468],[401837.571,5809023.617],[401834.092,5809081.728],[401808.889,5809188.069],[401782.791,5809262.055]]]},"properties":{"PLR_ID":"09300920","PLR_NAME":"Dorf Altglienicke","BEZ":"09","STAND":"01.01.2021","GROESSE_M2":4304670.517}},
{"type":"Feature","geometry":{"type":"Polygon","coordinates":[[[401551.866469,5823312.089553],[401661.225,5823255.472],[401687.574,5823283.485],[401969.429,5823133.742],[402103.888,5823059.529],[402090.459,5823034.63],[402127.766,5823007.702],[402225.267,5822974.291],[402291.705,5822962.807],[402337.88,5822994.677],[402379.489,5823081.739],[402409.783,5823103.699],[402483.206,5823124.959],[402476.007,5823151.066],[402535.487,5823255.009],[402557.146,5823271.473],[402626.396,5823292.124],[402733.876,5823490.014],[402762.729,5823526.678],[402815.227,5823621.07],[402837.284,5823642.276],[402906.401,5823765.824],[402919.796,5823776.077],[402882.776,5823821.243],[402849.945,5823832.967],[402644.11,5823875.977],[402635.823,5823841.872],[402563.03,5823850.904],[402430.23,5823833.07],[402444.409,5823858.92],[402365.24945,5823857.815361],[402265.314,5823901.721],[402245.522,5823865.756],[402057.672,5823970.085],[402073.051,5823997.796],[401965.395457,5824058.079692],[401869.594,5823882.353],[401711.138,5823601.347],[401551.866469,5823312.089553]]]},"properties":{"PLR_ID":"10100208","PLR_NAME":"Bürgerpark","BEZ":"10","STAND":"01.01.2021","GROESSE_M2":811083.749}},
{"type":"Feature","geometry":{"type":"Polygon","coordinates":[[[398266.523,5815768.702],[398173.002,5815784.751],[397994.003,5815853.318],[397911.831,5815857.531],[397744.137,5815840.409],[397790.492,5815639.769],[397831.187,5815354.66],[397821.974,5815252.991],[397781.903,5815114.291],[397746.197,5814957.832],[397746.021,5814863.097],[397764.765,5814689.989],[397776.619,5814639.127],[397808.093,5814542.694],[397829.103,5814552.52],[397845.712,5814517.593],[397832.667,5814511.527],[397870.85,5814433.25],[397892.977,5814412.653],[397941.348,5814395.493],[398002.756,5814336.56],[398040.792,5814262.666],[398078.83,5814128.086],[398172.515,5813883.189],[398244.799,5813719.161],[398276.795,5813661.238],[398345.918,5813589.201],[398492.718,5813473.841],[398643.402,5813392.645],[398785.85,5813297.2],[398855.9,5813236.3],[398954.458,5813161.447],[399065.952,5813525.569],[399054.539,5813541.811],[399033.393,5813739.72],[399033.044,5813780.755],[399005.22,5814030.244],[399023.481,5814087.606],[399069.918,5814166.012],[399105.272,5814168.278],[399131.633,5814206.086],[399127.328,5814222.999],[399184.57,5814292.009],[399367.853,5814563.26],[399400.594,5814626.238],[399508.738176,5814789.54987],[399498.258,5814797.07],[399267.765,5814934.123],[399195.005,5814967.246],[399127.871,5814984.085],[399075.894,5814988.875],[399002.892,5814984.306],[398653.332,5814907.234],[398421.515,5815270.395],[398266.523,5815768.702]]]},"properties":{"PLR_ID":"09200510","PLR_NAME":"Helmholtz-Kiez","BEZ":"09","STAND":"01.01.2021","GROESSE_M2":2330946.424}},
{"type":"Feature","geometry":{"type":"Polygon","coordinates":[[[397890.489061,5825910.587793],[397766.045,5825905.275],[397791.394,5825816.349],[397738.257,5825797.21],[397709.067,5825776.329],[397676.248,5825733.578],[397660.456,5825664.553],[397665.837,5825598.819],[397689.697,5825520.472],[397712.959,5825476.584],[397700.077,5825468],[397721.309,5825426.169],[397631.589,5825313.115],[397497.278,5825425.803],[397219.065,5825086.774],[397257.08,5825075.662],[397251.344,5825019.778],[397220.739,5824898.39],[397382.467,5824864.561],[397616.906245,5824814.247645],[397925.679,5824750.647],[398031.764433,5824724.950393],[398282.064,5824669.17],[398379.906,5824632.559],[398429.648,5824669.169],[398503.381,5824706.981],[398657.23584,5824807.896771],[398638.085,5824856.042],[398617.007,5824867.602],[398491.075,5825058.101],[398464.58,5825089.765],[398437.038101,5825071.514163],[398402.932388,5825114.55469],[398149.161,5825493.906],[397943.003217,5825805.86941],[397919.525,5825811.988],[397890.489061,5825910.587793]]]},"properties":{"PLR_ID":"11100308","PLR_NAME":"Zingster Straße West","BEZ":"11","STAND":"01.01.2021","GROESSE_M2":903489.486}},
{"type":"Feature","geometry":{"type":"Polygon","coordinates":[[[386168.948532,5817232.32245],[386285.417,5817307.557],[386340.881,5817336.699],[386425.548,5817366.705],[386644.436,5817400.826],[386797.41,5817420.209],[386917.302,5817400.66],[387000.507,5817375.027],[387093.744,5817331.986],[387130.698,5817304.859],[387124.483,5817371.352],[387125.092,5817504.901],[387163.558,5817660.509],[387248.141,5817883.959],[387244.856,5817939.137],[387114.843,5818028.748],[387048.969,5817932.753],[386822.151,5818090.212],[386757.133,5817993.805],[386716.528,5817998.167],[386306.687,5817954.776],[386274.826,5817957.532],[386222.478,5817632.539],[386168.948532,5817232.32245]]]},"properties":{"PLR_ID":"04501045","PLR_NAME":"Schaperstraße","BEZ":"04","STAND":"01.01.2021","GROESSE_M2":590815.934}},
{"type":"Feature","geometry":{"type":"Polygon","coordinates":[[[388067.516,5824837.177],[388031.53,5824792.105],[387917.953,5824679.955],[387718.76,5824473.153],[387971.978,5824225.981],[388323.633,5823885.533],[388348.644,5823884.517],[388562.744291,5824106.606385],[388719.352,5823957.545],[388781.624,5824002.427],[388914.260995,5824110.15549],[389083.44,5824247.643],[389128.961,5824266.233],[389284.141,5824278.223],[389274.12,5824382.059],[389168.553,5824372.231],[389136.968,5824713.254],[388835.138,5824641.727],[388818.703,5824790.549],[388812.681,5824796.163],[388622.111,5824818.54],[388092.651,5824820.799],[388067.516,5824837.177]]]},"properties":{"PLR_ID":"01400940","PLR_NAME":"Schillerpark","BEZ":"01","STAND":"01.01.2021","GROESSE_M2":917904.723}},
{"type":"Feature","geometry":{"type":"Polygon","coordinates":[[[386224.467,5813021.842],[386209.333,5813032.534],[386139.709,5812948.013],[386043.06215,5813012.023748],[385938.767,5812894.637],[385832.924,5812769.418],[385810.233,5812807.196],[385782.853,5812777.099],[385769.488,5812812.55],[385731.343,5812874.231],[385702.824,5812873],[385532.414,5812787.695],[385515.036,5812677.957],[385509.91,5812562.952],[385506.888,5812494.985],[385536.093,5812505.859],[385687.082,5812619.421],[385708.338,5812585.377],[385697.78,5812577.78],[385718.712,5812544.295],[385737.086,5812478.81],[385786.965,5812380.049],[385826.612,5812316.9],[385836.785,5812250.042],[385851.645,5812203.865],[385822.814,5812187.274],[385863.317,5812090.498],[385887.003,5812050.391],[385985.793,5811831.358],[386011.484,5811829.41],[386034.97,5811849.18],[386138.364,5811938.815],[386201.683,5812021.501],[386257.287,5812110.298],[386266.398,5812134.593],[386341.964,5812262.458],[386512.103,5812566.562],[386620.197565,5812751.89498],[386240.252,5813016.801],[386224.467,5813021.842]]]},"properties":{"PLR_ID":"06100207","PLR_NAME":"Mittelstraße","BEZ":"06","STAND":"01.01.2021","GROESSE_M2":679687.835}},
{"type":"Feature","geometry":{"type":"Polygon","coordinates":[[[397346.378,5831727.925],[397345.513,5831722.49],[397449.544,5831647.2],[397556.864,5831564.565],[397702.905,5831470.85],[397886.673,5831380.577],[398035.969,5831310.812],[398170.232,5831261.926],[398355.083,5831190.067],[398540.059,5831112.468],[398684.503,5831047.42],[398774.904,5831010.184],[398825.319,5831045.87],[398865.473,5831687.877],[399009.667,5831781.024],[399006.154,5831784.01],[398943.349,5831992.846],[398938.067,5832022.614],[398729.157,5832254.581],[398713.4,5832267.25],[398569.852,5832423.01],[398516.397,5832485.442],[398421.502,5832563.414],[398333.974778,5832642.75608],[398271.763,5832712.077],[398248.104,5832719.142],[398164.577,5832802.112],[398077.775,5832849.312],[398020.017,5832913.158],[398008.250631,5832899.552458],[397980.704,5832932.296],[397945.64,5832898.288],[397932.696,5832864.458],[397843.841,5832757.477],[397851.466,5832752.709],[397766.892,5832617.516],[397501.234,5832225.102],[397505.153629,5832222.442596],[397336.609,5831974.662],[397271.22,5831898.855],[397224.268,5831804.37],[397334.425,5831731.107],[397346.378,5831727.925]]]},"properties":{"PLR_ID":"03100103","PLR_NAME":"Karower Chaussee","BEZ":"03","STAND":"01.01.2021","GROESSE_M2":1875386.595}},
{"type":"Feature","geometry":{"type":"Polygon","coordinates":[[[393172.419,5815152.02],[393118.351,5815380.189],[393108.543,5815400.744],[393075.476616,5815593.436791],[393047.161,5815589.733],[393029.486,5815690.851],[392691.375,5815636.735],[392654.132,5815624.825],[392585.369,5815629.541],[392545.729,5815640.934],[391782.526,5815929.353],[391762.253,5815758.233],[391755.603,5815731.372],[391765.545,5815638.961],[391800.567,5815494.067],[391786.853,5815424.414],[391804.85,5815417.462],[392075.03,5815361.329],[392079.116,5815381.14],[392254.234,5815466.972],[392263.923,5815504.816],[392310.871,5815491.204],[392439.054,5815438.831],[392450.903,5815357.262],[392534.186,5815369.388],[392555.819,5815359.707],[392572.57,5815242.558],[392593.591,5815214.231],[392615.864923,5815058.867187],[393139.148,5815144.972],[393172.419,5815152.02]]]},"properties":{"PLR_ID":"08100102","PLR_NAME":"Schillerpromenade Nord","BEZ":"08","STAND":"01.01.2021","GROESSE_M2":589643.475}},
{"type":"Feature","geometry":{"type":"Polygon","coordinates":[[[392645.199049,5819379.974711],[392661.861,5819477.377],[392611.791,5819542.143],[392571.631,5819648.607],[392512.945,5819751.925],[392487.927,5819813.384],[392458.411,5819930.409],[392422.714,5819993.923],[392388.080608,5820034.350916],[392481.472,5820105.404],[392528.691,5820175.959],[392649.526,5820334.519],[392658.961,5820337.035],[392819.303,5820562.301],[392843.72,5820632.946],[392793.702,5820666.935],[392552.733,5820843.362],[392505.223,5820886.626],[392228.722,5821021.572],[392120.883,5821053.504],[391890.307,5820610.989],[391924.862,5820600.054],[391993.074,5820557.346],[391937.767,5820439.347],[391883.922,5820450.224],[391814.16,5820449.271],[391773.146,5820440.901],[391650.532,5820396.129],[391549.731,5820366.739],[391475.648,5820352.521],[391324.704339,5820344.311418],[391252.274779,5820322.23206],[391194.307,5820289.878],[391352.883,5820225.676],[391424.306,5820132.055],[391473.118,5820090.47],[391525.545,5820028.358],[391589.655,5819910.394],[391688.959042,5819749.712983],[391698.235,5819713.126],[391774.153,5819604.635],[391807.533,5819543.747],[391855.428,5819499.596],[391897.096,5819479.119],[391994.157,5819463.961],[392064.478,5819425.809],[392122.581,5819415.591],[392159.994,5819387.724],[392135.9,5819357.51],[392171.356,5819326.237],[392380.241,5819426.487],[392437.25,5819438.617],[392538.911429,5819425.832053],[392645.199049,5819379.974711]]]},"properties":{"PLR_ID":"01100310","PLR_NAME":"Alexanderplatzviertel","BEZ":"01","STAND":"01.01.2021","GROESSE_M2":1365216.178}},
{"type":"Feature","geometry":{"type":"Polygon","coordinates":[[[395599.439,5819096.125],[395582.276,5819105.22],[395349.187,5819176.646],[395314.952,5819193.367],[395141.578,5819296.044],[395014.649317,5819358.435967],[395014.208,5819334.555],[394906.121,5818970.485],[395212.523,5818871.051],[395268.81,5818843.685],[396053.665,5818517.215],[395911.297,5818695.66],[395782.235,5818858.294],[395682.115,5819036.131],[395599.439,5819096.125]]]},"properties":{"PLR_ID":"02500833","PLR_NAME":"Boxhagener Platz","BEZ":"02","STAND":"01.01.2021","GROESSE_M2":340147.924}},
{"type":"Feature","geometry":{"type":"Polygon","coordinates":[[[398535.441,5819722.937],[398555.775,5819742.896],[398551.894,5819986.191],[398553.414,5820138.569],[398535.049,5820179.148],[398495.852,5820180.983],[398444.299,5820136.142],[398385.868,5820115.477],[398336.724,5820114.055],[398051.871,5820130.05],[397987.292,5820140.324],[397951.842,5820135.401],[397730.2,5820147.995],[397678.587,5820155.946],[397498.501,5820166.453],[397497.745,5820153.326],[397270.591,5820166.218],[397284.766,5820047.24],[397277.907,5819788.116],[397892.922,5819751.038],[398074.742,5819748.809],[398160.037,5819740.027],[398269.061,5819720.949],[398389.341,5819732.868],[398535.441,5819722.937]]]},"properties":{"PLR_ID":"11300723","PLR_NAME":"Bornitzstraße","BEZ":"11","STAND":"01.01.2021","GROESSE_M2":497936.967}},
{"type":"Feature","geometry":{"type":"Polygon","coordinates":[[[399848.954,5815619.506],[399848.957,5815688.15],[399856.82,5815701.186],[400046.675,5816587.672],[400071.462,5816591.506],[400060.199,5816652.881],[399916.811,5817044.923],[399875.022,5817032.906],[399265.867784,5816800.583148],[399083.055,5816731.527],[398962.308,5816699.91],[398828.09,5816683.163],[398729.457,5816687.269],[398645.617,5816700.609],[398640.898,5816685.083],[398563.713,5816714.802],[398841.589,5816505.933],[398944.25,5816415.451],[399067.524,5816284.694],[399206.63,5816125.541],[399184.705,5816118.888],[399206.496,5816102.705],[399248.962,5816076.472],[399295.253,5816035.807],[399848.954,5815619.506]]]},"properties":{"PLR_ID":"11501339","PLR_NAME":"Karlshorst West","BEZ":"11","STAND":"01.01.2021","GROESSE_M2":994186.449}},
{"type":"Feature","geometry":{"type":"Polygon","coordinates":[[[393785.400979,5827128.308984],[393731.613,5827048.599],[393711.963,5827009.479],[393731.242,5826981.349],[393759.171,5826982.011],[393871.733,5826960.475],[393888.621,5826928.365],[393982.309,5827067.137],[393994.615,5827066.031],[393966.004,5826931.282],[393999.93,5826937.319],[394002.885,5826986.978],[394173.172,5827041.611],[394304.18,5827019.508],[394645.303,5826862.363],[394646.862,5826865.537],[394701.268,5826971.448],[394766.95,5827070.036],[394857.044,5827184.333],[395019.83,5827351.445],[395055.943,5827400.58],[395111.313,5827496.584],[395139.563,5827558.768],[395190.079,5827703.018],[395204.781,5827820.889],[395223.118,5827894.072],[395243.5,5827890.307],[395270.467,5827859.297],[395361.28,5827847.808],[395414.367,5827833.199],[395452.946,5827807.076],[395580.87,5827771.676],[395591.809,5827683.463],[395613.142,5827657.453],[395645.499,5827644.932],[395722.386,5827636.057],[395774.667,5827622.991],[395858.115,5827583.401],[395925.934,5827532.278],[396056.666,5827400.838],[396176.078,5827511.68],[396438.362,5827727.818],[396477.422,5827743.695],[396775.574,5827842.402],[396838.516,5827855.628],[396934.43,5827891.528],[397056.964,5828242.976],[397199.107,5828620.429],[397294.875,5828861.808],[397165.048,5828804.292],[397157.059,5828820.384],[397003.304,5828753.424],[396924.135,5828730.363],[396797.953,5828704.613],[396665.934,5828701.02],[396602.942,5828707.394],[396436.972,5828752.672],[396391.651,5828772.094],[396306.727,5828892.522],[396191.806,5829043.78],[396113.544,5829163.502],[395980.44,5829340.771],[395943.118,5829396.215],[395921.528,5829399.777],[395813.515,5829537.353],[395740.702,5829624.768],[395517.501,5829913.806],[395516.472,5829959.035],[395471.692,5829999.92],[395252.467,5830267.989],[395206.746,5830219.424],[395160.631,5830145.459],[395140.579,5830094.896],[395069.217,5829858.717],[395050.519,5829822.638],[395024.647,5829802.676],[395018.937,5829627.481],[395001.692,5829546.628],[394957.392,5829369.513],[394894.956,5829158.719],[394858.015,5829046.762],[394736.142,5828642.656],[394667.837,5828446.227],[394608.672,5828324.911],[394523.732,5828182.618],[394446.323,5828066.598],[394195.646,5827702.337],[394070.983,5827527.773],[394055.83,5827522.347],[394058.034,5827511.463],[394010.975,5827452.331],[393899.236,5827296.109],[393785.400979,5827128.308984]]]},"properties":{"PLR_ID":"03300514","PLR_NAME":"Blankenburg","BEZ":"03","STAND":"01.01.2021","GROESSE_M2":4719969.861}},
{"type":"Feature","geometry":{"type":"Polygon","coordinates":[[[395014.216,5820839.218],[395231.876,5820281.087],[395255.8,5820269.833],[395194.255,5820139.456],[395693.45,5819979.173],[395700.139039,5819979.916527],[396169.937,5820032.282],[396333.836,5820050.894],[396260.849,5820177.575],[396215.101,5820240.892],[396161.727,5820297.026],[396101.03,5820345.697],[396034.024596,5820387.352704],[395928.976,5820434.174],[395708.432,5820488.091],[395541.062,5820578.668],[395464.61,5820633.944],[395402.456,5820705.473],[395272.381,5820915.868],[395267.39,5820925.108],[395014.216,5820839.218]]]},"properties":{"PLR_ID":"03601453","PLR_NAME":"Alter Schlachthof","BEZ":"03","STAND":"01.01.2021","GROESSE_M2":577288.26}},
{"type":"Feature","geometry":{"type":"Polygon","coordinates":[[[386101.722,5826660.278],[386160.549,5826671.479],[386354.443,5826697.546],[386414.091,5826721.308],[386489.022,5826723.181],[386630.316,5826656.046],[386664.495,5826661.741],[386784.23,5826658.65],[386877.084,5826665.94],[387034.837,5826667.622],[387050.536,5826659.734],[387061.227,5826674.509],[387283.439,5826679.138],[387344.799,5826694.028],[387438.928741,5826726.665254],[387502.276,5826749.086],[387498.25,5826763.461],[387562.722,5826782.672],[387906.742,5826934.66],[387540.938,5827767.074],[387458.403,5827733.908],[387394.59,5827716.725],[387076.48,5827697.734],[386845.646,5827697.75],[386538.846,5827722.381],[386453.526981,5827731.572478],[386410.879,5827665.902],[386387.755,5827612.086],[385867.71,5826678.385],[385826.7,5826636.229],[385817.596,5826622.9],[385864.223,5826623.217],[385872.86,5826638.48],[385987.131,5826638.253],[386101.722,5826660.278]]]},"properties":{"PLR_ID":"12500930","PLR_NAME":"Wittenau Mitte","BEZ":"12","STAND":"01.01.2021","GROESSE_M2":1613716.435}},
{"type":"Feature","geometry":{"type":"Polygon","coordinates":[[[385254.016,5825394.049],[385319.636,5825324.44],[385422.232,5825241.117],[385501.634,5825199.358],[385545.673,5825293.473],[385523.576,5825303.543],[385521.177,5825344.016],[385550.877,5825447.073],[385568.898,5825467.189],[385613.204808,5825556.15443],[385603.768,5825561.308],[385692.882,5825920.577],[385863.376,5826606.722],[385864.223,5826623.217],[385817.596,5826622.9],[385826.7,5826636.229],[385515.11,5826626.262],[385445.786,5826626.892],[385364.134,5826640.656],[385364.761,5826610.566],[385344.435,5826593.904],[385125.901,5826264.198],[384811.374,5825792.749],[384835.238,5825775.665],[384812.62,5825757.847],[384862.277,5825717.04],[385009.149,5825620.805],[385070.964,5825589.875],[385171.38,5825562.61],[385205.428,5825476.998],[385254.016,5825394.049]]]},"properties":{"PLR_ID":"12200310","PLR_NAME":"Klixstraße","BEZ":"12","STAND":"01.01.2021","GROESSE_M2":819510.933}},
{"type":"Feature","geometry":{"type":"Polygon","coordinates":[[[385731.649,5816993.267],[385504.538259,5816881.454894],[385536.969,5816848.93],[385593.482,5816847.61],[385626.871,5816785.542],[385694.838,5816722.224],[385864.154,5816555.816],[385909.116,5816502.632],[385908.882,5816490.13],[385975.253,5816490.002],[386079.367,5816488.591],[386089.042,5816588.801],[386080.117,5816613.241],[386091.718,5816655.782],[386168.948532,5817232.32245],[386067.905,5817170.242],[385731.649,5816993.267]]]},"properties":{"PLR_ID":"04501147","PLR_NAME":"Leon-Jessel-Platz","BEZ":"04","STAND":"01.01.2021","GROESSE_M2":248608.958}},
{"type":"Feature","geometry":{"type":"Polygon","coordinates":[[[392501.464,5807836.578],[392651.596,5807872.083],[392851.752,5807948.034],[393074.889,5808014.227],[393237.637,5808054.322],[393346.969,5808077.533],[393582.432,5808189.25],[393810.042,5808279.926],[393826.498,5808282.795],[393799.823,5808481.764],[393792.545,5808560.846],[393792.992,5808710.714],[393801.091,5808829.665],[393794.697,5808967.228],[393775.976,5809118.75],[393751.106,5809211.796],[393697.957,5809321.656],[393638.575,5809426.015],[393618.095,5809495.345],[393608.952,5809652.495],[393613.202,5809670.332],[393577.089,5809673.23],[393576.649,5809780.048],[393262.863,5809653.062],[393240.817,5809592.147],[393173.583,5809453.737],[392676.183,5809416.251],[392271.519,5809253.156],[392224.426,5809260.778],[392204.191,5809264.034],[392214.8,5809097.175],[392223.268,5809034.591],[392238.822,5808978.54],[392333.833,5808716.717],[392380.66,5808601.157],[392409.366,5808559.336],[392487.153,5808504.952],[392543.712,5808446.164],[392584.994,5808358.056],[392595.063,5808293.84],[392605.428,5808171.504],[392600.011,5808141.639],[392544.754,5808117.14],[392498.281,5808061.709],[392422.032,5807900.362],[392508.568,5807870.53],[392501.464,5807836.578]]]},"properties":{"PLR_ID":"08200832","PLR_NAME":"Buckow Mitte","BEZ":"08","STAND":"01.01.2021","GROESSE_M2":2032572.845}},
{"type":"Feature","geometry":{"type":"Polygon","coordinates":[[[398121.257,5813284.492],[398014.318,5813411.958],[397975.9,5813465.168],[397882.75,5813565.375],[397802.211,5813633.757],[397791.43,5813650.5],[397660.022347,5813770.295211],[397679.273631,5813810.224262],[397513.528,5814013.782],[397414.548,5814128.816],[397109.916,5814473.905],[397036.131,5814554.683],[397035.404,5814516.437],[396941.068,5814518.23],[396908.149,5814528.996],[396811.911,5814538.429],[396717.318,5814520.611],[396695.723,5814546.767],[396252.638,5814458.962],[396409.264,5814199.872],[396496.047,5814087.332],[396626.643,5813873.21],[396635.582,5813845.843],[396637.994,5813733.918],[396541.496,5813514.703],[396443.89,5813396.62],[396399.09,5813285.422],[396384.932,5813237.586],[396382.536252,5813165.05],[396649.35,5813149.95],[396730.313,5813147.845],[396834.032,5813154.046],[396863.7,5813149.75],[397009.407,5813182.352],[397104.165,5813217.515],[397157.968819,5813253.111538],[397239.188,5813208.007],[397493.832,5813090.682],[397548.184,5813067.957],[397585.832,5813066.087],[397869.538,5813065.959],[397910.557,5813080.878],[398121.257,5813284.492]]]},"properties":{"PLR_ID":"09100304","PLR_NAME":"Baumschulenweg West","BEZ":"09","STAND":"01.01.2021","GROESSE_M2":1613826.884}},
{"type":"Feature","geometry":{"type":"Polygon","coordinates":[[[379495.593,5828692.153],[379478.353,5828664.283],[379301.168,5828509.519],[379348.944,5828416.532],[379373.302,5828307.912],[379345.416,5828206.339],[379236.844,5827874.713],[379166.797,5827680.191],[379091.481,5827575.741],[379077.387,5827528.772],[379078.715,5827477.73],[379092.814,5827438.833],[379140.769,5827374.634],[379210.108,5827310.677],[379266.815,5827204.563],[379280.725,5827148.421],[379257.221,5827008.946],[379250.362,5826879.804],[379307.703,5826724.551],[379398.108,5826599.526],[379517.135,5826472.537],[379642.41,5826387.526],[379689.761,5826322.029],[379717.989,5826267.864],[379729.129,5826207.495],[379721.279,5826116.63],[379728.029,5826053.595],[379799.855,5825893.937],[379819.113,5825840.803],[379829.738,5825775.954],[379836.611,5825671.109],[379859.154,5825626.683],[379907.610389,5825689.848354],[379994.035403,5825695.781166],[380080.672519,5825730.253526],[380234.101731,5825713.862568],[380294.687244,5825699.288795],[380374.072134,5825655.095958],[380404.747727,5825650.5978],[380396.542279,5825679.343386],[380428.827936,5825703.160191],[380511.502803,5825710.578643],[380535.874418,5825744.021443],[380612.118,5825899.292],[380504.43,5825967.428],[380375.173,5826053.894],[380265.676,5826184.551],[380263.495,5826307.416],[380155.623,5826352.177],[380149.382,5826403.603],[380119.466,5826437.33],[380095.711,5826494.769],[380053.663,5826549.947],[379994.265341,5826544.075125],[379974.225,5826689.542],[379966.068,5826903.445],[379962.148,5826926.518],[379892.889,5827177.501],[379927.532,5827204.451],[380060.673,5827220.095],[380119.518,5827213.135],[380217.951,5827223.54],[380332.952,5827266.378],[380385.312,5827302.789],[380478.178,5827313.85],[380535.295,5827299.113],[380571.015,5827394.247],[380639.284,5827623.354],[380585.329,5827650.78],[380459.608,5827739.649],[380362.275,5827818.594],[380321.709,5827869.691],[380288.484,5828002.612],[380196.368,5828064.043],[380080.768,5828124.973],[379963.935,5828221.9],[379995.006,5828291.335],[379766.37,5828401.743],[379721.125,5828419.763],[379658.884,5828431.638],[379495.593,5828692.153]]]},"properties":{"PLR_ID":"12400616","PLR_NAME":"Konradshöhe/Tegelort","BEZ":"12","STAND":"01.01.2021","GROESSE_M2":2336407.792}},
{"type":"Feature","geometry":{"type":"Polygon","coordinates":[[[393932.055,5815457.608],[393917.166,5815476.5],[393871.486,5815468.449],[393590.116,5815416.265],[393588.967,5815423.166],[393307.456,5815371.823],[393290.727,5815433.846],[393108.543,5815400.744],[393118.351,5815380.189],[393172.419,5815152.02],[393182.394,5815087.685],[393207.173,5815001.982],[393454.475,5815047.425],[393696.431,5814954.744],[393799.036,5814943.922],[393898.695,5814961.556],[393953.526,5814930.287],[394049.344,5814884.889],[394091.325847,5814891.65342],[394054.066,5814995.529],[394046.83,5815054.581],[394002.485,5815214.993],[393905.688782,5815445.026361],[393932.055,5815457.608]]]},"properties":{"PLR_ID":"08100207","PLR_NAME":"Rollberg","BEZ":"08","STAND":"01.01.2021","GROESSE_M2":371774.258}},
{"type":"Feature","geometry":{"type":"Polygon","coordinates":[[[401965.395457,5824058.079692],[402073.051,5823997.796],[402057.672,5823970.085],[402245.522,5823865.756],[402265.314,5823901.721],[402365.24945,5823857.815361],[402444.409,5823858.92],[402430.23,5823833.07],[402563.03,5823850.904],[402635.823,5823841.872],[402644.11,5823875.977],[402849.945,5823832.967],[402882.776,5823821.243],[402919.796,5823776.077],[402927.962,5823780.007],[403351.787327,5823692.292957],[403373.856,5823760.184],[403442.53,5824050.144],[403462.654,5824119.511],[403463.739,5824191.577],[403447.415,5824251.703],[403392.043,5824316.689],[403322.119,5824347.04],[403112.694,5824375.608],[402849.693,5824397.828],[402748.462,5824413.692],[402599.93,5824451.986],[402528.63,5824489.384],[402531.572,5824498.003],[402396.107,5824562.034],[402268.001,5824636.501],[402248.64,5824601.144],[402242.385,5824567.96],[402195.574,5824488.274],[402103.434,5824317.797],[402022.13,5824156.885],[401965.395457,5824058.079692]]]},"properties":{"PLR_ID":"10100206","PLR_NAME":"Wuhletalstraße","BEZ":"10","STAND":"01.01.2021","GROESSE_M2":845789.678}},
{"type":"Feature","geometry":{"type":"Polygon","coordinates":[[[384236.277,5817095.091],[384329.776,5817007.637],[384379.56,5816954.338],[384597.436,5816679.901],[384617.61,5816647.117],[384627.279,5816653.952],[384701.827,5816690.325],[384768.953,5816688.843],[385018.53,5816668.886],[385090.206,5816692.543],[385493.296,5816872.205],[385504.538259,5816881.454894],[385482.391,5816912.402],[385412.105,5817052.567],[385323.023,5817165.129],[385236.967,5817295.299],[385189.113,5817378.427],[385150.991,5817494.394],[385086.681,5817836.155],[385078.295,5817838.416],[384836.889,5817559.152],[384364.696,5817192.39],[384236.277,5817095.091]]]},"properties":{"PLR_ID":"04500939","PLR_NAME":"Eisenzahnstraße","BEZ":"04","STAND":"01.01.2021","GROESSE_M2":757142.69}},
{"type":"Feature","geometry":{"type":"Polygon","coordinates":[[[405365.962,5821608.721],[405543.665,5821680.135],[405641.649705,5821714.617255],[405619.369,5821949.713],[405598.88,5821968.112],[405317.197,5821938.073],[405096.84,5821904.813],[405111.222,5821830.494],[405143.281,5821533.582],[405321.184,5821609.588],[405327.935,5821592.778],[405365.962,5821608.721]]]},"properties":{"PLR_ID":"10200421","PLR_NAME":"Helle Mitte","BEZ":"10","STAND":"01.01.2021","GROESSE_M2":163851.514}},
{"type":"Feature","geometry":{"type":"Polygon","coordinates":[[[379274.818,5819654.612],[379193.543,5819651.663],[379189.794,5819699.791],[379174.78,5819698.565],[379130.629,5819629.847],[379106.21,5819634.385],[379033.109,5819524.258],[378963.587,5819443.41],[378921.134,5819336.613],[378858.606,5819207.229],[378906.547,5819190.001],[378961.236,5819188.118],[379700.644,5818923.338],[379739.811,5818918.024],[379736.787,5818984.577],[379747.223,5819007.018],[379760.654,5819101.737],[379790.244,5819181.669],[379708.108,5819225.859],[379638.191,5819276.817],[379511.961,5819404.271],[379365.091,5819568.936],[379286.344,5819634.09],[379274.818,5819654.612]]]},"properties":{"PLR_ID":"04200204","PLR_NAME":"Angerburger Allee","BEZ":"04","STAND":"01.01.2021","GROESSE_M2":361436.949}},
{"type":"Feature","geometry":{"type":"Polygon","coordinates":[[[388713.721,5817263.862],[388749.913,5817257.915],[389124.381,5817149.259],[389198.903,5817122.149],[389219.397,5817160.775],[389242.973,5817230.698],[389232.856,5817289.549],[389258.174,5817612.018],[389322.594,5817691.115],[389332.889,5817765.003],[389319.585,5817775.805],[389307.563,5817761.254],[389269.517,5817767.057],[388881.231,5817862.736],[388847.076,5817874.735],[388726.663,5817447.046],[388713.721,5817263.862]]]},"properties":{"PLR_ID":"07100205","PLR_NAME":"Alvenslebenstraße","BEZ":"07","STAND":"01.01.2021","GROESSE_M2":317584.653}},
{"type":"Feature","geometry":{"type":"Polygon","coordinates":[[[388628.663,5808164.198],[388686.602074,5808256.108468],[388734.222,5808351.08],[388741.809,5808378.455],[388876.35,5808635.186],[388883.423,5808637.054],[388928.372,5808731.65],[389011.576,5808881.688],[389285.385,5809386.435],[389324.311,5809461.008],[389367.378,5809514.171],[389405.27,5809536.82],[389440.326,5809571.733],[389417.983,5809638.886],[389386.219,5809639.526],[389365.915,5809733.262],[389347.027,5809746.323],[389266.159,5810001.142],[389254.225,5809979.841],[389069.329,5809849.138],[389031.249,5809852.908],[388762.532,5809268.899],[388723.95,5809197.578],[388695.129,5809170.598],[388494.961,5809082.038],[388418.406,5809027.257],[388402.253,5809005.465],[388144.678,5808860.021],[388025.388,5808804.281],[387950.743,5808764.313],[387841.39,5808696.326],[387670.061,5808616.827],[387508.337,5808533.396],[387498.14,5808506.111],[387810.813,5808414.798],[387813.762,5808408.472],[387954.317,5808357.686],[388046.074,5808319.975],[388144.091,5808291.225],[388366.017,5808256.105],[388418.864,5808243.149],[388555.424,5808197.657],[388628.663,5808164.198]]]},"properties":{"PLR_ID":"07601236","PLR_NAME":"Marienfelder Allee Nordwest","BEZ":"07","STAND":"01.01.2021","GROESSE_M2":1147177.253}},
{"type":"Feature","geometry":{"type":"Polygon","coordinates":[[[391358.52,5823960.757],[391389.906,5823731.309],[391382.53,5823663.648],[391356.813,5823577.593],[391301.911,5823499.34],[391441.604,5823516.476],[391527.285,5823526.899],[391563.97,5823470.444],[391618.259,5823418.867],[391699.025,5823380.739],[391756.133,5823368.476],[391886.660215,5823377.485792],[391966.234,5823900.786],[391436.153,5823962.553],[391437.578,5823950.5],[391358.52,5823960.757]]]},"properties":{"PLR_ID":"03601140","PLR_NAME":"Malmöer Straße","BEZ":"03","STAND":"01.01.2021","GROESSE_M2":280593.845}},
{"type":"Feature","geometry":{"type":"Polygon","coordinates":[[[390615.299,5827112.698],[390585.356,5827103.952],[390121.985,5826854.08],[390103.015,5826845.743],[390018.127,5826869.449],[389966.552,5826903.004],[389931.673341,5826899.928472],[389916.851,5826954.686],[389873.508,5827059.797],[389855.598,5827172.514],[389864.534,5827241.717],[389857.761,5827246.828],[389685.997,5827164.16],[389662.494,5827215.557],[389483.028,5827155.818],[389483.992,5827164.439],[389416.06,5827199.23],[389395.082,5827158.292],[389308.738,5827216.903],[389270.006,5827231.008],[389157.569,5826966.65],[389266.059,5826843.731],[389428.823,5826690.168],[389426.209,5826684.343],[389628.663,5826495.211],[389701.339,5826440.459],[389704.499,5826445.636],[389835.051,5826352.414],[389893.019,5826304.766],[389966.165,5826226.717],[389978.96,5826204.13],[390092.118,5826075.826],[390114.472,5826086.655],[390120.91,5826052.813],[390143.209,5826056.889],[390150.306,5826013.501],[390166.296,5826016.326],[390192.917,5825952.246],[390364.749,5825892.41],[390422.671,5825925.796],[390766.711,5825600.506],[390732.74,5825564.33],[390832.614,5825461.457],[390771.475,5825398.958],[390812.827,5825369.672],[391030.059,5825464.412],[391340.785,5825515.552],[391359.992,5825540.177],[391362.517,5825579.122],[391468.126,5825572.92],[391474.457,5825684.179],[391502.597,5825711.11],[391461.329,5825763.245],[391611.733,5825875.602],[391635.84,5825902.835],[391626.416,5825968.209],[391595.043,5826011.906],[391593.507,5826037.853],[391537.885,5826095.817],[391477.473,5826153.229],[391369.601,5826196.014],[391343.312,5826222.053],[391276.125,5826219.249],[391193.885,5826245.225],[391152.039,5826275.553],[391097.034,5826279.783],[391001.916,5826357.017],[390967.667,5826394.887],[390937.441,5826413.754],[390850.911,5826443.99],[390753.942,5826497.247],[390697.334,5826600.257],[390684.834,5826675.675],[390706.024,5826734.246],[390752.394,5826740.164],[390615.299,5827112.698]]]},"properties":{"PLR_ID":"03400620","PLR_NAME":"Schönholz","BEZ":"03","STAND":"01.01.2021","GROESSE_M2":1909837.667}},
{"type":"Feature","geometry":{"type":"Polygon","coordinates":[[[395260.68,5811161.34],[395267.023,5811159.981],[395598.373312,5811410.227656],[395665.844,5811358.18],[395686.615,5811384.133],[395489.401,5811542.928],[395430.457992,5811568.889293],[395268.206582,5811594.994552],[395223.544,5811589.741],[395146.34,5811489.662],[395138.02,5811461.154],[395100.658,5811409.938],[395114.096,5811372.536],[395187.756,5811271.316],[395260.68,5811161.34]]]},"properties":{"PLR_ID":"08401138","PLR_NAME":"Goldhähnchenweg","BEZ":"08","STAND":"01.01.2021","GROESSE_M2":133642.042}},
{"type":"Feature","geometry":{"type":"Polygon","coordinates":[[[391688.959042,5819749.712983],[391589.655,5819910.394],[391525.545,5820028.358],[391473.118,5820090.47],[391424.306,5820132.055],[391352.883,5820225.676],[391194.307,5820289.878],[391147.795,5820306.303],[391028.584,5820332.062],[390995.058,5820303.501],[390934.443,5820327.831],[390825.976,5820335.7],[390685.927,5820326.916],[390648.388994,5820314.101069],[390609.573,5820286.038],[390430.67,5820120.271],[390235.222,5820028.617],[390167.617,5820006.58],[390087.849,5819994.583],[390020.966,5819999.758],[389944.6,5820024.289],[389869.32742,5820074.331006],[389863.936,5819890.172],[389856.958,5819850.957],[389877.389,5819761.993],[389852.995,5819748.284],[389832.747,5819711.46],[389835.709,5819672.186],[389944.359,5819681.871],[389945.595,5819669.769],[390147.811,5819687.949],[390186.457,5819558.667],[390366.005,5819573.731],[390391.109,5819428.405],[390466.109,5819184.492],[390523.739,5819191.591],[391079.176,5819234.426],[391197.636,5819245.971],[391242.484,5819316.502],[391212.823,5819565.976],[391296.459121,5819585.394859],[391419.555,5819634.077],[391487.255748,5819680.159705],[391521.47,5819643.297],[391688.959042,5819749.712983]]]},"properties":{"PLR_ID":"01100206","PLR_NAME":"Unter den Linden","BEZ":"01","STAND":"01.01.2021","GROESSE_M2":1297109.673}},
{"type":"Feature","geometry":{"type":"Polygon","coordinates":[[[393737.794,5831583.932],[393695.877,5831502.011],[393641.868809,5831547.561736],[393412.815,5831509.599],[393318.03,5831592.053],[393228.695,5831470.636],[393169.561,5831406.604],[393108.976,5831313.79],[393044.524,5831234.085],[392891.703,5831022.735],[392835.217,5830952.007],[392748.305,5830860.781],[392633.147,5830754.344],[392537.007,5830652.563],[392482.502,5830622.789],[392404.611,5830589.843],[392407.756,5830583.192],[392250.066,5830516.016],[392171.535,5830486.56],[392178.864,5830479.052],[392345.903,5830237.277],[392516.241,5830053.068],[392586.179,5829994.574],[392590.068,5829999.929],[393195.743,5829504.505],[393456.896,5829289.3],[393598.41,5829237.888],[393737.616,5829202.699],[393776.824,5829301.802],[393906.497,5829689.974],[393917.818,5829793.615],[393814.219742,5829822.95205],[393765.622,5829829.192],[393694.645,5829879.962],[393704.178,5829942.486],[393801.348,5830347.15],[393832.439,5830514.068],[393851.76,5830521.386],[393833.74,5830615.944],[393762.326,5831065.337],[393769.804,5831066.46],[393748.191,5831221.498],[393754.691,5831344.226],[393775.274,5831447.835],[393791.279,5831503.295],[393737.794,5831583.932]]]},"properties":{"PLR_ID":"03200310","PLR_NAME":"Krugpfuhl","BEZ":"03","STAND":"01.01.2021","GROESSE_M2":2267490.053}},
{"type":"Feature","geometry":{"type":"Polygon","coordinates":[[[401799.794,5812164.75],[401387.321,5812323.03],[401401.175,5812335.478],[401127.696473,5812437.867317],[401075.204,5812453.682],[401008.518,5812455.058],[400900.885,5812432.204],[400884.663,5812418.952],[400642.71,5812350.176],[400448.984,5812309.224],[400430.061,5812294.762],[399863.325,5812139.392],[399714.31,5812095.735],[399706.129,5812125.101],[399687.87,5812120.289],[399704.891,5812058.722],[399726.671,5812050.079],[399718.335,5812023.963],[399610.703,5812035.785],[399609.845,5812007.057],[399588.338,5812007.585],[399554.911,5811978.592],[400100.507,5811350.776],[400159.068,5811401.282],[400298.78,5811240.083],[400539.704,5811450.127],[400296.485,5811706.103],[400286.194,5811851.244],[400805.365,5811886.742],[400937.644,5812001.555],[400977.498,5812111.406],[401139.257,5812049.118],[401681.455,5811850.553],[401799.794,5812164.75]]]},"properties":{"PLR_ID":"09200614","PLR_NAME":"Oberspree","BEZ":"09","STAND":"01.01.2021","GROESSE_M2":1072394.942}},
{"type":"Feature","geometry":{"type":"Polygon","coordinates":[[[387070.825,5819432.157],[387091.756,5819431.505],[387111.013,5819488.903],[387224.288,5819499.102],[387218.46,5819564.539],[387230.757,5819610.021],[387277.502,5819671.407],[387306.543,5819651.576],[387576.288,5819673.343],[387594.481,5819689.855],[387635.261,5819693.149],[387646.804,5819709.128],[387714.904,5819714.632],[387741.24,5819739.779],[387670.542819,5819791.487473],[387727.333,5819900.096],[387853.765,5819916.495],[387868.032,5819935.342],[387860.162,5819991.558],[387865.063,5820059.959],[387877.824,5820058.977],[387931.106,5820126.598],[388056.8,5820108.858],[388067.391903,5820116.993602],[388052.028705,5820137.363072],[387948.2,5820287.3],[387915.4,5820322.3],[387823.75,5820395.8],[387761.9,5820434],[387712.45,5820448.65],[387596.85,5820463.6],[387546.2,5820458.9],[387492.160585,5820441.061589],[387434.8,5820421.3],[387406.25,5820400.55],[387366,5820347],[387329.05,5820223.5],[387289.7,5820143.95],[387258.9,5820103.8],[387079,5819894.75],[387038,5819856.45],[386968.581,5819821.613],[387004.538,5819679.69],[387039.908,5819627.221],[387042.625,5819607.12],[387092.768,5819552.24],[387077.209,5819505.98],[387089.787,5819506.98],[387070.825,5819432.157]]]},"properties":{"PLR_ID":"01200629","PLR_NAME":"Hansaviertel","BEZ":"01","STAND":"01.01.2021","GROESSE_M2":534709.38}},
{"type":"Feature","geometry":{"type":"Polygon","coordinates":[[[389869.32742,5820074.331006],[389944.6,5820024.289],[390020.966,5819999.758],[390087.849,5819994.583],[390167.617,5820006.58],[390235.222,5820028.617],[390430.67,5820120.271],[390609.573,5820286.038],[390648.388994,5820314.101069],[390638.87,5820376.539],[390607.169,5820781.175],[390595.417,5820881.815],[390601.995,5820914.063],[390578.331,5820938.612],[390423.216,5821150.66],[390275.587,5821358.857],[390158.914,5821519.929],[389782.258,5822044.675],[389755.774,5822012.696],[389652.226,5822126.765],[389350.343,5821905.799],[389302.868,5821977.084],[389194.203035,5821902.513795],[389158.58074,5821885.245836],[389241.987,5821756.672],[389417.977,5821461.869],[389491.925,5821286.63],[389570.888,5821146.259],[389645.34,5821039.764],[389666.951103,5820996.627322],[389683.328,5820933.838],[389680.056,5820883.823],[389647.944,5820842.834],[389493.504,5820846.842],[389487.966,5820706.864],[389536.092,5820656.699],[389533.552,5820519.899],[389526.495,5820432.528],[389585.735,5820430.723],[389660.993,5820408.985],[389699.551,5820386.425],[389770.065,5820325.158],[389809.942,5820251.535],[389820.792,5820159.743],[389839.865,5820109.061],[389869.32742,5820074.331006]]]},"properties":{"PLR_ID":"01100308","PLR_NAME":"Charitéviertel","BEZ":"01","STAND":"01.01.2021","GROESSE_M2":1682606.662}},
{"type":"Feature","geometry":{"type":"Polygon","coordinates":[[[393707.443,5812112.826],[393727.702,5812181.256],[393759.249,5812247.58],[393770.823,5812246.33],[393867.605,5812451.832],[393866.148,5812514.192],[393878.935,5812540.906],[393784.245,5812962.461],[393753.571,5813084.031],[393727.883596,5813160.944914],[393683.85,5813337.835],[393647.957,5813535.771],[393621.019,5813661.952],[393454.272,5813618.766],[393086.828,5813552.737],[392858.57,5813518.68],[392871.529,5813416.642],[392749.342,5813447.282],[392690.688,5813305.32],[392943.063,5813147.306],[392983.719,5813113.636],[393089.265,5812999.719],[392978.744,5812990.761],[392786.51,5813002.324],[392724.328,5813013.506],[392702.100428,5812976.801991],[392614.751,5812785.438],[392550.976,5812664.931],[392474.497,5812512.618],[392417.116,5812518.078],[392395.972,5812458.375],[392384.654,5812426.313],[392427.753,5812434.874],[392604.749,5812483.834],[392702.678,5812496.903],[393261.116,5812494.475],[393394.225,5812499.276],[393517.078,5812494.71],[393596.276,5812382.947],[393618.149,5812337.905],[393707.443,5812112.826]]]},"properties":{"PLR_ID":"08200624","PLR_NAME":"Tempelhofer Weg","BEZ":"08","STAND":"01.01.2021","GROESSE_M2":1189601.201}},
{"type":"Feature","geometry":{"type":"Polygon","coordinates":[[[377987.641,5823591.879],[377993.861,5823544.874],[378054.917,5823405.127],[378210.594,5823157.23],[378299.443,5823001.26],[378345.064,5822928.803],[378318.868,5822854.595],[378297.752,5822816.474],[378225.293725,5822749.347446],[378191.849,5822732.341],[378232.662,5822693.781],[378227.925,5822646.287],[378254.7,5822619.163],[378304.445,5822587.491],[378316.241,5822600.436],[378403.448,5822608.075],[378422.009,5822620.736],[378530.169,5822587.707],[378544.106,5822556.66],[378538.797,5822424.673],[378562.525,5822419.958],[378568.533,5822478.748],[378556.365,5822572.649],[378513.527,5822747.562],[378506.941,5822822.599],[378521.291,5822892.783],[378544.367,5822928.545],[378585.253,5822956.171],[378634.605,5822972.624],[378689.458,5823025.874],[378628.07,5823037.835],[378652.145,5823082.524],[378662.189,5823130.116],[378484.612,5823211.513],[378514.934,5823261.636],[378637.288,5823587.311],[378634.39,5823657.102],[378608.362,5823790.694],[378239.01,5823734.687],[378027.417,5823704.929],[378002.067,5823704.222],[378016.48455,5823596.020202],[377987.641,5823591.879]]]},"properties":{"PLR_ID":"05100314","PLR_NAME":"Kurstraße","BEZ":"05","STAND":"01.01.2021","GROESSE_M2":475094.232}},
{"type":"Feature","geometry":{"type":"Polygon","coordinates":[[[398204.444,5822046.8],[398569.52,5821991.564],[398644.886,5821992.858],[398648.074,5821756.291],[398642.327,5821589.218],[398641.13,5821569.502],[399405.3,5821639.192],[399566.568,5821654.142],[399560.917,5821667.188],[399739.485,5821687.448],[399870.814,5821729.7],[400044.861,5821820.566],[400144.033,5821882.792],[400137.959,5821892.444],[400078.067,5821871.13],[400045.151,5821868.537],[399939.383,5821884.69],[399837.111,5821943.671],[399687.868,5822080.037],[399631.281,5822120.865],[399637.183,5822107.196],[399479.329,5822205.996],[399376.388,5822274.572],[399356.438,5822282.609],[399213.071,5822372.992],[399120.815,5822418.417],[399002.323706,5822449.901762],[398771.465,5822489.449],[398756.04,5822464.435],[398628.832,5822487.544],[398628.473,5822504.379],[398335.23,5822554.725],[398204.444,5822046.8]]]},"properties":{"PLR_ID":"11200515","PLR_NAME":"Weiße Taube","BEZ":"11","STAND":"01.01.2021","GROESSE_M2":1033881.811}},
{"type":"Feature","geometry":{"type":"Polygon","coordinates":[[[384690.831,5820462.435],[384602.356,5820487.087],[384540.198,5820520.657],[384516.988,5820555.256],[384490.207,5820638.17],[384469.195,5820891.303],[384452.579,5821045.459],[384416.305,5821219.067],[384394.373347,5821303.415589],[384441.429,5821313.943],[384433.585,5821353.679],[384388.83037,5821340.483491],[384303.59197,5821323.061062],[384292.05,5821358.25],[384261.45,5821390.15],[384194.15,5821411.55],[384083.45,5821403.55],[384002.65,5821387.45],[383938.8,5821365],[383831.1,5821314.15],[383707.1,5821275.9],[383628.05,5821268.95],[383561.7,5821287.85],[383527.223877,5821210.691527],[383667.533,5821221.335],[383619.538,5821184.661],[383561.923,5821121.131],[383501.809,5821021.932],[383472.951,5820934.716],[383453.267,5820998.067],[383415.296,5820840.24],[383405.807,5820759.815],[383417.863,5820709.189],[383431.845,5820525.945],[383461.623,5820383.988],[383522.364,5820141.408],[383541.931756,5820085.964887],[383635.994,5820094.479],[383637.823,5820101.254],[384345.791,5820154.9],[384439.915,5820162.124],[384516.215,5820162.45],[384516.851,5820154.454],[384613.265,5820161.853],[384655.304,5820152.934],[384642.406,5820220.498],[384635.468,5820320.168],[384674.504,5820391.717],[384671.414,5820414.178],[384690.831,5820462.435]]]},"properties":{"PLR_ID":"04300412","PLR_NAME":"Schlossgarten","BEZ":"04","STAND":"01.01.2021","GROESSE_M2":1261028.946}},
{"type":"Feature","geometry":{"type":"Polygon","coordinates":[[[385083.036743,5808080.748034],[385036.353,5808064.425],[385014.722,5808068.535],[384947.705,5807867.922],[384941.128,5807870.167],[384911.376,5807738.851],[384808.978,5807377.05],[384926.552,5807180.205],[384998.615,5807047.136],[385109.381,5806865.499],[385159.859,5806769.747],[385282.193,5806916.723],[385304.816,5806934.832],[385453.798,5807026.515],[385640.63,5807146.748],[385767.898,5807216.065],[386036.317,5807377.505],[386200.054,5807473.687],[386175.007,5807522.165],[385868.184,5808001.536],[385646.781,5808032.68],[385293.992,5808078.929],[385201.126,5808085.693],[385083.036743,5808080.748034]]]},"properties":{"PLR_ID":"06200418","PLR_NAME":"Landweg","BEZ":"06","STAND":"01.01.2021","GROESSE_M2":1105430.596}},
{"type":"Feature","geometry":{"type":"Polygon","coordinates":[[[401007.546829,5817462.129118],[400954.596,5817472.917],[400855.834,5817492.683],[400580.084,5818277.813],[400636.686,5818327.203],[400656.42,5818371.505],[400647.696,5818537.903],[400659.766,5818542.163],[400659.012,5818770.614],[400415.934,5818792.445],[400421.482528,5818853.102982],[400317.736,5818862.521],[400304.046,5818851.182],[400249.225,5818851.601],[400049.008,5818830.624],[399910.368,5818811.213],[399925.714,5818834.179],[399989.075,5818835.673],[399993.679,5818862.723],[399868.074,5818873.112],[399616.923,5818799.713],[399550.575,5818789.957],[399553.967,5818684.605],[399536.502,5818639.179],[399570.128162,5818466.152872],[399535.488,5818459.491],[399552.488,5818325.329],[399558.167,5818285.333],[399591.339,5818171.591],[399626.304,5817970.823],[399641.221,5817931.799],[399684.274,5817701.828],[399697.896,5817651.787],[399740.147,5817534.707],[399750.277,5817538.211],[399779.321,5817457.523],[399787.633,5817406.014],[399815.966,5817356.439],[399816.598,5817323.968],[399921.639,5817047.063],[400184.664,5817151.847],[400971.58,5817451.719],[401007.546829,5817462.129118]]]},"properties":{"PLR_ID":"11401034","PLR_NAME":"Tierpark","BEZ":"11","STAND":"01.01.2021","GROESSE_M2":1733231.062}},
{"type":"Feature","geometry":{"type":"Polygon","coordinates":[[[385364.134,5826640.656],[385445.786,5826626.892],[385515.11,5826626.262],[385826.7,5826636.229],[385867.71,5826678.385],[386387.755,5827612.086],[386410.879,5827665.902],[386453.526981,5827731.572478],[386456.95,5827736.431],[386166.649,5827756.141],[386158.574,5827741.317],[386127.072,5827748.211],[385982.945,5827810.221],[385855.014,5827854.874],[385765.95,5827893.18],[385308.997,5827575.971],[385279.068,5827589.267],[385052.245,5827917.907],[385036.98,5828021.532],[384712.736,5827973.539],[384649.472,5827882.32],[384643.145,5827881.361],[384511.674,5827702.896],[384487.41,5827727.297],[384209.777311,5827703.730587],[384236.257,5827634.807],[384258.352,5827644.234],[384279.055,5827597.163],[384416.878,5827237.543],[384407.508217,5827220.241209],[384422.355,5827216.9],[384515.214,5827116.808],[384562.764,5827085.433],[384729.199,5826989.354],[384716.685,5826982.123],[384770.064,5826958.028],[385065.581,5826783.941],[385068.829,5826787.539],[385240.82,5826689.249],[385310.465,5826656.307],[385364.134,5826640.656]]]},"properties":{"PLR_ID":"12500825","PLR_NAME":"Borsigwalde","BEZ":"12","STAND":"01.01.2021","GROESSE_M2":1849143.867}},
{"type":"Feature","geometry":{"type":"Polygon","coordinates":[[[385110.045,5810370.136],[385237.298,5810587.332],[385345.417,5810780.723],[385413.482,5810886.472],[385451.829,5810928.362],[385485.142,5810983.534],[385526.464,5811096.36],[385573.968,5811270.935],[385574.573,5811342.719],[385550.239,5811459.773],[385542.703,5811529.421],[385518.668,5812079.94],[385528.459,5812343.575],[385550.542,5812463.237],[385536.093,5812505.859],[385506.888,5812494.985],[385509.91,5812562.952],[385334.026,5812433.795],[385291.042,5812425.512],[385299.412,5812410.804],[385148.077,5812324.287],[385056.442,5812282.692],[384907.74,5812205.833],[384857.508,5812169.261],[384832.665,5812162.673],[384699.469,5812091.96],[384703.94,5812084.675],[384453.355,5811943.138],[384155.666,5811805.945],[384160.425426,5811798.489789],[384693.907,5810965.882],[384885.807,5810668.686],[384937.717,5810600.984],[385035.538,5810447.185],[385074.855,5810394.002],[385110.045,5810370.136]]]},"properties":{"PLR_ID":"06300633","PLR_NAME":"Augustaplatz","BEZ":"06","STAND":"01.01.2021","GROESSE_M2":1667886.653}},
{"type":"Feature","geometry":{"type":"Polygon","coordinates":[[[390523.739,5819191.591],[390466.109,5819184.492],[390391.109,5819428.405],[390366.005,5819573.731],[390186.457,5819558.667],[390147.811,5819687.949],[389945.595,5819669.769],[389944.359,5819681.871],[389835.709,5819672.186],[389857.155,5819641.812],[389893.911867,5819627.85749],[389840.914,5819310.737],[389848.204,5819246.653],[389809.155324,5819002.922278],[389818.892038,5818899.79905],[389835.436587,5818856.468227],[389893.553,5818775.248],[389978.44,5818657.94],[390012.673,5818659.021],[390442.545,5818691.891],[390744.799,5818713.82],[390736.786,5818781.287],[390649.244473,5818877.685267],[390529.493,5819092.695],[390523.739,5819191.591]]]},"properties":{"PLR_ID":"01100205","PLR_NAME":"Wilhelmstraße","BEZ":"01","STAND":"01.01.2021","GROESSE_M2":634642.165}},
{"type":"Feature","geometry":{"type":"Polygon","coordinates":[[[391635.561,5818220.356],[391572.065,5818106.783],[391494.84,5818115.578],[391463.04,5818107.077],[391282.331,5818031.191],[391253.179,5818031.485],[391198.954,5817877.216],[391403.947,5817790.318],[391353.55,5817687.249],[391943.9,5817681.184],[392253.961233,5817698.850037],[392337.21,5817688.824],[392383.071,5817693.692],[392581.247,5817729.577],[392672.291,5817742.777],[392608.180473,5817791.429412],[392592.454,5817757.314],[392339.236859,5817886.540157],[392329.704,5817866.294],[391635.561,5818220.356]]]},"properties":{"PLR_ID":"02100105","PLR_NAME":"Prinzenstraße","BEZ":"02","STAND":"01.01.2021","GROESSE_M2":423358.266}},
{"type":"Feature","geometry":{"type":"Polygon","coordinates":[[[394577.368,5813819.797],[394780.178,5813883.994],[394836.017,5813896.711],[394884.479,5813897.14],[394867.943,5813854.678],[394859.969,5813781.877],[394867.456,5813710.741],[394892.923,5813642.313],[395014.175,5813424.668],[395016.460334,5813425.450775],[395043.314737,5813434.648979],[395060.091,5813412.776],[395116.278,5813299.638],[395137.954,5813283.207],[395161.197,5813223.001],[395185.846,5813236.741],[396166.869,5813173.777],[396382.575,5813158.828],[396382.536252,5813165.05],[396384.932,5813237.586],[396399.09,5813285.422],[396443.89,5813396.62],[396541.496,5813514.703],[396637.994,5813733.918],[396635.582,5813845.843],[396626.643,5813873.21],[396496.047,5814087.332],[396409.264,5814199.872],[396252.638,5814458.962],[396236.668,5814484.806],[396191.799,5814447.793],[396144.649,5814443.38],[395803.269,5814375.457],[395808.185,5814362.564],[395757.658,5814361.436],[395633.654,5814340.134],[395555.702,5814333.308],[395562.833,5814343.962],[395483.052,5814357.757],[395397.553,5814393.19],[395231.5,5814475.908],[395203.076383,5814471.698751],[395216.113,5814497.55],[395256.759,5814775.171],[395167.565,5814848.427],[395151.169,5814820.415],[395130.256,5814749.699],[395089.234,5814686.775],[395011.764,5814599.626],[395026.07,5814564.297],[394937.70679,5814558.885385],[394937.05,5814540.801],[394839.512,5814490.89],[394656.69,5814452.039],[394598.93,5814428.131],[394584.456,5814408.967],[394568.853,5814365.558],[394584.510229,5814256.088458],[394343.314,5814219.921],[394395.324,5814128.678],[394446.862,5814061.515],[394558.161,5813872.635],[394577.368,5813819.797]]]},"properties":{"PLR_ID":"08100521","PLR_NAME":"Schulenburgpark","BEZ":"08","STAND":"01.01.2021","GROESSE_M2":2197546.314}},
{"type":"Feature","geometry":{"type":"Polygon","coordinates":[[[380555.825,5824508.024],[380553.484,5824402.803],[380568.521,5824392.579],[380572.226,5824282.554],[380566.932,5824220.677],[380523.699,5824049.422],[380426.458037,5823676.97003],[380404.182,5823576.632],[380405.233,5823526.132],[380422.423021,5823463.118309],[380453.445,5823407.828],[380480.13,5823378.509],[380534.627,5823340.776],[380620.149,5823322.433],[380895.306,5823343.845],[381155.117,5823374.16],[381196.88,5823388.124],[381209.23,5823377.942],[381765.427,5823432.327],[381945.306,5823452.801],[382361.109,5823493.682],[382456.582,5823495.645],[382717.897,5823481.468],[382721.314,5823546.303],[382208.638,5823571.84],[381911.009,5823591.513],[381814.278,5823605.364],[381724.705,5823628.067],[381632.314,5823659.824],[381548.042,5823697.836],[381466.963,5823745.976],[381387.981,5823799.786],[381311.981,5823862.639],[380758.303,5824337.21],[380759.03,5824327.087],[380613.99,5824451.18],[380614.89,5824476.402],[380574.364,5824508.041],[380555.825,5824508.024]]]},"properties":{"PLR_ID":"05300838","PLR_NAME":"Gartenfeld","BEZ":"05","STAND":"01.01.2021","GROESSE_M2":934726.135}},
{"type":"Feature","geometry":{"type":"Polygon","coordinates":[[[404837.549,5807902.631],[404912.407,5808088.235],[404900.041,5808122.433],[404865.104,5808138.887],[404871.064,5808152.04],[404835.495,5808166.781],[404770.292,5808175.411],[404738.552,5808190.452],[404745.997,5808154.93],[404706.691,5808138.624],[404696.341,5808198.842],[404631.654,5808181.668],[404640.870002,5808123.796605],[404582.746,5808106.363],[404583.881,5808138.13],[404514.999,5808177.69],[404483.811,5808150.35],[404464.113,5808203.998],[404478.289,5808259.976],[404464.544,5808287.006],[404425.128,5808321.744],[404406.345,5808370.466],[404378.595,5808491.924],[404417.857,5808554.48],[404470.941,5808558.859],[404504.737,5808523.327],[404551.661,5808495.544],[404548.704,5808511.387],[404492.202,5808577.705],[404477.399,5808612.443],[404543.348,5808624.119],[404571.122,5808643.233],[404512.216052,5808632.639941],[404567.673,5808686.798],[404483.354,5808766.791],[404454.554,5808817.032],[404474.629,5808844.008],[404580.616,5808861.297],[404608.03,5808886.616],[404564.615,5808949.785],[404540.701,5808935.223],[404328.081,5808897.508],[404315.425,5808964.367],[404202.623,5808951.069],[403839.008,5808902.417],[403804.9,5808888.8],[403761.536,5808927.041],[403724.523,5808995.458],[403683.501,5809023.105],[403692.297,5809057.057],[403722.931,5809105.169],[403726.224,5809155.949],[403701.648,5809152.867],[403702.822,5809200.208],[403666.6,5809202.021],[403662.428,5809238.806],[403707.2,5809251.637],[403688.343255,5809300.946961],[403677.9,5809365.75],[403661.95,5809403.85],[403611.6,5809445.6],[403605.65,5809469.9],[403568.9,5809480.3],[403494.9,5809589.95],[403419.2,5809626],[403351.55,5809644.7],[403272.3,5809648.6],[403260.477603,5809661.181013],[403169.383,5809639.199],[403211.44,5809599.693],[403339.996,5809530.974],[403386.487,5809496.957],[403459.592,5809422.206],[403518.468,5809338.971],[403551.759,5809266.292],[403572.576,5809167.448],[403572.256,5809063.025],[403577.422,5808998.558],[403600.749,5808919.06],[403631.934,5808864.764],[403676.025,5808811.635],[403724.728,5808733.869],[403744.055,5808685.175],[403760.423,5808612.201],[403763.659,5808555.008],[403758.462,5808489.436],[403740.317,5808389.625],[403737.562,5808269.592],[403757.362,5808192.429],[403813.928,5808086.113],[403883.733,5808009.749],[403994.703,5807921.725],[404077.792,5807877.612],[404185.298,5807844.605],[404270.543,5807839.179],[404301.256,5807844.44],[404431.4,5807891.012],[404508.673,5807909.983],[404659.077,5807927.254],[404745.931,5807927.268],[404800.588,5807918.733],[404837.549,5807902.631]]]},"properties":{"PLR_ID":"09401330","PLR_NAME":"Wendenschloß","BEZ":"09","STAND":"01.01.2021","GROESSE_M2":964266.27}},
{"type":"Feature","geometry":{"type":"Polygon","coordinates":[[[394055.83,5827522.347],[394070.983,5827527.773],[394195.646,5827702.337],[394446.323,5828066.598],[394523.732,5828182.618],[394608.672,5828324.911],[394667.837,5828446.227],[394736.142,5828642.656],[394858.015,5829046.762],[394894.956,5829158.719],[394957.392,5829369.513],[395001.692,5829546.628],[395018.937,5829627.481],[395024.647,5829802.676],[394980.487,5829781.444],[394969.263,5829929.779],[394940.857,5830071.219],[394896.168,5830198.15],[394832.294,5830331.699],[394758.816,5830445.822],[394647.542,5830582.307],[394564.059,5830672.766],[394068.124,5831200.361],[393993.371,5831276.055],[393880.325,5831397.987],[393791.279,5831503.295],[393775.274,5831447.835],[393754.691,5831344.226],[393748.191,5831221.498],[393769.804,5831066.46],[393762.326,5831065.337],[393833.74,5830615.944],[393851.76,5830521.386],[393832.439,5830514.068],[393801.348,5830347.15],[393704.178,5829942.486],[393694.645,5829879.962],[393765.622,5829829.192],[393814.219742,5829822.95205],[393917.818,5829793.615],[393906.497,5829689.974],[393776.824,5829301.802],[393737.616,5829202.699],[393780.874513,5829200.520288],[393786.053,5829145.308],[393922.931,5828753.22],[393921.617,5828723.47],[393809.153,5828235.623],[393783.139809,5828150.095601],[393951.904,5827991.116],[393992.64,5827956.782],[394033.563,5827939.973],[394011.393,5827881.109],[393962.414,5827827.645],[394001.755,5827733.003],[394039.356,5827564.897],[394033.535,5827538.257],[394055.83,5827522.347]]]},"properties":{"PLR_ID":"03200309","PLR_NAME":"Eddastraße","BEZ":"03","STAND":"01.01.2021","GROESSE_M2":3067550.203}},
{"type":"Feature","geometry":{"type":"Polygon","coordinates":[[[398304.754,5810684.242],[398314.605,5810661.717],[398473.978,5810743.74],[398512.95,5810779.059],[398536.469,5810829.374],[398546.607,5810965.191],[398585.536,5811219.342],[398614.139,5811279.553],[398686.308,5811359.982],[398773.407,5811522.017],[398860.807,5811598.592],[398889.202,5811616.351],[399227.924,5811875.537],[398779.725,5812504.3],[398760.134946,5812526.536026],[398679.997,5812435.717],[398548.39,5811846.271],[398542.602,5811847.62],[398521.101,5811751.511],[398408.327,5811602.804],[398397.906,5811577.422],[398369.42,5811567.162],[398284.23,5811450.4],[398288.826,5811446.703],[398233.016,5811369.64],[398212.807,5811354.642],[398048.719,5811131.764],[398030.868,5811101.202],[398035.049,5811074.343],[398141.868,5810952.528],[398218.946,5810839.628],[398228.579,5810839.335],[398258.423,5810771.814],[398304.754,5810684.242]]]},"properties":{"PLR_ID":"09100408","PLR_NAME":"Johannisthal Ost","BEZ":"09","STAND":"01.01.2021","GROESSE_M2":766677.209}},
{"type":"Feature","geometry":{"type":"Polygon","coordinates":[[[384834.773,5823436.163],[383606.443,5823497.959],[382839.979,5823540.095],[382831.54,5823548.515],[382738.922,5823555.197],[382721.314,5823546.303],[382717.897,5823481.468],[382694.898,5823470.251],[382739.346,5823383.516],[382909.856,5822829.374],[382894.242,5822825.97],[382913.172,5822764.453],[382914.035,5822726.258],[382839.608,5822439.085],[382826.957,5822377.717],[382913.659,5822340.861],[382966.39,5822303.15],[383028.016,5822232.531],[383059.191,5822146.562],[383083.95,5822056.095],[383087.526,5822012.259],[383322.214,5821891.483],[383415.962,5821849.372],[383483.905,5821826.072],[383472.285,5821787.844],[383472.187,5821738.589],[383425.438,5821553.49],[383410.946,5821440.873],[383382.237,5821385.173],[383561.7,5821287.85],[383628.05,5821268.95],[383707.1,5821275.9],[383831.1,5821314.15],[383938.8,5821365],[384002.65,5821387.45],[384083.45,5821403.55],[384194.15,5821411.55],[384261.45,5821390.15],[384292.05,5821358.25],[384303.59197,5821323.061062],[384388.83037,5821340.483491],[384374.65,5821403.45],[384348.45,5821463.4],[384278.2,5821539.45],[384274.45,5821571.2],[384292.8,5821602.7],[384315.224,5821613.837],[384298.497713,5821658.827984],[384264.765,5821748.835],[384219.899,5821733.15],[384213.808,5821803.982],[384198.501,5821815.692],[384195.254833,5821852.44668],[384242.383,5821891.06],[384242.413559,5821959.17672],[384296.756,5821958.143],[384302.422,5822114.504],[384351.954,5822271.881],[384400.172,5822409.114],[384405.403,5822435.973],[384531.91,5822791.412],[384585.126,5822772.46],[384580.38,5822530.957],[384628.722,5822525.937],[384732.229,5822528.767],[384731.206,5822537.016],[384984.577,5822527.924],[384978.574,5822282.865],[384975.955,5822282.915],[384972.466,5822058.577],[384998.764476,5821903.582672],[385035.85,5821911.5],[385047.265,5821857.469318],[385082.5,5821874.2],[385410.45,5821942.65],[385470.469,5821953.207],[386625.576,5822194.028],[386679.095,5822216.208],[386550.958,5822376.715],[386547.932,5822386.371],[386563.544899,5822561.902867],[386564.709,5822574.959],[386491.747,5822626.024],[386309.472,5822869.995],[386100.483,5823143.563],[386037.371,5823239.948],[385945.582,5823346.857],[385607.666,5823369.037],[385075.291,5823420.557],[384834.773,5823436.163]]]},"properties":{"PLR_ID":"04100101","PLR_NAME":"Jungfernheide/Plötzensee","BEZ":"04","STAND":"01.01.2021","GROESSE_M2":5250473.344}},
{"type":"Feature","geometry":{"type":"Polygon","coordinates":[[[392343.551,5822383.751],[392370.608,5822440.432],[392342.627,5822451.025],[392358.261,5822672.688],[392368.147,5822739.67],[392439.234,5823118.118],[392464.444,5823314.066],[392416.042,5823321.619],[392419.784,5823350.63],[392186.501,5823390.605],[392112.032,5823393.434],[391886.660215,5823377.485792],[391756.133,5823368.476],[391699.025,5823380.739],[391618.259,5823418.867],[391563.97,5823470.444],[391527.285,5823526.899],[391441.604,5823516.476],[391459.738,5823313.766],[391526.327,5823042.771],[391451.651,5823031.613],[391489.323,5822867.102],[391514.324,5822679.258],[391555.604,5822520.766],[391627.38,5822314.9],[391719.687,5822355.289],[391729.113,5822322.541],[391774.528,5822342.436],[391831.349,5822362.379],[392058.419,5822427.164],[392291.667,5822388.609],[392343.551,5822383.751]]]},"properties":{"PLR_ID":"03601142","PLR_NAME":"Falkplatz","BEZ":"03","STAND":"01.01.2021","GROESSE_M2":907509.179}},
{"type":"Feature","geometry":{"type":"Polygon","coordinates":[[[393888.621,5826928.365],[393871.733,5826960.475],[393759.171,5826982.011],[393731.242,5826981.349],[393711.963,5827009.479],[393691.162,5826975.708],[393682.506,5826994.693],[393629.628,5826905.118],[393605.298,5826844.235],[393580.643,5826724.863],[393580.032,5826655.8],[393586.536383,5826530.527229],[393566.585,5826493.815],[393508.465,5826413.229],[393496.422,5826387.781],[393435.150522,5826337.178971],[393321.098,5826196.666],[392938.306,5825849.854],[392929.55,5825847.91],[392764.382,5825685.528],[392398.834,5825358.877],[392400.271477,5825346.429046],[392409.005,5825218.696],[392419.89,5825164.658],[392435.457,5825183.836],[392504.942,5825194.646],[392492.118,5825238.891],[392640.151,5825374.601],[393094.277,5825682.746],[393200.293,5825744.297],[393478.385,5825815.01],[393494.288,5825800.248],[393536.70572,5825792.531005],[393553.002,5825910.115],[393580.491635,5826070.134047],[393598.106,5826213.808],[393601.010554,5826287.79003],[393675.743,5826365.726],[393766.995,5826453.198],[393788.688,5826467.389],[393817.219,5826509.48],[393878.678,5826570.324],[393883.367,5826619.842],[393859.752,5826644.14],[393855.124,5826705.173],[393825.571,5826726.914],[393830.365,5826769.169],[393853.708,5826802.501],[393819.498,5826829.69],[393888.621,5826928.365]]]},"properties":{"PLR_ID":"03400831","PLR_NAME":"Pankower Tor","BEZ":"03","STAND":"01.01.2021","GROESSE_M2":534831.009}},
{"type":"Feature","geometry":{"type":"Polygon","coordinates":[[[375915.518,5823842.525],[376483.937,5823651.514],[376464.57,5823609.535],[376413.179,5823454.753],[376381.87,5823336.883],[376362.919,5823237.05],[376341.258,5823086.721],[376411.925,5823056.244],[376724.514,5822874.441],[376729.44,5822876.897],[376774.073,5823245.691],[376812.595,5823285.284],[376887.250748,5823272.69684],[376923.924,5823509.086],[376892.95,5823510.955],[376804.77,5823549.039],[376871.504,5823702.48],[376879.555,5823710.466],[376864.18,5823820.115],[376865.435,5823861.163],[376882.409,5823934.701],[376903.379,5823980.075],[376650.888,5824102.158],[376654.107,5824108.936],[376579.221,5824144.158],[376573.836,5824132.321],[376357.145,5824220.618],[376006.655,5824376.303],[375998.275,5824361.513],[375915.518,5823842.525]]]},"properties":{"PLR_ID":"05100209","PLR_NAME":"Westerwaldstraße","BEZ":"05","STAND":"01.01.2021","GROESSE_M2":747050.619}},
{"type":"Feature","geometry":{"type":"Polygon","coordinates":[[[392969.853,5816820.947],[392790.809,5817320.989],[392765.422,5817364.718],[392754.298,5817397.547],[392656.891,5817398.349],[392594.859,5817384.84],[392522.539,5817344.569],[392480.105,5817330.467],[392351.827,5817315.819],[392264.641,5817324.056],[392223.184,5817334.584],[391989.497,5817413.632],[391866.096,5817448.786],[391750.835,5817470.346],[391741.576,5817430.916],[391837.224,5817299.768],[391845.89,5817261.216],[391772.184834,5817103.800393],[391929.077,5817057.951],[391999.429,5817031.535],[392026.106,5817021.519],[392690.151,5816700.247],[393053.819,5816459.371],[393086.64,5816492.144],[392969.853,5816820.947]]]},"properties":{"PLR_ID":"02200213","PLR_NAME":"Graefekiez Nord","BEZ":"02","STAND":"01.01.2021","GROESSE_M2":592499.911}},
{"type":"Feature","geometry":{"type":"Polygon","coordinates":[[[391766.213,5825583.542],[391797.492,5825538.343],[391826.541,5825476.607],[391964.876,5825157.964],[391997.467,5825075.279],[392026.298,5825018.011],[392301.154,5825268.686],[392292.213,5825296.922],[392370.499,5825319.59],[392400.271477,5825346.429046],[392398.834,5825358.877],[392764.382,5825685.528],[392929.55,5825847.91],[392938.306,5825849.854],[393321.098,5826196.666],[393435.150522,5826337.178971],[393331.18411,5826304.86037],[393324.376,5826318.512],[392862.122,5826174.77],[392843.219,5826186.706],[392565.921,5825877.856],[392365.378,5825802.678],[392303.557,5825782.088],[392184.653,5825755.672],[392153.29,5825747.336],[392034.115,5825691.398],[391766.213,5825583.542]]]},"properties":{"PLR_ID":"03400723","PLR_NAME":"Garbátyplatz","BEZ":"03","STAND":"01.01.2021","GROESSE_M2":607995.223}},
{"type":"Feature","geometry":{"type":"Polygon","coordinates":[[[394087.782,5815765.82],[394755.788541,5815200.042069],[395134.809,5814878.83],[395167.565,5814848.427],[395256.759,5814775.171],[395332.01,5815286.213],[395248.874676,5815361.160886],[395252.652,5815393.906],[395214.082,5815423.553],[394906.9,5815692.249],[394892.776,5815674.655],[394856.838977,5815707.303778],[394387.114,5816119.127],[394087.782,5815765.82]]]},"properties":{"PLR_ID":"08100418","PLR_NAME":"Hertzbergplatz","BEZ":"08","STAND":"01.01.2021","GROESSE_M2":640246.503}},
{"type":"Feature","geometry":{"type":"Polygon","coordinates":[[[403195.744,5819041.803],[403238.91,5819121.607],[403279.738,5819245.554],[403346.612,5819471.459],[403346.782,5819527.477],[403369.613,5819640.588],[403406.623,5819699.729],[403418.695,5819794.481],[403411.381,5819794.694],[403442.876,5819959.459],[403457.687,5820093.556],[403451.92,5820214.981],[403494.477,5820393.047],[403514.312,5820453.646],[403547.874709,5820495.249707],[403759.999,5820714.917],[403771.606,5820732.874],[403932.85,5820929.268],[403955.735,5820948.405],[403941.327,5820944.576],[403897.378,5820978.915],[403794.957,5821027.691],[403717.080113,5821078.892599],[403540.959,5821179.874],[403505.179,5821217.041],[403483.494,5821264.064],[403426.725,5821351.977],[403335.279,5821418.075],[403236.143,5821397.734],[403189.472,5821394.886],[403054.884,5821437.302],[402917.298,5821472.467],[402807.790971,5821518.70051],[402777.251,5821444.224],[402769.68,5821429.136],[402705.797,5821021.595],[402718.238,5820875.514],[402727.848,5820865.938],[402727.015285,5820705.952357],[402721.777963,5820651.26369],[402676.519,5820348.893],[402581.396,5819737.896],[402495.527773,5819193.792236],[402465.196,5819063.263],[402775.866,5819040.794],[403036.245,5819028.439],[403194.029353,5819033.771476],[403195.744,5819041.803]]]},"properties":{"PLR_ID":"10300732","PLR_NAME":"Buckower Ring","BEZ":"10","STAND":"01.01.2021","GROESSE_M2":2059672.622}},
{"type":"Feature","geometry":{"type":"Polygon","coordinates":[[[390102.57,5825249.743],[389991.314,5824636.737],[390099.021,5824635.632],[390200.908,5824583.494],[390583.125,5824398.972],[390651.797,5824533.784],[390707.305,5824629.949],[390828.517,5824812.309],[390886.417,5824886.659],[391083.545,5825050.912],[390965.752,5825166.717],[390923.351,5825187.206],[390918.399,5825212.391],[390804.913,5825323.938],[390796.802,5825341.204],[390812.827,5825369.672],[390771.475,5825398.958],[390736.805,5825359.839],[390510.528,5825412.252],[390493.533,5825410.166],[390277.658,5825271.348],[390108.632,5825243.577],[390102.57,5825249.743]]]},"properties":{"PLR_ID":"01300731","PLR_NAME":"Koloniestraße","BEZ":"01","STAND":"01.01.2021","GROESSE_M2":666927.388}},
{"type":"Feature","geometry":{"type":"Polygon","coordinates":[[[385874.066,5814306.187],[385293.097,5814335.781],[385240.202,5814312.238],[385192.636,5814349.62],[385162.407,5814305.927],[385196.688,5814266.776],[385498.753,5814082.248],[386205.138579,5813650.978662],[386153.738,5813565.602],[386306.671,5813472.662],[386324.324122,5813495.623082],[386298.929,5813656.106],[386319.976,5813671.294],[386449.116,5813884.241],[386592.543,5814086.042],[386530.157,5814130.225],[386507.737,5814134.861],[386422.977,5813998.853],[386403.423,5814018.023],[385942.615,5814302.664],[385874.066,5814306.187]]]},"properties":{"PLR_ID":"06100103","PLR_NAME":"Markelstraße","BEZ":"06","STAND":"01.01.2021","GROESSE_M2":461305.073}},
{"type":"Feature","geometry":{"type":"Polygon","coordinates":[[[394639.96,5820747.287],[394631.413,5820730.062],[394487.891,5820657.839],[394478.906,5820640.691],[394452.698,5820683.766],[394426.02,5820689.033],[394313.382,5820649.71],[394300.409,5820634.228],[394338.2,5820575.635],[394317.5,5820566.049],[394301.705,5820521.554],[394359.36,5820437.44],[394389.669,5820451.756],[394482.46,5820244.918],[394493.453,5820249.547],[394544.16,5820136.546],[394317.427653,5819807.489518],[394236.514,5819822.586],[394227.414,5819803.772],[394202.884,5819674.85],[394272.238,5819662.792],[394833.582,5819556.302],[394984.366,5819526.166],[395063.336159,5819514.459849],[395061.24355,5819555.955212],[395016.172,5819784.197],[394989.111,5819802.4],[394996.756,5819856.727],[394926.803,5820034.034],[394925.316,5820053.621],[394851.022,5820243.327],[394836.141,5820265.843],[394669.046,5820691.408],[394655.527,5820722.533],[394639.96,5820747.287]]]},"properties":{"PLR_ID":"02400522","PLR_NAME":"Richard-Sorge-Viertel","BEZ":"02","STAND":"01.01.2021","GROESSE_M2":554538.617}},
{"type":"Feature","geometry":{"type":"Polygon","coordinates":[[[397258.664,5820318.63],[397098.619,5820327.287],[396879.534,5820315.379],[396837.615,5820317.458],[396693.445,5820308.695],[396543.534,5820308.838],[396398.746,5820315.329],[396256.007,5820331.208],[396215.395,5820340.123],[396211.771,5820320.589],[396105.808,5820357.058],[396036.779957,5820392.622896],[396034.024596,5820387.352704],[396101.03,5820345.697],[396161.727,5820297.026],[396215.101,5820240.892],[396260.849,5820177.575],[396333.836,5820050.894],[396363.773,5820031.652],[396406.938,5819958.367],[396398.069,5819958.941],[396442.188,5819869.89],[396471.879,5819872.408],[396590.468,5819537.175],[396616.036,5819444.257],[396633.094,5819416.032],[396702.521,5819379.348],[396683.863,5819341.86],[396576.57,5819396.896],[396547.899,5819281.583],[396542.735,5819238.518],[396646.7,5819221.257],[397150.138,5819126.642],[397159.011,5819172.247],[397251.721,5819705.233],[397277.907,5819788.116],[397284.766,5820047.24],[397270.591,5820166.218],[397254.809,5820299.496],[397258.664,5820318.63]]]},"properties":{"PLR_ID":"11300722","PLR_NAME":"Rathaus Lichtenberg","BEZ":"11","STAND":"01.01.2021","GROESSE_M2":889744.454}},
{"type":"Feature","geometry":{"type":"Polygon","coordinates":[[[389037.123747,5821034.042874],[389043.549,5820996.055],[389030.724,5820931.084],[389122.107,5820746.109],[389239.987,5820802.242],[389278.6,5820827.255],[389464.672,5820915.888],[389490.384,5820912.389],[389666.951103,5820996.627322],[389645.34,5821039.764],[389570.888,5821146.259],[389491.925,5821286.63],[389417.977,5821461.869],[389241.987,5821756.672],[389158.58074,5821885.245836],[389194.203035,5821902.513795],[389128.284,5822009.932],[388959.355,5822114.521],[388922.307,5822115.222],[388886.259,5822092.377],[388830.988,5822112.122],[388766.972,5822058.746],[388597.005,5821934.26],[388608.053,5821918.971],[389037.123747,5821034.042874]]]},"properties":{"PLR_ID":"01200624","PLR_NAME":"Heidestraße","BEZ":"01","STAND":"01.01.2021","GROESSE_M2":687993.491}},
{"type":"Feature","geometry":{"type":"Polygon","coordinates":[[[401765.785242,5821385.543051],[401703.352,5821361.569],[401672.074,5821324.776],[401652.689,5821251.539],[401663.696261,5821247.099103],[401624.378,5820991.325],[401610.433,5820993.112],[401536.59,5820512.641],[401520.631,5820508.797],[401451.515,5820060.089],[401401.944,5820061.004],[401307.878,5819458.461],[401302.174368,5819459.026081],[401286.798,5819395.065],[401253.562,5819185.456],[401285.455,5819173.761],[401554.701,5819106.221],[401557.855,5819094.782],[401695.692,5819092.431],[401781.268,5819081.883],[402460.292,5819034.256],[402465.196,5819063.263],[402495.527773,5819193.792236],[402581.396,5819737.896],[402676.519,5820348.893],[402721.777963,5820651.26369],[402727.015285,5820705.952357],[402727.848,5820865.938],[402718.238,5820875.514],[402705.797,5821021.595],[402769.68,5821429.136],[402777.251,5821444.224],[402741.541,5821449.563],[402695.634,5821441.197],[402191.12672,5821420.426652],[402154.946114,5821437.903239],[402097.476,5821401.459],[401850.761,5821391.588],[401846.135,5821382.704],[401765.785242,5821385.543051]]]},"properties":{"PLR_ID":"10300731","PLR_NAME":"Oberfeldstraße","BEZ":"10","STAND":"01.01.2021","GROESSE_M2":2741494.88}},
{"type":"Feature","geometry":{"type":"Polygon","coordinates":[[[391750.835,5817470.346],[391866.096,5817448.786],[391989.497,5817413.632],[392223.184,5817334.584],[392264.641,5817324.056],[392351.827,5817315.819],[392480.105,5817330.467],[392522.539,5817344.569],[392594.859,5817384.84],[392656.891,5817398.349],[392754.298,5817397.547],[392736.802,5817442.915],[392659.19,5817689.02],[392661.415,5817690.868],[392672.291,5817742.777],[392581.247,5817729.577],[392383.071,5817693.692],[392337.21,5817688.824],[392253.961233,5817698.850037],[391943.9,5817681.184],[391353.55,5817687.249],[391338.474803,5817657.257593],[391244.086,5817657.519],[391167.852,5817646.184],[391133.344,5817632.198],[391208.057,5817613.758],[391276.168,5817588.855],[391322.516,5817563.705],[391417.925,5817530.423],[391538.822,5817502.916],[391750.835,5817470.346]]]},"properties":{"PLR_ID":"02100106","PLR_NAME":"Wassertorplatz","BEZ":"02","STAND":"01.01.2021","GROESSE_M2":388951.28}},
{"type":"Feature","geometry":{"type":"Polygon","coordinates":[[[379790.244,5819181.669],[379760.654,5819101.737],[379747.223,5819007.018],[379736.787,5818984.577],[379739.811,5818918.024],[379825.368,5818924.406],[379847.953,5818903.727],[380188.861,5818929.711],[380244.994,5818939.082],[381520.694,5819036.263],[381524.07,5819031.413],[381813.523,5819053.507],[381772.68,5819090.052],[381711.311,5819162.985],[381662.776,5819245.143],[381642.917,5819290.7],[381616.931,5819380.347],[381524.254,5819874.88],[381244.992,5819840.808],[381248.746,5819810.595],[381214.734,5819791.79],[381073.019,5819669.722],[381018.786,5819628.959],[380952.455,5819592.399],[380619.29,5819439.806],[380610.323,5819421.854],[380625.644,5819351.517],[379985.424,5819212.155],[379952.941,5819207.713],[379836.867,5819225.07],[379810.374,5819238.513],[379790.244,5819181.669]]]},"properties":{"PLR_ID":"04200205","PLR_NAME":"Flatowallee","BEZ":"04","STAND":"01.01.2021","GROESSE_M2":977771.372}},
{"type":"Feature","geometry":{"type":"Polygon","coordinates":[[[398760.134946,5812526.536026],[398779.725,5812504.3],[399227.924,5811875.537],[398889.202,5811616.351],[398860.807,5811598.592],[398773.407,5811522.017],[398686.308,5811359.982],[398614.139,5811279.553],[398585.536,5811219.342],[398546.607,5810965.191],[398536.469,5810829.374],[398512.95,5810779.059],[398473.978,5810743.74],[398314.605,5810661.717],[398304.754,5810684.242],[398267.481,5810674.952],[398165.087,5810607.874],[398083.959,5810540.223],[398064.299,5810516.459],[397911.546,5810383.985],[397857.101,5810324.505],[397861.584,5810322.04],[397886.705,5810297.985],[397924.608,5810282.576],[398407.601,5809882.168],[398500.457,5809810.83],[398575.043,5809762.118],[398675.821,5809705.178],[398786.31,5809653.564],[398874.158,5809621.828],[398989.619,5809588.317],[399069.228,5809570.776],[399173.473,5809554.747],[399365.52,5809531.95],[399244.572,5810200.23],[399847.181,5810748.022],[399877.292,5810771.347],[400111.495,5810984.294],[400005.86,5811101.42],[400180.942,5811252.43],[400100.507,5811350.776],[399554.911,5811978.592],[399462.785,5812080.314],[399408.821,5812086.458],[399328.609,5812177.772],[399191.535,5812312.554],[399066.478,5812449.328],[399071.068,5812456.466],[398954.622,5812587.962],[398937.514,5812593.824],[398894.78,5812646.41],[398870.58966,5812636.913204],[398854.187108,5812656.164776],[398737.181,5812552.55],[398760.134946,5812526.536026]]]},"properties":{"PLR_ID":"09100409","PLR_NAME":"Landschaftspark Adlershof","BEZ":"09","STAND":"01.01.2021","GROESSE_M2":2988017.977}},
{"type":"Feature","geometry":{"type":"Polygon","coordinates":[[[387498.14,5808506.111],[387508.337,5808533.396],[387670.061,5808616.827],[387841.39,5808696.326],[387950.743,5808764.313],[388025.388,5808804.281],[388144.678,5808860.021],[388402.253,5809005.465],[388418.406,5809027.257],[388494.961,5809082.038],[388695.129,5809170.598],[388723.95,5809197.578],[388762.532,5809268.899],[389031.249,5809852.908],[389069.329,5809849.138],[389254.225,5809979.841],[389266.159,5810001.142],[389282.138,5810023.267],[389260.593,5810102.36],[389226.486,5810200.83],[389167.859,5810354.912],[389034.324,5810741.93],[388960.044,5810708.484],[388965.296,5810705.475],[388973.458,5810602.497],[388973.616,5810513.603],[388960.246,5810359.874],[388944.545,5810285.442],[388862.582,5810305.498],[388850.731,5810279.595],[388813.43,5810132.741],[388731.957,5810141.299],[388706.788,5810111.018],[388707.209,5810049.9],[388674.602,5809943.218],[388678.873,5809921.728],[388598.092,5809733.488],[388590.695,5809704.995],[388604.129,5809642.31],[388588.807,5809629.036],[388245.427,5809535.555],[388079.259,5809482.936],[387720.455,5809342.975],[387739.499,5809298.536],[387405.468,5809210.91],[387393.611,5809236.823],[387291.576,5809220.715],[387236.565,5809225.428],[387054.581,5809264.561],[386971.752,5809258.487],[386878.646,5809220.989],[387131.139,5808639.777],[387217.44,5808612.997],[387473.672,5808513.329],[387498.14,5808506.111]]]},"properties":{"PLR_ID":"06200317","PLR_NAME":"Lankwitz Süd","BEZ":"06","STAND":"01.01.2021","GROESSE_M2":1481592.997}},
{"type":"Feature","geometry":{"type":"Polygon","coordinates":[[[385956.768,5816128.86],[385953.739,5816249.274],[385976.473,5816381.155],[385975.253,5816490.002],[385908.882,5816490.13],[385909.116,5816502.632],[385864.154,5816555.816],[385694.838,5816722.224],[385626.871,5816785.542],[385593.482,5816847.61],[385536.969,5816848.93],[385504.538259,5816881.454894],[385493.296,5816872.205],[385090.206,5816692.543],[385018.53,5816668.886],[384768.953,5816688.843],[384701.827,5816690.325],[384627.279,5816653.952],[384643.181,5816623.612],[384889.877,5816307.122],[385027.892,5816117.559],[385048.934,5816288.697],[385105.015895,5816217.752776],[385148.664,5816228.966],[385146.362,5816193.941],[385168.139,5816135.818],[385342.865,5816139.487],[385498.071,5816121.009],[385630.395,5816112.739],[385629.794,5816100.347],[385809.664,5816115.113],[385873.673,5816156.286],[385904.953,5816125.771],[385956.768,5816128.86]]]},"properties":{"PLR_ID":"04501146","PLR_NAME":"Barstraße","BEZ":"04","STAND":"01.01.2021","GROESSE_M2":668496.932}},
{"type":"Feature","geometry":{"type":"Polygon","coordinates":[[[392982.239,5816293.897],[392977.157,5816218.659],[393016.614,5816030.436],[393020.461,5815982.948],[393018.296,5815803.423],[393029.486,5815690.851],[393047.161,5815589.733],[393075.476616,5815593.436791],[393108.543,5815400.744],[393290.727,5815433.846],[393307.456,5815371.823],[393588.967,5815423.166],[393590.116,5815416.265],[393871.486,5815468.449],[393855.967,5815505.841],[393729.364991,5815662.771482],[393604.625,5815815.383],[393477.398,5815916.954],[393021.921,5816271.094],[392982.239,5816293.897]]]},"properties":{"PLR_ID":"08100206","PLR_NAME":"Flughafenstraße","BEZ":"08","STAND":"01.01.2021","GROESSE_M2":421628.391}},
{"type":"Feature","geometry":{"type":"Polygon","coordinates":[[[393557.073,5823566.794],[393560.14,5823577.012],[393489.226,5824083.62],[393521.176,5824118.418],[393505.379,5824187.69],[393472.544,5824422.308],[393478.472,5824423.235],[393457.824,5824571.162],[393263.893,5824543.511],[393128.282,5824503.232],[393029.307,5824483.17],[393046.178,5824450.552],[393051.809,5824392.85],[393071.91,5824298.945],[393095.697705,5824060.051964],[393141.107,5823710.179],[393211.716144,5823695.82516],[393369.618,5823663.454],[393550.127,5823543.488],[393557.073,5823566.794]]]},"properties":{"PLR_ID":"03400828","PLR_NAME":"Spiekermann Straße","BEZ":"03","STAND":"01.01.2021","GROESSE_M2":364480.397}},
{"type":"Feature","geometry":{"type":"Polygon","coordinates":[[[376703.534,5822340.053],[377046.578,5822238.916],[377052.372,5822232.09],[377210.226,5822193.867],[377398.407,5822141.666],[377407.157,5822149.287],[377529.14,5822119.709],[377751.36,5822056.837],[377898.54,5822002.248],[378046.142,5821931.906],[378129.211,5821886.632],[378212.71,5821941.668],[378373.238,5822060.605],[378423.402,5822102.62],[378477.055,5822134.423],[378500.964,5822182.387],[378474.366,5822217.065],[378498.562,5822254.393],[378542.271,5822344.929],[378562.525,5822419.958],[378538.797,5822424.673],[378544.106,5822556.66],[378530.169,5822587.707],[378422.009,5822620.736],[378403.448,5822608.075],[378316.241,5822600.436],[378304.445,5822587.491],[378254.7,5822619.163],[378227.925,5822646.287],[378232.662,5822693.781],[378191.849,5822732.341],[378158.195,5822725.877],[378094.327,5822735.864],[378069.188,5822694.924],[377973.226,5822776.386],[377877.814,5822869.59],[377612.241,5823151.017],[377554.499,5823226.06],[377497.854,5823268.616],[377404.102071,5823300.125561],[377452.186053,5823159.70297],[377000.608,5822810.505],[376858.447,5822813.683],[376860.174,5822824.674],[376794.362,5822844.163],[376786.011,5822770.173],[376787.182,5822666.958],[376779.084,5822631.12],[376738.125,5822554.953],[376723.123,5822495.982],[376695.076,5822473.527],[376673.552,5822349.353],[376703.534,5822340.053]]]},"properties":{"PLR_ID":"05100316","PLR_NAME":"Carl-Schurz-Straße","BEZ":"05","STAND":"01.01.2021","GROESSE_M2":1377524.418}},
{"type":"Feature","geometry":{"type":"Polygon","coordinates":[[[399550.25958,5818789.993904],[399550.575,5818789.957],[399616.923,5818799.713],[399868.074,5818873.112],[399993.679,5818862.723],[399989.075,5818835.673],[399925.714,5818834.179],[399910.368,5818811.213],[400049.008,5818830.624],[400249.225,5818851.601],[400304.046,5818851.182],[400317.736,5818862.521],[400421.482528,5818853.102982],[400415.934,5818792.445],[400659.012,5818770.614],[400794.397,5818758.479],[400769.755,5818761.733],[400770.648,5818890.887],[400755.34,5818968.19],[400711.887,5819045.059],[400671.129,5819091.71],[400593.572,5819148.209],[400515.964,5819177.333],[400438.48,5819178.806],[400379.605,5819188.196],[400194.713,5819202.065],[399888.913,5819209.058],[399818.754,5819223.911],[399704.699,5819218.112],[399520.333,5819228.061],[399521.743,5819162.545],[399515.533,5818985.777],[399515.881,5818855.526],[399520.823,5818822.634],[399550.25958,5818789.993904]]]},"properties":{"PLR_ID":"11401033","PLR_NAME":"Gensinger Straße","BEZ":"11","STAND":"01.01.2021","GROESSE_M2":453276.055}},
{"type":"Feature","geometry":{"type":"Polygon","coordinates":[[[398563.713,5816714.802],[398640.898,5816685.083],[398645.617,5816700.609],[398729.457,5816687.269],[398828.09,5816683.163],[398962.308,5816699.91],[399083.055,5816731.527],[399265.867784,5816800.583148],[399240.09,5816855.12],[399185.849,5817002.004],[399173.03,5817021.424],[399110.476244,5817173.827573],[399076.464,5817200.291],[398937.867,5817237.494],[398807.267,5817279.899],[398708.325,5817307.502],[398434.596,5817438.39],[398373.149,5817469.753],[398038.207,5817656.554],[398033.215,5817654.799],[397945.457,5817374.103],[398039.797186,5817344.548197],[398018.123,5817273.747],[398058.828,5817258.471],[398027.458,5817146.538],[398039.787,5817115.562],[398010.299571,5817052.887153],[398092.62,5816974.202],[398155.157,5816976.983],[398158.843,5816941.566],[398265.121,5816882.591],[398382.122,5816829.631],[398553.675,5816763.375],[398541.261,5816723.655],[398563.713,5816714.802]]]},"properties":{"PLR_ID":"11401135","PLR_NAME":"Dolgenseestraße","BEZ":"11","STAND":"01.01.2021","GROESSE_M2":699967.556}},
{"type":"Feature","geometry":{"type":"Polygon","coordinates":[[[386274.826,5817957.532],[386282.597,5817984.191],[386340.588,5818487.837],[386058.269,5818520.465],[385957.322,5818522.355],[385607.173,5818563.263],[385561.723,5818564.167],[385507.436,5818098.308],[385512.962,5817998.314],[385499.515,5817961.023],[385538.136,5817942.879],[385662.392,5817916.788],[385909.061,5817931.537],[386274.826,5817957.532]]]},"properties":{"PLR_ID":"04501041","PLR_NAME":"George-Grosz-Platz","BEZ":"04","STAND":"01.01.2021","GROESSE_M2":464758.366}},
{"type":"Feature","geometry":{"type":"Polygon","coordinates":[[[384070.559,5819179.892],[383594.911,5819142.263],[383487.386,5818932.972],[383432.299,5818813.108],[383403.802,5818730.145],[383376.488,5818612.011],[383349.778,5818447.991],[383366.659,5818443.35],[383342.302,5818373.498],[383344.828,5818338.613],[383389.656,5818200.359],[383365.411,5818197.43],[383327.78,5818078.934],[383433.392,5818127.202],[383460.156,5818071.766],[383517.837,5818099.621],[383534.881,5818064.328],[383560.445,5818076.679],[383543.39,5818111.971],[383607.113,5818142.751],[383580.344,5818198.178],[383758.602,5818293.825],[383810.776,5818293.152],[383956.736,5818315.714],[383927.263,5818348.487],[384039.071,5818472.077],[384175.48,5818613.696],[384135.553,5818699.014],[384122.911,5818749.647],[384121.417,5818833.172],[384138.157,5818900.92],[384208.589,5819012.117],[384197.767,5819011.493],[384071.587,5819167.713],[384070.559,5819179.892]]]},"properties":{"PLR_ID":"04300415","PLR_NAME":"Lietzensee","BEZ":"04","STAND":"01.01.2021","GROESSE_M2":633131.4}},
{"type":"Feature","geometry":{"type":"Polygon","coordinates":[[[390413.879,5809521.091],[390415.204,5809526.655],[390379.551,5809794.181],[390372.873,5809803.237],[390268.633,5809787.539],[390264.476,5809781.909],[390088.7605,5809755.37],[389949.093,5809796.261],[389952.888,5809812.837],[389742.674,5809874.554],[389733.419,5809859.6],[389515.768,5809923.514],[389529.6,5809964.571],[389282.138,5810023.267],[389266.159,5810001.142],[389347.027,5809746.323],[389365.915,5809733.262],[389386.219,5809639.526],[389417.983,5809638.886],[389440.326,5809571.733],[389405.27,5809536.82],[389429.345,5809506.59],[389462.501,5809489.972],[389495.091,5809342.454],[389497.418,5809310.231],[389541.792,5809176.11],[389532.037167,5809172.657063],[389592.471,5809033.168],[389571.357,5809009.721],[389684.873,5808747.335],[389698.699,5808776.67],[389810.625,5808436.781],[389849.899,5808329.841],[389823.658,5808311.69],[389876.221,5808145.967],[389885.989,5808148.323],[389904.987,5808086.561],[389897.673,5808083.898],[389928.736,5807994.242],[390000.67,5807783.133],[390045.309,5807671.184],[390150.685,5807372.396],[390240.618,5807063.383],[390251.058,5807053.965],[390308.96,5806854.231],[390381.729,5806654.985],[390398.744,5806594.747],[390423.798,5806541.465],[390448.326005,5806551.601614],[390428.583,5806604.106],[390444.1,5806608.964],[390444.91,5806616.878],[390208.443,5807322.493],[390258.804,5807338.555],[390251.848,5807437.199],[390295.981,5807408.543],[390679.563,5808184.002],[390670.593,5808217.14],[390704.313,5808234.118],[390930.311,5808691.603],[390937.244,5808693.803],[390847.818,5808754.567],[390767.702,5808816.243],[390770.522,5808840.852],[390681.142,5808881.233],[390610.714,5808931.455],[390535.797,5808998.689],[390445.253,5809050.52],[390346.982,5809093.878],[390273.056,5809133.076],[390210.20393,5809175.187535],[390062.682,5809311.441],[390014.167,5809343.611],[390291.866,5809478.946],[390413.879,5809521.091]]]},"properties":{"PLR_ID":"07601238","PLR_NAME":"Marienfelde Nordost","BEZ":"07","STAND":"01.01.2021","GROESSE_M2":1985005.113}},
{"type":"Feature","geometry":{"type":"Polygon","coordinates":[[[393422.826,5820172.321],[393365.936,5819991.275],[393304.671,5819994.901],[393265.581,5820011.063],[393213.917,5819901.796],[393255.264,5819890.8],[393245.293,5819864.922],[393300.613,5819822.073],[393364.043,5819798.198],[393423.631,5819793.085],[393427.95,5819824.08],[393648.666,5819780.725],[393649.331,5819784.152],[393914.351,5819734.344],[393913.69,5819729.037],[394202.884,5819674.85],[394227.414,5819803.772],[394236.514,5819822.586],[394317.427653,5819807.489518],[394544.16,5820136.546],[394493.453,5820249.547],[394482.46,5820244.918],[394389.669,5820451.756],[394359.36,5820437.44],[394301.705,5820521.554],[394317.5,5820566.049],[394192.3,5820508.197],[394187.05,5820510.276],[394044.604,5820444.673],[393877.87,5820410.068],[393743.493,5820406.975],[393660.281,5820412.808],[393444.773,5820409.241],[393444.958,5820355.93],[393433.061,5820194.681],[393422.826,5820172.321]]]},"properties":{"PLR_ID":"02400521","PLR_NAME":"Friedenstraße","BEZ":"02","STAND":"01.01.2021","GROESSE_M2":731459.521}},
{"type":"Feature","geometry":{"type":"Polygon","coordinates":[[[386742.139138,5814486.044406],[386989.301,5814851.143],[387343.408,5815292.04],[387500.213,5815481.198],[387518.850408,5815509.611428],[387496.934649,5815556.818474],[387440.137,5815562.63],[387383.313,5815558.113],[387261.408,5815560.58],[387193.645,5815553.117],[387191.88,5815561.319],[387063.738945,5815549.111177],[387063.133,5815519.652],[386785.221,5815494.317],[386776.1,5815446.414],[386453.254,5815456],[386460.971,5815393.258],[386455.7,5815362.17],[386443.55,5815027.014],[386483.157,5814800.041],[386481.69,5814752.509],[386713.831,5814504.595],[386742.139138,5814486.044406]]]},"properties":{"PLR_ID":"07300517","PLR_NAME":"Perelsplatz","BEZ":"07","STAND":"01.01.2021","GROESSE_M2":636676.693}},
{"type":"Feature","geometry":{"type":"Polygon","coordinates":[[[388697.737,5811747.879],[388613.592,5811673.699],[388544.889,5811629.704],[388439.16,5811589.744],[388361.011,5811581.213],[388255.615,5811580.743],[388070.844,5811631.829],[387852.775,5811704.572],[387824.612986,5811708.525151],[387803.012107,5811681.976786],[387829.8,5811661.572],[387773.481,5811602.88],[387966.488,5811281.073],[387985.109,5811235.392],[388111.037,5811100.569],[388134.622,5811080.577],[388089.175,5811005.652],[387984.451,5810800.348],[387834.122,5810597.28],[387938.997,5810523.904],[388014.352,5810498.945],[388062.484,5810505.637],[388410.108,5810578.735],[388637.023,5810621.96],[388799.988,5810657.07],[388885.364,5810680.846],[388960.044,5810708.484],[389034.324,5810741.93],[388996.418,5810875.67],[388937.221,5811064.47],[388880.149,5811219.363],[388807.288,5811428.981],[388767.815,5811549.672],[388763.346,5811550.757],[388714.372,5811700.286],[388697.737,5811747.879]]]},"properties":{"PLR_ID":"06200311","PLR_NAME":"Alt-Lankwitz","BEZ":"06","STAND":"01.01.2021","GROESSE_M2":993752.851}},
{"type":"Feature","geometry":{"type":"Polygon","coordinates":[[[389869.675,5826224.667],[389862.627,5826224.523],[389676.96,5826400.964],[389666.469,5826384.036],[389200.714,5826425.001],[389115.444,5826435.213],[388941.975,5826469.254],[388916.173,5826459.869],[388804.671,5826204.868],[388779.985,5826192.879],[388774.163,5826149.154],[388785.209,5826129.045],[388786.11,5826053.473],[388810.929,5826028.323],[388904.365,5825710.758],[388953.823,5825543.24],[388982.657,5825565.353],[389013.738,5825458.606],[389530.119,5825702.835],[389550.414,5825715.258],[389863.995,5826134.874],[389794.68,5826197.649],[389796.943,5826203.596],[389889.061,5826206.248],[389869.675,5826224.667]]]},"properties":{"PLR_ID":"12100103","PLR_NAME":"Breitkopfbecken","BEZ":"12","STAND":"01.01.2021","GROESSE_M2":720518.32}},
{"type":"Feature","geometry":{"type":"Polygon","coordinates":[[[402576.371906,5822220.242539],[402629.736,5822318.836],[402661.004,5822403.213],[402673.97,5822461.887],[402684.122,5822559.555],[402683.631,5822611.604],[402609.16,5822601.278],[402536.823,5822609.517],[402416.988,5822639.289],[402313.662448,5822652.095621],[402213.636492,5822651.165307],[402172.289214,5822644.480831],[402088.625,5822613.796],[401815.771,5822487.921],[401691.735,5822433.856],[401652.561,5822412.039],[401408.372,5822298.744],[401295.897,5822234.611],[401180.83,5822179.396],[401122.857,5822158.086],[401004.078,5822128.163],[400860.312434,5822096.342949],[400812.737079,5822010.524987],[400859.448,5822004.991],[400865.689,5821974.197],[400820.759,5821766.189],[400810.645,5821747.132],[400778.598,5821606.961],[400762.891,5821517.154],[400800.14,5821502.923],[400972.04,5821497.456],[401057.773,5821491.332],[401563.246,5821424.06],[401573.293,5821446.831],[401798.64626,5821887.481917],[401876.306,5821863.794],[402083.697,5822151.86],[402096.1,5822160.195],[402190.921,5822291.296],[402203.631,5822394.512],[402281.578,5822354.677],[402305.544,5822321.351],[402310.656,5822261.704],[402511.492,5822261.016],[402576.371906,5822220.242539]]]},"properties":{"PLR_ID":"10100313","PLR_NAME":"Alt-Marzahn","BEZ":"10","STAND":"01.01.2021","GROESSE_M2":1098916.273}},
{"type":"Feature","geometry":{"type":"Polygon","coordinates":[[[388928.63732,5816596.594938],[388908.886,5816600.677],[388817.38172,5816682.513268],[388688.603,5816817.965],[388708.589,5816838.032],[388709.506,5816873.913],[388670.117,5816894.172],[388630.213,5816820.364],[388421.376,5816464.406],[388519.469,5816403.824],[388629.467,5816398.13],[388660.907,5816380.143],[388706.865,5816353.401],[388735.299,5816376.552],[388751.479,5816371.554],[388928.63732,5816596.594938]]]},"properties":{"PLR_ID":"07200411","PLR_NAME":"Julius-Leber-Brücke","BEZ":"07","STAND":"01.01.2021","GROESSE_M2":135104.957}},
{"type":"Feature","geometry":{"type":"Polygon","coordinates":[[[386644.436,5817400.826],[386425.548,5817366.705],[386340.881,5817336.699],[386285.417,5817307.557],[386168.948532,5817232.32245],[386091.718,5816655.782],[386080.117,5816613.241],[386089.042,5816588.801],[386079.367,5816488.591],[386210.835,5816489.036],[386350.597,5816481.801],[386506.985,5816518.418],[386537.072,5816531.985],[386644.449,5816562.038],[386651.484,5816646.804],[386656.213,5817136.849],[386650.13,5817185.865],[386652.056,5817322.844],[386644.436,5817400.826]]]},"properties":{"PLR_ID":"04501149","PLR_NAME":"Nikolsburger Platz","BEZ":"04","STAND":"01.01.2021","GROESSE_M2":441478.723}},
{"type":"Feature","geometry":{"type":"Polygon","coordinates":[[[392340.24,5821837.572],[392555.531,5821882.338],[392651.543,5821905.819],[392734.433,5821881.258],[392994.018,5821755.553],[393142.384,5822140.045],[393097.824,5822161.134],[392734.728071,5822262.029758],[392492.154,5822329.096],[392446.329,5822353.981],[392343.551,5822383.751],[392338.86,5822224.569],[392334.089,5822224.493],[392332.593,5822085.178],[392340.286,5822051.952],[392343.316,5821862.085],[392340.24,5821837.572]]]},"properties":{"PLR_ID":"03701555","PLR_NAME":"Sredzkistraße","BEZ":"03","STAND":"01.01.2021","GROESSE_M2":314592.029}},
{"type":"Feature","geometry":{"type":"Polygon","coordinates":[[[403500.469,5813021.474],[403532.299,5813016.603],[403534.986,5813034.36],[403524.741,5813053.28],[403635.011,5813206.357],[403660.459,5813246.894],[403801.067,5813505.038],[403819.581,5813564.772],[403837.145,5813791.204],[403855.098,5813836.075],[404052.826,5814100.777],[404155.117,5814222.609],[404291.419,5814349.009],[404335.506,5814381.802],[404546.108,5814499.949],[404805.779,5814620.006],[404878.71,5814674.357],[404906.604,5814715.455],[404905.388042,5814716.45756],[404885.057,5814725.436],[404798.993,5814812.688],[404732.508,5814866.277],[404685.975,5814915.055],[404590.629,5815001.17],[404505.257,5815066.473],[404346.654,5815208.252],[404286.334,5815255.797],[404170.958,5815356.72],[404012.104,5815480.46],[403997.931,5815491.557],[403692.1,5815369.48],[403547.806,5815489.542],[403413.673,5815412.857],[403232.171,5815323.884],[403225.896,5815313.32],[403199.551,5815177.61],[403181.896,5815106.839],[403139.825,5815046.5],[403146.096,5815012.414],[403127.091,5814994.499],[403111.311,5815027.569],[403010.362,5814965.493],[403013.831,5814962.363],[402830.59,5814849.072],[402723.014,5814785.493],[402719.153,5814789.131],[402672.229,5814710.897],[402643.277,5814695.041],[402577.583,5814682.546],[402541.572,5814723.086],[402474.669,5814692.738],[402402.296,5814671.305],[402250.752,5814651.517],[402167.421,5814650.998],[402011.48,5814659.534],[401933.272,5814683.148],[401856.076,5814698.558],[401689.815,5814706.189],[401617.432,5814704.517],[401536.422,5814715.006],[401458.748,5814734.402],[401377.464,5814736.273],[401409.312,5814673.915],[401000.346,5814753.286],[401448.674,5814415.096],[401469.763,5814389.077],[401563.101,5814314.371],[401615.38,5814283.722],[401699.81,5814260.435],[401711.405,5814235.792],[401681.135133,5814184.47101],[401682.724299,5814157.441172],[401878.61,5813773.236],[402255.858,5813047.548],[402261.876,5813031.585],[402401.83,5812813.491],[402475.538,5812793.674],[402466.635,5812827.015],[402534.925,5812861.24],[402539.039,5812870.941],[402628.293,5812917.429],[402631.015,5812938.085],[402719.499,5812991.407],[402757.511,5812989.595],[402829.372,5813022.175],[402936.573,5813078.068],[402926.584,5813099.814],[402995.75278,5813141.831903],[403019.85,5813071.499],[403059.699,5813081.427],[403026.048754,5813233.641039],[403104.114,5813186.366],[403204.402,5813133.642],[403400.569,5813047.383],[403471.958,5813036.79],[403500.469,5813021.474]]]},"properties":{"PLR_ID":"09502043","PLR_NAME":"Dammheide","BEZ":"09","STAND":"01.01.2021","GROESSE_M2":4774864.972}},
{"type":"Feature","geometry":{"type":"Polygon","coordinates":[[[373162.525,5822601.03],[372783.985,5822654.082],[372775.177,5822649.398],[372737.375,5822510.854],[372719.632,5822430.91],[372702.329,5822381.845],[372602.541,5822188.599],[372563.571,5822012.92],[372502.757,5821896.711],[372474.748,5821820.655],[372440.191,5821689.183],[372415.799,5821553.963],[373266.463,5821491.532],[373666.908,5821463.396],[373733.001,5821471.318],[373768.964,5821487.837],[373824.776,5821551.612],[373844.896,5821605.777],[373878.368,5821727.124],[373895.046,5821765.625],[373924.318,5821853.36],[373932.964,5821906.228],[373891.121,5821894.655],[373811.532,5821888.784],[373777.242,5821899.197],[373746.779,5821923.364],[373724.71,5821969.605],[373723.762,5822000.565],[373737.55,5822110.298],[373735.881,5822143.294],[373714.457,5822184.83],[373592.453,5822276.332],[373507.932,5822363.058],[373471.199,5822385.452],[373403.358,5822390.168],[373215.696,5822347.336],[373209.763,5822351.402],[373185.112,5822471.809],[373180.846,5822542.812],[373188.799,5822566.092],[373165.573,5822565.734],[373162.525,5822601.03]]]},"properties":{"PLR_ID":"05200422","PLR_NAME":"Werkstraße","BEZ":"05","STAND":"01.01.2021","GROESSE_M2":1187909.516}},
{"type":"Feature","geometry":{"type":"Polygon","coordinates":[[[384890.669,5818488.637],[384944.26,5818371.116],[385036.895,5818184.537],[385065.641,5818117.635],[385090.335,5818025.929],[385103.144,5818028.557],[385102.272,5817982.737],[385402.633,5818025.834],[385499.515,5817961.023],[385512.962,5817998.314],[385507.436,5818098.308],[385561.723,5818564.167],[385563.213,5818576.95],[385495.067,5818566.795],[385334.452,5818578.627],[385161.246,5818582.537],[385076.887,5818556.441],[384890.669,5818488.637]]]},"properties":{"PLR_ID":"04501040","PLR_NAME":"Hindemithplatz","BEZ":"04","STAND":"01.01.2021","GROESSE_M2":303195.68}},
{"type":"Feature","geometry":{"type":"Polygon","coordinates":[[[406346.79,5813834.71],[406386.414,5813874.751],[406392.273,5813937.244],[406387.089,5814039.507],[406326.294,5814041.925],[406330.372,5814157.656],[406340.515,5814260.295],[406103.996,5814333.86],[406067.116,5814348.416],[405924.397,5814185.082],[405818.75,5814244.362],[405683.82,5814291.273],[405670.897,5814274.75],[405457.588,5814347.119],[405476.48,5814543.033],[405240.838,5814553.421],[405115.745,5814542.937],[404906.604,5814715.455],[404878.71,5814674.357],[404805.779,5814620.006],[404546.108,5814499.949],[404335.506,5814381.802],[404291.419,5814349.009],[404155.117,5814222.609],[404052.826,5814100.777],[403855.098,5813836.075],[403837.145,5813791.204],[403819.581,5813564.772],[403801.067,5813505.038],[403660.459,5813246.894],[403635.011,5813206.357],[403524.741,5813053.28],[403534.986,5813034.36],[403682.876,5813038.398],[403733.485,5813032.336],[403972.046,5813046.91],[404031.929,5813059.53],[404208.481,5813045.985],[404677.536484,5813018.158911],[405117.496,5812989.002],[405103.699,5812910.662],[405144.403,5812929.736],[405357.586,5812924.198],[405359.148,5812930.718],[405287.444,5812980.67],[405279.516,5813013.79],[405314.081,5813043.619],[405356.83,5813095.476],[405367.073,5813122.205],[405404.155,5813152.953],[405435.836,5813147.382],[405456.854,5813182.909],[405476.684,5813184.202],[405513.968,5813146.439],[405621.768,5813157.498],[405629.398,5813187.528],[405668.53,5813238.961],[405733.176,5813233.792],[405758.657,5813255.144],[405786.581,5813241.099],[405813.783,5813255.944],[405831.161,5813295.01],[405860.934,5813265.939],[405887.582,5813298.244],[405954.658,5813301.093],[405944.722,5813324.458],[406002.019,5813383.999],[406027.408,5813392.476],[406040.448,5813377.02],[406032.007,5813338.365],[406114.875,5813373.482],[406133.24,5813391.643],[406138.994,5813425.124],[406195.479,5813401.942],[406212.246,5813452.249],[406271.656,5813488.587],[406235.767,5813551.599],[406234.148,5813635.575],[406271.463,5813751.136],[406289.843,5813793.98],[406346.79,5813834.71]]]},"properties":{"PLR_ID":"09502042","PLR_NAME":"Mittelheide","BEZ":"09","STAND":"01.01.2021","GROESSE_M2":3196164.766}},
{"type":"Feature","geometry":{"type":"Polygon","coordinates":[[[400387.888036,5824151.074036],[400288.393,5824253.207],[400261.286,5824269.521],[400211.06,5824220.612],[400216.679,5824258.411],[400285.711,5824438.009],[400325.425,5824552.951],[400327.216,5824652.796],[400273.141,5824653.826],[400224.467,5824620.296],[400024.844,5824890.098],[400005.657,5824900.112],[399942.867,5824992.218],[399789.13,5825196.964],[399772.178,5825227.214],[399748.677,5825343.14],[399642.094,5825321.401],[399527.908,5825274.25],[399515.82,5825291.098],[399410.788,5825226.884],[399414.43,5825206.537],[399364.88,5825183.673],[399346.718413,5825200.616108],[399325.92247,5825186.261185],[399277.05296,5825150.119178],[399295.282,5825125.224],[399145.443,5825038.157],[399169.93,5825006.154],[399227.011,5825039.072],[399319.004,5824901.594],[399379.237,5824805.408],[399518.997,5824616.506],[399714.285,5824362.134],[399866.214,5824176.431],[399965.589,5824037.964],[400035.726,5823916.851],[400061.745,5823908.527],[400082.396455,5823878.98315],[400289.734,5824055.212],[400387.888036,5824151.074036]]]},"properties":{"PLR_ID":"11100204","PLR_NAME":"Falkenberg West","BEZ":"11","STAND":"01.01.2021","GROESSE_M2":776048.199}},
{"type":"Feature","geometry":{"type":"Polygon","coordinates":[[[393141.107,5823710.179],[393095.697705,5824060.051964],[393071.91,5824298.945],[393051.809,5824392.85],[393046.178,5824450.552],[393029.307,5824483.17],[392991.231,5824478.5],[392876.868258,5824484.47682],[392876.34159,5824475.651623],[392811.997077,5824479.047939],[392800.76,5824489.076],[392646.767,5824495.225],[392625.387,5824499.318],[392460.667,5824507.616],[392457.61,5824512.586],[392460.988,5824370.817],[392514.82,5824222.067],[392523.168,5824199.417],[392544.213,5823909.054],[392536.167,5823833.436],[393141.107,5823710.179]]]},"properties":{"PLR_ID":"03400827","PLR_NAME":"Trelleborger Viertel","BEZ":"03","STAND":"01.01.2021","GROESSE_M2":413274.686}},
{"type":"Feature","geometry":{"type":"Polygon","coordinates":[[[390744.799,5818713.82],[390442.545,5818691.891],[390658.777913,5817953.685551],[390636.703,5817948.921],[390650.075,5817724.382],[390660.733839,5817636.501248],[390765.659,5817610.015],[390857.27,5817618.22],[391009.813,5817643.28],[391120.117349,5817634.50356],[391123.827036,5817716.457259],[391045.489,5817945.203],[391031.132,5818027.768],[391037.441,5818086.505],[391076.342,5818168.252],[391082.677,5818165.277],[391207.264,5818438.445],[391358.488,5818754.742],[391327.391,5818759.483],[390744.799,5818713.82]]]},"properties":{"PLR_ID":"02100102","PLR_NAME":"Mehringplatz","BEZ":"02","STAND":"01.01.2021","GROESSE_M2":624461.329}},
{"type":"Feature","geometry":{"type":"Polygon","coordinates":[[[393442.431,5814226.687],[393438.533,5814225.852],[393369.231,5814218.411],[393213.058,5814187.032],[392738.874,5814112.921],[392751.081,5814021.12],[392769.887,5814023.582],[392773.907,5813963.641],[392775.57,5813762.871],[392786.958,5813692.574],[392802.442,5813652.665],[392788.583,5813542.208],[392858.57,5813518.68],[393086.828,5813552.737],[393454.272,5813618.766],[393621.019,5813661.952],[393645.744,5813672.932],[393573.321,5813816.084],[393515.751,5813992.574],[393474.032,5814135.365],[393442.431,5814226.687]]]},"properties":{"PLR_ID":"08100105","PLR_NAME":"Silbersteinstraße","BEZ":"08","STAND":"01.01.2021","GROESSE_M2":463906.1}},
{"type":"Feature","geometry":{"type":"Polygon","coordinates":[[[387795.701331,5807587.15297],[387672.063,5807536.83],[387496.647,5807457.448],[387612.58,5807336.058],[387716.986,5807222.196],[387806.877,5807131.247],[387920.38,5807037.921],[388046.401,5806910.156],[388240.122,5806753.73],[388376.242,5806625.036],[388460.05,5806571.065],[388582.169,5806481.432],[388702.017,5806418.12],[389220.71,5806085.974],[389098.681,5805491.148],[389137.618,5805488.999],[389424.423,5805457.784],[389608.012,5805448.428],[389665.966,5805448.378],[389917.274,5805460.874],[389900.656,5805627.806],[389908.671,5805652.322],[389848.588,5805707.708],[389750.242,5805815.488],[389762.676,5805824.161],[389833.218,5806113.068],[389878.197,5806072.609],[389928.689,5806546.27],[390041.897,5806569.743],[390328.936293,5806663.180228],[390352.877,5806586.839],[390398.744,5806594.747],[390381.729,5806654.985],[390308.96,5806854.231],[390251.058,5807053.965],[390240.618,5807063.383],[390150.685,5807372.396],[390045.309,5807671.184],[390000.67,5807783.133],[389928.736,5807994.242],[389835.859,5807950.34],[389706.358,5807863.96],[389635.348,5807831.819],[389570.46,5807812.536],[389460.737,5807796.058],[389326.859,5807800.13],[389246.328,5807814.006],[389150.329,5807842.161],[389045.807,5807889.175],[388959.65272,5807942.496762],[388721.546,5808104.228],[388628.663,5808164.198],[388555.256,5808062.531],[388498.009,5807972.985],[388404.779,5807787.341],[388350.058,5807798.12],[388235.732,5807755.194],[388195.125,5807747.273],[388150.091,5807750.983],[388086.428,5807781.339],[388016.173,5807731.901],[387969.016,5807712.355],[387985.514,5807660.706],[387795.701331,5807587.15297]]]},"properties":{"PLR_ID":"07601341","PLR_NAME":"Diedersdorfer Weg","BEZ":"07","STAND":"01.01.2021","GROESSE_M2":3913431.257}},
{"type":"Feature","geometry":{"type":"Polygon","coordinates":[[[395161.197,5813223.001],[395137.954,5813283.207],[395116.278,5813299.638],[395060.091,5813412.776],[395043.314737,5813434.648979],[395016.460334,5813425.450775],[395018.866,5813401.741],[394897.877,5813361.09],[394914.166,5813313.938],[395029.533,5813304.747],[395023.84985,5813287.815276],[394747.564,5813308.962],[394660.412,5813306.902],[394605.071,5813299.646],[394525.342,5813280.052],[394082.29,5813198.024],[394022.261,5813189.677],[393727.883596,5813160.944914],[393753.571,5813084.031],[393784.245,5812962.461],[393878.935,5812540.906],[393866.148,5812514.192],[394048.485,5812523.734],[394231.253,5812487.664],[394303.212,5812478.519],[394765.393,5812480.753],[394846.955,5812491.232],[394897.011317,5812510.130852],[395039.582,5812543.016],[395131.539,5812536.468],[395253.576,5812492.702],[395298.319,5812456.745],[395330.207,5812404.244],[395384.467,5812337.71],[395437.272,5812304.508],[395486.003,5812294.193],[395541.688,5812326.341],[395467.048,5812497.474],[395447.215,5812527.218],[395293.115,5812926.811],[395197.595,5813129.928],[395161.197,5813223.001]]]},"properties":{"PLR_ID":"08200623","PLR_NAME":"Park am Buschkrug","BEZ":"08","STAND":"01.01.2021","GROESSE_M2":1179315.735}},
{"type":"Feature","geometry":{"type":"Polygon","coordinates":[[[385327.618,5808923.051],[385336.056,5808909.001],[385363.896,5808873.085],[385434.526,5808996.465],[385468.57,5808994.158],[385652.9,5808963.248],[385910.942,5808929.779],[386180.09,5808890.866],[386179.715,5808888.463],[386425.677,5808852.083],[387123.85,5808620.544],[387131.139,5808639.777],[386878.646,5809220.989],[386819.669,5809356.22],[386823.838,5809360.92],[386694.829,5809400.423],[386682.335,5809419.695],[386660.984,5809515.893],[386749.857,5809549.532],[386700.878,5809678.844],[386711.107,5809698.603],[386661.705,5809826.652],[386686.399247,5809836.098241],[386579.205,5810115.034],[386643.885,5810140.033],[386594.409,5810305.281],[386535.031,5810385.154],[386517.89,5810398.38],[386486.93,5810372.309],[386377.722,5810262.851],[386392.102696,5810250.250332],[386231.192,5810079.97],[386222.961,5810055.698],[386158.015,5809953.079],[386110.286,5809896.356],[386065.011,5809858.354],[385977.141,5809770.16],[385943.268,5809759.854],[385763.483,5809556.46],[385621.72,5809386.165],[385566.64,5809303.097],[385423.071,5809101.445],[385373.952,5809028.969],[385325.546,5808931.38],[385327.618,5808923.051]]]},"properties":{"PLR_ID":"06200422","PLR_NAME":"Oberhofer Platz","BEZ":"06","STAND":"01.01.2021","GROESSE_M2":1367505.195}},
{"type":"Feature","geometry":{"type":"Polygon","coordinates":[[[396519.569,5817953.766],[396530.747,5817991.836],[396607.743,5817983.164],[396679.631,5817982.015],[396816.185,5817997.389],[396910.298,5818021.23],[396924.349,5818011.756],[397030.928,5818048.825],[397055.249,5818074.422],[397034.468,5818116.134],[397015.559,5818124.255],[396995.889,5818204.254],[396970.23,5818273.538],[396923.658,5818344.62],[396876.052,5818390.87],[396731.671,5818488.949],[396666.303,5818514.223],[396548.451,5818532.431],[396490.177,5818525.14],[396405.014,5818496.016],[396347.686,5818470.172],[396274.315,5818387.662],[396233.117,5818321.612],[396241.483,5818306.744],[396180.179,5818203.18],[396164.955,5818168.233],[396136.762,5818048.6],[396409.738,5817963.506],[396440.761,5817941.738],[396512.666,5817933.941],[396519.569,5817953.766]]]},"properties":{"PLR_ID":"11400927","PLR_NAME":"Victoriastadt","BEZ":"11","STAND":"01.01.2021","GROESSE_M2":374092.568}},
{"type":"Feature","geometry":{"type":"Polygon","coordinates":[[[396230.956,5819298.042],[396542.735,5819238.518],[396547.899,5819281.583],[396576.57,5819396.896],[396683.863,5819341.86],[396702.521,5819379.348],[396633.094,5819416.032],[396616.036,5819444.257],[396590.468,5819537.175],[396471.879,5819872.408],[396442.188,5819869.89],[396398.069,5819958.941],[396406.938,5819958.367],[396363.773,5820031.652],[396333.836,5820050.894],[396169.937,5820032.282],[396178.65,5820010.689],[396165.194,5819974.334],[396115.292,5819686.465],[396017.912,5819381.104],[396010.552,5819339.57],[396230.956,5819298.042]]]},"properties":{"PLR_ID":"02500729","PLR_NAME":"Pettenkofer Straße","BEZ":"02","STAND":"01.01.2021","GROESSE_M2":322475.261}},
{"type":"Feature","geometry":{"type":"Polygon","coordinates":[[[387621.286,5820849.669],[387861.884,5820839.411],[388018.189,5820839.727],[388108.478,5820845.279],[388423.09,5820876.53],[388285.551,5821160.976],[388037.809,5821274.441],[387850.014,5821355.999],[387640.229,5821451.653],[387633.387,5821447.304],[387623.66,5820882.471],[387621.286,5820849.669]]]},"properties":{"PLR_ID":"01200625","PLR_NAME":"Lübecker Straße","BEZ":"01","STAND":"01.01.2021","GROESSE_M2":325102.799}},
{"type":"Feature","geometry":{"type":"Polygon","coordinates":[[[400279.534074,5812467.39284],[400074.941,5812815.284],[400078.905,5812862.57],[400066.826,5812880.382],[400023.408,5812897.402],[399914.758,5813035.791],[399916.372,5813051.358],[400071.29,5813190.693],[400083.872,5813206.288],[400291.209,5813393.446],[400313.241,5813418.71],[400260.677,5813456.607],[399706.388,5813865.824],[399491.615,5814022.528],[399445.167,5814043.731],[399337.195,5814081.571],[399209.328,5814156.194],[399131.633,5814206.086],[399105.272,5814168.278],[399069.918,5814166.012],[399023.481,5814087.606],[399005.22,5814030.244],[399033.044,5813780.755],[399033.393,5813739.72],[399054.539,5813541.811],[399065.952,5813525.569],[398954.458,5813161.447],[399017.295,5813112.315],[399110.237,5813049.959],[399211.566,5813016.082],[399315.153,5812999.025],[399382.29,5812962.862],[399420.605,5812918.241],[399440.845,5812877.526],[399471.415,5812762.022],[399519.339,5812667.624],[399554.194,5812622.436],[399624.698,5812556.608],[399703.323,5812507.056],[399814.887,5812457.52],[399876.563,5812435.668],[400006.95,5812406.55],[400162.373,5812431.807],[400279.534074,5812467.39284]]]},"properties":{"PLR_ID":"09200511","PLR_NAME":"Griechischer Park","BEZ":"09","STAND":"01.01.2021","GROESSE_M2":1358629.737}},
{"type":"Feature","geometry":{"type":"Polygon","coordinates":[[[404012.104,5815480.46],[404170.958,5815356.72],[404286.334,5815255.797],[404346.654,5815208.252],[404505.257,5815066.473],[404590.629,5815001.17],[404685.975,5814915.055],[404732.508,5814866.277],[404798.993,5814812.688],[404885.057,5814725.436],[404905.388042,5814716.45756],[404942.051263,5814845.099386],[404970.195,5815044.481],[404991.981,5815230.192],[405024.825,5815593.196],[405191.786,5815945.152],[405878.449,5817407.286],[405884.291018,5817424.926242],[405859.926,5817602.946],[405871.681533,5817645.125351],[405973.565,5817811.279],[405916.58,5818026.622],[405903.284966,5818110.885099],[405507.667,5818123.152],[405426.029,5818132.558],[404901.919,5818149.995],[404886.664,5818152.464],[404875.416584,5818090.695774],[404821.231,5817897.931],[404765.375,5817774.943],[404671.116,5817470.797],[404678.76,5817426.554],[404712.293,5817347.359],[404739.683,5817311.529],[404766.975,5817295.459],[404860.963,5817263.027],[404912.571,5817217.082],[404921.8,5817168.159],[404905.303,5817099.502],[404856.639764,5816947.826514],[404780.668,5816972.256],[404758.89,5816895.474],[404724.047,5816665.932],[404761.334,5816659.735],[404751.195,5816626.319],[404704.097,5816560.425],[404679.64556,5816440.73366],[404601.794,5816460.186],[404479.872,5816479.875],[404370.418,5816486.815],[404296.729,5816485.817],[404275.482,5816496.221],[404118.866,5816171.999],[404048.286,5815915.193],[404039.639,5815902.761],[403945.725,5815838.226],[403854.237,5815768.068],[403908.818,5815670.14],[404057.98,5815542.664],[404012.104,5815480.46]]]},"properties":{"PLR_ID":"10400940","PLR_NAME":"Elsensee","BEZ":"10","STAND":"01.01.2021","GROESSE_M2":3163866.811}},
{"type":"Feature","geometry":{"type":"Polygon","coordinates":[[[384209.777311,5827703.730587],[384487.41,5827727.297],[384511.674,5827702.896],[384643.145,5827881.361],[384649.472,5827882.32],[384712.736,5827973.539],[385036.98,5828021.532],[385137.399,5828036.349],[385236.802,5828164.488],[385228.819,5828220.784],[385278.496,5828228.179],[385146.816,5828356.726],[385097.277,5828397.059],[384995.189,5828461.51],[384917.687,5828498.33],[384973.983,5828529.786],[385078.453,5828566.884],[385222.506,5828678.843],[385295.962,5828716.948],[385368.91,5828793.354],[385243.39,5829004.933],[385209.429,5828985.468],[385142.9,5829195.181],[385125.703,5829241.748],[384941.331,5829838.29],[384904.304,5829862.694],[384887.772,5829848.313],[384877.143,5829807.351],[384833.312,5829800.599],[384770.244,5829808.225],[384745.3,5829825.202],[384697.151,5829796.838],[384665.232,5829761.626],[384589.723,5829732.01],[384562.291,5829764.936],[384552.308,5829740.111],[384559.318,5829693.708],[384528.019,5829708.723],[384536.252,5829671.639],[384518.999,5829659.194],[384483.657,5829671.128],[384468.123,5829652.119],[384452.509,5829681.461],[384424.386,5829678.452],[384431.069,5829628.13],[384386.551,5829602.911],[384383.436,5829575.049],[384412.431,5829566.868],[384411.451,5829541.29],[384375.457,5829517.864],[384345.751,5829539.014],[384301.693,5829540.366],[384292.597,5829528.745],[384306.459,5829483.472],[384261.429,5829463.48],[384270.519,5829442.574],[384331.528,5829435.647],[384337.597,5829420.544],[384285.968,5829358.737],[384183.791,5829305.11],[384146.693,5829297.267],[384159.876,5829252.928],[384112.253,5829233.061],[384107.899154,5829245.44682],[384141.846,5829275.708],[384134.228,5829307.729],[384088.202,5829403.353],[384053.771,5829348.957],[383999.36,5829317.776],[383975.613,5829314.708],[383845.71,5829330.912],[383792.634,5829317.323],[383652.154,5829238.674],[383614.026,5829182.984],[383590.507,5829129.426],[383832.015,5828669.086],[383855.164,5828606.109],[383859.414,5828564.641],[383872.522,5828566.304],[383909.947,5828446.256],[383988.775,5828253.198],[384019.16,5828160.595],[384129.788725,5827894.325257],[384142.575,5827878.023],[384209.777311,5827703.730587]]]},"properties":{"PLR_ID":"12500824","PLR_NAME":"Ziekowstraße/Freie Scholle","BEZ":"12","STAND":"01.01.2021","GROESSE_M2":2227998.67}},
{"type":"Feature","geometry":{"type":"Polygon","coordinates":[[[379282.818,5810292.117],[379253.599,5810329.728],[378903.543,5810651.011],[378659.528,5811433],[378637.215247,5811499.506218],[378578.974,5811749.876],[378193.611174,5812064.895569],[378234.385,5812128.838],[378458.913,5812403.696],[378710.365,5812714.298],[378860.081,5812896.919],[378893.265,5812887.283],[378969.756,5813032.31],[379526.042,5813715.362],[379556.488,5813756.504],[379635.411,5813837.574],[379688.455,5813916.843],[379722.253,5813953.679],[380037.827,5814341.787],[380102.28,5814417.867],[380251.458,5814603.81],[380333.98,5814681.816],[380257.674,5814705.239],[380115.693,5814741.811],[380033.852,5814794.939],[379871.995,5814869.651],[379786.328,5814870.841],[379682.03,5814844.805],[379552.71,5814833.426],[379466.342,5814809.529],[379347.368,5814796.799],[379333.617,5814800.821],[379198.945,5814799.564],[379101.031,5814811.513],[379051.743,5814809.832],[378856.21,5814824.129],[378698.452,5814794.511],[378629.806,5814763.849],[378569.959,5814768.939],[378510.338,5814756.593],[378422.42,5814789.318],[378350.363,5814802.617],[378256.272,5814827.825],[378172.341,5814862.053],[378080.152,5814887.853],[377974.898,5814884.772],[377883.138,5814852.185],[377838.169,5814820.915],[377773.242,5814731.012],[377709.202,5814707.076],[377659.568,5814702.962],[377600.074,5814731.783],[377576.256,5814770.592],[377570.057,5814812.556],[377578.645,5814880.734],[377569.641,5814913.603],[377531.733,5814973.558],[377506.797,5814993.172],[377412.109,5814985.307],[377365.695,5814956.325],[377322.037,5814969.526],[376934.118,5815062.73],[376815.023,5814477.056],[376794.113,5814376.453],[376713.69,5814037.982],[376427.582,5813716.414],[376158.866,5813310.52],[375713.513,5813343.954],[375382.201,5813117.228],[375091.835,5812923.216],[375815.12,5810230.153],[376462.308,5810403.691],[376590.402,5810388.357],[376585.696,5810312.81],[376610.143,5810307.436],[376634.39,5810203.141],[376713.897,5810033.083],[376721.057,5809977.925],[376714.637,5809939.489],[376692.219,5809892.737],[376596.749,5809786.692],[376538.239,5809742.421],[376606.596,5809677.125],[376582.066,5809659.182],[376597.317,5809641.393],[376476.697,5809546.4],[376304.89,5809405.201],[376273.961,5809352.814],[376267.892,5809322.038],[376252.389879,5809146.203853],[376350.005,5809133.541],[376427.054,5809137.813],[376607.97,5809163.37],[376806.882,5809183.164],[377099.29,5809208.377],[377094.804,5809229.101],[377191.648,5809263.219],[377287.006674,5809306.549046],[377569.506,5809477.068],[377610.301,5809484.783],[377689.296,5809548.908],[377762.761,5809597.24],[377773.048,5809613.953],[378313.549,5809947.295],[378348.916,5809964.753],[378894.095,5810155.252],[379282.818,5810292.117]]]},"properties":{"PLR_ID":"06400737","PLR_NAME":"Nikolassee","BEZ":"06","STAND":"01.01.2021","GROESSE_M2":16490237.83}},
{"type":"Feature","geometry":{"type":"Polygon","coordinates":[[[401447.8,5809795.082],[401262.493,5809988.134],[400950.962,5810343.032],[400897.567576,5810413.817151],[400897.113,5810433.399],[400433.011,5810968.146],[400430.203,5810965.711],[400180.942,5811252.43],[400005.86,5811101.42],[400111.495,5810984.294],[399877.292,5810771.347],[399847.181,5810748.022],[399244.572,5810200.23],[399365.52,5809531.95],[399403.048,5809512.559],[399399.169,5809477.356],[399470.9,5809459.5],[399592.35,5809444.8],[399633.8,5809450.55],[399908.7,5809421.45],[399927.05,5809390.65],[399942.3,5809417],[400969.15,5809303.95],[401035.25,5809300.95],[401073.6,5809287.4],[401158.75,5809285.6],[401275.15,5809292.8],[401366.2,5809304.6],[401404.95,5809321.8],[401696.935,5809376.932],[401751.128093,5809392.675958],[401640.6,5809517.888],[401711.597,5809499.896],[401649.419,5809564.013],[401447.8,5809795.082]]]},"properties":{"PLR_ID":"09200715","PLR_NAME":"Wista","BEZ":"09","STAND":"01.01.2021","GROESSE_M2":2671176.226}},
{"type":"Feature","geometry":{"type":"Polygon","coordinates":[[[396242.544,5810873.746],[396323.553,5810988.826],[396387.513,5811088.051],[396456.474,5811204.189],[396553.471,5811345.542],[396567.173,5811334.602],[396597.49,5811370.953],[396562.693,5811412.48],[396463.508,5811495.928],[396426.016,5811514.579],[396242.881,5811665.455],[395759.329,5812066.538],[395665.256,5812157.438],[395622.489,5812206.866],[395583.719,5812264.018],[395555.356,5812321.062],[395541.688,5812326.341],[395486.003,5812294.193],[395437.272,5812304.508],[395384.467,5812337.71],[395330.207,5812404.244],[395298.319,5812456.745],[395253.576,5812492.702],[395131.539,5812536.468],[395039.582,5812543.016],[394897.011317,5812510.130852],[394846.955,5812491.232],[394860.236,5812402.448],[395018.162,5811693.22],[395255.175,5811672.958],[395269.853041,5811665.068642],[395268.206582,5811594.994552],[395430.457992,5811568.889293],[395489.401,5811542.928],[395686.615,5811384.133],[395766.407,5811318.854],[395824.226,5811255.431],[395891.866,5811162.514],[395913.03,5811084.509],[395930.406,5811059.701],[395976.154,5811098.718],[396192.519,5810919.553],[396200.985,5810931.501],[396242.544,5810873.746]]]},"properties":{"PLR_ID":"08200728","PLR_NAME":"Ortolanweg","BEZ":"08","STAND":"01.01.2021","GROESSE_M2":1186449.651}},
{"type":"Feature","geometry":{"type":"Polygon","coordinates":[[[397747.159,5808365.587],[397807.519,5808406.436],[397828.127,5808411.164],[397893.216,5808461.962],[398001.038,5808568.985],[398053.27,5808597.188],[398096.841,5808609.049],[398359.463,5808645.307],[398670.73,5808721.424],[398817.312,5808767.014],[398875.524,5808792.245],[398968.302,5808842.098],[399186.002,5808980.577],[399221.212,5809011.835],[399260.777,5809071.777],[399254.055,5809109.541],[399337.443,5809299.307],[399334.609,5809308.59],[399380.323,5809414.83],[399399.169,5809477.356],[399403.048,5809512.559],[399365.52,5809531.95],[399173.473,5809554.747],[399069.228,5809570.776],[398989.619,5809588.317],[398874.158,5809621.828],[398786.31,5809653.564],[398675.821,5809705.178],[398575.043,5809762.118],[398500.457,5809810.83],[398407.601,5809882.168],[397924.608,5810282.576],[397886.705,5810297.985],[397861.584,5810322.04],[397802.524,5810265.428],[397023.73,5809326.07],[397042.671,5809289.915],[397138.471,5809163.035],[397219.672,5809048.843],[397272.657,5808926.198],[397334.036386,5808829.103257],[397553.349,5808545.122],[397599.94,5808489.172],[397670.048,5808419.927],[397747.159,5808365.587]]]},"properties":{"PLR_ID":"08401243","PLR_NAME":"Alt-Rudow","BEZ":"08","STAND":"01.01.2021","GROESSE_M2":2508146.136}},
{"type":"Feature","geometry":{"type":"Polygon","coordinates":[[[390660.733839,5817636.501248],[390608.604,5817655.297],[390375.174,5817752.66],[390276.811,5817776.145],[390135.019,5817769.589],[390046.339,5817787.311],[390008.914,5817617.544],[389970.487,5817063.441],[389964.376189,5817001.81508],[390228.208,5817131.834],[390262.891,5817145.793],[390551.981,5817048.173],[390617.134,5817204.711],[390622.873,5817231.51],[390724.037,5817395.662],[390688.663954,5817403.663821],[390686.762,5817442.018],[390660.733839,5817636.501248]]]},"properties":{"PLR_ID":"02200208","PLR_NAME":"Rathaus Yorckstraße","BEZ":"02","STAND":"01.01.2021","GROESSE_M2":428884.992}},
{"type":"Feature","geometry":{"type":"Polygon","coordinates":[[[395621.616,5809525.333],[395100.573,5809526.364],[395102.21,5809610.344],[394998.123,5809707.393],[394926.734,5809784.307],[394856.422,5809870.342],[394808.634,5809935.994],[394859.264,5809968.339],[394797.116,5810064.971],[394747.123,5810156.849],[394691.111,5810283.14],[394661.85,5810370.834],[394599.051,5810331.611],[394573.144,5810332.223],[394541.107,5810193.793],[394455.375,5809909.729],[394426.955,5809842.685],[394377.075,5809761.347],[394333.917,5809728.163],[394373.974,5809671.947],[394298.846,5809626.409],[394359.166,5809526.202],[394412.808,5809475.018],[394444.533211,5809454.349726],[394415.127,5809434.927],[394608.57,5809330.191],[394722.505,5809303.088],[394763.737,5809280.776],[394959.405,5809203.247],[395183.026,5809111.734],[395360.741,5809036.405],[395366.247,5809037.311],[395471.434,5809299.747],[395518.715,5809398.533],[395549.623,5809445.288],[395621.616,5809525.333]]]},"properties":{"PLR_ID":"08300935","PLR_NAME":"Gropiusstadt Süd-West","BEZ":"08","STAND":"01.01.2021","GROESSE_M2":677332.441}},
{"type":"Feature","geometry":{"type":"Polygon","coordinates":[[[395100.658,5811409.938],[395138.02,5811461.154],[395146.34,5811489.662],[395223.544,5811589.741],[395268.206582,5811594.994552],[395269.853041,5811665.068642],[395255.175,5811672.958],[395018.162,5811693.22],[394982.671,5811688.827],[394270.196,5811750.012],[394167.245,5811745.387],[394119.607,5811734.056],[393969.272,5811686.768],[393868.648,5811668.651],[393817.448,5811708.472],[393823.369,5811730.657],[393739.515,5811611.212],[393721.875,5811619.526],[393594.944,5811549.945],[393531.246109,5811518.95988],[393575.109,5811333.361],[393585.367,5811274.332],[393589.77,5811181.976],[393653.471,5811180.273],[393688.008,5811161.268],[393778.021,5811081.651],[394102.68,5810862.826],[394172.614,5810825.069],[394273.281,5810792.79],[394340.911,5810783.505],[394540.337,5810785.215],[394701.582,5810772.041],[394743.507,5810746.228],[394751.05,5810816.277],[394807.186,5810955.837],[394846.055,5811031.713],[394933.449,5811169.739],[395059.744,5811337.461],[395100.658,5811409.938]]]},"properties":{"PLR_ID":"08200727","PLR_NAME":"Parchimer Allee Süd","BEZ":"08","STAND":"01.01.2021","GROESSE_M2":1156772.864}},
{"type":"Feature","geometry":{"type":"Polygon","coordinates":[[[389284.259,5823638.935],[389090.763,5823449.995],[388737.115591,5823102.11659],[388921.09,5822922.9],[389397.819,5822900.491],[389414.219,5822903.89],[389412.680502,5822941.069779],[389404.204,5823185.13],[389395.599,5823296.943],[389284.259,5823638.935]]]},"properties":{"PLR_ID":"01401043","PLR_NAME":"Antonstraße","BEZ":"01","STAND":"01.01.2021","GROESSE_M2":298918.993}},
{"type":"Feature","geometry":{"type":"Polygon","coordinates":[[[387438.928741,5826726.665254],[387344.799,5826694.028],[387283.439,5826679.138],[387061.227,5826674.509],[387050.536,5826659.734],[387045.443,5826597.884],[386996.045,5826368.533],[386835.608,5825698.956],[386823.092,5825643.146],[386843.303,5825664.602],[386967.249,5825731.517],[387358.753,5825884.808],[387726.691,5826112.58],[387959.483,5826203.861],[388013.366,5826188.976],[388011.197,5826228.954],[388019.549,5826366.705],[388026.794,5826387.465],[388034.541,5826514.968],[388032.38,5826565.316],[388011.067,5826640.665],[387971.697,5826658.414],[387830.558,5826667.541],[387814.119,5826661.094],[387680.962,5826668.089],[387681.762,5826683.353],[387437.995,5826695.93],[387438.928741,5826726.665254]]]},"properties":{"PLR_ID":"12100206","PLR_NAME":"Humboldtstraße","BEZ":"12","STAND":"01.01.2021","GROESSE_M2":759312.269}},
{"type":"Feature","geometry":{"type":"Polygon","coordinates":[[[397247.679,5821489.003],[397012.037,5821470.37],[396706.896,5821448.417],[396703.444,5821458.848],[396650.475,5821454.627],[396597.893,5821427.817],[396626,5821384.801],[396668.34,5821274.461],[396778.613,5820934.273],[396822.049,5820778.744],[396808.538,5820677.826],[396896.748293,5820683.189935],[396887.095,5820656.863],[396870.626,5820448.261],[396867.893,5820326.683],[396879.534,5820315.379],[397098.619,5820327.287],[397258.664,5820318.63],[397262.276,5820410.753],[397258.817,5820475.358],[397246.923,5820548.091],[397267.821,5820903.53],[397274.877,5821103.046],[397248.74,5821446.16],[397247.679,5821489.003]]]},"properties":{"PLR_ID":"11300620","PLR_NAME":"Fennpfuhl Ost","BEZ":"11","STAND":"01.01.2021","GROESSE_M2":556757.31}},
{"type":"Feature","geometry":{"type":"Polygon","coordinates":[[[392966.814,5819182.549],[393041.427,5819306.529],[393130.729,5819493.889],[393250.23,5819812.783],[393209.592,5819825.845],[393220.585,5819850.134],[393195.154,5819862.116],[393213.917,5819901.796],[393265.581,5820011.063],[393304.671,5819994.901],[393365.936,5819991.275],[393422.826,5820172.321],[393180.112,5820351.967],[393246.511,5820367.002],[393246.048,5820406.198],[393173.954,5820424.41],[393062.3,5820485.21],[392843.72,5820632.946],[392819.303,5820562.301],[392658.961,5820337.035],[392649.526,5820334.519],[392528.691,5820175.959],[392481.472,5820105.404],[392388.080608,5820034.350916],[392422.714,5819993.923],[392458.411,5819930.409],[392487.927,5819813.384],[392512.945,5819751.925],[392571.631,5819648.607],[392611.791,5819542.143],[392661.861,5819477.377],[392645.199049,5819379.974711],[392847.132,5819265.785],[392844.621,5819251.758],[392920.08,5819203.147],[392966.814,5819182.549]]]},"properties":{"PLR_ID":"01100311","PLR_NAME":"Karl-Marx-Allee","BEZ":"01","STAND":"01.01.2021","GROESSE_M2":807957.752}},
{"type":"Feature","geometry":{"type":"Polygon","coordinates":[[[389063.689,5825291.298],[389136.467,5825044.601],[389157.903,5824918.047],[389118.389,5824915.405],[389136.968,5824713.254],[389168.553,5824372.231],[389274.12,5824382.059],[389500.634,5824566.275],[389562.868,5824632.976],[389970.23,5824637.985],[389991.314,5824636.737],[390102.57,5825249.743],[390146.119638,5825485.246155],[390107.995,5825482.201],[389743.543,5825413.925],[389063.689,5825291.298]]]},"properties":{"PLR_ID":"12100101","PLR_NAME":"Letteplatz","BEZ":"12","STAND":"01.01.2021","GROESSE_M2":780562.753}},
{"type":"Feature","geometry":{"type":"Polygon","coordinates":[[[386340.588,5818487.837],[386282.597,5817984.191],[386274.826,5817957.532],[386306.687,5817954.776],[386716.528,5817998.167],[386757.133,5817993.805],[386822.151,5818090.212],[387048.969,5817932.753],[387114.843,5818028.748],[387126.686,5818052.569],[387427.064,5818486.349],[387356.208,5818515.327],[387303.217,5818520.637],[387267.865,5818512.996],[387256.576,5818552.388],[387240.859,5818607.733],[387133.735,5818589.772],[387092.81,5818589.9],[387032.078,5818602.738],[386927.704,5818681.494],[386911.193,5818704.507],[386984.825,5818852.075],[386991.813,5818896.169],[386961.33,5818946.355],[386926.802,5818940.353],[386886.277,5818962.762],[386713.089,5818646.269],[386662.471,5818577.857],[386691.066,5818574.584],[386588.813,5818503.614],[386539.265,5818486.208],[386431.077,5818478.779],[386340.588,5818487.837]]]},"properties":{"PLR_ID":"04501042","PLR_NAME":"Breitscheidplatz","BEZ":"04","STAND":"01.01.2021","GROESSE_M2":603711.632}},
{"type":"Feature","geometry":{"type":"Polygon","coordinates":[[[388185.552,5818553.016],[388184.764,5818662.473],[388142.834,5818977.727],[388129.605,5819015.084],[388033.994,5818991.996],[388005.856,5818972.543],[387943.645114,5818988.121563],[387942.153,5819011.393],[387921.131,5819006.152],[387780.571,5819041.383],[387745.68398,5818843.890202],[387826.409,5818800.864],[387885.287,5818761.63],[387855.192,5818744.156],[387730.828,5818807.107],[387634.126,5818843.444],[387626.633,5818867.928],[387590.402,5818871.994],[387567.051,5818821.392],[387602.65,5818656.208],[387256.576,5818552.388],[387267.865,5818512.996],[387303.217,5818520.637],[387356.208,5818515.327],[387427.064,5818486.349],[387432.647,5818494.402],[387952.642,5818274.558],[387994.705,5818315.375],[388029.653,5818361.646],[388059.447,5818432.934],[388110.807,5818536.709],[388119.876,5818569.929],[388185.552,5818553.016]]]},"properties":{"PLR_ID":"01100101","PLR_NAME":"Stülerstraße","BEZ":"01","STAND":"01.01.2021","GROESSE_M2":366928.828}},
{"type":"Feature","geometry":{"type":"Polygon","coordinates":[[[398195.188,5829395.722],[398230.428,5829580.798],[398293.605,5829863.416],[398127.802,5829979.68],[398116.022,5829983.195],[397852.324,5830174.92],[397843.47,5830183.533],[397562.101,5830388.303],[397614.603,5830532.355],[397579.033,5830565.955],[397497.11,5830616.281],[397473.376,5830623.657],[397452.614,5830571.487],[397424.017,5830564.163],[397326.039,5830349.009],[397294.061,5830247.74],[397219.529,5830053.925],[397177.619,5829935.432],[397156.148,5829903.193],[396875.528,5829562.987],[396870.212,5829566.828],[396793.104468,5829475.341399],[396799.843,5829470.478],[396634.197,5829275.611],[396519.321,5829144.297],[396515.026,5829147.474],[396317.345,5828916.318],[396306.727,5828892.522],[396391.651,5828772.094],[396436.972,5828752.672],[396602.942,5828707.394],[396665.934,5828701.02],[396797.953,5828704.613],[396924.135,5828730.363],[397003.304,5828753.424],[397157.059,5828820.384],[397165.048,5828804.292],[397294.875,5828861.808],[397425.448,5828910.273],[397605.68,5828959.571],[397757.087,5829010.182],[397993.667,5829093.31],[398038.664,5829140.26],[398083.777,5829220.891],[398151.086,5829310.211],[398195.188,5829395.722]]]},"properties":{"PLR_ID":"03300413","PLR_NAME":"Karow Ost","BEZ":"03","STAND":"01.01.2021","GROESSE_M2":1864269.616}},
{"type":"Feature","geometry":{"type":"Polygon","coordinates":[[[400539.704,5811450.127],[400298.78,5811240.083],[400159.068,5811401.282],[400100.507,5811350.776],[400180.942,5811252.43],[400430.203,5810965.711],[400433.011,5810968.146],[400897.113,5810433.399],[400897.567576,5810413.817151],[400950.962,5810343.032],[401262.493,5809988.134],[401447.8,5809795.082],[401478.111,5809795.587],[401559.127,5809881.059],[401655.886,5810004.697],[401700.409,5810067.638],[401747.473,5810163.903],[401640.246,5810300.332],[401307.376,5810730.503],[401305.682,5810746.741],[401100.51,5811049.46],[400993.463,5811192.12],[401073.296,5811252.206],[401046.433,5811289.743],[401068.833,5811306.215],[401023.619,5811366.238],[400883.33,5811261.049],[400820.433,5811261.158],[400816.68,5811212.925],[400760.511,5811219.671],[400765.942,5811243.399],[400718.342,5811261.602],[400539.704,5811450.127]]]},"properties":{"PLR_ID":"09200716","PLR_NAME":"Dörpfeldstraße West","BEZ":"09","STAND":"01.01.2021","GROESSE_M2":947773.086}},
{"type":"Feature","geometry":{"type":"Polygon","coordinates":[[[394738.177,5810737.798],[394743.507,5810746.228],[394701.582,5810772.041],[394540.337,5810785.215],[394340.911,5810783.505],[394273.281,5810792.79],[394172.614,5810825.069],[394102.68,5810862.826],[393778.021,5811081.651],[393688.008,5811161.268],[393653.471,5811180.273],[393589.77,5811181.976],[393596.733,5810939.055],[393591.859,5810948.847],[393599.514,5810380.831],[393569.572,5810015.914],[393579.733,5809781.298],[393576.649,5809780.048],[393577.089,5809673.23],[393613.202,5809670.332],[393608.952,5809652.495],[393618.095,5809495.345],[393638.575,5809426.015],[393697.957,5809321.656],[393774.603,5809345.357],[393865.758,5809365.052],[393929.006,5809396.719],[394084.78,5809490.329],[394298.846,5809626.409],[394373.974,5809671.947],[394333.917,5809728.163],[394377.075,5809761.347],[394426.955,5809842.685],[394455.375,5809909.729],[394541.107,5810193.793],[394573.144,5810332.223],[394599.051,5810331.611],[394661.85,5810370.834],[394661.452,5810401.938],[394683.344,5810561.569],[394720.386,5810709.669],[394738.177,5810737.798]]]},"properties":{"PLR_ID":"08200730","PLR_NAME":"Handwerker-Siedlung","BEZ":"08","STAND":"01.01.2021","GROESSE_M2":1376447.005}},
{"type":"Feature","geometry":{"type":"Polygon","coordinates":[[[388914.260995,5824110.15549],[388781.624,5824002.427],[388719.352,5823957.545],[388250.329,5823576.192],[388298.483,5823527.948],[388737.115591,5823102.11659],[389090.763,5823449.995],[388973.485,5823569.788],[388914.260995,5824110.15549]]]},"properties":{"PLR_ID":"01401048","PLR_NAME":"Leopoldplatz","BEZ":"01","STAND":"01.01.2021","GROESSE_M2":408306.36}},
{"type":"Feature","geometry":{"type":"Polygon","coordinates":[[[388983.855,5828109.929],[388950.397,5828066.32],[388846.955,5828049.031],[388613.716,5828031.384],[388509.146,5828036.235],[388346.814,5828027.108],[388240.73,5828008.483],[388060.566,5827954.574],[388165.093,5827853.929],[388218.44,5827857.049],[388208.917,5827820.589],[388370.968,5827669.815],[388362.079,5827664.054],[388443.155,5827591.726],[388741.186,5827305.123],[388808.077,5827279.671],[388834.352,5827234.904],[389115.348,5826967.954],[389143.125,5826947.191],[389157.569,5826966.65],[389270.006,5827231.008],[389308.738,5827216.903],[389395.082,5827158.292],[389416.06,5827199.23],[389483.992,5827164.439],[389483.028,5827155.818],[389662.494,5827215.557],[389685.997,5827164.16],[389857.761,5827246.828],[389864.534,5827241.717],[389855.598,5827172.514],[389873.508,5827059.797],[389916.851,5826954.686],[389931.673341,5826899.928472],[389966.552,5826903.004],[390018.127,5826869.449],[390103.015,5826845.743],[390121.985,5826854.08],[390585.356,5827103.952],[390615.299,5827112.698],[390586.387,5827184.649],[390576.613,5827179.984],[390537.269,5827224.919],[390521.578,5827287.963],[390512.271,5827550.326],[390486.214,5827606.281],[390516.235,5827668.369],[390776.373,5827940.016],[390826.693,5828042.588],[390577.345,5828038.568],[390525.449,5828034.056],[389690.553,5828010.804],[389680.074,5828027.188],[389749.544,5828162.243],[389790.728,5828274.47],[389803.711187,5828324.197145],[389663.204,5828290.48],[389325.202,5828222.43],[388983.855,5828109.929]]]},"properties":{"PLR_ID":"03400619","PLR_NAME":"Wilhelmsruh","BEZ":"03","STAND":"01.01.2021","GROESSE_M2":2169591.462}},
{"type":"Feature","geometry":{"type":"Polygon","coordinates":[[[387315.456,5828670.062],[387285.298,5828691.304],[387164.914,5828804.069],[387169.595,5828807.85],[387090.641,5828888.177],[387063.449,5828883.276],[387041.464,5828912.882],[386880.562,5829073.345],[386763.645,5829184.954],[386625.433,5829390.152],[386583.51,5829442.867],[386469.287,5829613.99],[386412.1,5829705.813],[386391.06,5829663.746],[386322.893,5829641.096],[386241.544,5829587.32],[386191.035,5829577.743],[386120.801,5829552.612],[386091.95,5829530.423],[386069.922,5829473.207],[386052.551,5829457.869],[385958.975,5829447.023],[385930.824,5829396.507],[385775.222,5829316.654],[385727.853,5829284.955],[385716.875,5829238.808],[385764.927,5829188.656],[385806.811,5829164.085],[385844.603,5829099.99],[385875.921,5828974.522],[385821.653,5828900.527],[385742.176,5828886.635],[385608.669,5828905.975],[385560.882,5828893.02],[385526.561,5828917.719],[385498.641,5828922.176],[385435.355,5828874.703],[385368.91,5828793.354],[385295.962,5828716.948],[385222.506,5828678.843],[385078.453,5828566.884],[384973.983,5828529.786],[384917.687,5828498.33],[384995.189,5828461.51],[385097.277,5828397.059],[385146.816,5828356.726],[385278.496,5828228.179],[385228.819,5828220.784],[385236.802,5828164.488],[385137.399,5828036.349],[385036.98,5828021.532],[385052.245,5827917.907],[385279.068,5827589.267],[385308.997,5827575.971],[385765.95,5827893.18],[385855.014,5827854.874],[385982.945,5827810.221],[386127.072,5827748.211],[386158.574,5827741.317],[386166.649,5827756.141],[386456.95,5827736.431],[386530.335,5827868.302],[386547.613,5827929.719],[386552.269,5828034.523],[386636.357,5828203.282],[386628.785,5828229.401],[386709.007336,5828355.418402],[386730.571,5828351.894],[386906.62,5828484.907],[386993.786,5828536.878],[386988.914,5828546.165],[387096.285,5828605.411],[387161.981,5828606.519],[387367.428,5828619.763],[387315.456,5828670.062]]]},"properties":{"PLR_ID":"12500927","PLR_NAME":"Wittenau Nord","BEZ":"12","STAND":"01.01.2021","GROESSE_M2":2494674.422}},
{"type":"Feature","geometry":{"type":"Polygon","coordinates":[[[390551.409038,5829537.754934],[390656.06,5829482.97],[390864.135,5829421.205],[391036.204,5829376.787],[391155.974,5829352.637],[391634.056,5829266.267],[391818.581,5829230.493],[392071.827,5829189.861],[392196.025,5829167.386],[392435.437,5829100.801],[392550.14,5829066.829],[392563.205,5829070.83],[392645.842,5829041.619],[392689.985,5829018.87],[392774.235,5828958.84],[392744.045,5829119.531],[392717.254,5829231.525],[392717.243,5829282.448],[392667.413,5829517.437],[392619.04,5829772.697],[392614.235,5829872.19],[392586.179,5829994.574],[392516.241,5830053.068],[392345.903,5830237.277],[392178.864,5830479.052],[392171.535,5830486.56],[392250.066,5830516.016],[392407.756,5830583.192],[392404.611,5830589.843],[392482.502,5830622.789],[392537.007,5830652.563],[392633.147,5830754.344],[392748.305,5830860.781],[392835.217,5830952.007],[392891.703,5831022.735],[393044.524,5831234.085],[393108.976,5831313.79],[393169.561,5831406.604],[393228.695,5831470.636],[393318.03,5831592.053],[393412.815,5831509.599],[393641.868809,5831547.561736],[393695.877,5831502.011],[393737.794,5831583.932],[393697.972,5831650.01],[393684.693,5831691.429],[393626.108,5831834.193],[393605.71,5831835.811],[393557.657,5832086.845],[393551.453,5832141.5],[393542.622,5832338.949],[393556.627,5832339.282],[393554.867,5832392.272],[393538.873,5832412.444],[393538.35,5832668.402],[393535.759,5832905.02],[393529.373,5833042.67],[393374.846,5832897.847],[393372.928,5832885.649],[393136.481,5833106.801],[392854.513,5833338.663],[392757.854,5833473.681],[392703.877,5833542.984],[392738.552,5833602.276],[392739.022,5833669.601],[392717.841,5833684.162],[392664.33,5833680.229],[392576.35,5833795.251],[392276.188,5833713.26],[392191.484,5833844.259],[392011.493,5833961.339],[391968.179,5833998.419],[391614.492,5834332.051],[391617.07,5834351.396],[391556.462,5834323.358],[391539.164,5834286.908],[391510.148,5834257.508],[391429.718,5834261.031],[391386.363,5834274.876],[391340.594,5834179.876],[391327.46,5834128.431],[391301.191,5834121.101],[391297.009,5834081.378],[391271.66,5834055.648],[391287.963,5834038.442],[391243.174,5834004.532],[391235.616,5833972.141],[391200.684,5833966.8],[391228.156,5833927.74],[391207.095,5833936.557],[391198.237,5833895.745],[391214.654,5833884.46],[391188.981,5833864.621],[391223.346,5833850.047],[391209.976,5833797.738],[391156.284,5833833.984],[391155.629,5833792.733],[391111.467,5833731.578],[391117.882,5833707.461],[391075.368,5833712.111],[391103.474,5833690.193],[391087.221,5833673.838],[391066.482,5833616.009],[391075.087,5833590.885],[391040.204,5833610.943],[391041.379,5833578.182],[391065.946,5833573.205],[391056.091,5833552.216],[391085.524,5833538.419],[391069.768,5833497.668],[391100.55,5833431.074],[391031.799,5833372.29],[391053.022,5833343.912],[391020.659,5833310.194],[391044.441,5833313.65],[391011.435,5833247.74],[390992.273,5833236.83],[391009.019,5833214.997],[390982.567,5833202.553],[391000.606,5833184.165],[390962.527,5833176.977],[390922.273,5833128.144],[390891.44,5833137.837],[390845.707,5833109.489],[390831.931,5833115.187],[390808.96,5833088.305],[390718.795,5833058.067],[390722.889,5833036.71],[390696.165,5833054.294],[390680.062,5833031.839],[390653.752,5833027.81],[390593.623,5833074.9],[390578.331,5833048.062],[390522.282,5833060.906],[390496.647,5833053.063],[390512.714,5833010.828],[390503.709,5833003.428],[390554.476,5832979.428],[390564.423,5832920.309],[390477.323,5832883.242],[390374.46,5832831.874],[390375.697,5832820.046],[390327.069,5832775.943],[390281.441,5832830.438],[390249.443,5832790.749],[390209.697,5832724.919],[390204.368,5832689.522],[390181.414,5832703.069],[390148.209,5832673.578],[390174.613,5832646.004],[390131.398,5832618.098],[390151.481,5832591.027],[390123.092,5832585.374],[390115.907,5832548.267],[390079.193,5832529.48],[390113.894,5832502.167],[390100.742,5832477.322],[390141.554,5832352.122],[390155.946,5832328.8],[390141.864,5832297.528],[390154.797,5832275.253],[390142.624,5832255.32],[390115.353,5832266.76],[390130.389,5832226.5],[390093.242,5832231.83],[390108.726,5832169.51],[390064.814,5832178.34],[390047.69,5832204.2],[390031.87,5832196.61],[390018.164,5832155.11],[389985,5832104.26],[389959.223,5832121.71],[389955.659,5832094.86],[389915.655,5832109.46],[389876.199,5832070.93],[389858.044,5832086.12],[389831.449,5832052.51],[389783.232,5832068.05],[389774.417,5832041.52],[389723.829,5832062.68],[389688.859,5832005.89],[389664.182,5831991.51],[389637.985,5831916.99],[389612.602,5831919.72],[389613.952,5831897.04],[389570.534,5831870.16],[389532.435,5831870.82],[389513.634,5831886.6],[389512.551,5831918.97],[389482.253,5831891.317],[389461.833,5831896.432],[389461.54,5831846.748],[389474.019,5831852.471],[389524.627,5831703.518],[389629.116,5831499.184],[389727.788,5831286.561],[389760.448,5831211.124],[389817.775,5831063.144],[389861.519,5830940.74],[389935.408,5830758.837],[389995.405,5830597.207],[390026.047,5830486.682],[390059.167,5830251.1],[390059.358,5830050.112],[390045.767,5829874.145],[390015.32,5829794.881],[390036.602,5829762.691],[390143.632,5829740.477],[390237.385,5829702.517],[390551.409038,5829537.754934]]]},"properties":{"PLR_ID":"03200204","PLR_NAME":"Blankenfelde","BEZ":"03","STAND":"01.01.2021","GROESSE_M2":13067860.48}},
{"type":"Feature","geometry":{"type":"Polygon","coordinates":[[[405903.284966,5818110.885099],[405916.58,5818026.622],[405973.565,5817811.279],[405871.681533,5817645.125351],[405859.926,5817602.946],[405884.291018,5817424.926242],[405878.449,5817407.286],[405191.786,5815945.152],[405024.825,5815593.196],[404991.981,5815230.192],[404970.195,5815044.481],[404942.051263,5814845.099386],[404905.388042,5814716.45756],[404906.604,5814715.455],[405115.745,5814542.937],[405240.838,5814553.421],[405476.48,5814543.033],[405457.588,5814347.119],[405670.897,5814274.75],[405683.82,5814291.273],[405674.88,5814294.002],[405810.136,5814466.336],[406031.575,5814752.19],[405962.313,5814805.789],[405833.863,5814843.68],[405935.998,5815414.032],[406968.626,5816760.075],[406814.925,5816794.366],[406706.864,5816828.204],[406583.326,5816896.593],[406615.204,5816990.246],[406708.308,5817212.146],[406749.696,5817329.058],[406781.031,5817434.987],[406813.855,5817579.688],[406846.243,5817749.832],[406884.514,5817934.126],[406757.79,5817956.079],[406724.67,5817966.856],[406392.411,5818037.394],[406361.022,5818041.261],[406126.905,5818090.106],[406031.872674,5818096.575692],[405903.284966,5818110.885099]]]},"properties":{"PLR_ID":"10400941","PLR_NAME":"Pilgramer Straße","BEZ":"10","STAND":"01.01.2021","GROESSE_M2":3690997.15}},
{"type":"Feature","geometry":{"type":"Polygon","coordinates":[[[392965.026,5816302.634],[392774.265,5816396.923],[391898.686,5816604.497],[391887.14,5816592.598],[391899.116,5816561.953],[391938.158,5816412.363],[391844.267,5816276.24],[391825.086,5816240.878],[391812.286,5816190.835],[391782.526,5815929.353],[392545.729,5815640.934],[392585.369,5815629.541],[392654.132,5815624.825],[392691.375,5815636.735],[393029.486,5815690.851],[393018.296,5815803.423],[393020.461,5815982.948],[393016.614,5816030.436],[392977.157,5816218.659],[392982.239,5816293.897],[392965.026,5816302.634]]]},"properties":{"PLR_ID":"08100101","PLR_NAME":"Hasenheide","BEZ":"08","STAND":"01.01.2021","GROESSE_M2":866353.168}},
{"type":"Feature","geometry":{"type":"Polygon","coordinates":[[[396226.657,5822252.357],[396050.421,5822037.65],[396073.202,5822032.112],[395983.277,5821834.524],[396078.382,5821773.104],[396138.643,5821614.843],[396045.877,5821548.187],[396016.103,5821544.273],[395968.051,5821514.527],[395848.986,5821452.902],[395843.06,5821429.418],[395770.647,5821391.381],[395760.55,5821365.533],[395625.33,5821110.205],[395657.848,5821093.301],[395708.257,5821111.022],[395728.79,5821128.372],[395818.985,5821162.856],[396597.893,5821427.817],[396546.546,5821558.333],[396437.055,5821775.125],[396321.343,5821985.002],[396326.583,5821984.356],[396228.052,5822232.493],[396226.657,5822252.357]]]},"properties":{"PLR_ID":"11300616","PLR_NAME":"Hohenschönhausener Straße","BEZ":"11","STAND":"01.01.2021","GROESSE_M2":416963.688}}
]}