{"type":"FeatureCollection", "features": [
{"type":"Feature","geometry":{"type":"Polygon","coordinates":[[[13.337103397287333,52.59591758369802],[13.33945725124042,52.596008419200594],[13.339240893949098,52.59791082735227],[13.340410524269199,52.59794719452282],[13.344663439001751,52.598234899664526],[13.347486235764446,52.59668019677203],[13.347793904786185,52.59640300806459],[13.353785477395888,52.596715231783236],[13.353775053718485,52.59677743955955],[13.35624640654495,52.59690863111911],[13.356327047128733,52.59685005916022],[13.359135679637818,52.59699469166954],[13.360730380835118,52.597121937281635],[13.361844406328489,52.59710466260864],[13.367028854175196,52.59737783066444],[13.367255946040043,52.59753984199498],[13.368169877539161,52.59743793057704],[13.37015024955549,52.599078665205106],[13.371023941429916,52.60004605173412],[13.3716611402561,52.6010269479811],[13.374265730234244,52.60476664972657],[13.375443137214972,52.60652734453938],[13.372821245490767,52.60655796302921],[13.372596796527532,52.606445962175776],[13.371602782288749,52.60659983630781],[13.367222473942086,52.60669338762673],[13.367228572762638,52.606760895109105],[13.359063448053973,52.60705365005358],[13.359059408379135,52.60701356617318],[13.352260468913215,52.60726094754485],[13.351487147590833,52.60723417237391],[13.34849595553016,52.60662419326576],[13.349158845235234,52.60545712425753],[13.349331111313768,52.60494318990531],[13.349176404074303,52.60393551485951],[13.348709304040414,52.60330226610825],[13.347533941172108,52.6025445258462],[13.345107342191719,52.60173270104787],[13.34249354151852,52.600804451365065],[13.341003917356295,52.60005409598082],[13.339788128030444,52.599354350265365],[13.339149091978399,52.598892241388164],[13.339055242255808,52.59902409119639],[13.338252423447745,52.59860677501788],[13.336273532190285,52.59697668731304],[13.336610416888236,52.59654566056622],[13.336319313430861,52.59635881021793],[13.337103397287333,52.59591758369802]]]},"properties":{"BZR_ID":"126011","BZR_NAME":"MV Nord","BEZ":"12","STAND":"01.01.2021","GROESSE_m2":2046186.803}},
{"type":"Feature","geometry":{"type":"Polygon","coordinates":[[[13.371550278533086,52.42919313554857],[13.371154300838107,52.42879722757828],[13.368479431516233,52.427585163593896],[13.367918362366154,52.42761131643231],[13.364162260710092,52.422308437094046],[13.363618868122298,52.42165965191985],[13.363204206952611,52.42141132754729],[13.360291472750013,52.420574697910176],[13.359184493748213,52.4200667886274],[13.358954341073506,52.419867656482744],[13.35521704010532,52.418507992207154],[13.352398657062112,52.41760820886206],[13.350814224678299,52.41697482580414],[13.348322830076938,52.416225244928675],[13.345974006978267,52.41544225221645],[13.34583331979316,52.41519495658614],[13.348744884543773,52.41472737741568],[13.352587400022545,52.413954746127786],[13.353948523188189,52.41363463752176],[13.35539862918998,52.413396322124285],[13.358671839758133,52.41312604240005],[13.361474879512782,52.41263940779395],[13.362468808953007,52.4123879384789],[13.363947299434711,52.411833608206514],[13.367500155393518,52.41042856039891],[13.368783908282882,52.40996685298637],[13.370335460271193,52.40956553882878],[13.371755496790978,52.40933195903879],[13.37294349387967,52.409223554688005],[13.37491218070538,52.40921402417624],[13.376519126603728,52.4093842633602],[13.378499212211711,52.40987380796746],[13.380373825909551,52.41067617201127],[13.381724262785516,52.4110894009744],[13.38285078800622,52.409206685416585],[13.383543548355895,52.40820960004235],[13.385190100898827,52.405545629030165],[13.386612900621397,52.40278664557758],[13.386769383221367,52.40270410183733],[13.38768558328987,52.400920744721844],[13.388819971055197,52.39914474258134],[13.389089670915387,52.39860680364369],[13.3894751920948,52.398132985490875],[13.389832227662172,52.39822899081929],[13.389524991165706,52.39869688509434],[13.389751371827085,52.39874364895892],[13.389760682511135,52.398814932570446],[13.386055161207606,52.405108753666795],[13.386789886734755,52.40526320085706],[13.38665532904053,52.406148296756406],[13.387313217225843,52.405899621331116],[13.392696236516194,52.412945274375765],[13.392553579868872,52.41324128591546],[13.393043598907738,52.4134006013118],[13.396215817316133,52.417557030470256],[13.396317000852065,52.417578183823245],[13.393785089295779,52.41864469438677],[13.393818500648583,52.41886641325067],[13.39249155994546,52.419211451471696],[13.391439947302619,52.419648704136534],[13.39031676232294,52.42023793165674],[13.38896889279508,52.420685595147006],[13.38641068954476,52.42139298492432],[13.385472989535288,52.42175881670054],[13.383259724046578,52.422953655091575],[13.382535987304355,52.42323300308922],[13.386573688888268,52.42450500328573],[13.388353490494401,52.424908214237234],[13.38775930163735,52.42735552364632],[13.38765815714074,52.427435568734396],[13.386071595957157,52.42722215627406],[13.38349711389022,52.4269483654268],[13.381430401910164,52.42728774912024],[13.381480735167816,52.427437476672075],[13.378369995175648,52.42794976089133],[13.37823886809606,52.427813507479435],[13.375018005334551,52.428343946878705],[13.375207784773165,52.42871570794985],[13.371550278533086,52.42919313554857]]]},"properties":{"BZR_ID":"076012","BZR_NAME":"Marienfelde Nord","BEZ":"07","STAND":"01.01.2021","GROESSE_m2":4367867.546}},
{"type":"Feature","geometry":{"type":"Polygon","coordinates":[[[13.468018014509747,52.420032806838215],[13.468781123251386,52.41827468520752],[13.471010661716079,52.41406208058174],[13.471905194911443,52.412566435162745],[13.473124105705562,52.41066113785566],[13.474168092954844,52.408650010170504],[13.475729994035873,52.406373885246516],[13.47703422046893,52.4039923705013],[13.47760988762133,52.40342936070032],[13.477608011007609,52.402717866869274],[13.478952001151729,52.39998049647988],[13.479177295097013,52.398555852075766],[13.479762012406411,52.395946039691985],[13.483549135057542,52.39693760961475],[13.486747109415287,52.39745087424179],[13.490559325099465,52.39775810625199],[13.49291132018329,52.39821678066071],[13.49502932272131,52.39856854526956],[13.497543538428546,52.39881119327911],[13.500709260407115,52.39932882927942],[13.505745472142248,52.399906095496554],[13.511690129960343,52.40080692182379],[13.513880780725193,52.40122169599908],[13.516003202949134,52.401787702357645],[13.515984868976332,52.40218553562645],[13.5169795653334,52.40283862717264],[13.51665170510196,52.40333394238975],[13.518769847718767,52.404664124322665],[13.519330755634686,52.404940165501635],[13.519053344147226,52.40512342650027],[13.520706654444155,52.40629328096058],[13.520595298433884,52.40640470767989],[13.521788784753188,52.40744220500155],[13.52224267178961,52.40832221913255],[13.523207283354251,52.41081319003736],[13.522933848556045,52.4110404941747],[13.52348038497995,52.41166986490097],[13.523013583205547,52.41213531943917],[13.523445999085709,52.41242156695023],[13.523226628945924,52.41265431230604],[13.524063305474241,52.413592353754595],[13.522626736686599,52.41415348028379],[13.522260860861312,52.41443013051054],[13.522960832472966,52.415450375323154],[13.522498771789245,52.41625472500258],[13.522130938618849,52.41735059087949],[13.52212323622156,52.418431860979915],[13.52084538146105,52.41954336129735],[13.520503618012176,52.420836236904414],[13.519912952157524,52.4213472243032],[13.519482827613563,52.42142349564324],[13.518651032900229,52.42225508182327],[13.518437754100898,52.422909657135904],[13.519606468708893,52.424630497737574],[13.52046033041446,52.4262420377876],[13.520506764028323,52.42655913153386],[13.51994919654649,52.426726498869776],[13.517118873894013,52.426896003468144],[13.514405728280241,52.42716377368175],[13.511396930489962,52.42771257010009],[13.5097568603094,52.42815597483259],[13.507146528206668,52.429072970005635],[13.505759622670274,52.4296968560394],[13.498536002961032,52.43320544567484],[13.497973972896592,52.43333685086279],[13.497087603481116,52.43390932474392],[13.495076972142828,52.43488610386176],[13.494441485759102,52.43508059193477],[13.489383432418448,52.43754309610089],[13.488975162279921,52.43785157851786],[13.484809931215288,52.43987377150353],[13.484203329554386,52.440056554032566],[13.478685459269172,52.44273740556575],[13.478250848588534,52.44240497802604],[13.478045947175966,52.44250070346309],[13.47666325484913,52.441211980367825],[13.474775318857803,52.43925129298084],[13.473619769965936,52.43820168562966],[13.470490042672738,52.43536994362385],[13.469613426778515,52.43474717797538],[13.46895581186231,52.43460072274477],[13.469389522528386,52.43436062887997],[13.472261367266421,52.43318931147448],[13.47195462849888,52.432903143605905],[13.472104868489504,52.43283197843462],[13.471561293056151,52.43237260090103],[13.471929281628947,52.432341887424684],[13.472244875247668,52.4320261428352],[13.472994249844142,52.43240969188917],[13.474745265234656,52.43158123065992],[13.473943835457888,52.43110561713191],[13.474461320312248,52.43077800565628],[13.47479998047391,52.430979819675095],[13.476583108454452,52.429747694156916],[13.473613468572227,52.428606003285104],[13.474014568531478,52.42821147178745],[13.473782018240836,52.42812354894928],[13.473966852976647,52.42742884442117],[13.47386449118541,52.42599452745597],[13.473787770378635,52.42595165644443],[13.481936986603797,52.42573087124781],[13.482723421280998,52.42588046366571],[13.485080113841752,52.424173602200284],[13.485082677991052,52.4240623520679],[13.48078446417304,52.42075757368653],[13.479966692525698,52.42006863694625],[13.478694434920888,52.419699766015995],[13.477077485272584,52.41960139007957],[13.47365016077318,52.41975356481643],[13.47364059092494,52.41967894974708],[13.47100612352762,52.4198146231663],[13.47101882005571,52.41988077329728],[13.468018014509747,52.420032806838215]]]},"properties":{"BZR_ID":"084012","BZR_NAME":"Rudow","BEZ":"08","STAND":"01.01.2021","GROESSE_m2":12044488.93}},
{"type":"Feature","geometry":{"type":"Polygon","coordinates":[[[13.366657266179196,52.55822761155302],[13.369935781381239,52.559929099488755],[13.370831230223235,52.56054113863153],[13.377147656314742,52.56066171723081],[13.37858502830262,52.56619297098784],[13.378676471244965,52.56613878472368],[13.381159985472932,52.566422462130056],[13.384297765900957,52.56771344447203],[13.38454771956391,52.56773561086279],[13.387902138796726,52.56731009146638],[13.388400559754347,52.567668597287096],[13.389281658499959,52.56824251814343],[13.38777478453582,52.56914693883176],[13.388263885482479,52.56947885753806],[13.383082230848798,52.57233288719928],[13.382238951334338,52.57202119282859],[13.37968470122825,52.57252424824317],[13.37891684027884,52.5734545836489],[13.378589283607772,52.573413450633524],[13.378483102238231,52.57371627041793],[13.378156972480127,52.573614439410484],[13.376445300249173,52.5747445623037],[13.376249069663764,52.574944951280244],[13.37472257420364,52.57490427900606],[13.3719251759,52.57645222818681],[13.371776061540313,52.576297977520674],[13.364892118977746,52.57657142143394],[13.363630897067853,52.57664581248702],[13.361060671656775,52.576916323811545],[13.360683214508532,52.576826717113704],[13.359124033519729,52.5745123939963],[13.358763936072945,52.57439960893735],[13.358901064814217,52.573148104810556],[13.35927557468001,52.572927170979916],[13.361545723086712,52.56859720920876],[13.361963565536987,52.56880181048615],[13.364406130394855,52.56415347775015],[13.364764544361144,52.56302057614928],[13.364182742517299,52.56298878347635],[13.364524295028279,52.56117595288045],[13.365103996263874,52.55811780458374],[13.366657266179196,52.55822761155302]]]},"properties":{"BZR_ID":"121001","BZR_NAME":"Ost 1 - Reginhardstraße","BEZ":"12","STAND":"01.01.2021","GROESSE_m2":2311028.59}},
{"type":"Feature","geometry":{"type":"Polygon","coordinates":[[[13.376249069663764,52.574944951280244],[13.375144203462344,52.57563153282251],[13.374273298647955,52.57604798109615],[13.371181358391906,52.57728937412225],[13.368131811919763,52.57894787052173],[13.36816842862553,52.57900074792077],[13.365716055947587,52.58034761040051],[13.364011492600453,52.58146800635427],[13.363867895779805,52.581252296442294],[13.36345116753638,52.58143321761126],[13.359216193344535,52.58377475906891],[13.358813522569314,52.58417167949558],[13.357818105786908,52.58438671718591],[13.35332458921808,52.58690116471606],[13.352103990627597,52.587534486411734],[13.35223320064103,52.5875880819472],[13.349791323294287,52.58890968829384],[13.349919524566577,52.589239287910466],[13.34913344410412,52.589200278648235],[13.347557123530562,52.59008319286124],[13.347475314206049,52.590131259049116],[13.34550306493597,52.58960176584311],[13.340323826960963,52.588355178618315],[13.339953589026075,52.588291016173216],[13.34563263837974,52.5808862320103],[13.340609199606376,52.57944940002662],[13.339664656469406,52.57926343059512],[13.339728927752013,52.579135085472544],[13.337424626645022,52.57860771952946],[13.336524551374687,52.578461199649574],[13.333248223739947,52.57837350089966],[13.333095555641238,52.57823850853514],[13.333041514720415,52.57768165024371],[13.332391067527196,52.575610379678714],[13.328403432541615,52.56436461577239],[13.328665894527312,52.56389205464954],[13.332239023682934,52.561867620580415],[13.337101881651252,52.564456367769544],[13.34871276944366,52.56207064343482],[13.349088933719683,52.56192863444509],[13.356897039911278,52.56201696112697],[13.359714673637912,52.56185484463377],[13.359805355478763,52.56180562535101],[13.360097589105003,52.56047160700525],[13.364524295028279,52.56117595288045],[13.364182742517299,52.56298878347635],[13.364764544361144,52.56302057614928],[13.364406130394855,52.56415347775015],[13.361963565536987,52.56880181048615],[13.361545723086712,52.56859720920876],[13.35927557468001,52.572927170979916],[13.358901064814217,52.573148104810556],[13.358763936072945,52.57439960893735],[13.359124033519729,52.5745123939963],[13.360683214508532,52.576826717113704],[13.361060671656775,52.576916323811545],[13.363630897067853,52.57664581248702],[13.364892118977746,52.57657142143394],[13.371776061540313,52.576297977520674],[13.3719251759,52.57645222818681],[13.37472257420364,52.57490427900606],[13.376249069663764,52.574944951280244]]]},"properties":{"BZR_ID":"121002","BZR_NAME":"Ost 2 - Alt-Reinickendorf","BEZ":"12","STAND":"01.01.2021","GROESSE_m2":5249868.962}},
{"type":"Feature","geometry":{"type":"Polygon","coordinates":[[[13.377649122143136,52.507967505925606],[13.378938130449066,52.50693044462584],[13.392124476892931,52.50769783059449],[13.398771967976916,52.50811351238496],[13.399231518172648,52.508077104036744],[13.400189671403059,52.50937587857958],[13.402753419102536,52.50853567468288],[13.403820165534084,52.508092937079674],[13.405927580466782,52.510071378807766],[13.405944017350224,52.51151019031387],[13.40473788558353,52.511369147599886],[13.403296269184612,52.511402192044905],[13.402344236916095,52.51135127255222],[13.403081301176579,52.51193336677556],[13.405841127501393,52.51381054575234],[13.406928810726901,52.514693921139525],[13.406308364193006,52.51486967619194],[13.405588483164872,52.5152569427696],[13.405076958642171,52.51579749719398],[13.403923291092111,52.51675739131549],[13.403682225493222,52.51713892119836],[13.402259468275025,52.5185085871059],[13.40127653188627,52.51955593330263],[13.400483900202296,52.52010367484753],[13.399751210708741,52.52046766212187],[13.398668386936263,52.52129476645083],[13.395620513612192,52.52197840465079],[13.39385576056201,52.522186065503945],[13.39337119369416,52.521922693334396],[13.392470185504553,52.52212920948174],[13.390869578398432,52.52217820533008],[13.389236365557089,52.522109060473504],[13.388336795361434,52.521979280481254],[13.387697700739173,52.52168851517303],[13.385116630942383,52.520162893934156],[13.38226753708708,52.51929990770871],[13.381278875249375,52.51908825035544],[13.38010772298319,52.518964357129335],[13.379120713797505,52.51899736991863],[13.377987595339302,52.51920240338581],[13.376862123487458,52.51963690285481],[13.376843704998388,52.5179808586489],[13.37675390091672,52.51762704077776],[13.377084339038547,52.516831689232816],[13.376443464094647,52.51636855015019],[13.376500108427042,52.51601621084499],[13.376826082970062,52.515747587289255],[13.377372153023666,52.5156296106144],[13.3766965141954,52.5127690800553],[13.376825117247423,52.51219465829934],[13.37633070013343,52.509996465169586],[13.376508266070548,52.509071709396395],[13.376766289343086,52.50868565734186],[13.377649122143136,52.507967505925606]]]},"properties":{"BZR_ID":"011002","BZR_NAME":"Regierungsviertel","BEZ":"01","STAND":"01.01.2021","GROESSE_m2":2695388.947}},
{"type":"Feature","geometry":{"type":"Polygon","coordinates":[[[13.26901389600513,52.40423569064159],[13.26878533579262,52.405226601448895],[13.268295160059813,52.406621833942026],[13.267764802844587,52.40715738486103],[13.267486128082393,52.40882265836968],[13.271037672477508,52.409125250964756],[13.272509068270113,52.4094070286173],[13.273643068418773,52.40974149528515],[13.272199611292592,52.413178638736106],[13.272763840062119,52.41477269202941],[13.272845911330696,52.41469052327468],[13.276475373756583,52.42527652786325],[13.276620647160703,52.42564371236012],[13.279755624567601,52.4323180194954],[13.280200401392133,52.43314061550462],[13.280953959675491,52.43552420649091],[13.280932027061324,52.43571501622966],[13.281487092264738,52.43739130896415],[13.281940067473139,52.43853051996768],[13.282308735088321,52.438735411891194],[13.281939667126789,52.438881903980146],[13.282428555097866,52.440342579645176],[13.282618459623672,52.44059934289571],[13.283115384966447,52.442184688515376],[13.269399356852123,52.43790277906139],[13.269095205975198,52.43757523200364],[13.265678709821175,52.43594954959868],[13.264705528651195,52.43561622110399],[13.262958270632886,52.435185880622164],[13.262031970628547,52.43507563766697],[13.260091101106857,52.43528423798458],[13.256460856633792,52.43595187409019],[13.254895996543667,52.43576579143852],[13.249302871333645,52.43494277207883],[13.242068517411722,52.43385642746888],[13.240730632084786,52.433625247368084],[13.229483179944026,52.431039181379575],[13.22953108360536,52.43066648608151],[13.229688674359451,52.42969119340312],[13.229503553619258,52.427761537316755],[13.23693178588423,52.42536928418393],[13.238892834013782,52.425185481388034],[13.239138339194179,52.42503495406457],[13.22526086557451,52.420917300793704],[13.226475084184528,52.42082768077308],[13.229244516314306,52.420521958466395],[13.23314145622258,52.42034329979718],[13.235633462613345,52.42087144193976],[13.237621354753827,52.4207965881524],[13.241037330391459,52.42092538538025],[13.245951970888203,52.42117509182576],[13.24714584269479,52.41889956447732],[13.247449338119072,52.4173085508602],[13.24798991597749,52.41579309839792],[13.24795092174179,52.415676918079164],[13.248506875854751,52.41394539397146],[13.249035761617531,52.41176357246923],[13.248971474324978,52.40883027255265],[13.248740256533122,52.40840842308365],[13.24914970765695,52.407904226698044],[13.249780626278834,52.40498194992872],[13.251173174287244,52.40549862710958],[13.253309247560074,52.406035340969666],[13.254504576099482,52.40621488938125],[13.257134457657353,52.406400634639574],[13.258969135842674,52.40633634776817],[13.260274013580018,52.4061372951224],[13.261366317837268,52.40585876453542],[13.26359868825281,52.404993385820866],[13.264627339583551,52.40471462749151],[13.26696538710197,52.40428249471429],[13.26901389600513,52.40423569064159]]]},"properties":{"BZR_ID":"063005","BZR_NAME":"Teltower Damm","BEZ":"06","STAND":"01.01.2021","GROESSE_m2":8063851.282}},
{"type":"Feature","geometry":{"type":"Polygon","coordinates":[[[13.30087793024496,52.60635918236208],[13.301952836573243,52.60611243862017],[13.302293751030158,52.60568712200976],[13.302206954403307,52.605367629950294],[13.303034329606541,52.605041038305345],[13.303240281334169,52.60468662154958],[13.30351864679342,52.6050930946356],[13.303768860252001,52.60487763857027],[13.304921328876421,52.60572397946892],[13.305459366966193,52.60597345818483],[13.304906642344632,52.606297389911795],[13.304976739550643,52.60654505398174],[13.30575449940585,52.60630364277884],[13.305880468736147,52.60676449239179],[13.306828485664678,52.60707269638096],[13.306741314799302,52.60741392835895],[13.307469908406913,52.60763341265979],[13.307797333308118,52.60791888238033],[13.3080827882128,52.6076656909242],[13.30851732597907,52.60789206219904],[13.309968648358218,52.60790638101613],[13.31040643956216,52.608089985312795],[13.31071519577127,52.60852722810684],[13.310649766291107,52.608787799457176],[13.311459361195318,52.609610913463094],[13.31266919157701,52.61022697863244],[13.312939495694268,52.610483603757096],[13.313738631766839,52.610808574642896],[13.315371916889779,52.61130725624013],[13.316287205311072,52.612474649799886],[13.317581848963503,52.61265416777221],[13.318365730726079,52.612428225263244],[13.319256217383405,52.612390102773986],[13.320849168877684,52.61302148154728],[13.321527757999242,52.61309781420918],[13.323465037121602,52.612848447539726],[13.3241225199616,52.61286678010284],[13.32479522645029,52.61305356443933],[13.325195208253144,52.61296909539702],[13.326359340223458,52.61309250944237],[13.326893855062506,52.613249294810466],[13.328801360743556,52.614089546530245],[13.32916719958782,52.613858097309205],[13.329700515651163,52.61415608586914],[13.330254553672757,52.614268339155885],[13.331029130532762,52.614897400873865],[13.331083024702513,52.61575405262961],[13.331382972291166,52.61605233718935],[13.331117483130114,52.61622084891203],[13.331162543324028,52.61726999239095],[13.331447057655764,52.61751762778596],[13.330887815469772,52.61763231365018],[13.3302851159721,52.61795619634216],[13.32987528630156,52.61847681006766],[13.329938309268481,52.6191147299545],[13.330356061991615,52.61958927621847],[13.331855804989326,52.61991508686606],[13.332754187393093,52.62035001713754],[13.333554513539498,52.620898726652825],[13.334211318617841,52.62175909030122],[13.334826096353494,52.62210469978338],[13.335910709464537,52.62225752353913],[13.336683632826876,52.622648339971036],[13.332863765425078,52.624193757221136],[13.33255165313279,52.6240289822878],[13.329317024697175,52.62528567668395],[13.327443977037012,52.62566939427577],[13.325563659189612,52.62593460402707],[13.323837302800563,52.626382754084695],[13.322198613646071,52.6265189191234],[13.319593613530285,52.62665870915363],[13.31888567770494,52.626781379966474],[13.317346734625866,52.62719910767236],[13.314987168277192,52.62763286372498],[13.312986548710064,52.628184163522306],[13.312334656991975,52.628199359686064],[13.308506736533497,52.62795184598641],[13.307215841111665,52.62774869277082],[13.305356204769133,52.6275904458163],[13.302609186391484,52.627190095181284],[13.302542225201618,52.627553874843066],[13.303048875889163,52.62777214503404],[13.304826761706549,52.62817608902215],[13.306408076870369,52.628727543634994],[13.308872765241318,52.629152339210734],[13.30970012019066,52.62947465353797],[13.310273771549438,52.63000723051671],[13.309682868052978,52.630095156458815],[13.309774195062419,52.630607922871306],[13.310185368264003,52.630619912210115],[13.309821674606996,52.63157364244632],[13.309716362776571,52.63216046702194],[13.309336377577795,52.632801768104166],[13.308576678729489,52.633577654749644],[13.307798600741267,52.63458897354975],[13.30619165553289,52.63648239713213],[13.305784668067776,52.63735467561671],[13.307062329110114,52.63754792507801],[13.306811035328682,52.63868537401112],[13.306269843647202,52.639607254137225],[13.307302892992103,52.63968909279497],[13.30726919628444,52.64010819477653],[13.308232225591112,52.64023653318014],[13.308153379051472,52.64077180171198],[13.308943251261395,52.641457854778565],[13.308866588198645,52.64193706892192],[13.309179031468888,52.6419861870979],[13.309029518447321,52.642673384378135],[13.30940725007681,52.642725285966165],[13.309198524391482,52.64394627933799],[13.30842952121752,52.643814399326146],[13.305005764602956,52.64794605485039],[13.300429483709982,52.65350525539438],[13.31000066317064,52.65736739392981],[13.309674078035195,52.657363112775954],[13.308639264020371,52.65800088371717],[13.308835218639734,52.658218160735245],[13.307671420279625,52.658928671414145],[13.3071180735039,52.659618556789994],[13.304084385845332,52.659388916005184],[13.302524948214934,52.659204216575795],[13.300565790492135,52.65929355461496],[13.2955236287813,52.65930167711628],[13.293690886972652,52.65936223158303],[13.290189639812617,52.65985979530703],[13.288259882137108,52.65996911660014],[13.287747404907085,52.65983635014169],[13.285435071755717,52.66033351568446],[13.28331367778285,52.660582302013175],[13.282769128088995,52.66073865876336],[13.281909432646621,52.65275341061603],[13.285132466477235,52.65262776608087],[13.285033174978464,52.65109036576857],[13.28460367480907,52.64834337781758],[13.284240972163897,52.64844741144621],[13.284565836788591,52.64794895103881],[13.284468937706164,52.64659771588411],[13.284160097336791,52.64435552845767],[13.283850067860174,52.64166385113641],[13.283833199298497,52.64111841725339],[13.280773369291417,52.64084990328771],[13.276457070438564,52.64020583951096],[13.274243790391337,52.64027116975234],[13.271974163038301,52.639867023016365],[13.269598839660228,52.639712687546705],[13.266244448957371,52.64011464159771],[13.262152910672572,52.64068542954563],[13.262407024612239,52.63906381523877],[13.26265656524683,52.63865057751618],[13.263774846886802,52.637395465547044],[13.26468361847893,52.635977592770814],[13.265201875938454,52.63453434003818],[13.26423473464725,52.626862939924955],[13.264955932465776,52.62652447280064],[13.265797884237132,52.62630728783965],[13.267224935925181,52.62623503472547],[13.267784337997746,52.62602308854409],[13.270066138670867,52.62612765547178],[13.27136070843498,52.62613695362666],[13.272580599927588,52.626030062803736],[13.273890761598695,52.62544900018299],[13.274944549576503,52.62508381446893],[13.276141690816573,52.624807442798705],[13.27726079315776,52.624770273306844],[13.278212019219149,52.624835929392],[13.280103490531959,52.625091117839155],[13.281232643722799,52.62516591454254],[13.28211598036086,52.625428429276795],[13.283924976965325,52.625673117338735],[13.285879534388826,52.6257535856791],[13.28839630488051,52.626135894038526],[13.289111414765426,52.624725261656785],[13.289537645730269,52.62432230675435],[13.285444869654292,52.62218686198843],[13.293516058227961,52.61656255556108],[13.281348213775534,52.61018452576424],[13.285518982148915,52.60728508015094],[13.289637841107194,52.604348955379066],[13.289153787185088,52.60432978024265],[13.289001250381142,52.603842534489516],[13.288484599119089,52.603393750152016],[13.28905913679143,52.60314244397864],[13.288281931836647,52.60244234228521],[13.28843789480069,52.60226948621271],[13.289150677043999,52.601420022714834],[13.289274321279299,52.60113390544522],[13.288852509693022,52.600744368059374],[13.289548393288719,52.600933047594836],[13.289338306744998,52.60132866862514],[13.289883075812098,52.60140705420336],[13.291372312951259,52.601910716332924],[13.292112687656497,52.602477108472385],[13.292017834805824,52.60261153272176],[13.291114977218138,52.60266078839517],[13.29097350350901,52.602846714286436],[13.291631115339964,52.603035952804554],[13.291410688727492,52.603439825831025],[13.29219161586271,52.60354342004315],[13.292637449830265,52.60335968752929],[13.293160511122366,52.60357785280434],[13.293166038128899,52.603807906259526],[13.29273522843817,52.603875252078105],[13.292771466619818,52.60412628393338],[13.293419722406059,52.604362373792334],[13.29330350161252,52.604813147817254],[13.293717540402751,52.604846168385016],[13.293958248175374,52.60458582024866],[13.294180887578257,52.604759938854926],[13.294957000448006,52.604775710373616],[13.294822537551891,52.605107199285634],[13.295289748145318,52.604978924838974],[13.295308771428878,52.60561961483748],[13.29572515834369,52.60532956794185],[13.296829344399155,52.60561173325461],[13.297288197312032,52.605934925210654],[13.297989003171093,52.60620002215104],[13.29836309856163,52.60605275679189],[13.299296653849433,52.605997601600954],[13.299941260141841,52.606067564872816],[13.300322905853953,52.6065706356229],[13.30087793024496,52.60635918236208]]]},"properties":{"BZR_ID":"124007","BZR_NAME":"Nord 1 - Frohnau/Hermsdorf","BEZ":"12","STAND":"01.01.2021","GROESSE_m2":13898108.28}},
{"type":"Feature","geometry":{"type":"Polygon","coordinates":[[[13.485126185343768,52.53379168647303],[13.485122031409519,52.53386139412613],[13.495439433449047,52.53445062917305],[13.498346839638465,52.53451079638562],[13.504650244996748,52.53486641345402],[13.505649194810653,52.534953628648964],[13.505637570216976,52.534776216653306],[13.516878717794008,52.535544196954305],[13.519250993094946,52.535708315459715],[13.519163762052516,52.53582451954257],[13.521789432233723,52.536039499003856],[13.523712269317965,52.53644338338758],[13.52625011650687,52.53729198004313],[13.52769308380805,52.537869407185795],[13.52760065654997,52.53795503758651],[13.526239952129359,52.537723156256746],[13.524676176222638,52.53784890379479],[13.523151001402274,52.53836017503275],[13.52091009409324,52.539558245965075],[13.520154812133821,52.539792988983386],[13.51382289914828,52.54210339908948],[13.512449212511157,52.54249455467796],[13.510693019152745,52.54275554650332],[13.507277983623784,52.543068092188605],[13.507058238014585,52.54284042176403],[13.50517606836197,52.543024437038014],[13.5051656358837,52.543175667433744],[13.50082763536705,52.54357345795037],[13.500894317466614,52.54374350961913],[13.499393170483852,52.544276001665786],[13.49856196563135,52.544851579000095],[13.496946878118106,52.54654391463082],[13.495772681052673,52.54738484430262],[13.49485946689917,52.54814585242071],[13.494382795528168,52.548735160119755],[13.494172968431771,52.54920806586478],[13.494110902527849,52.54989310390657],[13.494429764964021,52.550784654020376],[13.490350365694715,52.551694833099326],[13.486119860730208,52.55239749714753],[13.4856771233006,52.5521956878603],[13.482281567134441,52.549681832023666],[13.4816077370812,52.54947841945258],[13.480081860368053,52.549470065465364],[13.479747385685851,52.54962138523506],[13.479341966547691,52.5493029511353],[13.479765163263837,52.54910147873709],[13.480459527595679,52.548120483363064],[13.479645442271151,52.547547070689],[13.47813818765571,52.547594944051845],[13.469928927577966,52.54774187143762],[13.46954156352307,52.54777601001397],[13.468525964914763,52.54823046635427],[13.467363053613337,52.54832073417547],[13.467017477047733,52.548071003720565],[13.469840571563271,52.54045833240523],[13.469867341276478,52.54028008201039],[13.471397104470052,52.53806885881259],[13.471319671996714,52.53807366686111],[13.47333793155241,52.5359487558581],[13.474771781610704,52.534282039575054],[13.475608255462538,52.53317913275323],[13.476335698575586,52.53336976730351],[13.477169115251053,52.53332466026365],[13.485126185343768,52.53379168647303]]]},"properties":{"BZR_ID":"112005","BZR_NAME":"Alt-Hohenschönhausen Süd","BEZ":"11","STAND":"01.01.2021","GROESSE_m2":4599124.336}},
{"type":"Feature","geometry":{"type":"Polygon","coordinates":[[[13.320484994818536,52.47747157087776],[13.322418553213291,52.477490361232704],[13.33286814731229,52.47741482058999],[13.332986111896947,52.477847188972945],[13.33706772445243,52.47813243592526],[13.337066659242756,52.47839729431656],[13.337047908820479,52.48208776293907],[13.33711858873689,52.482528452995545],[13.33708889009739,52.48567890891407],[13.33713402307973,52.48790433205704],[13.337210420646812,52.48806209539147],[13.336959607757937,52.4888833939873],[13.336961224093509,52.490359985031446],[13.337533202631118,52.490716172392155],[13.337087253055081,52.49100958047434],[13.337197083751768,52.49229985738335],[13.337100766412812,52.49228804674107],[13.337349199841853,52.4940758022867],[13.337457221044371,52.49418904482059],[13.336903945792697,52.49442517160375],[13.335516596925919,52.494792648859374],[13.334282842854297,52.495005754278964],[13.332510989421454,52.49515656098802],[13.331714468815719,52.49509869368426],[13.327054198813,52.49459845428507],[13.325817880124571,52.49431117446176],[13.3218558143241,52.492758388337045],[13.315754786493246,52.49068515582577],[13.313660985909676,52.49004530744768],[13.313498663411767,52.48995982557106],[13.307626587692244,52.48826058089103],[13.306579622639907,52.488032892069725],[13.30289875633718,52.4881595781753],[13.30191009586034,52.48815871482143],[13.300825290766138,52.487816099166835],[13.301069886705678,52.48754681848992],[13.304810767952032,52.48475485389556],[13.306963304730237,52.4830110839895],[13.307227279678118,52.48301901597459],[13.308165171648016,52.482295054766944],[13.309698599454704,52.48123793140846],[13.312057172835539,52.4794182060366],[13.313461352901408,52.47875601785189],[13.314373486923147,52.478416869902105],[13.315921842146158,52.47797736104834],[13.317434191737554,52.47767370776588],[13.319879613080605,52.477341178065494],[13.320103253862468,52.477527667636664],[13.320484994818536,52.47747157087776]]]},"properties":{"BZR_ID":"045011","BZR_NAME":"Volkspark Wilmersdorf","BEZ":"04","STAND":"01.01.2021","GROESSE_m2":3333068.427}},
{"type":"Feature","geometry":{"type":"Polygon","coordinates":[[[13.191527627677564,52.54986361517515],[13.191681362054702,52.55087565783895],[13.192120704877558,52.55145060034003],[13.19487346858544,52.554058869133875],[13.195705938396921,52.554803055984756],[13.196196769311568,52.555008255171224],[13.19826080445336,52.55518714946807],[13.19852284298882,52.55506457699366],[13.19924639319546,52.55531452115934],[13.207821576021857,52.55548377312475],[13.20789069163405,52.55559905652418],[13.208713399556501,52.55552360274334],[13.208703954099413,52.55535206857915],[13.21115545325668,52.55473159635486],[13.21202412523027,52.55465997926346],[13.214678624522042,52.55486117165488],[13.216131251950644,52.55482812779586],[13.21584295975787,52.555873959835544],[13.2160130534241,52.55646611522367],[13.215873166677778,52.55674881326316],[13.215274585568546,52.55709083417407],[13.214537213596987,52.55720051090986],[13.214884922280538,52.55829933287719],[13.214355951940199,52.558542011858336],[13.214857795919876,52.558567393161695],[13.215474602548213,52.55821780870873],[13.215497023512581,52.55748982944275],[13.216406347690297,52.55697909426766],[13.217283038878495,52.55689212125108],[13.217645132016202,52.55639312091652],[13.21789614848108,52.55498094232542],[13.2189622327694,52.55476144544176],[13.219352702777417,52.55570747109733],[13.22006080576453,52.556301697786935],[13.221367036757954,52.55720263618498],[13.221074740510215,52.55796714673319],[13.221504211562404,52.55916892158763],[13.22243250519011,52.56000710961574],[13.223940884186243,52.560560332958815],[13.223512792977806,52.56134880502548],[13.223668097367977,52.56181671024818],[13.225093527645411,52.56212924625647],[13.22553715214175,52.56248073760899],[13.224818394404576,52.562505655868485],[13.224833736063795,52.562769148865705],[13.225605517826233,52.562626323262265],[13.226073726944646,52.563511009589924],[13.225215991449485,52.56395228985024],[13.225019726418546,52.56423952061186],[13.225308088429994,52.56469564386286],[13.225866438654421,52.56495843795489],[13.225965378612553,52.56561920161962],[13.226288533906978,52.565952178544606],[13.227094503024759,52.566236970207804],[13.226636341195112,52.566779465093425],[13.227393468644568,52.56741468718196],[13.227044930313262,52.56780891105218],[13.226725368930381,52.56932987877412],[13.225304909159647,52.57122184950239],[13.225182484968693,52.57178677487874],[13.225265284179093,52.57260500216588],[13.225079076298544,52.57314500055919],[13.22392093114595,52.57420353642247],[13.22204234668578,52.57493968915549],[13.22024057559367,52.57605440009301],[13.21886160091567,52.57715778699041],[13.21795924308996,52.57854011951043],[13.218013348666034,52.57970207623664],[13.218309223853021,52.5809605774964],[13.218083572234766,52.5814619655281],[13.217208371041671,52.58240288215748],[13.216162168090912,52.58296217392385],[13.215431307677038,52.58352838604805],[13.215170890636722,52.584333120262585],[13.215361662261863,52.58475830378887],[13.216434647939796,52.58571360339467],[13.217397097222403,52.58747708363337],[13.211238062213564,52.58822665993257],[13.207339977476153,52.588374681479635],[13.206710537824113,52.58659768471858],[13.205375878607194,52.58685278181875],[13.204699396668358,52.58714287746371],[13.202582090623821,52.58786702216648],[13.20151486978356,52.58835421590164],[13.200347282251265,52.58876825958175],[13.198480138338523,52.589007488130775],[13.197857796327174,52.58924050134826],[13.196631957924925,52.58951817832574],[13.193757715811277,52.58983032792471],[13.191738025262921,52.590190455956666],[13.190859180168491,52.59047313864143],[13.18911649245042,52.59139920829813],[13.18670989306262,52.592107524457695],[13.185626589798307,52.59255367173679],[13.184473338659195,52.59337731242039],[13.183422886686412,52.59369187131662],[13.181219453500852,52.59402658701545],[13.178338224106275,52.594880158951575],[13.176854511778233,52.59492023447907],[13.1747318609127,52.59510723287976],[13.173667921873921,52.595328357650054],[13.172516882145867,52.596038079378296],[13.171970434020857,52.59628943718863],[13.170077005129572,52.596787787409355],[13.167896738818,52.597010790466115],[13.164529789821092,52.59879543249661],[13.157057022998325,52.59762559397967],[13.153889454238978,52.59571303533018],[13.15223852873918,52.594158803590076],[13.149285417877993,52.59187322435342],[13.149097153142066,52.59177045128681],[13.145280798285452,52.590389982627336],[13.143340008981914,52.58965679613041],[13.141722344134072,52.589333194465105],[13.139344248480278,52.589052298549575],[13.13790460318187,52.58870186048884],[13.135947767638147,52.58754299239239],[13.135477878529853,52.587365549863435],[13.132665685999406,52.586920855220136],[13.131077816315683,52.58693016520179],[13.128964341087778,52.58730307426395],[13.128432680849247,52.58601822832071],[13.129345637648859,52.58593065045256],[13.127964670136398,52.58312775452706],[13.129542997753108,52.58327485727746],[13.130260439160002,52.583039980858715],[13.130506424607592,52.58277311000192],[13.131081428152312,52.5816631563953],[13.131678333697074,52.580228050982434],[13.13207194037783,52.5797785551257],[13.132608584814962,52.5795972774705],[13.136601098120689,52.580241762973984],[13.137518169510527,52.58053050089548],[13.139156839620217,52.58038857242258],[13.140049240270278,52.580802727135904],[13.142035122584604,52.58134261091962],[13.143006513939232,52.58152584521732],[13.143841926555108,52.58157102714605],[13.144632714388665,52.582033958816744],[13.149610448856707,52.583361122674724],[13.149886112132469,52.582878561521376],[13.151240158780855,52.582212033078704],[13.151309846482514,52.58165395304951],[13.151933138211774,52.58056950740715],[13.152325853452911,52.580157029677956],[13.153158457585803,52.578945290687024],[13.15320599873992,52.57829045034667],[13.153511084009411,52.577908538764866],[13.15359775326013,52.57746140492248],[13.153452156805995,52.57677831335172],[13.153673492194507,52.57577182750212],[13.15349864030098,52.57538006500605],[13.153693639797607,52.57478061771938],[13.153464743671503,52.574544865346994],[13.153546583104665,52.57325581885733],[13.152776492256407,52.572483527410206],[13.15286501386188,52.57160216083032],[13.152389689594637,52.57046200081539],[13.151265372890277,52.56998586371883],[13.15118537195489,52.569152190198295],[13.150371846248053,52.567973893279465],[13.150282488284509,52.567713637201535],[13.150852657699607,52.56767396532935],[13.15293730391069,52.56710457088918],[13.155011478605637,52.566475049760534],[13.156760265296617,52.56629669888637],[13.157646352296625,52.565791299597215],[13.15852564372015,52.56517712816189],[13.159633428071366,52.56464236262922],[13.161223647250951,52.564033890625595],[13.163726585228636,52.56349192542708],[13.165723856502412,52.5628379895078],[13.171406764441523,52.56104474151717],[13.172305350926385,52.56067595065121],[13.171855627675804,52.55877587107582],[13.17124345546015,52.55577566652377],[13.171050646011162,52.555315039201474],[13.176275675954574,52.553995853499245],[13.17950294513731,52.55325163258141],[13.179577925497973,52.55335921575905],[13.180650027963615,52.55299806629976],[13.183011552010486,52.55235770374393],[13.185529305147536,52.551621810465186],[13.190687706839368,52.550180020873924],[13.191527627677564,52.54986361517515]]]},"properties":{"BZR_ID":"051001","BZR_NAME":"Hakenfelde","BEZ":"05","STAND":"01.01.2021","GROESSE_m2":19970719.58}},
{"type":"Feature","geometry":{"type":"Polygon","coordinates":[[[13.594951401926206,52.44932268903958],[13.594847002926388,52.45035852914891],[13.594389713301604,52.45054514170627],[13.59428180986543,52.451331898920046],[13.594586061359646,52.45193799929606],[13.595204382898963,52.45250119385466],[13.594835664434706,52.45321483062513],[13.595830288252436,52.453139444653445],[13.595943812725645,52.45359817748382],[13.597379621064748,52.45378382253507],[13.59741303013827,52.45592345412027],[13.596632835546306,52.45681256556946],[13.597120001865878,52.45691063745792],[13.59705278690586,52.45901095208563],[13.59014354701033,52.45917897338061],[13.587542021118283,52.459269715037415],[13.586664586891187,52.45914576690314],[13.58315882619914,52.45897278607248],[13.582412465390872,52.45901834560893],[13.580237725477225,52.458955953238885],[13.580203326084192,52.45879588773571],[13.579309692406266,52.45896665697832],[13.578256280203107,52.45904923952875],[13.575345049322047,52.45978975868024],[13.572691829767882,52.46065685683662],[13.573231173932982,52.45929481277349],[13.572647759394341,52.459198510762775],[13.572272766008538,52.45982634555079],[13.57126729651872,52.4594364215928],[13.571420592424255,52.4592427556929],[13.568811837704581,52.458415756800804],[13.56825204894546,52.458425272949064],[13.566965769178216,52.45793027725057],[13.56693174982758,52.457744147376154],[13.56457978784168,52.45690271393753],[13.564720515483277,52.45660465355461],[13.56363031951842,52.4567695921005],[13.562236276163617,52.4566345471878],[13.557329890327136,52.45590608383527],[13.557255209393034,52.455523936773425],[13.557384988096338,52.45436899056652],[13.55761216531087,52.454354350063994],[13.557710073452265,52.45312326962602],[13.55822351925613,52.45317440727235],[13.558801001276132,52.45321512446743],[13.56094694910333,52.45317617097474],[13.561993303244341,52.453244193427516],[13.562724338334204,52.453436945978716],[13.563500243426509,52.45344952014006],[13.564639005248086,52.45323317769169],[13.56543945639246,52.4528019362385],[13.567269114270712,52.450444768778866],[13.568079291929664,52.44959242660917],[13.568986419127445,52.44889556450107],[13.569825368984281,52.44845225305299],[13.571286083983757,52.44808765785982],[13.571717555017072,52.44771389975818],[13.570800673725788,52.446105473784705],[13.570154175452492,52.44466352313734],[13.571297226572266,52.44481357935017],[13.571392899202253,52.44438102767751],[13.572288662951593,52.444370537413306],[13.572816429626837,52.444747824534765],[13.573641253305686,52.446291484503895],[13.574674566977935,52.447598528832295],[13.574407314847383,52.448127151126265],[13.575061502071414,52.448393877084165],[13.575678485117821,52.448036105087866],[13.57737696510593,52.44830927757074],[13.579589819084283,52.44767419528954],[13.579724947624968,52.447565741712914],[13.57980721781139,52.446681073159624],[13.580245730898545,52.44603482112853],[13.580321723040846,52.4456447286964],[13.579175450417777,52.445041755506594],[13.580930436594993,52.445722083713406],[13.581910661234158,52.44544979948634],[13.582320358693881,52.44544395864145],[13.583493762608255,52.44496579097236],[13.58466380376101,52.44438149591107],[13.584174498453866,52.44481505469389],[13.582538933209968,52.44551742774978],[13.582835382612691,52.44593542903655],[13.583639239183258,52.446141431764175],[13.584555422863271,52.44611873037655],[13.58551777766675,52.44666284386294],[13.585380839824387,52.44694127473427],[13.58676116578446,52.44806282336644],[13.587743487151682,52.44857833178387],[13.58852439537112,52.448829566069016],[13.589262220170598,52.44894052556847],[13.591280707708773,52.44900362642304],[13.593018500887721,52.44900776239479],[13.594951401926206,52.44932268903958]]]},"properties":{"BZR_ID":"095019","BZR_NAME":"Dammvorstadt","BEZ":"09","STAND":"01.01.2021","GROESSE_m2":2784569.088}},
{"type":"Feature","geometry":{"type":"Polygon","coordinates":[[[13.526183689752328,52.55579816281974],[13.52918791505302,52.5574199802882],[13.533950603932542,52.56038754285374],[13.535929271078736,52.561899874493015],[13.539776106335228,52.56492796348582],[13.541192644102267,52.56601455630436],[13.541878229209484,52.56610042255006],[13.541344190213035,52.56642669407282],[13.537890183710854,52.56780905588687],[13.536826438670934,52.56736800315501],[13.535910582343659,52.56780072072822],[13.535802814735487,52.567715988783895],[13.53475617871419,52.568193436821026],[13.53383636477068,52.568811346046616],[13.533881397466182,52.56920642238944],[13.532485656661146,52.56994194284994],[13.531426865745694,52.57018825400046],[13.529686679221165,52.56997349555076],[13.530030141186796,52.57059759927663],[13.52888511317745,52.570701112167185],[13.525485718457718,52.57115466901575],[13.522264064635594,52.57189183309832],[13.520807826724928,52.572128601837576],[13.520463090047022,52.57235278802742],[13.519493961112055,52.57233731947407],[13.517894136649705,52.57253126751716],[13.517819742046953,52.572259270577],[13.515329071728944,52.57240747611916],[13.514281563105813,52.5726925267281],[13.513116410325255,52.572781815995526],[13.513056620966806,52.573888173785114],[13.513426157932322,52.57466818671915],[13.512115628536526,52.57471446277853],[13.512294804116298,52.57541180732648],[13.51243765966213,52.57657362183301],[13.511459095068664,52.57668239401987],[13.511584006982531,52.57821173714606],[13.509946494204508,52.57825101963335],[13.510012474712966,52.578960244691],[13.507768946821063,52.57848959911389],[13.507235582905222,52.5782944001866],[13.505409373340992,52.5778307459283],[13.504466806672779,52.57786743051977],[13.503209629356142,52.57778668391164],[13.502072494427969,52.57751482220065],[13.500651295007534,52.57738032050102],[13.499861020725655,52.57713963120022],[13.498909492898575,52.57669454351133],[13.498810730317272,52.576505777527025],[13.499722598132205,52.57583518878317],[13.504481611629831,52.572014494139516],[13.50631344958025,52.5706257187601],[13.508613539981138,52.56870700344929],[13.510865809912502,52.567001805182166],[13.512386728433162,52.56575984750101],[13.513218568371935,52.5660662591093],[13.515534568150992,52.56399447785137],[13.517652949115329,52.56232262714276],[13.520609815025088,52.56007258746269],[13.522906289504432,52.55843163101666],[13.524413421025669,52.55720548697807],[13.525484122422693,52.55612991618759],[13.526183689752328,52.55579816281974]]]},"properties":{"BZR_ID":"111002","BZR_NAME":"Neu-Hohenschönhausen Nord","BEZ":"11","STAND":"01.01.2021","GROESSE_m2":2801131.469}},
{"type":"Feature","geometry":{"type":"Polygon","coordinates":[[[13.296752960681234,52.41625252171931],[13.297091609092918,52.415777173501795],[13.29695829812947,52.41505013770293],[13.29672382269779,52.41474213287781],[13.295932790969449,52.41450430331851],[13.297554430919186,52.41291511802227],[13.30109306737387,52.40967567685159],[13.30378861699841,52.40728253758492],[13.307711376647115,52.403531905002694],[13.309600239679424,52.40156425029321],[13.311289950657473,52.399955244308316],[13.312064391492598,52.3991053679987],[13.313811265781677,52.40045181359289],[13.318998734898141,52.40259393639269],[13.320844955847049,52.40324343087146],[13.326934931660793,52.40558884080587],[13.328996489168324,52.406331319962064],[13.335518766645484,52.408743155155776],[13.338903174858554,52.410027462852966],[13.342213376203913,52.41134007801411],[13.343347234706679,52.41172168595051],[13.34293614385081,52.411727171963136],[13.343068378172735,52.41223730301307],[13.343097560984727,52.41330041005886],[13.342742069093923,52.41416660121627],[13.34547129017522,52.41525478908011],[13.341671892968508,52.41609769328719],[13.34039448429608,52.4163205528975],[13.335574295248025,52.42269452574613],[13.335633985360838,52.42273762513534],[13.333724265576185,52.423065905985645],[13.33353408020647,52.42323650519255],[13.333187621832128,52.42409656417615],[13.334482631227214,52.424417273316514],[13.33371882488079,52.425569190469965],[13.333862496636826,52.42574887402689],[13.333092860299708,52.426889348974626],[13.333452678385484,52.426979355496236],[13.33178220154923,52.429463784301795],[13.33272461249154,52.4297018511787],[13.331941164289253,52.43117659006263],[13.330784565359393,52.43199734471031],[13.332118930865848,52.432761022251334],[13.33076302812733,52.43350767317537],[13.330393915982777,52.43406553962091],[13.328230353147156,52.43775954673608],[13.327287968090676,52.43992232072271],[13.32707785276263,52.440005097729795],[13.328506795307737,52.44082972828748],[13.327990445808487,52.44118393945837],[13.32781716657805,52.441624569451974],[13.328019068856728,52.44264866114553],[13.328836338521127,52.44298925006077],[13.328598282664302,52.44307168884496],[13.328470617763303,52.443618737619026],[13.327712533152068,52.44424585845148],[13.325746499342367,52.44334863418634],[13.32450381539224,52.442554232855464],[13.32385706986398,52.44202960623142],[13.322580009967426,52.44074887005218],[13.319684973699044,52.43748841910765],[13.319377865913728,52.4370758051765],[13.317859365833645,52.43575916964536],[13.311494227353139,52.431219564960685],[13.311075462275491,52.43083032044037],[13.311459591058318,52.43070377906095],[13.311210421999688,52.43049218845737],[13.310838763339918,52.43061952677321],[13.310250869575684,52.43011641633708],[13.30831130838383,52.42761144018873],[13.304711636746346,52.42278086792691],[13.304516582604084,52.42258753562163],[13.302930259068214,52.42046326850729],[13.302508971370845,52.41974150156689],[13.30114556980584,52.41856031363485],[13.299347059416277,52.417483068490405],[13.298080468124532,52.41694859319549],[13.296608117242695,52.41642718304211],[13.296752960681234,52.41625252171931]]]},"properties":{"BZR_ID":"062004","BZR_NAME":"Ostpreußendamm","BEZ":"06","STAND":"01.01.2021","GROESSE_m2":7942455.321}},
{"type":"Feature","geometry":{"type":"Polygon","coordinates":[[[13.469840571563271,52.54045833240523],[13.46731015936167,52.53849516740737],[13.467647657533666,52.538449745589595],[13.466384159255874,52.536656872089466],[13.467805054713635,52.53612305035793],[13.468742672825393,52.53471226520613],[13.467396390558283,52.53409553633817],[13.466958826294443,52.5340546784228],[13.464524620182454,52.533201606871444],[13.464444652148083,52.53298942516286],[13.463389440541201,52.532633739128364],[13.463248753777728,52.5323995134893],[13.46100602592714,52.529678297993236],[13.460674496678294,52.529357898974055],[13.456331998981772,52.52839484487892],[13.456196495428971,52.5282647937553],[13.458179420047802,52.52639898488461],[13.459117741662292,52.52576808951368],[13.46026159865066,52.52528599189263],[13.46275611224453,52.52450404543587],[13.466022516998216,52.524061664874395],[13.467584947522477,52.52366093826985],[13.4702246874243,52.52309482090189],[13.470271982715534,52.523271062230855],[13.472981159678039,52.52308313016759],[13.4751164440635,52.523052304303675],[13.47944619289583,52.52314063757264],[13.483289213105099,52.523323210883376],[13.485649969595,52.523275610071224],[13.485674711751248,52.52410420176167],[13.485406036783468,52.52533556490748],[13.48560407293413,52.52853383889794],[13.485646360947905,52.530328220654305],[13.485155074514893,52.533406856733706],[13.485126185343768,52.53379168647303],[13.477169115251053,52.53332466026365],[13.476335698575586,52.53336976730351],[13.475608255462538,52.53317913275323],[13.474771781610704,52.534282039575054],[13.47333793155241,52.5359487558581],[13.471319671996714,52.53807366686111],[13.471397104470052,52.53806885881259],[13.469867341276478,52.54028008201039],[13.469840571563271,52.54045833240523]]]},"properties":{"BZR_ID":"113006","BZR_NAME":"Fennpfuhl","BEZ":"11","STAND":"01.01.2021","GROESSE_m2":2142299.595}},
{"type":"Feature","geometry":{"type":"Polygon","coordinates":[[[13.47210726619804,52.52069431861966],[13.462695067516126,52.51992757256361],[13.455290130123972,52.52127224552096],[13.456155787011454,52.52245576264967],[13.455799758679213,52.52255230197613],[13.45241657675623,52.527526262897766],[13.452182818460445,52.5277957678864],[13.45077056666273,52.52748431635117],[13.447168281855468,52.52640839682465],[13.449974073145187,52.52233907779272],[13.450200441931662,52.52213960112931],[13.451354998369482,52.520449067936106],[13.451383096854366,52.52027332872563],[13.452469689843092,52.51869337475507],[13.45237422249748,52.5182036714302],[13.452778630970744,52.518045296550405],[13.453514655087496,52.516002793102516],[13.45355857693081,52.515630281685475],[13.459687648320633,52.5150042342988],[13.463115119409322,52.514695796726706],[13.475437732670667,52.51343320959861],[13.47588688279613,52.514862971375585],[13.47748451226176,52.51438871069221],[13.4777477149539,52.51472915131089],[13.476713587778756,52.515045668484014],[13.476453530643735,52.51529609108356],[13.476047989108551,52.51612629367589],[13.474196624642673,52.519116512133664],[13.473759990075658,52.519088241926596],[13.472554323689561,52.52052708548438],[13.47210726619804,52.52069431861966]]]},"properties":{"BZR_ID":"025007","BZR_NAME":"Frankfurter Allee Nord","BEZ":"02","STAND":"01.01.2021","GROESSE_m2":1280543.206}},
{"type":"Feature","geometry":{"type":"Polygon","coordinates":[[[13.52625011650687,52.53729198004313],[13.527843590101169,52.53780321820802],[13.530595247051169,52.538456867829865],[13.53159318443809,52.538599962886565],[13.531576710700461,52.53917359364236],[13.53226494524419,52.53931462928681],[13.531897822094619,52.53952769173156],[13.531358145025338,52.54098468743964],[13.530992362960161,52.54173605768683],[13.530449724499656,52.54354794579391],[13.530007332778156,52.544471121696226],[13.529693479787083,52.54543967832204],[13.52865767321728,52.54824148629957],[13.527891519083713,52.550162690523806],[13.527955372234809,52.55021855380661],[13.527483927788502,52.55152344427056],[13.526930745205629,52.55284179089499],[13.52630536380981,52.55398860702955],[13.525355650445736,52.55531839924319],[13.525493249882306,52.55543096188618],[13.524949477558424,52.55531412086836],[13.524230502328836,52.55603314239665],[13.519608929540931,52.557253238236065],[13.515765748023568,52.55816895500986],[13.511153350417676,52.55944286390689],[13.507459036569324,52.56043772886032],[13.50443475423572,52.561288491977116],[13.502151465615533,52.562036482394404],[13.50204554169073,52.561999969726216],[13.499395692578897,52.56256610275897],[13.494114976803008,52.56323159852661],[13.486068843286697,52.564153164522736],[13.485595616856543,52.5624182760407],[13.485321088362081,52.562274280735686],[13.485187787389357,52.56179867292079],[13.485397820586874,52.56155054077895],[13.486977588468104,52.561358934478015],[13.489972801223864,52.56048149023583],[13.491301093511314,52.55978514134594],[13.49490698335894,52.55608183275621],[13.495531794121778,52.555003340387074],[13.495673626567397,52.553865283732954],[13.495443362889274,52.55299972371349],[13.494429764964021,52.550784654020376],[13.494110902527849,52.54989310390657],[13.494172968431771,52.54920806586478],[13.494382795528168,52.548735160119755],[13.49485946689917,52.54814585242071],[13.495772681052673,52.54738484430262],[13.496946878118106,52.54654391463082],[13.49856196563135,52.544851579000095],[13.499393170483852,52.544276001665786],[13.500894317466614,52.54374350961913],[13.50082763536705,52.54357345795037],[13.5051656358837,52.543175667433744],[13.50517606836197,52.543024437038014],[13.507058238014585,52.54284042176403],[13.507277983623784,52.543068092188605],[13.510693019152745,52.54275554650332],[13.512449212511157,52.54249455467796],[13.51382289914828,52.54210339908948],[13.520154812133821,52.539792988983386],[13.52091009409324,52.539558245965075],[13.523151001402274,52.53836017503275],[13.524676176222638,52.53784890379479],[13.526239952129359,52.537723156256746],[13.52760065654997,52.53795503758651],[13.52769308380805,52.537869407185795],[13.52625011650687,52.53729198004313]]]},"properties":{"BZR_ID":"112004","BZR_NAME":"Alt-Hohenschönhausen Nord","BEZ":"11","STAND":"01.01.2021","GROESSE_m2":4754291.558}},
{"type":"Feature","geometry":{"type":"Polygon","coordinates":[[[13.34583331979316,52.41519495658614],[13.34547129017522,52.41525478908011],[13.342742069093923,52.41416660121627],[13.343097560984727,52.41330041005886],[13.343068378172735,52.41223730301307],[13.34293614385081,52.411727171963136],[13.343347234706679,52.41172168595051],[13.343057743604499,52.4076864106928],[13.350831758324244,52.402903006414775],[13.352530679516958,52.40208757760731],[13.35442497288274,52.4009651938531],[13.357323371711395,52.39959904019983],[13.35936611480386,52.39847028827382],[13.3606153473679,52.398002353553125],[13.362439249349103,52.397221722030615],[13.364220976236073,52.396677138497616],[13.371950883659688,52.39379745162771],[13.370355229544417,52.388427210905306],[13.375150780488104,52.3881932553396],[13.378701679643966,52.388157450098554],[13.382388807818119,52.38832032976484],[13.382089857877673,52.389817168901224],[13.382199530329084,52.390039100275054],[13.381298775922282,52.39052475729345],[13.379818710646761,52.39147355607474],[13.379998501501866,52.39155400195124],[13.380939678923529,52.39416453992998],[13.381613727517825,52.39380999402841],[13.38219976118903,52.398076828456794],[13.383855236017165,52.3983105283628],[13.388041667548862,52.399207815905186],[13.388418400696974,52.39852654993866],[13.389089670915387,52.39860680364369],[13.388819971055197,52.39914474258134],[13.38768558328987,52.400920744721844],[13.386769383221367,52.40270410183733],[13.386612900621397,52.40278664557758],[13.385190100898827,52.405545629030165],[13.383543548355895,52.40820960004235],[13.38285078800622,52.409206685416585],[13.381724262785516,52.4110894009744],[13.380373825909551,52.41067617201127],[13.378499212211711,52.40987380796746],[13.376519126603728,52.4093842633602],[13.37491218070538,52.40921402417624],[13.37294349387967,52.409223554688005],[13.371755496790978,52.40933195903879],[13.370335460271193,52.40956553882878],[13.368783908282882,52.40996685298637],[13.367500155393518,52.41042856039891],[13.363947299434711,52.411833608206514],[13.362468808953007,52.4123879384789],[13.361474879512782,52.41263940779395],[13.358671839758133,52.41312604240005],[13.35539862918998,52.413396322124285],[13.353948523188189,52.41363463752176],[13.352587400022545,52.413954746127786],[13.348744884543773,52.41472737741568],[13.34583331979316,52.41519495658614]]]},"properties":{"BZR_ID":"076013","BZR_NAME":"Marienfelde Süd","BEZ":"07","STAND":"01.01.2021","GROESSE_m2":4781166.214}},
{"type":"Feature","geometry":{"type":"Polygon","coordinates":[[[13.46731015936167,52.53849516740737],[13.463116632235359,52.54024647015235],[13.460070235058224,52.54157010162291],[13.455062470450258,52.543673544130385],[13.455620567223152,52.544044404640864],[13.45507222466594,52.544640497810526],[13.454762338049845,52.54453711124856],[13.454481260801247,52.54483192366245],[13.453597121295692,52.54452958935895],[13.453117557077531,52.544770044083194],[13.451246650098067,52.54549258408694],[13.448031804143756,52.54680751834451],[13.447658571786938,52.54712924815164],[13.443301605606468,52.545158249704265],[13.442410497135771,52.544603905866715],[13.438035219015884,52.540842870703116],[13.4372385413973,52.54020167144783],[13.436699594396925,52.53970050744994],[13.432479041801612,52.53607502023452],[13.433102271942861,52.535848077380805],[13.44103514841203,52.53203675421778],[13.442277413439129,52.53102559302559],[13.446480011427951,52.527138765892175],[13.447168281855468,52.52640839682465],[13.45077056666273,52.52748431635117],[13.452182818460445,52.5277957678864],[13.45241657675623,52.527526262897766],[13.455799758679213,52.52255230197613],[13.456155787011454,52.52245576264967],[13.455290130123972,52.52127224552096],[13.462695067516126,52.51992757256361],[13.47210726619804,52.52069431861966],[13.470992422392039,52.52181890620538],[13.470298635691114,52.522379222120996],[13.469494716700018,52.52287352739316],[13.467584947522477,52.52366093826985],[13.466022516998216,52.524061664874395],[13.46275611224453,52.52450404543587],[13.46026159865066,52.52528599189263],[13.459117741662292,52.52576808951368],[13.458179420047802,52.52639898488461],[13.456196495428971,52.5282647937553],[13.456331998981772,52.52839484487892],[13.460674496678294,52.529357898974055],[13.46100602592714,52.529678297993236],[13.463248753777728,52.5323995134893],[13.463389440541201,52.532633739128364],[13.464444652148083,52.53298942516286],[13.464524620182454,52.533201606871444],[13.466958826294443,52.5340546784228],[13.467396390558283,52.53409553633817],[13.468742672825393,52.53471226520613],[13.467805054713635,52.53612305035793],[13.466384159255874,52.536656872089466],[13.467647657533666,52.538449745589595],[13.46731015936167,52.53849516740737]]]},"properties":{"BZR_ID":"036014","BZR_NAME":"Prenzlauer Berg Ost","BEZ":"03","STAND":"01.01.2021","GROESSE_m2":3746689.696}},
{"type":"Feature","geometry":{"type":"Polygon","coordinates":[[[13.572974330723106,52.42808748061347],[13.575843139575305,52.42837725701702],[13.576472934914412,52.42802964245769],[13.578382925390468,52.42743476993903],[13.57979370668534,52.42673002514828],[13.581062329168741,52.42574065550518],[13.58157274089696,52.42509332237595],[13.581907297998018,52.424208628089666],[13.582027251172933,52.422691574602034],[13.582393100914837,52.42198119421732],[13.58426900191363,52.420338617475714],[13.584828740653894,52.419251400055366],[13.584835245029216,52.4181476957026],[13.584597252297197,52.41724744404795],[13.584591304089171,52.41616815370817],[13.58490454315867,52.41547812940755],[13.585766553875342,52.414532555096834],[13.586814507133276,52.41385849654754],[13.588470809858727,52.4130868587859],[13.589704682553279,52.41270496400451],[13.591294223003466,52.41242714946038],[13.592998572218836,52.412445963138794],[13.59489807185255,52.41288728501232],[13.596028396004883,52.413071282857594],[13.5982340856094,52.41325274110886],[13.600316425123406,52.41320080160774],[13.60189311415501,52.41270384247073],[13.605499580114126,52.4110547995767],[13.61385006453943,52.40878191072295],[13.614765229603387,52.408703986937006],[13.623035210311548,52.40924441007745],[13.62434780513369,52.40904701898118],[13.625570634585351,52.40838374443553],[13.626208203462152,52.40780941135286],[13.626736385447005,52.4069811123125],[13.627245260737444,52.40551826305661],[13.627385652759045,52.404895064116495],[13.627702567560904,52.40429302921871],[13.628158422805502,52.40385768965998],[13.631396081319895,52.401840354282335],[13.63520197156545,52.40333414618029],[13.636995932998202,52.4039499855649],[13.639192354229,52.40445787300301],[13.641480549017503,52.404801420924784],[13.644332892443636,52.40619486144885],[13.645273741190346,52.406863732966876],[13.646128581385593,52.40784816598413],[13.646636714695058,52.408166951177975],[13.647339480434544,52.408998837323864],[13.645003242295399,52.40995245772323],[13.64460231271009,52.409888656023185],[13.645033750229487,52.41103176882856],[13.647984260940978,52.41669885554343],[13.650835626626415,52.41672904701351],[13.65287967220968,52.41601197775623],[13.653114100622883,52.41645982690365],[13.655016977072638,52.417437543361835],[13.656919030327318,52.41824475990646],[13.65937238029738,52.4182093719645],[13.661288258650023,52.41831237778173],[13.662304999093642,52.41926439282484],[13.66275649251907,52.42042703906857],[13.662957409479564,52.421879639667246],[13.663737698612898,52.422687665555095],[13.665149482596098,52.42346585567422],[13.667009814958128,52.42464884124763],[13.668072548682614,52.42573057656709],[13.67012957060617,52.42649654353533],[13.671303624661444,52.42726159096907],[13.671533970525864,52.42841928782034],[13.671818637603092,52.42860906543874],[13.67229690119984,52.429539054811045],[13.672083262970023,52.430047554655914],[13.672822348794044,52.4307342174395],[13.67244038295567,52.43140379855557],[13.672847798914956,52.43155177723952],[13.674237175307416,52.431034652030846],[13.675307959908173,52.43052113443466],[13.678009541031205,52.43051226009025],[13.678056675612568,52.43073126619911],[13.676858777333345,52.43208239994202],[13.676205329889116,52.43290915465572],[13.67540098395124,52.433602705422985],[13.674800179319858,52.43398863345352],[13.674602697571947,52.433548296008674],[13.660715714961631,52.43658607499748],[13.656750998296861,52.43744288353056],[13.648953727558835,52.43913287954909],[13.624852554015899,52.444382615578505],[13.62508837077642,52.4441775499939],[13.624896115099688,52.44366467398408],[13.624622891703728,52.443507643479784],[13.622595539356826,52.441657724445506],[13.622311446849624,52.441264963049655],[13.621896012823296,52.43993093626483],[13.62197278849456,52.43967987760508],[13.621593533588523,52.438822611581514],[13.620934507748835,52.43793377808926],[13.62082814728215,52.43686421434797],[13.620410565325857,52.43551450268142],[13.620511708210206,52.43359960138182],[13.620744380771386,52.4322893745686],[13.619915671810675,52.43150520526835],[13.619182587158253,52.43094079798731],[13.618259032899813,52.43038785356579],[13.615847857662882,52.429656557273944],[13.615185654528954,52.42998578539695],[13.601898322168006,52.435070724966806],[13.592709958283537,52.43860361198961],[13.592294359620105,52.438823871154966],[13.586858044131137,52.44091567207786],[13.5866458392646,52.441081964562514],[13.586208661611549,52.440790606703374],[13.586554150120062,52.44055058040923],[13.587502006827396,52.4392616484439],[13.58723107266327,52.43907849312061],[13.582141246646032,52.43891094778219],[13.57904809954441,52.4389268200479],[13.578897797047388,52.43874408800575],[13.578272790095413,52.43881308825179],[13.572839458486998,52.43881073456522],[13.573301773302628,52.43806823536158],[13.574281021795686,52.437631431619266],[13.574628386678569,52.437191239233016],[13.574616033047956,52.43678633343329],[13.574346905893018,52.43645678745388],[13.573682514398309,52.43601689220591],[13.572318416483721,52.4349456319166],[13.57189936979813,52.434357738433484],[13.57186593424603,52.43345911490033],[13.57209798086811,52.43306478454161],[13.572148577569962,52.43242558632633],[13.572673659750132,52.431658959945935],[13.57378965420038,52.43097120874175],[13.574122446515911,52.429008169017614],[13.573458610377998,52.42848578556834],[13.572830575826096,52.42833243483705],[13.572974330723106,52.42808748061347]]]},"properties":{"BZR_ID":"094013","BZR_NAME":"Köpenick Süd","BEZ":"09","STAND":"01.01.2021","GROESSE_m2":17989172.38}},
{"type":"Feature","geometry":{"type":"Polygon","coordinates":[[[13.367668356089471,52.43560126662663],[13.369588118193562,52.43617147224308],[13.370630126159769,52.43638689816162],[13.37481993291531,52.43696224063911],[13.379760219732187,52.43772221275894],[13.380559015224526,52.43775963528966],[13.381895696429112,52.439163830909],[13.381994982752627,52.439399347513856],[13.383607009092605,52.43972712356115],[13.387031724792717,52.44032392788811],[13.387445353708546,52.44042725000138],[13.390316600090337,52.44086573469289],[13.391937511965487,52.44090697715338],[13.393489439227222,52.44085313136792],[13.394771189265796,52.440337065082936],[13.395825122047786,52.440365493656785],[13.407984844831317,52.43935448592413],[13.410480927560638,52.43913414776324],[13.411257754738754,52.43912269471621],[13.412376362326624,52.44203272272673],[13.413985173579993,52.44594544449281],[13.414767480808797,52.44701122673482],[13.415104773612937,52.44847503926617],[13.415731671236385,52.44926671301004],[13.41607826210043,52.45082543123524],[13.416388933843491,52.4514084062082],[13.41654507825066,52.45169877129365],[13.416136384195505,52.45233286532933],[13.41516523931768,52.452462426803216],[13.41262863811144,52.45291747806483],[13.409372425561498,52.45319637180396],[13.408774487929074,52.45331308882392],[13.408270103130581,52.452600980741344],[13.404741563336582,52.45286640660389],[13.39923793196623,52.452984283658246],[13.396361782700625,52.453078843415184],[13.392999146709327,52.45309742829843],[13.39201354538161,52.45313582870313],[13.391651572754325,52.453394086795726],[13.39041354970132,52.45325935010355],[13.38901390421268,52.453304640869725],[13.387814952819728,52.453132367499286],[13.384800838338405,52.45283557293629],[13.382855780603183,52.452569356952765],[13.382520949229574,52.45311172029268],[13.378266795031283,52.45207972782743],[13.37605715106634,52.451284514184366],[13.374703758793304,52.45070196572815],[13.368999247464393,52.44752704094106],[13.366036230486719,52.445914902523775],[13.365835906297441,52.44561789676574],[13.362644561930423,52.444148596031894],[13.3634146105517,52.44281480866692],[13.36524259124133,52.43986045927894],[13.366133346413244,52.438480094085755],[13.36706655829984,52.4367954431415],[13.367668356089471,52.43560126662663]]]},"properties":{"BZR_ID":"075010","BZR_NAME":"Mariendorf Nord","BEZ":"07","STAND":"01.01.2021","GROESSE_m2":4813509.939}},
{"type":"Feature","geometry":{"type":"Polygon","coordinates":[[[13.278687033822955,52.468609758396596],[13.278857036793923,52.47326003210625],[13.278778232033046,52.47478428223768],[13.279130782062477,52.47524687933338],[13.281436305486235,52.476895916999815],[13.284655616009394,52.47897644653906],[13.28599830749216,52.47978641383695],[13.296266136100957,52.485365631535494],[13.300685324476108,52.48775263347958],[13.30037699128244,52.4880429721641],[13.29707442670298,52.49046300087164],[13.294880453601763,52.4917160097731],[13.290895195598598,52.49404848527374],[13.29030856608627,52.49445398399357],[13.289951332339964,52.494295869437515],[13.287686207709548,52.49442584541479],[13.286156117319335,52.49471312133989],[13.28624667162912,52.49511764528478],[13.285203871874833,52.49515516855491],[13.284507760467225,52.49578483856976],[13.284178238692519,52.49646757464119],[13.283414784438358,52.49749159728571],[13.28234470122152,52.49846903944708],[13.281423288830906,52.499456130588825],[13.281184244549124,52.49994344474482],[13.281196622677761,52.500344876200955],[13.274507113709006,52.498318172731004],[13.272459579305485,52.49769962419138],[13.272557373423677,52.49745943935322],[13.271877008874288,52.49719553562],[13.270512099266053,52.496260243373136],[13.267535311262161,52.49385747816633],[13.265830424314375,52.491977958936815],[13.264803885473482,52.490784815482705],[13.263945638004339,52.490042770068406],[13.26338630334167,52.48992404813601],[13.262631713249826,52.48941677522431],[13.261645206386278,52.488919018841685],[13.260561448322969,52.489435065130515],[13.256408958390749,52.48615585340227],[13.257534104537726,52.485619161753476],[13.25655249108525,52.484450907641865],[13.256451019364945,52.483994659528925],[13.255767000613893,52.48324889844347],[13.253786831274477,52.48045863463992],[13.253013769486254,52.47968731943213],[13.250605949109053,52.477829571567526],[13.249268463443103,52.47698072916322],[13.247038595689522,52.47581797900022],[13.24523438682539,52.47467511480012],[13.24516522569328,52.47470804886701],[13.242607765802486,52.472715218742664],[13.242127551858715,52.47216723616028],[13.241353378878367,52.47172156282338],[13.238795809282928,52.46970204023978],[13.23911496149174,52.469558840194885],[13.238348528343627,52.46919441754334],[13.239038330988551,52.469040652703356],[13.252631040231499,52.46674692142977],[13.255608598653925,52.466751711484704],[13.259092985839038,52.4664991032669],[13.260282291149181,52.46693046535823],[13.260855514209737,52.467398468970856],[13.26162550781503,52.467772804530895],[13.2623149908278,52.46717337159938],[13.263547821459218,52.466951681201095],[13.26427696019732,52.467001281063524],[13.266612592385401,52.467306678621206],[13.272461279410809,52.4679515149087],[13.27780284337241,52.468568779475504],[13.278687033822955,52.468609758396596]]]},"properties":{"BZR_ID":"044007","BZR_NAME":"Grunewald","BEZ":"04","STAND":"01.01.2021","GROESSE_m2":7585199.79}},
{"type":"Feature","geometry":{"type":"Polygon","coordinates":[[[13.516003202949134,52.401787702357645],[13.517139249121499,52.401548599109915],[13.518627215791067,52.40109240899059],[13.52179753007529,52.40057130531298],[13.52281838609408,52.40005766522149],[13.524600833061497,52.39938358427415],[13.526388023600688,52.398935608115316],[13.529692554764342,52.39730152875258],[13.533687094356553,52.39886995392932],[13.535062144179436,52.39926186064973],[13.53705697569376,52.39998735980764],[13.53843183796844,52.40063327683542],[13.538209730662562,52.3999778040874],[13.537508707920496,52.398992600979895],[13.538737924369434,52.3989567517305],[13.539985185910686,52.399126631985595],[13.539935060576616,52.39925448651337],[13.540867213781224,52.39939316715215],[13.540914515412592,52.39928090542064],[13.543330157423235,52.39967086314287],[13.545287631008998,52.400265805035495],[13.546259987474029,52.400617403874094],[13.548256656374342,52.40147535567031],[13.548659667973046,52.40173713480443],[13.549303955858402,52.40179578944436],[13.550165639550588,52.40232386993882],[13.550692063248125,52.40276096210886],[13.552178174929445,52.404369181995705],[13.55305071565679,52.40321222252092],[13.555361711946395,52.40478031696429],[13.558072924073134,52.406340597137614],[13.561068289463,52.4083417418132],[13.563941559235001,52.41070075163845],[13.565297404796256,52.411884099665755],[13.566829434375675,52.413456833023545],[13.567071023474877,52.413614251466015],[13.568667000194791,52.41573418013306],[13.56600870642864,52.41736104570682],[13.562470782386724,52.419913998712],[13.558220591109384,52.422921246244705],[13.555847256896937,52.42462524847602],[13.555366153747032,52.42482449243322],[13.554271361981257,52.42575739900456],[13.549994933893636,52.42520933507551],[13.549430323602229,52.425047763228434],[13.546386118533944,52.42483954446909],[13.54513376129122,52.4248403241329],[13.544565951247357,52.424955164302524],[13.543593297847838,52.42497015982018],[13.528463373011757,52.425799253002765],[13.528247061809004,52.42555964595901],[13.527968066467727,52.42583309740227],[13.523917859633078,52.42604424049639],[13.523310202951519,52.42598495377558],[13.521520269021801,52.42609475265618],[13.52046033041446,52.4262420377876],[13.519606468708893,52.424630497737574],[13.518437754100898,52.422909657135904],[13.518651032900229,52.42225508182327],[13.519482827613563,52.42142349564324],[13.519912952157524,52.4213472243032],[13.520503618012176,52.420836236904414],[13.52084538146105,52.41954336129735],[13.52212323622156,52.418431860979915],[13.522130938618849,52.41735059087949],[13.522498771789245,52.41625472500258],[13.522960832472966,52.415450375323154],[13.522260860861312,52.41443013051054],[13.522626736686599,52.41415348028379],[13.524063305474241,52.413592353754595],[13.523226628945924,52.41265431230604],[13.523445999085709,52.41242156695023],[13.523013583205547,52.41213531943917],[13.52348038497995,52.41166986490097],[13.522933848556045,52.4110404941747],[13.523207283354251,52.41081319003736],[13.52224267178961,52.40832221913255],[13.521788784753188,52.40744220500155],[13.520595298433884,52.40640470767989],[13.520706654444155,52.40629328096058],[13.519053344147226,52.40512342650027],[13.519330755634686,52.404940165501635],[13.518769847718767,52.404664124322665],[13.51665170510196,52.40333394238975],[13.5169795653334,52.40283862717264],[13.515984868976332,52.40218553562645],[13.516003202949134,52.401787702357645]]]},"properties":{"BZR_ID":"093009","BZR_NAME":"Altglienicke","BEZ":"09","STAND":"01.01.2021","GROESSE_m2":7714216.883}},
{"type":"Feature","geometry":{"type":"Polygon","coordinates":[[[13.333095555641238,52.57823850853514],[13.332861287396769,52.57830613146736],[13.330534818779759,52.578258225706335],[13.329167606458517,52.57817339376751],[13.32740032474682,52.57817623099116],[13.326898095447408,52.578117930492034],[13.3247908552883,52.578691748423935],[13.323686171059371,52.57865927220568],[13.322814440296261,52.5784332802863],[13.319963238907004,52.578158484503994],[13.317416578449947,52.577823581157176],[13.315050774057369,52.57777173677055],[13.310458000028234,52.57761666910598],[13.309435198606224,52.57760773285905],[13.308226005901432,52.57771421349818],[13.307951608656802,52.577289940391275],[13.30036710115382,52.56997802546591],[13.300724986807154,52.569829558920496],[13.3003976060099,52.56966465548239],[13.301144124396064,52.56930847037804],[13.303663059336166,52.56836814803531],[13.305756258827369,52.56798607036945],[13.306288028119626,52.56722393268428],[13.307310780738659,52.56628720270296],[13.308025057521874,52.56587710643944],[13.30956681969674,52.565149966414836],[13.310752150777237,52.56479142728057],[13.311369083126554,52.56564642761658],[13.311039746522985,52.56573226972302],[13.311160382016482,52.566621323319495],[13.311597120194483,52.567224427814445],[13.312957018993497,52.56689464614055],[13.314218751060338,52.566450459828516],[13.317029794366057,52.56582115066904],[13.318956758148634,52.565453416510195],[13.320588707258532,52.56504839690448],[13.326713893976764,52.56343348160981],[13.326269242602482,52.56244743587041],[13.32679478032545,52.562382082495006],[13.330922933458623,52.56215127958253],[13.331792139708435,52.56165918596783],[13.332239023682934,52.561867620580415],[13.328665894527312,52.56389205464954],[13.328403432541615,52.56436461577239],[13.332391067527196,52.575610379678714],[13.333041514720415,52.57768165024371],[13.333095555641238,52.57823850853514]]]},"properties":{"BZR_ID":"122003","BZR_NAME":"West 4 - Auguste-Viktoria-Allee","BEZ":"12","STAND":"01.01.2021","GROESSE_m2":2587760.912}},
{"type":"Feature","geometry":{"type":"Polygon","coordinates":[[[13.315476941895078,52.45326322289109],[13.31795433276519,52.45406548705786],[13.31837341256647,52.45408251559614],[13.319164343324823,52.45322042176174],[13.3195567854042,52.45349660911437],[13.319903478501116,52.45316186368367],[13.322911614627378,52.455385893364635],[13.324355131927899,52.45483082001852],[13.325350469435389,52.45560486877579],[13.325576737593945,52.45551193841983],[13.326424711007999,52.45647454149849],[13.32454890538559,52.45650058772958],[13.32414754211336,52.456164804901384],[13.322960809768235,52.45652395025588],[13.32289417092997,52.45664076357151],[13.324783026982807,52.45816634064096],[13.325016372043528,52.45815374941318],[13.326884230422236,52.459790324597705],[13.326455933202617,52.46122720444159],[13.326760400655232,52.46136807153952],[13.328587824494372,52.463308569022985],[13.330629407625157,52.46515184367223],[13.329365017082548,52.46557293226199],[13.328164221724723,52.46433308450797],[13.32786999397751,52.46450128672122],[13.320992758185533,52.466963125172654],[13.319982932785129,52.46698046080065],[13.3114244903762,52.467124663139764],[13.31065430401427,52.46690198325939],[13.309941559969383,52.467227910994914],[13.309511821014901,52.466828914542525],[13.308319864426071,52.46617031815669],[13.307350465310144,52.46604634998828],[13.30614657636534,52.4656872570263],[13.305377983248263,52.46416238848702],[13.304918457749727,52.46293509568095],[13.304139888423434,52.45884252932733],[13.304256322384346,52.458633632502796],[13.30715562399643,52.45915196890761],[13.306816139748026,52.45775640298996],[13.307876466891717,52.45699170457932],[13.308860179951067,52.45601570337619],[13.309140965267048,52.455858028587656],[13.308537059406142,52.45555598014411],[13.310325939394577,52.45396465486871],[13.312418802421979,52.45312845708105],[13.31281938786266,52.45279279286236],[13.313505715484768,52.45260571050027],[13.315476941895078,52.45326322289109]]]},"properties":{"BZR_ID":"061001","BZR_NAME":"Schloßstraße","BEZ":"06","STAND":"01.01.2021","GROESSE_m2":1940086.26}},
{"type":"Feature","geometry":{"type":"Polygon","coordinates":[[[13.371550278533086,52.42919313554857],[13.371207324278798,52.429899554550595],[13.36976020092627,52.43215036199542],[13.367668356089471,52.43560126662663],[13.36706655829984,52.4367954431415],[13.366133346413244,52.438480094085755],[13.36524259124133,52.43986045927894],[13.3634146105517,52.44281480866692],[13.362644561930423,52.444148596031894],[13.362384054543528,52.44457290749344],[13.361171303797521,52.443889136634375],[13.36017560979546,52.44347976351061],[13.358634075502762,52.443099085712525],[13.35748765431532,52.443006462113],[13.355937843616127,52.44298069753489],[13.35320345834947,52.443401972497625],[13.349972056416455,52.4440109730148],[13.346479831285166,52.44479546089391],[13.344813442514365,52.44504984077597],[13.3420058126357,52.44519976269818],[13.34008844533381,52.44539214065391],[13.338841041400972,52.44538524168342],[13.335655910196916,52.445587019281334],[13.33338599663002,52.445564083576826],[13.332146213179575,52.445451933822675],[13.330611101574902,52.44522415529861],[13.32933331316296,52.44490393916105],[13.327624706252662,52.444311448324235],[13.327712533152068,52.44424585845148],[13.328470617763303,52.443618737619026],[13.328598282664302,52.44307168884496],[13.328836338521127,52.44298925006077],[13.328019068856728,52.44264866114553],[13.32781716657805,52.441624569451974],[13.327990445808487,52.44118393945837],[13.328506795307737,52.44082972828748],[13.32707785276263,52.440005097729795],[13.327287968090676,52.43992232072271],[13.328230353147156,52.43775954673608],[13.330393915982777,52.43406553962091],[13.33076302812733,52.43350767317537],[13.332118930865848,52.432761022251334],[13.330784565359393,52.43199734471031],[13.331941164289253,52.43117659006263],[13.33272461249154,52.4297018511787],[13.33178220154923,52.429463784301795],[13.333452678385484,52.426979355496236],[13.333092860299708,52.426889348974626],[13.333862496636826,52.42574887402689],[13.33371882488079,52.425569190469965],[13.334482631227214,52.424417273316514],[13.333187621832128,52.42409656417615],[13.33353408020647,52.42323650519255],[13.333724265576185,52.423065905985645],[13.335633985360838,52.42273762513534],[13.335574295248025,52.42269452574613],[13.34039448429608,52.4163205528975],[13.341671892968508,52.41609769328719],[13.34547129017522,52.41525478908011],[13.34583331979316,52.41519495658614],[13.345974006978267,52.41544225221645],[13.348322830076938,52.416225244928675],[13.350814224678299,52.41697482580414],[13.352398657062112,52.41760820886206],[13.35521704010532,52.418507992207154],[13.358954341073506,52.419867656482744],[13.359184493748213,52.4200667886274],[13.360291472750013,52.420574697910176],[13.363204206952611,52.42141132754729],[13.363618868122298,52.42165965191985],[13.364162260710092,52.422308437094046],[13.367918362366154,52.42761131643231],[13.368479431516233,52.427585163593896],[13.371154300838107,52.42879722757828],[13.371550278533086,52.42919313554857]]]},"properties":{"BZR_ID":"062003","BZR_NAME":"Lankwitz","BEZ":"06","STAND":"01.01.2021","GROESSE_m2":6993117.899}},
{"type":"Feature","geometry":{"type":"Polygon","coordinates":[[[13.447658571786938,52.54712924815164],[13.447237006730134,52.54733867153723],[13.447010898387596,52.547170121492975],[13.44274151868571,52.548663470328144],[13.440700590784347,52.54917151968545],[13.433992026249816,52.55093906131427],[13.432289684567746,52.551181697964495],[13.43007134891347,52.55175559175435],[13.429976420807204,52.55154478863049],[13.427276640526248,52.55258756122092],[13.414933861939906,52.55395123074858],[13.414552870731077,52.55217327273718],[13.414048592963216,52.549292379006936],[13.415516069414199,52.54896791966806],[13.417383321509,52.548366012029604],[13.419323311999857,52.547648621998086],[13.419912449701389,52.547542167576495],[13.421224718649697,52.546968133322586],[13.42393854409411,52.54546018567968],[13.42526947788709,52.544764419529024],[13.426771112290686,52.54418748502842],[13.430542297345871,52.54291223329733],[13.431445966335431,52.54251634503951],[13.433102929534424,52.541924522170945],[13.433892031707355,52.54143173106558],[13.4372385413973,52.54020167144783],[13.438035219015884,52.540842870703116],[13.442410497135771,52.544603905866715],[13.443301605606468,52.545158249704265],[13.447658571786938,52.54712924815164]]]},"properties":{"BZR_ID":"036012","BZR_NAME":"Prenzlauer Berg Nord","BEZ":"03","STAND":"01.01.2021","GROESSE_m2":1659900.786}},
{"type":"Feature","geometry":{"type":"Polygon","coordinates":[[[13.472994249844142,52.43240969188917],[13.4730648367874,52.43232306602611],[13.47257208675282,52.431492539950234],[13.471588575690502,52.430315930160006],[13.470474924294162,52.42935310935298],[13.469610472879523,52.428760062636236],[13.465102462343436,52.4260827156597],[13.464172412913427,52.42546989511456],[13.463436878615585,52.42480597216908],[13.462772695756847,52.423909139765456],[13.461308521730665,52.4215304941384],[13.46164540948749,52.42145295105589],[13.460893842041795,52.42074987103036],[13.463547675813823,52.42108040630305],[13.468018014509747,52.420032806838215],[13.47101882005571,52.41988077329728],[13.47100612352762,52.4198146231663],[13.47364059092494,52.41967894974708],[13.47365016077318,52.41975356481643],[13.477077485272584,52.41960139007957],[13.478694434920888,52.419699766015995],[13.479966692525698,52.42006863694625],[13.48078446417304,52.42075757368653],[13.485082677991052,52.4240623520679],[13.485080113841752,52.424173602200284],[13.482723421280998,52.42588046366571],[13.481936986603797,52.42573087124781],[13.473787770378635,52.42595165644443],[13.47386449118541,52.42599452745597],[13.473966852976647,52.42742884442117],[13.473782018240836,52.42812354894928],[13.474014568531478,52.42821147178745],[13.473613468572227,52.428606003285104],[13.476583108454452,52.429747694156916],[13.47479998047391,52.430979819675095],[13.474461320312248,52.43077800565628],[13.473943835457888,52.43110561713191],[13.474745265234656,52.43158123065992],[13.472994249844142,52.43240969188917]]]},"properties":{"BZR_ID":"083010","BZR_NAME":"Gropiusstadt Ost","BEZ":"08","STAND":"01.01.2021","GROESSE_m2":1132957.991}},
{"type":"Feature","geometry":{"type":"Polygon","coordinates":[[[13.541878229209484,52.56610042255006],[13.542514825630512,52.56619047383423],[13.543917115423493,52.56661822444401],[13.54462751797613,52.566943146563524],[13.545733632326261,52.567790768960705],[13.549632916307779,52.56866727922695],[13.555815500400085,52.57012962247757],[13.560609743265058,52.57124524693849],[13.564413958299312,52.57219621816259],[13.566464568086802,52.57292993668943],[13.566749159633966,52.573610768054934],[13.567704769763404,52.574509078099894],[13.566898100779612,52.57547075594044],[13.566501970333006,52.576173923859244],[13.56520770241215,52.577356236163084],[13.564522950047515,52.57819728005725],[13.563327635068866,52.57910410646075],[13.561855544365748,52.58039075673644],[13.559779656853951,52.581740579043974],[13.555472096704065,52.5841501585585],[13.554186786944054,52.58468739719954],[13.551712681855259,52.58583671115433],[13.549501818044234,52.58671301900246],[13.546986878036847,52.587643240057254],[13.547125165505582,52.58785303824112],[13.541668073983875,52.58914605966995],[13.534028976397405,52.590856371021076],[13.527693517443176,52.5922345256356],[13.527184043065638,52.592231130083626],[13.52287882087627,52.5927484228685],[13.513945363975484,52.59238658808866],[13.508118638536585,52.59213781210638],[13.505176104468829,52.59646285604881],[13.501821397604258,52.595122542858284],[13.488961215842325,52.59005024585699],[13.488404905792738,52.589784046620906],[13.486945253765397,52.58883900260755],[13.486003978301579,52.5880137194511],[13.485365409735984,52.58723134838213],[13.484646283983263,52.58561831810035],[13.484330404730455,52.58563809196143],[13.483565823563039,52.58407669156581],[13.481974641319162,52.58400206934282],[13.48161251098328,52.58331509854425],[13.480477023940502,52.583533377981006],[13.480009815148719,52.58224991942228],[13.47973086933851,52.58116718820016],[13.479735411999915,52.579603550036644],[13.479942766360438,52.57920119938784],[13.480204547442613,52.57791389865055],[13.479990404697404,52.57769487359173],[13.47991450177505,52.57541498457366],[13.480080939035986,52.57513811568071],[13.479791028444993,52.57451257370141],[13.479459407440643,52.572694058390944],[13.481054179230119,52.572618291026274],[13.482027042925523,52.572494358648264],[13.482795363462238,52.572631842080725],[13.482601034572799,52.57163500258048],[13.487588495068445,52.56921866285723],[13.489604283593536,52.5682312306526],[13.49089267581646,52.56926411817784],[13.490753961775397,52.569715626064145],[13.49039731361163,52.570105671476185],[13.490021199480196,52.57080528490094],[13.489921533726394,52.571395021347634],[13.490133154972437,52.57201831699841],[13.490604047063034,52.57240869115768],[13.49180605655359,52.57278382512676],[13.49140471353558,52.57357823591536],[13.494674267209927,52.57369599582879],[13.494912352125986,52.57373587638053],[13.497950157567388,52.5752354112508],[13.498231061043947,52.57541534878768],[13.498371394230725,52.57616806514186],[13.498810730317272,52.576505777527025],[13.498909492898575,52.57669454351133],[13.499861020725655,52.57713963120022],[13.500651295007534,52.57738032050102],[13.502072494427969,52.57751482220065],[13.503209629356142,52.57778668391164],[13.504466806672779,52.57786743051977],[13.505409373340992,52.5778307459283],[13.507235582905222,52.5782944001866],[13.507768946821063,52.57848959911389],[13.510012474712966,52.578960244691],[13.509946494204508,52.57825101963335],[13.511584006982531,52.57821173714606],[13.511459095068664,52.57668239401987],[13.51243765966213,52.57657362183301],[13.512294804116298,52.57541180732648],[13.512115628536526,52.57471446277853],[13.513426157932322,52.57466818671915],[13.513056620966806,52.573888173785114],[13.513116410325255,52.572781815995526],[13.514281563105813,52.5726925267281],[13.515329071728944,52.57240747611916],[13.517819742046953,52.572259270577],[13.517894136649705,52.57253126751716],[13.519493961112055,52.57233731947407],[13.520463090047022,52.57235278802742],[13.520807826724928,52.572128601837576],[13.522264064635594,52.57189183309832],[13.525485718457718,52.57115466901575],[13.52888511317745,52.570701112167185],[13.530030141186796,52.57059759927663],[13.529686679221165,52.56997349555076],[13.531426865745694,52.57018825400046],[13.532485656661146,52.56994194284994],[13.533881397466182,52.56920642238944],[13.53383636477068,52.568811346046616],[13.53475617871419,52.568193436821026],[13.535802814735487,52.567715988783895],[13.535910582343659,52.56780072072822],[13.536826438670934,52.56736800315501],[13.537890183710854,52.56780905588687],[13.541344190213035,52.56642669407282],[13.541878229209484,52.56610042255006]]]},"properties":{"BZR_ID":"111001","BZR_NAME":"Malchow, Wartenberg und Falkenberg","BEZ":"11","STAND":"01.01.2021","GROESSE_m2":11507475.23}},
{"type":"Feature","geometry":{"type":"Polygon","coordinates":[[[13.357735095606492,52.538685601568886],[13.359530643496008,52.53959751059866],[13.3632463671928,52.54127454407511],[13.363162897197352,52.54138049146197],[13.365294687883335,52.542133665185084],[13.366298021173687,52.542570890836586],[13.361940412580786,52.54504303374054],[13.368975007076337,52.54493870266516],[13.369180551020827,52.54530638161258],[13.370211723217519,52.54513110964676],[13.370517980521395,52.54572067189527],[13.378184213909048,52.55047793041534],[13.380982981707152,52.55223029020044],[13.38097398944132,52.55228383475381],[13.38178412465246,52.552793142884774],[13.384154736229428,52.556126030848105],[13.368384066969025,52.5573755537212],[13.36683968149992,52.557296533351305],[13.364555655268058,52.55715719579914],[13.363890694536959,52.55698086283441],[13.359522856123336,52.554715656934036],[13.359299187857964,52.554651930094195],[13.351833298653863,52.55077652341913],[13.359168513022047,52.546615988763875],[13.357140518836745,52.54536834605022],[13.355245861310244,52.54441970838886],[13.353690095367002,52.54375663587492],[13.352304636014042,52.54325726778531],[13.349475504982578,52.542411337299306],[13.348263943448647,52.54169115126606],[13.344952141178632,52.53929606701663],[13.344657198707656,52.538930415563925],[13.346872461950346,52.53865125253697],[13.348042586442778,52.53863027827661],[13.349505516033167,52.538803088509454],[13.352024432303331,52.539345288354426],[13.352870326393546,52.53945776435652],[13.35419026125228,52.539472980232155],[13.35577502703795,52.53922797236115],[13.357735095606492,52.538685601568886]]]},"properties":{"BZR_ID":"014010","BZR_NAME":"Wedding Zentrum","BEZ":"01","STAND":"01.01.2021","GROESSE_m2":2504988.787}},
{"type":"Feature","geometry":{"type":"Polygon","coordinates":[[[13.467363053613337,52.54832073417547],[13.466753418427144,52.550005448726424],[13.466606284603808,52.55079304724134],[13.466273214023513,52.55135419990099],[13.466144759825932,52.55195683519513],[13.466724867150813,52.55235523251285],[13.46731012498465,52.552965052797205],[13.467826555094913,52.55394415438952],[13.467830138051626,52.55507124268195],[13.467545889241533,52.556256804209525],[13.466990610559368,52.55733639448362],[13.466109778444824,52.55733562301419],[13.457323464451273,52.561021052762975],[13.456977408507873,52.56121172702031],[13.4511163438089,52.56367602795289],[13.44973973955787,52.564404931899396],[13.44912815842813,52.56462673911201],[13.447416312394072,52.56490990306925],[13.447342956380858,52.5646804898622],[13.447969952343637,52.5640758343713],[13.445903242569017,52.563274159016814],[13.443932792680737,52.56260775863077],[13.442500186994137,52.562038528039196],[13.439500125902239,52.56066810370766],[13.43695712063953,52.55958690746219],[13.435607622999472,52.55879963337861],[13.434274690254398,52.55830582133759],[13.432960576525588,52.55793259644976],[13.429611361504488,52.55673055096155],[13.429365079322128,52.55670586687655],[13.428905160864629,52.556386895214956],[13.430113287950727,52.55184801793463],[13.43007134891347,52.55175559175435],[13.432289684567746,52.551181697964495],[13.433992026249816,52.55093906131427],[13.440700590784347,52.54917151968545],[13.44274151868571,52.548663470328144],[13.447010898387596,52.547170121492975],[13.447237006730134,52.54733867153723],[13.447658571786938,52.54712924815164],[13.448031804143756,52.54680751834451],[13.451246650098067,52.54549258408694],[13.453117557077531,52.544770044083194],[13.453597121295692,52.54452958935895],[13.454481260801247,52.54483192366245],[13.454762338049845,52.54453711124856],[13.45507222466594,52.544640497810526],[13.455620567223152,52.544044404640864],[13.455062470450258,52.543673544130385],[13.460070235058224,52.54157010162291],[13.463116632235359,52.54024647015235],[13.46731015936167,52.53849516740737],[13.469840571563271,52.54045833240523],[13.467017477047733,52.548071003720565],[13.467363053613337,52.54832073417547]]]},"properties":{"BZR_ID":"035009","BZR_NAME":"Weißensee","BEZ":"03","STAND":"01.01.2021","GROESSE_m2":4233934.244}},
{"type":"Feature","geometry":{"type":"Polygon","coordinates":[[[13.26423473464725,52.626862939924955],[13.263431393724899,52.62717886257308],[13.262377249263698,52.62732255392034],[13.261690640352214,52.627522277204434],[13.260303237126557,52.62774283273159],[13.25701411632399,52.62766584996535],[13.255684291135195,52.62750200248138],[13.254214151175292,52.62746360162862],[13.253238858074392,52.6273419948519],[13.251735171324059,52.627306512029385],[13.2491327554289,52.62747555014953],[13.247998785925363,52.62729508134585],[13.246063649307287,52.62728554774999],[13.244998017207456,52.627571126924124],[13.243301784823297,52.62819002369909],[13.242090490224639,52.6282898899953],[13.24031062152829,52.62788519583753],[13.23969468743338,52.62782773435876],[13.235784004271204,52.627799346783355],[13.23334107762495,52.62756073344993],[13.230395758432847,52.62738870548266],[13.228098278183035,52.627544268588586],[13.225922829850553,52.62785690086183],[13.225875964727974,52.628265888656344],[13.225123450165425,52.62840856989324],[13.22525393306877,52.62820276706183],[13.224241825621666,52.628413805488364],[13.223005438573136,52.62819844700443],[13.220543762667745,52.62831700935162],[13.220692626772772,52.6278076321497],[13.22030058077656,52.626925618776276],[13.2202559059363,52.62611529555309],[13.220070225461253,52.62527531340892],[13.219760483958423,52.624437602095604],[13.218177675186087,52.622347285210765],[13.216762745651861,52.62016227002266],[13.214823567879696,52.61926318958317],[13.209631259026462,52.61230089601385],[13.206882137704495,52.609135849102415],[13.206035996796079,52.6085479761907],[13.205026722921188,52.608138464115434],[13.202644788701239,52.6075225843342],[13.201852197811078,52.607045752518246],[13.201625310972977,52.606551001616516],[13.20169987655998,52.605491677095955],[13.202323641513635,52.60424901675887],[13.202636853773226,52.603961665366285],[13.205084122696126,52.60203215150694],[13.205807001512222,52.60142036777729],[13.207265121759374,52.599840132065964],[13.20818331942407,52.59901060219392],[13.21128989757439,52.5968229275382],[13.21531977914237,52.594966796223844],[13.218114662827603,52.5931955466353],[13.218853504138378,52.59237059977589],[13.219252486774538,52.591399978266985],[13.218878055177786,52.59048108434774],[13.217397097222403,52.58747708363337],[13.216434647939796,52.58571360339467],[13.215361662261863,52.58475830378887],[13.215170890636722,52.584333120262585],[13.215431307677038,52.58352838604805],[13.216162168090912,52.58296217392385],[13.217208371041671,52.58240288215748],[13.218083572234766,52.5814619655281],[13.218309223853021,52.5809605774964],[13.218013348666034,52.57970207623664],[13.21795924308996,52.57854011951043],[13.21886160091567,52.57715778699041],[13.22024057559367,52.57605440009301],[13.22204234668578,52.57493968915549],[13.22392093114595,52.57420353642247],[13.225079076298544,52.57314500055919],[13.225265284179093,52.57260500216588],[13.225182484968693,52.57178677487874],[13.225304909159647,52.57122184950239],[13.226725368930381,52.56932987877412],[13.227044930313262,52.56780891105218],[13.227393468644568,52.56741468718196],[13.228126231784739,52.56685396946573],[13.228538316116605,52.56636461335764],[13.228709096841595,52.56583251560245],[13.228559354033749,52.56512939193122],[13.227964164929654,52.56408719532725],[13.22804266864666,52.56337869394361],[13.228327502884978,52.56309819664033],[13.230729107662947,52.561397743115506],[13.230857128453739,52.56164734668664],[13.231745700436058,52.56168706707026],[13.233309823836322,52.56126910092646],[13.233927826520095,52.560367550252366],[13.234092100400046,52.55991586717864],[13.234614405378343,52.55929851763729],[13.235312864484914,52.558966737350566],[13.236243460212302,52.55867695101608],[13.237376122930344,52.55862991070795],[13.238377457435439,52.559101459877056],[13.239041094427424,52.559228186610255],[13.239220234203787,52.559704204386506],[13.240090334028647,52.56018801640942],[13.240717554981817,52.56121129077133],[13.24165854711931,52.56187816951898],[13.242566000890045,52.56193319784498],[13.243662102782839,52.562285500792456],[13.246929270050146,52.56232258261848],[13.247810889852781,52.56267436787583],[13.248043615620766,52.563024072962065],[13.247957068871255,52.56361723797543],[13.248541035315727,52.56399470730246],[13.249230401279744,52.56417870092839],[13.249848034662133,52.56393096322862],[13.250922998590376,52.56413497997874],[13.252563089556732,52.564861255952216],[13.253844045386613,52.56499056006819],[13.254183605615886,52.56524325406494],[13.254853564778461,52.5665133748024],[13.25556025101347,52.56674853762187],[13.255932181972655,52.567228230025094],[13.25575918251202,52.568023375208654],[13.255990201688117,52.56847390056286],[13.257185560236916,52.569789603093014],[13.2577285091961,52.57106260637191],[13.257907131950805,52.571267539397525],[13.258233899095806,52.57273215615102],[13.258083932261604,52.572765202715814],[13.258988132842761,52.573765179161505],[13.259613933906408,52.57404722821356],[13.261092691757565,52.57432768982269],[13.261910397893473,52.574896094608796],[13.26264101949188,52.57519625030738],[13.263580005515484,52.575722031129786],[13.26361739509111,52.57610837439316],[13.266407013606694,52.57762220785244],[13.266979797956358,52.577819578398454],[13.26739982729753,52.5781790626724],[13.26896114006165,52.57857018610314],[13.26965914474259,52.578673418938884],[13.270166565556504,52.57857364979777],[13.27085370941489,52.577933852406865],[13.272926054289913,52.57796905257258],[13.273669163194661,52.57804441686123],[13.27453584188531,52.5778316300845],[13.274876838243008,52.57823796343623],[13.273931119985752,52.57911584732109],[13.27362801782067,52.57988979852271],[13.273804224258715,52.580890417288316],[13.274214918710612,52.5814137867446],[13.27498202437369,52.58151696488048],[13.275021042321136,52.58175888229767],[13.2743230977734,52.5818849788076],[13.27407370282612,52.58244076151095],[13.274900785868695,52.58404087426886],[13.274595222288253,52.584301331839804],[13.275461268111425,52.58505396265457],[13.27379698805753,52.58744612499298],[13.272838399064229,52.58850604596043],[13.272048999710375,52.58892416507926],[13.272438869614886,52.58924732471793],[13.272115411292608,52.58926648284861],[13.271791212823498,52.588980964679685],[13.270909420607213,52.589372610827155],[13.271566074612617,52.58966000333751],[13.270841507195149,52.59000017613941],[13.269671779882204,52.589455956015435],[13.268708935636342,52.589502377027614],[13.267369565910169,52.589297454446026],[13.266263519080264,52.58948331662081],[13.266121075913277,52.589775763878585],[13.26661044787056,52.58988857492605],[13.267029541927418,52.59024851051929],[13.267155417122295,52.590725084352094],[13.26689152679956,52.59150120237398],[13.266378382295658,52.59213970283396],[13.265362203312774,52.59280454952538],[13.264509628950162,52.593067319790805],[13.264572399526182,52.593164046096454],[13.26296984476496,52.59376010113895],[13.264710899745973,52.59502717932221],[13.26555062130487,52.59555044803447],[13.267141550561357,52.59606150933812],[13.267993487986859,52.59615617061876],[13.269614840092133,52.59613519835379],[13.270523609220078,52.59620077641143],[13.271732505770645,52.59655352589085],[13.27426319708552,52.59742876658844],[13.27506201390446,52.59780017603781],[13.276620782405985,52.59661247217568],[13.278024881174153,52.59774890188022],[13.280264677754737,52.598857210381574],[13.280804944613063,52.599218702389834],[13.281188861742558,52.59970158609044],[13.282060232301186,52.60069649023473],[13.284105860234137,52.60143329018967],[13.28488441668836,52.601566749027846],[13.286807292595531,52.601448892027896],[13.287948794580663,52.60177333683557],[13.28843789480069,52.60226948621271],[13.288281931836647,52.60244234228521],[13.28905913679143,52.60314244397864],[13.288484599119089,52.603393750152016],[13.289001250381142,52.603842534489516],[13.289153787185088,52.60432978024265],[13.289637841107194,52.604348955379066],[13.285518982148915,52.60728508015094],[13.281348213775534,52.61018452576424],[13.293516058227961,52.61656255556108],[13.285444869654292,52.62218686198843],[13.289537645730269,52.62432230675435],[13.289111414765426,52.624725261656785],[13.28839630488051,52.626135894038526],[13.285879534388826,52.6257535856791],[13.283924976965325,52.625673117338735],[13.28211598036086,52.625428429276795],[13.281232643722799,52.62516591454254],[13.280103490531959,52.625091117839155],[13.278212019219149,52.624835929392],[13.27726079315776,52.624770273306844],[13.276141690816573,52.624807442798705],[13.274944549576503,52.62508381446893],[13.273890761598695,52.62544900018299],[13.272580599927588,52.626030062803736],[13.27136070843498,52.62613695362666],[13.270066138670867,52.62612765547178],[13.267784337997746,52.62602308854409],[13.267224935925181,52.62623503472547],[13.265797884237132,52.62630728783965],[13.264955932465776,52.62652447280064],[13.26423473464725,52.626862939924955]]]},"properties":{"BZR_ID":"124006","BZR_NAME":"West 2 - Heiligensee/Konradshöhe","BEZ":"12","STAND":"01.01.2021","GROESSE_m2":28862727.38}},
{"type":"Feature","geometry":{"type":"Polygon","coordinates":[[[13.300825290766138,52.487816099166835],[13.300685324476108,52.48775263347958],[13.296266136100957,52.485365631535494],[13.28599830749216,52.47978641383695],[13.284655616009394,52.47897644653906],[13.281436305486235,52.476895916999815],[13.279130782062477,52.47524687933338],[13.278778232033046,52.47478428223768],[13.278857036793923,52.47326003210625],[13.278687033822955,52.468609758396596],[13.278725417038624,52.46853689421248],[13.281092175661708,52.46884901220697],[13.282916974988611,52.469195384487996],[13.289082861051716,52.47052860439432],[13.289884863444955,52.46989194216087],[13.290176120601437,52.470329613252474],[13.29800800255226,52.46884708900715],[13.306366702087065,52.46749039551068],[13.307476733846459,52.46788044824758],[13.308566277480638,52.46742155839447],[13.309098157724074,52.4677148789288],[13.309941559969383,52.467227910994914],[13.31065430401427,52.46690198325939],[13.3114244903762,52.467124663139764],[13.319982932785129,52.46698046080065],[13.320094819900532,52.4696161941084],[13.320526610389127,52.47026534336714],[13.320142878418965,52.470744943630805],[13.320428396995743,52.47747101895287],[13.320484994818536,52.47747157087776],[13.320103253862468,52.477527667636664],[13.319879613080605,52.477341178065494],[13.317434191737554,52.47767370776588],[13.315921842146158,52.47797736104834],[13.314373486923147,52.478416869902105],[13.313461352901408,52.47875601785189],[13.312057172835539,52.4794182060366],[13.309698599454704,52.48123793140846],[13.308165171648016,52.482295054766944],[13.307227279678118,52.48301901597459],[13.306963304730237,52.4830110839895],[13.304810767952032,52.48475485389556],[13.301069886705678,52.48754681848992],[13.300825290766138,52.487816099166835]]]},"properties":{"BZR_ID":"044008","BZR_NAME":"Schmargendorf","BEZ":"04","STAND":"01.01.2021","GROESSE_m2":4082997.289}},
{"type":"Feature","geometry":{"type":"Polygon","coordinates":[[[13.611498389848949,52.47062790076937],[13.611366047078215,52.4706508833499],[13.61648640945421,52.47483041173994],[13.615451854180376,52.47530021038318],[13.613550538134344,52.47561861479365],[13.614892848698465,52.48076231925493],[13.629717744230238,52.4930370794293],[13.627444952170322,52.493319039203925],[13.62584430018981,52.49360469140317],[13.62400603577304,52.49419820226198],[13.624449170704096,52.49504537716537],[13.625757970922157,52.49705565998534],[13.62676648137776,52.499070902535955],[13.627209355515742,52.50037702825943],[13.62809067858902,52.503404995235805],[13.628899643912536,52.50555601993018],[13.629513034536256,52.50672002353135],[13.6321320821357,52.510424922658466],[13.633138622766552,52.5117076335584],[13.634180624420502,52.512846163075935],[13.635780429696984,52.51421591278499],[13.637101496546483,52.51513430028248],[13.639644665590346,52.516681970107825],[13.641408229390624,52.51791065070714],[13.642458747833885,52.51855022091903],[13.647009176933501,52.520649497865485],[13.654775917367411,52.52381950283364],[13.655645892757668,52.52422140547209],[13.658501530449277,52.52594501428094],[13.658093081969028,52.52638048286649],[13.65755574646595,52.52774833449578],[13.656910998311066,52.529836996770555],[13.65312732618878,52.52977486508131],[13.65098379729281,52.52980544806207],[13.648536691603155,52.52964062647294],[13.64625493291372,52.529680136369436],[13.643682278255428,52.52988942270417],[13.641682919232075,52.530321642966356],[13.640630899767386,52.53042187724656],[13.636793256029291,52.530505728977545],[13.634405818242248,52.530477935660976],[13.631559150947998,52.530572121979375],[13.626775038465475,52.53016612935596],[13.62600574277363,52.53040204750752],[13.625688422150096,52.53018353654692],[13.625833149397597,52.5296172941534],[13.626118039613463,52.52951112053658],[13.625726992254124,52.52912237570136],[13.625271529596917,52.529291588736],[13.621385601998528,52.52703948064939],[13.621959124771019,52.52675754577658],[13.619803886954763,52.52513412152621],[13.61670784071886,52.522886596409315],[13.614648750555665,52.521529536927886],[13.61330123446581,52.520458661147636],[13.612388450059967,52.519509254446014],[13.610936689409037,52.51750145079255],[13.60926963640321,52.51597402367089],[13.606683439882827,52.51391359096477],[13.605115527042477,52.51248364344227],[13.604248633744236,52.51251954428277],[13.603923893698155,52.51238861851303],[13.603172530581364,52.511399108698384],[13.601824001063711,52.509476947033264],[13.599691536196229,52.50698904860665],[13.598883748717755,52.50569467161503],[13.59845493571337,52.50474109757317],[13.598515971480653,52.50463503644357],[13.597773045579368,52.50289310890765],[13.596985608812405,52.501778003151124],[13.595684538225168,52.49902802482311],[13.59580977777986,52.498631727288306],[13.596326267316758,52.49792582244217],[13.59714636851989,52.49746892213478],[13.59853970108534,52.49719384247029],[13.59931279797962,52.496789911217945],[13.599462674990098,52.49635182417519],[13.599239359281311,52.49573189274992],[13.59856612148196,52.49436022168254],[13.59744045690353,52.494566525110606],[13.597141741006547,52.49387264442361],[13.596694369518035,52.49180354989182],[13.597245157849876,52.491754365298114],[13.59710542928863,52.491452268525734],[13.596430818853605,52.490851820420716],[13.596105062613795,52.48977182195575],[13.594953253268617,52.489933042044875],[13.593152498415439,52.490088663353795],[13.59045429500152,52.49010996989203],[13.590138475311223,52.490199748000464],[13.587925887014523,52.48725830721297],[13.586960750854663,52.48493786131875],[13.584146484931724,52.48358142234386],[13.584978230011464,52.48271091112936],[13.587210745892099,52.48159146802818],[13.586553344884678,52.481024343292894],[13.588927327251453,52.47994014846603],[13.591556200424703,52.4786366139575],[13.59393140648856,52.47739014679141],[13.595206711804012,52.47681816484721],[13.59733359440371,52.475630592081444],[13.59832747134577,52.47516055888662],[13.599619103881722,52.474391381465544],[13.599908326459163,52.474320315407795],[13.603066381938154,52.47279130935987],[13.604904490083785,52.472907263842245],[13.60837557106753,52.472854754551605],[13.608153082918252,52.47109069015004],[13.611312875962682,52.470477165986274],[13.611498389848949,52.47062790076937]]]},"properties":{"BZR_ID":"104009","BZR_NAME":"Mahlsdorf","BEZ":"10","STAND":"01.01.2021","GROESSE_m2":12975520.24}},
{"type":"Feature","geometry":{"type":"Polygon","coordinates":[[[13.485126185343768,52.53379168647303],[13.485155074514893,52.533406856733706],[13.485646360947905,52.530328220654305],[13.48560407293413,52.52853383889794],[13.485406036783468,52.52533556490748],[13.485674711751248,52.52410420176167],[13.485649969595,52.523275610071224],[13.483289213105099,52.523323210883376],[13.47944619289583,52.52314063757264],[13.4751164440635,52.523052304303675],[13.472981159678039,52.52308313016759],[13.470271982715534,52.523271062230855],[13.4702246874243,52.52309482090189],[13.467584947522477,52.52366093826985],[13.469494716700018,52.52287352739316],[13.470298635691114,52.522379222120996],[13.470992422392039,52.52181890620538],[13.47210726619804,52.52069431861966],[13.472554323689561,52.52052708548438],[13.473759990075658,52.519088241926596],[13.474196624642673,52.519116512133664],[13.476047989108551,52.51612629367589],[13.476453530643735,52.51529609108356],[13.476713587778756,52.515045668484014],[13.4777477149539,52.51472915131089],[13.47748451226176,52.51438871069221],[13.47588688279613,52.514862971375585],[13.475437732670667,52.51343320959861],[13.476974552674909,52.51329780721452],[13.48837263485685,52.51214139091101],[13.48945329598386,52.51192921238046],[13.491903804679907,52.51164295414508],[13.497314202908578,52.51118308324149],[13.4975278174151,52.51125400143974],[13.501889117750997,52.5129941362539],[13.50392576287982,52.51363242291086],[13.506585660357304,52.51423293970746],[13.507965911462303,52.514652202746575],[13.508378065160244,52.51437915581932],[13.50933198847207,52.514486508115816],[13.512667538527735,52.51462825421688],[13.518599123507972,52.5145355391571],[13.518740985714164,52.51444087820396],[13.518956302046684,52.51843827692242],[13.519106401039261,52.51960797073376],[13.519436863008213,52.52384414854287],[13.519293095337956,52.52580512414689],[13.519118476052808,52.526118331996926],[13.519154477568737,52.52711738706993],[13.519032725821827,52.528956036671026],[13.518615662170186,52.532894694594106],[13.518092355001453,52.53393468635439],[13.516878717794008,52.535544196954305],[13.505637570216976,52.534776216653306],[13.505649194810653,52.534953628648964],[13.504650244996748,52.53486641345402],[13.498346839638465,52.53451079638562],[13.495439433449047,52.53445062917305],[13.485122031409519,52.53386139412613],[13.485126185343768,52.53379168647303]]]},"properties":{"BZR_ID":"113007","BZR_NAME":"Alt-Lichtenberg","BEZ":"11","STAND":"01.01.2021","GROESSE_m2":6345384.345}},
{"type":"Feature","geometry":{"type":"Polygon","coordinates":[[[13.313660985909676,52.49004530744768],[13.313324303183386,52.490318759336276],[13.312241351356551,52.491563566436106],[13.310891121952826,52.49255636326156],[13.309579313178368,52.4937080111507],[13.308846108428751,52.49444495309635],[13.308244836439377,52.49547903973585],[13.306765574200071,52.49976547122205],[13.307358974659511,52.49985716175917],[13.306773008622676,52.501061672168454],[13.306326609754699,52.501656811867285],[13.304898022750724,52.50331392147126],[13.304068195489865,52.504358684120895],[13.304007774401642,52.504440474111384],[13.30323515146307,52.50417238841212],[13.298235181612299,52.503055222268024],[13.297327261035129,52.502764771031806],[13.295847339938597,52.502481305804565],[13.295302310736547,52.503316730758236],[13.289796570539927,52.502527080108344],[13.288233825048598,52.50237299141465],[13.28746530581589,52.50236792030023],[13.284873844499163,52.50147039501478],[13.285287405141638,52.50097803298896],[13.284359858581716,52.50068783526],[13.284623337707252,52.500374337381686],[13.284251236687167,52.500257890682455],[13.283987917271125,52.50057139905685],[13.283148330380326,52.50030876690584],[13.282734822931237,52.50080120330039],[13.281196622677761,52.500344876200955],[13.281184244549124,52.49994344474482],[13.281423288830906,52.499456130588825],[13.28234470122152,52.49846903944708],[13.283414784438358,52.49749159728571],[13.284178238692519,52.49646757464119],[13.284507760467225,52.49578483856976],[13.285203871874833,52.49515516855491],[13.28624667162912,52.49511764528478],[13.286156117319335,52.49471312133989],[13.287686207709548,52.49442584541479],[13.289951332339964,52.494295869437515],[13.29030856608627,52.49445398399357],[13.290895195598598,52.49404848527374],[13.294880453601763,52.4917160097731],[13.29707442670298,52.49046300087164],[13.30037699128244,52.4880429721641],[13.300685324476108,52.48775263347958],[13.300825290766138,52.487816099166835],[13.30191009586034,52.48815871482143],[13.30289875633718,52.4881595781753],[13.306579622639907,52.488032892069725],[13.307626587692244,52.48826058089103],[13.313498663411767,52.48995982557106],[13.313660985909676,52.49004530744768]]]},"properties":{"BZR_ID":"045009","BZR_NAME":"Halensee","BEZ":"04","STAND":"01.01.2021","GROESSE_m2":2257880.175}},
{"type":"Feature","geometry":{"type":"Polygon","coordinates":[[[13.45355857693081,52.515630281685475],[13.452891664955597,52.514004036138346],[13.45007343145539,52.50771711402736],[13.449840127801698,52.507347412336415],[13.450178051295902,52.507255985836345],[13.449083653420297,52.505545140547476],[13.44925373856741,52.505496265855456],[13.447205468584103,52.50285016301813],[13.447190370683117,52.502738431002996],[13.445155797585379,52.50113286505402],[13.446791830310659,52.50041126276986],[13.449637571727568,52.49948145788638],[13.45033283204037,52.499053116615286],[13.450206415654126,52.49885117620403],[13.450593054392657,52.49867543951967],[13.451459640321618,52.49892205408199],[13.452712427487928,52.49822259653294],[13.452699399777174,52.49801462519984],[13.453352357267576,52.497524960622115],[13.454067485907297,52.49755885301892],[13.455070613879858,52.4974211141102],[13.459511913213824,52.496535922514134],[13.461925782154188,52.49558897901567],[13.463056793014,52.49535241437042],[13.46318561975042,52.495446929355005],[13.463943586353212,52.49497709252034],[13.463177492046272,52.49434804742221],[13.463199658729677,52.494215483837266],[13.464216184451374,52.49374263812495],[13.46705933192809,52.492686320389666],[13.46849564162478,52.49234069647478],[13.471018876164482,52.491487232768044],[13.473787271133574,52.491033661848626],[13.475441052548247,52.49032615536035],[13.476130048659416,52.4899558360619],[13.477685594891723,52.48878308701666],[13.478074416375316,52.48772392085047],[13.478631305150085,52.48703321844131],[13.479239826256126,52.48787145420772],[13.480469003249812,52.487887393298976],[13.481683971083141,52.487635114792866],[13.48205573135605,52.487443476747366],[13.482955978077175,52.48604632023139],[13.485946126212555,52.48740258669762],[13.487554236640543,52.48778944273878],[13.488503832909975,52.48783601524658],[13.490709081950332,52.487443688573784],[13.49145351470175,52.488265648080144],[13.488812855939383,52.4892485497725],[13.488462082405423,52.48988824760202],[13.4860874764926,52.49079873882419],[13.485773194014168,52.49119963586024],[13.484935947176666,52.4916037887627],[13.484145436082896,52.49165805584271],[13.473080453285569,52.49899065985752],[13.468572694060837,52.49965170471702],[13.468877307777303,52.50015778685945],[13.469829073728802,52.50266224876592],[13.470206937595995,52.50374275727713],[13.47129078997562,52.50500212052073],[13.471162941711325,52.50513414693569],[13.471749101665644,52.50573557586634],[13.472803996369857,52.50649104491945],[13.472826546445344,52.506706796488174],[13.473408523312449,52.50692376134653],[13.473066436473111,52.50712616722144],[13.475419256079078,52.50963380748693],[13.475828225078082,52.51025707273921],[13.476266483633596,52.510440802093306],[13.475631962270167,52.51305907920719],[13.475437732670667,52.51343320959861],[13.463115119409322,52.514695796726706],[13.459687648320633,52.5150042342988],[13.45355857693081,52.515630281685475]]]},"properties":{"BZR_ID":"025008","BZR_NAME":"Frankfurter Allee Süd FK","BEZ":"02","STAND":"01.01.2021","GROESSE_m2":4090903.871}},
{"type":"Feature","geometry":{"type":"Polygon","coordinates":[[[13.364524295028279,52.56117595288045],[13.360097589105003,52.56047160700525],[13.359805355478763,52.56180562535101],[13.359714673637912,52.56185484463377],[13.356897039911278,52.56201696112697],[13.349088933719683,52.56192863444509],[13.34871276944366,52.56207064343482],[13.337101881651252,52.564456367769544],[13.332239023682934,52.561867620580415],[13.331792139708435,52.56165918596783],[13.330922933458623,52.56215127958253],[13.32679478032545,52.562382082495006],[13.326468699430789,52.561737001236615],[13.326096038433796,52.561363897330565],[13.32512328064809,52.560851734129535],[13.323904453165806,52.56056934391364],[13.319230136810951,52.559979801192995],[13.316939541761029,52.55955877577228],[13.312494488471094,52.55848330630964],[13.309670201565417,52.55772201990659],[13.304079963393834,52.55179163580829],[13.30273181531395,52.55028056454786],[13.301530461543429,52.54880635240141],[13.305081362368968,52.54871693956382],[13.312946918838671,52.54836609137357],[13.317935772613193,52.54823767294323],[13.319325543862801,52.547296183555076],[13.320288934178468,52.546443250236045],[13.323463218721793,52.54402857344778],[13.326233301768704,52.54187420726301],[13.32732613064598,52.541430525638575],[13.327313433867007,52.541312956885555],[13.328131751141585,52.541085329899836],[13.328967903064681,52.54102655843148],[13.332111168162244,52.54122014997262],[13.33361360087307,52.541158139511154],[13.334587662548575,52.540972253991896],[13.338882656585938,52.5397792534237],[13.340059161938125,52.53957053327126],[13.344657198707656,52.538930415563925],[13.344952141178632,52.53929606701663],[13.348263943448647,52.54169115126606],[13.349475504982578,52.542411337299306],[13.352304636014042,52.54325726778531],[13.353690095367002,52.54375663587492],[13.355245861310244,52.54441970838886],[13.357140518836745,52.54536834605022],[13.359168513022047,52.546615988763875],[13.351833298653863,52.55077652341913],[13.359299187857964,52.554651930094195],[13.359522856123336,52.554715656934036],[13.363890694536959,52.55698086283441],[13.364555655268058,52.55715719579914],[13.36683968149992,52.557296533351305],[13.366657266179196,52.55822761155302],[13.365103996263874,52.55811780458374],[13.364524295028279,52.56117595288045]]]},"properties":{"BZR_ID":"014009","BZR_NAME":"Parkviertel","BEZ":"01","STAND":"01.01.2021","GROESSE_m2":7134759.341}},
{"type":"Feature","geometry":{"type":"Polygon","coordinates":[[[13.22953108360536,52.43066648608151],[13.224455659371074,52.42949283364866],[13.224012533511356,52.42982435334973],[13.218750043076005,52.43263396755183],[13.214878613397577,52.43960675652314],[13.214526363729304,52.44019942178005],[13.213578955946058,52.4424362862331],[13.207797362134848,52.44518125951376],[13.20837365262626,52.445764925386904],[13.217296400898505,52.452805903715415],[13.2177879787837,52.45272667280107],[13.218860440294888,52.45404682462322],[13.22679612782812,52.46030765918841],[13.227229162661493,52.46068407404117],[13.228360951798738,52.46142996437683],[13.229596647246888,52.462492411190034],[13.237148724361429,52.46845077711819],[13.238334934816052,52.46916983056529],[13.235101503579472,52.46966105724059],[13.2338781727516,52.47012048687892],[13.231469654702002,52.47075625615344],[13.230208685351016,52.47074809310759],[13.22868339780958,52.470491159879316],[13.22678465445042,52.47036039425559],[13.225522452950878,52.4701265967566],[13.223776456935983,52.46998592706866],[13.221591544795968,52.46997795323141],[13.220146497534426,52.47006365251445],[13.219421878600995,52.47003763068217],[13.216539596863523,52.47012275043747],[13.214229107653098,52.4698215795358],[13.213230213368407,52.46953079924546],[13.212347778767043,52.46956323010186],[13.211475021339409,52.46943902727716],[13.210169479237548,52.46971351891271],[13.2077107349821,52.47002251349211],[13.206463268933563,52.470311358565475],[13.20509735911654,52.47052261374832],[13.203549765683242,52.470471413748335],[13.202211534934886,52.47015807666627],[13.201561318357186,52.46986703041996],[13.200638945430178,52.46904464853499],[13.19970546466411,52.46881522452871],[13.198976683095962,52.468767137770875],[13.198090738671928,52.469012783246775],[13.197726041825916,52.46935617266976],[13.19761942332913,52.469731862229885],[13.197720753041072,52.47034642092307],[13.196996392891466,52.47116999609903],[13.196622271095578,52.47134064891041],[13.195231891999713,52.47124872252105],[13.194559602906327,52.47097787308275],[13.193912352871049,52.471086685772974],[13.188170030940404,52.47183688722018],[13.186363508843295,52.4656386078735],[13.185305406094844,52.46257904584487],[13.181215499963194,52.459624862416646],[13.177413259441371,52.455916755758786],[13.17085010836819,52.45611603454353],[13.166061495562293,52.45400327024018],[13.16172676548262,52.4521347668185],[13.157958032952147,52.44937964057481],[13.154516410141836,52.44659790903365],[13.14852087993485,52.443374386846735],[13.13608951275551,52.44237979181308],[13.133271636191873,52.442087493061415],[13.131723808719721,52.44110134013951],[13.13080575470987,52.44141381470136],[13.129483310273294,52.44130948562477],[13.128045923342844,52.44096201666032],[13.126882064927491,52.44114591945196],[13.124119554849006,52.440676048815114],[13.123121122284022,52.43961498384673],[13.1231531049827,52.43870885850777],[13.122142060656513,52.43787776732376],[13.117218048771493,52.43616446070746],[13.11393053532475,52.43296624368967],[13.112073802654665,52.432310238185586],[13.112783432493792,52.42919582832293],[13.108021807182837,52.42666054471018],[13.106916455966493,52.42564557671918],[13.10540948483699,52.425283063562965],[13.104567807674755,52.42398256320271],[13.103486497119892,52.42430220606673],[13.10160087011937,52.42463624139623],[13.100949262020647,52.425162670793114],[13.09997562272323,52.42544771252867],[13.099313847575463,52.425344110071805],[13.098400489020653,52.42488889680904],[13.09808830073071,52.42407420109739],[13.097723655374713,52.42346596102839],[13.09583939330427,52.42197379960053],[13.088347600423512,52.419631228064716],[13.090210857134554,52.4135490937018],[13.090274962468516,52.41221422038746],[13.090767881301474,52.41156041965989],[13.092123769412892,52.41124213446026],[13.093412303772816,52.410537097664445],[13.09739208133349,52.40941995704182],[13.098701687486583,52.410330191642956],[13.098969891899111,52.41083513957221],[13.098764889503807,52.41116034999331],[13.09752865014151,52.411704860343946],[13.097610476699664,52.41178173373322],[13.096450330497008,52.41308890168424],[13.096812374970456,52.41320238809267],[13.100312230901071,52.41378460764968],[13.100859142216319,52.413760523081],[13.100730354484401,52.412990068761424],[13.101121853162983,52.41157696498488],[13.101002813152858,52.410538915750536],[13.10462597661248,52.409743087265575],[13.105124000935707,52.40989781521985],[13.105914513319325,52.40954866456432],[13.106548800457144,52.40960610515775],[13.107081815391348,52.40986985981465],[13.107203002964685,52.41108630248668],[13.107417556040751,52.41208837894263],[13.107109042451324,52.41318006950891],[13.1077802682972,52.413332488231546],[13.109624069851892,52.41294110426348],[13.11013686475746,52.411285988862694],[13.111511749406043,52.41141326442083],[13.111797451557598,52.41047994470036],[13.110424518829964,52.4103520380941],[13.110630640234449,52.40944334440233],[13.10850610693462,52.40924299288112],[13.106933170959449,52.409485570657935],[13.106382686177522,52.408690015854866],[13.10861044502585,52.40847554965914],[13.10944998335212,52.408047620614454],[13.108325281902964,52.40725558466675],[13.109693840587598,52.40653580991915],[13.11110278413776,52.40529783263965],[13.111204094278838,52.404510134538675],[13.111819263175187,52.40398546832128],[13.11633733879714,52.40232327580869],[13.117750361909666,52.40211934417749],[13.118464374979295,52.4012811621174],[13.120232296914285,52.39984853170718],[13.12200302865133,52.39854636973352],[13.12420581178402,52.3972752273338],[13.124781317379265,52.39686939916252],[13.125660887982136,52.3966622134788],[13.12692255713043,52.396571305588445],[13.128462549339785,52.396944926873545],[13.132523102430154,52.39866324879348],[13.133509446006373,52.399366451106516],[13.13495649973545,52.39859645574233],[13.136636567525779,52.398131460129505],[13.138102561140807,52.397856153124735],[13.138044090674017,52.39768327738564],[13.135129576169206,52.39737390679329],[13.135711946595016,52.39617524033333],[13.138586501547705,52.396099587538366],[13.13895018939634,52.39599232731255],[13.138229142667353,52.395702771576886],[13.134492965922362,52.393686453011355],[13.133877633899274,52.393301753648664],[13.131745676053416,52.39179938544568],[13.13153344805463,52.39173121885471],[13.13016740224109,52.39049678361381],[13.129852147022342,52.39069586789778],[13.130926570963906,52.391755987836724],[13.1293833313673,52.39172425969638],[13.129313174850296,52.39164554285239],[13.127293851252183,52.39160839014945],[13.126734000940576,52.38958363108992],[13.13075304774018,52.38737893899238],[13.131304977404454,52.38722542410339],[13.131444287312178,52.38746873624329],[13.131986177168095,52.3875171092303],[13.133180797696172,52.38730456209571],[13.13397947175995,52.38873590348158],[13.13329887644808,52.38864855526252],[13.132874153041891,52.38874340527128],[13.130373635586125,52.39036617996983],[13.132077542159907,52.39175786629711],[13.134084546594824,52.39317495772943],[13.134707599491517,52.39356338350484],[13.138392748064415,52.395552690118855],[13.140426026307582,52.39637366550932],[13.141818500288522,52.39709962445312],[13.141986930169956,52.39696084440064],[13.143204473816526,52.39724770332381],[13.143134116792089,52.396673422384204],[13.143858791755646,52.39613906391333],[13.145738949187155,52.395503365519616],[13.15002061533624,52.395089257819684],[13.153290483002504,52.39483998211249],[13.15886917863176,52.39393898016393],[13.167960732418196,52.39439148285585],[13.168768745380778,52.39439553592244],[13.171757460706827,52.39564231142053],[13.171309341188557,52.39758202373629],[13.171165697070528,52.39782669904024],[13.16874028310663,52.397357971989116],[13.161248206019255,52.39662730724798],[13.157795535977945,52.39635570931175],[13.157916799392162,52.39689844925132],[13.157782550424129,52.39722672360536],[13.159388771767006,52.39990650824045],[13.15923369564734,52.402775051284635],[13.159349928059934,52.40285818984654],[13.163944793767904,52.4043851793353],[13.167334690712314,52.40555187546246],[13.173040752299043,52.407427787561204],[13.17736376914494,52.40888141380415],[13.189265839160061,52.412851314093835],[13.191523338901824,52.41362024433715],[13.196672669364373,52.41531454618995],[13.197246491533305,52.415537808210296],[13.199444399773224,52.41540980365155],[13.201202886795816,52.415525268343494],[13.204525621682436,52.41583469428472],[13.209713055843038,52.41679849178275],[13.212018835569515,52.41740359207368],[13.213038227455817,52.41777764810505],[13.214225640804745,52.41804056392771],[13.216383544343563,52.41883004215576],[13.217092308757408,52.41916912821655],[13.218045431607422,52.41930534270588],[13.221414212842275,52.42012106735921],[13.223591810025164,52.420768734105295],[13.223658879625006,52.42066830977744],[13.225060381422779,52.42107810532674],[13.22526086557451,52.420917300793704],[13.239138339194179,52.42503495406457],[13.238892834013782,52.425185481388034],[13.23693178588423,52.42536928418393],[13.229503553619258,52.427761537316755],[13.229688674359451,52.42969119340312],[13.22953108360536,52.43066648608151]]]},"properties":{"BZR_ID":"064007","BZR_NAME":"Zehlendorf Südwest","BEZ":"06","STAND":"01.01.2021","GROESSE_m2":43355669.17}},
{"type":"Feature","geometry":{"type":"Polygon","coordinates":[[[13.373502307068488,52.48774584824614],[13.373536148385215,52.48798190851578],[13.374731168871675,52.48938034382617],[13.375399251969103,52.48943199498535],[13.37547526780878,52.49045635647981],[13.376404135645858,52.49143265291134],[13.37643411812063,52.49167598692639],[13.371068831498874,52.49275691685841],[13.371077209228991,52.49291285767342],[13.36923777281308,52.49328136304701],[13.369164106210532,52.49314002276513],[13.3682153052368,52.49333092108656],[13.368581451929911,52.49395556865322],[13.36841291794529,52.49448238202977],[13.368678416000138,52.49738540704459],[13.369600660893429,52.4981092923976],[13.369727685013354,52.49877537982533],[13.369528193921749,52.498869752847455],[13.368793859743386,52.49878097557841],[13.363044485397003,52.49956182590231],[13.362537544291683,52.4996626951363],[13.360907422315886,52.49579470747106],[13.360778099166332,52.49414588087994],[13.352429684726077,52.49474723857305],[13.351722049646817,52.494727167206],[13.34615596869042,52.49421191043935],[13.345379557403204,52.4931621149056],[13.345419864602473,52.49267858507824],[13.345288296846594,52.489266941329014],[13.3461562952433,52.489265602112006],[13.356504218926412,52.490304199895334],[13.36014168931465,52.4907643171265],[13.360846372161937,52.49064073578036],[13.360557337727306,52.4901336932381],[13.362498424556678,52.48894271119022],[13.363872802266062,52.488225925719554],[13.364162051284826,52.4881932676439],[13.368450796985096,52.48818542510481],[13.370538689231296,52.487939686056556],[13.373133490009018,52.48780562965365],[13.373502307068488,52.48774584824614]]]},"properties":{"BZR_ID":"071002","BZR_NAME":"Schöneberg Nordost","BEZ":"07","STAND":"01.01.2021","GROESSE_m2":1367491.611}},
{"type":"Feature","geometry":{"type":"Polygon","coordinates":[[[13.295686439249335,52.52987974561584],[13.296341294855912,52.530007818330056],[13.296470694520956,52.52965240777975],[13.295781010872005,52.529547823520204],[13.296133506657554,52.52879450625841],[13.29672834932421,52.527242129043245],[13.297026759533589,52.525860379456844],[13.2974243143984,52.523590135097905],[13.297847675957003,52.522850730766066],[13.298201632206258,52.5225447358639],[13.299129014092863,52.52225623574316],[13.3004409942278,52.52205343642647],[13.300171683902475,52.52161568045005],[13.301656005275383,52.521556298174445],[13.302896292674992,52.52142025425978],[13.30443583870702,52.521065657563376],[13.305454533568078,52.52068335290739],[13.306502937048766,52.52041188541142],[13.307296168042702,52.52032488102457],[13.30854880597689,52.52032906428901],[13.311021604254218,52.52047246037523],[13.312560377111009,52.520480010686065],[13.315299520489207,52.51993561350023],[13.317574924413757,52.51998410934283],[13.318118864391131,52.51985737023229],[13.318988472134741,52.519421706837804],[13.31936093367592,52.51960672203586],[13.317798439635213,52.52036668735392],[13.31664880116254,52.52096317571863],[13.313354194507257,52.530260775269255],[13.316747512327161,52.53090461070473],[13.31661395854155,52.531162357416726],[13.317305026315138,52.53154474317819],[13.317051554495444,52.53205028954475],[13.317514621551027,52.53237654532456],[13.317033222475764,52.53235155600455],[13.313395264030648,52.53188097328226],[13.313030156493703,52.53187362923406],[13.312549111621523,52.53264672646015],[13.311412898398935,52.5356142874569],[13.305722856305795,52.53482259794586],[13.305239248543007,52.53466911739985],[13.304050071626685,52.53453609548707],[13.299186405589841,52.53381668306483],[13.297020811046483,52.53338902848509],[13.294244548305025,52.532721262240344],[13.2945066882968,52.53232051860928],[13.293920716424367,52.53192871541117],[13.293987033726248,52.53164420160666],[13.29504866044631,52.53097572264574],[13.295455582788705,52.5304425636114],[13.295686439249335,52.52987974561584]]]},"properties":{"BZR_ID":"043005","BZR_NAME":"Mierendorffplatz","BEZ":"04","STAND":"01.01.2021","GROESSE_m2":1895777.143}},
{"type":"Feature","geometry":{"type":"Polygon","coordinates":[[[13.403820165534084,52.508092937079674],[13.404434237351213,52.5077747086528],[13.405284802765417,52.5082106268784],[13.408029436066952,52.50618017960035],[13.409970810221079,52.506925688637835],[13.411520953977954,52.50489126755895],[13.414072830853025,52.50403792960904],[13.414610360789135,52.504681072456215],[13.414909208098113,52.50491633602074],[13.417601447576073,52.50417012413094],[13.418213310642292,52.50501791016917],[13.418942826714657,52.50506008291693],[13.41943091336048,52.50564910865071],[13.421542207027068,52.50507639476769],[13.422748987222825,52.50498482956568],[13.423624698339193,52.50500030370395],[13.424950589673884,52.5051797561551],[13.425820879603846,52.50542459371264],[13.426708845061711,52.50579859163662],[13.427200304204385,52.505666061075225],[13.428816440006948,52.50797982143059],[13.429402280699236,52.50857221581054],[13.429121057283304,52.508903911609664],[13.428377275819095,52.50907285736716],[13.428084443100719,52.50928194738247],[13.424520979220787,52.51136757160266],[13.422778558498154,52.51223538950176],[13.423840916143133,52.51336864417455],[13.425096133812316,52.51506992094367],[13.426754085946175,52.517959166561745],[13.426151225439016,52.5180685906551],[13.426305370080822,52.51828902420121],[13.425926877401645,52.518391720572794],[13.42619054511432,52.5187519922554],[13.4269165747658,52.51974407035031],[13.427497645918294,52.51960648049197],[13.428401378473493,52.51958588529643],[13.429181450745967,52.52122403426789],[13.425547875286627,52.52279094804065],[13.426521320920518,52.5229390760889],[13.4265019102365,52.52329123059277],[13.425433864539409,52.52344076868975],[13.423769250944977,52.523965262637226],[13.419753208818582,52.52554559739682],[13.41614569676041,52.527083630986155],[13.415431658813215,52.52746306049711],[13.411313721791272,52.528621154838014],[13.410091775562671,52.528810666111745],[13.408189181926335,52.529227520796496],[13.405585737816526,52.52966497959657],[13.403628015032483,52.52999847170564],[13.401723329041747,52.52988962272554],[13.401211609991883,52.53001665922703],[13.400754043524028,52.529735359350695],[13.397358012839481,52.529525671842734],[13.393494535100498,52.528585077866154],[13.387379332948932,52.52733079817584],[13.38702257167911,52.52754665781661],[13.38466708992595,52.529421067937086],[13.383168954962601,52.5306654733287],[13.380650465724207,52.53268629861446],[13.374925849666626,52.53732585903415],[13.37454615037545,52.537033119110504],[13.372982192933575,52.53803723156382],[13.368606672112323,52.535990274401414],[13.367883260617383,52.53662122941986],[13.366306692803382,52.53592900956971],[13.365787481548638,52.53576658336405],[13.367059530135245,52.53462812352809],[13.369751203365501,52.532014634067444],[13.37089918884271,52.53045485375969],[13.372109399058711,52.5292094196552],[13.373241821736329,52.52826748612882],[13.373836731212817,52.52732327265942],[13.373805124656572,52.526873148997566],[13.37334558970181,52.5264982973241],[13.371068719667186,52.52650301375353],[13.371033670854965,52.525243975915394],[13.37175941880752,52.524802925900644],[13.371767464217823,52.52357305471607],[13.371692532341498,52.52278646249661],[13.372565907929769,52.52278224842987],[13.373681891877448,52.52260214298964],[13.374257446823712,52.522407212741086],[13.375316631249255,52.52187090260755],[13.375928528498106,52.52121735100594],[13.376118798696693,52.52039465166235],[13.376416578925335,52.51994305111693],[13.376862123487458,52.51963690285481],[13.377987595339302,52.51920240338581],[13.379120713797505,52.51899736991863],[13.38010772298319,52.518964357129335],[13.381278875249375,52.51908825035544],[13.38226753708708,52.51929990770871],[13.385116630942383,52.520162893934156],[13.387697700739173,52.52168851517303],[13.388336795361434,52.521979280481254],[13.389236365557089,52.522109060473504],[13.390869578398432,52.52217820533008],[13.392470185504553,52.52212920948174],[13.39337119369416,52.521922693334396],[13.39385576056201,52.522186065503945],[13.395620513612192,52.52197840465079],[13.398668386936263,52.52129476645083],[13.399751210708741,52.52046766212187],[13.400483900202296,52.52010367484753],[13.40127653188627,52.51955593330263],[13.402259468275025,52.5185085871059],[13.403682225493222,52.51713892119836],[13.403923291092111,52.51675739131549],[13.405076958642171,52.51579749719398],[13.405588483164872,52.5152569427696],[13.406308364193006,52.51486967619194],[13.406928810726901,52.514693921139525],[13.405841127501393,52.51381054575234],[13.403081301176579,52.51193336677556],[13.402344236916095,52.51135127255222],[13.403296269184612,52.511402192044905],[13.40473788558353,52.511369147599886],[13.405944017350224,52.51151019031387],[13.405927580466782,52.510071378807766],[13.403820165534084,52.508092937079674]]]},"properties":{"BZR_ID":"011003","BZR_NAME":"Alexanderplatz","BEZ":"01","STAND":"01.01.2021","GROESSE_m2":6228829.686}},
{"type":"Feature","geometry":{"type":"Polygon","coordinates":[[[13.51994919654649,52.426726498869776],[13.517969562467135,52.4327102521842],[13.526666043925445,52.43774416393741],[13.527101852346219,52.43795930960861],[13.530482282257006,52.4399159853177],[13.528893713971199,52.440949317233795],[13.531423452087637,52.44233849935336],[13.530211063826046,52.44320766853604],[13.521115006716371,52.449344138304234],[13.520612170970706,52.449647275424745],[13.519816536304978,52.44969256024582],[13.518609118177745,52.450498448845806],[13.516552085946893,52.45168449304956],[13.514671117303523,52.45289062343622],[13.514736480067294,52.452955622409895],[13.512983681627565,52.45411588118344],[13.512085642196453,52.45463009406646],[13.511485519497725,52.4547102476159],[13.509795669447975,52.45375736106096],[13.50885895870232,52.45438203876269],[13.509092996359515,52.45456274241861],[13.507880614687659,52.45517737329933],[13.50586186960841,52.456486381094024],[13.50492841257898,52.457204090413974],[13.503851257417836,52.45789620229907],[13.50051148319962,52.46022093163145],[13.497473787582857,52.45835167473892],[13.496874872950608,52.45820992666064],[13.492146445327364,52.45816769853669],[13.487557321957542,52.45936829663789],[13.486348479799357,52.45975836872346],[13.485567862748844,52.4594283246108],[13.48418458909533,52.45909445045318],[13.482050969104375,52.45877395763875],[13.47889733331641,52.45873523623569],[13.478831405089984,52.4585585409253],[13.476982279148839,52.45712339554562],[13.475630638181242,52.45623300153217],[13.479246569953723,52.454269897146155],[13.479244004150626,52.45413634668672],[13.481340250145196,52.45264620289362],[13.482396485166968,52.452219864996536],[13.483336486119962,52.45209698141205],[13.485430507826345,52.45206783646679],[13.486409509950837,52.451927082138944],[13.488530799069967,52.45138609514072],[13.490279171878232,52.4506437742801],[13.491559998239786,52.45022775665266],[13.497323723936981,52.448568801920935],[13.493238499111456,52.445279341754336],[13.492896743868751,52.44548242859352],[13.490722759699631,52.443531240051136],[13.48984167246534,52.443897849934494],[13.488763062957302,52.442916809587885],[13.484203329554386,52.440056554032566],[13.484809931215288,52.43987377150353],[13.488975162279921,52.43785157851786],[13.489383432418448,52.43754309610089],[13.494441485759102,52.43508059193477],[13.495076972142828,52.43488610386176],[13.497087603481116,52.43390932474392],[13.497973972896592,52.43333685086279],[13.498536002961032,52.43320544567484],[13.505759622670274,52.4296968560394],[13.507146528206668,52.429072970005635],[13.5097568603094,52.42815597483259],[13.511396930489962,52.42771257010009],[13.514405728280241,52.42716377368175],[13.517118873894013,52.426896003468144],[13.51994919654649,52.426726498869776]]]},"properties":{"BZR_ID":"091004","BZR_NAME":"Johannisthal","BEZ":"09","STAND":"01.01.2021","GROESSE_m2":7001889.783}},
{"type":"Feature","geometry":{"type":"Polygon","coordinates":[[[13.448120529598667,52.46965532250149],[13.441984191627279,52.46891448686762],[13.441363157808778,52.472401304019144],[13.441109036838853,52.47315893389923],[13.440129095415063,52.47482403043969],[13.440003829420608,52.47535332011104],[13.439300165546912,52.476786315808475],[13.437802288794671,52.47883479226342],[13.437961198857048,52.47911987304187],[13.437291410030282,52.479038638916265],[13.43705107971179,52.479371658254045],[13.43513759765093,52.480757334821284],[13.43325278267374,52.48210452830201],[13.431347562709151,52.48299251180223],[13.424529230304888,52.48608600174316],[13.423937745848777,52.486283146468594],[13.423887106731872,52.485606000110884],[13.424528394436296,52.483922212617266],[13.424600272603397,52.48349620090145],[13.424693589929285,52.48128133666624],[13.425119522640674,52.47996768176149],[13.425535110499341,52.480006515381724],[13.42608362348549,52.478281295478254],[13.42623457396965,52.4780984919271],[13.426903320256107,52.47651636770818],[13.427270929179196,52.47548234345589],[13.428524092105826,52.473029512501626],[13.430225118669515,52.469792124020394],[13.431316127972563,52.46778723259401],[13.43186739973398,52.46698096460369],[13.432526875299843,52.46570585717646],[13.43343029416462,52.464130986067225],[13.43454155308726,52.46285860497743],[13.438424792447167,52.46319464549657],[13.440421522502458,52.46332649450355],[13.441985532407568,52.46349699012945],[13.4441783958681,52.46384872798095],[13.444521480875473,52.463675630582436],[13.448202482667453,52.46435911701936],[13.447903167958051,52.46483026080927],[13.446205727307031,52.46650621047941],[13.445426096800947,52.46709983435636],[13.444631869968482,52.46790976672413],[13.448169660302202,52.46828142275293],[13.44790464715282,52.46926219562517],[13.448120529598667,52.46965532250149]]]},"properties":{"BZR_ID":"081002","BZR_NAME":"Neuköllner Mitte/Zentrum","BEZ":"08","STAND":"01.01.2021","GROESSE_m2":1936486.493}},
{"type":"Feature","geometry":{"type":"Polygon","coordinates":[[[13.478685459269172,52.44273740556575],[13.478160840024838,52.4431040279432],[13.476676250387133,52.44383520067822],[13.476119060584953,52.4439957142563],[13.466141590661914,52.44882943039807],[13.464729474308687,52.44962839618328],[13.462859043291369,52.451122721302305],[13.46205000551164,52.45082315643931],[13.461329966016235,52.45090653305044],[13.460542823908504,52.45119481105594],[13.459238280778992,52.45224807681312],[13.458568828915096,52.452562645615544],[13.456759907940596,52.45293255773026],[13.455405147048259,52.45297374425019],[13.453318266375167,52.45265079457453],[13.453338496801553,52.4525865493176],[13.451853347066526,52.45234927038799],[13.45139141955923,52.45236143816718],[13.444593492877564,52.452252135199245],[13.443532089159827,52.452320393670064],[13.440832148840718,52.45260913626451],[13.438153019122854,52.45248798918336],[13.438194281119817,52.45192784774678],[13.436836049915758,52.450062207400414],[13.436665409353827,52.45007119052436],[13.436222497434478,52.44946900672303],[13.435946299394091,52.44885009097409],[13.434561174780475,52.45085547703337],[13.434225079556368,52.4512560057516],[13.433024465796004,52.452244978166405],[13.431215869688168,52.45226205254185],[13.429259405160721,52.45219291533361],[13.42104418275662,52.45210534053243],[13.419607888833207,52.45196864895139],[13.416388933843491,52.4514084062082],[13.41607826210043,52.45082543123524],[13.415731671236385,52.44926671301004],[13.415104773612937,52.44847503926617],[13.414767480808797,52.44701122673482],[13.413985173579993,52.44594544449281],[13.412376362326624,52.44203272272673],[13.411257754738754,52.43912269471621],[13.410568183210353,52.437452973421735],[13.410379599516249,52.43614444307644],[13.409157524789977,52.434210610897196],[13.408867792260615,52.43318209519228],[13.406866850104251,52.43013928184787],[13.406238446384236,52.42752721540849],[13.41152004122316,52.425605884683016],[13.412347881416606,52.42525977577558],[13.414291115524053,52.424137186505305],[13.414763598716604,52.42364582464577],[13.415053362094596,52.42292865230825],[13.415748079683834,52.422869433157544],[13.421644243663273,52.424414714984536],[13.428944275743607,52.4248489918441],[13.429888454338082,52.426106002727934],[13.430193102516167,52.426657745214435],[13.43476571896836,52.427860123140064],[13.434806197837867,52.42690024117357],[13.435281226453135,52.426720097312824],[13.4354656525383,52.42530957683953],[13.435788783682412,52.42469049517209],[13.436694919140656,52.42376417174884],[13.439147871670947,52.42418676271571],[13.440067599844271,52.424483624844946],[13.442327910755822,52.42535508931515],[13.445431843452898,52.42661945994077],[13.446521934872699,52.42704322742989],[13.445915266749475,52.427540700892756],[13.44653927359138,52.42784726391483],[13.44724690453958,52.428587881536906],[13.447643563047711,52.42919589265855],[13.448814370919479,52.43176531910654],[13.449241737278038,52.433015568537506],[13.449622853362465,52.43301506403867],[13.45053385220169,52.43337966550583],[13.450518194215695,52.433659120582895],[13.450789769771331,52.43509794297369],[13.451287771604305,52.43643605358528],[13.451540518528386,52.436692275338395],[13.45170508673121,52.43740004523381],[13.452486615316007,52.4386650780741],[13.453034312148455,52.43935445552975],[13.454276076465204,52.44061170370421],[13.456080676132279,52.44214328869422],[13.457193007131236,52.44326994509978],[13.457306417572989,52.443527743433975],[13.45841045759313,52.444441963519466],[13.458982184253834,52.44450483691259],[13.461460146467633,52.44429420284585],[13.462335165635082,52.44407216384712],[13.466075445775928,52.44231051836862],[13.466804864240997,52.44192728286514],[13.468153745545473,52.440947813357035],[13.468601365154209,52.4402050748588],[13.46897173547931,52.43981353407866],[13.469632348318344,52.44017289191255],[13.472869898486254,52.43860385866158],[13.472990682412277,52.4387128442711],[13.473619769965936,52.43820168562966],[13.474775318857803,52.43925129298084],[13.47666325484913,52.441211980367825],[13.478045947175966,52.44250070346309],[13.478250848588534,52.44240497802604],[13.478685459269172,52.44273740556575]]]},"properties":{"BZR_ID":"082007","BZR_NAME":"Britz","BEZ":"08","STAND":"01.01.2021","GROESSE_m2":9490452.683}},
{"type":"Feature","geometry":{"type":"Polygon","coordinates":[[[13.337066659242756,52.47839729431656],[13.338948481551887,52.47853349918761],[13.34343975793214,52.47855602088997],[13.343778245208481,52.4781363133675],[13.346277585077914,52.4781511576927],[13.351950297390779,52.47954640879621],[13.352714332442364,52.48007202156951],[13.352121078251207,52.48037379193924],[13.348815038928963,52.48180445315746],[13.348228103883836,52.48202621694207],[13.346884261716701,52.48278528873672],[13.345958168537338,52.48399862290082],[13.345705283715398,52.484182696490585],[13.345314167713141,52.48494427267909],[13.345351704207852,52.48604782680861],[13.345288296846594,52.489266941329014],[13.345419864602473,52.49267858507824],[13.345379557403204,52.4931621149056],[13.34615596869042,52.49421191043935],[13.342342807931969,52.49420414335951],[13.341599916078316,52.49410430507238],[13.338819428668442,52.49411267190543],[13.338249861757596,52.49422128236148],[13.337457221044371,52.49418904482059],[13.337349199841853,52.4940758022867],[13.337100766412812,52.49228804674107],[13.337197083751768,52.49229985738335],[13.337087253055081,52.49100958047434],[13.337533202631118,52.490716172392155],[13.336961224093509,52.490359985031446],[13.336959607757937,52.4888833939873],[13.337210420646812,52.48806209539147],[13.33713402307973,52.48790433205704],[13.33708889009739,52.48567890891407],[13.33711858873689,52.482528452995545],[13.337047908820479,52.48208776293907],[13.337066659242756,52.47839729431656]]]},"properties":{"BZR_ID":"072003","BZR_NAME":"Schöneberg Südwest","BEZ":"07","STAND":"01.01.2021","GROESSE_m2":1150671.937}},
{"type":"Feature","geometry":{"type":"Polygon","coordinates":[[[13.283115384966447,52.442184688515376],[13.286586916528886,52.443287227109145],[13.28934986115717,52.444303886226386],[13.291037788895098,52.44497202652349],[13.293768426213633,52.44598050728396],[13.293168008572408,52.446472432289816],[13.295197028346173,52.450119170059985],[13.29598570423535,52.45106143295348],[13.303610436105428,52.458339175082926],[13.304256322384346,52.458633632502796],[13.304139888423434,52.45884252932733],[13.304918457749727,52.46293509568095],[13.305377983248263,52.46416238848702],[13.30614657636534,52.4656872570263],[13.307350465310144,52.46604634998828],[13.308319864426071,52.46617031815669],[13.309511821014901,52.466828914542525],[13.309941559969383,52.467227910994914],[13.309098157724074,52.4677148789288],[13.308566277480638,52.46742155839447],[13.307476733846459,52.46788044824758],[13.306366702087065,52.46749039551068],[13.29800800255226,52.46884708900715],[13.290176120601437,52.470329613252474],[13.289884863444955,52.46989194216087],[13.289082861051716,52.47052860439432],[13.282916974988611,52.469195384487996],[13.281092175661708,52.46884901220697],[13.278725417038624,52.46853689421248],[13.278687033822955,52.468609758396596],[13.27780284337241,52.468568779475504],[13.272461279410809,52.4679515149087],[13.266612592385401,52.467306678621206],[13.26427696019732,52.467001281063524],[13.263547821459218,52.466951681201095],[13.2623149908278,52.46717337159938],[13.26162550781503,52.467772804530895],[13.260855514209737,52.467398468970856],[13.260282291149181,52.46693046535823],[13.259092985839038,52.4664991032669],[13.255608598653925,52.466751711484704],[13.252631040231499,52.46674692142977],[13.239038330988551,52.469040652703356],[13.238348528343627,52.46919441754334],[13.238334934816052,52.46916983056529],[13.237148724361429,52.46845077711819],[13.229596647246888,52.462492411190034],[13.228360951798738,52.46142996437683],[13.227229162661493,52.46068407404117],[13.22679612782812,52.46030765918841],[13.218860440294888,52.45404682462322],[13.2177879787837,52.45272667280107],[13.217296400898505,52.452805903715415],[13.20837365262626,52.445764925386904],[13.207797362134848,52.44518125951376],[13.213578955946058,52.4424362862331],[13.214526363729304,52.44019942178005],[13.214878613397577,52.43960675652314],[13.218750043076005,52.43263396755183],[13.224012533511356,52.42982435334973],[13.224455659371074,52.42949283364866],[13.22953108360536,52.43066648608151],[13.229483179944026,52.431039181379575],[13.240730632084786,52.433625247368084],[13.242068517411722,52.43385642746888],[13.249302871333645,52.43494277207883],[13.254895996543667,52.43576579143852],[13.256460856633792,52.43595187409019],[13.260091101106857,52.43528423798458],[13.262031970628547,52.43507563766697],[13.262958270632886,52.435185880622164],[13.264705528651195,52.43561622110399],[13.265678709821175,52.43594954959868],[13.269095205975198,52.43757523200364],[13.269399356852123,52.43790277906139],[13.283115384966447,52.442184688515376]]]},"properties":{"BZR_ID":"064008","BZR_NAME":"Zehlendorf Nord","BEZ":"06","STAND":"01.01.2021","GROESSE_m2":19134394.45}},
{"type":"Feature","geometry":{"type":"Polygon","coordinates":[[[13.625688422150096,52.53018353654692],[13.624811152868157,52.5335845512576],[13.625743907703503,52.534039127079076],[13.624822206512796,52.538105474341606],[13.625128592481738,52.537927608301125],[13.62753893756227,52.53748528282048],[13.628390892147738,52.537636287545276],[13.628858116769706,52.537977390716705],[13.630583168432494,52.53762145690518],[13.63161019997908,52.538001571514485],[13.632795276113274,52.537792142073904],[13.633123584616541,52.53786817510784],[13.633945714496004,52.53765270797505],[13.634163640829378,52.53802763981758],[13.634554386536614,52.53792776515695],[13.634747542569638,52.538257707873846],[13.631666867352582,52.53889535462462],[13.628647185924484,52.539320294529084],[13.626914365808787,52.53946557268657],[13.623947194831354,52.53956140827546],[13.621637708377584,52.53957248584308],[13.620260813158358,52.53944171146768],[13.616145155558172,52.538858592704486],[13.612816143989976,52.538168714802566],[13.61017286066967,52.537687427092735],[13.610210940376728,52.53761059813634],[13.608220552520633,52.53722783743027],[13.604183459442103,52.53618873313472],[13.604079164629528,52.53633863893194],[13.600815913825386,52.535465729946985],[13.597189119315841,52.53445675995344],[13.596348745127537,52.534187311614815],[13.596654007652976,52.53378250472084],[13.595450218198874,52.53341148625202],[13.595292024564408,52.53325797822486],[13.596392462121779,52.533178050820055],[13.596397467477846,52.53285882742429],[13.596724747399442,52.53281791601223],[13.598565643585726,52.53108112047285],[13.599263831864118,52.530523313614765],[13.59976324499204,52.52996227892347],[13.599340305770312,52.52888587130397],[13.599314094423308,52.52880664844357],[13.600756338814962,52.52868773169472],[13.600816367515579,52.528843119876505],[13.602097293476117,52.52866738138357],[13.611436221746331,52.527277867930565],[13.61240347358266,52.52712288242456],[13.615061393701545,52.52842362069871],[13.615618542196446,52.527944220970554],[13.617598474371029,52.52747032507872],[13.61914067685177,52.52666889649426],[13.620796434161639,52.52746106474446],[13.621385601998528,52.52703948064939],[13.625271529596917,52.529291588736],[13.625726992254124,52.52912237570136],[13.626118039613463,52.52951112053658],[13.625833149397597,52.5296172941534],[13.625688422150096,52.53018353654692]]]},"properties":{"BZR_ID":"102005","BZR_NAME":"Hellersdorf Ost","BEZ":"10","STAND":"01.01.2021","GROESSE_m2":2113870.167}},
{"type":"Feature","geometry":{"type":"Polygon","coordinates":[[[13.621385601998528,52.52703948064939],[13.620796434161639,52.52746106474446],[13.61914067685177,52.52666889649426],[13.617598474371029,52.52747032507872],[13.615618542196446,52.527944220970554],[13.615061393701545,52.52842362069871],[13.61240347358266,52.52712288242456],[13.611436221746331,52.527277867930565],[13.602097293476117,52.52866738138357],[13.600816367515579,52.528843119876505],[13.600756338814962,52.52868773169472],[13.599314094423308,52.52880664844357],[13.599340305770312,52.52888587130397],[13.598277556916427,52.52889225039786],[13.594674612231795,52.518252142779154],[13.594367141612839,52.51798885272135],[13.590507491247262,52.517301606392785],[13.59017028465317,52.517775247330796],[13.580487484704056,52.51322998841401],[13.579426540533882,52.512619470111645],[13.576831617537577,52.51281142454525],[13.576447296982225,52.51302263831817],[13.57636134396523,52.51279628210608],[13.573500598927081,52.51288739594316],[13.573390399899019,52.51242371068791],[13.573630408571526,52.51186871011851],[13.573631344393227,52.51139658253665],[13.57391102316664,52.51022818813125],[13.574934461005432,52.50948782760676],[13.57547246656677,52.50894755156664],[13.576806290902717,52.508211648655916],[13.5778329117888,52.50720081943526],[13.578677659296899,52.50660978453707],[13.579290089660994,52.505777246068874],[13.57945652211447,52.50503076109376],[13.579660129317352,52.50476282705078],[13.579475347337983,52.50436646976723],[13.578718834552046,52.503686043172145],[13.578578039193143,52.50264160496563],[13.57841084609804,52.502292268661485],[13.577570603655355,52.50113886857324],[13.57662465401031,52.500600777912396],[13.573498955587723,52.500431110575214],[13.572524626222066,52.50041361399953],[13.571961754318043,52.50012314925268],[13.571476187460949,52.49954738044343],[13.570172209677782,52.498957504979096],[13.56955806643554,52.498598770248165],[13.569027034822689,52.49806538193595],[13.568716497175828,52.49749881522352],[13.568893134378563,52.497460382843016],[13.568071493876836,52.49567499379764],[13.568236128728364,52.494736760444916],[13.568440602817887,52.494271059389256],[13.569420194712198,52.49352224055783],[13.569500893353252,52.492937925086494],[13.569208243288536,52.49271414813462],[13.56904017579268,52.492161803997384],[13.56833314552977,52.49150833966216],[13.567470117728364,52.49018197986461],[13.566755052289075,52.48955398752317],[13.566098311767936,52.48760125386635],[13.565735390609749,52.48686205199162],[13.5644252512067,52.48520872135223],[13.563459560749708,52.484481777848394],[13.563493354021075,52.4830486000027],[13.563183789463867,52.48186028310292],[13.563271798175059,52.480733410537894],[13.563251395393545,52.479702251365694],[13.563353980772268,52.479300217182036],[13.563779154905545,52.478778294648215],[13.56425239994953,52.47843084807228],[13.566747085394365,52.47707336599721],[13.56754548641831,52.476222108709905],[13.567815830461294,52.475158713665856],[13.567722533415374,52.47458213600411],[13.567780421802762,52.47455012785129],[13.57200923850579,52.476191484594366],[13.573425060538693,52.47679483184773],[13.573666937052137,52.476500418126406],[13.573941461604548,52.47666480085173],[13.573839253227145,52.476970033937334],[13.574440965377836,52.47751979158499],[13.575028645664412,52.479383331066714],[13.57511794445191,52.47947938704204],[13.57776383058178,52.48031117921593],[13.579716084455594,52.481024104952795],[13.581874846080812,52.47997053524921],[13.586341515446339,52.48112158432508],[13.586553344884678,52.481024343292894],[13.587210745892099,52.48159146802818],[13.584978230011464,52.48271091112936],[13.584146484931724,52.48358142234386],[13.586960750854663,52.48493786131875],[13.587925887014523,52.48725830721297],[13.590138475311223,52.490199748000464],[13.59045429500152,52.49010996989203],[13.593152498415439,52.490088663353795],[13.594953253268617,52.489933042044875],[13.596105062613795,52.48977182195575],[13.596430818853605,52.490851820420716],[13.59710542928863,52.491452268525734],[13.597245157849876,52.491754365298114],[13.596694369518035,52.49180354989182],[13.597141741006547,52.49387264442361],[13.59744045690353,52.494566525110606],[13.59856612148196,52.49436022168254],[13.599239359281311,52.49573189274992],[13.599462674990098,52.49635182417519],[13.59931279797962,52.496789911217945],[13.59853970108534,52.49719384247029],[13.59714636851989,52.49746892213478],[13.596326267316758,52.49792582244217],[13.59580977777986,52.498631727288306],[13.595684538225168,52.49902802482311],[13.596985608812405,52.501778003151124],[13.597773045579368,52.50289310890765],[13.598515971480653,52.50463503644357],[13.59845493571337,52.50474109757317],[13.598883748717755,52.50569467161503],[13.599691536196229,52.50698904860665],[13.601824001063711,52.509476947033264],[13.603172530581364,52.511399108698384],[13.603923893698155,52.51238861851303],[13.604248633744236,52.51251954428277],[13.605115527042477,52.51248364344227],[13.606683439882827,52.51391359096477],[13.60926963640321,52.51597402367089],[13.610936689409037,52.51750145079255],[13.612388450059967,52.519509254446014],[13.61330123446581,52.520458661147636],[13.614648750555665,52.521529536927886],[13.61670784071886,52.522886596409315],[13.619803886954763,52.52513412152621],[13.621959124771019,52.52675754577658],[13.621385601998528,52.52703948064939]]]},"properties":{"BZR_ID":"104008","BZR_NAME":"Kaulsdorf","BEZ":"10","STAND":"01.01.2021","GROESSE_m2":8771281.281}},
{"type":"Feature","geometry":{"type":"Polygon","coordinates":[[[13.301530461543429,52.54880635240141],[13.28340203590198,52.54910043417032],[13.272088751111939,52.54931466388501],[13.270593733927567,52.54942861342648],[13.270337316854372,52.54934489889789],[13.27030462046355,52.548650229884174],[13.269974799891964,52.54865580316011],[13.270660642323316,52.54788597590805],[13.273369518148264,52.54294313283953],[13.273140585945063,52.542909186700996],[13.273467477331154,52.542017426668004],[13.272471859594647,52.53942087071745],[13.272307067176824,52.5388666935438],[13.273597834482596,52.538554150580225],[13.274388243614755,52.538226611421955],[13.275321319497875,52.53760526411628],[13.276207737203547,52.536031808951165],[13.276275865737212,52.53563866335674],[13.279776767948553,52.5346036841513],[13.28218241666618,52.53405050581051],[13.282040429733245,52.533261868475584],[13.28141650467046,52.53158854866326],[13.28124248400628,52.53057346004431],[13.280839013523176,52.530066789677804],[13.283517444386591,52.52923062101536],[13.284501689875553,52.5290749600637],[13.28566400648352,52.52915429311657],[13.287477695373594,52.529524467186434],[13.289046839311869,52.53000436671986],[13.28997981052541,52.530219704343],[13.291164761917923,52.5303815794942],[13.292793118612927,52.530477011817],[13.293792229995413,52.53029901013906],[13.294436546027123,52.52970508959144],[13.295686439249335,52.52987974561584],[13.295455582788705,52.5304425636114],[13.29504866044631,52.53097572264574],[13.293987033726248,52.53164420160666],[13.293920716424367,52.53192871541117],[13.2945066882968,52.53232051860928],[13.294244548305025,52.532721262240344],[13.297020811046483,52.53338902848509],[13.299186405589841,52.53381668306483],[13.304050071626685,52.53453609548707],[13.305239248543007,52.53466911739985],[13.305722856305795,52.53482259794586],[13.311412898398935,52.5356142874569],[13.328353299201408,52.53802004014765],[13.32913447532766,52.53823049479059],[13.327191192315025,52.539646181870324],[13.327313433867007,52.541312956885555],[13.32732613064598,52.541430525638575],[13.326233301768704,52.54187420726301],[13.323463218721793,52.54402857344778],[13.320288934178468,52.546443250236045],[13.319325543862801,52.547296183555076],[13.317935772613193,52.54823767294323],[13.312946918838671,52.54836609137357],[13.305081362368968,52.54871693956382],[13.301530461543429,52.54880635240141]]]},"properties":{"BZR_ID":"041001","BZR_NAME":"Charlottenburg Nord","BEZ":"04","STAND":"01.01.2021","GROESSE_m2":5788335.304}},
{"type":"Feature","geometry":{"type":"Polygon","coordinates":[[[13.41614569676041,52.527083630986155],[13.41721880942558,52.52834836354778],[13.418520473651974,52.52951843472456],[13.419767183923689,52.53101788090236],[13.424416897382798,52.538852551371704],[13.423753354800201,52.539033327511476],[13.414772222630965,52.54042352390984],[13.414088743104415,52.54063810904296],[13.412564230185053,52.54088533394374],[13.411797924225874,52.54091873169864],[13.4083474970964,52.54121902893476],[13.405021751409956,52.54059177266772],[13.404190762775238,52.540401262777124],[13.404704551635403,52.54018771114882],[13.40551877348987,52.538513691351916],[13.40748616278467,52.5346897958504],[13.408349863432063,52.53434791425371],[13.406425910242696,52.532347014703454],[13.405991046649806,52.53078067223806],[13.406086422861303,52.53060510296826],[13.405585737816526,52.52966497959657],[13.408189181926335,52.529227520796496],[13.410091775562671,52.528810666111745],[13.411313721791272,52.528621154838014],[13.415431658813215,52.52746306049711],[13.41614569676041,52.527083630986155]]]},"properties":{"BZR_ID":"037015","BZR_NAME":"Prenzlauer Berg Südwest","BEZ":"03","STAND":"01.01.2021","GROESSE_m2":1370146.504}},
{"type":"Feature","geometry":{"type":"Polygon","coordinates":[[[13.50597732574135,52.49113207817695],[13.50712278533316,52.490879335244216],[13.50718753834931,52.49101974652122],[13.508425989698408,52.490915427872245],[13.509879429668716,52.49089682727541],[13.511850466459183,52.4910722100365],[13.513618675119933,52.49137870760137],[13.525188522960587,52.49423319836243],[13.525870675105105,52.4943689853207],[13.524240675075996,52.49683830790136],[13.524221596272683,52.49713001559009],[13.523789458025727,52.4975703514972],[13.523651551104141,52.49803174634499],[13.52319955736576,52.49875156824171],[13.5230514394838,52.49871821494073],[13.522178290284012,52.50020989071896],[13.521474925783798,52.502268763840384],[13.521243471583645,52.50261673452935],[13.52066795432054,52.504414637291895],[13.520049353069881,52.50578915333102],[13.5190440532168,52.505596728402686],[13.51616647146701,52.50555490329919],[13.514359424347413,52.50545476105479],[13.51357037524948,52.505325405865264],[13.51027924769636,52.50358999776658],[13.509712167087605,52.503323277884256],[13.50309939361669,52.502100399127976],[13.501212181537815,52.50170077391684],[13.501133087405261,52.501530768397195],[13.500243010333087,52.50130167334989],[13.500302833486975,52.501428719048064],[13.496979969826029,52.500608472526146],[13.496449621737016,52.4999953544403],[13.497878795078432,52.499481034953035],[13.496672534847693,52.49694197759776],[13.498070758200708,52.49669400938866],[13.497773294694277,52.49605365944601],[13.498377346731528,52.495923981548366],[13.497949715557498,52.49491216380084],[13.498140739805034,52.4946360838329],[13.497725755945401,52.49406730553335],[13.498961939645552,52.49337553854879],[13.4998818804039,52.49341221113874],[13.499946985884062,52.493094602516194],[13.50152982791576,52.4925844178749],[13.503268678432711,52.49213026691759],[13.505814736145586,52.49156674427971],[13.505644062258417,52.49120746621655],[13.50597732574135,52.49113207817695]]]},"properties":{"BZR_ID":"114011","BZR_NAME":"Friedrichsfelde Süd","BEZ":"11","STAND":"01.01.2021","GROESSE_m2":2215317.081}},
{"type":"Feature","geometry":{"type":"Polygon","coordinates":[[[13.366657266179196,52.55822761155302],[13.36683968149992,52.557296533351305],[13.368384066969025,52.5573755537212],[13.384154736229428,52.556126030848105],[13.38178412465246,52.552793142884774],[13.38097398944132,52.55228383475381],[13.383031257100743,52.55138378413116],[13.386896332827062,52.54906246389091],[13.387729913879879,52.54934564762479],[13.388163474670106,52.54924806567435],[13.388894933231102,52.549330186367335],[13.393583203637142,52.549544499225995],[13.395293759593532,52.54986290502523],[13.395914142296613,52.550081479574],[13.396900291294598,52.55061971828307],[13.396846031574615,52.550703768798115],[13.397629799057965,52.551417956650255],[13.397980766481496,52.55219643015581],[13.398067362534059,52.55280594393734],[13.397308498184554,52.555655814964055],[13.397176948640407,52.55634373502719],[13.397097617513753,52.55826790790386],[13.396536404628185,52.560432770766944],[13.396319244091837,52.56107740692701],[13.395905160332664,52.561821602205384],[13.394901190362484,52.56295185734807],[13.393390264524152,52.56440451180482],[13.391342147653063,52.56562052382537],[13.390710103842391,52.56579615032515],[13.39062878839723,52.56602148360304],[13.388918414987662,52.567001139969655],[13.389020066378778,52.56741371840426],[13.388400559754347,52.567668597287096],[13.387902138796726,52.56731009146638],[13.38454771956391,52.56773561086279],[13.384297765900957,52.56771344447203],[13.381159985472932,52.566422462130056],[13.378676471244965,52.56613878472368],[13.37858502830262,52.56619297098784],[13.377147656314742,52.56066171723081],[13.370831230223235,52.56054113863153],[13.369935781381239,52.559929099488755],[13.366657266179196,52.55822761155302]]]},"properties":{"BZR_ID":"013007","BZR_NAME":"Osloer Straße","BEZ":"01","STAND":"01.01.2021","GROESSE_m2":2366239.284}},
{"type":"Feature","geometry":{"type":"Polygon","coordinates":[[[13.308226005901432,52.57771421349818],[13.306390194342667,52.57812487052703],[13.303819071363796,52.57897179756247],[13.303772407725525,52.57893877903928],[13.299352635617637,52.58044060807539],[13.298738908553116,52.5807134460347],[13.295537825617538,52.581813357428274],[13.294133036289454,52.58269306310976],[13.293912844969176,52.58271993153349],[13.29340953177133,52.58260838443854],[13.293100956482258,52.58280365920918],[13.292187222367494,52.58275479685138],[13.291745630291087,52.58382401455227],[13.291661317154553,52.58425818341652],[13.291296719283507,52.58449376694543],[13.290282545318755,52.585997553402926],[13.287600490677455,52.58573495998668],[13.288817610900129,52.58430815306434],[13.291002600793009,52.58158859442545],[13.290378752169842,52.58154513377112],[13.286839664337641,52.58145675325841],[13.2871620391065,52.58096241956897],[13.286881445381576,52.58095194915163],[13.28758046390917,52.580101908422215],[13.287394939029749,52.57988178367859],[13.283841378180695,52.579749936906666],[13.283256728041591,52.57994082085655],[13.283686668158207,52.57886998073171],[13.283459251561654,52.578680072886044],[13.279031198738982,52.578475742467745],[13.278630839776492,52.57873378476248],[13.27904411538682,52.579574808107516],[13.2790056293022,52.57988717989172],[13.277259236829696,52.580124704513395],[13.27701518110014,52.57961029491516],[13.275986206971176,52.57970788456481],[13.27585822179455,52.579408624778466],[13.27552841969479,52.57945034684149],[13.275252784227064,52.58029853824593],[13.275234346467792,52.58132008480318],[13.27498202437369,52.58151696488048],[13.274214918710612,52.5814137867446],[13.273804224258715,52.580890417288316],[13.27362801782067,52.57988979852271],[13.273931119985752,52.57911584732109],[13.274876838243008,52.57823796343623],[13.27453584188531,52.5778316300845],[13.273669163194661,52.57804441686123],[13.272926054289913,52.57796905257258],[13.27085370941489,52.577933852406865],[13.270166565556504,52.57857364979777],[13.26965914474259,52.578673418938884],[13.26896114006165,52.57857018610314],[13.26739982729753,52.5781790626724],[13.266979797956358,52.577819578398454],[13.266407013606694,52.57762220785244],[13.26361739509111,52.57610837439316],[13.263580005515484,52.575722031129786],[13.26264101949188,52.57519625030738],[13.261910397893473,52.574896094608796],[13.261092691757565,52.57432768982269],[13.259613933906408,52.57404722821356],[13.258988132842761,52.573765179161505],[13.258083932261604,52.572765202715814],[13.258233899095806,52.57273215615102],[13.257907131950805,52.571267539397525],[13.2577285091961,52.57106260637191],[13.257185560236916,52.569789603093014],[13.255990201688117,52.56847390056286],[13.25575918251202,52.568023375208654],[13.255932181972655,52.567228230025094],[13.25556025101347,52.56674853762187],[13.254853564778461,52.5665133748024],[13.254183605615886,52.56524325406494],[13.253844045386613,52.56499056006819],[13.252563089556732,52.564861255952216],[13.250922998590376,52.56413497997874],[13.249848034662133,52.56393096322862],[13.249230401279744,52.56417870092839],[13.248541035315727,52.56399470730246],[13.247957068871255,52.56361723797543],[13.248043615620766,52.563024072962065],[13.247810889852781,52.56267436787583],[13.246929270050146,52.56232258261848],[13.243662102782839,52.562285500792456],[13.242566000890045,52.56193319784498],[13.24165854711931,52.56187816951898],[13.240717554981817,52.56121129077133],[13.240090334028647,52.56018801640942],[13.239220234203787,52.559704204386506],[13.239041094427424,52.559228186610255],[13.238377457435439,52.559101459877056],[13.237376122930344,52.55862991070795],[13.236243460212302,52.55867695101608],[13.235312864484914,52.558966737350566],[13.234614405378343,52.55929851763729],[13.234092100400046,52.55991586717864],[13.233927826520095,52.560367550252366],[13.233309823836322,52.56126910092646],[13.231745700436058,52.56168706707026],[13.230857128453739,52.56164734668664],[13.230729107662947,52.561397743115506],[13.230915456345377,52.56148400275151],[13.232014989949699,52.56063827217917],[13.233155591992677,52.559977698208385],[13.238070061063942,52.55751598942523],[13.23895226650339,52.55724479816546],[13.238948074862524,52.55701795950726],[13.241131054712206,52.55593467205474],[13.241116697933867,52.55602547672035],[13.249449378865787,52.5518820430602],[13.250592214916013,52.55133381610241],[13.252988150839894,52.550452552028304],[13.254243983758169,52.55012930841444],[13.255617251723715,52.5498640223605],[13.256945738989844,52.54967946728302],[13.258376581405042,52.549575993613885],[13.262770918172292,52.549463690660104],[13.270337316854372,52.54934489889789],[13.270593733927567,52.54942861342648],[13.272088751111939,52.54931466388501],[13.28340203590198,52.54910043417032],[13.301530461543429,52.54880635240141],[13.30273181531395,52.55028056454786],[13.304079963393834,52.55179163580829],[13.309670201565417,52.55772201990659],[13.312494488471094,52.55848330630964],[13.316939541761029,52.55955877577228],[13.319230136810951,52.559979801192995],[13.323904453165806,52.56056934391364],[13.32512328064809,52.560851734129535],[13.326096038433796,52.561363897330565],[13.326468699430789,52.561737001236615],[13.32679478032545,52.562382082495006],[13.326269242602482,52.56244743587041],[13.326713893976764,52.56343348160981],[13.320588707258532,52.56504839690448],[13.318956758148634,52.565453416510195],[13.317029794366057,52.56582115066904],[13.314218751060338,52.566450459828516],[13.312957018993497,52.56689464614055],[13.311597120194483,52.567224427814445],[13.311160382016482,52.566621323319495],[13.311039746522985,52.56573226972302],[13.311369083126554,52.56564642761658],[13.310752150777237,52.56479142728057],[13.30956681969674,52.565149966414836],[13.308025057521874,52.56587710643944],[13.307310780738659,52.56628720270296],[13.306288028119626,52.56722393268428],[13.305756258827369,52.56798607036945],[13.303663059336166,52.56836814803531],[13.301144124396064,52.56930847037804],[13.3003976060099,52.56966465548239],[13.300724986807154,52.569829558920496],[13.30036710115382,52.56997802546591],[13.307951608656802,52.577289940391275],[13.308226005901432,52.57771421349818]]]},"properties":{"BZR_ID":"122004","BZR_NAME":"West 1 - Tegel-Süd/Flughafensee","BEZ":"12","STAND":"01.01.2021","GROESSE_m2":13361073.05}},
{"type":"Feature","geometry":{"type":"Polygon","coordinates":[[[13.191527627677564,52.54986361517515],[13.191917151053527,52.54642117603338],[13.192083565431595,52.545844769458334],[13.192810440687056,52.54471048887236],[13.186284098082357,52.54147090924934],[13.184187795561128,52.541467337869555],[13.184209171260614,52.54156648923322],[13.18323202145522,52.5417267241205],[13.183136403709689,52.5410599897302],[13.18319196170654,52.54013280524814],[13.183085918582675,52.53980894685179],[13.182510574154621,52.53911527142324],[13.182311383222936,52.53858198572525],[13.181906400772862,52.538373864818894],[13.181635322302666,52.53725321303134],[13.18208059720382,52.5371764349065],[13.18717322437172,52.53634520364558],[13.187261131554433,52.536285175606984],[13.189601396854531,52.535977326395226],[13.192393682836558,52.53555065609652],[13.192519807894012,52.535621105254315],[13.19432823146905,52.53538276827288],[13.197625949219274,52.53486773994031],[13.199814800697869,52.53441023182629],[13.202015609340815,52.53381122536504],[13.203393130257998,52.53338024974732],[13.202733956183952,52.533045523993245],[13.201508879522267,52.531967649153046],[13.204725648508777,52.53041232118318],[13.20730473684013,52.52908308203943],[13.20887841474744,52.52844037917377],[13.21022420540323,52.52795785938722],[13.211491855413703,52.52757853222986],[13.213071059676901,52.5272634641044],[13.215053790275428,52.52702038675942],[13.216355857208793,52.52712261443918],[13.21740141410742,52.52735666917693],[13.219290765057556,52.52810360009971],[13.22065917504193,52.52854631590211],[13.222380741947529,52.52886901906025],[13.222654218371023,52.5279563141306],[13.222622545478139,52.527060541542966],[13.222284565101234,52.526391162234304],[13.222019873085932,52.5261736785795],[13.224659859064545,52.525836087853314],[13.225948585540927,52.52579308859991],[13.227304744865974,52.525614831877945],[13.228038783674737,52.52571199857027],[13.228180676282966,52.5260202669393],[13.230932999569475,52.52587547174625],[13.23127502736642,52.52577039675246],[13.23385526892789,52.526033574245794],[13.236802963265864,52.526135976737734],[13.23891394025607,52.52607994591214],[13.239834847587247,52.525881094817194],[13.239969739017704,52.52609001693158],[13.242243584345713,52.52557155546221],[13.24446716722849,52.5249288640486],[13.246139065757776,52.52451978396675],[13.246713941315122,52.52446653347813],[13.247509510954044,52.52428539368291],[13.24770316237847,52.52457394936707],[13.247337246084552,52.52552759006866],[13.24712851619648,52.527198784439236],[13.246970228906982,52.52747977158325],[13.246342016356381,52.52768892346511],[13.24668070665393,52.52831360959603],[13.246898676026053,52.528716274823026],[13.240007946329724,52.5319979606357],[13.237603812422078,52.53301465943576],[13.235663161541707,52.53356794280759],[13.231811820282603,52.534326737439294],[13.231658250251725,52.53407359763737],[13.22711211492288,52.53384815469245],[13.224655994375018,52.53379220750186],[13.222218186632048,52.533828833652436],[13.220393472877598,52.53402028867261],[13.218195822089148,52.53437847705875],[13.21658912001497,52.53473418062324],[13.215452854800086,52.53505285540826],[13.213308323990482,52.53586495959877],[13.21159462362246,52.536304695937105],[13.210227806233574,52.536386367294604],[13.208625925824025,52.536163620340595],[13.208221286334927,52.536469293945345],[13.209175186980666,52.53763339339048],[13.209513267433914,52.538841712137504],[13.209299606295046,52.53968276877399],[13.208604294767992,52.54124493600872],[13.208479774321527,52.54191772900376],[13.208665585587216,52.54255158485364],[13.208992602536135,52.54287807991835],[13.21030644909383,52.543294281594484],[13.211095442447625,52.543784995113384],[13.21508114497355,52.543564107100536],[13.217123242935983,52.544061390370096],[13.218592590315321,52.54456521362438],[13.220364954683575,52.54539024703536],[13.221159246756246,52.545966946334424],[13.2216620558785,52.5465628987107],[13.22261006805918,52.548056819555455],[13.222843156045792,52.5488016656333],[13.221936816991239,52.554057485678015],[13.222000692407505,52.55476481462362],[13.22222363256067,52.5556652546999],[13.222963471921634,52.55724510058717],[13.2243721326788,52.559631562679364],[13.224763324401186,52.56008424017597],[13.225571833008424,52.56072854493196],[13.226227497515955,52.56111921310603],[13.22783794156458,52.56189013634014],[13.228232276555499,52.5623148772509],[13.228287613378845,52.562949424380136],[13.22804266864666,52.56337869394361],[13.227964164929654,52.56408719532725],[13.228559354033749,52.56512939193122],[13.228709096841595,52.56583251560245],[13.228538316116605,52.56636461335764],[13.228126231784739,52.56685396946573],[13.227393468644568,52.56741468718196],[13.226636341195112,52.566779465093425],[13.227094503024759,52.566236970207804],[13.226288533906978,52.565952178544606],[13.225965378612553,52.56561920161962],[13.225866438654421,52.56495843795489],[13.225308088429994,52.56469564386286],[13.225019726418546,52.56423952061186],[13.225215991449485,52.56395228985024],[13.226073726944646,52.563511009589924],[13.225605517826233,52.562626323262265],[13.224833736063795,52.562769148865705],[13.224818394404576,52.562505655868485],[13.22553715214175,52.56248073760899],[13.225093527645411,52.56212924625647],[13.223668097367977,52.56181671024818],[13.223512792977806,52.56134880502548],[13.223940884186243,52.560560332958815],[13.22243250519011,52.56000710961574],[13.221504211562404,52.55916892158763],[13.221074740510215,52.55796714673319],[13.221367036757954,52.55720263618498],[13.22006080576453,52.556301697786935],[13.219352702777417,52.55570747109733],[13.2189622327694,52.55476144544176],[13.21789614848108,52.55498094232542],[13.217645132016202,52.55639312091652],[13.217283038878495,52.55689212125108],[13.216406347690297,52.55697909426766],[13.215497023512581,52.55748982944275],[13.215474602548213,52.55821780870873],[13.214857795919876,52.558567393161695],[13.214355951940199,52.558542011858336],[13.214884922280538,52.55829933287719],[13.214537213596987,52.55720051090986],[13.215274585568546,52.55709083417407],[13.215873166677778,52.55674881326316],[13.2160130534241,52.55646611522367],[13.21584295975787,52.555873959835544],[13.216131251950644,52.55482812779586],[13.214678624522042,52.55486117165488],[13.21202412523027,52.55465997926346],[13.21115545325668,52.55473159635486],[13.208703954099413,52.55535206857915],[13.208713399556501,52.55552360274334],[13.20789069163405,52.55559905652418],[13.207821576021857,52.55548377312475],[13.19924639319546,52.55531452115934],[13.19852284298882,52.55506457699366],[13.19826080445336,52.55518714946807],[13.196196769311568,52.555008255171224],[13.195705938396921,52.554803055984756],[13.19487346858544,52.554058869133875],[13.192120704877558,52.55145060034003],[13.191681362054702,52.55087565783895],[13.191527627677564,52.54986361517515]]]},"properties":{"BZR_ID":"051003","BZR_NAME":"Spandau Mitte","BEZ":"05","STAND":"01.01.2021","GROESSE_m2":6618611.731}},
{"type":"Feature","geometry":{"type":"Polygon","coordinates":[[[13.150282488284509,52.567713637201535],[13.149867399252926,52.566762064575975],[13.148136389392638,52.565186881013595],[13.147517385244486,52.56440720585984],[13.147384338831412,52.562468843019744],[13.147141169901207,52.56145140019734],[13.146021267006997,52.560862996192874],[13.145799041375207,52.56060535743997],[13.146069719909635,52.56039834615666],[13.146268260802382,52.55933353798568],[13.146564378922113,52.55916010200464],[13.146855382027683,52.558618651149395],[13.146930505071277,52.55704524803844],[13.147287220131826,52.55583730855909],[13.14722624778615,52.55493623204053],[13.146907743801195,52.554280309323275],[13.14657937115637,52.55409882962368],[13.14602690389162,52.55338124624445],[13.145852809708948,52.55293138894827],[13.14523819363168,52.55252263346747],[13.144586633751446,52.55254715458327],[13.144222722631664,52.552115673303646],[13.143214093609808,52.55207847259816],[13.141368212536605,52.55246058376098],[13.13777682635897,52.55257262872353],[13.136329150157021,52.55270661509319],[13.134448352176896,52.55335093111942],[13.133518128267959,52.553987706487696],[13.132483743783832,52.554925668882895],[13.131023704205344,52.55580189266123],[13.130502142092004,52.556009547009985],[13.129908862831634,52.554878764025766],[13.128976246922436,52.552647574338565],[13.12768709421972,52.54977170033177],[13.12814114047195,52.549887715479734],[13.136803621749982,52.547630240406306],[13.14368577283184,52.545884433709695],[13.150834123963232,52.54397107735038],[13.152641588516378,52.54344633782028],[13.153028674692598,52.54348738280898],[13.155635323855172,52.54279447665386],[13.157320840843209,52.5424168509648],[13.15753714573459,52.54227447817415],[13.161747922175232,52.5411465487684],[13.1654998926785,52.54020462219847],[13.16775420046065,52.53958939800998],[13.181635322302666,52.53725321303134],[13.181906400772862,52.538373864818894],[13.182311383222936,52.53858198572525],[13.182510574154621,52.53911527142324],[13.183085918582675,52.53980894685179],[13.18319196170654,52.54013280524814],[13.183136403709689,52.5410599897302],[13.18323202145522,52.5417267241205],[13.184209171260614,52.54156648923322],[13.184187795561128,52.541467337869555],[13.186284098082357,52.54147090924934],[13.192810440687056,52.54471048887236],[13.192083565431595,52.545844769458334],[13.191917151053527,52.54642117603338],[13.191527627677564,52.54986361517515],[13.190687706839368,52.550180020873924],[13.185529305147536,52.551621810465186],[13.183011552010486,52.55235770374393],[13.180650027963615,52.55299806629976],[13.179577925497973,52.55335921575905],[13.17950294513731,52.55325163258141],[13.176275675954574,52.553995853499245],[13.171050646011162,52.555315039201474],[13.17124345546015,52.55577566652377],[13.171855627675804,52.55877587107582],[13.172305350926385,52.56067595065121],[13.171406764441523,52.56104474151717],[13.165723856502412,52.5628379895078],[13.163726585228636,52.56349192542708],[13.161223647250951,52.564033890625595],[13.159633428071366,52.56464236262922],[13.15852564372015,52.56517712816189],[13.157646352296625,52.565791299597215],[13.156760265296617,52.56629669888637],[13.155011478605637,52.566475049760534],[13.15293730391069,52.56710457088918],[13.150852657699607,52.56767396532935],[13.150282488284509,52.567713637201535]]]},"properties":{"BZR_ID":"051002","BZR_NAME":"Falkenhagener Feld","BEZ":"05","STAND":"01.01.2021","GROESSE_m2":6990747.567}},
{"type":"Feature","geometry":{"type":"Polygon","coordinates":[[[13.281196622677761,52.500344876200955],[13.281709201174733,52.50141774763355],[13.28206518395968,52.50144925283063],[13.281356626027632,52.50268203556453],[13.281307200288586,52.50299497669744],[13.281641388632627,52.503627886669776],[13.281391175602913,52.50366598046843],[13.281727015107023,52.505145600199874],[13.282087851608805,52.506213010035815],[13.28247845013397,52.50696462015938],[13.283247733605272,52.508053509455785],[13.284768916068058,52.50996235318036],[13.285413903171388,52.51115753561291],[13.285612942510019,52.51249265718494],[13.285524172277631,52.51348357828206],[13.28534510187961,52.51423937414353],[13.284759049664318,52.515862092323005],[13.284200210457573,52.5166910984472],[13.28441005902107,52.51677465759062],[13.28411569853272,52.517234272664886],[13.283647299590966,52.518426114166246],[13.283339627699808,52.51892015138201],[13.282359820281037,52.52108701930965],[13.28187136058643,52.52235629237648],[13.281601104273001,52.52399995214494],[13.281405728024067,52.52445230334542],[13.281517314810937,52.525177041368124],[13.282021391937999,52.52660341494451],[13.282333619733032,52.526038346080774],[13.282728218428739,52.526828249627386],[13.283579152686967,52.527732513155215],[13.28440579403719,52.528315711159344],[13.285100116193066,52.52865551827007],[13.283036507451861,52.52852989711261],[13.283517444386591,52.52923062101536],[13.280839013523176,52.530066789677804],[13.279934649363165,52.530261812038205],[13.279245801955925,52.530293300756675],[13.278216677477324,52.53019679941151],[13.277131994590269,52.529855018477186],[13.276214244729166,52.52937099085419],[13.274686185505344,52.52887041674023],[13.273324054623483,52.52879870583032],[13.270487710715038,52.5289383594049],[13.268679953047407,52.528941379662115],[13.267657914014215,52.528832517862995],[13.266234133291155,52.52884521227484],[13.264570852522814,52.5286718287338],[13.262649572044092,52.52813027390297],[13.260930403576396,52.5275440944591],[13.25979233632065,52.52732445848372],[13.258655424011119,52.52723503043391],[13.255713501037585,52.52709046909038],[13.253874490104176,52.52705217954375],[13.251213565619036,52.527085605689],[13.249806173123151,52.527180101575574],[13.248567400993275,52.52745968868853],[13.247583737622643,52.52782716319749],[13.24668070665393,52.52831360959603],[13.246342016356381,52.52768892346511],[13.246970228906982,52.52747977158325],[13.24712851619648,52.527198784439236],[13.247337246084552,52.52552759006866],[13.24770316237847,52.52457394936707],[13.247509510954044,52.52428539368291],[13.246713941315122,52.52446653347813],[13.250182338003743,52.522276887812104],[13.251438743871542,52.521258383963904],[13.25197434278334,52.521025170434804],[13.252568257437286,52.52018671600056],[13.2555421188151,52.51167070589463],[13.255956747871219,52.51087077975966],[13.257009473404727,52.50973797532678],[13.257939215790339,52.50909590969636],[13.25960530946776,52.50829903425644],[13.260999969363803,52.507780336630425],[13.262391502185196,52.507148284718845],[13.263218101414312,52.50668788024297],[13.264243692508902,52.505778631063485],[13.264744477573872,52.50493423616757],[13.26549345555389,52.50300572562286],[13.265911379662503,52.502140015423976],[13.266586742149999,52.50113077236291],[13.26796137921617,52.499957254237216],[13.26864928033072,52.49954955410123],[13.270237426393475,52.49898225861379],[13.271805334902846,52.498562534442875],[13.271822387608164,52.498457172328315],[13.273669278786063,52.49816938130715],[13.274507113709006,52.498318172731004],[13.281196622677761,52.500344876200955]]]},"properties":{"BZR_ID":"042003","BZR_NAME":"Westend","BEZ":"04","STAND":"01.01.2021","GROESSE_m2":5920028.179}},
{"type":"Feature","geometry":{"type":"Polygon","coordinates":[[[13.414610360789135,52.504681072456215],[13.414659487812653,52.50436857161935],[13.415223302100376,52.50311195301779],[13.41433279394142,52.50186463828322],[13.41475216669179,52.501743717802576],[13.414539271278496,52.501277770493935],[13.413957137325148,52.50046934956811],[13.417727650587624,52.499357954488254],[13.417948221327704,52.49966763857529],[13.418907968646037,52.49924303116458],[13.418764555707279,52.49877439661555],[13.419826289530834,52.49891626477922],[13.425345731300906,52.49898914632905],[13.426427543980749,52.498640417835574],[13.426727090756652,52.49898834601172],[13.429845135184319,52.49920262243662],[13.430545333056882,52.498952628003586],[13.44092192814006,52.50046469507035],[13.44151690254095,52.50024737925066],[13.441949392325743,52.500688009652585],[13.44275581386531,52.500946761814525],[13.44423280536577,52.50068930503923],[13.44474905131579,52.500760063803696],[13.445155797585379,52.50113286505402],[13.44146616597381,52.50291439202743],[13.438504768159925,52.50400283990102],[13.437129704007171,52.5045598772965],[13.435479417967414,52.50564531417797],[13.434402651710961,52.50610088919786],[13.43397462333991,52.50638111302417],[13.432061592905704,52.507352758518934],[13.429402280699236,52.50857221581054],[13.428816440006948,52.50797982143059],[13.427200304204385,52.505666061075225],[13.426708845061711,52.50579859163662],[13.425820879603846,52.50542459371264],[13.424950589673884,52.5051797561551],[13.423624698339193,52.50500030370395],[13.422748987222825,52.50498482956568],[13.421542207027068,52.50507639476769],[13.41943091336048,52.50564910865071],[13.418942826714657,52.50506008291693],[13.418213310642292,52.50501791016917],[13.417601447576073,52.50417012413094],[13.414909208098113,52.50491633602074],[13.414610360789135,52.504681072456215]]]},"properties":{"BZR_ID":"023003","BZR_NAME":"Nördliche Luisenstadt","BEZ":"02","STAND":"01.01.2021","GROESSE_m2":1266268.865}},
{"type":"Feature","geometry":{"type":"Polygon","coordinates":[[[13.423937745848777,52.486283146468594],[13.423681544864092,52.486358287885295],[13.420842987388859,52.48716818967183],[13.40788599559313,52.48886083081798],[13.407906134837985,52.48847858431744],[13.40852943228,52.487141992042574],[13.407191441286258,52.485900087059306],[13.4067483929721,52.48512623478809],[13.406395248988494,52.482770463629336],[13.406063269031035,52.4809859205016],[13.406239624321463,52.480157418611846],[13.4068021562177,52.47886223759217],[13.406622925219468,52.47823356485416],[13.406890066547412,52.47817465690155],[13.41088482186907,52.47772369478403],[13.410938544619976,52.47790253953622],[13.413488212027696,52.47870849042938],[13.415780402142497,52.4703103115177],[13.416879620678994,52.465396419364616],[13.421542123073232,52.465838559217346],[13.421709560953397,52.463496709104135],[13.42214035870856,52.46251158144909],[13.421971951113408,52.46151620165862],[13.423009211570124,52.4613184941748],[13.42635659668875,52.461669292664844],[13.431741670098498,52.46233449813261],[13.434181268224934,52.46275511307118],[13.43454155308726,52.46285860497743],[13.43343029416462,52.464130986067225],[13.432526875299843,52.46570585717646],[13.43186739973398,52.46698096460369],[13.431316127972563,52.46778723259401],[13.430225118669515,52.469792124020394],[13.428524092105826,52.473029512501626],[13.427270929179196,52.47548234345589],[13.426903320256107,52.47651636770818],[13.42623457396965,52.4780984919271],[13.42608362348549,52.478281295478254],[13.425535110499341,52.480006515381724],[13.425119522640674,52.47996768176149],[13.424693589929285,52.48128133666624],[13.424600272603397,52.48349620090145],[13.424528394436296,52.483922212617266],[13.423887106731872,52.485606000110884],[13.423937745848777,52.486283146468594]]]},"properties":{"BZR_ID":"081001","BZR_NAME":"Schillerpromenade","BEZ":"08","STAND":"01.01.2021","GROESSE_m2":2950164.696}},
{"type":"Feature","geometry":{"type":"Polygon","coordinates":[[[13.384800838338405,52.45283557293629],[13.384142608505256,52.45617851024823],[13.384134355024853,52.45692851335832],[13.38470819914273,52.45943031562836],[13.385677251921027,52.463337784323556],[13.385798968233074,52.46435433236142],[13.385800256498973,52.46559698260211],[13.385906352236672,52.465598076325044],[13.38597542999232,52.47009138317658],[13.385907030624747,52.470323068914446],[13.38534645852333,52.47043612367418],[13.385259967974209,52.470116620001185],[13.380475827990104,52.47014989426316],[13.377537528751496,52.470192441061116],[13.374202079154992,52.47066588757568],[13.370996903515406,52.47115518681648],[13.370373435903531,52.471136132357884],[13.369284076231933,52.47139550645507],[13.367947180390809,52.47214457479565],[13.366847659986028,52.47284647972788],[13.365912411001721,52.47382172809122],[13.365376306325254,52.47372687201471],[13.365340239192058,52.4734942933623],[13.363922782253669,52.47416830092154],[13.363505951437253,52.473531155990585],[13.363742800559018,52.47345495084147],[13.36176537733794,52.47018945844776],[13.360126104300438,52.46711446669147],[13.358194758846127,52.463788685716764],[13.35613114220965,52.46064759874553],[13.3558857758772,52.45995006690647],[13.355811688539388,52.45929837936322],[13.355811677866093,52.457464083166016],[13.355702684456867,52.45717341048561],[13.355976488018802,52.455621594181316],[13.356249288020534,52.45527417173889],[13.35725839408316,52.45332736377352],[13.359716615147567,52.44939975224358],[13.361114893116357,52.44681681270331],[13.361488711684302,52.44623720446393],[13.362384054543528,52.44457290749344],[13.362644561930423,52.444148596031894],[13.365835906297441,52.44561789676574],[13.366036230486719,52.445914902523775],[13.368999247464393,52.44752704094106],[13.374703758793304,52.45070196572815],[13.37605715106634,52.451284514184366],[13.378266795031283,52.45207972782743],[13.382520949229574,52.45311172029268],[13.382855780603183,52.452569356952765],[13.384800838338405,52.45283557293629]]]},"properties":{"BZR_ID":"074008","BZR_NAME":"Tempelhof Südwest","BEZ":"07","STAND":"01.01.2021","GROESSE_m2":4483821.385}},
{"type":"Feature","geometry":{"type":"Polygon","coordinates":[[[13.376862123487458,52.51963690285481],[13.376416578925335,52.51994305111693],[13.376118798696693,52.52039465166235],[13.375928528498106,52.52121735100594],[13.375316631249255,52.52187090260755],[13.374257446823712,52.522407212741086],[13.373681891877448,52.52260214298964],[13.372565907929769,52.52278224842987],[13.371692532341498,52.52278646249661],[13.370169649814763,52.5224876990511],[13.369402847690012,52.52204627252131],[13.36841770794327,52.52110472146702],[13.3672440369206,52.52035980345785],[13.36548924461769,52.51978532119341],[13.365118780790091,52.51958060063177],[13.363902705232155,52.51936463934251],[13.362671517452883,52.51904011344947],[13.36203235494737,52.51878850736849],[13.360502086713787,52.5178479726948],[13.359826293587176,52.51757157090422],[13.35840381857654,52.51724075189928],[13.357172555755922,52.5170789063733],[13.356074033481454,52.51709242095148],[13.354915179771734,52.51728086304679],[13.353616722708793,52.51785217166394],[13.352342852469809,52.51855328075363],[13.351425731524024,52.51897612668656],[13.350302179841053,52.51965317645407],[13.350148882868508,52.519577890888755],[13.348291224576233,52.51971147743355],[13.34752909740873,52.5190928473691],[13.347340777989574,52.51909904657153],[13.347291650733464,52.51848335800459],[13.347426545442069,52.51797979655904],[13.347222734101619,52.51780749400369],[13.34536579927371,52.51763409599863],[13.34456591767183,52.51664639374159],[13.345624789032408,52.5161962853744],[13.345245338851335,52.51596487922574],[13.344244058671364,52.51590138481853],[13.343217430823866,52.51556526626198],[13.339251402195755,52.51531395620568],[13.338816901911699,52.51548616027084],[13.33814915651947,52.514924853021846],[13.337983446867401,52.514513590073705],[13.338091483565021,52.51392675376289],[13.336426443868941,52.5138116544721],[13.336162282669118,52.513291865946826],[13.335853759414253,52.51329338926094],[13.331875224090673,52.513030838094416],[13.330558558156499,52.51283065533262],[13.330865470187062,52.512443833943564],[13.331451950207848,52.512230878545815],[13.333736072181745,52.51171740322308],[13.334027283782731,52.51171587551114],[13.333407141085743,52.51127867733149],[13.332517048065192,52.51088366138732],[13.330043302964066,52.5100754331811],[13.333295104045417,52.50903696954655],[13.333899573256106,52.508844000233296],[13.334406060015588,52.508905096404355],[13.334872061153094,52.508460425299305],[13.334784122885354,52.50806273138368],[13.333749856908495,52.506721361996156],[13.334000839361797,52.506517982768415],[13.335564713514724,52.505831885883794],[13.337066209507318,52.50573642035733],[13.338637730121985,52.50591998874022],[13.339067545815293,52.505074228010514],[13.340367759487407,52.50511343259171],[13.341421041682793,52.5048676572742],[13.341500536239161,52.50494117746472],[13.351390687229944,52.50255182301237],[13.351388770270413,52.50258927141171],[13.357519042162131,52.501104854064735],[13.362537544291683,52.4996626951363],[13.363044485397003,52.49956182590231],[13.368793859743386,52.49878097557841],[13.369528193921749,52.498869752847455],[13.370890294007559,52.49998101176926],[13.371436433351647,52.50164488574707],[13.373028750531148,52.50336488473111],[13.373606206281377,52.50416336876477],[13.37413309354372,52.50360336971613],[13.374786719553292,52.503261180509284],[13.374977185176279,52.503377717809556],[13.377649122143136,52.507967505925606],[13.376766289343086,52.50868565734186],[13.376508266070548,52.509071709396395],[13.37633070013343,52.509996465169586],[13.376825117247423,52.51219465829934],[13.3766965141954,52.5127690800553],[13.377372153023666,52.5156296106144],[13.376826082970062,52.515747587289255],[13.376500108427042,52.51601621084499],[13.376443464094647,52.51636855015019],[13.377084339038547,52.516831689232816],[13.37675390091672,52.51762704077776],[13.376843704998388,52.5179808586489],[13.376862123487458,52.51963690285481]]]},"properties":{"BZR_ID":"011001","BZR_NAME":"Tiergarten Süd","BEZ":"01","STAND":"01.01.2021","GROESSE_m2":5171032.456}},
{"type":"Feature","geometry":{"type":"Polygon","coordinates":[[[13.26901389600513,52.40423569064159],[13.270059267706612,52.40418915282871],[13.271997644084216,52.40431648457922],[13.274197904480504,52.404789478742195],[13.275816836841605,52.40519789178824],[13.277074063916041,52.40582789885852],[13.280351392346136,52.40736490201966],[13.29016964766314,52.412819651601566],[13.290369755265452,52.41298189060773],[13.293225256882394,52.414561124652344],[13.295534034677367,52.4157519737301],[13.296752960681234,52.41625252171931],[13.296608117242695,52.41642718304211],[13.298080468124532,52.41694859319549],[13.299347059416277,52.417483068490405],[13.30114556980584,52.41856031363485],[13.302508971370845,52.41974150156689],[13.302930259068214,52.42046326850729],[13.304516582604084,52.42258753562163],[13.304711636746346,52.42278086792691],[13.30831130838383,52.42761144018873],[13.310250869575684,52.43011641633708],[13.310838763339918,52.43061952677321],[13.311210421999688,52.43049218845737],[13.311459591058318,52.43070377906095],[13.311075462275491,52.43083032044037],[13.311494227353139,52.431219564960685],[13.317859365833645,52.43575916964536],[13.319377865913728,52.4370758051765],[13.319684973699044,52.43748841910765],[13.322580009967426,52.44074887005218],[13.32385706986398,52.44202960623142],[13.32450381539224,52.442554232855464],[13.325746499342367,52.44334863418634],[13.323763234997488,52.444533476247884],[13.323189584609734,52.444934409181904],[13.322472446997747,52.444763994927015],[13.319953891756557,52.447928372187754],[13.320372251202484,52.448083489546626],[13.31996541874511,52.449094037328166],[13.31936068947112,52.44965323311398],[13.318593259718927,52.450530309279266],[13.318133934791351,52.451481948863226],[13.31780962781509,52.45178343428644],[13.31578143093527,52.45081402434899],[13.315201881049372,52.450627471646165],[13.315258966817364,52.4522734344931],[13.315476941895078,52.45326322289109],[13.313505715484768,52.45260571050027],[13.31281938786266,52.45279279286236],[13.312418802421979,52.45312845708105],[13.310325939394577,52.45396465486871],[13.308537059406142,52.45555598014411],[13.309140965267048,52.455858028587656],[13.308860179951067,52.45601570337619],[13.307876466891717,52.45699170457932],[13.306816139748026,52.45775640298996],[13.30715562399643,52.45915196890761],[13.304256322384346,52.458633632502796],[13.303610436105428,52.458339175082926],[13.29598570423535,52.45106143295348],[13.295197028346173,52.450119170059985],[13.293168008572408,52.446472432289816],[13.293768426213633,52.44598050728396],[13.291037788895098,52.44497202652349],[13.28934986115717,52.444303886226386],[13.286586916528886,52.443287227109145],[13.283115384966447,52.442184688515376],[13.282618459623672,52.44059934289571],[13.282428555097866,52.440342579645176],[13.281939667126789,52.438881903980146],[13.282308735088321,52.438735411891194],[13.281940067473139,52.43853051996768],[13.281487092264738,52.43739130896415],[13.280932027061324,52.43571501622966],[13.280953959675491,52.43552420649091],[13.280200401392133,52.43314061550462],[13.279755624567601,52.4323180194954],[13.276620647160703,52.42564371236012],[13.276475373756583,52.42527652786325],[13.272845911330696,52.41469052327468],[13.272763840062119,52.41477269202941],[13.272199611292592,52.413178638736106],[13.273643068418773,52.40974149528515],[13.272509068270113,52.4094070286173],[13.271037672477508,52.409125250964756],[13.267486128082393,52.40882265836968],[13.267764802844587,52.40715738486103],[13.268295160059813,52.406621833942026],[13.26878533579262,52.405226601448895],[13.26901389600513,52.40423569064159]]]},"properties":{"BZR_ID":"063006","BZR_NAME":"Drakestraße","BEZ":"06","STAND":"01.01.2021","GROESSE_m2":10283128.34}},
{"type":"Feature","geometry":{"type":"Polygon","coordinates":[[[13.396317000852065,52.417578183823245],[13.398187714894895,52.416741396896484],[13.398714153564153,52.41720360139164],[13.398443271898252,52.417318831690636],[13.399181547982911,52.417474156393794],[13.399065398587478,52.41767978604127],[13.399497171455325,52.41801930546174],[13.400121491825534,52.41877349649124],[13.404815220405412,52.42000306672533],[13.40546814934286,52.42176378413771],[13.402601245985508,52.422160902895776],[13.405178678481521,52.42555490285305],[13.405763040718394,52.42646086984669],[13.406238446384236,52.42752721540849],[13.406866850104251,52.43013928184787],[13.408867792260615,52.43318209519228],[13.409157524789977,52.434210610897196],[13.410379599516249,52.43614444307644],[13.410568183210353,52.437452973421735],[13.411257754738754,52.43912269471621],[13.410480927560638,52.43913414776324],[13.407984844831317,52.43935448592413],[13.395825122047786,52.440365493656785],[13.394771189265796,52.440337065082936],[13.393489439227222,52.44085313136792],[13.391937511965487,52.44090697715338],[13.390316600090337,52.44086573469289],[13.387445353708546,52.44042725000138],[13.387031724792717,52.44032392788811],[13.383607009092605,52.43972712356115],[13.381994982752627,52.439399347513856],[13.381895696429112,52.439163830909],[13.380559015224526,52.43775963528966],[13.379760219732187,52.43772221275894],[13.37481993291531,52.43696224063911],[13.370630126159769,52.43638689816162],[13.369588118193562,52.43617147224308],[13.367668356089471,52.43560126662663],[13.36976020092627,52.43215036199542],[13.371207324278798,52.429899554550595],[13.371550278533086,52.42919313554857],[13.375207784773165,52.42871570794985],[13.375018005334551,52.428343946878705],[13.37823886809606,52.427813507479435],[13.378369995175648,52.42794976089133],[13.381480735167816,52.427437476672075],[13.381430401910164,52.42728774912024],[13.38349711389022,52.4269483654268],[13.386071595957157,52.42722215627406],[13.38765815714074,52.427435568734396],[13.38775930163735,52.42735552364632],[13.388353490494401,52.424908214237234],[13.386573688888268,52.42450500328573],[13.382535987304355,52.42323300308922],[13.383259724046578,52.422953655091575],[13.385472989535288,52.42175881670054],[13.38641068954476,52.42139298492432],[13.38896889279508,52.420685595147006],[13.39031676232294,52.42023793165674],[13.391439947302619,52.419648704136534],[13.39249155994546,52.419211451471696],[13.393818500648583,52.41886641325067],[13.393785089295779,52.41864469438677],[13.396317000852065,52.417578183823245]]]},"properties":{"BZR_ID":"075011","BZR_NAME":"Mariendorf Süd","BEZ":"07","STAND":"01.01.2021","GROESSE_m2":4565313.276}},
{"type":"Feature","geometry":{"type":"Polygon","coordinates":[[[13.50597732574135,52.49113207817695],[13.510132013824157,52.489306535183765],[13.511670912630619,52.488512383221966],[13.51352542864402,52.48736006556156],[13.515621513480935,52.48595544236809],[13.515626450768217,52.485750186040214],[13.514939568999123,52.48546628785076],[13.514721754588807,52.48556574487263],[13.513407353776513,52.48498703650853],[13.512375334536443,52.48466335193832],[13.510810805940443,52.48439551514358],[13.505737720845934,52.48449955680729],[13.505657953258265,52.48443277099105],[13.501435126600425,52.48337270858898],[13.50123652554921,52.48340283884626],[13.501890701080784,52.48257400843509],[13.50432414872096,52.47812451804031],[13.507846672906366,52.47490382077788],[13.512968095041858,52.47566127196276],[13.514041164281474,52.47571583726281],[13.515800800198715,52.47554346325545],[13.516881700170046,52.47525921207346],[13.520315427442565,52.47406997247804],[13.521580829207968,52.475217519797226],[13.522430351117848,52.474752681738515],[13.523667610561315,52.47386373512497],[13.52554448815759,52.47235570033295],[13.527529307048898,52.47062386318734],[13.530771954515759,52.4679376571857],[13.531432403145327,52.46838914270306],[13.534915091800027,52.471139189361644],[13.539848434375662,52.47497854690629],[13.542067617542248,52.473987952752],[13.542435800058566,52.4739509609573],[13.54847834615908,52.473311643855446],[13.54799117165827,52.47386632369535],[13.549188043188146,52.473864187891635],[13.55033696037715,52.47370388546741],[13.551532338734901,52.47362422346453],[13.552597157025685,52.473652291038405],[13.55204833144821,52.47374790018731],[13.550856972500245,52.477015472930894],[13.548451371519427,52.47977762798892],[13.547883366271009,52.47978006114572],[13.547915880157992,52.48251371355124],[13.548282589772242,52.482481423426684],[13.549104665398733,52.483741432582356],[13.549892706851965,52.484450268242774],[13.550207607455368,52.485186477401136],[13.549966925259897,52.48578131816448],[13.547829014032523,52.489103774766846],[13.546253949278013,52.491765523201686],[13.544848219377606,52.49320896482345],[13.544451952022435,52.4954796454253],[13.543916612527653,52.4956977596734],[13.54408497249655,52.496207910096274],[13.542141579095123,52.49825229212708],[13.541736738452412,52.49829745543574],[13.541210192840314,52.4981973674011],[13.52971216397958,52.49535889826554],[13.525870675105105,52.4943689853207],[13.525188522960587,52.49423319836243],[13.513618675119933,52.49137870760137],[13.511850466459183,52.4910722100365],[13.509879429668716,52.49089682727541],[13.508425989698408,52.490915427872245],[13.50718753834931,52.49101974652122],[13.50712278533316,52.490879335244216],[13.50597732574135,52.49113207817695]]]},"properties":{"BZR_ID":"115013","BZR_NAME":"Karlshorst","BEZ":"11","STAND":"01.01.2021","GROESSE_m2":6586091.102}},
{"type":"Feature","geometry":{"type":"Polygon","coordinates":[[[13.377649122143136,52.507967505925606],[13.374977185176279,52.503377717809556],[13.374786719553292,52.503261180509284],[13.374714153809503,52.50299315987374],[13.376105276705719,52.50222146622203],[13.376774191775205,52.5017771605963],[13.377267163430792,52.501267671076185],[13.377841346869927,52.5003227741091],[13.378216761510279,52.49989508836864],[13.37886254199528,52.499488989898474],[13.379644725086775,52.499228128666935],[13.381537460495057,52.498978764913005],[13.38362318688662,52.49906622574542],[13.385079321164072,52.498874955146526],[13.388548575870933,52.49804685929432],[13.390412328937638,52.497696780285466],[13.392222277868438,52.497763478998195],[13.394460218657247,52.4980191888828],[13.396511297114438,52.49792134697882],[13.397918955522789,52.49769887181029],[13.399090684646916,52.497366472186265],[13.400506398910096,52.497086379490334],[13.402295509772868,52.49686323687155],[13.405493155009392,52.49663210466195],[13.407132026298646,52.496441767495355],[13.40896043013544,52.49615029851642],[13.41242689015932,52.49548613976608],[13.414327104637083,52.49534290677356],[13.416211142045709,52.495499845890876],[13.417883247891993,52.49601109164212],[13.418792267624193,52.49614470530788],[13.420226777779034,52.49615665890838],[13.419954543014363,52.496560930628256],[13.418764555707279,52.49877439661555],[13.418907968646037,52.49924303116458],[13.417948221327704,52.49966763857529],[13.417727650587624,52.499357954488254],[13.413957137325148,52.50046934956811],[13.414539271278496,52.501277770493935],[13.41475216669179,52.501743717802576],[13.41433279394142,52.50186463828322],[13.415223302100376,52.50311195301779],[13.414659487812653,52.50436857161935],[13.414610360789135,52.504681072456215],[13.414072830853025,52.50403792960904],[13.411520953977954,52.50489126755895],[13.409970810221079,52.506925688637835],[13.408029436066952,52.50618017960035],[13.405284802765417,52.5082106268784],[13.404434237351213,52.5077747086528],[13.403820165534084,52.508092937079674],[13.402753419102536,52.50853567468288],[13.400189671403059,52.50937587857958],[13.399231518172648,52.508077104036744],[13.398771967976916,52.50811351238496],[13.392124476892931,52.50769783059449],[13.378938130449066,52.50693044462584],[13.377649122143136,52.507967505925606]]]},"properties":{"BZR_ID":"021001","BZR_NAME":"Südliche  Friedrichstadt","BEZ":"02","STAND":"01.01.2021","GROESSE_m2":2941310.369}},
{"type":"Feature","geometry":{"type":"Polygon","coordinates":[[[13.327712533152068,52.44424585845148],[13.327624706252662,52.444311448324235],[13.32933331316296,52.44490393916105],[13.330611101574902,52.44522415529861],[13.332146213179575,52.445451933822675],[13.33338599663002,52.445564083576826],[13.335655910196916,52.445587019281334],[13.338841041400972,52.44538524168342],[13.34008844533381,52.44539214065391],[13.3420058126357,52.44519976269818],[13.344813442514365,52.44504984077597],[13.346479831285166,52.44479546089391],[13.349972056416455,52.4440109730148],[13.35320345834947,52.443401972497625],[13.355937843616127,52.44298069753489],[13.35748765431532,52.443006462113],[13.358634075502762,52.443099085712525],[13.36017560979546,52.44347976351061],[13.361171303797521,52.443889136634375],[13.362384054543528,52.44457290749344],[13.361488711684302,52.44623720446393],[13.361114893116357,52.44681681270331],[13.359716615147567,52.44939975224358],[13.35725839408316,52.45332736377352],[13.356249288020534,52.45527417173889],[13.355976488018802,52.455621594181316],[13.354200366942115,52.45564178194185],[13.354185387070176,52.455874949364166],[13.353683059819385,52.45670074127428],[13.353301222493291,52.45702418857001],[13.352476198768036,52.45707575288294],[13.350893208991934,52.45661941298241],[13.34907838578531,52.456774769670815],[13.349043645050223,52.45876486779869],[13.348396771423472,52.45876532110713],[13.34755899899083,52.458989637270264],[13.347821016069217,52.459246283952226],[13.344955957067011,52.46171864677114],[13.343110066856461,52.46298205917845],[13.3389055881998,52.465564087642676],[13.338772619644466,52.46656937099579],[13.338481738529968,52.466381648243974],[13.337385812305362,52.466946297044274],[13.336274294227335,52.467416542460064],[13.334831792416594,52.466201317438376],[13.334666056612996,52.46627738724914],[13.331411314973087,52.46585734226427],[13.330629407625157,52.46515184367223],[13.328587824494372,52.463308569022985],[13.326760400655232,52.46136807153952],[13.326455933202617,52.46122720444159],[13.326884230422236,52.459790324597705],[13.325016372043528,52.45815374941318],[13.324783026982807,52.45816634064096],[13.32289417092997,52.45664076357151],[13.322960809768235,52.45652395025588],[13.32414754211336,52.456164804901384],[13.32454890538559,52.45650058772958],[13.326424711007999,52.45647454149849],[13.325576737593945,52.45551193841983],[13.325350469435389,52.45560486877579],[13.324355131927899,52.45483082001852],[13.322911614627378,52.455385893364635],[13.319903478501116,52.45316186368367],[13.3195567854042,52.45349660911437],[13.319164343324823,52.45322042176174],[13.31837341256647,52.45408251559614],[13.31795433276519,52.45406548705786],[13.315476941895078,52.45326322289109],[13.315258966817364,52.4522734344931],[13.315201881049372,52.450627471646165],[13.31578143093527,52.45081402434899],[13.31780962781509,52.45178343428644],[13.318133934791351,52.451481948863226],[13.318593259718927,52.450530309279266],[13.31936068947112,52.44965323311398],[13.31996541874511,52.449094037328166],[13.320372251202484,52.448083489546626],[13.319953891756557,52.447928372187754],[13.322472446997747,52.444763994927015],[13.323189584609734,52.444934409181904],[13.323763234997488,52.444533476247884],[13.325746499342367,52.44334863418634],[13.327712533152068,52.44424585845148]]]},"properties":{"BZR_ID":"061002","BZR_NAME":"Albrechtstraße","BEZ":"06","STAND":"01.01.2021","GROESSE_m2":4847378.552}},
{"type":"Feature","geometry":{"type":"Polygon","coordinates":[[[13.448202482667453,52.46435911701936],[13.451166361096357,52.464975169518524],[13.452696917807991,52.46511340017995],[13.452466989059728,52.464728612247164],[13.452372608934656,52.46407281695785],[13.452505193978233,52.46343496163723],[13.452901469004331,52.46282490370101],[13.454754002928544,52.460892256818404],[13.455179589843912,52.46098755660687],[13.45629553391293,52.459788232081756],[13.456619605464848,52.45964472910341],[13.4569804851722,52.45910812045043],[13.45733881010163,52.45923633265923],[13.47179155716301,52.45885785935198],[13.474969722103877,52.45876447725033],[13.474979938761406,52.45947272789304],[13.4757979900183,52.46091315963854],[13.477197440231166,52.46199287939476],[13.478549315731286,52.46398125417279],[13.478479137897597,52.464986675901656],[13.478339123924997,52.46523093293935],[13.476351025756076,52.467130521704775],[13.4750390509558,52.46812546698079],[13.472653629355722,52.47042418068168],[13.470978151106515,52.47203286376872],[13.470128754647735,52.47292851175493],[13.469618310567634,52.47366967673297],[13.469607154225622,52.47399417249883],[13.469978542156726,52.474836889658455],[13.470383322637783,52.47602140962694],[13.470573282922233,52.47690629287236],[13.461159336860721,52.48353647019023],[13.461181082043232,52.48370122639672],[13.458560508285016,52.48551793359915],[13.458425544379034,52.48543281880361],[13.457147371418946,52.4789632628762],[13.45764401126991,52.47863555086564],[13.457598706747046,52.4783405467081],[13.458845885522528,52.477682941725085],[13.457898906170199,52.4730757861907],[13.456563211156228,52.4737170141623],[13.456045190603797,52.47282258273177],[13.455461281079385,52.47224920485977],[13.454348632400487,52.47145110676257],[13.454570288103891,52.4711363573758],[13.453271622144737,52.471070725412],[13.453267655656058,52.47090807540266],[13.451848017411013,52.47044074812388],[13.44916989352882,52.4700563504654],[13.448327466147163,52.46983034269338],[13.448120529598667,52.46965532250149],[13.44790464715282,52.46926219562517],[13.448169660302202,52.46828142275293],[13.444631869968482,52.46790976672413],[13.445426096800947,52.46709983435636],[13.446205727307031,52.46650621047941],[13.447903167958051,52.46483026080927],[13.448202482667453,52.46435911701936]]]},"properties":{"BZR_ID":"081005","BZR_NAME":"Köllnische Heide","BEZ":"08","STAND":"01.01.2021","GROESSE_m2":3318164.343}},
{"type":"Feature","geometry":{"type":"Polygon","coordinates":[[[13.496661617590261,52.605027238404304],[13.497495741695314,52.60787139455416],[13.498508983211867,52.610743473733564],[13.49910447388504,52.6118195099024],[13.500263893872605,52.613681389311644],[13.501204980770714,52.615554276586856],[13.501899227542486,52.61675587187654],[13.50330809857617,52.61899284151938],[13.50370271484368,52.619261401977525],[13.504724749811295,52.619644658205814],[13.498470230169563,52.62118283094767],[13.493720693360228,52.6222081239952],[13.488752767413175,52.62358371788862],[13.486567048119188,52.624398386517925],[13.48339679610003,52.62577771476111],[13.481921305436144,52.625520107715225],[13.479638316332966,52.62556585555411],[13.478682356717888,52.62543100973659],[13.473952515669287,52.62416839905992],[13.47300985847861,52.6238496989704],[13.470624840765213,52.62289111854732],[13.469966207567339,52.622518834047945],[13.465489403459157,52.6190530820962],[13.464423014001973,52.61842473654383],[13.458737082271126,52.615749835475384],[13.458090537307625,52.61541058322911],[13.453723614708643,52.61272409945857],[13.452947549880234,52.61230671398353],[13.456268822116728,52.60993987539257],[13.45694281472281,52.60958106659791],[13.456972295617698,52.609174802230534],[13.460358415135728,52.606620165340544],[13.463098499542784,52.604632889339086],[13.46341830959506,52.604605013738635],[13.463986653498472,52.604113896273546],[13.466007046837632,52.60254627981134],[13.467199783617128,52.60148531765246],[13.468943418024223,52.60014793091019],[13.470234564704631,52.59908186322839],[13.470909543484872,52.59891595978753],[13.473373263321665,52.59854065740089],[13.474304953048366,52.59849535674697],[13.47625230115257,52.59855273380099],[13.478106604411138,52.59880809379589],[13.479267891735441,52.59903035076358],[13.481516383324339,52.59966123206854],[13.481639297688316,52.5995181270659],[13.483966005382037,52.60018277195855],[13.485449791691941,52.60051978248378],[13.488094716404872,52.600996810683085],[13.49378015307806,52.60227168620236],[13.494429856477284,52.602702068051954],[13.495070908328135,52.603435156984894],[13.496036942280957,52.60425049118634],[13.496661617590261,52.605027238404304]]]},"properties":{"BZR_ID":"033004","BZR_NAME":"Karow","BEZ":"03","STAND":"01.01.2021","GROESSE_m2":6610126.739}},
{"type":"Feature","geometry":{"type":"Polygon","coordinates":[[[13.18208059720382,52.5371764349065],[13.182223375266357,52.53677069241602],[13.18219254864784,52.536045636134844],[13.181969685219022,52.535437618716635],[13.18183332332533,52.5341861177725],[13.181687872940593,52.53393835710702],[13.18054884432872,52.53390416188774],[13.180534083754573,52.53380291749966],[13.17934216121853,52.53371728522681],[13.17906994861796,52.53122158398216],[13.179117739014114,52.53102864630133],[13.181917594937422,52.526419874533445],[13.178357000613689,52.52560647879686],[13.177403794526258,52.52543290554921],[13.177117612323196,52.525309247108936],[13.178677957141497,52.52492454475963],[13.187332098476174,52.522585424699415],[13.188027020289095,52.52227809040457],[13.188576140810547,52.52177320157955],[13.187601156915733,52.52097853476963],[13.185466112578098,52.5198772015951],[13.180801948233926,52.51756013885539],[13.179177419702183,52.51680439652691],[13.179483979981303,52.51678956670957],[13.185202187651935,52.51563749203811],[13.184260051905213,52.514602572337964],[13.184233519383524,52.5143849973562],[13.18310957036323,52.5128005071742],[13.182846305777131,52.5126307445845],[13.180378163401588,52.50914740713775],[13.179586594292083,52.50792088483725],[13.179567819989904,52.50752549789291],[13.180142812804803,52.50543525845687],[13.180233234221927,52.50443491333186],[13.179891980138487,52.50296703927919],[13.179467911015006,52.50164188601391],[13.179460844479232,52.50125381796305],[13.179931508333143,52.50022700849469],[13.182139905566338,52.500169693558504],[13.185487440303028,52.49996699994705],[13.19169933370491,52.49867564215997],[13.195208211791666,52.49973992608131],[13.1990796336113,52.499879794016884],[13.205132445052083,52.501348383358376],[13.209726871858438,52.50291044354481],[13.209346638787627,52.504301139969556],[13.208764004571178,52.50504587337741],[13.209330491441701,52.50587465514552],[13.210496114255394,52.507199827227964],[13.211013770671297,52.50852267159504],[13.211861869869534,52.50934693169112],[13.213231328547398,52.50909713618072],[13.21408497065561,52.509101276619354],[13.214546293823846,52.509368600756744],[13.215582752782076,52.50916009343196],[13.215692813086658,52.509364983842424],[13.214980503015394,52.50950914116544],[13.215854272880835,52.510685651871285],[13.21647169047629,52.51169557591249],[13.217435156667591,52.51239665352608],[13.218471773854015,52.5134024516063],[13.218833080028244,52.51336708891652],[13.219458394845066,52.51399436479615],[13.219751788203622,52.513577070056066],[13.22094778808677,52.51362157510023],[13.220097298583765,52.51459872501286],[13.219837571245321,52.51578690096569],[13.219490393039107,52.5181569149948],[13.219348337762257,52.52086080382897],[13.219388345796379,52.52142051992333],[13.219894292109196,52.52262347865559],[13.220798972221203,52.523929860484984],[13.221817350315172,52.52564233504706],[13.222019873085932,52.5261736785795],[13.222284565101234,52.526391162234304],[13.222622545478139,52.527060541542966],[13.222654218371023,52.5279563141306],[13.222380741947529,52.52886901906025],[13.22065917504193,52.52854631590211],[13.219290765057556,52.52810360009971],[13.21740141410742,52.52735666917693],[13.216355857208793,52.52712261443918],[13.215053790275428,52.52702038675942],[13.213071059676901,52.5272634641044],[13.211491855413703,52.52757853222986],[13.21022420540323,52.52795785938722],[13.20887841474744,52.52844037917377],[13.20730473684013,52.52908308203943],[13.204725648508777,52.53041232118318],[13.201508879522267,52.531967649153046],[13.202733956183952,52.533045523993245],[13.203393130257998,52.53338024974732],[13.202015609340815,52.53381122536504],[13.199814800697869,52.53441023182629],[13.197625949219274,52.53486773994031],[13.19432823146905,52.53538276827288],[13.192519807894012,52.535621105254315],[13.192393682836558,52.53555065609652],[13.189601396854531,52.535977326395226],[13.187261131554433,52.536285175606984],[13.18717322437172,52.53634520364558],[13.18208059720382,52.5371764349065]]]},"properties":{"BZR_ID":"052006","BZR_NAME":"Wilhelmstadt","BEZ":"05","STAND":"01.01.2021","GROESSE_m2":8566947.864}},
{"type":"Feature","geometry":{"type":"Polygon","coordinates":[[[13.43513759765093,52.480757334821284],[13.440103964587225,52.481498247844605],[13.440380495948194,52.48175309594172],[13.446350964737766,52.48626002686693],[13.448843705808473,52.48795877441563],[13.448660336787063,52.4879825787853],[13.446763497374826,52.48895538145176],[13.444444275465633,52.487457538653146],[13.439657172942836,52.48990870998566],[13.439628201902291,52.48965901454214],[13.439227897517197,52.48966053999146],[13.438271025197407,52.490375783473404],[13.430401386979014,52.49287680252178],[13.422750587317775,52.495367155553744],[13.421810747900365,52.49562452483855],[13.420401145959193,52.49586381903807],[13.420789032243558,52.49547582654318],[13.425411005115517,52.488085222086795],[13.424938348739778,52.48778426488636],[13.423681544864092,52.486358287885295],[13.423937745848777,52.486283146468594],[13.424529230304888,52.48608600174316],[13.431347562709151,52.48299251180223],[13.43325278267374,52.48210452830201],[13.43513759765093,52.480757334821284]]]},"properties":{"BZR_ID":"081003","BZR_NAME":"Reuterstraße","BEZ":"08","STAND":"01.01.2021","GROESSE_m2":1426230.513}},
{"type":"Feature","geometry":{"type":"Polygon","coordinates":[[[13.573500598927081,52.51288739594316],[13.574113255895064,52.51361228935562],[13.574678651535923,52.514733494985606],[13.575598146434311,52.51677565329533],[13.57558436671198,52.51727913882969],[13.575887848324223,52.51829975939935],[13.576415925541959,52.51883784319774],[13.57645843384366,52.51969217359103],[13.576874599012843,52.52117856135643],[13.577053872922303,52.52238636677729],[13.57693362946278,52.523476637908836],[13.577508980346442,52.525084523981164],[13.577783656265874,52.525632663101774],[13.57841873374965,52.526104006706056],[13.581328248976694,52.52802426046638],[13.583813418054275,52.52998122517764],[13.584145136061103,52.5301572521983],[13.5817528257906,52.530841456939015],[13.580590314374886,52.53128786653009],[13.577965471690755,52.53216426641871],[13.577427370247008,52.532491962985766],[13.577094124162066,52.53291073416205],[13.576231922123197,52.53369077854039],[13.574864962168029,52.53426860412346],[13.572722802250402,52.53403430086082],[13.570726862802644,52.53439157035241],[13.568688825711634,52.534683104435764],[13.567061359624587,52.535079090683546],[13.566633051616568,52.534404295708384],[13.558001723392175,52.5340854874764],[13.557463347534302,52.534236056547],[13.556627095602376,52.53389819510529],[13.551794957267795,52.53369701037178],[13.551047926986794,52.53355940516591],[13.550610308017664,52.53334488264861],[13.550187381037599,52.53279234620336],[13.550279815885762,52.532432782970766],[13.549776110104208,52.53012697466006],[13.549570079494835,52.53014051650388],[13.548624265443486,52.525809055787064],[13.548390246920915,52.52577162447147],[13.547504863647319,52.5217264701972],[13.546774226200204,52.521725726634315],[13.545567155321724,52.51629348552095],[13.545275427241691,52.515719911260355],[13.544486608596817,52.51216255143686],[13.544317751814402,52.51117790496512],[13.544157587527671,52.5108406853803],[13.543920335047861,52.50966849229544],[13.538211425959265,52.50990935742515],[13.536213619136872,52.50999376435208],[13.536292948755403,52.50794075718747],[13.536116441316505,52.50790027215454],[13.536294626074142,52.506406402189135],[13.536017204065345,52.50600465326674],[13.535198305627636,52.50555045541616],[13.539493536160931,52.49854449351159],[13.541736738452412,52.49829745543574],[13.542141579095123,52.49825229212708],[13.54408497249655,52.496207910096274],[13.543916612527653,52.4956977596734],[13.544451952022435,52.4954796454253],[13.544848219377606,52.49320896482345],[13.546253949278013,52.491765523201686],[13.547829014032523,52.489103774766846],[13.549966925259897,52.48578131816448],[13.550207607455368,52.485186477401136],[13.549892706851965,52.484450268242774],[13.549104665398733,52.483741432582356],[13.548282589772242,52.482481423426684],[13.547915880157992,52.48251371355124],[13.547883366271009,52.47978006114572],[13.548451371519427,52.47977762798892],[13.550856972500245,52.477015472930894],[13.55204833144821,52.47374790018731],[13.552597157025685,52.473652291038405],[13.555046387533988,52.47361362611293],[13.557345052671726,52.47329082079654],[13.559642640551353,52.47324207434933],[13.560868922993135,52.473261666946264],[13.563093500537112,52.4734666251164],[13.564152395711973,52.473672187010465],[13.565128187648893,52.47395688568231],[13.565670042307548,52.47359896410694],[13.567054743976415,52.47387064968495],[13.567722533415374,52.47458213600411],[13.567815830461294,52.475158713665856],[13.56754548641831,52.476222108709905],[13.566747085394365,52.47707336599721],[13.56425239994953,52.47843084807228],[13.563779154905545,52.478778294648215],[13.563353980772268,52.479300217182036],[13.563251395393545,52.479702251365694],[13.563271798175059,52.480733410537894],[13.563183789463867,52.48186028310292],[13.563493354021075,52.4830486000027],[13.563459560749708,52.484481777848394],[13.5644252512067,52.48520872135223],[13.565735390609749,52.48686205199162],[13.566098311767936,52.48760125386635],[13.566755052289075,52.48955398752317],[13.567470117728364,52.49018197986461],[13.56833314552977,52.49150833966216],[13.56904017579268,52.492161803997384],[13.569208243288536,52.49271414813462],[13.569500893353252,52.492937925086494],[13.569420194712198,52.49352224055783],[13.568440602817887,52.494271059389256],[13.568236128728364,52.494736760444916],[13.568071493876836,52.49567499379764],[13.568893134378563,52.497460382843016],[13.568716497175828,52.49749881522352],[13.569027034822689,52.49806538193595],[13.56955806643554,52.498598770248165],[13.570172209677782,52.498957504979096],[13.571476187460949,52.49954738044343],[13.571961754318043,52.50012314925268],[13.572524626222066,52.50041361399953],[13.573498955587723,52.500431110575214],[13.57662465401031,52.500600777912396],[13.577570603655355,52.50113886857324],[13.57841084609804,52.502292268661485],[13.578578039193143,52.50264160496563],[13.578718834552046,52.503686043172145],[13.579475347337983,52.50436646976723],[13.579660129317352,52.50476282705078],[13.57945652211447,52.50503076109376],[13.579290089660994,52.505777246068874],[13.578677659296899,52.50660978453707],[13.5778329117888,52.50720081943526],[13.576806290902717,52.508211648655916],[13.57547246656677,52.50894755156664],[13.574934461005432,52.50948782760676],[13.57391102316664,52.51022818813125],[13.573631344393227,52.51139658253665],[13.573630408571526,52.51186871011851],[13.573390399899019,52.51242371068791],[13.573500598927081,52.51288739594316]]]},"properties":{"BZR_ID":"103007","BZR_NAME":"Biesdorf","BEZ":"10","STAND":"01.01.2021","GROESSE_m2":12404487.19}},
{"type":"Feature","geometry":{"type":"Polygon","coordinates":[[[13.537508707920496,52.398992600979895],[13.537075334383847,52.3982516856567],[13.537209762134301,52.39803718546588],[13.536305596293666,52.397823261155374],[13.536692694136766,52.39721015000197],[13.53582991439113,52.39561829099437],[13.535366823419501,52.39400783976391],[13.535102976022827,52.39330811012157],[13.534834081123346,52.39143560729289],[13.534824588119902,52.390772206661744],[13.535492191712848,52.38899092665711],[13.5459109516168,52.38871776505069],[13.551632788578734,52.38851124971842],[13.553947677884567,52.38838930909399],[13.56084399737952,52.388171510132594],[13.564159042605707,52.388135315875395],[13.565774218344577,52.388450652654946],[13.568021841541297,52.388796055329614],[13.570808532628236,52.38934785135327],[13.57437116706413,52.39011532424886],[13.575611324547324,52.390241855657585],[13.581659061235884,52.391214868914815],[13.585051239079903,52.391906650248],[13.587828010587536,52.392515232838946],[13.590608349184704,52.393356957131004],[13.59269519241769,52.39381295225306],[13.592676212598885,52.39437857766776],[13.593257197282671,52.39561322068277],[13.5929921391053,52.39608089068713],[13.593118300657776,52.39672838971366],[13.592993840457908,52.3969048319507],[13.591041041351918,52.39719489027572],[13.590347056113737,52.3971723021165],[13.589302597116262,52.39881372556885],[13.58864067974087,52.39954912234775],[13.587635315525295,52.399396475977625],[13.586408637834138,52.39933950955834],[13.585670700358163,52.39994388036883],[13.58529915615918,52.40040054880673],[13.58465095170469,52.40083552604208],[13.584300263585328,52.40133256810833],[13.586826861671694,52.40352645884085],[13.584428526610017,52.40483004530354],[13.582755738134477,52.40579972595932],[13.581928919154745,52.40637384996055],[13.581631225869826,52.40622429091078],[13.580691233407393,52.40693702081982],[13.578651536997304,52.40814806197519],[13.577506207834592,52.40897067667734],[13.574885139016285,52.409327987877504],[13.573533707908275,52.411475786422194],[13.573162254113614,52.41187211514231],[13.572620268520659,52.41306934639041],[13.57065280655435,52.414517623170376],[13.568667000194791,52.41573418013306],[13.567071023474877,52.413614251466015],[13.566829434375675,52.413456833023545],[13.565297404796256,52.411884099665755],[13.563941559235001,52.41070075163845],[13.561068289463,52.4083417418132],[13.558072924073134,52.406340597137614],[13.555361711946395,52.40478031696429],[13.55305071565679,52.40321222252092],[13.552178174929445,52.404369181995705],[13.550692063248125,52.40276096210886],[13.550165639550588,52.40232386993882],[13.549303955858402,52.40179578944436],[13.548659667973046,52.40173713480443],[13.548256656374342,52.40147535567031],[13.546259987474029,52.400617403874094],[13.545287631008998,52.400265805035495],[13.543330157423235,52.39967086314287],[13.540914515412592,52.39928090542064],[13.540867213781224,52.39939316715215],[13.539935060576616,52.39925448651337],[13.539985185910686,52.399126631985595],[13.538737924369434,52.3989567517305],[13.537508707920496,52.398992600979895]]]},"properties":{"BZR_ID":"093010","BZR_NAME":"Bohnsdorf","BEZ":"09","STAND":"01.01.2021","GROESSE_m2":6682882.61}},
{"type":"Feature","geometry":{"type":"Polygon","coordinates":[[[13.594951401926206,52.44932268903958],[13.596423121135041,52.4494930390034],[13.598615863040932,52.44905259277579],[13.601646771902791,52.448965537567375],[13.602804030276149,52.4485897637797],[13.604227616786668,52.44798714281588],[13.607405948466903,52.44737739981449],[13.60873920799094,52.44684277461895],[13.609511096822244,52.446434241487204],[13.61005799438234,52.4462975798343],[13.610624944272576,52.44592384406316],[13.611708312253166,52.44553683886161],[13.612589840005253,52.44506847037722],[13.614799175738183,52.44454548218191],[13.615345266934009,52.444150323924596],[13.616169345463014,52.4438345249875],[13.617047479493042,52.44334364240011],[13.617702068578584,52.443165839658164],[13.618938539289674,52.443277631828146],[13.62009435502869,52.443671513882],[13.620858162623334,52.44411103673606],[13.622054684824379,52.44400376037315],[13.62240729211434,52.44387987353143],[13.622888811633365,52.44411613569818],[13.624852554015899,52.444382615578505],[13.648953727558835,52.43913287954909],[13.656750998296861,52.43744288353056],[13.662364508778543,52.447287169540125],[13.66294932574344,52.449497524303915],[13.664193805091479,52.454016384777006],[13.669464507601614,52.47328378797089],[13.667558944425911,52.47373847604156],[13.667239158355354,52.47428543757478],[13.665723915491819,52.47395114003401],[13.663810292294377,52.473660154851984],[13.662651852390011,52.473758217323436],[13.661505011712071,52.474048336672226],[13.65836354859023,52.475001769620306],[13.656814654374905,52.475970624651616],[13.65546429173355,52.47664548529319],[13.652326889590933,52.47746234173616],[13.648305646230675,52.478730862218654],[13.64577681060315,52.478872145092886],[13.643215380435464,52.47922275719282],[13.642567116412854,52.478705483515824],[13.636149817440558,52.47614560938519],[13.631040846214681,52.47502699027494],[13.629441241265432,52.47410188831911],[13.628180681773202,52.47354403692853],[13.62534118998326,52.47369845122551],[13.624800700887704,52.470142506920055],[13.624709050213795,52.469056499845195],[13.62520979337473,52.46874549956576],[13.622905051266878,52.46878383692235],[13.6226081239239,52.46806057639656],[13.623052389850193,52.46742110094827],[13.622979534262257,52.46715647746559],[13.623376344348435,52.466712162412065],[13.62275810110389,52.46645270716472],[13.621383641396578,52.4666386127286],[13.620557065952815,52.46626277561297],[13.619782013801366,52.46482952788347],[13.619829446584196,52.46407506014954],[13.620375258967444,52.46351489236721],[13.61951127315849,52.463178099166115],[13.619278700805202,52.462723078175955],[13.618441029590379,52.46292172380116],[13.618100665120974,52.46245343836071],[13.616891206206914,52.462123566688376],[13.61700452075232,52.46247243587739],[13.616437094726242,52.46252854713603],[13.615610792571985,52.46198354954573],[13.615763580576838,52.46177526488568],[13.614777418208305,52.46173810379485],[13.614394432955786,52.46144316572693],[13.613948145252662,52.46169931167852],[13.613703473839752,52.46134520452686],[13.613307416466693,52.46120709124995],[13.61289257630226,52.4613285042661],[13.612523683169906,52.46113220295995],[13.611571025810823,52.46116749736789],[13.611009790926516,52.46069847699133],[13.61090602083214,52.46042726059382],[13.60932302001791,52.46030922689151],[13.608763737300704,52.46064217390612],[13.608173148296851,52.46030417907343],[13.607705426603628,52.46034876242705],[13.6059110479941,52.459076419390165],[13.606037096596816,52.45878012523293],[13.607085122344568,52.45828473677861],[13.603947003601732,52.45829752752612],[13.603353554216879,52.4581190276618],[13.603534268319553,52.458825511958004],[13.59705278690586,52.45901095208563],[13.597120001865878,52.45691063745792],[13.596632835546306,52.45681256556946],[13.59741303013827,52.45592345412027],[13.597379621064748,52.45378382253507],[13.595943812725645,52.45359817748382],[13.595830288252436,52.453139444653445],[13.594835664434706,52.45321483062513],[13.595204382898963,52.45250119385466],[13.594586061359646,52.45193799929606],[13.59428180986543,52.451331898920046],[13.594389713301604,52.45054514170627],[13.594847002926388,52.45035852914891],[13.594951401926206,52.44932268903958]]]},"properties":{"BZR_ID":"095017","BZR_NAME":"Friedrichshagen","BEZ":"09","STAND":"01.01.2021","GROESSE_m2":14043467.15}},
{"type":"Feature","geometry":{"type":"Polygon","coordinates":[[[13.448120529598667,52.46965532250149],[13.448327466147163,52.46983034269338],[13.44916989352882,52.4700563504654],[13.451848017411013,52.47044074812388],[13.453267655656058,52.47090807540266],[13.453271622144737,52.471070725412],[13.454570288103891,52.4711363573758],[13.454348632400487,52.47145110676257],[13.455461281079385,52.47224920485977],[13.456045190603797,52.47282258273177],[13.456563211156228,52.4737170141623],[13.457898906170199,52.4730757861907],[13.458845885522528,52.477682941725085],[13.457598706747046,52.4783405467081],[13.45764401126991,52.47863555086564],[13.457147371418946,52.4789632628762],[13.458425544379034,52.48543281880361],[13.458560508285016,52.48551793359915],[13.458134819344506,52.485819816916056],[13.456066896847647,52.48425408877072],[13.450444635492675,52.48714905387783],[13.450326976237854,52.48708605869966],[13.448843705808473,52.48795877441563],[13.446350964737766,52.48626002686693],[13.440380495948194,52.48175309594172],[13.440103964587225,52.481498247844605],[13.43513759765093,52.480757334821284],[13.43705107971179,52.479371658254045],[13.437291410030282,52.479038638916265],[13.437961198857048,52.47911987304187],[13.437802288794671,52.47883479226342],[13.439300165546912,52.476786315808475],[13.440003829420608,52.47535332011104],[13.440129095415063,52.47482403043969],[13.441109036838853,52.47315893389923],[13.441363157808778,52.472401304019144],[13.441984191627279,52.46891448686762],[13.448120529598667,52.46965532250149]]]},"properties":{"BZR_ID":"081004","BZR_NAME":"Rixdorf","BEZ":"08","STAND":"01.01.2021","GROESSE_m2":2073213.734}},
{"type":"Feature","geometry":{"type":"Polygon","coordinates":[[[13.188170030940404,52.47183688722018],[13.188294870096788,52.47408397677583],[13.18724800541523,52.47865437035748],[13.19016718442762,52.48261935182888],[13.18981155391697,52.48433446299988],[13.18714865102147,52.48712833626272],[13.186596860222236,52.48929199563182],[13.187549258814085,52.49120976836239],[13.189534246891597,52.49293363528689],[13.18945485362973,52.49498231530134],[13.189840461398363,52.497545466204784],[13.19169933370491,52.49867564215997],[13.185487440303028,52.49996699994705],[13.182139905566338,52.500169693558504],[13.179931508333143,52.50022700849469],[13.17810313128724,52.500304332823866],[13.17657483945234,52.50046590926199],[13.169681940744264,52.500916236002666],[13.168203001131063,52.500970679486855],[13.16177081692226,52.501371464944825],[13.157240809787732,52.50162200681237],[13.152475056553325,52.49818604156948],[13.151225966262135,52.49731005057478],[13.149590399102824,52.49631483522195],[13.14443144664389,52.49229309375954],[13.130716523876295,52.48164490083367],[13.128333530375851,52.479820531351876],[13.12627667858904,52.4786569099686],[13.123969125776984,52.47824884766706],[13.122169383100939,52.47799451055102],[13.118352662939083,52.477369949265274],[13.11769327490482,52.47732028988347],[13.117516627793934,52.47439068916885],[13.11723452747163,52.473279886676444],[13.116206096559557,52.47167995646444],[13.113787882436927,52.4697996406972],[13.113954191802792,52.46861906668892],[13.111855221076878,52.467446620261356],[13.110556535086872,52.46565746572472],[13.111428667060736,52.46372768601054],[13.111340830269755,52.46186346824311],[13.110502690607774,52.4599969561646],[13.112409453911882,52.458994886671995],[13.112674191972603,52.45769425557366],[13.112175445652657,52.4555288708177],[13.112029704916806,52.454411775997634],[13.111658701007757,52.45364005328862],[13.111080849708468,52.45278832739701],[13.1099117325623,52.45154846162309],[13.109296343456737,52.450635496439475],[13.115364730019145,52.44565204208884],[13.116626450015929,52.44517360296621],[13.119011118692791,52.44400922766982],[13.119135650261985,52.44377465988573],[13.119018480518633,52.442966121584405],[13.11993062716762,52.44152113488429],[13.123121122284022,52.43961498384673],[13.124119554849006,52.440676048815114],[13.126882064927491,52.44114591945196],[13.128045923342844,52.44096201666032],[13.129483310273294,52.44130948562477],[13.13080575470987,52.44141381470136],[13.131723808719721,52.44110134013951],[13.133271636191873,52.442087493061415],[13.13608951275551,52.44237979181308],[13.14852087993485,52.443374386846735],[13.154516410141836,52.44659790903365],[13.157958032952147,52.44937964057481],[13.16172676548262,52.4521347668185],[13.166061495562293,52.45400327024018],[13.17085010836819,52.45611603454353],[13.177413259441371,52.455916755758786],[13.181215499963194,52.459624862416646],[13.185305406094844,52.46257904584487],[13.186363508843295,52.4656386078735],[13.188170030940404,52.47183688722018]]]},"properties":{"BZR_ID":"054009","BZR_NAME":"Gatow/Kladow","BEZ":"05","STAND":"01.01.2021","GROESSE_m2":24891043.39}},
{"type":"Feature","geometry":{"type":"Polygon","coordinates":[[[13.337103397287333,52.59591758369802],[13.337435315627884,52.59562898381078],[13.34606783416822,52.59093221901098],[13.347475314206049,52.590131259049116],[13.347557123530562,52.59008319286124],[13.350197294544458,52.59060470594872],[13.35175633157483,52.590793875964145],[13.354148554622848,52.59090921268127],[13.355693179261285,52.590887057144585],[13.35912883779316,52.59109338189715],[13.360649396611697,52.59126988922628],[13.364295608785183,52.59427840980418],[13.367854717132046,52.59725023368883],[13.368169877539161,52.59743793057704],[13.367255946040043,52.59753984199498],[13.367028854175196,52.59737783066444],[13.361844406328489,52.59710466260864],[13.360730380835118,52.597121937281635],[13.359135679637818,52.59699469166954],[13.356327047128733,52.59685005916022],[13.35624640654495,52.59690863111911],[13.353775053718485,52.59677743955955],[13.353785477395888,52.596715231783236],[13.347793904786185,52.59640300806459],[13.347486235764446,52.59668019677203],[13.344663439001751,52.598234899664526],[13.340410524269199,52.59794719452282],[13.339240893949098,52.59791082735227],[13.33945725124042,52.596008419200594],[13.337103397287333,52.59591758369802]]]},"properties":{"BZR_ID":"126012","BZR_NAME":"MV Süd","BEZ":"12","STAND":"01.01.2021","GROESSE_m2":1101711.357}},
{"type":"Feature","geometry":{"type":"Polygon","coordinates":[[[13.490709081950332,52.487443688573784],[13.491217265560392,52.48713607901964],[13.492741382319245,52.485817168637645],[13.493619906341747,52.4844487147116],[13.494179007378504,52.48312081094739],[13.49664229994115,52.48330608636831],[13.497853208573478,52.48328359024867],[13.500509134382707,52.48270080023118],[13.501890701080784,52.48257400843509],[13.50123652554921,52.48340283884626],[13.501435126600425,52.48337270858898],[13.505657953258265,52.48443277099105],[13.505737720845934,52.48449955680729],[13.510810805940443,52.48439551514358],[13.512375334536443,52.48466335193832],[13.513407353776513,52.48498703650853],[13.514721754588807,52.48556574487263],[13.514939568999123,52.48546628785076],[13.515626450768217,52.485750186040214],[13.515621513480935,52.48595544236809],[13.51352542864402,52.48736006556156],[13.511670912630619,52.488512383221966],[13.510132013824157,52.489306535183765],[13.50597732574135,52.49113207817695],[13.505644062258417,52.49120746621655],[13.505814736145586,52.49156674427971],[13.503268678432711,52.49213026691759],[13.50152982791576,52.4925844178749],[13.499946985884062,52.493094602516194],[13.4998818804039,52.49341221113874],[13.498961939645552,52.49337553854879],[13.497725755945401,52.49406730553335],[13.496555491323742,52.494583868923456],[13.493340038918756,52.4957103182863],[13.490583756516196,52.49678188676716],[13.487959433902967,52.49776386438745],[13.48389437421705,52.49948343796033],[13.482300313916946,52.50011614255262],[13.4789135786419,52.50130878663537],[13.477763083461163,52.50157946315131],[13.477116192330067,52.5015911343106],[13.475496114550602,52.50188275259542],[13.475400621618222,52.501703275288094],[13.474339282232437,52.501759696783],[13.473875643873477,52.50194943353653],[13.469829073728802,52.50266224876592],[13.468877307777303,52.50015778685945],[13.468572694060837,52.49965170471702],[13.473080453285569,52.49899065985752],[13.484145436082896,52.49165805584271],[13.484935947176666,52.4916037887627],[13.485773194014168,52.49119963586024],[13.4860874764926,52.49079873882419],[13.488462082405423,52.48988824760202],[13.488812855939383,52.4892485497725],[13.49145351470175,52.488265648080144],[13.490709081950332,52.487443688573784]]]},"properties":{"BZR_ID":"115012","BZR_NAME":"Rummelsburger Bucht","BEZ":"11","STAND":"01.01.2021","GROESSE_m2":2401515.387}},
{"type":"Feature","geometry":{"type":"Polygon","coordinates":[[[13.336319313430861,52.59635881021793],[13.3358670287502,52.59654344247112],[13.334052034297427,52.59753179585265],[13.332927241602919,52.59827218431935],[13.332527617494469,52.59822249260437],[13.332193059342769,52.59848396972096],[13.329763619752388,52.599892457039864],[13.327999914034434,52.600871048472555],[13.325889763595901,52.602686179186044],[13.325252935945095,52.60315113731933],[13.3235083358903,52.60466502565197],[13.322334807208778,52.60582593594607],[13.320716652665523,52.607148429423695],[13.320345964416802,52.607216125744344],[13.322972683803073,52.607736107669275],[13.326328851581414,52.60861169660508],[13.32856075796367,52.60932597860814],[13.331455989641606,52.610122149988214],[13.333820011141718,52.61056718571976],[13.33644091975561,52.61128176384131],[13.336544860887352,52.61109385506587],[13.337040052204683,52.61122886842739],[13.339998626142645,52.608539336571575],[13.339374330090223,52.60827236219642],[13.340345370386636,52.60824622517036],[13.341627703157485,52.607429220515286],[13.341598901318195,52.60731906387604],[13.343667692914611,52.60596950533427],[13.344199177899055,52.60572518031031],[13.34849595553016,52.60662419326576],[13.351487147590833,52.60723417237391],[13.352260468913215,52.60726094754485],[13.359059408379135,52.60701356617318],[13.359063448053973,52.60705365005358],[13.367228572762638,52.606760895109105],[13.367222473942086,52.60669338762673],[13.371602782288749,52.60659983630781],[13.372596796527532,52.606445962175776],[13.372821245490767,52.60655796302921],[13.375443137214972,52.60652734453938],[13.375788684576047,52.60701998843585],[13.376211765861775,52.607738450698946],[13.37635389011702,52.60932251363963],[13.37628424790561,52.611128635822816],[13.375716955769217,52.613238966918914],[13.375227805122728,52.61422598389198],[13.374288222378205,52.61566630009278],[13.373136713140063,52.617285971853285],[13.3715542591372,52.6196952375346],[13.369518885427178,52.62225717243451],[13.36790765961782,52.62407214073682],[13.367110511142728,52.625400384467234],[13.366928145078115,52.62534641502126],[13.365954479324193,52.625478982047206],[13.365734059615116,52.62529400896198],[13.365404280311479,52.625472559341276],[13.364602087229155,52.62518025796567],[13.36482223788638,52.62488958061451],[13.363521477190456,52.62494969385357],[13.362521750805472,52.62477582915317],[13.361845514848735,52.62426865774199],[13.360941804251572,52.62424057432286],[13.360544404041008,52.62382936597543],[13.359668155066776,52.624044229244994],[13.35912513827502,52.62327637745512],[13.358008121514974,52.623311948392114],[13.35769660527578,52.622987649725324],[13.357119573250428,52.623197157091376],[13.356729959698262,52.623111705709505],[13.356298523127792,52.62329710118879],[13.355828237206111,52.62322009368971],[13.35494136977497,52.62362127447765],[13.354383088587172,52.62337646324681],[13.353798968977907,52.623487270001625],[13.353312982065775,52.62329922946723],[13.352965948584629,52.62337131314076],[13.352486792946387,52.62308569516707],[13.35170487147481,52.62299767379555],[13.351363601084149,52.62276191885123],[13.351071704468783,52.623861795153225],[13.347086631500726,52.62361899502132],[13.343976183205875,52.62373954317579],[13.343570788197919,52.62341563844202],[13.342858507829765,52.62347351220539],[13.342201661355189,52.62320449888646],[13.341530280657091,52.6233318440576],[13.34057433997415,52.62314099980965],[13.339640577935176,52.6233093971823],[13.339284286647239,52.623169600154014],[13.33872746861028,52.62334501016852],[13.338346460499096,52.622922896994275],[13.337834161452424,52.62297574171772],[13.336683632826876,52.622648339971036],[13.335910709464537,52.62225752353913],[13.334826096353494,52.62210469978338],[13.334211318617841,52.62175909030122],[13.333554513539498,52.620898726652825],[13.332754187393093,52.62035001713754],[13.331855804989326,52.61991508686606],[13.330356061991615,52.61958927621847],[13.329938309268481,52.6191147299545],[13.32987528630156,52.61847681006766],[13.3302851159721,52.61795619634216],[13.330887815469772,52.61763231365018],[13.331447057655764,52.61751762778596],[13.331162543324028,52.61726999239095],[13.331117483130114,52.61622084891203],[13.331382972291166,52.61605233718935],[13.331083024702513,52.61575405262961],[13.331029130532762,52.614897400873865],[13.330254553672757,52.614268339155885],[13.329700515651163,52.61415608586914],[13.32916719958782,52.613858097309205],[13.328801360743556,52.614089546530245],[13.326893855062506,52.613249294810466],[13.326359340223458,52.61309250944237],[13.325195208253144,52.61296909539702],[13.32479522645029,52.61305356443933],[13.3241225199616,52.61286678010284],[13.323465037121602,52.612848447539726],[13.321527757999242,52.61309781420918],[13.320849168877684,52.61302148154728],[13.319256217383405,52.612390102773986],[13.318365730726079,52.612428225263244],[13.317581848963503,52.61265416777221],[13.316287205311072,52.612474649799886],[13.315371916889779,52.61130725624013],[13.313738631766839,52.610808574642896],[13.312939495694268,52.610483603757096],[13.31266919157701,52.61022697863244],[13.311459361195318,52.609610913463094],[13.310649766291107,52.608787799457176],[13.31071519577127,52.60852722810684],[13.31040643956216,52.608089985312795],[13.309968648358218,52.60790638101613],[13.30851732597907,52.60789206219904],[13.3080827882128,52.6076656909242],[13.307797333308118,52.60791888238033],[13.307469908406913,52.60763341265979],[13.306741314799302,52.60741392835895],[13.306828485664678,52.60707269638096],[13.305880468736147,52.60676449239179],[13.30575449940585,52.60630364277884],[13.304976739550643,52.60654505398174],[13.304906642344632,52.606297389911795],[13.305459366966193,52.60597345818483],[13.304921328876421,52.60572397946892],[13.303768860252001,52.60487763857027],[13.30351864679342,52.6050930946356],[13.303240281334169,52.60468662154958],[13.303034329606541,52.605041038305345],[13.302206954403307,52.605367629950294],[13.302293751030158,52.60568712200976],[13.301952836573243,52.60611243862017],[13.30087793024496,52.60635918236208],[13.303806484943951,52.60103761666826],[13.305131074337286,52.598752351359636],[13.305625515394732,52.59893443840072],[13.307561009165179,52.59705013938663],[13.306501188912923,52.596357671612765],[13.305430410107235,52.59599974796238],[13.303343507458091,52.59496323234073],[13.301814782807417,52.594607766951334],[13.300994991949551,52.59431318360026],[13.30215143066921,52.593998719535534],[13.303680239023759,52.59344114685956],[13.304425234106624,52.59308918008223],[13.30641284806831,52.59196184936725],[13.305682399217659,52.59188491044155],[13.30581970898147,52.591380713355235],[13.304397439227676,52.59020824649031],[13.302920905400066,52.59005387194254],[13.303182116417931,52.589125914318416],[13.30664266611528,52.58622062612659],[13.307088833248587,52.58610746084528],[13.313721128095601,52.589054154394255],[13.31504844368989,52.58872863815111],[13.316951387231137,52.58835422444669],[13.319099229400486,52.58782719926862],[13.319680433742036,52.587906748019044],[13.323970393570367,52.58779033726872],[13.323505117385452,52.58736758089254],[13.322992132944579,52.586658491757014],[13.315641185561331,52.57815916626804],[13.315050774057369,52.57777173677055],[13.317416578449947,52.577823581157176],[13.319963238907004,52.578158484503994],[13.322814440296261,52.5784332802863],[13.323686171059371,52.57865927220568],[13.3247908552883,52.578691748423935],[13.326898095447408,52.578117930492034],[13.32740032474682,52.57817623099116],[13.329167606458517,52.57817339376751],[13.330534818779759,52.578258225706335],[13.332861287396769,52.57830613146736],[13.333095555641238,52.57823850853514],[13.333248223739947,52.57837350089966],[13.336524551374687,52.578461199649574],[13.337424626645022,52.57860771952946],[13.339728927752013,52.579135085472544],[13.339664656469406,52.57926343059512],[13.340609199606376,52.57944940002662],[13.34563263837974,52.5808862320103],[13.339953589026075,52.588291016173216],[13.340323826960963,52.588355178618315],[13.34550306493597,52.58960176584311],[13.347475314206049,52.590131259049116],[13.34606783416822,52.59093221901098],[13.337435315627884,52.59562898381078],[13.337103397287333,52.59591758369802],[13.336319313430861,52.59635881021793]]]},"properties":{"BZR_ID":"125009","BZR_NAME":"Nord 2 - Waidmannslust/Wittenau/Lübars","BEZ":"12","STAND":"01.01.2021","GROESSE_m2":11799223.93}},
{"type":"Feature","geometry":{"type":"Polygon","coordinates":[[[13.43007134891347,52.55175559175435],[13.430113287950727,52.55184801793463],[13.428905160864629,52.556386895214956],[13.429365079322128,52.55670586687655],[13.429109918715858,52.55732530443399],[13.428550419447221,52.55942732459783],[13.42863753339435,52.55943681565449],[13.428004607696273,52.5618328071755],[13.427892408661968,52.56189138591043],[13.42720889411902,52.56494820286729],[13.428339253130977,52.56955005767836],[13.428450861931745,52.56959766296459],[13.428736025172089,52.57110658967963],[13.428933119088244,52.571287631048705],[13.429318152527696,52.57280611678574],[13.429826898049589,52.57555158325632],[13.429845986522603,52.576217005636884],[13.432241423406598,52.57773592498531],[13.433851423749472,52.5788103069077],[13.433904734753936,52.579256225833156],[13.433548575451304,52.57946997629065],[13.433460745642554,52.58001755871609],[13.43301779676152,52.58020716940034],[13.433074977590755,52.58058783861117],[13.433408668715614,52.580891940485465],[13.432895260313854,52.581129601113325],[13.433883412632534,52.58202985724468],[13.433623972476425,52.58231512449045],[13.431544574793815,52.58247527412465],[13.431251118682324,52.582724301674595],[13.430821274253985,52.582585665605095],[13.430069913693172,52.581770341310865],[13.429499118553728,52.580497628005034],[13.429375694075285,52.57995606619153],[13.42955451215513,52.57839557895642],[13.428271039504601,52.57709512266855],[13.42750335519402,52.57671343158814],[13.425746285026115,52.57534327150339],[13.420211824433691,52.57215137489933],[13.420083303523356,52.57213218139675],[13.417699656375412,52.570640374651845],[13.412414146072296,52.56763269903153],[13.412009011098768,52.56727403631725],[13.410861808750647,52.567054834487095],[13.411002843378004,52.56680285799436],[13.404958792839965,52.5632722250815],[13.403571653492273,52.562415987517284],[13.399377914657414,52.559975560989386],[13.397921533881288,52.55858561052627],[13.402554627787794,52.558017711912555],[13.408161114854396,52.557729174928205],[13.40816265662603,52.557685364503364],[13.41283696198184,52.557457712334354],[13.414373421670652,52.55740608779222],[13.41462363996687,52.557237612254006],[13.415027997302408,52.55463237299791],[13.414933861939906,52.55395123074858],[13.427276640526248,52.55258756122092],[13.429976420807204,52.55154478863049],[13.43007134891347,52.55175559175435]]]},"properties":{"BZR_ID":"034008","BZR_NAME":"Pankow Süd","BEZ":"03","STAND":"01.01.2021","GROESSE_m2":3031474.008}},
{"type":"Feature","geometry":{"type":"Polygon","coordinates":[[[13.344657198707656,52.538930415563925],[13.340059161938125,52.53957053327126],[13.338882656585938,52.5397792534237],[13.334587662548575,52.540972253991896],[13.33361360087307,52.541158139511154],[13.332111168162244,52.54122014997262],[13.328967903064681,52.54102655843148],[13.328131751141585,52.541085329899836],[13.327313433867007,52.541312956885555],[13.327191192315025,52.539646181870324],[13.32913447532766,52.53823049479059],[13.328353299201408,52.53802004014765],[13.311412898398935,52.5356142874569],[13.312549111621523,52.53264672646015],[13.313030156493703,52.53187362923406],[13.313395264030648,52.53188097328226],[13.317033222475764,52.53235155600455],[13.317514621551027,52.53237654532456],[13.317051554495444,52.53205028954475],[13.317305026315138,52.53154474317819],[13.31661395854155,52.531162357416726],[13.316747512327161,52.53090461070473],[13.313354194507257,52.530260775269255],[13.31664880116254,52.52096317571863],[13.317798439635213,52.52036668735392],[13.318778636012228,52.52111494453003],[13.318687815130362,52.522072408637484],[13.318942465543177,52.5230746208265],[13.31955046649416,52.52377562095262],[13.32001078989563,52.52406501003185],[13.321371660452694,52.52451911718669],[13.32325227028463,52.52468732782124],[13.324415609594988,52.524605200480295],[13.325188747611447,52.52442430143334],[13.326920178386823,52.52371731968643],[13.328184625126912,52.522885131789444],[13.328898062852716,52.52233102380221],[13.329255314837228,52.52184300293787],[13.329532732067488,52.521178472632634],[13.329490710509727,52.5204620490013],[13.329094588929754,52.51910633568546],[13.329156573965053,52.51869832030877],[13.329787305206235,52.51781311776586],[13.330691620939252,52.51722676268517],[13.332283581462598,52.516704482300135],[13.333255167718216,52.51667059119867],[13.334215385378064,52.51677199274248],[13.33522613318326,52.51709944256924],[13.33581708486701,52.51745211649292],[13.338396274720512,52.519367961915655],[13.338836392560271,52.51973513574469],[13.339389120380515,52.52045813916898],[13.339891617185206,52.521575595575754],[13.340466451158413,52.52206513415086],[13.34171840923201,52.52244693087539],[13.341873241001142,52.52333710447583],[13.34251299803534,52.52529723154383],[13.34306268891767,52.52522883868892],[13.3432274766695,52.525446348607296],[13.343506480537513,52.52644074399518],[13.343458779389648,52.53151855863339],[13.343805193320325,52.532211524448705],[13.343636958878895,52.53234106956756],[13.343700948978318,52.53396247894459],[13.343795501207916,52.53455426820884],[13.356544823667788,52.535985884393156],[13.35669826652222,52.535789428776575],[13.357495027039496,52.53609247540079],[13.359958178312183,52.53724590037479],[13.360883755330931,52.537738631628926],[13.360681816783854,52.537899724199484],[13.357735095606492,52.538685601568886],[13.35577502703795,52.53922797236115],[13.35419026125228,52.539472980232155],[13.352870326393546,52.53945776435652],[13.352024432303331,52.539345288354426],[13.349505516033167,52.538803088509454],[13.348042586442778,52.53863027827661],[13.346872461950346,52.53865125253697],[13.344657198707656,52.538930415563925]]]},"properties":{"BZR_ID":"012005","BZR_NAME":"Moabit West","BEZ":"01","STAND":"01.01.2021","GROESSE_m2":4304976.874}},
{"type":"Feature","geometry":{"type":"Polygon","coordinates":[[[13.373502307068488,52.48774584824614],[13.374163640323303,52.4877110448074],[13.374020982529668,52.48516968763075],[13.37164297824386,52.48518355050643],[13.37156940364628,52.48495054799338],[13.386268522660195,52.48486360748612],[13.38629095211159,52.48582647726413],[13.39425345531404,52.485771490565384],[13.394240009299724,52.48410472207],[13.394638666450668,52.484027837325506],[13.400228846554745,52.483905326896235],[13.403439179377742,52.483394937620645],[13.406395248988494,52.482770463629336],[13.4067483929721,52.48512623478809],[13.407191441286258,52.485900087059306],[13.40852943228,52.487141992042574],[13.407906134837985,52.48847858431744],[13.40788599559313,52.48886083081798],[13.420842987388859,52.48716818967183],[13.423681544864092,52.486358287885295],[13.424938348739778,52.48778426488636],[13.425411005115517,52.488085222086795],[13.420789032243558,52.49547582654318],[13.420401145959193,52.49586381903807],[13.420226777779034,52.49615665890838],[13.418792267624193,52.49614470530788],[13.417883247891993,52.49601109164212],[13.416211142045709,52.495499845890876],[13.414327104637083,52.49534290677356],[13.41242689015932,52.49548613976608],[13.40896043013544,52.49615029851642],[13.407132026298646,52.496441767495355],[13.405493155009392,52.49663210466195],[13.402295509772868,52.49686323687155],[13.400506398910096,52.497086379490334],[13.399090684646916,52.497366472186265],[13.397918955522789,52.49769887181029],[13.396511297114438,52.49792134697882],[13.394460218657247,52.4980191888828],[13.392222277868438,52.497763478998195],[13.390412328937638,52.497696780285466],[13.388548575870933,52.49804685929432],[13.385079321164072,52.498874955146526],[13.38362318688662,52.49906622574542],[13.381537460495057,52.498978764913005],[13.379644725086775,52.499228128666935],[13.37886254199528,52.499488989898474],[13.378216761510279,52.49989508836864],[13.377841346869927,52.5003227741091],[13.377267163430792,52.501267671076185],[13.376774191775205,52.5017771605963],[13.376105276705719,52.50222146622203],[13.374714153809503,52.50299315987374],[13.374786719553292,52.503261180509284],[13.37413309354372,52.50360336971613],[13.373606206281377,52.50416336876477],[13.373028750531148,52.50336488473111],[13.371436433351647,52.50164488574707],[13.370890294007559,52.49998101176926],[13.369528193921749,52.498869752847455],[13.369727685013354,52.49877537982533],[13.369600660893429,52.4981092923976],[13.368678416000138,52.49738540704459],[13.36841291794529,52.49448238202977],[13.368581451929911,52.49395556865322],[13.3682153052368,52.49333092108656],[13.369164106210532,52.49314002276513],[13.36923777281308,52.49328136304701],[13.371077209228991,52.49291285767342],[13.371068831498874,52.49275691685841],[13.37643411812063,52.49167598692639],[13.376404135645858,52.49143265291134],[13.37547526780878,52.49045635647981],[13.375399251969103,52.48943199498535],[13.374731168871675,52.48938034382617],[13.373536148385215,52.48798190851578],[13.373502307068488,52.48774584824614]]]},"properties":{"BZR_ID":"022002","BZR_NAME":"Tempelhofer Vorstadt","BEZ":"02","STAND":"01.01.2021","GROESSE_m2":4746238.097}},
{"type":"Feature","geometry":{"type":"Polygon","coordinates":[[[13.55822351925613,52.45317440727235],[13.558508796718941,52.44984251991836],[13.558788153021002,52.446512627418464],[13.55888335569891,52.44645930286313],[13.559197957861809,52.44302275516458],[13.559385317508028,52.44208383215668],[13.559114003124515,52.44197487309395],[13.559298588663951,52.439866293583485],[13.55964905264488,52.4382188870082],[13.560052616752849,52.43733569674746],[13.560941993422116,52.43597596967327],[13.561834448806481,52.43487463919656],[13.562709242137243,52.43362845780514],[13.563178388726731,52.432744129853255],[13.563591226933738,52.431394621897255],[13.56367653985887,52.430056032139],[13.563420213059528,52.42679489440606],[13.564957194316596,52.427078444125456],[13.571268607108523,52.42786014468963],[13.572974330723106,52.42808748061347],[13.572830575826096,52.42833243483705],[13.573458610377998,52.42848578556834],[13.574122446515911,52.429008169017614],[13.57378965420038,52.43097120874175],[13.572673659750132,52.431658959945935],[13.572148577569962,52.43242558632633],[13.57209798086811,52.43306478454161],[13.57186593424603,52.43345911490033],[13.57189936979813,52.434357738433484],[13.572318416483721,52.4349456319166],[13.573682514398309,52.43601689220591],[13.574346905893018,52.43645678745388],[13.574616033047956,52.43678633343329],[13.574628386678569,52.437191239233016],[13.574281021795686,52.437631431619266],[13.573301773302628,52.43806823536158],[13.572839458486998,52.43881073456522],[13.571469576610152,52.440375044525744],[13.57092287351034,52.44113524497423],[13.570571663099502,52.44182482629949],[13.570515541316034,52.44307216122457],[13.570196469271705,52.44411080962567],[13.57099243453328,52.44411183574652],[13.571392899202253,52.44438102767751],[13.571297226572266,52.44481357935017],[13.570154175452492,52.44466352313734],[13.570800673725788,52.446105473784705],[13.571717555017072,52.44771389975818],[13.571286083983757,52.44808765785982],[13.569825368984281,52.44845225305299],[13.568986419127445,52.44889556450107],[13.568079291929664,52.44959242660917],[13.567269114270712,52.450444768778866],[13.56543945639246,52.4528019362385],[13.564639005248086,52.45323317769169],[13.563500243426509,52.45344952014006],[13.562724338334204,52.453436945978716],[13.561993303244341,52.453244193427516],[13.56094694910333,52.45317617097474],[13.558801001276132,52.45321512446743],[13.55822351925613,52.45317440727235]]]},"properties":{"BZR_ID":"092008","BZR_NAME":"Köllnische Vorstadt/Spindlersfeld","BEZ":"09","STAND":"01.01.2021","GROESSE_m2":2123326.289}},
{"type":"Feature","geometry":{"type":"Polygon","coordinates":[[[13.557710073452265,52.45312326962602],[13.554080206168326,52.45319536091137],[13.552203804798463,52.45359947665613],[13.55141743630352,52.45365907774619],[13.550727580581537,52.4539167593236],[13.54844523754136,52.45436814092557],[13.545993774324058,52.45503887490886],[13.544324433350893,52.455292861419025],[13.542613108244101,52.45547389350274],[13.540149889260235,52.45560997248185],[13.538191270323944,52.455565018646745],[13.537488854271874,52.4553936778325],[13.535362714094433,52.45421565243895],[13.533156656663644,52.4534060737549],[13.530797662256136,52.45293454001238],[13.528518856050091,52.4526791209391],[13.526592056007743,52.452916931134986],[13.52402213530296,52.45352673591079],[13.522850594302396,52.45395763188546],[13.521793600361292,52.45453628617775],[13.521267237616739,52.45493599239889],[13.520533777104642,52.45577555424092],[13.520049236588134,52.45680799145832],[13.519162049068711,52.45756414429938],[13.518163408511667,52.45787677828054],[13.516634261456339,52.458010968464286],[13.515133239662992,52.45829672119147],[13.513746972013376,52.458839952734884],[13.511334858608445,52.459924368265334],[13.510285746136196,52.46045871202818],[13.508160905965786,52.46129007745712],[13.505919141393951,52.461991814701854],[13.503724042387892,52.463001269905824],[13.502685008489458,52.46363580750209],[13.502196546689882,52.46415041036415],[13.501082864341075,52.46561108305433],[13.499629470950707,52.46779453235493],[13.499028574953996,52.46899692154362],[13.498568562413972,52.469154054396654],[13.497846573579613,52.468998315263946],[13.495620027292027,52.46660822346136],[13.493576357385423,52.464500678789804],[13.496916375336019,52.462700727050326],[13.498317605823694,52.46181756147138],[13.498899133685274,52.46134653039924],[13.50051148319962,52.46022093163145],[13.503851257417836,52.45789620229907],[13.50492841257898,52.457204090413974],[13.50586186960841,52.456486381094024],[13.507880614687659,52.45517737329933],[13.509092996359515,52.45456274241861],[13.50885895870232,52.45438203876269],[13.509795669447975,52.45375736106096],[13.511485519497725,52.4547102476159],[13.512085642196453,52.45463009406646],[13.512983681627565,52.45411588118344],[13.514736480067294,52.452955622409895],[13.514671117303523,52.45289062343622],[13.516552085946893,52.45168449304956],[13.518609118177745,52.450498448845806],[13.519816536304978,52.44969256024582],[13.520612170970706,52.449647275424745],[13.521115006716371,52.449344138304234],[13.530211063826046,52.44320766853604],[13.53105724460737,52.44367228446829],[13.533160198964293,52.44224904372897],[13.536640941176659,52.444180682299866],[13.532987296787052,52.44643689984818],[13.532792582255814,52.44773945104478],[13.540418513460374,52.44815298501171],[13.542330153778728,52.4492088499359],[13.542883799415256,52.450203345061354],[13.545281696651744,52.44967283447318],[13.553315755403581,52.44798609227567],[13.554963994304456,52.45083119081553],[13.55726559842581,52.450294262098886],[13.558508796718941,52.44984251991836],[13.55822351925613,52.45317440727235],[13.557710073452265,52.45312326962602]]]},"properties":{"BZR_ID":"092006","BZR_NAME":"Niederschöneweide","BEZ":"09","STAND":"01.01.2021","GROESSE_m2":2977760.262}},
{"type":"Feature","geometry":{"type":"Polygon","coordinates":[[[13.28843789480069,52.60226948621271],[13.287948794580663,52.60177333683557],[13.286807292595531,52.601448892027896],[13.28488441668836,52.601566749027846],[13.284105860234137,52.60143329018967],[13.282060232301186,52.60069649023473],[13.281188861742558,52.59970158609044],[13.284914636290805,52.59561664614891],[13.28554844633275,52.594701701529274],[13.286142807053482,52.59363094221792],[13.287373652345364,52.591912947361806],[13.287854438892763,52.591087297485046],[13.289579971667036,52.5887181777921],[13.289774329401288,52.58857441000013],[13.291241574199638,52.58640881387804],[13.29156426008143,52.586498229581736],[13.291886153695087,52.58607965358991],[13.294045033841988,52.58287739853106],[13.293912844969176,52.58271993153349],[13.294133036289454,52.58269306310976],[13.295537825617538,52.581813357428274],[13.298738908553116,52.5807134460347],[13.299352635617637,52.58044060807539],[13.303772407725525,52.57893877903928],[13.303819071363796,52.57897179756247],[13.306390194342667,52.57812487052703],[13.308226005901432,52.57771421349818],[13.309435198606224,52.57760773285905],[13.310458000028234,52.57761666910598],[13.315050774057369,52.57777173677055],[13.315641185561331,52.57815916626804],[13.322992132944579,52.586658491757014],[13.323505117385452,52.58736758089254],[13.323970393570367,52.58779033726872],[13.319680433742036,52.587906748019044],[13.319099229400486,52.58782719926862],[13.316951387231137,52.58835422444669],[13.31504844368989,52.58872863815111],[13.313721128095601,52.589054154394255],[13.307088833248587,52.58610746084528],[13.30664266611528,52.58622062612659],[13.303182116417931,52.589125914318416],[13.302920905400066,52.59005387194254],[13.304397439227676,52.59020824649031],[13.30581970898147,52.591380713355235],[13.305682399217659,52.59188491044155],[13.30641284806831,52.59196184936725],[13.304425234106624,52.59308918008223],[13.303680239023759,52.59344114685956],[13.30215143066921,52.593998719535534],[13.300994991949551,52.59431318360026],[13.301814782807417,52.594607766951334],[13.303343507458091,52.59496323234073],[13.305430410107235,52.59599974796238],[13.306501188912923,52.596357671612765],[13.307561009165179,52.59705013938663],[13.305625515394732,52.59893443840072],[13.305131074337286,52.598752351359636],[13.303806484943951,52.60103761666826],[13.30087793024496,52.60635918236208],[13.300322905853953,52.6065706356229],[13.299941260141841,52.606067564872816],[13.299296653849433,52.605997601600954],[13.29836309856163,52.60605275679189],[13.297989003171093,52.60620002215104],[13.297288197312032,52.605934925210654],[13.296829344399155,52.60561173325461],[13.29572515834369,52.60532956794185],[13.295308771428878,52.60561961483748],[13.295289748145318,52.604978924838974],[13.294822537551891,52.605107199285634],[13.294957000448006,52.604775710373616],[13.294180887578257,52.604759938854926],[13.293958248175374,52.60458582024866],[13.293717540402751,52.604846168385016],[13.29330350161252,52.604813147817254],[13.293419722406059,52.604362373792334],[13.292771466619818,52.60412628393338],[13.29273522843817,52.603875252078105],[13.293166038128899,52.603807906259526],[13.293160511122366,52.60357785280434],[13.292637449830265,52.60335968752929],[13.29219161586271,52.60354342004315],[13.291410688727492,52.603439825831025],[13.291631115339964,52.603035952804554],[13.29097350350901,52.602846714286436],[13.291114977218138,52.60266078839517],[13.292017834805824,52.60261153272176],[13.292112687656497,52.602477108472385],[13.291372312951259,52.601910716332924],[13.289883075812098,52.60140705420336],[13.289338306744998,52.60132866862514],[13.289548393288719,52.600933047594836],[13.288852509693022,52.600744368059374],[13.289274321279299,52.60113390544522],[13.289150677043999,52.601420022714834],[13.28843789480069,52.60226948621271]]]},"properties":{"BZR_ID":"125008","BZR_NAME":"West 3 - Borsigwalde/Freie Scholle","BEZ":"12","STAND":"01.01.2021","GROESSE_m2":4077142.537}},
{"type":"Feature","geometry":{"type":"Polygon","coordinates":[[[13.389751371827085,52.39874364895892],[13.391183247151776,52.39901458804257],[13.391913144390681,52.39899222651644],[13.391827826496653,52.398759601717465],[13.39991114364534,52.39528635153195],[13.401800423116633,52.394487533605705],[13.403158665698987,52.39410439733276],[13.405024308354362,52.393903827852974],[13.408123910432497,52.394020675278],[13.410885111877656,52.3943656299562],[13.412453610123269,52.394480271338374],[13.416645855214957,52.394704652426064],[13.416656985627904,52.39475339012775],[13.423776997515086,52.39513625048745],[13.421008712528952,52.40120890422848],[13.418418569694351,52.407078084343176],[13.418289067792818,52.40793104673555],[13.418481216234639,52.40925251971378],[13.418747601886993,52.409979030194904],[13.419583542146658,52.4101840418332],[13.41967703253727,52.4104905610308],[13.418161365327174,52.41079829655051],[13.41426739806928,52.412313714252164],[13.41148626080223,52.413138963487775],[13.409949252322011,52.41339120045761],[13.40846967134511,52.4134401441873],[13.40600478014048,52.41323516448798],[13.402504842125948,52.41271050275603],[13.399497171455325,52.41801930546174],[13.399065398587478,52.41767978604127],[13.399181547982911,52.417474156393794],[13.398443271898252,52.417318831690636],[13.398714153564153,52.41720360139164],[13.398187714894895,52.416741396896484],[13.396317000852065,52.417578183823245],[13.396215817316133,52.417557030470256],[13.393043598907738,52.4134006013118],[13.392553579868872,52.41324128591546],[13.392696236516194,52.412945274375765],[13.387313217225843,52.405899621331116],[13.38665532904053,52.406148296756406],[13.386789886734755,52.40526320085706],[13.386055161207606,52.405108753666795],[13.389760682511135,52.398814932570446],[13.389751371827085,52.39874364895892]]]},"properties":{"BZR_ID":"076014","BZR_NAME":"Lichtenrade Nord","BEZ":"07","STAND":"01.01.2021","GROESSE_m2":4334897.98}},
{"type":"Feature","geometry":{"type":"Polygon","coordinates":[[[13.473619769965936,52.43820168562966],[13.472990682412277,52.4387128442711],[13.472869898486254,52.43860385866158],[13.469632348318344,52.44017289191255],[13.46897173547931,52.43981353407866],[13.468601365154209,52.4402050748588],[13.468153745545473,52.440947813357035],[13.466804864240997,52.44192728286514],[13.466075445775928,52.44231051836862],[13.462335165635082,52.44407216384712],[13.461460146467633,52.44429420284585],[13.458982184253834,52.44450483691259],[13.45841045759313,52.444441963519466],[13.457306417572989,52.443527743433975],[13.457193007131236,52.44326994509978],[13.456080676132279,52.44214328869422],[13.454276076465204,52.44061170370421],[13.453034312148455,52.43935445552975],[13.452486615316007,52.4386650780741],[13.45170508673121,52.43740004523381],[13.451540518528386,52.436692275338395],[13.452365150358332,52.435991307085764],[13.453255450166816,52.435393394381265],[13.454419008968436,52.43492579532277],[13.456167653308409,52.434402879015934],[13.456033676748705,52.43410342433601],[13.454412787750492,52.43201955560697],[13.454683318854501,52.431990507893566],[13.456646803228887,52.43140937476832],[13.456719289454343,52.43158284685646],[13.459882173393792,52.43479407231364],[13.46163220190362,52.43415630389654],[13.462242080313747,52.433845142496295],[13.462801195539601,52.433345987980445],[13.462469929366229,52.43287237102505],[13.46016201428075,52.43214547907744],[13.460944721030414,52.431404794214856],[13.461431308726969,52.43113644824967],[13.463814641039896,52.43024663046083],[13.465072801552854,52.42972929378786],[13.467625558435422,52.43145927434512],[13.466909441982713,52.431745061495604],[13.46871499922295,52.433050188336495],[13.46891750618004,52.4329460413546],[13.469599747727472,52.43343945918172],[13.470265683826565,52.433173182593166],[13.470355243795838,52.432989564890896],[13.471331763721116,52.43250123646187],[13.47195462849888,52.432903143605905],[13.472261367266421,52.43318931147448],[13.469389522528386,52.43436062887997],[13.46895581186231,52.43460072274477],[13.469613426778515,52.43474717797538],[13.470490042672738,52.43536994362385],[13.473619769965936,52.43820168562966]]]},"properties":{"BZR_ID":"084011","BZR_NAME":"Buckow Nord","BEZ":"08","STAND":"01.01.2021","GROESSE_m2":1401292.707}},
{"type":"Feature","geometry":{"type":"Polygon","coordinates":[[[13.397097617513753,52.55826790790386],[13.397921533881288,52.55858561052627],[13.399377914657414,52.559975560989386],[13.403571653492273,52.562415987517284],[13.404958792839965,52.5632722250815],[13.411002843378004,52.56680285799436],[13.410861808750647,52.567054834487095],[13.412009011098768,52.56727403631725],[13.412414146072296,52.56763269903153],[13.417699656375412,52.570640374651845],[13.420083303523356,52.57213218139675],[13.420211824433691,52.57215137489933],[13.425746285026115,52.57534327150339],[13.42750335519402,52.57671343158814],[13.428271039504601,52.57709512266855],[13.42955451215513,52.57839557895642],[13.429375694075285,52.57995606619153],[13.429499118553728,52.580497628005034],[13.430069913693172,52.581770341310865],[13.430821274253985,52.582585665605095],[13.431251118682324,52.582724301674595],[13.431528471225013,52.583079701854096],[13.433922207394286,52.58533673501425],[13.435520836561698,52.58676245039806],[13.436160260712917,52.587400406448026],[13.435903570466046,52.587779580202344],[13.435294945510519,52.58928296879408],[13.434684132469314,52.590125815476],[13.43538974574049,52.59061583224112],[13.435698046173249,52.591149147569745],[13.435088793545813,52.591292225867896],[13.431935321589936,52.592988577381774],[13.430558202956124,52.58901839350104],[13.430145586649493,52.589068888382094],[13.425134533584576,52.58644766809622],[13.416015542042663,52.583675476146844],[13.411553404822557,52.58235077644141],[13.407020048975834,52.581843945443],[13.407437082850311,52.5807282462084],[13.407854173633284,52.57996960482193],[13.406259714203843,52.57965362626729],[13.405793841117388,52.579715667719114],[13.405607910254174,52.57952021763501],[13.403166847604846,52.57901176896352],[13.402771655296727,52.57884410608726],[13.403233234319513,52.57790144173329],[13.401375367887347,52.57752779005829],[13.401132277469177,52.57734649493359],[13.401701005335834,52.57640993152833],[13.400448877791716,52.57610919378448],[13.401013329654814,52.575140837542776],[13.400169506712215,52.57490320666047],[13.399889958965058,52.5743395956678],[13.399475610165485,52.57408430595513],[13.40031501157438,52.573574496911235],[13.400346155471865,52.57334162841415],[13.400823197765767,52.572955193676854],[13.400983576802222,52.57236958269269],[13.40063691217572,52.57212004821035],[13.398455308126406,52.57108035429517],[13.399081046643735,52.570620071914],[13.398674824865571,52.57037244136632],[13.398617878621831,52.56937134135893],[13.397058253618765,52.56940599648259],[13.396758573696031,52.568830380326936],[13.392192655501978,52.56830865746694],[13.389020066378778,52.56741371840426],[13.388918414987662,52.567001139969655],[13.39062878839723,52.56602148360304],[13.390710103842391,52.56579615032515],[13.391342147653063,52.56562052382537],[13.393390264524152,52.56440451180482],[13.394901190362484,52.56295185734807],[13.395905160332664,52.561821602205384],[13.396319244091837,52.56107740692701],[13.396536404628185,52.560432770766944],[13.397097617513753,52.55826790790386]]]},"properties":{"BZR_ID":"034007","BZR_NAME":"Pankow Zentrum","BEZ":"03","STAND":"01.01.2021","GROESSE_m2":3941158.722}},
{"type":"Feature","geometry":{"type":"Polygon","coordinates":[[[13.362537544291683,52.4996626951363],[13.357519042162131,52.501104854064735],[13.351388770270413,52.50258927141171],[13.351390687229944,52.50255182301237],[13.341500536239161,52.50494117746472],[13.341421041682793,52.5048676572742],[13.337144617120462,52.500907441409616],[13.336978304977839,52.5006909250476],[13.338923136942856,52.49991253999896],[13.338990200593763,52.49941736691288],[13.337820478384542,52.49739186081938],[13.337306861756737,52.49598554456991],[13.337343174233002,52.494785292338804],[13.337457221044371,52.49418904482059],[13.338249861757596,52.49422128236148],[13.338819428668442,52.49411267190543],[13.341599916078316,52.49410430507238],[13.342342807931969,52.49420414335951],[13.34615596869042,52.49421191043935],[13.351722049646817,52.494727167206],[13.352429684726077,52.49474723857305],[13.360778099166332,52.49414588087994],[13.360907422315886,52.49579470747106],[13.362537544291683,52.4996626951363]]]},"properties":{"BZR_ID":"071001","BZR_NAME":"Schöneberg Nordwest","BEZ":"07","STAND":"01.01.2021","GROESSE_m2":1479646.031}},
{"type":"Feature","geometry":{"type":"Polygon","coordinates":[[[13.304007774401642,52.504440474111384],[13.303161755643982,52.50564282093764],[13.30252456493844,52.50692689406335],[13.300780136462626,52.517385947493445],[13.30050721650818,52.51804286221411],[13.300127684046132,52.51857368079969],[13.299909274289275,52.519217054246326],[13.299674755100728,52.520763279510874],[13.300224998149387,52.52141449533813],[13.300171683902475,52.52161568045005],[13.3004409942278,52.52205343642647],[13.299129014092863,52.52225623574316],[13.298201632206258,52.5225447358639],[13.297847675957003,52.522850730766066],[13.2974243143984,52.523590135097905],[13.297026759533589,52.525860379456844],[13.29672834932421,52.527242129043245],[13.296133506657554,52.52879450625841],[13.295781010872005,52.529547823520204],[13.296470694520956,52.52965240777975],[13.296341294855912,52.530007818330056],[13.295686439249335,52.52987974561584],[13.294436546027123,52.52970508959144],[13.293792229995413,52.53029901013906],[13.292793118612927,52.530477011817],[13.291164761917923,52.5303815794942],[13.28997981052541,52.530219704343],[13.289046839311869,52.53000436671986],[13.287477695373594,52.529524467186434],[13.28566400648352,52.52915429311657],[13.284501689875553,52.5290749600637],[13.283517444386591,52.52923062101536],[13.283036507451861,52.52852989711261],[13.285100116193066,52.52865551827007],[13.28440579403719,52.528315711159344],[13.283579152686967,52.527732513155215],[13.282728218428739,52.526828249627386],[13.282333619733032,52.526038346080774],[13.282021391937999,52.52660341494451],[13.281517314810937,52.525177041368124],[13.281405728024067,52.52445230334542],[13.281601104273001,52.52399995214494],[13.28187136058643,52.52235629237648],[13.282359820281037,52.52108701930965],[13.283339627699808,52.51892015138201],[13.283647299590966,52.518426114166246],[13.28411569853272,52.517234272664886],[13.28441005902107,52.51677465759062],[13.284200210457573,52.5166910984472],[13.284759049664318,52.515862092323005],[13.28534510187961,52.51423937414353],[13.285524172277631,52.51348357828206],[13.285612942510019,52.51249265718494],[13.285413903171388,52.51115753561291],[13.284768916068058,52.50996235318036],[13.283247733605272,52.508053509455785],[13.28247845013397,52.50696462015938],[13.282087851608805,52.506213010035815],[13.281727015107023,52.505145600199874],[13.281391175602913,52.50366598046843],[13.281641388632627,52.503627886669776],[13.281307200288586,52.50299497669744],[13.281356626027632,52.50268203556453],[13.28206518395968,52.50144925283063],[13.281709201174733,52.50141774763355],[13.281196622677761,52.500344876200955],[13.282734822931237,52.50080120330039],[13.283148330380326,52.50030876690584],[13.283987917271125,52.50057139905685],[13.284251236687167,52.500257890682455],[13.284623337707252,52.500374337381686],[13.284359858581716,52.50068783526],[13.285287405141638,52.50097803298896],[13.284873844499163,52.50147039501478],[13.28746530581589,52.50236792030023],[13.288233825048598,52.50237299141465],[13.289796570539927,52.502527080108344],[13.295302310736547,52.503316730758236],[13.295847339938597,52.502481305804565],[13.297327261035129,52.502764771031806],[13.298235181612299,52.503055222268024],[13.30323515146307,52.50417238841212],[13.304007774401642,52.504440474111384]]]},"properties":{"BZR_ID":"043004","BZR_NAME":"Schloss Charlottenburg","BEZ":"04","STAND":"01.01.2021","GROESSE_m2":3516099.373}},
{"type":"Feature","geometry":{"type":"Polygon","coordinates":[[[13.453352357267576,52.497524960622115],[13.452734270352403,52.49757658814487],[13.451511688212728,52.49735370846783],[13.450907942016752,52.497108018464246],[13.447849502019768,52.494821500153265],[13.447009167236251,52.49463371681506],[13.446122096586928,52.49473637199631],[13.444976230601487,52.4944227498891],[13.440816288217292,52.49120256741556],[13.439892808697696,52.49060252949802],[13.439657172942836,52.48990870998566],[13.444444275465633,52.487457538653146],[13.446763497374826,52.48895538145176],[13.448660336787063,52.4879825787853],[13.448843705808473,52.48795877441563],[13.450326976237854,52.48708605869966],[13.450444635492675,52.48714905387783],[13.456066896847647,52.48425408877072],[13.458134819344506,52.485819816916056],[13.458565531975214,52.48624956502747],[13.458055910555732,52.4877236436225],[13.457709213773972,52.48805864204711],[13.457899126037024,52.48816932516544],[13.457404869745549,52.48842712802176],[13.458655489274024,52.48917724292965],[13.458731337878438,52.489802965079896],[13.459070765763967,52.49055228603029],[13.45931747733054,52.49077399072408],[13.461206402752579,52.48953874223767],[13.471749785530605,52.48242781421893],[13.472967207616758,52.48156217148655],[13.473891489689796,52.48198016209192],[13.479527526499822,52.484658189114306],[13.481330895231062,52.48547108181884],[13.481825891919511,52.485956963037886],[13.482286692736235,52.485857833806044],[13.482955978077175,52.48604632023139],[13.48205573135605,52.487443476747366],[13.481683971083141,52.487635114792866],[13.480469003249812,52.487887393298976],[13.479239826256126,52.48787145420772],[13.478631305150085,52.48703321844131],[13.478074416375316,52.48772392085047],[13.477685594891723,52.48878308701666],[13.476130048659416,52.4899558360619],[13.475441052548247,52.49032615536035],[13.473787271133574,52.491033661848626],[13.471018876164482,52.491487232768044],[13.46849564162478,52.49234069647478],[13.46705933192809,52.492686320389666],[13.464216184451374,52.49374263812495],[13.463199658729677,52.494215483837266],[13.463177492046272,52.49434804742221],[13.463943586353212,52.49497709252034],[13.46318561975042,52.495446929355005],[13.463056793014,52.49535241437042],[13.461925782154188,52.49558897901567],[13.459511913213824,52.496535922514134],[13.455070613879858,52.4974211141102],[13.454067485907297,52.49755885301892],[13.453352357267576,52.497524960622115]]]},"properties":{"BZR_ID":"091001","BZR_NAME":"Alt-Treptow","BEZ":"09","STAND":"01.01.2021","GROESSE_m2":2314160.878}},
{"type":"Feature","geometry":{"type":"Polygon","coordinates":[[[13.67229690119984,52.429539054811045],[13.672703492226077,52.4292804007358],[13.674474966265713,52.428624605965844],[13.675865276311276,52.42839158529795],[13.676990455072803,52.428367318007346],[13.67915453586934,52.42913820828131],[13.679897917193564,52.42901973843894],[13.68080159754865,52.42907432936583],[13.681873328903155,52.42928902693165],[13.683280784073311,52.42897032564432],[13.685455154796772,52.42876067766348],[13.68700043862745,52.42892844533039],[13.68902022909273,52.42956223856283],[13.690254584177904,52.429899590482336],[13.692141701895277,52.42987552461691],[13.694571346987846,52.42961017001402],[13.696879645731052,52.42924407890054],[13.69800625304443,52.42882222973969],[13.698536288547134,52.42852956737958],[13.699443636637612,52.42781038964973],[13.700848421407773,52.42687954162942],[13.702082360114689,52.42618011544785],[13.702587699932495,52.42612542267344],[13.704112061969468,52.42617810338341],[13.705608129712072,52.42601692098968],[13.706485402231626,52.42579185945537],[13.707560321503449,52.425647622394486],[13.708904921714739,52.42556026607061],[13.710972287162294,52.42560215341755],[13.712531976165351,52.42575446001932],[13.713939473234941,52.42562817143373],[13.714974707906805,52.4252373009599],[13.715573924897207,52.424815315401],[13.71768464152463,52.422755172990314],[13.719785740633684,52.42131713919579],[13.719996592103678,52.42101002775269],[13.72039953117721,52.41979209633553],[13.720506046753403,52.41899650357218],[13.720732249034736,52.41868531320207],[13.721286976432754,52.418360719257954],[13.722545692060429,52.41803397634562],[13.723142226017012,52.41771928388582],[13.723523897845345,52.41723774453029],[13.725170519740006,52.41636236310816],[13.726592494965152,52.41683987576347],[13.726805467663175,52.416653499602305],[13.727192935569613,52.416997640173136],[13.72811534010264,52.417426596200286],[13.728684491726373,52.41749987066991],[13.729792742444697,52.4179565526401],[13.730074518355607,52.418293204273084],[13.72992095756945,52.419173784899165],[13.730276537679034,52.41981637021004],[13.730809751452965,52.41959939137817],[13.731423646218941,52.41982203072861],[13.731065304720742,52.42047198390893],[13.733357919775598,52.42259889466807],[13.73765929821198,52.426694185470964],[13.73949114562652,52.42642433082598],[13.739617224499396,52.42666595562052],[13.740767375437944,52.42642041542781],[13.741275041643712,52.42676512704411],[13.74159603667791,52.42806079981906],[13.74172529715868,52.42819540196473],[13.73894203239312,52.428855268269395],[13.73937555643777,52.4295225082964],[13.740104498755256,52.43247276836725],[13.734152565178018,52.43309858326299],[13.731648865895602,52.433508439764424],[13.730629619498597,52.43373447449937],[13.728750314727224,52.4342638423722],[13.726316952084595,52.43518362983203],[13.724147751939347,52.43629339876123],[13.722802051431819,52.436825264069405],[13.722807891634439,52.43714373847538],[13.724412744065406,52.43650564577578],[13.725508376352767,52.43591360663469],[13.727464390813589,52.43503236815081],[13.728962065686561,52.43450369315496],[13.731429770392031,52.43380264388785],[13.73335615427797,52.43347844174951],[13.735201310946705,52.43325905398455],[13.738196330573873,52.43296232857492],[13.738276282351118,52.43329075444087],[13.742885856133206,52.43293769006913],[13.743314805841708,52.434664734100885],[13.743245052282337,52.43470289615169],[13.744072195518681,52.43807053724598],[13.750505682296678,52.441482013511894],[13.756304313606194,52.441612918369245],[13.754447343750668,52.43668077565344],[13.759988015852347,52.436170256521166],[13.760947090524123,52.43732013105944],[13.761159130580406,52.43770849966154],[13.760937563832314,52.43787786703576],[13.755318169444223,52.43841774906293],[13.756391328860397,52.44126740803185],[13.75708481753329,52.44296159313442],[13.754379413399713,52.4432795618027],[13.75644215006461,52.44617415257878],[13.755394501080414,52.44600197097699],[13.755037073217768,52.44654393343734],[13.754173934624145,52.44719160504006],[13.75348556305125,52.44758713999362],[13.752611846892565,52.44787017404227],[13.750261200397006,52.448329215678875],[13.749248243893405,52.44866838463948],[13.746468769482279,52.448939105607934],[13.744788126414,52.44923635397934],[13.743302209069086,52.44893783900798],[13.74078369444681,52.449306169415],[13.7377594717471,52.44964215834409],[13.7364739216854,52.44991225297463],[13.735608962147305,52.4502560604844],[13.735561291029006,52.45060826105432],[13.734350726181958,52.45073646793812],[13.732715698648567,52.45036007170262],[13.729080223998563,52.45078305299438],[13.720580865405127,52.45674895064531],[13.718925531995426,52.458909583013664],[13.717604852223447,52.460546445971055],[13.716188793076007,52.462488918154996],[13.715963672689455,52.46291579550468],[13.714725766171954,52.463029579331405],[13.713350746969535,52.4629981583047],[13.711519174294962,52.463291577277616],[13.705700543025149,52.46555866106377],[13.7035350205795,52.46662448999655],[13.701913394907775,52.46753362358878],[13.701259463757925,52.46822255161771],[13.699080100732802,52.468277820413846],[13.700659784566069,52.46617197981612],[13.702096437968759,52.46436551700291],[13.702561760517687,52.46331273302591],[13.702812963499396,52.46224294391112],[13.702970477193507,52.46116776619092],[13.703359775529767,52.46004398948175],[13.705259246950263,52.45986722448308],[13.705479362626056,52.45879154181736],[13.705588256033028,52.4576988444712],[13.70524248241331,52.455615854171526],[13.704614525674186,52.454759720123306],[13.703152281622323,52.454851360576384],[13.701496191506363,52.45486446853223],[13.700236716621115,52.4549863685233],[13.698347844775789,52.45525977553826],[13.698532183740332,52.45561447053654],[13.69867466593782,52.45647693069593],[13.698486318022145,52.45728766727669],[13.697691012691502,52.458495968403945],[13.69753202574586,52.46048282302607],[13.69707961241169,52.461732980521035],[13.695615696497574,52.46400204868528],[13.695433421806921,52.46418459348692],[13.694109426758637,52.46440387072445],[13.690971232552998,52.46474127602213],[13.689830539454766,52.46501219049441],[13.688387950401262,52.465024820041904],[13.68656520032448,52.465137909552],[13.682774420440175,52.46606877110082],[13.680164042934692,52.467827907992955],[13.678644212975787,52.46923561221164],[13.676410771542187,52.47002231747902],[13.675238391502237,52.47066130854248],[13.673381064781525,52.47138989813107],[13.670084439829976,52.47309359008168],[13.669464507601614,52.47328378797089],[13.664193805091479,52.454016384777006],[13.66294932574344,52.449497524303915],[13.662364508778543,52.447287169540125],[13.656750998296861,52.43744288353056],[13.660715714961631,52.43658607499748],[13.674602697571947,52.433548296008674],[13.674800179319858,52.43398863345352],[13.67540098395124,52.433602705422985],[13.676205329889116,52.43290915465572],[13.676858777333345,52.43208239994202],[13.678056675612568,52.43073126619911],[13.678009541031205,52.43051226009025],[13.675307959908173,52.43052113443466],[13.674237175307416,52.431034652030846],[13.672847798914956,52.43155177723952],[13.67244038295567,52.43140379855557],[13.672822348794044,52.4307342174395],[13.672083262970023,52.430047554655914],[13.67229690119984,52.429539054811045]]]},"properties":{"BZR_ID":"095018","BZR_NAME":"Rahnsdorf","BEZ":"09","STAND":"01.01.2021","GROESSE_m2":21450568.86}},
{"type":"Feature","geometry":{"type":"Polygon","coordinates":[[[13.56363031951842,52.4567695921005],[13.56150740860192,52.45870466934816],[13.561414190347415,52.4588470585538],[13.554283905788944,52.46684088420729],[13.55265462636407,52.46871921673364],[13.552623269837119,52.468961857692015],[13.553053597138481,52.46942854865601],[13.552875696208593,52.469647936828196],[13.551626321366877,52.46984201724082],[13.550847912189866,52.47010804725192],[13.549452224570755,52.470762619205374],[13.549134172283111,52.470992654558415],[13.542435800058566,52.4739509609573],[13.542067617542248,52.473987952752],[13.539848434375662,52.47497854690629],[13.534915091800027,52.471139189361644],[13.531432403145327,52.46838914270306],[13.530771954515759,52.4679376571857],[13.527529307048898,52.47062386318734],[13.52554448815759,52.47235570033295],[13.523667610561315,52.47386373512497],[13.522430351117848,52.474752681738515],[13.521580829207968,52.475217519797226],[13.520315427442565,52.47406997247804],[13.516881700170046,52.47525921207346],[13.515800800198715,52.47554346325545],[13.514041164281474,52.47571583726281],[13.512968095041858,52.47566127196276],[13.507846672906366,52.47490382077788],[13.50432414872096,52.47812451804031],[13.501890701080784,52.48257400843509],[13.500509134382707,52.48270080023118],[13.497853208573478,52.48328359024867],[13.49664229994115,52.48330608636831],[13.494179007378504,52.48312081094739],[13.494922927237154,52.48132632052291],[13.495609372045042,52.478771631622514],[13.495504938379785,52.477856195018134],[13.494957684960509,52.47660217793858],[13.494480153772384,52.475189373683776],[13.494506625787983,52.474337945435956],[13.494835583467996,52.47278571256348],[13.495025635794708,52.47233082902044],[13.495518395612976,52.471470065537204],[13.495824580196999,52.471562305619585],[13.495889592786536,52.471194562965294],[13.496475492296264,52.47049822109606],[13.49752451940432,52.47017207701326],[13.498446239987489,52.46965391347277],[13.499028574953996,52.46899692154362],[13.499629470950707,52.46779453235493],[13.501082864341075,52.46561108305433],[13.502196546689882,52.46415041036415],[13.502685008489458,52.46363580750209],[13.503724042387892,52.463001269905824],[13.505919141393951,52.461991814701854],[13.508160905965786,52.46129007745712],[13.510285746136196,52.46045871202818],[13.511334858608445,52.459924368265334],[13.513746972013376,52.458839952734884],[13.515133239662992,52.45829672119147],[13.516634261456339,52.458010968464286],[13.518163408511667,52.45787677828054],[13.519162049068711,52.45756414429938],[13.520049236588134,52.45680799145832],[13.520533777104642,52.45577555424092],[13.521267237616739,52.45493599239889],[13.521793600361292,52.45453628617775],[13.522850594302396,52.45395763188546],[13.52402213530296,52.45352673591079],[13.526592056007743,52.452916931134986],[13.528518856050091,52.4526791209391],[13.530797662256136,52.45293454001238],[13.533156656663644,52.4534060737549],[13.535362714094433,52.45421565243895],[13.537488854271874,52.4553936778325],[13.538191270323944,52.455565018646745],[13.540149889260235,52.45560997248185],[13.542613108244101,52.45547389350274],[13.544324433350893,52.455292861419025],[13.545993774324058,52.45503887490886],[13.54844523754136,52.45436814092557],[13.550727580581537,52.4539167593236],[13.55141743630352,52.45365907774619],[13.552203804798463,52.45359947665613],[13.554080206168326,52.45319536091137],[13.557710073452265,52.45312326962602],[13.55761216531087,52.454354350063994],[13.557384988096338,52.45436899056652],[13.557255209393034,52.455523936773425],[13.557329890327136,52.45590608383527],[13.562236276163617,52.4566345471878],[13.56363031951842,52.4567695921005]]]},"properties":{"BZR_ID":"092005","BZR_NAME":"Oberschöneweide","BEZ":"09","STAND":"01.01.2021","GROESSE_m2":7936340.825}},
{"type":"Feature","geometry":{"type":"Polygon","coordinates":[[[13.571392899202253,52.44438102767751],[13.57099243453328,52.44411183574652],[13.570196469271705,52.44411080962567],[13.570515541316034,52.44307216122457],[13.570571663099502,52.44182482629949],[13.57092287351034,52.44113524497423],[13.571469576610152,52.440375044525744],[13.572839458486998,52.43881073456522],[13.578272790095413,52.43881308825179],[13.578897797047388,52.43874408800575],[13.57904809954441,52.4389268200479],[13.582141246646032,52.43891094778219],[13.58723107266327,52.43907849312061],[13.587502006827396,52.4392616484439],[13.586554150120062,52.44055058040923],[13.586208661611549,52.440790606703374],[13.5866458392646,52.441081964562514],[13.58571044297471,52.44147954671731],[13.582865790068274,52.442570657565895],[13.582682007011849,52.44281224547947],[13.583356307660397,52.4433848783916],[13.584872614197288,52.44420754461985],[13.58466380376101,52.44438149591107],[13.583493762608255,52.44496579097236],[13.582320358693881,52.44544395864145],[13.581910661234158,52.44544979948634],[13.580930436594993,52.445722083713406],[13.579175450417777,52.445041755506594],[13.580321723040846,52.4456447286964],[13.580245730898545,52.44603482112853],[13.57980721781139,52.446681073159624],[13.579724947624968,52.447565741712914],[13.579589819084283,52.44767419528954],[13.57737696510593,52.44830927757074],[13.575678485117821,52.448036105087866],[13.575061502071414,52.448393877084165],[13.574407314847383,52.448127151126265],[13.574674566977935,52.447598528832295],[13.573641253305686,52.446291484503895],[13.572816429626837,52.444747824534765],[13.572288662951593,52.444370537413306],[13.571392899202253,52.44438102767751]]]},"properties":{"BZR_ID":"094015","BZR_NAME":"Altstadt Köpenick","BEZ":"09","STAND":"01.01.2021","GROESSE_m2":796813.695}},
{"type":"Feature","geometry":{"type":"Polygon","coordinates":[[[13.274507113709006,52.498318172731004],[13.273669278786063,52.49816938130715],[13.271822387608164,52.498457172328315],[13.271805334902846,52.498562534442875],[13.270237426393475,52.49898225861379],[13.26864928033072,52.49954955410123],[13.26796137921617,52.499957254237216],[13.266586742149999,52.50113077236291],[13.265911379662503,52.502140015423976],[13.26549345555389,52.50300572562286],[13.264744477573872,52.50493423616757],[13.264243692508902,52.505778631063485],[13.263218101414312,52.50668788024297],[13.262391502185196,52.507148284718845],[13.260999969363803,52.507780336630425],[13.25960530946776,52.50829903425644],[13.257939215790339,52.50909590969636],[13.257009473404727,52.50973797532678],[13.255956747871219,52.51087077975966],[13.2555421188151,52.51167070589463],[13.252568257437286,52.52018671600056],[13.25197434278334,52.521025170434804],[13.251438743871542,52.521258383963904],[13.250182338003743,52.522276887812104],[13.246713941315122,52.52446653347813],[13.246139065757776,52.52451978396675],[13.24446716722849,52.5249288640486],[13.242243584345713,52.52557155546221],[13.239969739017704,52.52609001693158],[13.239834847587247,52.525881094817194],[13.23891394025607,52.52607994591214],[13.236802963265864,52.526135976737734],[13.23385526892789,52.526033574245794],[13.23127502736642,52.52577039675246],[13.230932999569475,52.52587547174625],[13.228180676282966,52.5260202669393],[13.228038783674737,52.52571199857027],[13.227304744865974,52.525614831877945],[13.225948585540927,52.52579308859991],[13.224659859064545,52.525836087853314],[13.222019873085932,52.5261736785795],[13.221817350315172,52.52564233504706],[13.220798972221203,52.523929860484984],[13.219894292109196,52.52262347865559],[13.219388345796379,52.52142051992333],[13.219348337762257,52.52086080382897],[13.219490393039107,52.5181569149948],[13.219837571245321,52.51578690096569],[13.220097298583765,52.51459872501286],[13.22094778808677,52.51362157510023],[13.219751788203622,52.513577070056066],[13.219458394845066,52.51399436479615],[13.218833080028244,52.51336708891652],[13.218471773854015,52.5134024516063],[13.217435156667591,52.51239665352608],[13.21647169047629,52.51169557591249],[13.215854272880835,52.510685651871285],[13.214980503015394,52.50950914116544],[13.215692813086658,52.509364983842424],[13.215582752782076,52.50916009343196],[13.214546293823846,52.509368600756744],[13.21408497065561,52.509101276619354],[13.213231328547398,52.50909713618072],[13.211861869869534,52.50934693169112],[13.211013770671297,52.50852267159504],[13.210496114255394,52.507199827227964],[13.209330491441701,52.50587465514552],[13.208764004571178,52.50504587337741],[13.209346638787627,52.504301139969556],[13.209726871858438,52.50291044354481],[13.205132445052083,52.501348383358376],[13.1990796336113,52.499879794016884],[13.195208211791666,52.49973992608131],[13.19169933370491,52.49867564215997],[13.189840461398363,52.497545466204784],[13.18945485362973,52.49498231530134],[13.189534246891597,52.49293363528689],[13.187549258814085,52.49120976836239],[13.186596860222236,52.48929199563182],[13.18714865102147,52.48712833626272],[13.18981155391697,52.48433446299988],[13.19016718442762,52.48261935182888],[13.18724800541523,52.47865437035748],[13.188294870096788,52.47408397677583],[13.188170030940404,52.47183688722018],[13.193912352871049,52.471086685772974],[13.194559602906327,52.47097787308275],[13.195231891999713,52.47124872252105],[13.196622271095578,52.47134064891041],[13.196996392891466,52.47116999609903],[13.197720753041072,52.47034642092307],[13.19761942332913,52.469731862229885],[13.197726041825916,52.46935617266976],[13.198090738671928,52.469012783246775],[13.198976683095962,52.468767137770875],[13.19970546466411,52.46881522452871],[13.200638945430178,52.46904464853499],[13.201561318357186,52.46986703041996],[13.202211534934886,52.47015807666627],[13.203549765683242,52.470471413748335],[13.20509735911654,52.47052261374832],[13.206463268933563,52.470311358565475],[13.2077107349821,52.47002251349211],[13.210169479237548,52.46971351891271],[13.211475021339409,52.46943902727716],[13.212347778767043,52.46956323010186],[13.213230213368407,52.46953079924546],[13.214229107653098,52.4698215795358],[13.216539596863523,52.47012275043747],[13.219421878600995,52.47003763068217],[13.220146497534426,52.47006365251445],[13.221591544795968,52.46997795323141],[13.223776456935983,52.46998592706866],[13.225522452950878,52.4701265967566],[13.22678465445042,52.47036039425559],[13.22868339780958,52.470491159879316],[13.230208685351016,52.47074809310759],[13.231469654702002,52.47075625615344],[13.2338781727516,52.47012048687892],[13.235101503579472,52.46966105724059],[13.238334934816052,52.46916983056529],[13.238348528343627,52.46919441754334],[13.23911496149174,52.469558840194885],[13.238795809282928,52.46970204023978],[13.241353378878367,52.47172156282338],[13.242127551858715,52.47216723616028],[13.242607765802486,52.472715218742664],[13.24516522569328,52.47470804886701],[13.24523438682539,52.47467511480012],[13.247038595689522,52.47581797900022],[13.249268463443103,52.47698072916322],[13.250605949109053,52.477829571567526],[13.253013769486254,52.47968731943213],[13.253786831274477,52.48045863463992],[13.255767000613893,52.48324889844347],[13.256451019364945,52.483994659528925],[13.25655249108525,52.484450907641865],[13.257534104537726,52.485619161753476],[13.256408958390749,52.48615585340227],[13.260561448322969,52.489435065130515],[13.261645206386278,52.488919018841685],[13.262631713249826,52.48941677522431],[13.26338630334167,52.48992404813601],[13.263945638004339,52.490042770068406],[13.264803885473482,52.490784815482705],[13.265830424314375,52.491977958936815],[13.267535311262161,52.49385747816633],[13.270512099266053,52.496260243373136],[13.271877008874288,52.49719553562],[13.272557373423677,52.49745943935322],[13.272459579305485,52.49769962419138],[13.274507113709006,52.498318172731004]]]},"properties":{"BZR_ID":"042002","BZR_NAME":"Heerstraße","BEZ":"04","STAND":"01.01.2021","GROESSE_m2":23529978.58}},
{"type":"Feature","geometry":{"type":"Polygon","coordinates":[[[13.177403794526258,52.52543290554921],[13.175455775119818,52.525956030912084],[13.174618163193953,52.52631390607092],[13.17308702935121,52.52711604041798],[13.172215732406405,52.527342941373455],[13.17078280100286,52.52741019955952],[13.169817538174769,52.52717888827278],[13.16847513189569,52.526682313886724],[13.167689534237306,52.52648237628063],[13.16563122085687,52.52614990454752],[13.159698897681098,52.52524854084104],[13.158694729343535,52.525170608823146],[13.157746428108133,52.52523056638003],[13.154854421257786,52.52578959797968],[13.155022536421246,52.5261029877921],[13.154693074167387,52.52674779075449],[13.154346264965886,52.52699460741304],[13.15500070908307,52.52890521789616],[13.152639722832124,52.528682287619155],[13.150467554034602,52.52863339410894],[13.14999782671175,52.5287672065675],[13.148274031067205,52.52890679065047],[13.14531252326566,52.52957051155832],[13.142349028278447,52.53096376837633],[13.140912936174368,52.53137196453012],[13.140681819321104,52.53102215645725],[13.139958857173044,52.529432700379125],[13.13916079178437,52.52884672771389],[13.138637223360986,52.52868996435231],[13.137666485876792,52.52860346053953],[13.131756019110563,52.528763271681626],[13.119199294124144,52.529125693843525],[13.118915752947418,52.526343399749514],[13.11871019802,52.52496522842984],[13.118435589045808,52.52247350473059],[13.1183274829406,52.520747699715066],[13.11811485084609,52.52010019982129],[13.117382311523166,52.517060658515156],[13.119272252888425,52.51700425454704],[13.122780013970198,52.517394703131615],[13.125153611209095,52.51751684963114],[13.1269978000538,52.517547299337394],[13.130086959726764,52.517993546148176],[13.132611777021793,52.51819310055059],[13.13359208469158,52.51839731609392],[13.13584115281655,52.51870367469789],[13.13743266810367,52.51884676923557],[13.138530823989875,52.51909773767178],[13.141465181728801,52.519611122226614],[13.14267373708255,52.519765636017624],[13.143182067172308,52.51969788905802],[13.144354314652249,52.519193107081975],[13.144820208857661,52.51862527017433],[13.145041440043578,52.51805659005321],[13.145630606845518,52.51746596526926],[13.147500908227018,52.51719505935837],[13.151142757643912,52.515780765077274],[13.1518236669099,52.51555025462485],[13.154385621610619,52.51433123831234],[13.157380300996003,52.51317359286789],[13.158588925557083,52.51293932987778],[13.160264959904556,52.512348856478816],[13.162279083250844,52.51149688256657],[13.163339425547818,52.51109899884673],[13.166195954623047,52.510146778247424],[13.168824093828222,52.50922682105472],[13.167977646322722,52.50885618399816],[13.166849999891332,52.507991055447384],[13.164168993556762,52.50617124105725],[13.161194912012915,52.50420107666775],[13.1585861976767,52.50259122419346],[13.157240809787732,52.50162200681237],[13.16177081692226,52.501371464944825],[13.168203001131063,52.500970679486855],[13.169681940744264,52.500916236002666],[13.17657483945234,52.50046590926199],[13.17810313128724,52.500304332823866],[13.179931508333143,52.50022700849469],[13.179460844479232,52.50125381796305],[13.179467911015006,52.50164188601391],[13.179891980138487,52.50296703927919],[13.180233234221927,52.50443491333186],[13.180142812804803,52.50543525845687],[13.179567819989904,52.50752549789291],[13.179586594292083,52.50792088483725],[13.180378163401588,52.50914740713775],[13.182846305777131,52.5126307445845],[13.18310957036323,52.5128005071742],[13.184233519383524,52.5143849973562],[13.184260051905213,52.514602572337964],[13.185202187651935,52.51563749203811],[13.179483979981303,52.51678956670957],[13.179177419702183,52.51680439652691],[13.180801948233926,52.51756013885539],[13.185466112578098,52.5198772015951],[13.187601156915733,52.52097853476963],[13.188576140810547,52.52177320157955],[13.188027020289095,52.52227809040457],[13.187332098476174,52.522585424699415],[13.178677957141497,52.52492454475963],[13.177117612323196,52.525309247108936],[13.177403794526258,52.52543290554921]]]},"properties":{"BZR_ID":"052005","BZR_NAME":"Heerstraße","BEZ":"05","STAND":"01.01.2021","GROESSE_m2":7565239.472}},
{"type":"Feature","geometry":{"type":"Polygon","coordinates":[[[13.4372385413973,52.54020167144783],[13.433892031707355,52.54143173106558],[13.433102929534424,52.541924522170945],[13.431445966335431,52.54251634503951],[13.430542297345871,52.54291223329733],[13.426771112290686,52.54418748502842],[13.423753354800201,52.539033327511476],[13.424416897382798,52.538852551371704],[13.419767183923689,52.53101788090236],[13.418520473651974,52.52951843472456],[13.41721880942558,52.52834836354778],[13.41614569676041,52.527083630986155],[13.419753208818582,52.52554559739682],[13.42364210783232,52.52791496670682],[13.424854476628377,52.527877838135346],[13.4250269061817,52.52809518056002],[13.437481599120044,52.52954802980977],[13.438310616385603,52.52880047289176],[13.438748232659213,52.52877783547791],[13.442277413439129,52.53102559302559],[13.44103514841203,52.53203675421778],[13.433102271942861,52.535848077380805],[13.432479041801612,52.53607502023452],[13.436699594396925,52.53970050744994],[13.4372385413973,52.54020167144783]]]},"properties":{"BZR_ID":"037016","BZR_NAME":"Prenzlauer Berg Süd","BEZ":"03","STAND":"01.01.2021","GROESSE_m2":1660928.148}},
{"type":"Feature","geometry":{"type":"Polygon","coordinates":[[[13.375788684576047,52.60701998843585],[13.37611353391316,52.6067350237773],[13.377700789969424,52.606557052312866],[13.379097277634454,52.60623487690865],[13.383787087893332,52.604817602968474],[13.383496983510192,52.604427904450176],[13.38299220123271,52.604257269526116],[13.382692988742368,52.603656947366666],[13.384133569515487,52.60307734639101],[13.384145017661716,52.60226484469381],[13.383364918440906,52.60112563283266],[13.38306903004283,52.60050523481434],[13.383282336504019,52.59991163188836],[13.385876618783554,52.598734795757885],[13.385950254529787,52.59837535126513],[13.384580139518574,52.597853731244754],[13.386779454121955,52.59693300758733],[13.387111585670967,52.596866620022006],[13.390394191373804,52.59588092820276],[13.389520118855511,52.59413754428442],[13.388912553917278,52.592548350811],[13.388231654679297,52.59119861022486],[13.387635015095045,52.590504825997876],[13.383886332383453,52.588011345642634],[13.383463912785817,52.587447346561454],[13.383866876086627,52.58694975633422],[13.384090932274937,52.58459390993606],[13.384343269698615,52.5840305250845],[13.385081235887037,52.583678525325425],[13.385438431989796,52.58318454026499],[13.387677003659967,52.57971753847007],[13.386994902716133,52.57965503894395],[13.386701634121097,52.57912443126075],[13.386910915142355,52.5784491994534],[13.38777994326598,52.577534873353976],[13.389227911731838,52.57707574828842],[13.390514286257899,52.576821390800596],[13.392912497040077,52.575649435626104],[13.39372525157963,52.575622433440046],[13.394352470022456,52.57535826251534],[13.395574087828544,52.57514127380199],[13.396564216902798,52.57517989845632],[13.396960532205856,52.57495114874514],[13.39856571548936,52.574588192571674],[13.399475610165485,52.57408430595513],[13.399889958965058,52.5743395956678],[13.400169506712215,52.57490320666047],[13.401013329654814,52.575140837542776],[13.400448877791716,52.57610919378448],[13.401701005335834,52.57640993152833],[13.401132277469177,52.57734649493359],[13.401375367887347,52.57752779005829],[13.403233234319513,52.57790144173329],[13.402771655296727,52.57884410608726],[13.403166847604846,52.57901176896352],[13.405607910254174,52.57952021763501],[13.405793841117388,52.579715667719114],[13.406259714203843,52.57965362626729],[13.407854173633284,52.57996960482193],[13.407437082850311,52.5807282462084],[13.407020048975834,52.581843945443],[13.411553404822557,52.58235077644141],[13.416015542042663,52.583675476146844],[13.425134533584576,52.58644766809622],[13.430145586649493,52.589068888382094],[13.430558202956124,52.58901839350104],[13.431935321589936,52.592988577381774],[13.431021927663554,52.59349983512592],[13.429993924883405,52.59390165366632],[13.424217848604021,52.59585530842148],[13.423434513054278,52.596083231595486],[13.420994672697285,52.59696319540275],[13.41961768873215,52.59773272027641],[13.417691429883018,52.59950648859306],[13.416785123534774,52.60005835878838],[13.416287454319534,52.601496466843635],[13.415855713025943,52.60249762304944],[13.415839036795731,52.60295524533254],[13.415027296243524,52.60505715441672],[13.41423040194426,52.607341511608475],[13.414127167440787,52.608234663787044],[13.413673258549123,52.609328930515694],[13.412621807360207,52.60984075758762],[13.410047244793558,52.61146243220589],[13.407391771709028,52.61366803923181],[13.410847805817685,52.614583272960495],[13.410799208520647,52.6146424195208],[13.412733512874793,52.61523226889244],[13.414119884819291,52.6161659450887],[13.415785602612686,52.617145203039485],[13.417039269017728,52.61798216992693],[13.417850372963331,52.61862891659193],[13.420038435176703,52.62055835245222],[13.420964354890428,52.621287319839745],[13.42182896504718,52.62213332457784],[13.422681481894715,52.6227203856267],[13.423961471217805,52.62382907154091],[13.425387775463218,52.62310670571349],[13.428757981034893,52.62349277920241],[13.42957017930468,52.623094008755864],[13.43016282003763,52.62383840737363],[13.429553501035796,52.62442443025819],[13.428432955504435,52.626065537144065],[13.4281311979417,52.62607608040351],[13.427340667089501,52.62832260559075],[13.427231428981345,52.62881255206061],[13.427037365748461,52.63058521625222],[13.427244104673157,52.63059095529161],[13.427201032139546,52.63106681024286],[13.426958304485629,52.63124495126746],[13.426753505011774,52.635670922587146],[13.426614787867363,52.636906674197746],[13.424378950899031,52.635574871694594],[13.42435455902895,52.635464876526605],[13.420790406972541,52.63740576788616],[13.416550012222304,52.639433808550734],[13.414258350111757,52.64124018161577],[13.414751334353706,52.64177986670879],[13.414736398598425,52.64238497786611],[13.414418751430874,52.64251164313648],[13.413629492239428,52.64246571600849],[13.41229229430718,52.64348195183106],[13.407884562073678,52.64268562675025],[13.406590405053677,52.643846024761984],[13.403892949534669,52.644862367048745],[13.403240885485104,52.645186962507736],[13.397905863583995,52.6481145868462],[13.397937599193998,52.64828894477657],[13.39705131895801,52.64802487025307],[13.396388676527808,52.64742385261275],[13.395199171948269,52.64743942099307],[13.394554048589276,52.64755515962697],[13.393909099165247,52.64669228292978],[13.39373199182952,52.64622734506812],[13.393346295507193,52.646156211833535],[13.393297594331733,52.645798405868206],[13.392931557522669,52.64556210530385],[13.393178090581905,52.64541075182847],[13.392527544533298,52.64509704528284],[13.392426557588575,52.6448044507003],[13.391912233294995,52.644749450136416],[13.3917730235332,52.643828878924836],[13.392285524212678,52.64370480156799],[13.392105243807293,52.64323204968828],[13.391300073325551,52.643547003335826],[13.3913040011823,52.64317617283064],[13.390671753158777,52.64261774692362],[13.390774479670368,52.64240230864972],[13.390144878414954,52.642435562449826],[13.390567325119148,52.64224423956928],[13.390045321685122,52.64157016521925],[13.38965879208827,52.64151936375445],[13.389912872119334,52.6409948080516],[13.390352229459971,52.64087673098168],[13.390132919592851,52.64050736233889],[13.390609617459612,52.639915098643975],[13.389613409645234,52.63937303884637],[13.389936284549933,52.63912228337783],[13.389353709529384,52.638249689895034],[13.389214736230848,52.637676202861],[13.388654623646847,52.63760395875926],[13.388076143959738,52.637157035310146],[13.38761749445792,52.63723794251678],[13.386415530366273,52.63677623830437],[13.384760668091314,52.63644789534485],[13.384142951487664,52.6362013554402],[13.383239179995968,52.636612406809824],[13.383022193753762,52.63636814674465],[13.382190030539068,52.63647226435777],[13.381813974248645,52.63639661217138],[13.381934748305104,52.63595199725592],[13.382692580149115,52.63574656390747],[13.382859100228215,52.63521730266814],[13.380082577476736,52.63438425376073],[13.379401170039069,52.63387206175078],[13.378709127786571,52.63435255295449],[13.377684525141671,52.633389810802214],[13.377617584449402,52.63307064185903],[13.37727405031037,52.63318773654815],[13.37679342356749,52.63291599982865],[13.377192577628044,52.6326735526449],[13.376563584915209,52.63241403292142],[13.376869209467433,52.63217482741355],[13.376451795308466,52.63211828133255],[13.376358022107745,52.63178336927749],[13.375822027908784,52.6316071085352],[13.376343629681374,52.63136868969445],[13.376157650499247,52.63114276043726],[13.376802058494626,52.63002592684449],[13.377022368665793,52.629819258876196],[13.376850057365006,52.629156243441194],[13.376443496796727,52.629253528049844],[13.376678949611204,52.6288947796703],[13.376128569893595,52.62893515748159],[13.37637797864622,52.62837826078101],[13.375233921107766,52.6286062282265],[13.374572482545624,52.62776683975463],[13.374185991621518,52.6279184275823],[13.374142302342056,52.62767642097625],[13.373546654165791,52.62779951144554],[13.372976807442813,52.627445264229635],[13.372703629641197,52.627578084096356],[13.372322082205763,52.6272706558856],[13.371604831596063,52.62740051703288],[13.371483504009259,52.62716031908717],[13.370729361978729,52.627340196879565],[13.370231890050084,52.62682275694802],[13.369872268391124,52.626688518395305],[13.36951029245558,52.62601353030107],[13.36852986324608,52.625578983776535],[13.367684103486285,52.62571514286298],[13.367657284855627,52.626005810576274],[13.366915848645839,52.62579295229001],[13.366928145078115,52.62534641502126],[13.367110511142728,52.625400384467234],[13.36790765961782,52.62407214073682],[13.369518885427178,52.62225717243451],[13.3715542591372,52.6196952375346],[13.373136713140063,52.617285971853285],[13.374288222378205,52.61566630009278],[13.375227805122728,52.61422598389198],[13.375716955769217,52.613238966918914],[13.37628424790561,52.611128635822816],[13.37635389011702,52.60932251363963],[13.376211765861775,52.607738450698946],[13.375788684576047,52.60701998843585]]]},"properties":{"BZR_ID":"032002","BZR_NAME":"Blankenfelde/Niederschönhausen","BEZ":"03","STAND":"01.01.2021","GROESSE_m2":19665092.92}},
{"type":"Feature","geometry":{"type":"Polygon","coordinates":[[[13.45355857693081,52.515630281685475],[13.450160823665126,52.5159620304932],[13.441857743660954,52.51681044059008],[13.436554710961921,52.51733610228931],[13.436562755211071,52.51738392398233],[13.432642677594012,52.51777988972483],[13.432633977257614,52.51774896220222],[13.429368577904725,52.51809547056028],[13.42931488714237,52.51781608062883],[13.42843541922594,52.51785037455527],[13.427493329952398,52.51805251968601],[13.426664614226329,52.51842676087783],[13.426803196492717,52.518661273584065],[13.42619054511432,52.5187519922554],[13.425926877401645,52.518391720572794],[13.426305370080822,52.51828902420121],[13.426151225439016,52.5180685906551],[13.426754085946175,52.517959166561745],[13.425096133812316,52.51506992094367],[13.423840916143133,52.51336864417455],[13.422778558498154,52.51223538950176],[13.424520979220787,52.51136757160266],[13.428084443100719,52.50928194738247],[13.428377275819095,52.50907285736716],[13.429121057283304,52.508903911609664],[13.429402280699236,52.50857221581054],[13.432061592905704,52.507352758518934],[13.43397462333991,52.50638111302417],[13.434402651710961,52.50610088919786],[13.435479417967414,52.50564531417797],[13.437129704007171,52.5045598772965],[13.438504768159925,52.50400283990102],[13.44146616597381,52.50291439202743],[13.445155797585379,52.50113286505402],[13.447190370683117,52.502738431002996],[13.447205468584103,52.50285016301813],[13.44925373856741,52.505496265855456],[13.449083653420297,52.505545140547476],[13.450178051295902,52.507255985836345],[13.449840127801698,52.507347412336415],[13.45007343145539,52.50771711402736],[13.452891664955597,52.514004036138346],[13.45355857693081,52.515630281685475]]]},"properties":{"BZR_ID":"024006","BZR_NAME":"Karl-Marx-Allee Süd","BEZ":"02","STAND":"01.01.2021","GROESSE_m2":2350782.277}},
{"type":"Feature","geometry":{"type":"Polygon","coordinates":[[[13.494429764964021,52.550784654020376],[13.495443362889274,52.55299972371349],[13.495673626567397,52.553865283732954],[13.495531794121778,52.555003340387074],[13.49490698335894,52.55608183275621],[13.491301093511314,52.55978514134594],[13.489972801223864,52.56048149023583],[13.486977588468104,52.561358934478015],[13.485397820586874,52.56155054077895],[13.485187787389357,52.56179867292079],[13.485321088362081,52.562274280735686],[13.485595616856543,52.5624182760407],[13.486068843286697,52.564153164522736],[13.483673268699093,52.56442665826556],[13.477834983908284,52.56510327570697],[13.475998918216701,52.5652591033108],[13.470903159669419,52.56581579071859],[13.464078061762349,52.56663010087949],[13.460785085350263,52.56706172978587],[13.457617994823133,52.56741089622977],[13.455779302788763,52.56736230042391],[13.454898802772728,52.56717802399314],[13.453546009507647,52.56655690619742],[13.450559761754063,52.56534639266737],[13.44912815842813,52.56462673911201],[13.44973973955787,52.564404931899396],[13.4511163438089,52.56367602795289],[13.456977408507873,52.56121172702031],[13.457323464451273,52.561021052762975],[13.466109778444824,52.55733562301419],[13.466990610559368,52.55733639448362],[13.467545889241533,52.556256804209525],[13.467830138051626,52.55507124268195],[13.467826555094913,52.55394415438952],[13.46731012498465,52.552965052797205],[13.466724867150813,52.55235523251285],[13.466144759825932,52.55195683519513],[13.466273214023513,52.55135419990099],[13.466606284603808,52.55079304724134],[13.466753418427144,52.550005448726424],[13.467363053613337,52.54832073417547],[13.468525964914763,52.54823046635427],[13.46954156352307,52.54777601001397],[13.469928927577966,52.54774187143762],[13.47813818765571,52.547594944051845],[13.479645442271151,52.547547070689],[13.480459527595679,52.548120483363064],[13.479765163263837,52.54910147873709],[13.479341966547691,52.5493029511353],[13.479747385685851,52.54962138523506],[13.480081860368053,52.549470065465364],[13.4816077370812,52.54947841945258],[13.482281567134441,52.549681832023666],[13.4856771233006,52.5521956878603],[13.486119860730208,52.55239749714753],[13.490350365694715,52.551694833099326],[13.494429764964021,52.550784654020376]]]},"properties":{"BZR_ID":"035010","BZR_NAME":"Weißensee Ost","BEZ":"03","STAND":"01.01.2021","GROESSE_m2":3709396.862}},
{"type":"Feature","geometry":{"type":"Polygon","coordinates":[[[13.505176104468829,52.59646285604881],[13.505065872890455,52.596634511330635],[13.498973505327566,52.605162106238495],[13.496661617590261,52.605027238404304],[13.496036942280957,52.60425049118634],[13.495070908328135,52.603435156984894],[13.494429856477284,52.602702068051954],[13.49378015307806,52.60227168620236],[13.488094716404872,52.600996810683085],[13.485449791691941,52.60051978248378],[13.483966005382037,52.60018277195855],[13.481639297688316,52.5995181270659],[13.481516383324339,52.59966123206854],[13.479267891735441,52.59903035076358],[13.478106604411138,52.59880809379589],[13.47625230115257,52.59855273380099],[13.474304953048366,52.59849535674697],[13.473373263321665,52.59854065740089],[13.470909543484872,52.59891595978753],[13.470234564704631,52.59908186322839],[13.468943418024223,52.60014793091019],[13.467199783617128,52.60148531765246],[13.466007046837632,52.60254627981134],[13.463986653498472,52.604113896273546],[13.46341830959506,52.604605013738635],[13.463098499542784,52.604632889339086],[13.460358415135728,52.606620165340544],[13.456972295617698,52.609174802230534],[13.45694281472281,52.60958106659791],[13.456268822116728,52.60993987539257],[13.452947549880234,52.61230671398353],[13.45228794094948,52.61186145402097],[13.451630582186958,52.61118785128909],[13.451350587093128,52.61072958440162],[13.450372016714628,52.60859332611408],[13.449731853397404,52.60808108975772],[13.449703172552583,52.60650555534029],[13.448876598312482,52.60417536935013],[13.448021971245945,52.60226894530676],[13.447512299613264,52.60125567064131],[13.44584204509733,52.59760048360024],[13.444896486627547,52.59582199459789],[13.444061967656253,52.59472029077207],[13.442853809460715,52.593425065431575],[13.441748476514118,52.592367398724974],[13.438165731411456,52.589045153735476],[13.436382107386986,52.58745212103386],[13.436160260712917,52.587400406448026],[13.435520836561698,52.58676245039806],[13.433922207394286,52.58533673501425],[13.431528471225013,52.583079701854096],[13.431251118682324,52.582724301674595],[13.431544574793815,52.58247527412465],[13.433623972476425,52.58231512449045],[13.433883412632534,52.58202985724468],[13.432895260313854,52.581129601113325],[13.433408668715614,52.580891940485465],[13.433074977590755,52.58058783861117],[13.43301779676152,52.58020716940034],[13.433460745642554,52.58001755871609],[13.433548575451304,52.57946997629065],[13.433904734753936,52.579256225833156],[13.433851423749472,52.5788103069077],[13.432241423406598,52.57773592498531],[13.429845986522603,52.576217005636884],[13.429826898049589,52.57555158325632],[13.429318152527696,52.57280611678574],[13.428933119088244,52.571287631048705],[13.428736025172089,52.57110658967963],[13.428450861931745,52.56959766296459],[13.428339253130977,52.56955005767836],[13.42720889411902,52.56494820286729],[13.427892408661968,52.56189138591043],[13.428004607696273,52.5618328071755],[13.42863753339435,52.55943681565449],[13.428550419447221,52.55942732459783],[13.429109918715858,52.55732530443399],[13.429365079322128,52.55670586687655],[13.429611361504488,52.55673055096155],[13.432960576525588,52.55793259644976],[13.434274690254398,52.55830582133759],[13.435607622999472,52.55879963337861],[13.43695712063953,52.55958690746219],[13.439500125902239,52.56066810370766],[13.442500186994137,52.562038528039196],[13.443932792680737,52.56260775863077],[13.445903242569017,52.563274159016814],[13.447969952343637,52.5640758343713],[13.447342956380858,52.5646804898622],[13.447416312394072,52.56490990306925],[13.44912815842813,52.56462673911201],[13.450559761754063,52.56534639266737],[13.453546009507647,52.56655690619742],[13.454898802772728,52.56717802399314],[13.455779302788763,52.56736230042391],[13.457617994823133,52.56741089622977],[13.460785085350263,52.56706172978587],[13.464078061762349,52.56663010087949],[13.470903159669419,52.56581579071859],[13.475998918216701,52.5652591033108],[13.477834983908284,52.56510327570697],[13.483673268699093,52.56442665826556],[13.484087001654503,52.56552334576699],[13.484154277905269,52.5660266552996],[13.483590181925022,52.5661193380645],[13.487588495068445,52.56921866285723],[13.482601034572799,52.57163500258048],[13.482795363462238,52.572631842080725],[13.482027042925523,52.572494358648264],[13.481054179230119,52.572618291026274],[13.479459407440643,52.572694058390944],[13.479791028444993,52.57451257370141],[13.480080939035986,52.57513811568071],[13.47991450177505,52.57541498457366],[13.479990404697404,52.57769487359173],[13.480204547442613,52.57791389865055],[13.479942766360438,52.57920119938784],[13.479735411999915,52.579603550036644],[13.47973086933851,52.58116718820016],[13.480009815148719,52.58224991942228],[13.480477023940502,52.583533377981006],[13.48161251098328,52.58331509854425],[13.481974641319162,52.58400206934282],[13.483565823563039,52.58407669156581],[13.484330404730455,52.58563809196143],[13.484646283983263,52.58561831810035],[13.485365409735984,52.58723134838213],[13.486003978301579,52.5880137194511],[13.486945253765397,52.58883900260755],[13.488404905792738,52.589784046620906],[13.488961215842325,52.59005024585699],[13.501821397604258,52.595122542858284],[13.505176104468829,52.59646285604881]]]},"properties":{"BZR_ID":"033005","BZR_NAME":"Blankenburg/Heinersdorf/Märchenland","BEZ":"03","STAND":"01.01.2021","GROESSE_m2":15614019.77}},
{"type":"Feature","geometry":{"type":"Polygon","coordinates":[[[13.337457221044371,52.49418904482059],[13.337343174233002,52.494785292338804],[13.337306861756737,52.49598554456991],[13.337820478384542,52.49739186081938],[13.338990200593763,52.49941736691288],[13.338923136942856,52.49991253999896],[13.336978304977839,52.5006909250476],[13.337144617120462,52.500907441409616],[13.341421041682793,52.5048676572742],[13.340367759487407,52.50511343259171],[13.339067545815293,52.505074228010514],[13.338637730121985,52.50591998874022],[13.337066209507318,52.50573642035733],[13.335564713514724,52.505831885883794],[13.334000839361797,52.506517982768415],[13.333749856908495,52.506721361996156],[13.334784122885354,52.50806273138368],[13.334872061153094,52.508460425299305],[13.334406060015588,52.508905096404355],[13.333899573256106,52.508844000233296],[13.333295104045417,52.50903696954655],[13.330852168386569,52.50615688929237],[13.330130020602391,52.505531595057704],[13.330552248149107,52.505508125628275],[13.3290705801914,52.504849105505194],[13.328346843894131,52.50468238137666],[13.326452215628896,52.504599131568675],[13.32125174487166,52.50488992959827],[13.319764500093362,52.504885810441486],[13.314593975678122,52.505180077182295],[13.312941824953082,52.50518828650507],[13.310572443972195,52.505260860009],[13.30802036826426,52.505259545201994],[13.306787065876982,52.50500726665233],[13.304068195489865,52.504358684120895],[13.304898022750724,52.50331392147126],[13.306326609754699,52.501656811867285],[13.306773008622676,52.501061672168454],[13.307358974659511,52.49985716175917],[13.306765574200071,52.49976547122205],[13.308244836439377,52.49547903973585],[13.308846108428751,52.49444495309635],[13.309579313178368,52.4937080111507],[13.310891121952826,52.49255636326156],[13.312241351356551,52.491563566436106],[13.313324303183386,52.490318759336276],[13.313660985909676,52.49004530744768],[13.315754786493246,52.49068515582577],[13.3218558143241,52.492758388337045],[13.325817880124571,52.49431117446176],[13.327054198813,52.49459845428507],[13.331714468815719,52.49509869368426],[13.332510989421454,52.49515656098802],[13.334282842854297,52.495005754278964],[13.335516596925919,52.494792648859374],[13.336903945792697,52.49442517160375],[13.337457221044371,52.49418904482059]]]},"properties":{"BZR_ID":"045010","BZR_NAME":"Lietzenburger Straße","BEZ":"04","STAND":"01.01.2021","GROESSE_m2":2903189.399}},
{"type":"Feature","geometry":{"type":"Polygon","coordinates":[[[13.58466380376101,52.44438149591107],[13.584872614197288,52.44420754461985],[13.583356307660397,52.4433848783916],[13.582682007011849,52.44281224547947],[13.582865790068274,52.442570657565895],[13.58571044297471,52.44147954671731],[13.5866458392646,52.441081964562514],[13.586858044131137,52.44091567207786],[13.592294359620105,52.438823871154966],[13.592709958283537,52.43860361198961],[13.601898322168006,52.435070724966806],[13.615185654528954,52.42998578539695],[13.615847857662882,52.429656557273944],[13.618259032899813,52.43038785356579],[13.619182587158253,52.43094079798731],[13.619915671810675,52.43150520526835],[13.620744380771386,52.4322893745686],[13.620511708210206,52.43359960138182],[13.620410565325857,52.43551450268142],[13.62082814728215,52.43686421434797],[13.620934507748835,52.43793377808926],[13.621593533588523,52.438822611581514],[13.62197278849456,52.43967987760508],[13.621896012823296,52.43993093626483],[13.622311446849624,52.441264963049655],[13.622595539356826,52.441657724445506],[13.624622891703728,52.443507643479784],[13.624896115099688,52.44366467398408],[13.62508837077642,52.4441775499939],[13.624852554015899,52.444382615578505],[13.622888811633365,52.44411613569818],[13.62240729211434,52.44387987353143],[13.622054684824379,52.44400376037315],[13.620858162623334,52.44411103673606],[13.62009435502869,52.443671513882],[13.618938539289674,52.443277631828146],[13.617702068578584,52.443165839658164],[13.617047479493042,52.44334364240011],[13.616169345463014,52.4438345249875],[13.615345266934009,52.444150323924596],[13.614799175738183,52.44454548218191],[13.612589840005253,52.44506847037722],[13.611708312253166,52.44553683886161],[13.610624944272576,52.44592384406316],[13.61005799438234,52.4462975798343],[13.609511096822244,52.446434241487204],[13.60873920799094,52.44684277461895],[13.607405948466903,52.44737739981449],[13.604227616786668,52.44798714281588],[13.602804030276149,52.4485897637797],[13.601646771902791,52.448965537567375],[13.598615863040932,52.44905259277579],[13.596423121135041,52.4494930390034],[13.594951401926206,52.44932268903958],[13.593018500887721,52.44900776239479],[13.591280707708773,52.44900362642304],[13.589262220170598,52.44894052556847],[13.58852439537112,52.448829566069016],[13.587743487151682,52.44857833178387],[13.58676116578446,52.44806282336644],[13.585380839824387,52.44694127473427],[13.58551777766675,52.44666284386294],[13.584555422863271,52.44611873037655],[13.583639239183258,52.446141431764175],[13.582835382612691,52.44593542903655],[13.582538933209968,52.44551742774978],[13.584174498453866,52.44481505469389],[13.58466380376101,52.44438149591107]]]},"properties":{"BZR_ID":"094014","BZR_NAME":"Allende-Viertel","BEZ":"09","STAND":"01.01.2021","GROESSE_m2":3443699.731}},
{"type":"Feature","geometry":{"type":"Polygon","coordinates":[[[13.389089670915387,52.39860680364369],[13.388418400696974,52.39852654993866],[13.388041667548862,52.399207815905186],[13.383855236017165,52.3983105283628],[13.38219976118903,52.398076828456794],[13.381613727517825,52.39380999402841],[13.380939678923529,52.39416453992998],[13.379998501501866,52.39155400195124],[13.379818710646761,52.39147355607474],[13.381298775922282,52.39052475729345],[13.382199530329084,52.390039100275054],[13.382089857877673,52.389817168901224],[13.382388807818119,52.38832032976484],[13.387300172237591,52.3885743617949],[13.387979560203657,52.38426211101689],[13.388225005762413,52.382130678245524],[13.38808497798074,52.38173212715142],[13.388240948986818,52.38102973391778],[13.388090131024864,52.379359947308764],[13.388431972606433,52.377862076546144],[13.395127044416785,52.37761012892771],[13.397118660211401,52.377583509105506],[13.400720057637008,52.37733383843795],[13.404722501345015,52.37694219594793],[13.407184810354376,52.37684874185647],[13.409888557345518,52.37658537679863],[13.41283471413626,52.376877844744584],[13.412642700905275,52.37641025579752],[13.42081296463081,52.37613989581558],[13.422031081996806,52.378016214086045],[13.427456694244594,52.385781617230094],[13.427417685208306,52.386434715467125],[13.426984226629285,52.3878435006469],[13.425830820176143,52.390583126610245],[13.423776997515086,52.39513625048745],[13.416656985627904,52.39475339012775],[13.416645855214957,52.394704652426064],[13.412453610123269,52.394480271338374],[13.410885111877656,52.3943656299562],[13.408123910432497,52.394020675278],[13.405024308354362,52.393903827852974],[13.403158665698987,52.39410439733276],[13.401800423116633,52.394487533605705],[13.39991114364534,52.39528635153195],[13.391827826496653,52.398759601717465],[13.391913144390681,52.39899222651644],[13.391183247151776,52.39901458804257],[13.389751371827085,52.39874364895892],[13.389524991165706,52.39869688509434],[13.389832227662172,52.39822899081929],[13.3894751920948,52.398132985490875],[13.389089670915387,52.39860680364369]]]},"properties":{"BZR_ID":"076015","BZR_NAME":"Lichtenrade Süd","BEZ":"07","STAND":"01.01.2021","GROESSE_m2":5708364.701}},
{"type":"Feature","geometry":{"type":"Polygon","coordinates":[[[13.498810730317272,52.576505777527025],[13.498371394230725,52.57616806514186],[13.498231061043947,52.57541534878768],[13.497950157567388,52.5752354112508],[13.494912352125986,52.57373587638053],[13.494674267209927,52.57369599582879],[13.49140471353558,52.57357823591536],[13.49180605655359,52.57278382512676],[13.490604047063034,52.57240869115768],[13.490133154972437,52.57201831699841],[13.489921533726394,52.571395021347634],[13.490021199480196,52.57080528490094],[13.49039731361163,52.570105671476185],[13.490753961775397,52.569715626064145],[13.49089267581646,52.56926411817784],[13.489604283593536,52.5682312306526],[13.487588495068445,52.56921866285723],[13.483590181925022,52.5661193380645],[13.484154277905269,52.5660266552996],[13.484087001654503,52.56552334576699],[13.483673268699093,52.56442665826556],[13.486068843286697,52.564153164522736],[13.494114976803008,52.56323159852661],[13.499395692578897,52.56256610275897],[13.50204554169073,52.561999969726216],[13.502151465615533,52.562036482394404],[13.50443475423572,52.561288491977116],[13.507459036569324,52.56043772886032],[13.511153350417676,52.55944286390689],[13.515765748023568,52.55816895500986],[13.519608929540931,52.557253238236065],[13.524230502328836,52.55603314239665],[13.524949477558424,52.55531412086836],[13.525493249882306,52.55543096188618],[13.526183689752328,52.55579816281974],[13.525484122422693,52.55612991618759],[13.524413421025669,52.55720548697807],[13.522906289504432,52.55843163101666],[13.520609815025088,52.56007258746269],[13.517652949115329,52.56232262714276],[13.515534568150992,52.56399447785137],[13.513218568371935,52.5660662591093],[13.512386728433162,52.56575984750101],[13.510865809912502,52.567001805182166],[13.508613539981138,52.56870700344929],[13.50631344958025,52.5706257187601],[13.504481611629831,52.572014494139516],[13.499722598132205,52.57583518878317],[13.498810730317272,52.576505777527025]]]},"properties":{"BZR_ID":"111003","BZR_NAME":"Neu-Hohenschönhausen Süd","BEZ":"11","STAND":"01.01.2021","GROESSE_m2":2339876.227}},
{"type":"Feature","geometry":{"type":"Polygon","coordinates":[[[13.709851972526534,52.39637412508584],[13.709476414894501,52.39684476454997],[13.708551941173303,52.39656730437128],[13.705891430474137,52.3964675558351],[13.704884712423551,52.396600618548284],[13.704031245647599,52.39696079176296],[13.703487590309289,52.39693010487087],[13.702212254553064,52.39771675241438],[13.701920964734253,52.39808796348337],[13.696624580609646,52.39566381430936],[13.695084830863038,52.39474326281106],[13.693331185327217,52.393919343786635],[13.690651758808318,52.3930971135831],[13.68635531431299,52.39212076554134],[13.683653518601915,52.39143594020405],[13.682576021077164,52.39108996597149],[13.681017380804414,52.390407952839226],[13.67984356824553,52.389699055052716],[13.679319053200972,52.38912666545513],[13.679048786455171,52.3882664910719],[13.6792038916765,52.387061914772275],[13.678810873362938,52.38666712508337],[13.67831697480203,52.386529489690375],[13.671886077564595,52.38512116101575],[13.671155419905393,52.38452179109194],[13.67118965563296,52.38436033830483],[13.67043982047926,52.383470788876465],[13.669544858208624,52.38215567568446],[13.667345364468776,52.38198344263564],[13.666845403357172,52.38167975268569],[13.665774862546936,52.3817618795621],[13.6574478944086,52.380521533987334],[13.656137334426715,52.38146002690989],[13.65531839165908,52.3815266859763],[13.654517248032755,52.381943466912546],[13.648904502551819,52.38541678056644],[13.648415211281343,52.3858394096571],[13.648328143827518,52.386154701520624],[13.646351528306553,52.39018858362077],[13.64518748985968,52.392489439462935],[13.64412384991128,52.39396723977859],[13.642722366083762,52.39547219746122],[13.642095152441815,52.395932309512354],[13.64119008685559,52.39635629944571],[13.639211864735035,52.396971012319185],[13.63312201603463,52.40076934831301],[13.630947172112874,52.39951032655953],[13.630308657151595,52.399600481834696],[13.629325721499946,52.400108767822616],[13.629067896820937,52.400691047420295],[13.625654430186003,52.40016870869351],[13.624965945275367,52.40098698404816],[13.621942742512129,52.39839899672786],[13.621451269039499,52.39871312108312],[13.620242087896798,52.39855074196931],[13.619832241529842,52.398108247748105],[13.62086178788708,52.397461493141726],[13.612494354529943,52.390294122403084],[13.609927425705518,52.38812312322934],[13.614527060477549,52.38613101472438],[13.612943348597215,52.38474475832066],[13.606397776686434,52.379117852721194],[13.60632603244098,52.37860610805944],[13.605469591861269,52.377973077869854],[13.606507940853454,52.37675465725991],[13.606808553245399,52.37602839748505],[13.60657998679328,52.37492479260615],[13.605819755941203,52.373623541130456],[13.607364592044314,52.37397807599277],[13.611144260392175,52.37530256853634],[13.620398348462217,52.37848322960806],[13.626636521644327,52.38070629956822],[13.628513730053667,52.381355843644855],[13.633223003045629,52.37624351656288],[13.642678496293371,52.37750902735146],[13.642819610129711,52.375088790311956],[13.642842787061918,52.372583374520644],[13.642534766112595,52.37143231173198],[13.642097751585586,52.37081029944554],[13.643538100729016,52.37046717329707],[13.646830708426242,52.37015634900967],[13.646742659440848,52.369586963937685],[13.646866137530193,52.36895337752412],[13.647264745841001,52.36801913387187],[13.647189974010741,52.36701656020772],[13.646944849962479,52.36607817389733],[13.646099031268303,52.3652745057377],[13.644736054132522,52.36480615585008],[13.643739362312072,52.364269077394574],[13.641144119867329,52.36309665309552],[13.640240977681193,52.36193333314369],[13.639085153594662,52.3609812176879],[13.638435421681017,52.35973517969526],[13.638465656396223,52.35916200695393],[13.638719040967773,52.35875290248116],[13.638301763619225,52.357748226444116],[13.638093477414822,52.35657125255766],[13.637793151939118,52.3482134042125],[13.636701036787473,52.34814366918733],[13.636318471449155,52.34681663183064],[13.636824526992298,52.34522772544766],[13.637167184656974,52.34473099273837],[13.638703829035054,52.343193207939954],[13.640858442099587,52.34188350585817],[13.642817129366387,52.33994121289076],[13.644495593905972,52.33991598637177],[13.645507923571627,52.338785029739746],[13.647440671315108,52.33827227668771],[13.64884858668272,52.3383396007212],[13.650944728488279,52.33894588947922],[13.65169460487009,52.33946696797576],[13.651153620969199,52.34260490512218],[13.652300727170978,52.34385112923426],[13.652763051001841,52.34478367708261],[13.653630632614407,52.345896401201024],[13.655576528375818,52.34721862157769],[13.656113567279055,52.34781377116448],[13.656009232284958,52.348476663334374],[13.656772221516398,52.34961365382379],[13.656818506616142,52.35057721105042],[13.657086313500583,52.35161438729725],[13.65750712937408,52.35191075806566],[13.658984302104372,52.35235915696178],[13.658966728986945,52.35280921986369],[13.659571162160956,52.35330818517381],[13.662023003267306,52.35421423767788],[13.661947353340558,52.35451271056957],[13.662685919750169,52.355081798027086],[13.66238349253478,52.35570216366108],[13.663004283527966,52.35689406398376],[13.664168381652058,52.35778007052312],[13.664905367047211,52.35812663358406],[13.666202282030262,52.35808926731633],[13.665750231809517,52.359626421304625],[13.666163343863948,52.3605194794106],[13.666344566046462,52.36159243659532],[13.666636701789066,52.362280273776385],[13.667175636837309,52.36297261139531],[13.668477562585702,52.36420981558728],[13.668907648643973,52.364472972959895],[13.669900377465769,52.36469404662575],[13.670416681302742,52.365287707456154],[13.670918832138707,52.366243256744724],[13.671818568019624,52.366784912404036],[13.674418282105256,52.367346461117755],[13.675420492152533,52.367680808960294],[13.677417121676811,52.36857199089573],[13.678406057159036,52.369190837571935],[13.679208722951547,52.36944525682313],[13.680118518608621,52.369420950446084],[13.682151330058016,52.36963974024199],[13.682829915207243,52.369508664653985],[13.684753356723053,52.36881611316431],[13.68668456677292,52.36773629388309],[13.687221456224167,52.367302042462946],[13.688917573480849,52.367412508982135],[13.689529542409225,52.36766093897399],[13.689263186058236,52.36784558191735],[13.690542841288318,52.36775450222841],[13.692017451692788,52.36718590644475],[13.691276626727602,52.36777754710353],[13.692015912742242,52.36793611552823],[13.693083157832088,52.36797793547596],[13.692678623875839,52.368821841411304],[13.693224782840625,52.36951324708119],[13.694553661257801,52.37029478451412],[13.695090479487328,52.37070265528479],[13.696220545562749,52.37190720639692],[13.697042461325593,52.37254432712628],[13.697385849635396,52.373064005913896],[13.697970637914326,52.3734117117992],[13.698714812300247,52.374155091411495],[13.699216468717383,52.3749125471995],[13.699956605493362,52.375589871450835],[13.700619767701939,52.37719260311112],[13.700405750972088,52.3775066419941],[13.69942248911564,52.377513546614914],[13.699292717260784,52.37773611939704],[13.697209392522113,52.377437715724426],[13.698108325005313,52.37991423077934],[13.698809725905575,52.381123228885016],[13.698834632501033,52.38150094372356],[13.69831986997941,52.38148707559856],[13.695165344800964,52.380954891939176],[13.69427437490225,52.381284568694454],[13.689721297622802,52.38325431437519],[13.68791478761152,52.38295342194357],[13.68731113249711,52.383322927988836],[13.687060844699538,52.38387963793782],[13.686179313109111,52.383862613110246],[13.686122053795382,52.383990250764526],[13.686831147484648,52.38530446533838],[13.687593064022376,52.38516957627654],[13.688024817775336,52.38607249540564],[13.688694380716594,52.385418298772954],[13.688871032200504,52.385032972686766],[13.689755321931086,52.38519983335029],[13.6906055499003,52.385497551116046],[13.692989292175435,52.387056606930244],[13.693468796380538,52.38747044867455],[13.69415941905693,52.38785628561332],[13.695418058695422,52.38888151449236],[13.69596840640592,52.38898375497559],[13.696823709091412,52.38968828795313],[13.69734257923358,52.38992173950049],[13.697496126596988,52.390555387659845],[13.697864279797399,52.39096245442474],[13.69765298626823,52.39112208945575],[13.698269039003732,52.39177136899766],[13.69901383309827,52.39191247338008],[13.698419421494497,52.39113908229016],[13.69839621784433,52.39074892525715],[13.698699622149853,52.39059620111349],[13.70015030107378,52.39114523697064],[13.701840516417803,52.39303402808882],[13.702591939782218,52.393383655531174],[13.703293136558834,52.39326465872204],[13.70448535076138,52.393538298329496],[13.705452836280147,52.394076603550694],[13.706555559448994,52.395119504456076],[13.70725606622163,52.39522383834811],[13.707940992621907,52.39512504539782],[13.709249790176788,52.395688816463434],[13.709851972526534,52.39637412508584]]]},"properties":{"BZR_ID":"093012","BZR_NAME":"Schmöckwitz","BEZ":"09","STAND":"01.01.2021","GROESSE_m2":17119751.12}},
{"type":"Feature","geometry":{"type":"Polygon","coordinates":[[[13.572974330723106,52.42808748061347],[13.571268607108523,52.42786014468963],[13.564957194316596,52.427078444125456],[13.563420213059528,52.42679489440606],[13.561601342813796,52.426563370129976],[13.56101684254047,52.42657039158785],[13.556112973366874,52.42597093651034],[13.554451376864344,52.42583402790624],[13.554271361981257,52.42575739900456],[13.555366153747032,52.42482449243322],[13.555847256896937,52.42462524847602],[13.558220591109384,52.422921246244705],[13.562470782386724,52.419913998712],[13.56600870642864,52.41736104570682],[13.568667000194791,52.41573418013306],[13.57065280655435,52.414517623170376],[13.572620268520659,52.41306934639041],[13.573162254113614,52.41187211514231],[13.573533707908275,52.411475786422194],[13.574885139016285,52.409327987877504],[13.577506207834592,52.40897067667734],[13.578651536997304,52.40814806197519],[13.580691233407393,52.40693702081982],[13.581631225869826,52.40622429091078],[13.581928919154745,52.40637384996055],[13.582755738134477,52.40579972595932],[13.584428526610017,52.40483004530354],[13.586826861671694,52.40352645884085],[13.584300263585328,52.40133256810833],[13.58465095170469,52.40083552604208],[13.58529915615918,52.40040054880673],[13.585670700358163,52.39994388036883],[13.586408637834138,52.39933950955834],[13.587635315525295,52.399396475977625],[13.58864067974087,52.39954912234775],[13.589302597116262,52.39881372556885],[13.590347056113737,52.3971723021165],[13.591041041351918,52.39719489027572],[13.592993840457908,52.3969048319507],[13.593118300657776,52.39672838971366],[13.5929921391053,52.39608089068713],[13.593257197282671,52.39561322068277],[13.592676212598885,52.39437857766776],[13.59269519241769,52.39381295225306],[13.594090777988328,52.3925512497688],[13.594231095905084,52.39211759028925],[13.593991733882222,52.39163397390781],[13.593676088084614,52.3899595020122],[13.594046283117127,52.38952955762271],[13.594315354419939,52.38892007194214],[13.59501863488454,52.388943485202994],[13.59520346817167,52.38874415684837],[13.595249198192377,52.38815964374343],[13.594906683797339,52.38755536565907],[13.594965325862123,52.38720985335528],[13.596119884526829,52.38598466906661],[13.597155786643926,52.38573595910564],[13.59897865664492,52.38540593283828],[13.599383124480495,52.38540511638619],[13.600474472174016,52.384317108563216],[13.601383202606078,52.38393844559258],[13.603003259724666,52.38284117863461],[13.603194231733177,52.38238580934342],[13.603718439337548,52.38166585046182],[13.604859157478362,52.380944213648824],[13.605432694610792,52.38037648160884],[13.606397776686434,52.379117852721194],[13.612943348597215,52.38474475832066],[13.614527060477549,52.38613101472438],[13.609927425705518,52.38812312322934],[13.612494354529943,52.390294122403084],[13.62086178788708,52.397461493141726],[13.619832241529842,52.398108247748105],[13.620242087896798,52.39855074196931],[13.621451269039499,52.39871312108312],[13.621942742512129,52.39839899672786],[13.624965945275367,52.40098698404816],[13.625654430186003,52.40016870869351],[13.629067896820937,52.400691047420295],[13.629325721499946,52.400108767822616],[13.630308657151595,52.399600481834696],[13.630947172112874,52.39951032655953],[13.63312201603463,52.40076934831301],[13.631396081319895,52.401840354282335],[13.628158422805502,52.40385768965998],[13.627702567560904,52.40429302921871],[13.627385652759045,52.404895064116495],[13.627245260737444,52.40551826305661],[13.626736385447005,52.4069811123125],[13.626208203462152,52.40780941135286],[13.625570634585351,52.40838374443553],[13.62434780513369,52.40904701898118],[13.623035210311548,52.40924441007745],[13.614765229603387,52.408703986937006],[13.61385006453943,52.40878191072295],[13.605499580114126,52.4110547995767],[13.60189311415501,52.41270384247073],[13.600316425123406,52.41320080160774],[13.5982340856094,52.41325274110886],[13.596028396004883,52.413071282857594],[13.59489807185255,52.41288728501232],[13.592998572218836,52.412445963138794],[13.591294223003466,52.41242714946038],[13.589704682553279,52.41270496400451],[13.588470809858727,52.4130868587859],[13.586814507133276,52.41385849654754],[13.585766553875342,52.414532555096834],[13.58490454315867,52.41547812940755],[13.584591304089171,52.41616815370817],[13.584597252297197,52.41724744404795],[13.584835245029216,52.4181476957026],[13.584828740653894,52.419251400055366],[13.58426900191363,52.420338617475714],[13.582393100914837,52.42198119421732],[13.582027251172933,52.422691574602034],[13.581907297998018,52.424208628089666],[13.58157274089696,52.42509332237595],[13.581062329168741,52.42574065550518],[13.57979370668534,52.42673002514828],[13.578382925390468,52.42743476993903],[13.576472934914412,52.42802964245769],[13.575843139575305,52.42837725701702],[13.572974330723106,52.42808748061347]]]},"properties":{"BZR_ID":"093011","BZR_NAME":"Grünau","BEZ":"09","STAND":"01.01.2021","GROESSE_m2":9172773.623}},
{"type":"Feature","geometry":{"type":"Polygon","coordinates":[[[13.631396081319895,52.401840354282335],[13.63312201603463,52.40076934831301],[13.639211864735035,52.396971012319185],[13.64119008685559,52.39635629944571],[13.642095152441815,52.395932309512354],[13.642722366083762,52.39547219746122],[13.64412384991128,52.39396723977859],[13.64518748985968,52.392489439462935],[13.646351528306553,52.39018858362077],[13.648328143827518,52.386154701520624],[13.648415211281343,52.3858394096571],[13.648904502551819,52.38541678056644],[13.654517248032755,52.381943466912546],[13.65531839165908,52.3815266859763],[13.656137334426715,52.38146002690989],[13.6574478944086,52.380521533987334],[13.665774862546936,52.3817618795621],[13.666845403357172,52.38167975268569],[13.667345364468776,52.38198344263564],[13.669544858208624,52.38215567568446],[13.67043982047926,52.383470788876465],[13.67118965563296,52.38436033830483],[13.671155419905393,52.38452179109194],[13.671886077564595,52.38512116101575],[13.67831697480203,52.386529489690375],[13.678810873362938,52.38666712508337],[13.6792038916765,52.387061914772275],[13.679048786455171,52.3882664910719],[13.679319053200972,52.38912666545513],[13.67984356824553,52.389699055052716],[13.681017380804414,52.390407952839226],[13.682576021077164,52.39108996597149],[13.683653518601915,52.39143594020405],[13.68635531431299,52.39212076554134],[13.690651758808318,52.3930971135831],[13.693331185327217,52.393919343786635],[13.695084830863038,52.39474326281106],[13.696624580609646,52.39566381430936],[13.701920964734253,52.39808796348337],[13.702212254553064,52.39771675241438],[13.703487590309289,52.39693010487087],[13.704031245647599,52.39696079176296],[13.704884712423551,52.396600618548284],[13.705891430474137,52.3964675558351],[13.708551941173303,52.39656730437128],[13.709476414894501,52.39684476454997],[13.709851972526534,52.39637412508584],[13.71017946799176,52.39619358285151],[13.710816893974869,52.3966118987049],[13.71136535239476,52.39713661982848],[13.712544112074806,52.39774696559255],[13.713593657596865,52.397996633864004],[13.714127332038935,52.39883238379159],[13.71514527981844,52.399245005469446],[13.715869821608113,52.3996938834041],[13.716977499373092,52.39963877616532],[13.717566606535291,52.398926632540174],[13.71878440969466,52.398761530444915],[13.719842826221832,52.39906932039974],[13.722535438735868,52.39827214911243],[13.723384404168511,52.39833954612532],[13.723678689175674,52.39854850810314],[13.72464208279821,52.39884751471656],[13.725443660393962,52.39970445306653],[13.725792205206787,52.399531701108415],[13.727067971648387,52.399825477199585],[13.727320888026636,52.40018014967496],[13.728860105947497,52.39977011990709],[13.72893290104752,52.40005475467256],[13.729467550543296,52.40018747206011],[13.729790280702526,52.39972167794451],[13.730291296960662,52.399668574745654],[13.731137450382633,52.40000591857974],[13.732514869091684,52.40094371129842],[13.73316924896863,52.40124579848612],[13.734269805880356,52.402134929045246],[13.734163577798155,52.403343112604965],[13.734888076496865,52.40501720546428],[13.73540382841348,52.405857618411616],[13.73536064948322,52.40598364939356],[13.73797522376294,52.40671831079842],[13.739034660770729,52.4073356201636],[13.737910974433268,52.40846808820289],[13.737277414787313,52.409559685505094],[13.73584691051533,52.410298624898196],[13.734960297877741,52.41041148877637],[13.734496828932325,52.41069585518281],[13.733928178001806,52.411786052550006],[13.733347953392773,52.41248278081513],[13.731957160692255,52.41381278221052],[13.731060786201898,52.41452309167664],[13.730255808783962,52.41535019662488],[13.72991082144783,52.415838535106424],[13.729806026050628,52.4163445760614],[13.730448485235955,52.41778768935936],[13.731353340684635,52.41910018092473],[13.731423646218941,52.41982203072861],[13.730809751452965,52.41959939137817],[13.730276537679034,52.41981637021004],[13.72992095756945,52.419173784899165],[13.730074518355607,52.418293204273084],[13.729792742444697,52.4179565526401],[13.728684491726373,52.41749987066991],[13.72811534010264,52.417426596200286],[13.727192935569613,52.416997640173136],[13.726805467663175,52.416653499602305],[13.726592494965152,52.41683987576347],[13.725170519740006,52.41636236310816],[13.723523897845345,52.41723774453029],[13.723142226017012,52.41771928388582],[13.722545692060429,52.41803397634562],[13.721286976432754,52.418360719257954],[13.720732249034736,52.41868531320207],[13.720506046753403,52.41899650357218],[13.72039953117721,52.41979209633553],[13.719996592103678,52.42101002775269],[13.719785740633684,52.42131713919579],[13.71768464152463,52.422755172990314],[13.715573924897207,52.424815315401],[13.714974707906805,52.4252373009599],[13.713939473234941,52.42562817143373],[13.712531976165351,52.42575446001932],[13.710972287162294,52.42560215341755],[13.708904921714739,52.42556026607061],[13.707560321503449,52.425647622394486],[13.706485402231626,52.42579185945537],[13.705608129712072,52.42601692098968],[13.704112061969468,52.42617810338341],[13.702587699932495,52.42612542267344],[13.702082360114689,52.42618011544785],[13.700848421407773,52.42687954162942],[13.699443636637612,52.42781038964973],[13.698536288547134,52.42852956737958],[13.69800625304443,52.42882222973969],[13.696879645731052,52.42924407890054],[13.694571346987846,52.42961017001402],[13.692141701895277,52.42987552461691],[13.690254584177904,52.429899590482336],[13.68902022909273,52.42956223856283],[13.68700043862745,52.42892844533039],[13.685455154796772,52.42876067766348],[13.683280784073311,52.42897032564432],[13.681873328903155,52.42928902693165],[13.68080159754865,52.42907432936583],[13.679897917193564,52.42901973843894],[13.67915453586934,52.42913820828131],[13.676990455072803,52.428367318007346],[13.675865276311276,52.42839158529795],[13.674474966265713,52.428624605965844],[13.672703492226077,52.4292804007358],[13.67229690119984,52.429539054811045],[13.671818637603092,52.42860906543874],[13.671533970525864,52.42841928782034],[13.671303624661444,52.42726159096907],[13.67012957060617,52.42649654353533],[13.668072548682614,52.42573057656709],[13.667009814958128,52.42464884124763],[13.665149482596098,52.42346585567422],[13.663737698612898,52.422687665555095],[13.662957409479564,52.421879639667246],[13.66275649251907,52.42042703906857],[13.662304999093642,52.41926439282484],[13.661288258650023,52.41831237778173],[13.65937238029738,52.4182093719645],[13.656919030327318,52.41824475990646],[13.655016977072638,52.417437543361835],[13.653114100622883,52.41645982690365],[13.65287967220968,52.41601197775623],[13.650835626626415,52.41672904701351],[13.647984260940978,52.41669885554343],[13.645033750229487,52.41103176882856],[13.64460231271009,52.409888656023185],[13.645003242295399,52.40995245772323],[13.647339480434544,52.408998837323864],[13.646636714695058,52.408166951177975],[13.646128581385593,52.40784816598413],[13.645273741190346,52.406863732966876],[13.644332892443636,52.40619486144885],[13.641480549017503,52.404801420924784],[13.639192354229,52.40445787300301],[13.636995932998202,52.4039499855649],[13.63520197156545,52.40333414618029],[13.631396081319895,52.401840354282335]]]},"properties":{"BZR_ID":"094016","BZR_NAME":"Müggelheim","BEZ":"09","STAND":"01.01.2021","GROESSE_m2":22214559.98}},
{"type":"Feature","geometry":{"type":"Polygon","coordinates":[[[13.22804266864666,52.56337869394361],[13.228287613378845,52.562949424380136],[13.228232276555499,52.5623148772509],[13.22783794156458,52.56189013634014],[13.226227497515955,52.56111921310603],[13.225571833008424,52.56072854493196],[13.224763324401186,52.56008424017597],[13.2243721326788,52.559631562679364],[13.222963471921634,52.55724510058717],[13.22222363256067,52.5556652546999],[13.222000692407505,52.55476481462362],[13.221936816991239,52.554057485678015],[13.222843156045792,52.5488016656333],[13.22261006805918,52.548056819555455],[13.2216620558785,52.5465628987107],[13.221159246756246,52.545966946334424],[13.220364954683575,52.54539024703536],[13.218592590315321,52.54456521362438],[13.217123242935983,52.544061390370096],[13.21508114497355,52.543564107100536],[13.211095442447625,52.543784995113384],[13.21030644909383,52.543294281594484],[13.208992602536135,52.54287807991835],[13.208665585587216,52.54255158485364],[13.208479774321527,52.54191772900376],[13.208604294767992,52.54124493600872],[13.209299606295046,52.53968276877399],[13.209513267433914,52.538841712137504],[13.209175186980666,52.53763339339048],[13.208221286334927,52.536469293945345],[13.208625925824025,52.536163620340595],[13.210227806233574,52.536386367294604],[13.21159462362246,52.536304695937105],[13.213308323990482,52.53586495959877],[13.215452854800086,52.53505285540826],[13.21658912001497,52.53473418062324],[13.218195822089148,52.53437847705875],[13.220393472877598,52.53402028867261],[13.222218186632048,52.533828833652436],[13.224655994375018,52.53379220750186],[13.22711211492288,52.53384815469245],[13.231658250251725,52.53407359763737],[13.231811820282603,52.534326737439294],[13.236367051293067,52.53528201525691],[13.238144100922701,52.53562516583754],[13.240154699539179,52.53615623607261],[13.2415380332384,52.5368169123881],[13.242156758441915,52.536975718599514],[13.24296660777183,52.536810941600585],[13.243656143095237,52.53651172589395],[13.244538275693,52.53585717061844],[13.245790827504264,52.53688076587959],[13.246090850980753,52.53748152904488],[13.245034374705302,52.538094542532235],[13.24787982828161,52.537924322810554],[13.248070961403354,52.53918570803596],[13.248034331434287,52.539778244823815],[13.247234940368784,52.543259677355735],[13.24736246316472,52.54419023283192],[13.247912218178678,52.54490815734973],[13.248206294291581,52.54552364337231],[13.248172586910101,52.54654333250692],[13.247922467485793,52.54759298658183],[13.247311870965001,52.54745839268629],[13.243493091591779,52.54712921079733],[13.239444971469027,52.54687654283225],[13.238177781313748,52.54702261215591],[13.23736090980263,52.547349715247854],[13.236473909123232,52.548103903023524],[13.236203728797406,52.54865978752177],[13.236265858962092,52.549564439339385],[13.236904384267609,52.55116054382929],[13.23833726875898,52.55493636888584],[13.238393041355446,52.555493548267954],[13.23829880870412,52.55648140388864],[13.238073434694238,52.556569975424104],[13.238070061063942,52.55751598942523],[13.233155591992677,52.559977698208385],[13.232014989949699,52.56063827217917],[13.230915456345377,52.56148400275151],[13.230729107662947,52.561397743115506],[13.228327502884978,52.56309819664033],[13.22804266864666,52.56337869394361]]]},"properties":{"BZR_ID":"053007","BZR_NAME":"Haselhorst","BEZ":"05","STAND":"01.01.2021","GROESSE_m2":4693583.382}},
{"type":"Feature","geometry":{"type":"Polygon","coordinates":[[[13.406395248988494,52.482770463629336],[13.403439179377742,52.483394937620645],[13.400228846554745,52.483905326896235],[13.394638666450668,52.484027837325506],[13.394240009299724,52.48410472207],[13.39425345531404,52.485771490565384],[13.38629095211159,52.48582647726413],[13.386268522660195,52.48486360748612],[13.37156940364628,52.48495054799338],[13.371489187080515,52.48487066319983],[13.367430358968178,52.47803903913538],[13.366717129326869,52.47676371289391],[13.36653714138696,52.47563918341602],[13.366584910438064,52.474482616503856],[13.36738784323473,52.4734785091327],[13.368356085200414,52.4727919883728],[13.369809570345188,52.47221928769349],[13.371083602827703,52.47203400904524],[13.370996903515406,52.47115518681648],[13.374202079154992,52.47066588757568],[13.377537528751496,52.470192441061116],[13.380475827990104,52.47014989426316],[13.385259967974209,52.470116620001185],[13.38534645852333,52.47043612367418],[13.385907030624747,52.470323068914446],[13.38597542999232,52.47009138317658],[13.387017718882701,52.47000821902514],[13.389108608894503,52.46957154927427],[13.39075074656338,52.4691179573654],[13.392286009203243,52.46858442429519],[13.395406522937758,52.46722019919095],[13.396742597804614,52.466682179885474],[13.398994654550481,52.46595860863996],[13.400748278079815,52.46549226296953],[13.401502860025614,52.46522641801541],[13.404257415424972,52.46481555138717],[13.406372812419947,52.464721021827955],[13.40639083046498,52.4646191432451],[13.410737431206739,52.46498565902411],[13.413105416629442,52.46515308684242],[13.412399389713975,52.464439803581676],[13.412879833114426,52.46448520153393],[13.413536621213431,52.46486907865181],[13.414722824465972,52.465198325377024],[13.416879620678994,52.465396419364616],[13.415780402142497,52.4703103115177],[13.413488212027696,52.47870849042938],[13.410938544619976,52.47790253953622],[13.41088482186907,52.47772369478403],[13.406890066547412,52.47817465690155],[13.406622925219468,52.47823356485416],[13.4068021562177,52.47886223759217],[13.406239624321463,52.480157418611846],[13.406063269031035,52.4809859205016],[13.406395248988494,52.482770463629336]]]},"properties":{"BZR_ID":"074007","BZR_NAME":"Tempelhof Nord","BEZ":"07","STAND":"01.01.2021","GROESSE_m2":5465569.653}},
{"type":"Feature","geometry":{"type":"Polygon","coordinates":[[[13.345288296846594,52.489266941329014],[13.345351704207852,52.48604782680861],[13.345314167713141,52.48494427267909],[13.345705283715398,52.484182696490585],[13.345958168537338,52.48399862290082],[13.346884261716701,52.48278528873672],[13.348228103883836,52.48202621694207],[13.348815038928963,52.48180445315746],[13.352121078251207,52.48037379193924],[13.352714332442364,52.48007202156951],[13.353193745045012,52.47986018455672],[13.354370452488158,52.47895085671374],[13.357665920222713,52.47663248368854],[13.360267629623115,52.47537036221915],[13.361412914390993,52.4748806512786],[13.363136709117672,52.47448676267518],[13.363922782253669,52.47416830092154],[13.365340239192058,52.4734942933623],[13.365376306325254,52.47372687201471],[13.365912411001721,52.47382172809122],[13.366847659986028,52.47284647972788],[13.367947180390809,52.47214457479565],[13.369284076231933,52.47139550645507],[13.370373435903531,52.471136132357884],[13.370996903515406,52.47115518681648],[13.371083602827703,52.47203400904524],[13.369809570345188,52.47221928769349],[13.368356085200414,52.4727919883728],[13.36738784323473,52.4734785091327],[13.366584910438064,52.474482616503856],[13.36653714138696,52.47563918341602],[13.366717129326869,52.47676371289391],[13.367430358968178,52.47803903913538],[13.371489187080515,52.48487066319983],[13.37156940364628,52.48495054799338],[13.37164297824386,52.48518355050643],[13.374020982529668,52.48516968763075],[13.374163640323303,52.4877110448074],[13.373502307068488,52.48774584824614],[13.373133490009018,52.48780562965365],[13.370538689231296,52.487939686056556],[13.368450796985096,52.48818542510481],[13.364162051284826,52.4881932676439],[13.363872802266062,52.488225925719554],[13.362498424556678,52.48894271119022],[13.360557337727306,52.4901336932381],[13.360846372161937,52.49064073578036],[13.36014168931465,52.4907643171265],[13.356504218926412,52.490304199895334],[13.3461562952433,52.489265602112006],[13.345288296846594,52.489266941329014]]]},"properties":{"BZR_ID":"072004","BZR_NAME":"Schöneberg Südost","BEZ":"07","STAND":"01.01.2021","GROESSE_m2":2208076.996}},
{"type":"Feature","geometry":{"type":"Polygon","coordinates":[[[13.482955978077175,52.48604632023139],[13.482286692736235,52.485857833806044],[13.481825891919511,52.485956963037886],[13.481330895231062,52.48547108181884],[13.479527526499822,52.484658189114306],[13.473891489689796,52.48198016209192],[13.472967207616758,52.48156217148655],[13.471749785530605,52.48242781421893],[13.461206402752579,52.48953874223767],[13.45931747733054,52.49077399072408],[13.459070765763967,52.49055228603029],[13.458731337878438,52.489802965079896],[13.458655489274024,52.48917724292965],[13.457404869745549,52.48842712802176],[13.457899126037024,52.48816932516544],[13.457709213773972,52.48805864204711],[13.458055910555732,52.4877236436225],[13.458565531975214,52.48624956502747],[13.458134819344506,52.485819816916056],[13.458560508285016,52.48551793359915],[13.461181082043232,52.48370122639672],[13.461159336860721,52.48353647019023],[13.470573282922233,52.47690629287236],[13.470383322637783,52.47602140962694],[13.469978542156726,52.474836889658455],[13.469607154225622,52.47399417249883],[13.469618310567634,52.47366967673297],[13.470128754647735,52.47292851175493],[13.470978151106515,52.47203286376872],[13.472653629355722,52.47042418068168],[13.479146922619396,52.471297311305925],[13.47947282714674,52.47106633149699],[13.480859377898835,52.47124435071011],[13.48276635342571,52.47108721792117],[13.48415519347411,52.47108890438299],[13.483902331488311,52.47158954863017],[13.484715957351268,52.472019398096634],[13.484829443189705,52.471952978525934],[13.485844926796121,52.472527787894144],[13.4837706443451,52.4739145359424],[13.487563544822654,52.475709766346625],[13.492485541210508,52.470219205906496],[13.495025635794708,52.47233082902044],[13.494835583467996,52.47278571256348],[13.494506625787983,52.474337945435956],[13.494480153772384,52.475189373683776],[13.494957684960509,52.47660217793858],[13.495504938379785,52.477856195018134],[13.495609372045042,52.478771631622514],[13.494922927237154,52.48132632052291],[13.494179007378504,52.48312081094739],[13.493619906341747,52.4844487147116],[13.492741382319245,52.485817168637645],[13.491217265560392,52.48713607901964],[13.490709081950332,52.487443688573784],[13.488503832909975,52.48783601524658],[13.487554236640543,52.48778944273878],[13.485946126212555,52.48740258669762],[13.482955978077175,52.48604632023139]]]},"properties":{"BZR_ID":"091002","BZR_NAME":"Plänterwald","BEZ":"09","STAND":"01.01.2021","GROESSE_m2":2999070.933}},
{"type":"Feature","geometry":{"type":"Polygon","coordinates":[[[13.484203329554386,52.440056554032566],[13.488763062957302,52.442916809587885],[13.48984167246534,52.443897849934494],[13.490722759699631,52.443531240051136],[13.492896743868751,52.44548242859352],[13.493238499111456,52.445279341754336],[13.497323723936981,52.448568801920935],[13.491559998239786,52.45022775665266],[13.490279171878232,52.4506437742801],[13.488530799069967,52.45138609514072],[13.486409509950837,52.451927082138944],[13.485430507826345,52.45206783646679],[13.483336486119962,52.45209698141205],[13.482396485166968,52.452219864996536],[13.481340250145196,52.45264620289362],[13.479244004150626,52.45413634668672],[13.479246569953723,52.454269897146155],[13.475630638181242,52.45623300153217],[13.476982279148839,52.45712339554562],[13.478831405089984,52.4585585409253],[13.47889733331641,52.45873523623569],[13.482050969104375,52.45877395763875],[13.48418458909533,52.45909445045318],[13.485567862748844,52.4594283246108],[13.486348479799357,52.45975836872346],[13.487557321957542,52.45936829663789],[13.492146445327364,52.45816769853669],[13.496874872950608,52.45820992666064],[13.497473787582857,52.45835167473892],[13.50051148319962,52.46022093163145],[13.498899133685274,52.46134653039924],[13.498317605823694,52.46181756147138],[13.496916375336019,52.462700727050326],[13.493576357385423,52.464500678789804],[13.495620027292027,52.46660822346136],[13.497846573579613,52.468998315263946],[13.498568562413972,52.469154054396654],[13.499028574953996,52.46899692154362],[13.498446239987489,52.46965391347277],[13.49752451940432,52.47017207701326],[13.496475492296264,52.47049822109606],[13.495889592786536,52.471194562965294],[13.495824580196999,52.471562305619585],[13.495518395612976,52.471470065537204],[13.495025635794708,52.47233082902044],[13.492485541210508,52.470219205906496],[13.487563544822654,52.475709766346625],[13.4837706443451,52.4739145359424],[13.485844926796121,52.472527787894144],[13.484829443189705,52.471952978525934],[13.484715957351268,52.472019398096634],[13.483902331488311,52.47158954863017],[13.48415519347411,52.47108890438299],[13.48276635342571,52.47108721792117],[13.480859377898835,52.47124435071011],[13.47947282714674,52.47106633149699],[13.479146922619396,52.471297311305925],[13.472653629355722,52.47042418068168],[13.4750390509558,52.46812546698079],[13.476351025756076,52.467130521704775],[13.478339123924997,52.46523093293935],[13.478479137897597,52.464986675901656],[13.478549315731286,52.46398125417279],[13.477197440231166,52.46199287939476],[13.4757979900183,52.46091315963854],[13.474979938761406,52.45947272789304],[13.474969722103877,52.45876447725033],[13.47179155716301,52.45885785935198],[13.45733881010163,52.45923633265923],[13.4569804851722,52.45910812045043],[13.457545217067144,52.45827865938728],[13.459014243793142,52.45647156644432],[13.461406458842392,52.4529099356319],[13.461707522012217,52.45264642109209],[13.462859043291369,52.451122721302305],[13.464729474308687,52.44962839618328],[13.466141590661914,52.44882943039807],[13.476119060584953,52.4439957142563],[13.476676250387133,52.44383520067822],[13.478160840024838,52.4431040279432],[13.478685459269172,52.44273740556575],[13.484203329554386,52.440056554032566]]]},"properties":{"BZR_ID":"091003","BZR_NAME":"Baumschulenweg","BEZ":"09","STAND":"01.01.2021","GROESSE_m2":4833401.981}},
{"type":"Feature","geometry":{"type":"Polygon","coordinates":[[[13.596348745127537,52.534187311614815],[13.594838700862962,52.53377490189322],[13.593810359513455,52.53335406342442],[13.592847432011142,52.53274767104182],[13.591593768309153,52.533410440163365],[13.59119657342699,52.53378179989282],[13.590425318278294,52.53387613737099],[13.590288620750004,52.533471341689456],[13.589550262995306,52.53357208916087],[13.589627202249217,52.53390956942089],[13.587757369183166,52.53404068321918],[13.587497577882825,52.53396737343371],[13.586641549009363,52.53407457437439],[13.585923619765397,52.53270192475545],[13.585918037098025,52.53244479159933],[13.586398471353087,52.53148136198363],[13.586174866233039,52.53110819585597],[13.585105534427576,52.5304218755748],[13.584145136061103,52.5301572521983],[13.583813418054275,52.52998122517764],[13.581328248976694,52.52802426046638],[13.57841873374965,52.526104006706056],[13.577783656265874,52.525632663101774],[13.577508980346442,52.525084523981164],[13.57693362946278,52.523476637908836],[13.577053872922303,52.52238636677729],[13.576874599012843,52.52117856135643],[13.57645843384366,52.51969217359103],[13.576415925541959,52.51883784319774],[13.575887848324223,52.51829975939935],[13.57558436671198,52.51727913882969],[13.575598146434311,52.51677565329533],[13.574678651535923,52.514733494985606],[13.574113255895064,52.51361228935562],[13.573500598927081,52.51288739594316],[13.57636134396523,52.51279628210608],[13.576447296982225,52.51302263831817],[13.576831617537577,52.51281142454525],[13.579426540533882,52.512619470111645],[13.580487484704056,52.51322998841401],[13.59017028465317,52.517775247330796],[13.590507491247262,52.517301606392785],[13.594367141612839,52.51798885272135],[13.594674612231795,52.518252142779154],[13.598277556916427,52.52889225039786],[13.599340305770312,52.52888587130397],[13.59976324499204,52.52996227892347],[13.599263831864118,52.530523313614765],[13.598565643585726,52.53108112047285],[13.596724747399442,52.53281791601223],[13.596397467477846,52.53285882742429],[13.596392462121779,52.533178050820055],[13.595292024564408,52.53325797822486],[13.595450218198874,52.53341148625202],[13.596654007652976,52.53378250472084],[13.596348745127537,52.534187311614815]]]},"properties":{"BZR_ID":"102006","BZR_NAME":"Hellersdorf Süd","BEZ":"10","STAND":"01.01.2021","GROESSE_m2":2408355.62}},
{"type":"Feature","geometry":{"type":"Polygon","coordinates":[[[13.414933861939906,52.55395123074858],[13.415027997302408,52.55463237299791],[13.41462363996687,52.557237612254006],[13.414373421670652,52.55740608779222],[13.41283696198184,52.557457712334354],[13.40816265662603,52.557685364503364],[13.408161114854396,52.557729174928205],[13.402554627787794,52.558017711912555],[13.397921533881288,52.55858561052627],[13.397097617513753,52.55826790790386],[13.397176948640407,52.55634373502719],[13.397308498184554,52.555655814964055],[13.398067362534059,52.55280594393734],[13.397980766481496,52.55219643015581],[13.397629799057965,52.551417956650255],[13.396846031574615,52.550703768798115],[13.39889983849653,52.55088563843242],[13.399233479972084,52.549067579824566],[13.40030369732666,52.54664552481058],[13.399206542476641,52.54653036915892],[13.399815645997789,52.54505948176011],[13.400245561519057,52.543376381431976],[13.400905798579092,52.54196029632571],[13.402030936160022,52.54012454387505],[13.403378269551908,52.54050586655463],[13.40352787814841,52.54021344626434],[13.404190762775238,52.540401262777124],[13.405021751409956,52.54059177266772],[13.4083474970964,52.54121902893476],[13.411797924225874,52.54091873169864],[13.412564230185053,52.54088533394374],[13.412944655826397,52.541400056108884],[13.412528797764066,52.541489720922975],[13.412687365531335,52.54348482482222],[13.412811369332127,52.54408872438203],[13.413736580199597,52.54750376045664],[13.414048592963216,52.549292379006936],[13.414552870731077,52.55217327273718],[13.414933861939906,52.55395123074858]]]},"properties":{"BZR_ID":"036011","BZR_NAME":"Prenzlauer Berg Nordwest","BEZ":"03","STAND":"01.01.2021","GROESSE_m2":1929113.442}},
{"type":"Feature","geometry":{"type":"Polygon","coordinates":[[[13.475437732670667,52.51343320959861],[13.475631962270167,52.51305907920719],[13.476266483633596,52.510440802093306],[13.475828225078082,52.51025707273921],[13.475419256079078,52.50963380748693],[13.473066436473111,52.50712616722144],[13.473408523312449,52.50692376134653],[13.472826546445344,52.506706796488174],[13.472803996369857,52.50649104491945],[13.474885524175104,52.50701211170385],[13.475741536187412,52.5070886959583],[13.477482960071228,52.50694740920464],[13.478453567004113,52.50673265641702],[13.480610450777215,52.505878545611566],[13.481325920295019,52.50547189753849],[13.482033837398665,52.504841883776365],[13.482747630758858,52.50350883593261],[13.483191465425628,52.503053162558565],[13.483938609216155,52.50322686943587],[13.485462955619687,52.50376974937562],[13.486854776007984,52.504393326083004],[13.4884196040135,52.50519114821084],[13.490472955262257,52.50633033106649],[13.493564862050217,52.507841584538184],[13.495031889296472,52.50850609640081],[13.495707155094708,52.50891989065532],[13.495966287987436,52.50870211469237],[13.496913035028406,52.50922305281583],[13.497300365892809,52.50914168619559],[13.49766029630989,52.509702519564385],[13.49762854009482,52.50994707549923],[13.499748349993338,52.51104343058347],[13.4975278174151,52.51125400143974],[13.497314202908578,52.51118308324149],[13.491903804679907,52.51164295414508],[13.48945329598386,52.51192921238046],[13.48837263485685,52.51214139091101],[13.476974552674909,52.51329780721452],[13.475437732670667,52.51343320959861]]]},"properties":{"BZR_ID":"113008","BZR_NAME":"Frankfurter Allee Süd","BEZ":"11","STAND":"01.01.2021","GROESSE_m2":1053291.625}},
{"type":"Feature","geometry":{"type":"Polygon","coordinates":[[[13.181635322302666,52.53725321303134],[13.16775420046065,52.53958939800998],[13.1654998926785,52.54020462219847],[13.161747922175232,52.5411465487684],[13.15753714573459,52.54227447817415],[13.157320840843209,52.5424168509648],[13.155635323855172,52.54279447665386],[13.153028674692598,52.54348738280898],[13.152641588516378,52.54344633782028],[13.150834123963232,52.54397107735038],[13.14368577283184,52.545884433709695],[13.136803621749982,52.547630240406306],[13.12814114047195,52.549887715479734],[13.12768709421972,52.54977170033177],[13.126500421549641,52.54721032613763],[13.125646181734531,52.54550135123152],[13.124964537531033,52.5437921458105],[13.125605432949719,52.54354133260923],[13.124308709780168,52.53954758665608],[13.123103507596731,52.53663149844306],[13.121707199269382,52.53487179352726],[13.121200376331423,52.533284148675236],[13.120348918438717,52.53222574557784],[13.1199654272706,52.5315358035413],[13.11950674854521,52.53034639777609],[13.119199294124144,52.529125693843525],[13.131756019110563,52.528763271681626],[13.137666485876792,52.52860346053953],[13.138637223360986,52.52868996435231],[13.13916079178437,52.52884672771389],[13.139958857173044,52.529432700379125],[13.140681819321104,52.53102215645725],[13.140912936174368,52.53137196453012],[13.142349028278447,52.53096376837633],[13.14531252326566,52.52957051155832],[13.148274031067205,52.52890679065047],[13.14999782671175,52.5287672065675],[13.150467554034602,52.52863339410894],[13.152639722832124,52.528682287619155],[13.15500070908307,52.52890521789616],[13.154346264965886,52.52699460741304],[13.154693074167387,52.52674779075449],[13.155022536421246,52.5261029877921],[13.154854421257786,52.52578959797968],[13.157746428108133,52.52523056638003],[13.158694729343535,52.525170608823146],[13.159698897681098,52.52524854084104],[13.16563122085687,52.52614990454752],[13.167689534237306,52.52648237628063],[13.16847513189569,52.526682313886724],[13.169817538174769,52.52717888827278],[13.17078280100286,52.52741019955952],[13.172215732406405,52.527342941373455],[13.17308702935121,52.52711604041798],[13.174618163193953,52.52631390607092],[13.175455775119818,52.525956030912084],[13.177403794526258,52.52543290554921],[13.178357000613689,52.52560647879686],[13.181917594937422,52.526419874533445],[13.179117739014114,52.53102864630133],[13.17906994861796,52.53122158398216],[13.17934216121853,52.53371728522681],[13.180534083754573,52.53380291749966],[13.18054884432872,52.53390416188774],[13.181687872940593,52.53393835710702],[13.18183332332533,52.5341861177725],[13.181969685219022,52.535437618716635],[13.18219254864784,52.536045636134844],[13.182223375266357,52.53677069241602],[13.18208059720382,52.5371764349065],[13.181635322302666,52.53725321303134]]]},"properties":{"BZR_ID":"052004","BZR_NAME":"Brunsbütteler Damm","BEZ":"05","STAND":"01.01.2021","GROESSE_m2":6882749.643}},
{"type":"Feature","geometry":{"type":"Polygon","coordinates":[[[13.366306692803382,52.53592900956971],[13.365299369142305,52.536880906182],[13.362774802179535,52.5377863769896],[13.362228560602707,52.537785121810366],[13.36170493508832,52.53757247301758],[13.360883755330931,52.537738631628926],[13.359958178312183,52.53724590037479],[13.357495027039496,52.53609247540079],[13.35669826652222,52.535789428776575],[13.356544823667788,52.535985884393156],[13.343795501207916,52.53455426820884],[13.343700948978318,52.53396247894459],[13.343636958878895,52.53234106956756],[13.343805193320325,52.532211524448705],[13.343458779389648,52.53151855863339],[13.343506480537513,52.52644074399518],[13.3432274766695,52.525446348607296],[13.34306268891767,52.52522883868892],[13.34251299803534,52.52529723154383],[13.341873241001142,52.52333710447583],[13.34171840923201,52.52244693087539],[13.340466451158413,52.52206513415086],[13.339891617185206,52.521575595575754],[13.339389120380515,52.52045813916898],[13.338836392560271,52.51973513574469],[13.338396274720512,52.519367961915655],[13.33581708486701,52.51745211649292],[13.33522613318326,52.51709944256924],[13.334215385378064,52.51677199274248],[13.334793281550182,52.51550407606422],[13.335378960671031,52.51485982934359],[13.336136198279444,52.514377045851525],[13.335853759414253,52.51329338926094],[13.336162282669118,52.513291865946826],[13.336426443868941,52.5138116544721],[13.338091483565021,52.51392675376289],[13.337983446867401,52.514513590073705],[13.33814915651947,52.514924853021846],[13.338816901911699,52.51548616027084],[13.339251402195755,52.51531395620568],[13.343217430823866,52.51556526626198],[13.344244058671364,52.51590138481853],[13.345245338851335,52.51596487922574],[13.345624789032408,52.5161962853744],[13.34456591767183,52.51664639374159],[13.34536579927371,52.51763409599863],[13.347222734101619,52.51780749400369],[13.347426545442069,52.51797979655904],[13.347291650733464,52.51848335800459],[13.347340777989574,52.51909904657153],[13.34752909740873,52.5190928473691],[13.348291224576233,52.51971147743355],[13.350148882868508,52.519577890888755],[13.350302179841053,52.51965317645407],[13.351425731524024,52.51897612668656],[13.352342852469809,52.51855328075363],[13.353616722708793,52.51785217166394],[13.354915179771734,52.51728086304679],[13.356074033481454,52.51709242095148],[13.357172555755922,52.5170789063733],[13.35840381857654,52.51724075189928],[13.359826293587176,52.51757157090422],[13.360502086713787,52.5178479726948],[13.36203235494737,52.51878850736849],[13.362671517452883,52.51904011344947],[13.363902705232155,52.51936463934251],[13.365118780790091,52.51958060063177],[13.36548924461769,52.51978532119341],[13.3672440369206,52.52035980345785],[13.36841770794327,52.52110472146702],[13.369402847690012,52.52204627252131],[13.370169649814763,52.5224876990511],[13.371692532341498,52.52278646249661],[13.371767464217823,52.52357305471607],[13.37175941880752,52.524802925900644],[13.371033670854965,52.525243975915394],[13.371068719667186,52.52650301375353],[13.37334558970181,52.5264982973241],[13.373805124656572,52.526873148997566],[13.373836731212817,52.52732327265942],[13.373241821736329,52.52826748612882],[13.372109399058711,52.5292094196552],[13.37089918884271,52.53045485375969],[13.369751203365501,52.532014634067444],[13.367059530135245,52.53462812352809],[13.365787481548638,52.53576658336405],[13.366306692803382,52.53592900956971]]]},"properties":{"BZR_ID":"012006","BZR_NAME":"Moabit Ost","BEZ":"01","STAND":"01.01.2021","GROESSE_m2":3917086.384}},
{"type":"Feature","geometry":{"type":"Polygon","coordinates":[[[13.357735095606492,52.538685601568886],[13.360681816783854,52.537899724199484],[13.360883755330931,52.537738631628926],[13.36170493508832,52.53757247301758],[13.362228560602707,52.537785121810366],[13.362774802179535,52.5377863769896],[13.365299369142305,52.536880906182],[13.366306692803382,52.53592900956971],[13.367883260617383,52.53662122941986],[13.368606672112323,52.535990274401414],[13.372982192933575,52.53803723156382],[13.37454615037545,52.537033119110504],[13.374925849666626,52.53732585903415],[13.376127495477009,52.538087092501506],[13.379513460258748,52.54010418265125],[13.38001019708486,52.53975420857761],[13.382095389689283,52.53774429636311],[13.383438643118566,52.53659050479123],[13.384897751395073,52.53542012634863],[13.386192546754993,52.53428911823753],[13.38755848421515,52.53326805514973],[13.388044084351126,52.5335068556888],[13.390149386233146,52.53535686797615],[13.390423703723448,52.535481969447034],[13.39352117120835,52.53742193244739],[13.39633625956813,52.53818535601461],[13.40352787814841,52.54021344626434],[13.403378269551908,52.54050586655463],[13.402030936160022,52.54012454387505],[13.400905798579092,52.54196029632571],[13.400245561519057,52.543376381431976],[13.399815645997789,52.54505948176011],[13.399206542476641,52.54653036915892],[13.40030369732666,52.54664552481058],[13.399233479972084,52.549067579824566],[13.39889983849653,52.55088563843242],[13.396846031574615,52.550703768798115],[13.396900291294598,52.55061971828307],[13.395914142296613,52.550081479574],[13.395293759593532,52.54986290502523],[13.393583203637142,52.549544499225995],[13.388894933231102,52.549330186367335],[13.388163474670106,52.54924806567435],[13.387729913879879,52.54934564762479],[13.386896332827062,52.54906246389091],[13.383031257100743,52.55138378413116],[13.38097398944132,52.55228383475381],[13.380982981707152,52.55223029020044],[13.378184213909048,52.55047793041534],[13.370517980521395,52.54572067189527],[13.370211723217519,52.54513110964676],[13.369180551020827,52.54530638161258],[13.368975007076337,52.54493870266516],[13.361940412580786,52.54504303374054],[13.366298021173687,52.542570890836586],[13.365294687883335,52.542133665185084],[13.363162897197352,52.54138049146197],[13.3632463671928,52.54127454407511],[13.359530643496008,52.53959751059866],[13.357735095606492,52.538685601568886]]]},"properties":{"BZR_ID":"013008","BZR_NAME":"Brunnenstraße Nord","BEZ":"01","STAND":"01.01.2021","GROESSE_m2":3320296.446}},
{"type":"Feature","geometry":{"type":"Polygon","coordinates":[[[13.320484994818536,52.47747157087776],[13.320428396995743,52.47747101895287],[13.320142878418965,52.470744943630805],[13.320526610389127,52.47026534336714],[13.320094819900532,52.4696161941084],[13.319982932785129,52.46698046080065],[13.320992758185533,52.466963125172654],[13.32786999397751,52.46450128672122],[13.328164221724723,52.46433308450797],[13.329365017082548,52.46557293226199],[13.333097245905742,52.469167731201914],[13.336207743761364,52.472109640055855],[13.341269674373164,52.47614493299483],[13.343821917574449,52.478111152272774],[13.343778245208481,52.4781363133675],[13.34343975793214,52.47855602088997],[13.338948481551887,52.47853349918761],[13.337066659242756,52.47839729431656],[13.33706772445243,52.47813243592526],[13.332986111896947,52.477847188972945],[13.33286814731229,52.47741482058999],[13.322418553213291,52.477490361232704],[13.320484994818536,52.47747157087776]]]},"properties":{"BZR_ID":"073005","BZR_NAME":"Friedenau West","BEZ":"07","STAND":"01.01.2021","GROESSE_m2":1462457.487}},
{"type":"Feature","geometry":{"type":"Polygon","coordinates":[[[13.469829073728802,52.50266224876592],[13.473875643873477,52.50194943353653],[13.474339282232437,52.501759696783],[13.475400621618222,52.501703275288094],[13.475496114550602,52.50188275259542],[13.477116192330067,52.5015911343106],[13.477763083461163,52.50157946315131],[13.4789135786419,52.50130878663537],[13.482300313916946,52.50011614255262],[13.48389437421705,52.49948343796033],[13.487959433902967,52.49776386438745],[13.490583756516196,52.49678188676716],[13.493340038918756,52.4957103182863],[13.496555491323742,52.494583868923456],[13.497725755945401,52.49406730553335],[13.498140739805034,52.4946360838329],[13.497949715557498,52.49491216380084],[13.498377346731528,52.495923981548366],[13.497773294694277,52.49605365944601],[13.498070758200708,52.49669400938866],[13.496672534847693,52.49694197759776],[13.497878795078432,52.499481034953035],[13.496449621737016,52.4999953544403],[13.496979969826029,52.500608472526146],[13.500302833486975,52.501428719048064],[13.500243010333087,52.50130167334989],[13.501133087405261,52.501530768397195],[13.501212181537815,52.50170077391684],[13.50309939361669,52.502100399127976],[13.509712167087605,52.503323277884256],[13.51027924769636,52.50358999776658],[13.51357037524948,52.505325405865264],[13.514359424347413,52.50545476105479],[13.51616647146701,52.50555490329919],[13.5190440532168,52.505596728402686],[13.520049353069881,52.50578915333102],[13.519758460535988,52.50699175931476],[13.520266651699448,52.50705801255695],[13.519719131363038,52.508606834154726],[13.519962659693979,52.50901830368646],[13.519880883907817,52.50996449567024],[13.51455107518014,52.51029338736456],[13.514462101505584,52.50977948902402],[13.511849187623683,52.51009651138468],[13.503728810006315,52.510580016876276],[13.50150520188178,52.510766862572005],[13.499748349993338,52.51104343058347],[13.49762854009482,52.50994707549923],[13.49766029630989,52.509702519564385],[13.497300365892809,52.50914168619559],[13.496913035028406,52.50922305281583],[13.495966287987436,52.50870211469237],[13.495707155094708,52.50891989065532],[13.495031889296472,52.50850609640081],[13.493564862050217,52.507841584538184],[13.490472955262257,52.50633033106649],[13.4884196040135,52.50519114821084],[13.486854776007984,52.504393326083004],[13.485462955619687,52.50376974937562],[13.483938609216155,52.50322686943587],[13.483191465425628,52.503053162558565],[13.482747630758858,52.50350883593261],[13.482033837398665,52.504841883776365],[13.481325920295019,52.50547189753849],[13.480610450777215,52.505878545611566],[13.478453567004113,52.50673265641702],[13.477482960071228,52.50694740920464],[13.475741536187412,52.5070886959583],[13.474885524175104,52.50701211170385],[13.472803996369857,52.50649104491945],[13.471749101665644,52.50573557586634],[13.471162941711325,52.50513414693569],[13.47129078997562,52.50500212052073],[13.470206937595995,52.50374275727713],[13.469829073728802,52.50266224876592]]]},"properties":{"BZR_ID":"114009","BZR_NAME":"Neu-Lichtenberg","BEZ":"11","STAND":"01.01.2021","GROESSE_m2":2620057.855}},
{"type":"Feature","geometry":{"type":"Polygon","coordinates":[[[13.447168281855468,52.52640839682465],[13.446480011427951,52.527138765892175],[13.442277413439129,52.53102559302559],[13.438748232659213,52.52877783547791],[13.438310616385603,52.52880047289176],[13.437481599120044,52.52954802980977],[13.4250269061817,52.52809518056002],[13.424854476628377,52.527877838135346],[13.42364210783232,52.52791496670682],[13.419753208818582,52.52554559739682],[13.423769250944977,52.523965262637226],[13.425433864539409,52.52344076868975],[13.4265019102365,52.52329123059277],[13.426521320920518,52.5229390760889],[13.425547875286627,52.52279094804065],[13.429181450745967,52.52122403426789],[13.428401378473493,52.51958588529643],[13.427497645918294,52.51960648049197],[13.4269165747658,52.51974407035031],[13.42619054511432,52.5187519922554],[13.426803196492717,52.518661273584065],[13.426664614226329,52.51842676087783],[13.427493329952398,52.51805251968601],[13.42843541922594,52.51785037455527],[13.42931488714237,52.51781608062883],[13.429368577904725,52.51809547056028],[13.432633977257614,52.51774896220222],[13.432642677594012,52.51777988972483],[13.436562755211071,52.51738392398233],[13.436554710961921,52.51733610228931],[13.441857743660954,52.51681044059008],[13.450160823665126,52.5159620304932],[13.45355857693081,52.515630281685475],[13.453514655087496,52.516002793102516],[13.452778630970744,52.518045296550405],[13.45237422249748,52.5182036714302],[13.452469689843092,52.51869337475507],[13.451383096854366,52.52027332872563],[13.451354998369482,52.520449067936106],[13.450200441931662,52.52213960112931],[13.449974073145187,52.52233907779272],[13.447168281855468,52.52640839682465]]]},"properties":{"BZR_ID":"024005","BZR_NAME":"Karl-Marx-Allee Nord","BEZ":"02","STAND":"01.01.2021","GROESSE_m2":2227557.183}},
{"type":"Feature","geometry":{"type":"Polygon","coordinates":[[[13.330629407625157,52.46515184367223],[13.331411314973087,52.46585734226427],[13.334666056612996,52.46627738724914],[13.334831792416594,52.466201317438376],[13.336274294227335,52.467416542460064],[13.337385812305362,52.466946297044274],[13.338481738529968,52.466381648243974],[13.338772619644466,52.46656937099579],[13.3389055881998,52.465564087642676],[13.343110066856461,52.46298205917845],[13.344955957067011,52.46171864677114],[13.347821016069217,52.459246283952226],[13.34755899899083,52.458989637270264],[13.348396771423472,52.45876532110713],[13.349043645050223,52.45876486779869],[13.34907838578531,52.456774769670815],[13.350893208991934,52.45661941298241],[13.352476198768036,52.45707575288294],[13.353301222493291,52.45702418857001],[13.353683059819385,52.45670074127428],[13.354185387070176,52.455874949364166],[13.354200366942115,52.45564178194185],[13.355976488018802,52.455621594181316],[13.355702684456867,52.45717341048561],[13.355811677866093,52.457464083166016],[13.355811688539388,52.45929837936322],[13.3558857758772,52.45995006690647],[13.35613114220965,52.46064759874553],[13.358194758846127,52.463788685716764],[13.360126104300438,52.46711446669147],[13.36176537733794,52.47018945844776],[13.363742800559018,52.47345495084147],[13.363505951437253,52.473531155990585],[13.363922782253669,52.47416830092154],[13.363136709117672,52.47448676267518],[13.361412914390993,52.4748806512786],[13.360267629623115,52.47537036221915],[13.357665920222713,52.47663248368854],[13.354370452488158,52.47895085671374],[13.353193745045012,52.47986018455672],[13.352714332442364,52.48007202156951],[13.351950297390779,52.47954640879621],[13.346277585077914,52.4781511576927],[13.343778245208481,52.4781363133675],[13.343821917574449,52.478111152272774],[13.341269674373164,52.47614493299483],[13.336207743761364,52.472109640055855],[13.333097245905742,52.469167731201914],[13.329365017082548,52.46557293226199],[13.330629407625157,52.46515184367223]]]},"properties":{"BZR_ID":"073006","BZR_NAME":"Friedenau Ost","BEZ":"07","STAND":"01.01.2021","GROESSE_m2":3141430.817}},
{"type":"Feature","geometry":{"type":"Polygon","coordinates":[[[13.436160260712917,52.587400406448026],[13.436382107386986,52.58745212103386],[13.438165731411456,52.589045153735476],[13.441748476514118,52.592367398724974],[13.442853809460715,52.593425065431575],[13.444061967656253,52.59472029077207],[13.444896486627547,52.59582199459789],[13.44584204509733,52.59760048360024],[13.447512299613264,52.60125567064131],[13.448021971245945,52.60226894530676],[13.448876598312482,52.60417536935013],[13.449703172552583,52.60650555534029],[13.449731853397404,52.60808108975772],[13.449086703930915,52.607881748415615],[13.448873905302221,52.60921262507185],[13.448409628091678,52.6104782146506],[13.447709545226738,52.61161026315325],[13.446724081144778,52.61279806680964],[13.445602953640568,52.61380942500638],[13.443916617385595,52.615014402370036],[13.442655195356368,52.61581112935317],[13.435163844170253,52.62045593904283],[13.432327324567165,52.62219526392202],[13.430978564118233,52.62312421763338],[13.43016282003763,52.62383840737363],[13.42957017930468,52.623094008755864],[13.428757981034893,52.62349277920241],[13.425387775463218,52.62310670571349],[13.423961471217805,52.62382907154091],[13.422681481894715,52.6227203856267],[13.42182896504718,52.62213332457784],[13.420964354890428,52.621287319839745],[13.420038435176703,52.62055835245222],[13.417850372963331,52.61862891659193],[13.417039269017728,52.61798216992693],[13.415785602612686,52.617145203039485],[13.414119884819291,52.6161659450887],[13.412733512874793,52.61523226889244],[13.410799208520647,52.6146424195208],[13.410847805817685,52.614583272960495],[13.407391771709028,52.61366803923181],[13.410047244793558,52.61146243220589],[13.412621807360207,52.60984075758762],[13.413673258549123,52.609328930515694],[13.414127167440787,52.608234663787044],[13.41423040194426,52.607341511608475],[13.415027296243524,52.60505715441672],[13.415839036795731,52.60295524533254],[13.415855713025943,52.60249762304944],[13.416287454319534,52.601496466843635],[13.416785123534774,52.60005835878838],[13.417691429883018,52.59950648859306],[13.41961768873215,52.59773272027641],[13.420994672697285,52.59696319540275],[13.423434513054278,52.596083231595486],[13.424217848604021,52.59585530842148],[13.429993924883405,52.59390165366632],[13.431021927663554,52.59349983512592],[13.431935321589936,52.592988577381774],[13.435088793545813,52.591292225867896],[13.435698046173249,52.591149147569745],[13.43538974574049,52.59061583224112],[13.434684132469314,52.590125815476],[13.435294945510519,52.58928296879408],[13.435903570466046,52.587779580202344],[13.436160260712917,52.587400406448026]]]},"properties":{"BZR_ID":"032003","BZR_NAME":"Buchholz","BEZ":"03","STAND":"01.01.2021","GROESSE_m2":6469352.748}},
{"type":"Feature","geometry":{"type":"Polygon","coordinates":[[[13.4975278174151,52.51125400143974],[13.499748349993338,52.51104343058347],[13.50150520188178,52.510766862572005],[13.503728810006315,52.510580016876276],[13.511849187623683,52.51009651138468],[13.514462101505584,52.50977948902402],[13.51455107518014,52.51029338736456],[13.519880883907817,52.50996449567024],[13.519962659693979,52.50901830368646],[13.519719131363038,52.508606834154726],[13.520266651699448,52.50705801255695],[13.519758460535988,52.50699175931476],[13.520049353069881,52.50578915333102],[13.52066795432054,52.504414637291895],[13.521243471583645,52.50261673452935],[13.521474925783798,52.502268763840384],[13.522178290284012,52.50020989071896],[13.5230514394838,52.49871821494073],[13.52319955736576,52.49875156824171],[13.523651551104141,52.49803174634499],[13.523789458025727,52.4975703514972],[13.524221596272683,52.49713001559009],[13.524240675075996,52.49683830790136],[13.525870675105105,52.4943689853207],[13.52971216397958,52.49535889826554],[13.541210192840314,52.4981973674011],[13.541736738452412,52.49829745543574],[13.539493536160931,52.49854449351159],[13.535198305627636,52.50555045541616],[13.536017204065345,52.50600465326674],[13.536294626074142,52.506406402189135],[13.536116441316505,52.50790027215454],[13.536292948755403,52.50794075718747],[13.536213619136872,52.50999376435208],[13.538211425959265,52.50990935742515],[13.537847485336586,52.50993411718792],[13.537822108663683,52.511095018575],[13.537573553488448,52.51178697286273],[13.53691052774459,52.51246990038905],[13.536296206066904,52.512881738750444],[13.535136849071415,52.51337537050672],[13.533984904176306,52.51362295604953],[13.529245160369802,52.51378650212515],[13.52473833373598,52.513793272294805],[13.523700351881127,52.51391386906851],[13.522021961036135,52.51384077844901],[13.518552954960379,52.51391154679851],[13.518599123507972,52.5145355391571],[13.512667538527735,52.51462825421688],[13.50933198847207,52.514486508115816],[13.508378065160244,52.51437915581932],[13.507965911462303,52.514652202746575],[13.506585660357304,52.51423293970746],[13.50392576287982,52.51363242291086],[13.501889117750997,52.5129941362539],[13.4975278174151,52.51125400143974]]]},"properties":{"BZR_ID":"114010","BZR_NAME":"Friedrichsfelde Nord","BEZ":"11","STAND":"01.01.2021","GROESSE_m2":2754124.065}},
{"type":"Feature","geometry":{"type":"Polygon","coordinates":[[[13.526183689752328,52.55579816281974],[13.525493249882306,52.55543096188618],[13.525355650445736,52.55531839924319],[13.52630536380981,52.55398860702955],[13.526930745205629,52.55284179089499],[13.527483927788502,52.55152344427056],[13.527955372234809,52.55021855380661],[13.527891519083713,52.550162690523806],[13.52865767321728,52.54824148629957],[13.529693479787083,52.54543967832204],[13.530007332778156,52.544471121696226],[13.530449724499656,52.54354794579391],[13.530992362960161,52.54173605768683],[13.531358145025338,52.54098468743964],[13.531897822094619,52.53952769173156],[13.53226494524419,52.53931462928681],[13.531576710700461,52.53917359364236],[13.53159318443809,52.538599962886565],[13.535023889131214,52.53932677398486],[13.53610184009366,52.53961792117983],[13.538261725566718,52.540006562279075],[13.538186619099571,52.539919492494214],[13.542038084289205,52.54052212335431],[13.542886264012514,52.540724164125045],[13.544565946170778,52.541241262375834],[13.54620481267718,52.541838015880735],[13.556139173542423,52.54479221155154],[13.557363468461096,52.545083022941114],[13.559445300078169,52.545176841803986],[13.560972256809926,52.545080273297856],[13.562747564552282,52.54483416770194],[13.563816343543811,52.544773065025524],[13.565284041054333,52.5448840996057],[13.566985022978514,52.54511098251165],[13.57088997052815,52.546116097571634],[13.57134581421223,52.54646069022553],[13.571974838201719,52.54647731156992],[13.57483021047198,52.5471632789527],[13.574662356401616,52.54743086638618],[13.577682234242298,52.548181900946034],[13.578267673112602,52.54806200151334],[13.579099070677904,52.54840866447435],[13.581660349930404,52.54903594226618],[13.584481619354724,52.54964958657695],[13.58529164085719,52.5497516511438],[13.58627300169903,52.54974279586467],[13.586387176121345,52.54995200037752],[13.586928601684155,52.55117593966278],[13.586926858937776,52.551671376217804],[13.587543453018007,52.552566578964836],[13.587770825381602,52.553328153086014],[13.587748653362972,52.55458959729855],[13.587600198573625,52.55562359535752],[13.587351925114929,52.55620906387541],[13.586892105258004,52.55671571968022],[13.586478632676576,52.55769111489811],[13.585695139683759,52.55841860539099],[13.585226910868558,52.55834802768003],[13.582297054391644,52.559264717380636],[13.58016875004991,52.56022000061774],[13.577969662432778,52.561156854568225],[13.57635548837602,52.56137154788188],[13.575267715818843,52.560534084090186],[13.574857834812812,52.56032950021471],[13.57381782895298,52.560589856022595],[13.570721110982971,52.560809358402054],[13.566836136348789,52.560962165907924],[13.565338630691755,52.56108665782633],[13.563136978042488,52.56140425077786],[13.562115368809057,52.561805577884506],[13.56009878625017,52.56235675944665],[13.55818760541588,52.56300301897586],[13.557912499414469,52.5626817790712],[13.557490820753799,52.562740575509096],[13.556252537683216,52.563183473874716],[13.553755294346127,52.56398017689488],[13.554320434403719,52.56449588911675],[13.553783176691734,52.56460141591393],[13.55213855866744,52.565147844464],[13.549602488154136,52.56591941372379],[13.548951702755879,52.565908921528155],[13.548334367454398,52.56546186295457],[13.544704174484771,52.56694102625287],[13.54462751797613,52.566943146563524],[13.543917115423493,52.56661822444401],[13.542514825630512,52.56619047383423],[13.541878229209484,52.56610042255006],[13.541192644102267,52.56601455630436],[13.539776106335228,52.56492796348582],[13.535929271078736,52.561899874493015],[13.533950603932542,52.56038754285374],[13.52918791505302,52.5574199802882],[13.526183689752328,52.55579816281974]]]},"properties":{"BZR_ID":"101002","BZR_NAME":"Marzahn Mitte","BEZ":"10","STAND":"01.01.2021","GROESSE_m2":7918489.601}},
{"type":"Feature","geometry":{"type":"Polygon","coordinates":[[[13.41654507825066,52.45169877129365],[13.416836851337399,52.45223947625934],[13.417682665071574,52.45220170510079],[13.419657969482591,52.45468108240382],[13.420773529662046,52.456303681187215],[13.421196582222672,52.456752224154194],[13.422114946363642,52.456663942138],[13.424946643696511,52.45659772572354],[13.42656966669617,52.45669987344581],[13.424980422235976,52.45770296069277],[13.424371506999414,52.45799758084112],[13.420607843834535,52.459368101508005],[13.421425126264674,52.46065541219989],[13.42323264163522,52.46040403668115],[13.423009211570124,52.4613184941748],[13.421971951113408,52.46151620165862],[13.42214035870856,52.46251158144909],[13.421709560953397,52.463496709104135],[13.421542123073232,52.465838559217346],[13.416879620678994,52.465396419364616],[13.414722824465972,52.465198325377024],[13.413536621213431,52.46486907865181],[13.412879833114426,52.46448520153393],[13.412399389713975,52.464439803581676],[13.413105416629442,52.46515308684242],[13.410737431206739,52.46498565902411],[13.40639083046498,52.4646191432451],[13.406372812419947,52.464721021827955],[13.404257415424972,52.46481555138717],[13.401502860025614,52.46522641801541],[13.400748278079815,52.46549226296953],[13.398994654550481,52.46595860863996],[13.396742597804614,52.466682179885474],[13.395406522937758,52.46722019919095],[13.392286009203243,52.46858442429519],[13.39075074656338,52.4691179573654],[13.389108608894503,52.46957154927427],[13.387017718882701,52.47000821902514],[13.38597542999232,52.47009138317658],[13.385906352236672,52.465598076325044],[13.385800256498973,52.46559698260211],[13.385798968233074,52.46435433236142],[13.385677251921027,52.463337784323556],[13.38470819914273,52.45943031562836],[13.384134355024853,52.45692851335832],[13.384142608505256,52.45617851024823],[13.384800838338405,52.45283557293629],[13.387814952819728,52.453132367499286],[13.38901390421268,52.453304640869725],[13.39041354970132,52.45325935010355],[13.391651572754325,52.453394086795726],[13.39201354538161,52.45313582870313],[13.392999146709327,52.45309742829843],[13.396361782700625,52.453078843415184],[13.39923793196623,52.452984283658246],[13.404741563336582,52.45286640660389],[13.408270103130581,52.452600980741344],[13.408774487929074,52.45331308882392],[13.409372425561498,52.45319637180396],[13.41262863811144,52.45291747806483],[13.41516523931768,52.452462426803216],[13.416136384195505,52.45233286532933],[13.41654507825066,52.45169877129365]]]},"properties":{"BZR_ID":"074009","BZR_NAME":"Tempelhof Südost","BEZ":"07","STAND":"01.01.2021","GROESSE_m2":3719600.821}},
{"type":"Feature","geometry":{"type":"Polygon","coordinates":[[[13.304068195489865,52.504358684120895],[13.306787065876982,52.50500726665233],[13.30802036826426,52.505259545201994],[13.310572443972195,52.505260860009],[13.312941824953082,52.50518828650507],[13.314593975678122,52.505180077182295],[13.319764500093362,52.504885810441486],[13.32125174487166,52.50488992959827],[13.326452215628896,52.504599131568675],[13.328346843894131,52.50468238137666],[13.3290705801914,52.504849105505194],[13.330552248149107,52.505508125628275],[13.330130020602391,52.505531595057704],[13.330852168386569,52.50615688929237],[13.333295104045417,52.50903696954655],[13.330043302964066,52.5100754331811],[13.332517048065192,52.51088366138732],[13.333407141085743,52.51127867733149],[13.334027283782731,52.51171587551114],[13.333736072181745,52.51171740322308],[13.331451950207848,52.512230878545815],[13.330865470187062,52.512443833943564],[13.330558558156499,52.51283065533262],[13.331875224090673,52.513030838094416],[13.335853759414253,52.51329338926094],[13.336136198279444,52.514377045851525],[13.335378960671031,52.51485982934359],[13.334793281550182,52.51550407606422],[13.334215385378064,52.51677199274248],[13.333255167718216,52.51667059119867],[13.332283581462598,52.516704482300135],[13.330691620939252,52.51722676268517],[13.329787305206235,52.51781311776586],[13.329156573965053,52.51869832030877],[13.329094588929754,52.51910633568546],[13.329490710509727,52.5204620490013],[13.329532732067488,52.521178472632634],[13.329255314837228,52.52184300293787],[13.328898062852716,52.52233102380221],[13.328184625126912,52.522885131789444],[13.326920178386823,52.52371731968643],[13.325188747611447,52.52442430143334],[13.324415609594988,52.524605200480295],[13.32325227028463,52.52468732782124],[13.321371660452694,52.52451911718669],[13.32001078989563,52.52406501003185],[13.31955046649416,52.52377562095262],[13.318942465543177,52.5230746208265],[13.318687815130362,52.522072408637484],[13.318778636012228,52.52111494453003],[13.317798439635213,52.52036668735392],[13.31936093367592,52.51960672203586],[13.318988472134741,52.519421706837804],[13.318118864391131,52.51985737023229],[13.317574924413757,52.51998410934283],[13.315299520489207,52.51993561350023],[13.312560377111009,52.520480010686065],[13.311021604254218,52.52047246037523],[13.30854880597689,52.52032906428901],[13.307296168042702,52.52032488102457],[13.306502937048766,52.52041188541142],[13.305454533568078,52.52068335290739],[13.30443583870702,52.521065657563376],[13.302896292674992,52.52142025425978],[13.301656005275383,52.521556298174445],[13.300171683902475,52.52161568045005],[13.300224998149387,52.52141449533813],[13.299674755100728,52.520763279510874],[13.299909274289275,52.519217054246326],[13.300127684046132,52.51857368079969],[13.30050721650818,52.51804286221411],[13.300780136462626,52.517385947493445],[13.30252456493844,52.50692689406335],[13.303161755643982,52.50564282093764],[13.304007774401642,52.504440474111384],[13.304068195489865,52.504358684120895]]]},"properties":{"BZR_ID":"043006","BZR_NAME":"Otto-Suhr-Allee/Kantstraße","BEZ":"04","STAND":"01.01.2021","GROESSE_m2":3880270.407}},
{"type":"Feature","geometry":{"type":"Polygon","coordinates":[[[13.368169877539161,52.59743793057704],[13.367854717132046,52.59725023368883],[13.364295608785183,52.59427840980418],[13.360649396611697,52.59126988922628],[13.35912883779316,52.59109338189715],[13.355693179261285,52.590887057144585],[13.354148554622848,52.59090921268127],[13.35175633157483,52.590793875964145],[13.350197294544458,52.59060470594872],[13.347557123530562,52.59008319286124],[13.34913344410412,52.589200278648235],[13.349919524566577,52.589239287910466],[13.349791323294287,52.58890968829384],[13.35223320064103,52.5875880819472],[13.352103990627597,52.587534486411734],[13.35332458921808,52.58690116471606],[13.357818105786908,52.58438671718591],[13.358813522569314,52.58417167949558],[13.359216193344535,52.58377475906891],[13.36345116753638,52.58143321761126],[13.363867895779805,52.581252296442294],[13.364011492600453,52.58146800635427],[13.365716055947587,52.58034761040051],[13.36816842862553,52.57900074792077],[13.368131811919763,52.57894787052173],[13.371181358391906,52.57728937412225],[13.374273298647955,52.57604798109615],[13.375144203462344,52.57563153282251],[13.376249069663764,52.574944951280244],[13.376445300249173,52.5747445623037],[13.378156972480127,52.573614439410484],[13.378483102238231,52.57371627041793],[13.378589283607772,52.573413450633524],[13.37891684027884,52.5734545836489],[13.37968470122825,52.57252424824317],[13.382238951334338,52.57202119282859],[13.383082230848798,52.57233288719928],[13.388263885482479,52.56947885753806],[13.38777478453582,52.56914693883176],[13.389281658499959,52.56824251814343],[13.388400559754347,52.567668597287096],[13.389020066378778,52.56741371840426],[13.392192655501978,52.56830865746694],[13.396758573696031,52.568830380326936],[13.397058253618765,52.56940599648259],[13.398617878621831,52.56937134135893],[13.398674824865571,52.57037244136632],[13.399081046643735,52.570620071914],[13.398455308126406,52.57108035429517],[13.40063691217572,52.57212004821035],[13.400983576802222,52.57236958269269],[13.400823197765767,52.572955193676854],[13.400346155471865,52.57334162841415],[13.40031501157438,52.573574496911235],[13.399475610165485,52.57408430595513],[13.39856571548936,52.574588192571674],[13.396960532205856,52.57495114874514],[13.396564216902798,52.57517989845632],[13.395574087828544,52.57514127380199],[13.394352470022456,52.57535826251534],[13.39372525157963,52.575622433440046],[13.392912497040077,52.575649435626104],[13.390514286257899,52.576821390800596],[13.389227911731838,52.57707574828842],[13.38777994326598,52.577534873353976],[13.386910915142355,52.5784491994534],[13.386701634121097,52.57912443126075],[13.386994902716133,52.57965503894395],[13.387677003659967,52.57971753847007],[13.385438431989796,52.58318454026499],[13.385081235887037,52.583678525325425],[13.384343269698615,52.5840305250845],[13.384090932274937,52.58459390993606],[13.383866876086627,52.58694975633422],[13.383463912785817,52.587447346561454],[13.383886332383453,52.588011345642634],[13.387635015095045,52.590504825997876],[13.388231654679297,52.59119861022486],[13.388912553917278,52.592548350811],[13.389520118855511,52.59413754428442],[13.390394191373804,52.59588092820276],[13.387111585670967,52.596866620022006],[13.386779454121955,52.59693300758733],[13.384580139518574,52.597853731244754],[13.385950254529787,52.59837535126513],[13.385876618783554,52.598734795757885],[13.383282336504019,52.59991163188836],[13.38306903004283,52.60050523481434],[13.383364918440906,52.60112563283266],[13.384145017661716,52.60226484469381],[13.384133569515487,52.60307734639101],[13.382692988742368,52.603656947366666],[13.38299220123271,52.604257269526116],[13.383496983510192,52.604427904450176],[13.383787087893332,52.604817602968474],[13.379097277634454,52.60623487690865],[13.377700789969424,52.606557052312866],[13.37611353391316,52.6067350237773],[13.375788684576047,52.60701998843585],[13.375443137214972,52.60652734453938],[13.374265730234244,52.60476664972657],[13.3716611402561,52.6010269479811],[13.371023941429916,52.60004605173412],[13.37015024955549,52.599078665205106],[13.368169877539161,52.59743793057704]]]},"properties":{"BZR_ID":"034006","BZR_NAME":"Schönholz/Wilhelmsruh/Rosenthal","BEZ":"03","STAND":"01.01.2021","GROESSE_m2":5877815.104}},
{"type":"Feature","geometry":{"type":"Polygon","coordinates":[[[13.270337316854372,52.54934489889789],[13.262770918172292,52.549463690660104],[13.258376581405042,52.549575993613885],[13.256945738989844,52.54967946728302],[13.255617251723715,52.5498640223605],[13.254243983758169,52.55012930841444],[13.252988150839894,52.550452552028304],[13.250592214916013,52.55133381610241],[13.249449378865787,52.5518820430602],[13.241116697933867,52.55602547672035],[13.241131054712206,52.55593467205474],[13.238948074862524,52.55701795950726],[13.23895226650339,52.55724479816546],[13.238070061063942,52.55751598942523],[13.238073434694238,52.556569975424104],[13.23829880870412,52.55648140388864],[13.238393041355446,52.555493548267954],[13.23833726875898,52.55493636888584],[13.236904384267609,52.55116054382929],[13.236265858962092,52.549564439339385],[13.236203728797406,52.54865978752177],[13.236473909123232,52.548103903023524],[13.23736090980263,52.547349715247854],[13.238177781313748,52.54702261215591],[13.239444971469027,52.54687654283225],[13.243493091591779,52.54712921079733],[13.247311870965001,52.54745839268629],[13.247922467485793,52.54759298658183],[13.248172586910101,52.54654333250692],[13.248206294291581,52.54552364337231],[13.247912218178678,52.54490815734973],[13.24736246316472,52.54419023283192],[13.247234940368784,52.543259677355735],[13.248034331434287,52.539778244823815],[13.248070961403354,52.53918570803596],[13.24787982828161,52.537924322810554],[13.245034374705302,52.538094542532235],[13.246090850980753,52.53748152904488],[13.245790827504264,52.53688076587959],[13.244538275693,52.53585717061844],[13.243656143095237,52.53651172589395],[13.24296660777183,52.536810941600585],[13.242156758441915,52.536975718599514],[13.2415380332384,52.5368169123881],[13.240154699539179,52.53615623607261],[13.238144100922701,52.53562516583754],[13.236367051293067,52.53528201525691],[13.231811820282603,52.534326737439294],[13.235663161541707,52.53356794280759],[13.237603812422078,52.53301465943576],[13.240007946329724,52.5319979606357],[13.246898676026053,52.528716274823026],[13.24668070665393,52.52831360959603],[13.247583737622643,52.52782716319749],[13.248567400993275,52.52745968868853],[13.249806173123151,52.527180101575574],[13.251213565619036,52.527085605689],[13.253874490104176,52.52705217954375],[13.255713501037585,52.52709046909038],[13.258655424011119,52.52723503043391],[13.25979233632065,52.52732445848372],[13.260930403576396,52.5275440944591],[13.262649572044092,52.52813027390297],[13.264570852522814,52.5286718287338],[13.266234133291155,52.52884521227484],[13.267657914014215,52.528832517862995],[13.268679953047407,52.528941379662115],[13.270487710715038,52.5289383594049],[13.273324054623483,52.52879870583032],[13.274686185505344,52.52887041674023],[13.276214244729166,52.52937099085419],[13.277131994590269,52.529855018477186],[13.278216677477324,52.53019679941151],[13.279245801955925,52.530293300756675],[13.279934649363165,52.530261812038205],[13.280839013523176,52.530066789677804],[13.28124248400628,52.53057346004431],[13.28141650467046,52.53158854866326],[13.282040429733245,52.533261868475584],[13.28218241666618,52.53405050581051],[13.279776767948553,52.5346036841513],[13.276275865737212,52.53563866335674],[13.276207737203547,52.536031808951165],[13.275321319497875,52.53760526411628],[13.274388243614755,52.538226611421955],[13.273597834482596,52.538554150580225],[13.272307067176824,52.5388666935438],[13.272471859594647,52.53942087071745],[13.273467477331154,52.542017426668004],[13.273140585945063,52.542909186700996],[13.273369518148264,52.54294313283953],[13.270660642323316,52.54788597590805],[13.269974799891964,52.54865580316011],[13.27030462046355,52.548650229884174],[13.270337316854372,52.54934489889789]]]},"properties":{"BZR_ID":"053008","BZR_NAME":"Siemensstadt","BEZ":"05","STAND":"01.01.2021","GROESSE_m2":5695445.845}},
{"type":"Feature","geometry":{"type":"Polygon","coordinates":[[[13.34849595553016,52.60662419326576],[13.344199177899055,52.60572518031031],[13.343667692914611,52.60596950533427],[13.341598901318195,52.60731906387604],[13.341627703157485,52.607429220515286],[13.340345370386636,52.60824622517036],[13.339374330090223,52.60827236219642],[13.339998626142645,52.608539336571575],[13.337040052204683,52.61122886842739],[13.336544860887352,52.61109385506587],[13.33644091975561,52.61128176384131],[13.333820011141718,52.61056718571976],[13.331455989641606,52.610122149988214],[13.32856075796367,52.60932597860814],[13.326328851581414,52.60861169660508],[13.322972683803073,52.607736107669275],[13.320345964416802,52.607216125744344],[13.320716652665523,52.607148429423695],[13.322334807208778,52.60582593594607],[13.3235083358903,52.60466502565197],[13.325252935945095,52.60315113731933],[13.325889763595901,52.602686179186044],[13.327999914034434,52.600871048472555],[13.329763619752388,52.599892457039864],[13.332193059342769,52.59848396972096],[13.332527617494469,52.59822249260437],[13.332927241602919,52.59827218431935],[13.334052034297427,52.59753179585265],[13.3358670287502,52.59654344247112],[13.336319313430861,52.59635881021793],[13.336610416888236,52.59654566056622],[13.336273532190285,52.59697668731304],[13.338252423447745,52.59860677501788],[13.339055242255808,52.59902409119639],[13.339149091978399,52.598892241388164],[13.339788128030444,52.599354350265365],[13.341003917356295,52.60005409598082],[13.34249354151852,52.600804451365065],[13.345107342191719,52.60173270104787],[13.347533941172108,52.6025445258462],[13.348709304040414,52.60330226610825],[13.349176404074303,52.60393551485951],[13.349331111313768,52.60494318990531],[13.349158845235234,52.60545712425753],[13.34849595553016,52.60662419326576]]]},"properties":{"BZR_ID":"126010","BZR_NAME":"Rollbergesiedlung","BEZ":"12","STAND":"01.01.2021","GROESSE_m2":1635437.48}},
{"type":"Feature","geometry":{"type":"Polygon","coordinates":[[[13.59705278690586,52.45901095208563],[13.603534268319553,52.458825511958004],[13.603353554216879,52.4581190276618],[13.603947003601732,52.45829752752612],[13.607085122344568,52.45828473677861],[13.606037096596816,52.45878012523293],[13.6059110479941,52.459076419390165],[13.607705426603628,52.46034876242705],[13.608173148296851,52.46030417907343],[13.608763737300704,52.46064217390612],[13.60932302001791,52.46030922689151],[13.61090602083214,52.46042726059382],[13.611009790926516,52.46069847699133],[13.611571025810823,52.46116749736789],[13.612523683169906,52.46113220295995],[13.61289257630226,52.4613285042661],[13.613307416466693,52.46120709124995],[13.613703473839752,52.46134520452686],[13.613948145252662,52.46169931167852],[13.614394432955786,52.46144316572693],[13.614777418208305,52.46173810379485],[13.615763580576838,52.46177526488568],[13.615610792571985,52.46198354954573],[13.616437094726242,52.46252854713603],[13.61700452075232,52.46247243587739],[13.616891206206914,52.462123566688376],[13.618100665120974,52.46245343836071],[13.618441029590379,52.46292172380116],[13.619278700805202,52.462723078175955],[13.61951127315849,52.463178099166115],[13.620375258967444,52.46351489236721],[13.619829446584196,52.46407506014954],[13.619782013801366,52.46482952788347],[13.620557065952815,52.46626277561297],[13.621383641396578,52.4666386127286],[13.62195550019212,52.4670052818518],[13.622024178075684,52.467567950969226],[13.621919180002658,52.468486165077685],[13.621023815695334,52.468497469835775],[13.621051316961053,52.469538317364915],[13.621171756279864,52.4704625391771],[13.617123297948963,52.471207564651536],[13.615068948326277,52.46971500713211],[13.613497418384565,52.47022957743514],[13.611498389848949,52.47062790076937],[13.611312875962682,52.470477165986274],[13.608153082918252,52.47109069015004],[13.60837557106753,52.472854754551605],[13.604904490083785,52.472907263842245],[13.603066381938154,52.47279130935987],[13.599908326459163,52.474320315407795],[13.599619103881722,52.474391381465544],[13.59832747134577,52.47516055888662],[13.59733359440371,52.475630592081444],[13.595206711804012,52.47681816484721],[13.59393140648856,52.47739014679141],[13.591556200424703,52.4786366139575],[13.588927327251453,52.47994014846603],[13.586553344884678,52.481024343292894],[13.586341515446339,52.48112158432508],[13.581874846080812,52.47997053524921],[13.579716084455594,52.481024104952795],[13.57776383058178,52.48031117921593],[13.57511794445191,52.47947938704204],[13.575028645664412,52.479383331066714],[13.574440965377836,52.47751979158499],[13.573839253227145,52.476970033937334],[13.573941461604548,52.47666480085173],[13.573666937052137,52.476500418126406],[13.573425060538693,52.47679483184773],[13.57200923850579,52.476191484594366],[13.567780421802762,52.47455012785129],[13.567722533415374,52.47458213600411],[13.567054743976415,52.47387064968495],[13.565670042307548,52.47359896410694],[13.565128187648893,52.47395688568231],[13.564152395711973,52.473672187010465],[13.563093500537112,52.4734666251164],[13.560868922993135,52.473261666946264],[13.559642640551353,52.47324207434933],[13.557345052671726,52.47329082079654],[13.555046387533988,52.47361362611293],[13.552597157025685,52.473652291038405],[13.551532338734901,52.47362422346453],[13.55033696037715,52.47370388546741],[13.549188043188146,52.473864187891635],[13.54799117165827,52.47386632369535],[13.54847834615908,52.473311643855446],[13.542435800058566,52.4739509609573],[13.549134172283111,52.470992654558415],[13.549452224570755,52.470762619205374],[13.550847912189866,52.47010804725192],[13.551626321366877,52.46984201724082],[13.552875696208593,52.469647936828196],[13.553053597138481,52.46942854865601],[13.552623269837119,52.468961857692015],[13.55265462636407,52.46871921673364],[13.554283905788944,52.46684088420729],[13.561414190347415,52.4588470585538],[13.56150740860192,52.45870466934816],[13.56363031951842,52.4567695921005],[13.564720515483277,52.45660465355461],[13.56457978784168,52.45690271393753],[13.56693174982758,52.457744147376154],[13.566965769178216,52.45793027725057],[13.56825204894546,52.458425272949064],[13.568811837704581,52.458415756800804],[13.571420592424255,52.4592427556929],[13.57126729651872,52.4594364215928],[13.572272766008538,52.45982634555079],[13.572647759394341,52.459198510762775],[13.573231173932982,52.45929481277349],[13.572691829767882,52.46065685683662],[13.575345049322047,52.45978975868024],[13.578256280203107,52.45904923952875],[13.579309692406266,52.45896665697832],[13.580203326084192,52.45879588773571],[13.580237725477225,52.458955953238885],[13.582412465390872,52.45901834560893],[13.58315882619914,52.45897278607248],[13.586664586891187,52.45914576690314],[13.587542021118283,52.459269715037415],[13.59014354701033,52.45917897338061],[13.59705278690586,52.45901095208563]]]},"properties":{"BZR_ID":"095020","BZR_NAME":"Köpenick Nord","BEZ":"09","STAND":"01.01.2021","GROESSE_m2":7971029.738}},
{"type":"Feature","geometry":{"type":"Polygon","coordinates":[[[13.47195462849888,52.432903143605905],[13.471331763721116,52.43250123646187],[13.470355243795838,52.432989564890896],[13.470265683826565,52.433173182593166],[13.469599747727472,52.43343945918172],[13.46891750618004,52.4329460413546],[13.46871499922295,52.433050188336495],[13.466909441982713,52.431745061495604],[13.467625558435422,52.43145927434512],[13.465072801552854,52.42972929378786],[13.463814641039896,52.43024663046083],[13.461431308726969,52.43113644824967],[13.460944721030414,52.431404794214856],[13.46016201428075,52.43214547907744],[13.462469929366229,52.43287237102505],[13.462801195539601,52.433345987980445],[13.462242080313747,52.433845142496295],[13.46163220190362,52.43415630389654],[13.459882173393792,52.43479407231364],[13.456719289454343,52.43158284685646],[13.456646803228887,52.43140937476832],[13.454683318854501,52.431990507893566],[13.454412787750492,52.43201955560697],[13.456033676748705,52.43410342433601],[13.456167653308409,52.434402879015934],[13.454419008968436,52.43492579532277],[13.453255450166816,52.435393394381265],[13.452365150358332,52.435991307085764],[13.451540518528386,52.436692275338395],[13.451287771604305,52.43643605358528],[13.450789769771331,52.43509794297369],[13.450518194215695,52.433659120582895],[13.45053385220169,52.43337966550583],[13.449622853362465,52.43301506403867],[13.449241737278038,52.433015568537506],[13.448814370919479,52.43176531910654],[13.447643563047711,52.42919589265855],[13.44724690453958,52.428587881536906],[13.44653927359138,52.42784726391483],[13.445915266749475,52.427540700892756],[13.446521934872699,52.42704322742989],[13.445431843452898,52.42661945994077],[13.44635029610614,52.425730556863996],[13.447627971140424,52.42510130568438],[13.447201809952942,52.424921076517464],[13.450078592533997,52.42401712874785],[13.451762028641747,52.42379549944897],[13.452375180065216,52.42360291704776],[13.461308521730665,52.4215304941384],[13.462772695756847,52.423909139765456],[13.463436878615585,52.42480597216908],[13.464172412913427,52.42546989511456],[13.465102462343436,52.4260827156597],[13.469610472879523,52.428760062636236],[13.470474924294162,52.42935310935298],[13.471588575690502,52.430315930160006],[13.47257208675282,52.431492539950234],[13.4730648367874,52.43232306602611],[13.472994249844142,52.43240969188917],[13.472244875247668,52.4320261428352],[13.471929281628947,52.432341887424684],[13.471561293056151,52.43237260090103],[13.472104868489504,52.43283197843462],[13.47195462849888,52.432903143605905]]]},"properties":{"BZR_ID":"083009","BZR_NAME":"Gropiusstadt West","BEZ":"08","STAND":"01.01.2021","GROESSE_m2":1524945.452}},
{"type":"Feature","geometry":{"type":"Polygon","coordinates":[[[13.461308521730665,52.4215304941384],[13.452375180065216,52.42360291704776],[13.451762028641747,52.42379549944897],[13.450078592533997,52.42401712874785],[13.447201809952942,52.424921076517464],[13.447627971140424,52.42510130568438],[13.44635029610614,52.425730556863996],[13.445431843452898,52.42661945994077],[13.442327910755822,52.42535508931515],[13.440067599844271,52.424483624844946],[13.439147871670947,52.42418676271571],[13.436694919140656,52.42376417174884],[13.435788783682412,52.42469049517209],[13.4354656525383,52.42530957683953],[13.435281226453135,52.426720097312824],[13.434806197837867,52.42690024117357],[13.43476571896836,52.427860123140064],[13.430193102516167,52.426657745214435],[13.429888454338082,52.426106002727934],[13.428944275743607,52.4248489918441],[13.421644243663273,52.424414714984536],[13.415748079683834,52.422869433157544],[13.415053362094596,52.42292865230825],[13.414763598716604,52.42364582464577],[13.414291115524053,52.424137186505305],[13.412347881416606,52.42525977577558],[13.41152004122316,52.425605884683016],[13.406238446384236,52.42752721540849],[13.405763040718394,52.42646086984669],[13.405178678481521,52.42555490285305],[13.402601245985508,52.422160902895776],[13.40546814934286,52.42176378413771],[13.404815220405412,52.42000306672533],[13.400121491825534,52.41877349649124],[13.399497171455325,52.41801930546174],[13.402504842125948,52.41271050275603],[13.40600478014048,52.41323516448798],[13.40846967134511,52.4134401441873],[13.409949252322011,52.41339120045761],[13.41148626080223,52.413138963487775],[13.41426739806928,52.412313714252164],[13.418161365327174,52.41079829655051],[13.41967703253727,52.4104905610308],[13.419583542146658,52.4101840418332],[13.421778443771766,52.41053259928364],[13.424695577561652,52.41125440061287],[13.427953662962777,52.41189292799688],[13.431932057434267,52.41251496448703],[13.435357014627082,52.41356481448202],[13.438673397923774,52.414423946894246],[13.440612324722597,52.41482145953358],[13.447055512100698,52.41668510711517],[13.447903257525951,52.41715873679934],[13.451972827103848,52.41848958734608],[13.454685371648711,52.41945432039246],[13.457223413522467,52.42009344558834],[13.458899667784822,52.42047215832134],[13.460893842041795,52.42074987103036],[13.46164540948749,52.42145295105589],[13.461308521730665,52.4215304941384]]]},"properties":{"BZR_ID":"082008","BZR_NAME":"Buckow","BEZ":"08","STAND":"01.01.2021","GROESSE_m2":4597310.386}},
{"type":"Feature","geometry":{"type":"Polygon","coordinates":[[[13.516878717794008,52.535544196954305],[13.518092355001453,52.53393468635439],[13.518615662170186,52.532894694594106],[13.519032725821827,52.528956036671026],[13.519154477568737,52.52711738706993],[13.519118476052808,52.526118331996926],[13.519293095337956,52.52580512414689],[13.519436863008213,52.52384414854287],[13.519106401039261,52.51960797073376],[13.518956302046684,52.51843827692242],[13.518740985714164,52.51444087820396],[13.518599123507972,52.5145355391571],[13.518552954960379,52.51391154679851],[13.522021961036135,52.51384077844901],[13.523700351881127,52.51391386906851],[13.52473833373598,52.513793272294805],[13.529245160369802,52.51378650212515],[13.533984904176306,52.51362295604953],[13.535136849071415,52.51337537050672],[13.536296206066904,52.512881738750444],[13.53691052774459,52.51246990038905],[13.537573553488448,52.51178697286273],[13.537822108663683,52.511095018575],[13.537847485336586,52.50993411718792],[13.538211425959265,52.50990935742515],[13.543920335047861,52.50966849229544],[13.544157587527671,52.5108406853803],[13.544317751814402,52.51117790496512],[13.544486608596817,52.51216255143686],[13.545275427241691,52.515719911260355],[13.545567155321724,52.51629348552095],[13.546774226200204,52.521725726634315],[13.547504863647319,52.5217264701972],[13.548390246920915,52.52577162447147],[13.548624265443486,52.525809055787064],[13.549570079494835,52.53014051650388],[13.549776110104208,52.53012697466006],[13.550279815885762,52.532432782970766],[13.550187381037599,52.53279234620336],[13.550610308017664,52.53334488264861],[13.551047926986794,52.53355940516591],[13.551794957267795,52.53369701037178],[13.556627095602376,52.53389819510529],[13.557463347534302,52.534236056547],[13.558001723392175,52.5340854874764],[13.566633051616568,52.534404295708384],[13.567061359624587,52.535079090683546],[13.568688825711634,52.534683104435764],[13.570726862802644,52.53439157035241],[13.572722802250402,52.53403430086082],[13.574864962168029,52.53426860412346],[13.576231922123197,52.53369077854039],[13.577094124162066,52.53291073416205],[13.577427370247008,52.532491962985766],[13.577965471690755,52.53216426641871],[13.580590314374886,52.53128786653009],[13.5817528257906,52.530841456939015],[13.584145136061103,52.5301572521983],[13.585105534427576,52.5304218755748],[13.586174866233039,52.53110819585597],[13.586398471353087,52.53148136198363],[13.585918037098025,52.53244479159933],[13.585923619765397,52.53270192475545],[13.586641549009363,52.53407457437439],[13.587497577882825,52.53396737343371],[13.586637615329279,52.53410203040736],[13.586536402682665,52.534921830058],[13.585155576957908,52.53675217733521],[13.583308230118003,52.538509583937994],[13.581887333963657,52.53914778484166],[13.581117922670721,52.53993955818909],[13.580897334061351,52.54074035358943],[13.580705101969263,52.54217222325555],[13.580905325537646,52.54296697802149],[13.581722412742502,52.54385038465083],[13.582444826857584,52.544440808941744],[13.582984289136283,52.5454139812831],[13.583581745889006,52.54623929831814],[13.584310207763965,52.54700580558696],[13.584764425026494,52.54788719603626],[13.586164329672197,52.549435396192756],[13.58627300169903,52.54974279586467],[13.58529164085719,52.5497516511438],[13.584481619354724,52.54964958657695],[13.581660349930404,52.54903594226618],[13.579099070677904,52.54840866447435],[13.578267673112602,52.54806200151334],[13.577682234242298,52.548181900946034],[13.574662356401616,52.54743086638618],[13.57483021047198,52.5471632789527],[13.571974838201719,52.54647731156992],[13.57134581421223,52.54646069022553],[13.57088997052815,52.546116097571634],[13.566985022978514,52.54511098251165],[13.565284041054333,52.5448840996057],[13.563816343543811,52.544773065025524],[13.562747564552282,52.54483416770194],[13.560972256809926,52.545080273297856],[13.559445300078169,52.545176841803986],[13.557363468461096,52.545083022941114],[13.556139173542423,52.54479221155154],[13.54620481267718,52.541838015880735],[13.544565946170778,52.541241262375834],[13.542886264012514,52.540724164125045],[13.542038084289205,52.54052212335431],[13.538186619099571,52.539919492494214],[13.538261725566718,52.540006562279075],[13.53610184009366,52.53961792117983],[13.535023889131214,52.53932677398486],[13.53159318443809,52.538599962886565],[13.530595247051169,52.538456867829865],[13.527843590101169,52.53780321820802],[13.52625011650687,52.53729198004313],[13.523712269317965,52.53644338338758],[13.521789432233723,52.536039499003856],[13.519163762052516,52.53582451954257],[13.519250993094946,52.535708315459715],[13.516878717794008,52.535544196954305]]]},"properties":{"BZR_ID":"101003","BZR_NAME":"Marzahn Süd","BEZ":"10","STAND":"01.01.2021","GROESSE_m2":9029056.095}},
{"type":"Feature","geometry":{"type":"Polygon","coordinates":[[[13.445155797585379,52.50113286505402],[13.44474905131579,52.500760063803696],[13.44423280536577,52.50068930503923],[13.44275581386531,52.500946761814525],[13.441949392325743,52.500688009652585],[13.44151690254095,52.50024737925066],[13.44092192814006,52.50046469507035],[13.430545333056882,52.498952628003586],[13.429845135184319,52.49920262243662],[13.426727090756652,52.49898834601172],[13.426427543980749,52.498640417835574],[13.425345731300906,52.49898914632905],[13.419826289530834,52.49891626477922],[13.418764555707279,52.49877439661555],[13.419954543014363,52.496560930628256],[13.420226777779034,52.49615665890838],[13.420401145959193,52.49586381903807],[13.421810747900365,52.49562452483855],[13.422750587317775,52.495367155553744],[13.430401386979014,52.49287680252178],[13.438271025197407,52.490375783473404],[13.439227897517197,52.48966053999146],[13.439628201902291,52.48965901454214],[13.439657172942836,52.48990870998566],[13.439892808697696,52.49060252949802],[13.440816288217292,52.49120256741556],[13.444976230601487,52.4944227498891],[13.446122096586928,52.49473637199631],[13.447009167236251,52.49463371681506],[13.447849502019768,52.494821500153265],[13.450907942016752,52.497108018464246],[13.451511688212728,52.49735370846783],[13.452734270352403,52.49757658814487],[13.453352357267576,52.497524960622115],[13.452699399777174,52.49801462519984],[13.452712427487928,52.49822259653294],[13.451459640321618,52.49892205408199],[13.450593054392657,52.49867543951967],[13.450206415654126,52.49885117620403],[13.45033283204037,52.499053116615286],[13.449637571727568,52.49948145788638],[13.446791830310659,52.50041126276986],[13.445155797585379,52.50113286505402]]]},"properties":{"BZR_ID":"023004","BZR_NAME":"Südliche Luisenstadt","BEZ":"02","STAND":"01.01.2021","GROESSE_m2":1496159.37}},
{"type":"Feature","geometry":{"type":"Polygon","coordinates":[[[13.52046033041446,52.4262420377876],[13.521520269021801,52.42609475265618],[13.523310202951519,52.42598495377558],[13.523917859633078,52.42604424049639],[13.527968066467727,52.42583309740227],[13.528247061809004,52.42555964595901],[13.528463373011757,52.425799253002765],[13.543593297847838,52.42497015982018],[13.544565951247357,52.424955164302524],[13.54513376129122,52.4248403241329],[13.546386118533944,52.42483954446909],[13.549430323602229,52.425047763228434],[13.549994933893636,52.42520933507551],[13.554271361981257,52.42575739900456],[13.554451376864344,52.42583402790624],[13.556112973366874,52.42597093651034],[13.56101684254047,52.42657039158785],[13.561601342813796,52.426563370129976],[13.563420213059528,52.42679489440606],[13.56367653985887,52.430056032139],[13.563591226933738,52.431394621897255],[13.563178388726731,52.432744129853255],[13.562709242137243,52.43362845780514],[13.561834448806481,52.43487463919656],[13.560941993422116,52.43597596967327],[13.560052616752849,52.43733569674746],[13.55964905264488,52.4382188870082],[13.559298588663951,52.439866293583485],[13.559114003124515,52.44197487309395],[13.559385317508028,52.44208383215668],[13.559197957861809,52.44302275516458],[13.55888335569891,52.44645930286313],[13.558788153021002,52.446512627418464],[13.558508796718941,52.44984251991836],[13.55726559842581,52.450294262098886],[13.554963994304456,52.45083119081553],[13.553315755403581,52.44798609227567],[13.545281696651744,52.44967283447318],[13.542883799415256,52.450203345061354],[13.542330153778728,52.4492088499359],[13.540418513460374,52.44815298501171],[13.532792582255814,52.44773945104478],[13.532987296787052,52.44643689984818],[13.536640941176659,52.444180682299866],[13.533160198964293,52.44224904372897],[13.53105724460737,52.44367228446829],[13.530211063826046,52.44320766853604],[13.531423452087637,52.44233849935336],[13.528893713971199,52.440949317233795],[13.530482282257006,52.4399159853177],[13.527101852346219,52.43795930960861],[13.526666043925445,52.43774416393741],[13.517969562467135,52.4327102521842],[13.51994919654649,52.426726498869776],[13.520506764028323,52.42655913153386],[13.52046033041446,52.4262420377876]]]},"properties":{"BZR_ID":"092007","BZR_NAME":"Adlershof","BEZ":"09","STAND":"01.01.2021","GROESSE_m2":6164870.06}},
{"type":"Feature","geometry":{"type":"Polygon","coordinates":[[[13.54462751797613,52.566943146563524],[13.544704174484771,52.56694102625287],[13.548334367454398,52.56546186295457],[13.548951702755879,52.565908921528155],[13.549602488154136,52.56591941372379],[13.55213855866744,52.565147844464],[13.553783176691734,52.56460141591393],[13.554320434403719,52.56449588911675],[13.553755294346127,52.56398017689488],[13.556252537683216,52.563183473874716],[13.557490820753799,52.562740575509096],[13.557912499414469,52.5626817790712],[13.55818760541588,52.56300301897586],[13.56009878625017,52.56235675944665],[13.562115368809057,52.561805577884506],[13.563136978042488,52.56140425077786],[13.565338630691755,52.56108665782633],[13.566836136348789,52.560962165907924],[13.570721110982971,52.560809358402054],[13.57381782895298,52.560589856022595],[13.574857834812812,52.56032950021471],[13.575267715818843,52.560534084090186],[13.57635548837602,52.56137154788188],[13.577969662432778,52.561156854568225],[13.58016875004991,52.56022000061774],[13.582297054391644,52.559264717380636],[13.585226910868558,52.55834802768003],[13.585695139683759,52.55841860539099],[13.585043931706332,52.558920506712745],[13.584431357408581,52.55985692219238],[13.584325677711234,52.56126154303876],[13.58383054410358,52.56260667037335],[13.583933382162902,52.56376165527403],[13.583168115158367,52.56521303811232],[13.583106147732062,52.565982997529346],[13.583428446057559,52.56677506942475],[13.583346249263066,52.56774699890101],[13.582090683002601,52.57017400545575],[13.5815421111897,52.5711060561073],[13.577887330941406,52.57112631688118],[13.576968156334754,52.57290178137215],[13.575080014509208,52.57377404395242],[13.574692302279434,52.57383815681515],[13.571408490869922,52.573235997642776],[13.569083302824904,52.57336639966152],[13.569158852759701,52.57308238492496],[13.568571653036042,52.57310393175825],[13.568270948381604,52.5737857642806],[13.567704769763404,52.574509078099894],[13.566749159633966,52.573610768054934],[13.566464568086802,52.57292993668943],[13.564413958299312,52.57219621816259],[13.560609743265058,52.57124524693849],[13.555815500400085,52.57012962247757],[13.549632916307779,52.56866727922695],[13.545733632326261,52.567790768960705],[13.54462751797613,52.566943146563524]]]},"properties":{"BZR_ID":"101001","BZR_NAME":"Marzahn Nord","BEZ":"10","STAND":"01.01.2021","GROESSE_m2":2595510.501}},
{"type":"Feature","geometry":{"type":"Polygon","coordinates":[[[13.414048592963216,52.549292379006936],[13.413736580199597,52.54750376045664],[13.412811369332127,52.54408872438203],[13.412687365531335,52.54348482482222],[13.412528797764066,52.541489720922975],[13.412944655826397,52.541400056108884],[13.412564230185053,52.54088533394374],[13.414088743104415,52.54063810904296],[13.414772222630965,52.54042352390984],[13.423753354800201,52.539033327511476],[13.426771112290686,52.54418748502842],[13.42526947788709,52.544764419529024],[13.42393854409411,52.54546018567968],[13.421224718649697,52.546968133322586],[13.419912449701389,52.547542167576495],[13.419323311999857,52.547648621998086],[13.417383321509,52.548366012029604],[13.415516069414199,52.54896791966806],[13.414048592963216,52.549292379006936]]]},"properties":{"BZR_ID":"036013","BZR_NAME":"Helmholtzplatz","BEZ":"03","STAND":"01.01.2021","GROESSE_m2":711300.072}},
{"type":"Feature","geometry":{"type":"Polygon","coordinates":[[[13.634747542569638,52.538257707873846],[13.63490458540606,52.53822371788673],[13.637645789347127,52.54092070290099],[13.637373055224026,52.542254179003436],[13.635450235680398,52.54230464604911],[13.634399202084717,52.542824725403136],[13.626104400970664,52.5435886148692],[13.618713518049466,52.544214217760846],[13.610596664582108,52.54556478736757],[13.58741166158453,52.54945237389912],[13.586549057306588,52.5497593809916],[13.586387176121345,52.54995200037752],[13.58627300169903,52.54974279586467],[13.586164329672197,52.549435396192756],[13.584764425026494,52.54788719603626],[13.584310207763965,52.54700580558696],[13.583581745889006,52.54623929831814],[13.582984289136283,52.5454139812831],[13.582444826857584,52.544440808941744],[13.581722412742502,52.54385038465083],[13.580905325537646,52.54296697802149],[13.580705101969263,52.54217222325555],[13.580897334061351,52.54074035358943],[13.581117922670721,52.53993955818909],[13.581887333963657,52.53914778484166],[13.583308230118003,52.538509583937994],[13.585155576957908,52.53675217733521],[13.586536402682665,52.534921830058],[13.586637615329279,52.53410203040736],[13.587497577882825,52.53396737343371],[13.587757369183166,52.53404068321918],[13.589627202249217,52.53390956942089],[13.589550262995306,52.53357208916087],[13.590288620750004,52.533471341689456],[13.590425318278294,52.53387613737099],[13.59119657342699,52.53378179989282],[13.591593768309153,52.533410440163365],[13.592847432011142,52.53274767104182],[13.593810359513455,52.53335406342442],[13.594838700862962,52.53377490189322],[13.596348745127537,52.534187311614815],[13.597189119315841,52.53445675995344],[13.600815913825386,52.535465729946985],[13.604079164629528,52.53633863893194],[13.604183459442103,52.53618873313472],[13.608220552520633,52.53722783743027],[13.610210940376728,52.53761059813634],[13.61017286066967,52.537687427092735],[13.612816143989976,52.538168714802566],[13.616145155558172,52.538858592704486],[13.620260813158358,52.53944171146768],[13.621637708377584,52.53957248584308],[13.623947194831354,52.53956140827546],[13.626914365808787,52.53946557268657],[13.628647185924484,52.539320294529084],[13.631666867352582,52.53889535462462],[13.634747542569638,52.538257707873846]]]},"properties":{"BZR_ID":"102004","BZR_NAME":"Hellersdorf Nord","BEZ":"10","STAND":"01.01.2021","GROESSE_m2":3601217.456}},
{"type":"Feature","geometry":{"type":"Polygon","coordinates":[[[13.27498202437369,52.58151696488048],[13.275234346467792,52.58132008480318],[13.275252784227064,52.58029853824593],[13.27552841969479,52.57945034684149],[13.27585822179455,52.579408624778466],[13.275986206971176,52.57970788456481],[13.27701518110014,52.57961029491516],[13.277259236829696,52.580124704513395],[13.2790056293022,52.57988717989172],[13.27904411538682,52.579574808107516],[13.278630839776492,52.57873378476248],[13.279031198738982,52.578475742467745],[13.283459251561654,52.578680072886044],[13.283686668158207,52.57886998073171],[13.283256728041591,52.57994082085655],[13.283841378180695,52.579749936906666],[13.287394939029749,52.57988178367859],[13.28758046390917,52.580101908422215],[13.286881445381576,52.58095194915163],[13.2871620391065,52.58096241956897],[13.286839664337641,52.58145675325841],[13.290378752169842,52.58154513377112],[13.291002600793009,52.58158859442545],[13.288817610900129,52.58430815306434],[13.287600490677455,52.58573495998668],[13.290282545318755,52.585997553402926],[13.291296719283507,52.58449376694543],[13.291661317154553,52.58425818341652],[13.291745630291087,52.58382401455227],[13.292187222367494,52.58275479685138],[13.293100956482258,52.58280365920918],[13.29340953177133,52.58260838443854],[13.293912844969176,52.58271993153349],[13.294045033841988,52.58287739853106],[13.291886153695087,52.58607965358991],[13.29156426008143,52.586498229581736],[13.291241574199638,52.58640881387804],[13.289774329401288,52.58857441000013],[13.289579971667036,52.5887181777921],[13.287854438892763,52.591087297485046],[13.287373652345364,52.591912947361806],[13.286142807053482,52.59363094221792],[13.28554844633275,52.594701701529274],[13.284914636290805,52.59561664614891],[13.281188861742558,52.59970158609044],[13.280804944613063,52.599218702389834],[13.280264677754737,52.598857210381574],[13.278024881174153,52.59774890188022],[13.276620782405985,52.59661247217568],[13.27506201390446,52.59780017603781],[13.27426319708552,52.59742876658844],[13.271732505770645,52.59655352589085],[13.270523609220078,52.59620077641143],[13.269614840092133,52.59613519835379],[13.267993487986859,52.59615617061876],[13.267141550561357,52.59606150933812],[13.26555062130487,52.59555044803447],[13.264710899745973,52.59502717932221],[13.26296984476496,52.59376010113895],[13.264572399526182,52.593164046096454],[13.264509628950162,52.593067319790805],[13.265362203312774,52.59280454952538],[13.266378382295658,52.59213970283396],[13.26689152679956,52.59150120237398],[13.267155417122295,52.590725084352094],[13.267029541927418,52.59024851051929],[13.26661044787056,52.58988857492605],[13.266121075913277,52.589775763878585],[13.266263519080264,52.58948331662081],[13.267369565910169,52.589297454446026],[13.268708935636342,52.589502377027614],[13.269671779882204,52.589455956015435],[13.270841507195149,52.59000017613941],[13.271566074612617,52.58966000333751],[13.270909420607213,52.589372610827155],[13.271791212823498,52.588980964679685],[13.272115411292608,52.58926648284861],[13.272438869614886,52.58924732471793],[13.272048999710375,52.58892416507926],[13.272838399064229,52.58850604596043],[13.27379698805753,52.58744612499298],[13.275461268111425,52.58505396265457],[13.274595222288253,52.584301331839804],[13.274900785868695,52.58404087426886],[13.27407370282612,52.58244076151095],[13.2743230977734,52.5818849788076],[13.275021042321136,52.58175888229767],[13.27498202437369,52.58151696488048]]]},"properties":{"BZR_ID":"122005","BZR_NAME":"West 5 - Tegel","BEZ":"12","STAND":"01.01.2021","GROESSE_m2":2392477.977}},
{"type":"Feature","geometry":{"type":"Polygon","coordinates":[[[13.416388933843491,52.4514084062082],[13.419607888833207,52.45196864895139],[13.42104418275662,52.45210534053243],[13.429259405160721,52.45219291533361],[13.431215869688168,52.45226205254185],[13.433024465796004,52.452244978166405],[13.434225079556368,52.4512560057516],[13.434561174780475,52.45085547703337],[13.435946299394091,52.44885009097409],[13.436222497434478,52.44946900672303],[13.436665409353827,52.45007119052436],[13.436836049915758,52.450062207400414],[13.438194281119817,52.45192784774678],[13.438153019122854,52.45248798918336],[13.440832148840718,52.45260913626451],[13.443532089159827,52.452320393670064],[13.444593492877564,52.452252135199245],[13.45139141955923,52.45236143816718],[13.451853347066526,52.45234927038799],[13.453338496801553,52.4525865493176],[13.453318266375167,52.45265079457453],[13.455405147048259,52.45297374425019],[13.456759907940596,52.45293255773026],[13.458568828915096,52.452562645615544],[13.459238280778992,52.45224807681312],[13.460542823908504,52.45119481105594],[13.461329966016235,52.45090653305044],[13.46205000551164,52.45082315643931],[13.462859043291369,52.451122721302305],[13.461707522012217,52.45264642109209],[13.461406458842392,52.4529099356319],[13.459014243793142,52.45647156644432],[13.457545217067144,52.45827865938728],[13.4569804851722,52.45910812045043],[13.456619605464848,52.45964472910341],[13.45629553391293,52.459788232081756],[13.455179589843912,52.46098755660687],[13.454754002928544,52.460892256818404],[13.452901469004331,52.46282490370101],[13.452505193978233,52.46343496163723],[13.452372608934656,52.46407281695785],[13.452466989059728,52.464728612247164],[13.452696917807991,52.46511340017995],[13.451166361096357,52.464975169518524],[13.448202482667453,52.46435911701936],[13.444521480875473,52.463675630582436],[13.4441783958681,52.46384872798095],[13.441985532407568,52.46349699012945],[13.440421522502458,52.46332649450355],[13.438424792447167,52.46319464549657],[13.43454155308726,52.46285860497743],[13.434181268224934,52.46275511307118],[13.431741670098498,52.46233449813261],[13.42635659668875,52.461669292664844],[13.423009211570124,52.4613184941748],[13.42323264163522,52.46040403668115],[13.421425126264674,52.46065541219989],[13.420607843834535,52.459368101508005],[13.424371506999414,52.45799758084112],[13.424980422235976,52.45770296069277],[13.42656966669617,52.45669987344581],[13.424946643696511,52.45659772572354],[13.422114946363642,52.456663942138],[13.421196582222672,52.456752224154194],[13.420773529662046,52.456303681187215],[13.419657969482591,52.45468108240382],[13.417682665071574,52.45220170510079],[13.416836851337399,52.45223947625934],[13.41654507825066,52.45169877129365],[13.416388933843491,52.4514084062082]]]},"properties":{"BZR_ID":"082006","BZR_NAME":"Britz Nord","BEZ":"08","STAND":"01.01.2021","GROESSE_m2":3035955.09}},
{"type":"Feature","geometry":{"type":"Polygon","coordinates":[[[13.405585737816526,52.52966497959657],[13.406086422861303,52.53060510296826],[13.405991046649806,52.53078067223806],[13.406425910242696,52.532347014703454],[13.408349863432063,52.53434791425371],[13.40748616278467,52.5346897958504],[13.40551877348987,52.538513691351916],[13.404704551635403,52.54018771114882],[13.404190762775238,52.540401262777124],[13.40352787814841,52.54021344626434],[13.39633625956813,52.53818535601461],[13.39352117120835,52.53742193244739],[13.390423703723448,52.535481969447034],[13.390149386233146,52.53535686797615],[13.388044084351126,52.5335068556888],[13.38755848421515,52.53326805514973],[13.386192546754993,52.53428911823753],[13.384897751395073,52.53542012634863],[13.383438643118566,52.53659050479123],[13.382095389689283,52.53774429636311],[13.38001019708486,52.53975420857761],[13.379513460258748,52.54010418265125],[13.376127495477009,52.538087092501506],[13.374925849666626,52.53732585903415],[13.380650465724207,52.53268629861446],[13.383168954962601,52.5306654733287],[13.38466708992595,52.529421067937086],[13.38702257167911,52.52754665781661],[13.387379332948932,52.52733079817584],[13.393494535100498,52.528585077866154],[13.397358012839481,52.529525671842734],[13.400754043524028,52.529735359350695],[13.401211609991883,52.53001665922703],[13.401723329041747,52.52988962272554],[13.403628015032483,52.52999847170564],[13.405585737816526,52.52966497959657]]]},"properties":{"BZR_ID":"011004","BZR_NAME":"Brunnenstraße Süd","BEZ":"01","STAND":"01.01.2021","GROESSE_m2":1755172.262}},
{"type":"Feature","geometry":{"type":"Polygon","coordinates":[[[13.504724749811295,52.619644658205814],[13.50545826866714,52.61997476200205],[13.505854699243196,52.62575192417305],[13.50768140044224,52.6265110464225],[13.5113918994951,52.62778742297318],[13.514652000805055,52.62863472187106],[13.517816471310603,52.629565301047855],[13.518440142863628,52.63162087944464],[13.519770969879517,52.634488905306405],[13.520410882010797,52.63571048299599],[13.521057187786633,52.63749450928007],[13.521718849166142,52.6386602660129],[13.522439809690454,52.64076142907968],[13.522941888967168,52.644040110917594],[13.523021983682037,52.64503466905335],[13.520391170099746,52.64487697026371],[13.519940566566499,52.645498600293344],[13.519266079190512,52.646946010030135],[13.517162486162151,52.64656293841173],[13.515186771711111,52.6461188831815],[13.51282787452341,52.64539946230938],[13.511933935147253,52.6458281560342],[13.50726946960558,52.64830884079409],[13.50472284198721,52.64956370315003],[13.503143029368351,52.64997083432509],[13.50040039193912,52.65103222701709],[13.493482641670825,52.65374650766703],[13.49075954785214,52.654796715974136],[13.485359316853291,52.65942558791351],[13.488424199077802,52.67078667967141],[13.485218702078019,52.66964028970258],[13.48378747640185,52.66930225666346],[13.479934763354136,52.66810964219199],[13.477974564122592,52.66767808971965],[13.475832749433199,52.66654756337178],[13.475563568715568,52.66686919830685],[13.47569814227255,52.66749944765564],[13.475131362577008,52.66799037951919],[13.474531913133882,52.66822195379881],[13.476466385680563,52.67135810610984],[13.477262455107752,52.6720708496072],[13.47984758682009,52.674724486822754],[13.480084391548713,52.67485839367596],[13.479487807820453,52.67550765972354],[13.477273246383978,52.67390078006041],[13.475520173983686,52.67502308975322],[13.47355538896134,52.673443870259916],[13.470714507973662,52.67102347479545],[13.47052278350236,52.67107304805856],[13.465928018710258,52.66711841706356],[13.459553728300778,52.66897514709916],[13.45550608839146,52.66574873612606],[13.455216146528455,52.66563475642485],[13.450785702887913,52.66266738284661],[13.453945110026169,52.661849854549835],[13.454916673261462,52.66137278891469],[13.462383103698853,52.65754023032615],[13.47351291779687,52.656531239852036],[13.474262624603401,52.65575224158674],[13.47403919289804,52.65485952730743],[13.474118191236032,52.65451509134037],[13.473906539106105,52.65411854158119],[13.472176465387962,52.65341113757019],[13.471089816833986,52.65265823845011],[13.470495803905171,52.6523616793148],[13.469966707036098,52.651862925118316],[13.469267385313941,52.65166524719986],[13.46876187719744,52.65173379740424],[13.467658901919894,52.651589332752636],[13.467074928551648,52.6516534444325],[13.465723674636594,52.65116857585514],[13.465026475282995,52.650738532678396],[13.463868892480052,52.650377033038225],[13.463056967967573,52.64992410139248],[13.462409450240596,52.64905977418658],[13.462120894742585,52.648850346097205],[13.46129431426568,52.64873448435162],[13.460413757277145,52.64847666963814],[13.459732605599289,52.64808143578246],[13.456454627413562,52.64841500504952],[13.45627338253467,52.64837841555583],[13.452084512812496,52.64869941660911],[13.452097803177187,52.64967166958729],[13.450977618004854,52.64985102441621],[13.447716760693117,52.65003857457227],[13.44491327221569,52.64950179450466],[13.443309602406519,52.64953752983381],[13.442772768340431,52.64912426008069],[13.44160984968298,52.6490230170016],[13.44154617447137,52.64938361119942],[13.440821315868696,52.649263073327816],[13.439790461216107,52.64526691821037],[13.439411819446496,52.64525573647319],[13.435701345040593,52.644662181312476],[13.434009131527828,52.64428278958222],[13.43382236059857,52.64382392683057],[13.433389852688242,52.64147445341805],[13.434261089684533,52.63795384842033],[13.432722514822519,52.63737783173774],[13.427630518808753,52.63751173282486],[13.426614787867363,52.636906674197746],[13.426753505011774,52.635670922587146],[13.426958304485629,52.63124495126746],[13.427201032139546,52.63106681024286],[13.427244104673157,52.63059095529161],[13.427037365748461,52.63058521625222],[13.427231428981345,52.62881255206061],[13.427340667089501,52.62832260559075],[13.4281311979417,52.62607608040351],[13.428432955504435,52.626065537144065],[13.429553501035796,52.62442443025819],[13.43016282003763,52.62383840737363],[13.430978564118233,52.62312421763338],[13.432327324567165,52.62219526392202],[13.435163844170253,52.62045593904283],[13.442655195356368,52.61581112935317],[13.443916617385595,52.615014402370036],[13.445602953640568,52.61380942500638],[13.446724081144778,52.61279806680964],[13.447709545226738,52.61161026315325],[13.448409628091678,52.6104782146506],[13.448873905302221,52.60921262507185],[13.449086703930915,52.607881748415615],[13.449731853397404,52.60808108975772],[13.450372016714628,52.60859332611408],[13.451350587093128,52.61072958440162],[13.451630582186958,52.61118785128909],[13.45228794094948,52.61186145402097],[13.452947549880234,52.61230671398353],[13.453723614708643,52.61272409945857],[13.458090537307625,52.61541058322911],[13.458737082271126,52.615749835475384],[13.464423014001973,52.61842473654383],[13.465489403459157,52.6190530820962],[13.469966207567339,52.622518834047945],[13.470624840765213,52.62289111854732],[13.47300985847861,52.6238496989704],[13.473952515669287,52.62416839905992],[13.478682356717888,52.62543100973659],[13.479638316332966,52.62556585555411],[13.481921305436144,52.625520107715225],[13.48339679610003,52.62577771476111],[13.486567048119188,52.624398386517925],[13.488752767413175,52.62358371788862],[13.493720693360228,52.6222081239952],[13.498470230169563,52.62118283094767],[13.504724749811295,52.619644658205814]]]},"properties":{"BZR_ID":"031001","BZR_NAME":"Buch","BEZ":"03","STAND":"01.01.2021","GROESSE_m2":22984831.67}}
]}