{"type":"FeatureCollection", "features": [
{"type":"Feature","geometry":{"type":"Polygon","coordinates":[[[412216.912,5805908.617],[412192.294,5805961.419],[412128.844,5805931.682],[411947.63,5805923.824],[411879.4,5805939.85],[411822.05,5805980.95],[411785,5805978.2],[411699.8,5806067.25],[411680.723,5806108.893],[411315.521,5805845.754],[411208.91,5805745.257],[411087.935,5805655.773],[410903.966,5805567.62],[410609.65,5805464.33],[410424.421,5805391.505],[410350.401,5805354.36],[410242.958,5805280.438],[410161.644,5805203.05],[410124.789,5805140.039],[410104.65,5805044.704],[410112.758,5804910.535],[410085.21,5804867.114],[410051.319,5804852.42],[409610.8,5804703.8],[409559.85,5804638.05],[409561.85,5804620.05],[409509,5804522.05],[409445.4,5804376.9],[409295.35,5804360.5],[409260.7,5804327.35],[409188.007,5804337.828],[408618.71,5804210.362],[408531.45,5804316.4],[408475.85,5804324.85],[408422.186068,5804372.21945],[408047.4,5804765.651],[408009.710161,5804848.457231],[407883.593,5805299.631],[407809.178,5805557.021],[407750.627,5805699.775],[407647.669,5805891.916],[407605.955,5805943.892],[407545.262,5805992.206],[407411.955,5806063.107],[406674.448,5806843.27],[406644.357,5806892.278],[406624.07,5806959.647],[406584.311,5807192.501],[406550.134,5807285.309],[406507.981,5807350.012],[406426.209,5807425.365],[406337.347,5807449.019],[405773.69,5807399.658],[405711.608,5807409.518],[405148.498,5807673.237],[404906.752,5807861.385],[404800.588,5807918.733],[404659.077,5807927.254],[404508.673,5807909.983],[404431.4,5807891.012],[404301.256,5807844.44],[404185.298,5807844.605],[404077.792,5807877.612],[403994.703,5807921.725],[403883.733,5808009.749],[403813.928,5808086.113],[403757.362,5808192.429],[403737.562,5808269.592],[403740.317,5808389.625],[403758.462,5808489.436],[403760.423,5808612.201],[403724.728,5808733.869],[403600.749,5808919.06],[403577.422,5808998.558],[403572.576,5809167.448],[403551.759,5809266.292],[403518.468,5809338.971],[403459.592,5809422.206],[403386.487,5809496.957],[403339.996,5809530.974],[403211.44,5809599.693],[403169.383,5809639.199],[402973.702213,5809610.816652],[402426.402,5809509.382],[402392.149,5809493.089],[402197.098,5809456.63],[402157.373,5809458.202],[401822.624,5809398.179],[401709.345,5809385.21],[401687.7,5809373.6],[401404.95,5809321.8],[401366.2,5809304.6],[401158.75,5809285.6],[401073.6,5809287.4],[400969.15,5809303.95],[399942.3,5809417],[399927.05,5809390.65],[399908.7,5809421.45],[399633.8,5809450.55],[399592.35,5809444.8],[399470.9,5809459.5],[399399.169,5809477.356],[399337.443,5809299.307],[399254.055,5809109.541],[399267.065,5809036.441],[399321.73,5808942.792],[399350.804,5808933.71],[399389.805,5808876.055],[399410.102,5808731.784],[399494.47,5808606.384],[399492.535,5808486.113],[399515.058,5808363.718],[399544.653,5808273.615],[399494.73,5808161.115],[399518.984,5808129.837],[399615.41,5808065.432],[399556.376,5807962.264],[399570.767,5807936.073],[399540.707,5807904.837],[399571.398,5807852.42],[399532.796,5807783.18],[399550.877,5807757.519],[399479.606,5807481.811],[399446.732,5807384.566],[399363.19,5807270.835],[399370.511,5807258.287],[399255.385,5807130.477],[399273.838,5807109.708],[399235.054,5807079.788],[399087.934,5806934.798],[399109.107,5806879.251],[399039.95,5806808.002],[399040.289,5806763.729],[399117.027,5806735.55],[399217.212,5806682.737],[399431.702,5806620.365],[399499.984,5806561.818],[399619.716,5806484.37],[399740.287,5806432.066],[399961.408,5806245.745],[400236.716,5806414.668],[400331.148,5806456.36],[400468.494,5806534.303],[400563.48,5806604.251],[400546.896,5806531.654],[400465.837,5806341.234],[400474.5,5806317.192],[400412.504,5806294.644],[400437.46,5806225.92],[400375.175,5806050.06],[400320.51,5805794.121],[400297.994,5805586.23],[400295.853,5805512.459],[400337.268,5805313.423],[401045.636,5805268.734],[401434.54,5805237.951],[401591.795,5805221.236],[402060.603,5805187.65],[402286.111,5805179.14],[402396.719,5805212.031],[402550.429,5805247.416],[402741.273,5805305.036],[402985.386,5805385.61],[403070.052,5805398.02],[403483.703,5805498.151],[403716.03,5805570.57],[403906.295,5805634.564],[404097.303,5805724.491],[404240.283,5805772.442],[404332.512,5805630.266],[404341.122,5805581.848],[404323.789,5805528.376],[404298.689,5805342.556],[404339.942,5805226.103],[404387.85,5805227.777],[404401.846,5805140.292],[404377.232,5805073.536],[404380.476,5805035.03],[404456.4,5804897.237],[404649.702,5804829.096],[404677.226,5804828.472],[404749.155,5804706.024],[404810.185,5804662.712],[404918.083,5804538.541],[404964.233,5804406.879],[405040.322,5804325.119],[405078.14,5804261.222],[405141.128,5804119.969],[405135.148,5804063.146],[405075.497,5803993.863],[405143.562,5803856.986],[405162.468,5803775.816],[405144.545,5803653.371],[405090.006,5803509.641],[405195.926,5803547.047],[405456.044,5803689.412],[406092.717,5804031.115],[406651.15,5804340.107],[406960.921,5803765.436],[407607.185,5803894.068],[407611.739,5803624.704],[407608.088,5803346.017],[407584.717,5803218.387],[407553.668,5803149.764],[407651.007,5803109.761],[407874.513,5803070.992],[407867.334,5803007.776],[407874.422,5802937.15],[407899.616,5802832.734],[407892.44,5802721.321],[407873.799,5802617.264],[407814.539,5802528.956],[407720.764,5802478.603],[407651.783,5802420.14],[407472.631,5802293.057],[407408.705,5802164.826],[407328.012,5802060.41],[407281.162,5801922.656],[407282.021,5801858.868],[407298.419,5801813.042],[407267.901,5801701.835],[407251.253,5801571.197],[407213.299,5800642.009],[407138.767,5800635.654],[407109.928,5800488.55],[407141.068,5800311.18],[407163.368,5800255.493],[407264.822,5800082.488],[407408.857,5799934.062],[407538.234,5799715.533],[407652.526,5799710.584],[407719.136,5799583.506],[407849.741,5799524.014],[407945.798,5799529.71],[408089.859,5799594.478],[408142.025,5799651.481],[408111.676,5800001.174],[408192.399,5800138.325],[408225.823,5800241.458],[408287.223,5800364.117],[408422.501,5800508.712],[408460.31,5800574.226],[408454.573,5800648.086],[408508.889,5800773.579],[408514.031,5800880.689],[408534.412,5800995.707],[408563.684,5801028.138],[408665.213,5801076.144],[408664.944,5801126.223],[408707.137,5801180.956],[408875.981,5801278.638],[408871.443,5801311.93],[408922.911,5801374.295],[408903.591,5801443.674],[408948.317,5801575.458],[409029.41,5801672.537],[409080.308,5801710.156],[409168.547,5801704.371],[409140.917,5801875.904],[409170.879,5801974.713],[409185.419,5802093.822],[409206.721,5802169.958],[409244.836,5802246.285],[409336.016,5802382.257],[409365.838,5802410.987],[409433.882,5802434.332],[409470.249,5802499.714],[409506.391,5802605.364],[409568.755,5802664.483],[409746.897,5802723.693],[409815.811,5802759.63],[409953.558,5802856.262],[410022.143,5802923.861],[410077.305,5802951.16],[410139.194,5802947.326],[410278.03,5802969.137],[410323.962,5802953.717],[410453.508,5802874.307],[410582.805,5802751.818],[410618.481,5802702.856],[410734.18,5802713.048],[410776.345,5802739.924],[410758.583,5802760.789],[410845.521,5802749.081],[410944.772,5802684.024],[410895.525,5802750.74],[410946.176,5802767.466],[411018.92,5802770.804],[410993.075,5802865.163],[411031.647,5802941.391],[411123.685,5803026.682],[411161.049,5803071.387],[411240.396,5803203.973],[411297.625,5803273.827],[411322.042,5803331.206],[411362.547,5803369.162],[411414.693,5803450.931],[411450.357,5803534.563],[411502.093,5803608.991],[411550.437,5803786.44],[411536.497,5803821.63],[411469.583,5803823.601],[411461.195,5803848.515],[411318.792,5803817.878],[411384.938,5804092.221],[411435.097,5804225.83],[411437.548,5804267.81],[411402.485,5804266.898],[411186.717,5804211.576],[411126.738,5804249.338],[410820.819,5804474.023],[410697.264,5804442.786],[410656.926,5804484.629],[410641.016,5804546.857],[410577.348,5804560.32],[410628.261,5804705.614],[410679.841,5804689.67],[410711.046,5804789.562],[410755.293,5804715.974],[410766.538,5804672.899],[410885.517,5804722.432],[411132.112,5804980.404],[411219.821,5805092.887],[411257.477,5805103.583],[411317.092,5805180.894],[411352.868,5805206.223],[411364.586,5805276.511],[411390.453,5805321.335],[411376.395,5805339.349],[411419.615,5805410.809],[411470.577,5805425.591],[411428.582,5805340.3],[411446.562,5805279.576],[411546.374,5805338.866],[411665.158,5805546.877],[411716.985,5805584.846],[411764.459,5805570.755],[411846.126,5805599.736],[411913.028,5805658.429],[411990.134,5805773.081],[412038.004,5805783.833],[412084.41,5805772.012],[412174.58,5805833.126],[412216.912,5805908.617]]]},"properties":{"PGR_ID":"0930","PGR_NAME":"Treptow-Köpenick 3","BEZ":"09","STAND":"01.01.2021","GROESSE_M2":40689624.24}},
{"type":"Feature","geometry":{"type":"Polygon","coordinates":[[[387320.217,5808123.69],[387290.241,5807675.343],[387806.877,5807131.247],[387920.38,5807037.921],[388046.401,5806910.156],[388240.122,5806753.73],[388376.242,5806625.036],[388582.169,5806481.432],[388702.017,5806418.12],[389220.71,5806085.974],[389098.681,5805491.148],[389424.423,5805457.784],[389665.966,5805448.378],[390102.324,5805470.538],[390252.113,5805481.662],[390287.652,5805001.027],[390299.072,5804763.599],[390288.554,5804719.485],[390297.428,5804641.129],[390283.024,5804455.646],[390302.578,5804288.536],[390757.651,5804250.381],[390893.144,5804244.414],[391137.658,5804211.219],[391409.124,5804161.644],[391576.494,5804147.556],[391759.883,5804114.215],[391961.131,5804142.338],[391946.92,5804090.62],[392502.386,5804048.376],[392589.853,5804255.249],[392977.924,5805110.869],[392976.849,5805183.564],[392950.76,5805340.89],[392878.905,5805647.298],[392749.459,5806159.624],[392576.594,5806836.247],[392414.671,5807492.867],[392407.938,5807587.926],[392424.223,5807734.614],[392444.109,5807815.02],[392501.464,5807836.578],[392508.568,5807870.53],[392406.23,5807907.011],[392145.084,5808081.358],[391957.952,5808177.295],[391854.037,5808207.647],[391753.531,5808215.305],[391585.392,5808196.201],[391346.072,5808143.103],[391154.592,5808738.071],[391124.394,5808700.96],[391131.786,5808677.915],[391081.198,5808661.752],[391099.335,5808648.528],[391062.396,5808597.915],[390897.434,5808724.396],[390767.702,5808816.243],[390770.522,5808840.852],[390681.142,5808881.233],[390610.714,5808931.455],[390535.797,5808998.689],[390445.253,5809050.52],[390273.056,5809133.076],[390210.20393,5809175.187535],[390062.682,5809311.441],[390014.167,5809343.611],[390291.866,5809478.946],[390413.879,5809521.091],[390379.551,5809794.181],[390372.873,5809803.237],[390088.7605,5809755.37],[389949.093,5809796.261],[389952.888,5809812.837],[389742.674,5809874.554],[389733.419,5809859.6],[389515.768,5809923.514],[389529.6,5809964.571],[389282.138,5810023.267],[389254.225,5809979.841],[389069.329,5809849.138],[389031.249,5809852.908],[388762.532,5809268.899],[388723.95,5809197.578],[388695.129,5809170.598],[388494.961,5809082.038],[388402.253,5809005.465],[388144.678,5808860.021],[387950.743,5808764.313],[387841.39,5808696.326],[387670.061,5808616.827],[387508.337,5808533.396],[387285.293,5808396.554],[387307.261,5808299.663],[387302.566,5808181.471],[387292.272,5808124.941],[387320.217,5808123.69]]]},"properties":{"PGR_ID":"0760","PGR_NAME":"Marienfelde / Lichtenrade","BEZ":"07","STAND":"01.01.2021","GROESSE_M2":19192296.44}},
{"type":"Feature","geometry":{"type":"Polygon","coordinates":[[[402973.702213,5809610.816652],[402964.466532,5809638.253972],[403007.502,5809654.467],[403053.781,5809711.677],[403035.464,5809930.457],[402961.105,5810008.448],[402927.093,5810094.419],[402925.058,5810165.58],[402910.15,5810209.75],[402914.398,5810309.652],[402944.176,5810374.476],[403104.401,5810576.12],[403106.129,5810621.138],[403083.483,5810670.563],[403017.879,5810720.459],[402996.221,5810787.618],[402898.411,5810979.488],[402840.57,5811141.943],[402839.5,5811280.75],[402820.1,5811396.7],[402874.199,5811395.744],[402902.008,5811425.146],[402896.457,5811473.384],[402818.442,5811458.231],[402865.552,5811617.739],[402931.4,5811795.4],[402902.9,5811837.55],[402804.436,5811880.065],[402748.4,5811930.5],[402688.291,5812009.228],[402635.115,5812105.119],[402515.988,5812369.756],[402462.55,5812418.8],[402385.65,5812444.4],[402332.9,5812444.05],[402282.8,5812423.6],[402211.55,5812417.45],[402065.82,5812424.689],[401991.487962,5812415.951911],[401987.568684,5812553.008452],[401972.165,5812554.945],[401965.912,5812683.577],[401971.835,5812725.979],[402306.814,5812800.355],[402401.83,5812813.491],[402255.858,5813047.548],[401878.61,5813773.236],[401682.724299,5814157.441172],[401711.405,5814235.792],[401699.81,5814260.435],[401615.38,5814283.722],[401563.101,5814314.371],[401448.674,5814415.096],[401000.346,5814753.286],[400975.423,5814757.905],[400826.929,5814871.126],[400483.215,5814450.888],[400240.446,5814149.825],[400194.563,5814100.522],[399980.391,5814403.773],[399849.509,5814599.142],[399725.46,5814769.473],[399643.451,5814870.062],[399586.813,5814922.943],[399498.258,5814797.07],[399267.765,5814934.123],[399195.005,5814967.246],[399075.894,5814988.875],[399002.892,5814984.306],[398653.332,5814907.234],[398421.515,5815270.395],[398266.523,5815768.702],[398173.002,5815784.751],[397994.003,5815853.318],[397911.831,5815857.531],[397744.137,5815840.409],[397790.492,5815639.769],[397831.187,5815354.66],[397821.974,5815252.991],[397781.903,5815114.291],[397746.197,5814957.832],[397746.021,5814863.097],[397764.765,5814689.989],[397808.093,5814542.694],[397870.85,5814433.25],[397941.348,5814395.493],[398002.756,5814336.56],[398040.792,5814262.666],[398009.909,5814280.792],[397960.508,5814264.49],[397803.734,5814001.807],[397660.022347,5813770.295211],[397882.75,5813565.375],[397975.9,5813465.168],[398014.318,5813411.958],[398342.801,5813021.227],[398414.392,5812942.734],[398476.163,5812861.597],[398610.318,5812713.172],[398691.284,5812643.111],[398674.967,5812623.341],[398737.181,5812552.55],[398854.187108,5812656.164776],[398894.78,5812646.41],[398954.622,5812587.962],[399071.068,5812456.466],[399066.478,5812449.328],[399191.535,5812312.554],[399328.609,5812177.772],[399408.821,5812086.458],[399462.785,5812080.314],[399496.265,5812045.899],[400150.47,5811293.102],[400180.942,5811252.43],[400005.86,5811101.42],[400111.495,5810984.294],[399877.292,5810771.347],[399847.181,5810748.022],[399244.572,5810200.23],[399365.52,5809531.95],[399403.048,5809512.559],[399399.169,5809477.356],[399470.9,5809459.5],[399592.35,5809444.8],[399633.8,5809450.55],[399908.7,5809421.45],[399927.05,5809390.65],[399942.3,5809417],[400969.15,5809303.95],[401073.6,5809287.4],[401158.75,5809285.6],[401366.2,5809304.6],[401404.95,5809321.8],[401687.7,5809373.6],[401709.345,5809385.21],[401822.624,5809398.179],[402157.373,5809458.202],[402197.098,5809456.63],[402392.149,5809493.089],[402426.402,5809509.382],[402973.702213,5809610.816652]]]},"properties":{"PGR_ID":"0920","PGR_NAME":"Treptow-Köpenick 2","BEZ":"09","STAND":"01.01.2021","GROESSE_M2":19202297.43}},
{"type":"Feature","geometry":{"type":"Polygon","coordinates":[[[391782.526,5815929.353],[391812.286,5816190.835],[391844.267,5816276.24],[391938.158,5816412.363],[391899.116,5816561.953],[391898.686,5816604.497],[392774.265,5816396.923],[392965.026,5816302.634],[393053.819,5816459.371],[393086.64,5816492.144],[392790.809,5817320.989],[392765.422,5817364.718],[392754.298,5817397.547],[392656.891,5817398.349],[392594.859,5817384.84],[392480.105,5817330.467],[392351.827,5817315.819],[392223.184,5817334.584],[391989.497,5817413.632],[391866.096,5817448.786],[391755.314,5817472.411],[391538.822,5817502.916],[391417.925,5817530.423],[391322.516,5817563.705],[391243.799,5817602.439],[391148.797,5817629.304],[391009.813,5817643.28],[390857.27,5817618.22],[390734.246,5817613.539],[390608.604,5817655.297],[390375.174,5817752.66],[390276.811,5817776.145],[390135.019,5817769.589],[390007.167,5817800.205],[389954.726,5817830.41],[389911.907,5817876.561],[389850.883,5818030.669],[389818.697,5818088.087],[389681.92,5818226.477],[389687.516172,5818256.175606],[389644.011,5818295.233],[389609.654,5818358.322],[389568.461,5818270.397],[389456.074,5818081.534],[389414.83,5817897.313],[389319.585,5817775.805],[389332.889,5817765.003],[389322.594,5817691.115],[389258.174,5817612.018],[389232.856,5817289.549],[389242.973,5817230.698],[389216.547,5817161.786],[389280.478,5817139.099],[389285.834,5817154.706],[389409.782,5817110.902],[389408.822,5817093.571],[389770.353,5816965.146],[389767.709,5816938.128],[389702.206,5816830.962],[389694.482,5816717.148],[389648.995,5816712.424],[389564.359,5816558.716],[389561.47,5816532.513],[389606.284,5816527.631],[389590.234,5816245.198],[389428.805,5816250.378],[389423.225,5816224.576],[390421.068,5816192.502],[390424.984,5816299.559],[390965.486,5816281.392],[390960.451,5816096.033],[390987.33,5816086.88],[391366.606,5816064.831],[391583.336,5816003.241],[391782.526,5815929.353]]]},"properties":{"PGR_ID":"0220","PGR_NAME":"Kreuzberg Süd","BEZ":"02","STAND":"01.01.2021","GROESSE_M2":4746238.097}},
{"type":"Feature","geometry":{"type":"Polygon","coordinates":[[[388060.566,5827954.574],[388240.73,5828008.483],[388346.814,5828027.108],[388509.146,5828036.235],[388613.716,5828031.384],[388846.955,5828049.031],[388950.397,5828066.32],[389204.964,5828395.326],[389453.506,5828720.397],[389470.683,5828734.489],[389613.57,5828920.243],[389675.17,5829026.501],[389720.786,5829134.624],[389906.548,5829546.583],[389990.688,5829740.615],[389813.232,5829748.024],[389797.753,5829735.91],[389730.833,5829754.544],[389434.471,5829771.657],[389350.09,5829784.934],[388882.924,5829824.269],[388882.549,5829819.817],[388422.816,5829857.831],[388370.386,5829856.05],[387873.06,5829699.525],[387837.696,5829727.526],[387701.066,5829880.847],[387703.298,5829893.054],[387618.563,5829985.921],[387552.882,5829990.342],[387595.836,5830019.062],[387402.416,5830322.814],[387361.988,5830329.633],[387182.705,5830254.254],[387021.503,5830208.458],[386823.426,5830124.447],[386670.466,5830048.509],[386440.961,5829956.405],[386261.76,5829902.712],[386286.684,5829894.598],[386392.827,5829744.957],[386469.287,5829613.99],[386583.51,5829442.867],[386625.433,5829390.152],[386763.645,5829184.954],[387041.464,5828912.882],[387090.641,5828888.177],[387164.914,5828804.069],[387386.095,5828601.836],[387389.168,5828587.146],[387961.852,5828051.317],[388055.147,5827960.047],[388060.566,5827954.574]]]},"properties":{"PGR_ID":"1260","PGR_NAME":"Märkisches Viertel","BEZ":"12","STAND":"01.01.2021","GROESSE_M2":4783335.639}},
{"type":"Feature","geometry":{"type":"Polygon","coordinates":[[[388876.859,5815037.107],[388824.275,5815073.736],[388708.197,5815120.199],[388631.652,5815176.43],[388458.152,5815320.818],[388240.226,5815583.762],[388162.624,5815686.719],[388130.606,5815711.022],[388077.389,5815653.747],[387688.617,5815507.373],[387518.850408,5815509.611428],[387496.934649,5815556.818474],[387191.88,5815561.319],[387063.738945,5815549.111177],[387063.133,5815519.652],[386785.221,5815494.317],[386776.1,5815446.414],[386066.659,5815471.248],[385935.302,5815472.21],[385931.457,5815472.238],[385894.668,5814724.618],[385919.491,5814670.671],[385888.484,5814599.155],[385874.066,5814306.187],[385942.615,5814302.664],[386403.423,5814018.023],[386422.977,5813998.853],[386507.737,5814134.861],[386592.543,5814086.042],[386647.47,5814163.28],[386869.636,5814204.895],[386880.699,5814196.175],[386981.798,5814329.074],[387129.093,5814210.522],[387149.332,5814230.946],[387155.793,5814118.931],[387434.811,5813825.199],[387556.988,5813681.808],[387745.336,5813402.377],[387726.882,5813374.24],[387783.229,5813347.99],[387827.176,5813346.935],[387824.478,5813125.543],[387947.387,5813105.448],[388056.097,5813153.748],[388112.02,5813146.735],[388137.143,5813110.17],[388169.607,5812991.592],[388290.233,5812986.599],[388275.558,5813159.615],[388283.699,5813191.775],[388288.343,5813395.785],[388313.461,5813545.351],[388461.596,5813891.514],[388601.193,5814258.427],[388720.3,5814597.901],[388862.838,5814958.045],[388846.944,5814966.885],[388876.859,5815037.107]]]},"properties":{"PGR_ID":"0730","PGR_NAME":"Friedenau","BEZ":"07","STAND":"01.01.2021","GROESSE_M2":4603888.304}},
{"type":"Feature","geometry":{"type":"Polygon","coordinates":[[[385935.302,5815472.21],[385909.523,5815479.052],[385893.853,5815458.664],[385728.645,5815499.514],[385626.729,5815535.68],[385522.722,5815587.015],[385461.661,5815626.181],[385368.027,5815702.057],[385212.6,5815908.192],[385049.43,5816110.214],[385031.485,5816109.752],[384889.877,5816307.122],[384643.181,5816623.612],[384379.56,5816954.338],[384233.902,5817097.212],[383969.491,5817363.025],[383930.735876,5817409.067133],[383906.069,5817392.056],[383752.646,5817410.156],[383649.536,5817444.571],[383656.751,5817489.416],[383586.062,5817495.27],[383540.472,5817566.424],[383519.908,5817642.889],[383470.792,5817758.012],[383400.742,5817868.45],[383340.812,5817979.722],[383327.78,5818078.934],[382727.717,5817798.885],[382733.716,5817772.013],[382686.831,5817743.767],[382591.69,5817641.963],[382383.211,5817379.574],[382189.577,5817042.288],[382129.327,5816961.159],[382091.036,5816948.868],[382038.449,5816893.682],[381970.141,5816839.934],[381897.945,5816899.1],[381607.220818,5816541.189282],[381682.173736,5816479.655095],[381612.388,5816351.332],[381604.273,5816300.755],[381555.825,5816218.934],[381413.866,5815911.854],[381359.296,5815827.339],[381190.785,5815624.681],[381097.669,5815532.475],[380943.099,5815406.829],[380817.483,5815282.697],[380812.875,5815286.474],[380633.795,5815069.058],[380599.697,5815008.906],[380545.91,5814960.619],[380366.727,5814740.244],[380388.016,5814723.789],[380334.97,5814684.528],[380381.406,5814666.284],[381298.486,5814388.756],[381500.753,5814384.4],[381736.757,5814350.595],[381818.698,5814396.624],[381858.888,5814447.737],[381912.192,5814488.111],[381957.421,5814420.316],[382040.569,5814393.646],[382648.684,5814490.328],[383049.405,5814557.305],[383075.724,5814545.275],[383237.309,5814576.16],[383362.171,5814611.735],[383784.487,5814750.076],[383837.283,5814677.977],[383858.218,5814726.186],[384386.282,5814548.737],[384950.495,5814384.501],[385026.911,5814426.115],[385099.723,5814373.344],[385136.615,5814405.121],[385192.636,5814349.62],[385240.202,5814312.238],[385293.097,5814335.781],[385874.066,5814306.187],[385888.484,5814599.155],[385919.491,5814670.671],[385894.668,5814724.618],[385931.457,5815472.238],[385935.302,5815472.21]]]},"properties":{"PGR_ID":"0440","PGR_NAME":"Wilmersdorf Süd","BEZ":"04","STAND":"01.01.2021","GROESSE_M2":11668197.07}},
{"type":"Feature","geometry":{"type":"Polygon","coordinates":[[[392754.298,5817397.547],[392659.19,5817689.02],[392672.291,5817742.777],[392608.180473,5817791.429412],[392592.454,5817757.314],[392339.236859,5817886.540157],[392396.312,5818027.092],[392368.143,5818041.166],[392431.63,5818178.567],[392393.861,5818354],[392355.808,5818283.27],[392184.7,5818381.987],[392084.477,5818610.574],[391950.896,5818530.561],[391769.615,5818760.501],[391710.821,5818713.293],[391598.626,5818800.451],[391426.713,5818897.752],[391358.488,5818754.742],[391327.391,5818759.483],[390875.238,5818723.277],[389978.44,5818657.94],[389893.553,5818775.248],[389700.735,5818268.846],[389687.516172,5818256.175606],[389681.92,5818226.477],[389818.697,5818088.087],[389850.883,5818030.669],[389911.907,5817876.561],[389954.726,5817830.41],[390007.167,5817800.205],[390135.019,5817769.589],[390276.811,5817776.145],[390375.174,5817752.66],[390608.604,5817655.297],[390734.246,5817613.539],[390857.27,5817618.22],[391009.813,5817643.28],[391148.797,5817629.304],[391243.799,5817602.439],[391322.516,5817563.705],[391417.925,5817530.423],[391538.822,5817502.916],[391755.314,5817472.411],[391866.096,5817448.786],[391989.497,5817413.632],[392223.184,5817334.584],[392351.827,5817315.819],[392480.105,5817330.467],[392594.859,5817384.84],[392656.891,5817398.349],[392754.298,5817397.547]]]},"properties":{"PGR_ID":"0210","PGR_NAME":"Kreuzberg Nord","BEZ":"02","STAND":"01.01.2021","GROESSE_M2":2941310.369}},
{"type":"Feature","geometry":{"type":"Polygon","coordinates":[[[381060.587,5821245.926],[381076.46,5821290.351],[380617.959,5821666.714],[380457.659,5821783.77],[380327.541,5821848.522],[380068.3993,5821939.3078],[380057.294,5821911.409],[379748.3492,5821893.9006],[379581.6159,5821891.7735],[379416.3779,5821899.9174],[379293.1464,5821924.2612],[379145.0806,5821967.7765],[378960.903,5822047.3771],[378817.6961,5822141.2974],[378702.6863,5822193.0834],[378610.216,5822204.465],[378500.964,5822182.387],[378474.366,5822217.065],[378542.271,5822344.929],[378568.533,5822478.748],[378556.365,5822572.649],[378513.527,5822747.562],[378506.941,5822822.599],[378521.291,5822892.783],[378544.367,5822928.545],[378634.605,5822972.624],[378689.458,5823025.874],[378959.109,5822994.614],[379098.945,5823046.498],[379199.96,5823100.072],[379322.4,5823188.866],[379377.838,5823251.678],[379413.564,5823317.119],[379481.935,5823481.688],[379499.779,5823564.14],[379452.736,5824150.203],[379476.586,5824328.539],[379531.067,5824503.013],[379633.088,5824766.083],[379660.843,5824815.777],[379762.918,5824928.445],[379874.181,5825011.504],[379902.069,5825058.087],[379907.553,5825128.569],[379892.124,5825176.72],[379888.739,5825255.65],[379931.925,5825370.572],[379943.994,5825448.524],[379933.873,5825507.988],[379907.282,5825563.1],[379836.611,5825671.109],[379819.113,5825840.803],[379728.029,5826053.595],[379721.279,5826116.63],[379729.129,5826207.495],[379717.989,5826267.864],[379642.41,5826387.526],[379517.135,5826472.537],[379398.108,5826599.526],[379307.703,5826724.551],[379250.362,5826879.804],[379257.221,5827008.946],[379280.725,5827148.421],[379266.815,5827204.563],[379210.108,5827310.677],[379140.769,5827374.634],[379092.814,5827438.833],[379077.387,5827528.772],[379091.481,5827575.741],[379166.797,5827680.191],[379236.844,5827874.713],[378821.701,5827968.412],[378558.06,5827991.432],[378510.508,5827794.855],[378420.803,5827825.476],[378375.781,5827858.881],[378234.362,5827942.993],[378163.421,5827998.981],[378085.48,5828047.004],[377959.669,5828076.769],[377835.899,5828136.697],[377642.078,5828176.287],[377506.277,5828219.769],[377447.537,5828252.702],[377332.083,5828358.662],[377171.057,5828441.537],[377098.931,5828493.003],[377023.126,5828586.574],[376952.86,5828623.351],[376804.561,5828664.34],[376611.816,5828764.2],[376511.44,5828771.197],[376368.204,5828795.632],[376296.769,5828822.05],[376184.513,5828931.854],[376057.686,5828990.533],[375910.658,5829019.085],[375687.686,5829223.371],[375178.292,5829106.172],[374958.327,5828898.947],[374842.086,5828728.951],[374635.551,5828479.881],[374622.506,5828468.778],[374226.508,5828243.725],[374116.007,5828210.557],[373954.118,5828183.47],[373855.595,5828147.012],[373719.713,5828021.549],[373687.373,5828002.637],[373495.597,5827958.108],[373388.062,5827961.93],[373245.972,5828007.117],[373206.249,5827865.153],[373267.841,5827853.808],[373166.2,5827544.502],[373273.549,5827558.088],[373321.475,5827530.705],[373373.125,5827376.135],[373409.429,5827215.477],[373434.801,5827164.794],[373470.637,5827143.691],[373742.986,5827208.373],[373805.947,5827238.881],[373916.559,5827220.23],[373978.207,5827264.732],[374114.296,5827321.309],[374237.358,5827343.561],[374292.257,5827393.669],[374633.273,5827532.61],[374650.571,5827478.461],[374740.402,5827401.978],[374743.532,5827339.788],[374782.668,5827218.095],[374808.099,5827171.538],[374861.057,5827035.325],[374862.413,5826962.412],[374886.595,5826869.527],[374874.785,5826793.807],[374886.916,5826681.483],[374873.953,5826638.215],[374885.459,5826571.207],[374869.278,5826545.384],[374871.153,5826401.876],[374816.771,5826317.319],[374820.259,5826219.141],[374784.801,5826093.159],[374707.254,5826042.156],[374699.456,5825949.575],[374640.965,5825819.94],[374603.322,5825686.039],[374481.512,5825513.86],[374437.333,5825428.223],[374422.779,5825212.873],[374403.391,5825100.138],[374325.803,5825036.647],[374338.173,5824866.113],[374375.927,5824785.582],[374376.524,5824610.46],[374397.254,5824475.494],[374390.547,5824375.384],[374367.082,5824302.988],[374344.303,5824283.376],[374304.8,5824204.53],[374291.712,5824154.801],[374248.877,5824110.411],[374204.776,5824114.274],[374178.871,5824066.92],[374110.386,5824064.542],[373986.342,5824110.262],[373743.193,5824129.002],[373645.436,5824146.438],[373519.785,5824221.393],[373458.556,5824293.845],[373391.135,5824399.978],[373294.685,5824499.993],[373259.928,5824524.004],[373216.451,5824399.283],[373146.794,5824152.774],[373051.098262,5823835.192821],[373082.216,5823847.297],[373663.021,5823581.023],[374124.638,5823374.83],[374603.865,5823149.584],[374724.928,5823088.084],[374751.292,5823091.977],[374926.071,5823010.392],[375039.29,5822965.473],[375053.553,5822949.264],[375335.885,5822816.535],[375587.645085,5822705.300364],[375738.777,5822632.992],[376703.534,5822340.053],[377046.578,5822238.916],[377398.407,5822141.666],[377407.157,5822149.287],[377529.14,5822119.709],[377751.36,5822056.837],[377898.54,5822002.248],[378046.142,5821931.906],[378138.375331,5821881.646539],[378092.741,5821845.532],[378006.664353,5821727.722189],[378220.539,5821549.308],[378391.8,5821397.123],[378496.768,5821322.992],[378671.664,5821222.742],[378777.917,5821185.047],[378911.742,5821154.684],[379025.905,5821170.677],[379120.357,5821214.877],[379202.121,5821268.058],[379296.156,5821315.007],[379413.815,5821348.02],[379429.865,5821246.053],[379425.263,5821146.479],[379381.952,5821048.85],[379560.11,5821006.895],[379647.413,5820999.963],[379738.921,5820977.877],[379788.98,5820987.461],[379799.447,5821021.51],[379985.755,5821000.826],[380008.67,5820988.571],[380184.417,5821013.555],[380384.651,5821020.055],[380527.696,5821010.327],[380589.626,5820986.687],[380599.343,5821009.7],[380752.184,5820948.278],[380901.283,5820873.127],[381013.593,5820824.872],[381105.927,5820796.545],[381119.843,5820828.319],[381097.596,5820934.985],[381087.951,5821121.198],[381077.973,5821152.71],[381035.925,5821177.007],[381060.587,5821245.926]]]},"properties":{"PGR_ID":"0510","PGR_NAME":"Spandau Mitte / Nord","BEZ":"05","STAND":"01.01.2021","GROESSE_M2":33580078.88}},
{"type":"Feature","geometry":{"type":"Polygon","coordinates":[[[381060.587,5821245.926],[381120.527,5821190.336],[381186.259,5821147.846],[381269.534,5821114.712],[381364.747,5821101.888],[381545.156,5821093.8],[381670.005,5821095.042],[381947.313,5821114.387],[382025.1,5821136.954],[382143.285,5821199.34],[382275.057,5821256.436],[382388.342,5821273.008],[382484.884,5821269.277],[382554.5,5821279.721],[382677.113,5821276.445],[382869.132,5821256.306],[382961.717,5821262.072],[383066.696,5821315.269],[383130.232,5821367.616],[383204.712,5821403.873],[383321.412,5821408.325],[383382.237,5821385.173],[383410.946,5821440.873],[383425.438,5821553.49],[383472.187,5821738.589],[383483.905,5821826.072],[383322.214,5821891.483],[383087.526,5822012.259],[383083.95,5822056.095],[383028.016,5822232.531],[382966.39,5822303.15],[382913.659,5822340.861],[382826.957,5822377.717],[382839.608,5822439.085],[382914.035,5822726.258],[382894.242,5822825.97],[382909.856,5822829.374],[382739.346,5823383.516],[382694.898,5823470.251],[382717.245,5823469.095],[382721.314,5823546.303],[382208.638,5823571.84],[381911.009,5823591.513],[381814.278,5823605.364],[381632.314,5823659.824],[381548.042,5823697.836],[381387.981,5823799.786],[381311.981,5823862.639],[380758.303,5824337.21],[380759.03,5824327.087],[380613.99,5824451.18],[380614.89,5824476.402],[380560.331,5824504.149],[380229.398,5824789.962],[380153.886,5824865.325],[380081.665,5824961.214],[380068.799,5824951.93],[379910.663,5825145.049],[379892.124,5825176.72],[379907.553,5825128.569],[379902.069,5825058.087],[379874.181,5825011.504],[379762.918,5824928.445],[379660.843,5824815.777],[379633.088,5824766.083],[379531.067,5824503.013],[379476.586,5824328.539],[379452.736,5824150.203],[379499.779,5823564.14],[379481.935,5823481.688],[379413.564,5823317.119],[379377.838,5823251.678],[379322.4,5823188.866],[379199.96,5823100.072],[379098.945,5823046.498],[378959.109,5822994.614],[378689.458,5823025.874],[378634.605,5822972.624],[378544.367,5822928.545],[378521.291,5822892.783],[378506.941,5822822.599],[378513.527,5822747.562],[378556.365,5822572.649],[378568.533,5822478.748],[378542.271,5822344.929],[378474.366,5822217.065],[378500.964,5822182.387],[378610.216,5822204.465],[378702.6863,5822193.0834],[378817.6961,5822141.2974],[378960.903,5822047.3771],[379145.0806,5821967.7765],[379293.1464,5821924.2612],[379416.3779,5821899.9174],[379581.6159,5821891.7735],[379748.3492,5821893.9006],[380057.294,5821911.409],[380068.3993,5821939.3078],[380327.541,5821848.522],[380457.659,5821783.77],[380617.959,5821666.714],[381076.46,5821290.351],[381060.587,5821245.926]]]},"properties":{"PGR_ID":"0530","PGR_NAME":"Haselhorst / Siemensstadt","BEZ":"05","STAND":"01.01.2021","GROESSE_M2":10389029.22}},
{"type":"Feature","geometry":{"type":"Polygon","coordinates":[[[399399.169,5809477.356],[399403.048,5809512.559],[399365.52,5809531.95],[399173.473,5809554.747],[398989.619,5809588.317],[398786.31,5809653.564],[398675.821,5809705.178],[398500.457,5809810.83],[398407.601,5809882.168],[397924.608,5810282.576],[397886.705,5810297.985],[397827.774,5810362.909],[397693.356,5810474.392],[397650.608,5810496.923],[397312.502,5810777.981],[397285.468,5810812.871],[397007.062,5811043.71],[396961.492,5811068.764],[396597.49,5811370.953],[396553.471,5811345.542],[396456.474,5811204.189],[396323.553,5810988.826],[396242.544,5810873.746],[396200.985,5810931.501],[396192.519,5810919.553],[395976.154,5811098.718],[395930.406,5811059.701],[395891.866,5811162.514],[395788.113,5811297.917],[395739.442,5811341.593],[395489.401,5811542.928],[395430.457992,5811568.889293],[395262.549,5811595.905],[395223.544,5811589.741],[395146.34,5811489.662],[395138.02,5811461.154],[395059.744,5811337.461],[394933.449,5811169.739],[394846.055,5811031.713],[394807.186,5810955.837],[394751.05,5810816.277],[394738.177,5810737.798],[394792.561,5810658.635],[394851.656,5810590.839],[394929.638,5810537.14],[395047.263,5810476.44],[395037.444,5810443.329],[394922.302,5810213.915],[395072.724203,5810142.804546],[395078.064,5810161.993],[395300.695,5810514.561],[395418.147,5810441.094],[395458.869,5810405.604],[395495.696,5810349.279],[395472.056,5810297.082],[395313.441,5810219.577],[395364.896,5810136.064],[395426.812,5810085.143],[395641.575,5809943.745],[395819.204,5810132.472],[395771.195,5810165.29],[395897.016,5810307.845],[395910.537,5810295.97],[395958.078,5810349.866],[396073.612,5810243.024],[396126.946,5810278.698],[396088.913,5810228.387],[396134.569,5810188.871],[396182.11,5810233.934],[396303.505,5810135.797],[396247.905,5810084.049],[396282.316,5810046.869],[396305.813,5810068.829],[396424.147,5809929.234],[396219.574,5809806.514],[396245.917,5809762.058],[396229.9,5809752.613],[396240.835,5809675.082],[396225.19,5809511.045],[396778.747,5809474.82],[396832.567,5809490.335],[396988.822,5809297.135],[396988.737,5809284.758],[396688.759,5808923.332],[396631.54,5808847.877],[396544.163,5808808.671],[396433.979,5808800.045],[396201.276,5808821.886],[396200.45,5808813.601],[396021.624,5808832.477],[396022.643,5808839.816],[395818.946,5808861.046],[395866.695,5808664.407],[396008.399,5808192.669],[396144.143,5807811.376],[396210.428,5807586.198],[396311.327,5807330.805],[396394.462,5807064.062],[396432.303,5807000.619],[396430.509,5806921.489],[396515.531,5806615.113],[396527.525,5806456.341],[396561.202,5806165.24],[396821.18,5806270.112],[397039.951,5806322.639],[397300.028,5806351.388],[397461.108,5806399.064],[397606.018,5806435.186],[397777.629,5806458.616],[397994.196,5806511.717],[398338.147,5806568.828],[398744.632,5806660.677],[398894.61,5806703.743],[399040.289,5806763.729],[399039.95,5806808.002],[399109.107,5806879.251],[399087.934,5806934.798],[399235.054,5807079.788],[399273.838,5807109.708],[399255.385,5807130.477],[399370.511,5807258.287],[399363.19,5807270.835],[399446.732,5807384.566],[399479.606,5807481.811],[399550.877,5807757.519],[399532.796,5807783.18],[399571.398,5807852.42],[399540.707,5807904.837],[399570.767,5807936.073],[399556.376,5807962.264],[399615.41,5808065.432],[399518.984,5808129.837],[399494.73,5808161.115],[399544.653,5808273.615],[399515.058,5808363.718],[399492.535,5808486.113],[399494.47,5808606.384],[399410.102,5808731.784],[399389.805,5808876.055],[399350.804,5808933.71],[399321.73,5808942.792],[399267.065,5809036.441],[399254.055,5809109.541],[399337.443,5809299.307],[399399.169,5809477.356]]]},"properties":{"PGR_ID":"0840","PGR_NAME":"Buckow Nord/Rudow","BEZ":"08","STAND":"01.01.2021","GROESSE_M2":13445781.64}},
{"type":"Feature","geometry":{"type":"Polygon","coordinates":[[[405683.82,5814291.273],[405674.88,5814294.002],[406031.575,5814752.19],[405962.313,5814805.789],[405833.863,5814843.68],[405935.998,5815414.032],[406968.626,5816760.075],[406814.925,5816794.366],[406706.864,5816828.204],[406583.326,5816896.593],[406615.204,5816990.246],[406708.308,5817212.146],[406781.031,5817434.987],[406813.855,5817579.688],[406880.076,5817915.334],[406939.526,5818153.537],[406983.614,5818282.212],[407169.17,5818690.916],[407240.177,5818832.291],[407313.283,5818957.585],[407424.722,5819107.882],[407516.293,5819208.336],[407692.103,5819377.22],[407814.337,5819511.626],[407886.953,5819581.421],[408200.074,5819809.116],[408733.59,5820151.851],[408793.443,5820195.453],[408990.735,5820383.557],[408963.927,5820432.507],[408930.305,5820585.324],[408890.891,5820818.449],[408634.107,5820816.321],[408488.77,5820822.438],[408322.434,5820807.211],[408167.739,5820814.506],[407993.667,5820841.06],[407858.951,5820891.684],[407787.801,5820904.176],[407527.665,5820918.412],[407365.664,5820918.382],[407172.77,5820932.515],[406847.4,5820893.522],[406795.717,5820920.755],[406773.73,5820896.861],[406782.348,5820833.694],[406801.448,5820821.517],[406774.099,5820778.784],[406743.562,5820798.193],[406473.659,5820550.77],[406436.113,5820600.385],[406322.108,5820514.424],[406219.197,5820605.565],[406085.898,5820660.848],[406049.127,5820714.894],[405866.048,5820573.683],[405170.244,5820758.959],[405083.733,5820780.189],[405079.326,5820762.985],[404911.623,5820788.995],[404644.183,5819610.311],[404622.751,5819581.433],[404359.381,5819510.101],[404337.53,5819563.228],[403670.608,5819070.562],[403597.279,5819004.074],[403421.613,5819028.892],[403195.744,5819041.803],[403187.247,5818990.378],[403217.752,5818745.486],[403285.579,5818661.769],[403320.904,5818600.957],[403409.809,5818517.322],[403477.266,5818403.521],[403533.302,5818336.655],[403573.044,5818243.239],[403595.938563,5818129.917547],[403582.53,5818086.08],[403529.695,5818011.411],[403517.852,5817895.433],[403446.181,5817729.64],[403380.794,5817671.057],[403102.086,5817655.734],[403063.241,5817624.183],[403029.015,5817560.796],[402896.726,5817457.866],[402859.504,5817399.255],[402849.081102,5817332.145124],[402789.369,5817134.674],[402811.33,5816978.027],[402876.181,5816893.423],[402880.372,5816828.325],[402860.011278,5816803.829415],[402847.384,5816742.622],[402797.943,5816670.893],[402736.425,5816524.533],[402686.491,5816455.649],[402637.59,5816239.345],[402611.316,5816157.618],[402518.705,5815975.497],[402451.526,5815895.948],[402450.65,5815736.5],[402427,5815604.75],[402426.816,5815364.636],[402432.893,5815319.782],[402491.982,5815221.875],[402658.402,5815067.527],[402710.746,5814971.772],[402726.761,5814853.134],[402719.153,5814789.131],[402723.014,5814785.493],[403013.831,5814962.363],[403111.311,5815027.569],[403127.091,5814994.499],[403139.825,5815046.5],[403181.896,5815106.839],[403232.171,5815323.884],[403413.673,5815412.857],[403547.806,5815489.542],[403692.1,5815369.48],[403997.931,5815491.557],[404170.958,5815356.72],[404346.654,5815208.252],[404505.257,5815066.473],[404590.629,5815001.17],[404732.508,5814866.277],[404798.993,5814812.688],[404885.057,5814725.436],[404904.547,5814717.151],[405115.745,5814542.937],[405240.838,5814553.421],[405476.48,5814543.033],[405457.588,5814347.119],[405670.897,5814274.75],[405683.82,5814291.273]]]},"properties":{"PGR_ID":"1040","PGR_NAME":"Kaulsdorf/Mahlsdorf","BEZ":"10","STAND":"01.01.2021","GROESSE_M2":21746801.52}},
{"type":"Feature","geometry":{"type":"Polygon","coordinates":[[[400794.397,5818758.479],[401181.27536,5818723.8601],[401286.798,5819395.065],[401307.878,5819458.461],[401401.944,5820061.004],[401451.515,5820060.089],[401520.631,5820508.797],[401536.59,5820512.641],[401610.433,5820993.112],[401624.378,5820991.325],[401663.696261,5821247.099103],[401658.23,5821287.217],[401688.15,5821348.096],[401769.286,5821385.648],[402097.476,5821401.459],[402154.946114,5821437.903239],[402191.12672,5821420.426652],[402777.251,5821444.224],[402807.790971,5821518.70051],[402917.298,5821472.467],[403054.884,5821437.302],[403189.472,5821394.886],[403335.279,5821418.075],[403426.725,5821351.977],[403505.179,5821217.041],[403540.959,5821179.874],[403717.080113,5821078.892599],[403794.957,5821027.691],[403955.735,5820948.405],[404021.457,5820976.56],[404095.486,5821051.474],[404111.466,5821092.682],[404080.978,5821200.477],[404081.917,5821229.069],[404133.602,5821380.787],[404128.316,5821475.162],[404038.654,5821680.576],[403917.202,5821878.5],[403822.234,5821951.376],[403771.786,5822040.466],[403758.578,5822129.828],[403748.674,5822289.343],[403763.99,5822377.472],[403821.329,5822474.639],[403871.606,5822539.346],[403910.312,5822646.868],[403952.626,5822737.868],[404003.693,5822822.153],[404036.414,5822919.581],[404134.707,5823089.918],[404150.942,5823147.081],[404190.317,5823282.494],[404191.278,5823337.601],[404235.031,5823436.351],[404252.104,5823520.755],[404253.347,5823661.088],[404245.534,5823776.291],[404229.978,5823841.739],[404199.91,5823898.702],[404174.006,5824007.739],[404079.431,5824146.384],[404039.95,5824251.351],[404035.852,5824407.72],[404005.227,5824557.99],[404014.719,5824686.316],[403966.02,5824848.764],[403963.502,5824934.485],[403987.076,5825022.154],[403983.628,5825130.366],[403903.84,5825401.981],[403868.702,5825506.379],[403621.069,5825513.509],[403562.674,5825712.213],[403436.64,5825811.756],[403410.508,5825819.406],[403186.658,5825756.833],[403029.38,5825774.46],[403033.873,5825742.769],[402994.129,5825745.955],[402975.257,5825822.196],[402938.488,5825903.408],[402871.748,5825804.78],[402850.958,5825729.438],[402710.374,5825650.594],[402450.466,5825549.96],[401700.827,5825278.127],[401434.601,5825185.958],[401357.052,5825092.253],[401308.858,5825058.026],[401212.857,5825012.369],[401122.85,5824994.614],[400756.834,5824544.189],[400619.298,5824378.705],[400289.734,5824055.212],[400034.756,5823839.098],[400025.172,5823826.769],[400086.534,5823677.549],[400126.327,5823549.13],[400189.84,5823255.946],[400185.384,5823249.821],[400232.972,5823035.078],[400296.853,5822722.019],[400315.94,5822613.859],[400343.847,5822510.569],[400376.541,5822308.295],[400399.645,5822224.22],[400432.946,5822061.423],[400457.361,5822037.219],[400410.368,5822022.482],[400410.187,5821958.658],[400342.185,5821944.12],[400154.09,5821875.222],[399870.814,5821729.7],[399739.485,5821687.448],[399560.917,5821667.188],[399566.568,5821654.142],[399405.3,5821639.192],[399483.936,5821458.486],[399517.055,5821342.086],[399536.354,5820903.435],[399540.417,5820698.765],[399535.695,5820587.697],[399546.826,5820552.618],[399552.105,5820334.312],[399520.02,5819863.611],[399507.167,5819733.723],[399483.435,5819289.42],[399474.025,5819300.146],[399469.468,5819230.808],[399704.699,5819218.112],[399818.754,5819223.911],[399888.913,5819209.058],[400194.713,5819202.065],[400515.964,5819177.333],[400593.572,5819148.209],[400671.129,5819091.71],[400711.887,5819045.059],[400755.34,5818968.19],[400770.648,5818890.887],[400769.755,5818761.733],[400794.397,5818758.479]]]},"properties":{"PGR_ID":"1010","PGR_NAME":"Marzahn","BEZ":"10","STAND":"01.01.2021","GROESSE_M2":19543056.19}},
{"type":"Feature","geometry":{"type":"Polygon","coordinates":[[[379314.137,5809337.025],[379396.455,5809325.031],[379583.934,5809286.412],[379848.429,5809260.057],[380019.313,5809314.656],[380154.28,5809303.033],[380386.904,5809311.699],[380721.757,5809331.349],[380796.798,5809076.301],[380813.145,5808898.852],[380875.996,5808523.067],[380906.086,5808279.539],[380893.811,5807953.411],[380876.948,5807906.875],[380903.439,5807850.125],[380938.483,5807524.078],[381034.596,5807579.249],[381181.335,5807635.428],[381263.123,5807653.433],[381442.504,5807669.775],[381567.125,5807659.618],[381655.349,5807635.343],[381728.902,5807602.578],[381878.436,5807502.683],[381947.662,5807470],[382105.548,5807418.124],[382315.753,5807402.702],[382447.945,5807413.71],[382598.868,5807462.74],[382710.074,5807505.535],[382797.262,5807573.564],[383024.253,5807739.198],[383706.42,5808330.023],[383720.456,5808347.745],[383918.804,5808518.795],[384078.94,5808647.534],[384163.145,5808701.25],[384153.752818,5808720.907638],[384255.244105,5808776.539324],[384342.775089,5808833.955364],[384467.894254,5808950.888552],[384563.692,5809080.08],[384594.224,5809159.681],[384721.4,5809414.598],[384978.733,5809946.112],[385117.112,5810221.627],[385204.506,5810342.342],[385648.97,5810837.14],[385755.595,5810981.173],[385777.537,5811026.578],[385982.736,5811384.63],[386072.838,5811525.058],[386118.147,5811582.387],[386204.652138,5811668.781838],[386034.97,5811849.18],[385985.793,5811831.358],[385822.814,5812187.274],[385851.645,5812203.865],[385826.612,5812316.9],[385737.086,5812478.81],[385708.338,5812585.377],[385687.082,5812619.421],[385546.753,5812514.815],[385506.888,5812494.985],[385515.036,5812677.957],[385535.373,5812784.691],[385396.767,5812717.692],[385350.618,5812739.588],[385324.271,5812777.556],[385184.241,5812873.881],[385066.837,5813053.711],[385108.655,5813086.344],[385025.694,5813214.442],[384955.647,5813301.179],[384982.349,5813455.852],[384784.022,5813402.823],[384739.372,5813371.104],[384202.259,5812573.874],[384146.195,5812470.341],[383998.737,5812068.011],[384038.248,5812012.336],[383733.554,5811832.965],[383486.851,5811695.185],[382360.647,5811153.334],[382339.101,5811117.4],[382102.538,5810942.163],[382035.497,5810906.679],[381915.578,5810861.671],[381852.318,5810850.924],[381720.946,5810877.299],[381475.973,5810957.5],[381369.104,5810939.372],[380492.005,5810748.152],[380400.434,5810724.654],[379628.819,5810455.712],[379638.26,5810408.366],[379639.116,5810305.45],[379621.273,5810091.147],[380119.798,5809812.74],[380252.631,5809789.047],[380268.915,5809771.899],[379314.137,5809337.025]]]},"properties":{"PGR_ID":"0630","PGR_NAME":"Zehlendorf Süd/Lichterfelde West","BEZ":"06","STAND":"01.01.2021","GROESSE_M2":18346979.62}},
{"type":"Feature","geometry":{"type":"Polygon","coordinates":[[[391154.592,5808738.071],[391198.904,5808821.012],[391521.102,5808950.71],[391569.821,5809145.557],[391375.857,5809194.029],[391559.442,5809567.639],[391625.567,5809739.738],[391659.717,5809908.835],[391685.462,5810074.982],[391828.945,5810410.407],[391851.159,5810524.365],[391938.964,5810737.618],[391954.984,5810882.871],[392002.895,5811055.746],[392089.082,5811389.53],[392207.978,5811822.303],[392263.744,5811939.673],[392290.237,5812101.976],[392334.769,5812189.092],[392362.122,5812361.937],[392395.972,5812458.375],[392369.747,5812529.508],[392132.825,5812599.76],[391912.252,5812635.645],[391871.909,5812649.521],[391835.892,5812571.075],[391596.782,5812605.884],[391223.107,5812627.266],[391027.91,5812642.117],[390732.595,5812655.022],[390708.639,5812684.293],[390624.184,5812671.181],[390529.193,5812678.338],[390447.299,5812660.995],[390201.561,5812629.454],[390108.93,5812605.908],[390087.529,5812666.739],[389795.89,5812558.441],[389643.757,5812473.37],[389550.335,5812410.647],[389154.731,5812066.268],[388949.319,5811891.516],[388934.958,5811858.791],[388714.372,5811700.286],[388763.346,5811550.757],[388937.221,5811064.47],[388996.418,5810875.67],[389024.78,5810769.559],[389167.859,5810354.912],[389260.593,5810102.36],[389282.138,5810023.267],[389529.6,5809964.571],[389515.768,5809923.514],[389733.419,5809859.6],[389742.674,5809874.554],[389952.888,5809812.837],[389949.093,5809796.261],[390088.7605,5809755.37],[390372.873,5809803.237],[390379.551,5809794.181],[390413.879,5809521.091],[390291.866,5809478.946],[390014.167,5809343.611],[390062.682,5809311.441],[390210.20393,5809175.187535],[390273.056,5809133.076],[390445.253,5809050.52],[390535.797,5808998.689],[390610.714,5808931.455],[390681.142,5808881.233],[390770.522,5808840.852],[390767.702,5808816.243],[390897.434,5808724.396],[391062.396,5808597.915],[391099.335,5808648.528],[391081.198,5808661.752],[391131.786,5808677.915],[391124.394,5808700.96],[391154.592,5808738.071]]]},"properties":{"PGR_ID":"0750","PGR_NAME":"Mariendorf","BEZ":"07","STAND":"01.01.2021","GROESSE_M2":9378823.215}},
{"type":"Feature","geometry":{"type":"Polygon","coordinates":[[[382721.314,5823546.303],[382738.922,5823555.197],[382839.979,5823540.095],[383606.443,5823497.959],[384834.773,5823436.163],[384920.082,5823598.209],[385015.434,5823764.122],[385409.881,5824414.81],[385603.31,5824494.999],[385907.41,5824607.575],[386063.766,5824650.782],[386382.129,5824708.98],[386465.473,5824738.469],[386532.73,5824793.902],[386582.718,5824906.047],[386861.928,5824873.895],[386919.577,5824817.801],[386950.403,5824840.283],[386713.432,5825071.048],[386696.861,5825124.019],[386996.045,5826368.533],[387045.443,5826597.884],[387050.536,5826659.734],[387034.837,5826667.622],[386877.084,5826665.94],[386630.316,5826656.046],[386489.022,5826723.181],[386414.091,5826721.308],[386354.443,5826697.546],[386160.549,5826671.479],[385987.131,5826638.253],[385872.86,5826638.48],[385515.11,5826626.262],[385445.786,5826626.892],[385310.465,5826656.307],[385240.82,5826689.249],[385068.829,5826787.539],[385065.581,5826783.941],[384770.064,5826958.028],[384729.199,5826989.354],[384515.214,5827116.808],[384422.355,5827216.9],[384279.055,5827597.163],[384258.352,5827644.234],[384236.257,5827634.807],[384142.575,5827878.023],[384129.788725,5827894.325257],[384019.16,5828160.595],[383988.775,5828253.198],[383909.947,5828446.256],[383872.522,5828566.304],[383832.015,5828669.086],[383590.507,5829129.426],[383525.68,5829037.006],[383371.051,5828917.359],[383272.93824,5828793.236048],[383170.529,5828927.858],[383115.441,5828887.844],[382941.717,5828794.604],[382858.902,5828757.334],[382797.179,5828751.517],[382687.426,5828756.486],[382629.474,5828747.344],[382520.358,5828693.094],[382462.085,5828636.264],[382340.771117,5828498.17786],[382500.25,5828388],[382567.3,5828312.4],[382600.35,5828240.55],[382616.15,5828153.8],[382606.35,5828101],[382577,5828061.65],[382543.55,5828049.9],[382552.416605,5828017.141819],[382626.840294,5827994.669394],[382718.112868,5828015.282013],[382783.209222,5828008.553623],[382863.894628,5828067.181622],[382912.067302,5828028.170692],[382866.821201,5827997.273006],[382942.818048,5827945.546213],[382995.176562,5827897.761656],[383057.288198,5827778.321606],[383163.66453,5827509.566035],[383102.992391,5827427.261205],[383122.999889,5827397.797698],[383062.709604,5827221.172633],[383078.126495,5827158.953761],[383125.076,5827143.798],[383121.789,5827116.955],[383069.543421,5827106.722825],[383040.325785,5827049.17922],[383025.723748,5826938.175483],[383044.199376,5826851.604593],[383105.939278,5826752.432685],[383081.754051,5826707.792717],[383023.598615,5826732.864212],[382973.048716,5826725.687571],[382832.543373,5826725.136952],[382787.692716,5826797.41203],[382753.579185,5826809.333126],[382599.181069,5826758.025571],[382569.761462,5826718.727294],[382530.424776,5826697.70833],[382337.359674,5826533.885954],[382333.791742,5826490.977679],[382218.448333,5826401.841629],[382161.516797,5826339.958966],[382060.562904,5826311.182744],[382017.400902,5826280.836557],[381953.445155,5826171.098204],[381963.518568,5826167.177343],[381937.441526,5826004.817012],[381884.572436,5825841.62181],[381800.028045,5825697.247057],[381783.160349,5825647.518103],[381792.746254,5825558.79842],[381766.249771,5825506.056471],[381717.723432,5825481.060105],[381668.899782,5825340.895826],[381645.205982,5825313.348206],[381558.041171,5825301.069321],[381444.925541,5825222.986875],[381371.518241,5825202.06324],[381330.326057,5825230.63244],[381283.106768,5825211.302875],[381242.508062,5825170.281885],[381246.771677,5825104.167614],[381230.053321,5825065.656539],[381169.347849,5825027.982796],[380947.802866,5825029.245116],[380872.555796,5824991.871409],[380810.9,5824987.25],[380745.311252,5824914.634899],[380700.021439,5824801.863502],[380639.730939,5824749.4932],[380626.296,5824696.847],[380580.968195,5824683.850757],[380511.812651,5824633.063106],[380435.163721,5824640.171429],[380326.431125,5824712.002896],[380292.708329,5824781.530847],[380282.803315,5824832.039494],[380243.369717,5824933.3354],[380138.49249,5824982.419026],[380078.157081,5824979.478017],[380068.799,5824951.93],[380081.665,5824961.214],[380153.886,5824865.325],[380229.398,5824789.962],[380560.331,5824504.149],[380614.89,5824476.402],[380613.99,5824451.18],[380759.03,5824327.087],[380758.303,5824337.21],[381311.981,5823862.639],[381387.981,5823799.786],[381548.042,5823697.836],[381632.314,5823659.824],[381814.278,5823605.364],[381911.009,5823591.513],[382208.638,5823571.84],[382721.314,5823546.303]]]},"properties":{"PGR_ID":"1220","PGR_NAME":"Tegel","BEZ":"12","STAND":"01.01.2021","GROESSE_M2":18341311.94}},
{"type":"Feature","geometry":{"type":"Polygon","coordinates":[[[395006.204,5817501.05],[395054.828,5817503.78],[395122.593,5817487.003],[395421.971,5817382.109],[395583.586,5817273.295],[395659.803,5817245.349],[395668.772,5817255.675],[395719.114,5817202.324],[395666.81,5817118.691],[395734.699,5817064.632],[395925.216,5816943.045],[396021.909,5816902.535],[396191.198,5816803.981],[396378.078,5816749.558],[396488.693,5816668.496],[396534.601,5816626.321],[396637.461,5816493.658],[396661.377,5816375.299],[396697.569,5816297.681],[396740.849,5816390.041],[396824.342,5816390.057],[396906.243,5816360.263],[396931.036,5816338.418],[396988.895,5816181.739],[397195.084,5816328.325],[397305.17,5816369.064],[397369.752,5816372.894],[397518.567,5816326.127],[397571.021,5816416.491],[397394.021,5816529.56],[397371.695,5816601.207],[397212.6,5816705.851],[397192.198,5816750.887],[397136.3,5816797.03],[397082.759,5816804.192],[396348.806,5817635.566],[396044.386,5817715.569],[396066.256,5817771.418],[396136.762,5818048.6],[396164.955,5818168.233],[396241.483,5818306.744],[396233.117,5818321.612],[396274.315,5818387.662],[396347.686,5818470.172],[396389.731,5818517.432],[396366.991,5818540.435],[396532.557,5818815.966],[396561.774,5818884.701],[396591.946,5818904.508],[396555.036,5819196.628],[396542.735,5819238.518],[396576.57,5819396.896],[396683.863,5819341.86],[396702.521,5819379.348],[396633.094,5819416.032],[396471.879,5819872.408],[396442.188,5819869.89],[396363.773,5820031.652],[396333.836,5820050.894],[395693.45,5819979.173],[395194.255,5820139.456],[395255.8,5820269.833],[395231.876,5820281.087],[395014.216,5820839.218],[394999.002,5820869.533],[394902.46,5820836.948],[394655.527,5820722.533],[394836.141,5820265.843],[394851.022,5820243.327],[394925.316,5820053.621],[394926.803,5820034.034],[394996.756,5819856.727],[394989.111,5819802.4],[395016.172,5819784.197],[395061.24355,5819555.955212],[395063.336159,5819514.459849],[395014.208,5819334.555],[394807.964,5818639.413],[394791.248,5818598.634],[394813.963,5818587.973],[394735.603487,5818399.284474],[394747.030083,5818393.600579],[394601.688,5818102.284],[394600.396,5818089.879],[394458.459,5817914.277],[394567.778,5817831.629],[394758.715,5817724.063],[394804.885,5817675.409],[394821.647,5817633.024],[394881.058,5817659.191],[394964.428,5817579.573],[394963.048,5817556.461],[395006.204,5817501.05]]]},"properties":{"PGR_ID":"0250","PGR_NAME":"Friedrichshain Ost","BEZ":"02","STAND":"01.01.2021","GROESSE_M2":5371447.077}},
{"type":"Feature","geometry":{"type":"Polygon","coordinates":[[[383327.78,5818078.934],[383433.392,5818127.202],[383460.156,5818071.766],[383517.837,5818099.621],[383534.881,5818064.328],[383560.445,5818076.679],[383543.39,5818111.971],[383607.113,5818142.751],[383580.344,5818198.178],[383758.602,5818293.825],[383917.248,5818307.776],[384293.004,5818386.763],[384327.802,5818292.974],[384428.99,5818322.131],[384491.373,5818352.982],[385161.246,5818582.537],[385334.452,5818578.627],[385607.173,5818563.263],[385957.322,5818522.355],[386058.269,5818520.465],[386410.465,5818479.928],[386539.265,5818486.208],[386588.813,5818503.614],[386691.066,5818574.584],[386662.471,5818577.857],[386713.089,5818646.269],[386886.277,5818962.762],[386668.276,5819083.36],[386838.221,5819169.371],[386899.636,5819211.91],[386942.84,5819259.564],[386923.083,5819260.19],[386769.408,5819320.879],[386730.159,5819345.484],[386710.328,5819388.988],[386800.186,5819409.187],[387070.825,5819432.157],[387092.768,5819552.24],[387042.625,5819607.12],[387004.538,5819679.69],[386968.581,5819821.613],[386903.17,5819811.839],[386837.335,5819817.131],[386730.664,5819877.716],[386670.816,5819944.35],[386630.301,5820043.793],[386627.146,5820089.27],[386657.511,5820239.431],[386662.206,5820319.046],[386622.116,5820448.23],[386491.508,5820605.523],[386375.874,5820686.878],[386323.893,5820708.215],[386245.187,5820719.182],[386117.176,5820703.439],[386023.682,5820655.081],[385991.705,5820623.622],[385948.643,5820546.617],[385928.771,5820435.553],[385932.452,5820328.92],[385864.013,5820247.248],[385787.564,5820315.408],[385588.213,5821354.708],[385820.048,5821420.942],[385811.658,5821449.82],[385859.523,5821491.256],[385843.642,5821547.884],[385875.896,5821583.438],[385843.18,5821581.42],[385595.21,5821534.842],[385570.427,5821534.604],[385539.81,5821621.351],[385470.469,5821953.207],[385082.5,5821874.2],[384968.3,5821845],[384636.55,5821772.75],[384488.55,5821728.65],[384298.497713,5821658.827984],[384315.224,5821613.837],[384274.45,5821571.2],[384278.2,5821539.45],[384348.45,5821463.4],[384388.83037,5821340.483491],[384303.59197,5821323.061062],[384261.45,5821390.15],[384194.15,5821411.55],[384083.45,5821403.55],[383938.8,5821365],[383831.1,5821314.15],[383707.1,5821275.9],[383628.05,5821268.95],[383561.7,5821287.85],[383527.223877,5821210.691527],[383667.533,5821221.335],[383619.538,5821184.661],[383561.923,5821121.131],[383501.809,5821021.932],[383472.951,5820934.716],[383453.267,5820998.067],[383415.296,5820840.24],[383405.807,5820759.815],[383417.863,5820709.189],[383431.845,5820525.945],[383461.623,5820383.988],[383522.364,5820141.408],[383541.931756,5820085.964887],[383570.56,5819952.653],[383574.858,5819892.105],[383598.556,5819837.982],[383625.098,5819733.128],[383656.215,5819533.231],[383659.621,5819422.878],[383642.588,5819274.707],[383595.662,5819142.819],[383487.386,5818932.972],[383432.299,5818813.108],[383403.802,5818730.145],[383376.488,5818612.011],[383349.778,5818447.991],[383366.659,5818443.35],[383342.302,5818373.498],[383344.828,5818338.613],[383389.656,5818200.359],[383365.411,5818197.43],[383327.78,5818078.934]]]},"properties":{"PGR_ID":"0430","PGR_NAME":"Charlottenburg Zentrum","BEZ":"04","STAND":"01.01.2021","GROESSE_M2":9292146.923}},
{"type":"Feature","geometry":{"type":"Polygon","coordinates":[[[391782.526,5815929.353],[391755.603,5815731.372],[391765.545,5815638.961],[391800.567,5815494.067],[391786.853,5815424.414],[392075.03,5815361.329],[392079.116,5815381.14],[392254.234,5815466.972],[392389.407,5814529.502],[392452.09,5813981.338],[392769.887,5814023.582],[392775.57,5813762.871],[392802.442,5813652.665],[392788.583,5813542.208],[392858.57,5813518.68],[393086.828,5813552.737],[393454.272,5813618.766],[393645.744,5813672.932],[393910.355,5813704.597],[394046.316,5813716.331],[394152.973,5813733.001],[394302.783,5813768.911],[394325.675,5813749.157],[394564.187,5813815.577],[394780.178,5813883.994],[394884.479,5813897.14],[394859.969,5813781.877],[394867.456,5813710.741],[394892.923,5813642.313],[395014.175,5813424.668],[395043.314737,5813434.648979],[395161.197,5813223.001],[395185.846,5813236.741],[396166.869,5813173.777],[396382.575,5813158.828],[396384.932,5813237.586],[396443.89,5813396.62],[396541.496,5813514.703],[396637.994,5813733.918],[396635.582,5813845.843],[396626.643,5813873.21],[396496.047,5814087.332],[396409.264,5814199.872],[396142.623,5814640.29],[396087.042,5814741.127],[396054.12,5814824.295],[396054.127,5814860.402],[396111.617,5815084.758],[396126.602,5815182.903],[395502.991,5815933.902],[395504.858,5815952.195],[395303.042,5816192.24],[395158.91,5816021.097],[394784.062,5816351.256],[394775.923,5816344.421],[394669.548,5816451.444],[394664.906,5816446.563],[394538.447,5816557.528],[394377.398,5816394.325],[394058.264,5816673.96],[394028.523,5816646.988],[393965.279,5816727.943],[393437.045,5817017.694],[392923.702,5817305.992],[392860.528,5817336.011],[392765.422,5817364.718],[392790.809,5817320.989],[393086.64,5816492.144],[393053.819,5816459.371],[392965.026,5816302.634],[392774.265,5816396.923],[391898.686,5816604.497],[391899.116,5816561.953],[391938.158,5816412.363],[391844.267,5816276.24],[391812.286,5816190.835],[391782.526,5815929.353]]]},"properties":{"PGR_ID":"0810","PGR_NAME":"Neukölln","BEZ":"08","STAND":"01.01.2021","GROESSE_M2":11704259.77}},
{"type":"Feature","geometry":{"type":"Polygon","coordinates":[[[385874.066,5814306.187],[385293.097,5814335.781],[385240.202,5814312.238],[385192.636,5814349.62],[385162.407,5814305.927],[385079.726,5814234.574],[385013.554,5814222.329],[384930.84,5814184.308],[384874.652,5814015.938],[384840.233,5813880.172],[384776.657,5813426.242],[384784.022,5813402.823],[384982.349,5813455.852],[384955.647,5813301.179],[385025.694,5813214.442],[385108.655,5813086.344],[385066.837,5813053.711],[385184.241,5812873.881],[385324.271,5812777.556],[385350.618,5812739.588],[385396.767,5812717.692],[385535.373,5812784.691],[385515.036,5812677.957],[385506.888,5812494.985],[385546.753,5812514.815],[385687.082,5812619.421],[385708.338,5812585.377],[385737.086,5812478.81],[385826.612,5812316.9],[385851.645,5812203.865],[385822.814,5812187.274],[385985.793,5811831.358],[386034.97,5811849.18],[386204.652138,5811668.781838],[386340.579,5811765.476],[386334.779,5811772.909],[386452.422,5811836.119],[386540.084,5811869.726],[386729.538,5811903.179],[386883.859,5811902.174],[387099.803,5811874.751],[387184.594,5811873.57],[387314.407,5811849.182],[387504.832,5811828.133],[387617.433,5811797.248],[387852.775,5811704.572],[388070.844,5811631.829],[388255.615,5811580.743],[388439.16,5811589.744],[388544.889,5811629.704],[388613.592,5811673.699],[388697.737,5811747.879],[388617.144,5811999.401],[388528.642,5812288.831],[388371.529,5812729.454],[388307.889,5812947.537],[388290.233,5812986.599],[388169.607,5812991.592],[388137.143,5813110.17],[388112.02,5813146.735],[388056.097,5813153.748],[387947.387,5813105.448],[387824.478,5813125.543],[387827.176,5813346.935],[387783.229,5813347.99],[387726.882,5813374.24],[387745.336,5813402.377],[387556.988,5813681.808],[387434.811,5813825.199],[387155.793,5814118.931],[387149.332,5814230.946],[387129.093,5814210.522],[386981.798,5814329.074],[386880.699,5814196.175],[386869.636,5814204.895],[386647.47,5814163.28],[386592.543,5814086.042],[386507.737,5814134.861],[386422.977,5813998.853],[386403.423,5814018.023],[385942.615,5814302.664],[385874.066,5814306.187]]]},"properties":{"PGR_ID":"0610","PGR_NAME":"Steglitz","BEZ":"06","STAND":"01.01.2021","GROESSE_M2":6787464.812}},
{"type":"Feature","geometry":{"type":"Polygon","coordinates":[[[379892.124,5825176.72],[379910.663,5825145.049],[380068.799,5824951.93],[380078.157081,5824979.478017],[380138.49249,5824982.419026],[380243.369717,5824933.3354],[380282.803315,5824832.039494],[380292.708329,5824781.530847],[380326.431125,5824712.002896],[380435.163721,5824640.171429],[380511.812651,5824633.063106],[380580.968195,5824683.850757],[380626.296,5824696.847],[380639.730939,5824749.4932],[380700.021439,5824801.863502],[380745.311252,5824914.634899],[380810.9,5824987.25],[380872.555796,5824991.871409],[380947.802866,5825029.245116],[381169.347849,5825027.982796],[381230.053321,5825065.656539],[381246.771677,5825104.167614],[381242.508062,5825170.281885],[381283.106768,5825211.302875],[381330.326057,5825230.63244],[381371.518241,5825202.06324],[381444.925541,5825222.986875],[381558.041171,5825301.069321],[381645.205982,5825313.348206],[381668.899782,5825340.895826],[381717.723432,5825481.060105],[381766.249771,5825506.056471],[381792.746254,5825558.79842],[381783.160349,5825647.518103],[381800.028045,5825697.247057],[381884.572436,5825841.62181],[381937.441526,5826004.817012],[381963.518568,5826167.177343],[381953.445155,5826171.098204],[382017.400902,5826280.836557],[382060.562904,5826311.182744],[382161.516797,5826339.958966],[382218.448333,5826401.841629],[382333.791742,5826490.977679],[382337.359674,5826533.885954],[382530.424776,5826697.70833],[382569.761462,5826718.727294],[382599.181069,5826758.025571],[382753.579185,5826809.333126],[382787.692716,5826797.41203],[382832.543373,5826725.136952],[382973.048716,5826725.687571],[383023.598615,5826732.864212],[383081.754051,5826707.792717],[383105.939278,5826752.432685],[383044.199376,5826851.604593],[383025.723748,5826938.175483],[383040.325785,5827049.17922],[383069.543421,5827106.722825],[383121.789,5827116.955],[383125.076,5827143.798],[383078.126495,5827158.953761],[383062.709604,5827221.172633],[383122.999889,5827397.797698],[383102.992391,5827427.261205],[383163.66453,5827509.566035],[383057.288198,5827778.321606],[382995.176562,5827897.761656],[382942.818048,5827945.546213],[382866.821201,5827997.273006],[382912.067302,5828028.170692],[382863.894628,5828067.181622],[382783.209222,5828008.553623],[382718.112868,5828015.282013],[382626.840294,5827994.669394],[382552.416605,5828017.141819],[382543.55,5828049.9],[382577,5828061.65],[382606.35,5828101],[382616.15,5828153.8],[382600.35,5828240.55],[382567.3,5828312.4],[382500.25,5828388],[382340.771117,5828498.17786],[382462.085,5828636.264],[382520.358,5828693.094],[382629.474,5828747.344],[382687.426,5828756.486],[382797.179,5828751.517],[382858.902,5828757.334],[382941.717,5828794.604],[383115.441,5828887.844],[383170.529,5828927.858],[383272.93824,5828793.236048],[383371.051,5828917.359],[383525.68,5829037.006],[383590.507,5829129.426],[383652.154,5829238.674],[383792.634,5829317.323],[383845.71,5829330.912],[383975.613,5829314.708],[384053.771,5829348.957],[384088.202,5829403.353],[384141.846,5829275.708],[384112.253,5829233.061],[384159.876,5829252.928],[384146.693,5829297.267],[384183.791,5829305.11],[384285.968,5829358.737],[384337.597,5829420.544],[384270.519,5829442.574],[384261.429,5829463.48],[384306.459,5829483.472],[384292.597,5829528.745],[384345.751,5829539.014],[384375.457,5829517.864],[384411.451,5829541.29],[384386.551,5829602.911],[384431.069,5829628.13],[384424.386,5829678.452],[384536.252,5829671.639],[384528.019,5829708.723],[384559.318,5829693.708],[384562.291,5829764.936],[384589.723,5829732.01],[384665.232,5829761.626],[384745.3,5829825.202],[384770.244,5829808.225],[384877.143,5829807.351],[384904.304,5829862.694],[385013.468,5829809.132],[385035.438,5829761.284],[385028.724,5829725.888],[385083.893,5829688.245],[385096.911,5829648.498],[385116.824,5829693.263],[385133.203,5829668.901],[385213.454,5829761.197],[385250.538,5829788.088],[385213.959,5829824.996],[385219.353,5829852.43],[385271.385,5829824.342],[385281.119,5829875.398],[385346.115,5829908.169],[385341.104,5829946.26],[385391.01,5829969.513],[385413.925,5830000.743],[385432.592,5829972.129],[385462.605,5829996.616],[385560.91,5829995.904],[385591.031,5830015.63],[385609.325,5830092.856],[385666.285,5830183.12],[385823.722,5830312.714],[385935.599,5830365.593],[386000.6,5830493.985],[386088.716,5830511.905],[386141.2,5830485.537],[386201.389,5830479.891],[386310.871,5830547.601],[386357.01,5830555.021],[386487.521,5830524.234],[386578.107,5830544.954],[386604.968,5830534.93],[386720.692,5830563.424],[386851.998445,5830653.883094],[386876.168979,5830627.56673],[386950.839731,5830671.489081],[387004.897942,5830740.240352],[387010.752297,5830835.434523],[387031.82581,5830868.140317],[387014.286979,5830887.298604],[387020.038768,5831003.915993],[387039.936422,5831031.012696],[386962.409334,5831081.612525],[386936.008,5831140.159],[386941.918,5831211.011],[386971.419,5831263.136],[387073.777,5831297.023],[387135.708,5831343.99],[387191.293,5831403.766],[387237.963,5831498.43],[387280.464,5831535.908],[387354.271,5831551.21],[387407.591,5831593.47],[387153.013,5831771.328],[387131.464,5831753.49],[386915.77,5831898.332],[386789.988,5831943.95],[386663.41,5831976.402],[386547.727,5832028.962],[386437.172,5832046.687],[386261.227,5832066.342],[386110.561,5832129.994],[385951.995,5832181.968],[385818.031,5832246.452],[385773.952,5832249.175],[385514.241,5832227.719],[385426.345,5832207.175],[385300.074,5832192.532],[385113.111,5832152.379],[385109.532,5832192.946],[385144.393,5832216.415],[385265.774,5832258.511],[385374.235,5832317.329],[385542.146,5832360.659],[385598.979,5832395.194],[385639.19,5832453.518],[385599.43,5832464.235],[385606.948,5832521.121],[385634.805,5832521.802],[385607.084,5832693.89],[385583.043,5832765.82],[385533.659,5832853.322],[385483.648,5832967.039],[385379.859,5833180.184],[385354.601,5833277.848],[385441.557,5833297.31],[385427.526,5833424.219],[385393.318,5833527.613],[385463.428,5833535.073],[385462.243,5833581.74],[385527.736,5833594.484],[385523.799,5833654.143],[385579.031,5833729.193],[385575.095,5833782.614],[385596.362,5833787.581],[385588.04,5833864.25],[385613.731,5833869.423],[385602.796,5834005.556],[385550.426,5833992.109],[385329.606,5834457.084],[385034.618,5835082.683],[385692.075,5835497.012],[385669.976,5835497.054],[385601.654,5835569.631],[385615.474,5835593.486],[385538.621,5835674.359],[385503.001,5835751.969],[385297.234,5835731.253],[385191.286,5835713.194],[385059.023,5835726.254],[384718.045,5835735.213],[384594.257,5835744.882],[384358.783,5835805.836],[384228.565,5835821.094],[384193.556,5835807.151],[384038.492,5835866.166],[383895.686,5835897.253],[383859.274,5835915.521],[383779.956,5835028.771],[383997.628,5835009.603],[383986.842,5834838.77],[383950.516,5834533.936],[383926.256,5834546.091],[383946.912,5834490.128],[383936.779,5834339.997],[383909.948,5834091.114],[383881.844,5833792.24],[383879.258,5833731.603],[383671.525,5833706.673],[383377.78,5833642.015],[383228.206,5833652.865],[383073.568,5833611.595],[382912.443,5833598.286],[382686.562,5833648.447],[382411.264,5833718.599],[382424.108,5833537.826],[382439.884,5833491.458],[382512.185,5833350.039],[382569.878,5833190.86],[382601.082,5833029.495],[382515.089,5832177.847],[382461.566,5832214.294],[382251.37,5832282.125],[382028.562,5832278.941],[381938.121,5832262.895],[381838.521,5832261.033],[381772.187,5832249.107],[381670.324,5832247.628],[381494.653,5832270.704],[381417.42,5832252.497],[381286.427,5832254.622],[381215.08,5832288.14],[381101.96,5832359.771],[381020.254,5832372.877],[380898.699,5832330.806],[380856.858,5832325.433],[380592.115,5832328.747],[380426.133,5832306.258],[380226.33,5832292.015],[380071.266,5832313.137],[379924.892,5832351.53],[379922.84,5832397.096],[379872.303,5832414.219],[379880.57,5832391.112],[379812.652,5832416.271],[379728.387,5832394.381],[379562.114,5832411.678],[379570.79,5832354.776],[379541.835,5832257.333],[379536.586,5832167.283],[379498.447,5831981.517],[379385.571,5831751.678],[379283.788,5831511.028],[379150.05,5831414.281],[378779.347,5830648.65],[378584.472,5830301.259],[378525.556,5830237.301],[378456.087,5830193.456],[378293.104,5830128.976],[378238.116,5830077.281],[378221.381,5830022.638],[378223.491,5829904.694],[378262.281,5829765.432],[378490.323,5829444.954],[378584.694,5829266.744],[378644.582,5829172.938],[378848.929,5828924.401],[379116.744,5828711.199],[379301.168,5828509.519],[379348.944,5828416.532],[379373.302,5828307.912],[379345.416,5828206.339],[379236.844,5827874.713],[379166.797,5827680.191],[379091.481,5827575.741],[379077.387,5827528.772],[379092.814,5827438.833],[379140.769,5827374.634],[379210.108,5827310.677],[379266.815,5827204.563],[379280.725,5827148.421],[379257.221,5827008.946],[379250.362,5826879.804],[379307.703,5826724.551],[379398.108,5826599.526],[379517.135,5826472.537],[379642.41,5826387.526],[379717.989,5826267.864],[379729.129,5826207.495],[379721.279,5826116.63],[379728.029,5826053.595],[379819.113,5825840.803],[379836.611,5825671.109],[379907.282,5825563.1],[379933.873,5825507.988],[379943.994,5825448.524],[379931.925,5825370.572],[379888.739,5825255.65],[379892.124,5825176.72]]]},"properties":{"PGR_ID":"1240","PGR_NAME":"Grüner Norden","BEZ":"12","STAND":"01.01.2021","GROESSE_M2":42760835.67}},
{"type":"Feature","geometry":{"type":"Polygon","coordinates":[[[403195.744,5819041.803],[403238.91,5819121.607],[403279.738,5819245.554],[403346.612,5819471.459],[403346.782,5819527.477],[403369.613,5819640.588],[403406.623,5819699.729],[403411.381,5819794.694],[403442.876,5819959.459],[403457.687,5820093.556],[403451.92,5820214.981],[403494.477,5820393.047],[403514.312,5820453.646],[403558.427,5820505.222],[403759.999,5820714.917],[403932.85,5820929.268],[403955.735,5820948.405],[403794.957,5821027.691],[403717.080113,5821078.892599],[403540.959,5821179.874],[403505.179,5821217.041],[403426.725,5821351.977],[403335.279,5821418.075],[403189.472,5821394.886],[403054.884,5821437.302],[402917.298,5821472.467],[402807.790971,5821518.70051],[402777.251,5821444.224],[402191.12672,5821420.426652],[402154.946114,5821437.903239],[402097.476,5821401.459],[401769.286,5821385.648],[401688.15,5821348.096],[401658.23,5821287.217],[401663.696261,5821247.099103],[401624.378,5820991.325],[401610.433,5820993.112],[401536.59,5820512.641],[401520.631,5820508.797],[401451.515,5820060.089],[401401.944,5820061.004],[401307.878,5819458.461],[401286.798,5819395.065],[401181.27536,5818723.8601],[400794.397,5818758.479],[400659.012,5818770.614],[400659.766,5818542.163],[400647.696,5818537.903],[400656.42,5818371.505],[400636.686,5818327.203],[400580.084,5818277.813],[400855.834,5817492.683],[401007.546829,5817462.129118],[401034.926,5817456.551],[401162.259,5817226.507],[401149.686,5817169.997],[401185.538,5817145.005],[401207.349,5816891.911],[401299.549,5816729.445],[401400.527,5816431.246],[401538.259,5816058.796],[401553.273,5815992.308],[401530.247,5815910.854],[401475.154,5815833.09],[401416.516,5815694.07],[401391.687,5815698.162],[401383.366,5815394.162],[401421.933,5815393.116],[401579.13,5815082.621],[401652.753,5814717.57],[401689.815,5814706.189],[401856.076,5814698.558],[402011.48,5814659.534],[402250.752,5814651.517],[402402.296,5814671.305],[402541.572,5814723.086],[402577.583,5814682.546],[402672.229,5814710.897],[402719.153,5814789.131],[402726.761,5814853.134],[402710.746,5814971.772],[402658.402,5815067.527],[402491.982,5815221.875],[402432.893,5815319.782],[402426.816,5815364.636],[402427,5815604.75],[402450.65,5815736.5],[402451.526,5815895.948],[402518.705,5815975.497],[402611.316,5816157.618],[402637.59,5816239.345],[402686.491,5816455.649],[402736.425,5816524.533],[402797.943,5816670.893],[402847.384,5816742.622],[402860.011278,5816803.829415],[402880.372,5816828.325],[402876.181,5816893.423],[402811.33,5816978.027],[402789.369,5817134.674],[402849.081102,5817332.145124],[402859.504,5817399.255],[402896.726,5817457.866],[403029.015,5817560.796],[403063.241,5817624.183],[403102.086,5817655.734],[403380.794,5817671.057],[403446.181,5817729.64],[403517.852,5817895.433],[403529.695,5818011.411],[403582.53,5818086.08],[403595.938563,5818129.917547],[403573.044,5818243.239],[403533.302,5818336.655],[403477.266,5818403.521],[403409.809,5818517.322],[403320.904,5818600.957],[403285.579,5818661.769],[403217.752,5818745.486],[403187.247,5818990.378],[403195.744,5819041.803]]]},"properties":{"PGR_ID":"1030","PGR_NAME":"Biesdorf","BEZ":"10","STAND":"01.01.2021","GROESSE_M2":12404487.19}},
{"type":"Feature","geometry":{"type":"Polygon","coordinates":[[[389687.516172,5818256.175606],[389700.735,5818268.846],[389893.553,5818775.248],[389978.44,5818657.94],[390875.238,5818723.277],[391327.391,5818759.483],[391358.488,5818754.742],[391426.713,5818897.752],[391598.626,5818800.451],[391710.821,5818713.293],[391769.615,5818760.501],[391950.896,5818530.561],[392084.477,5818610.574],[392184.7,5818381.987],[392355.808,5818283.27],[392393.861,5818354],[392414.718,5818379.721],[392595.618,5818292.718],[392639.211,5818386.1],[392688.825,5818389.706],[392723.385,5818454.493],[392865.281,5818387.66],[393006.432,5818376.109],[393096.854,5818394.104],[393217.684,5818460.33],[393250.717,5818444.863],[393366.001,5818699.815],[393407.192,5818764.837],[393388.91,5818802.144],[393319.478,5818845.721],[393082.716,5819082.959],[392966.586,5819182.061],[393041.427,5819306.529],[393130.729,5819493.889],[393250.23,5819812.783],[393209.592,5819825.845],[393195.154,5819862.116],[393265.581,5820011.063],[393365.936,5819991.275],[393422.826,5820172.321],[393180.112,5820351.967],[393246.511,5820367.002],[393246.048,5820406.198],[393173.954,5820424.41],[393062.3,5820485.21],[392793.702,5820666.935],[392693.242,5820739.736],[392505.223,5820886.626],[392228.722,5821021.572],[392146.299,5821044.475],[392018.265,5821093.683],[391842.745,5821146.236],[391879.016,5821250.048],[391872.978,5821269.718],[391906.321,5821443.278],[392041.724,5821662.942],[391983.984,5821702.259],[391859.947,5822130.506],[391808.845,5822317.914],[391774.528,5822342.436],[391729.113,5822322.541],[391236.406,5822107.787],[391043.604,5822027.124],[390828.726,5821816.039],[390809.811,5821802.54],[390662.43,5821599.966],[390628.901,5821574.142],[390538.796,5821689.777],[390453.794,5821817.534],[390269.529,5822080.289],[390133.134,5822307.007],[390100.322,5822346.688],[389865.657,5822127.506],[389755.774,5822012.696],[389652.226,5822126.765],[389350.343,5821905.799],[389302.868,5821977.084],[389194.203035,5821902.513795],[389158.58074,5821885.245836],[389241.987,5821756.672],[389417.977,5821461.869],[389491.925,5821286.63],[389570.888,5821146.259],[389645.34,5821039.764],[389683.328,5820933.838],[389680.056,5820883.823],[389647.944,5820842.834],[389493.504,5820846.842],[389487.966,5820706.864],[389536.092,5820656.699],[389526.495,5820432.528],[389422.431,5820401.631],[389369.301,5820353.71],[389300.1,5820250.5],[389218.6,5820169.45],[389098.1,5820108.25],[389072.45,5820086.05],[388989.4,5820063.9],[388861.05,5820002.7],[388754.85,5819900.45],[388708.3,5819870.75],[388610.95,5819836.15],[388503.35,5819818.8],[388402.7,5819835.7],[388349.1,5819862.65],[388141.9,5820039.95],[388067.391903,5820116.993602],[388056.8,5820108.858],[387931.106,5820126.598],[387865.063,5820059.959],[387868.032,5819935.342],[387853.765,5819916.495],[387727.333,5819900.096],[387670.542819,5819791.487473],[387741.24,5819739.779],[387714.904,5819714.632],[387646.804,5819709.128],[387576.288,5819673.343],[387306.543,5819651.576],[387277.502,5819671.407],[387230.757,5819610.021],[387218.46,5819564.539],[387224.288,5819499.102],[387111.013,5819488.903],[387091.756,5819431.505],[387070.825,5819432.157],[386800.186,5819409.187],[386710.328,5819388.988],[386730.159,5819345.484],[386769.408,5819320.879],[386923.083,5819260.19],[386942.84,5819259.564],[386899.636,5819211.91],[386838.221,5819169.371],[386668.276,5819083.36],[386886.277,5818962.762],[386926.802,5818940.353],[386961.33,5818946.355],[386991.813,5818896.169],[386984.825,5818852.075],[386911.193,5818704.507],[386927.704,5818681.494],[387032.078,5818602.738],[387133.735,5818589.772],[387240.859,5818607.733],[387267.865,5818512.996],[387356.208,5818515.327],[387427.064,5818486.349],[387432.647,5818494.402],[388097.805,5818213.283],[388097.77,5818217.451],[388510.087,5818042.87],[388847.076,5817874.735],[388881.231,5817862.736],[389269.517,5817767.057],[389319.585,5817775.805],[389414.83,5817897.313],[389456.074,5818081.534],[389568.461,5818270.397],[389609.654,5818358.322],[389644.011,5818295.233],[389687.516172,5818256.175606]]]},"properties":{"PGR_ID":"0110","PGR_NAME":"Zentrum","BEZ":"01","STAND":"01.01.2021","GROESSE_M2":15850423.35}},
{"type":"Feature","geometry":{"type":"Polygon","coordinates":[[[392501.464,5807836.578],[392651.596,5807872.083],[392851.752,5807948.034],[393074.889,5808014.227],[393346.969,5808077.533],[393582.432,5808189.25],[393810.042,5808279.926],[393942.859,5808321.291],[394385.499,5808519.133],[394444.281,5808570.572],[394724.199,5808712.655],[394910.952,5808816.006],[395199.941,5808923.092],[395336.201,5808951.09],[395388.971,5809028.199],[394763.737,5809280.776],[394722.505,5809303.088],[394608.57,5809330.191],[394415.127,5809434.927],[394444.533211,5809454.349726],[394359.166,5809526.202],[394298.846,5809626.409],[394373.974,5809671.947],[394333.917,5809728.163],[394377.075,5809761.347],[394426.955,5809842.685],[394455.375,5809909.729],[394541.107,5810193.793],[394573.144,5810332.223],[394599.051,5810331.611],[394661.85,5810370.834],[394683.344,5810561.569],[394720.386,5810709.669],[394738.177,5810737.798],[394751.05,5810816.277],[394807.186,5810955.837],[394846.055,5811031.713],[394933.449,5811169.739],[395059.744,5811337.461],[395138.02,5811461.154],[395146.34,5811489.662],[395223.544,5811589.741],[395262.549,5811595.905],[395430.457992,5811568.889293],[395489.401,5811542.928],[395739.442,5811341.593],[395788.113,5811297.917],[395891.866,5811162.514],[395930.406,5811059.701],[395976.154,5811098.718],[396192.519,5810919.553],[396200.985,5810931.501],[396242.544,5810873.746],[396323.553,5810988.826],[396456.474,5811204.189],[396553.471,5811345.542],[396597.49,5811370.953],[396562.693,5811412.48],[396463.508,5811495.928],[396426.016,5811514.579],[395759.329,5812066.538],[395665.256,5812157.438],[395583.719,5812264.018],[395522.572,5812369.631],[395447.215,5812527.218],[395293.115,5812926.811],[395197.595,5813129.928],[395161.197,5813223.001],[395043.314737,5813434.648979],[395014.175,5813424.668],[394892.923,5813642.313],[394867.456,5813710.741],[394859.969,5813781.877],[394884.479,5813897.14],[394780.178,5813883.994],[394564.187,5813815.577],[394325.675,5813749.157],[394302.783,5813768.911],[394152.973,5813733.001],[394046.316,5813716.331],[393910.355,5813704.597],[393645.744,5813672.932],[393454.272,5813618.766],[393086.828,5813552.737],[392858.57,5813518.68],[392871.529,5813416.642],[392749.342,5813447.282],[392690.688,5813305.32],[392943.063,5813147.306],[392983.719,5813113.636],[393089.265,5812999.719],[392978.744,5812990.761],[392786.51,5813002.324],[392724.328,5813013.506],[392694.494,5812964.247],[392614.751,5812785.438],[392474.497,5812512.618],[392417.116,5812518.078],[392395.972,5812458.375],[392362.122,5812361.937],[392334.769,5812189.092],[392290.237,5812101.976],[392263.744,5811939.673],[392207.978,5811822.303],[392089.082,5811389.53],[392002.895,5811055.746],[391954.984,5810882.871],[391938.964,5810737.618],[391851.159,5810524.365],[391828.945,5810410.407],[391685.462,5810074.982],[391659.717,5809908.835],[391625.567,5809739.738],[391559.442,5809567.639],[391375.857,5809194.029],[391569.821,5809145.557],[391521.102,5808950.71],[391198.904,5808821.012],[391154.592,5808738.071],[391346.072,5808143.103],[391585.392,5808196.201],[391753.531,5808215.305],[391854.037,5808207.647],[391957.952,5808177.295],[392145.084,5808081.358],[392406.23,5807907.011],[392508.568,5807870.53],[392501.464,5807836.578]]]},"properties":{"PGR_ID":"0820","PGR_NAME":"Britz/Buckow","BEZ":"08","STAND":"01.01.2021","GROESSE_M2":17123718.15}},
{"type":"Feature","geometry":{"type":"Polygon","coordinates":[[[394738.177,5810737.798],[394720.386,5810709.669],[394683.344,5810561.569],[394661.85,5810370.834],[394599.051,5810331.611],[394573.144,5810332.223],[394541.107,5810193.793],[394455.375,5809909.729],[394426.955,5809842.685],[394377.075,5809761.347],[394333.917,5809728.163],[394373.974,5809671.947],[394298.846,5809626.409],[394359.166,5809526.202],[394444.533211,5809454.349726],[394415.127,5809434.927],[394608.57,5809330.191],[394722.505,5809303.088],[394763.737,5809280.776],[395388.971,5809028.199],[395336.201,5808951.09],[395517.44,5808984.013],[395818.946,5808861.046],[396022.643,5808839.816],[396021.624,5808832.477],[396200.45,5808813.601],[396201.276,5808821.886],[396433.979,5808800.045],[396544.163,5808808.671],[396631.54,5808847.877],[396688.759,5808923.332],[396988.737,5809284.758],[396988.822,5809297.135],[396832.567,5809490.335],[396778.747,5809474.82],[396225.19,5809511.045],[396240.835,5809675.082],[396229.9,5809752.613],[396245.917,5809762.058],[396219.574,5809806.514],[396424.147,5809929.234],[396305.813,5810068.829],[396282.316,5810046.869],[396247.905,5810084.049],[396303.505,5810135.797],[396182.11,5810233.934],[396134.569,5810188.871],[396088.913,5810228.387],[396126.946,5810278.698],[396073.612,5810243.024],[395958.078,5810349.866],[395910.537,5810295.97],[395897.016,5810307.845],[395771.195,5810165.29],[395819.204,5810132.472],[395641.575,5809943.745],[395426.812,5810085.143],[395364.896,5810136.064],[395313.441,5810219.577],[395472.056,5810297.082],[395495.696,5810349.279],[395458.869,5810405.604],[395418.147,5810441.094],[395300.695,5810514.561],[395078.064,5810161.993],[395072.724203,5810142.804546],[394922.302,5810213.915],[395037.444,5810443.329],[395047.263,5810476.44],[394929.638,5810537.14],[394851.656,5810590.839],[394792.561,5810658.635],[394738.177,5810737.798]]]},"properties":{"PGR_ID":"0830","PGR_NAME":"Gropiusstadt","BEZ":"08","STAND":"01.01.2021","GROESSE_M2":2657903.443}},
{"type":"Feature","geometry":{"type":"Polygon","coordinates":[[[391729.113,5822322.541],[391719.687,5822355.289],[391627.38,5822314.9],[391555.604,5822520.766],[391514.324,5822679.258],[391489.323,5822867.102],[391451.651,5823031.613],[391526.327,5823042.771],[391459.738,5823313.766],[391441.604,5823516.476],[391301.911,5823499.34],[391356.813,5823577.593],[391382.53,5823663.648],[391389.906,5823731.309],[391345.5,5824049.42],[391338.282,5824126.13],[391337.659,5824340.26],[391304.968,5824581.886],[391265.615,5824737.306],[391200.362,5824864.529],[391101.551,5825028.376],[390965.752,5825166.717],[390923.351,5825187.206],[390918.399,5825212.391],[390804.913,5825323.938],[390814.87,5825359.806],[390771.475,5825398.958],[390736.805,5825359.839],[390510.528,5825412.252],[390493.533,5825410.166],[390277.658,5825271.348],[390108.632,5825243.577],[390102.57,5825249.743],[389991.314,5824636.737],[389562.868,5824632.976],[389500.634,5824566.275],[389274.12,5824382.059],[389284.141,5824278.223],[389389.03,5824284.643],[390454.973,5824121.608],[390285.956,5823754.52],[390230.238,5823693.137],[389900.342,5823369.932],[389504.407,5822985.099],[389482.16,5822919.996],[389412.680502,5822941.069779],[389397.819,5822900.491],[388921.09,5822922.9],[389210.339,5822641.246],[389141.201,5822594.158],[388994.742,5822513.666],[389000.135,5822501.754],[388743.923,5822320.954],[388619.85,5822222.3],[388817.7,5822130.35],[388861.175,5822094.631],[388959.355,5822114.521],[389128.284,5822009.932],[389194.203035,5821902.513795],[389302.868,5821977.084],[389350.343,5821905.799],[389652.226,5822126.765],[389755.774,5822012.696],[389865.657,5822127.506],[390100.322,5822346.688],[390133.134,5822307.007],[390269.529,5822080.289],[390453.794,5821817.534],[390538.796,5821689.777],[390628.901,5821574.142],[390662.43,5821599.966],[390809.811,5821802.54],[390828.726,5821816.039],[391043.604,5822027.124],[391236.406,5822107.787],[391729.113,5822322.541]]]},"properties":{"PGR_ID":"0130","PGR_NAME":"Gesundbrunnen","BEZ":"01","STAND":"01.01.2021","GROESSE_M2":5686535.729}},
{"type":"Feature","geometry":{"type":"Polygon","coordinates":[[[394655.527,5820722.533],[394610.586,5820804.771],[394334.834,5821243.217],[394090.046,5820998.389],[394060.416,5821001.549],[394005.982,5821085.911],[393157.642,5820942.685],[393145.418,5820918.767],[393063.269,5820924.692],[392793.702,5820666.935],[393062.3,5820485.21],[393173.954,5820424.41],[393246.048,5820406.198],[393246.511,5820367.002],[393180.112,5820351.967],[393422.826,5820172.321],[393365.936,5819991.275],[393265.581,5820011.063],[393195.154,5819862.116],[393209.592,5819825.845],[393250.23,5819812.783],[393130.729,5819493.889],[393041.427,5819306.529],[392966.586,5819182.061],[393082.716,5819082.959],[393319.478,5818845.721],[393388.91,5818802.144],[393407.192,5818764.837],[393584.716,5818625.284],[393812.552,5818430.347],[393921.94,5818307.197],[394013.925,5818243.223],[394212.303,5818117.821],[394458.459,5817914.277],[394600.396,5818089.879],[394601.688,5818102.284],[394747.030083,5818393.600579],[394735.603487,5818399.284474],[394813.963,5818587.973],[394791.248,5818598.634],[394807.964,5818639.413],[395014.208,5819334.555],[395063.336159,5819514.459849],[395061.24355,5819555.955212],[395016.172,5819784.197],[394989.111,5819802.4],[394996.756,5819856.727],[394926.803,5820034.034],[394925.316,5820053.621],[394851.022,5820243.327],[394836.141,5820265.843],[394655.527,5820722.533]]]},"properties":{"PGR_ID":"0240","PGR_NAME":"Friedrichshain West","BEZ":"02","STAND":"01.01.2021","GROESSE_M2":4578339.46}},
{"type":"Feature","geometry":{"type":"Polygon","coordinates":[[[392793.702,5820666.935],[393063.269,5820924.692],[393145.418,5820918.767],[393157.642,5820942.685],[394005.982,5821085.911],[394060.416,5821001.549],[394090.046,5820998.389],[394334.834,5821243.217],[394253.002,5821357.5],[393724.141,5821793.056],[393682.421,5821819.215],[393977.398,5822216.241],[394015.154,5822271.19],[393791.181,5822412.92],[393738.86,5822468.891],[393567.608,5822582.52],[393314.975,5822729.925],[393097.824,5822161.134],[392492.154,5822329.096],[392446.329,5822353.981],[392343.551,5822383.751],[392058.419,5822427.164],[391774.528,5822342.436],[391808.845,5822317.914],[391859.947,5822130.506],[391983.984,5821702.259],[392041.724,5821662.942],[391906.321,5821443.278],[391872.978,5821269.718],[391879.016,5821250.048],[391842.745,5821146.236],[392018.265,5821093.683],[392146.299,5821044.475],[392228.722,5821021.572],[392505.223,5820886.626],[392693.242,5820739.736],[392793.702,5820666.935]]]},"properties":{"PGR_ID":"0370","PGR_NAME":"Südlicher Prenzlauer Berg","BEZ":"03","STAND":"01.01.2021","GROESSE_M2":3031074.652}},
{"type":"Feature","geometry":{"type":"Polygon","coordinates":[[[387070.825,5819432.157],[387091.756,5819431.505],[387111.013,5819488.903],[387224.288,5819499.102],[387218.46,5819564.539],[387230.757,5819610.021],[387277.502,5819671.407],[387306.543,5819651.576],[387576.288,5819673.343],[387646.804,5819709.128],[387714.904,5819714.632],[387741.24,5819739.779],[387670.542819,5819791.487473],[387727.333,5819900.096],[387853.765,5819916.495],[387868.032,5819935.342],[387865.063,5820059.959],[387931.106,5820126.598],[388056.8,5820108.858],[388067.391903,5820116.993602],[388141.9,5820039.95],[388349.1,5819862.65],[388402.7,5819835.7],[388503.35,5819818.8],[388610.95,5819836.15],[388708.3,5819870.75],[388754.85,5819900.45],[388861.05,5820002.7],[388989.4,5820063.9],[389072.45,5820086.05],[389098.1,5820108.25],[389218.6,5820169.45],[389300.1,5820250.5],[389369.301,5820353.71],[389422.431,5820401.631],[389526.495,5820432.528],[389536.092,5820656.699],[389487.966,5820706.864],[389493.504,5820846.842],[389647.944,5820842.834],[389680.056,5820883.823],[389683.328,5820933.838],[389645.34,5821039.764],[389570.888,5821146.259],[389491.925,5821286.63],[389417.977,5821461.869],[389241.987,5821756.672],[389158.58074,5821885.245836],[389194.203035,5821902.513795],[389128.284,5822009.932],[388959.355,5822114.521],[388861.175,5822094.631],[388817.7,5822130.35],[388619.85,5822222.3],[388488.3,5822285.65],[388372.5,5822316.45],[388234.25,5822304.5],[388062.05,5822248.1],[387962.4,5822231.15],[387883.1,5822235.3],[387720.25,5822273.1],[387423.4,5822348.15],[387344.15,5822373.2],[387055.95,5822512.6],[386990.373869,5822534.799283],[386888.65,5822544.05],[386675,5822527.45],[386618.45,5822535.3],[386563.544899,5822561.902867],[386550.958,5822376.715],[386679.095,5822216.208],[386625.576,5822194.028],[385470.469,5821953.207],[385539.81,5821621.351],[385570.427,5821534.604],[385595.21,5821534.842],[385843.18,5821581.42],[385875.896,5821583.438],[385843.642,5821547.884],[385859.523,5821491.256],[385811.658,5821449.82],[385820.048,5821420.942],[385588.213,5821354.708],[385787.564,5820315.408],[385864.013,5820247.248],[385932.452,5820328.92],[385928.771,5820435.553],[385948.643,5820546.617],[385991.705,5820623.622],[386023.682,5820655.081],[386117.176,5820703.439],[386245.187,5820719.182],[386323.893,5820708.215],[386375.874,5820686.878],[386491.508,5820605.523],[386622.116,5820448.23],[386662.206,5820319.046],[386657.511,5820239.431],[386627.146,5820089.27],[386630.301,5820043.793],[386670.816,5819944.35],[386730.664,5819877.716],[386837.335,5819817.131],[386903.17,5819811.839],[386968.581,5819821.613],[387004.538,5819679.69],[387042.625,5819607.12],[387092.768,5819552.24],[387070.825,5819432.157]]]},"properties":{"PGR_ID":"0120","PGR_NAME":"Moabit","BEZ":"01","STAND":"01.01.2021","GROESSE_M2":8222063.259}},
{"type":"Feature","geometry":{"type":"Polygon","coordinates":[[[396333.836,5820050.894],[396260.849,5820177.575],[396215.101,5820240.892],[396101.03,5820345.697],[396001.131,5820405.544],[395928.976,5820434.174],[395708.432,5820488.091],[395541.062,5820578.668],[395464.61,5820633.944],[395402.456,5820705.473],[395272.381,5820915.868],[395281.882,5820930.136],[395578.731,5821030.958],[395601.979,5821066.114],[395760.55,5821365.533],[395770.647,5821391.381],[395843.06,5821429.418],[395848.986,5821452.902],[396016.103,5821544.273],[396045.877,5821548.187],[396138.643,5821614.843],[396078.382,5821773.104],[395983.277,5821834.524],[396073.202,5822032.112],[396050.421,5822037.65],[395770.175,5822238.483],[395566.726,5822390.105],[395232.145,5822631.314],[395270.872,5822671.752],[395235.109,5822738.847],[395195.493,5822760.996],[395134.821,5822728.654],[394762.897,5822990.113],[394710.277449,5823050.348637],[394694.543,5823031.932],[394408.647,5823204.265],[394271.49,5823263.76],[393820.911,5823470.201],[393706.082,5823499.694],[393557.073,5823566.794],[393550.127,5823543.488],[393369.618,5823663.454],[392536.167,5823833.436],[392544.213,5823909.054],[392523.168,5824199.417],[392506.618,5824218.528],[392086.289,5824258.861],[392086.292,5824263.736],[391706.954,5824304.228],[391394.294,5824374.355],[391337.659,5824340.26],[391338.282,5824126.13],[391345.5,5824049.42],[391389.906,5823731.309],[391382.53,5823663.648],[391356.813,5823577.593],[391301.911,5823499.34],[391441.604,5823516.476],[391459.738,5823313.766],[391526.327,5823042.771],[391451.651,5823031.613],[391489.323,5822867.102],[391514.324,5822679.258],[391555.604,5822520.766],[391627.38,5822314.9],[391719.687,5822355.289],[391729.113,5822322.541],[391774.528,5822342.436],[392058.419,5822427.164],[392343.551,5822383.751],[392446.329,5822353.981],[392492.154,5822329.096],[393097.824,5822161.134],[393314.975,5822729.925],[393567.608,5822582.52],[393738.86,5822468.891],[393791.181,5822412.92],[394015.154,5822271.19],[393977.398,5822216.241],[393682.421,5821819.215],[393724.141,5821793.056],[394253.002,5821357.5],[394334.834,5821243.217],[394610.586,5820804.771],[394655.527,5820722.533],[394902.46,5820836.948],[394999.002,5820869.533],[395014.216,5820839.218],[395231.876,5820281.087],[395255.8,5820269.833],[395194.255,5820139.456],[395693.45,5819979.173],[396333.836,5820050.894]]]},"properties":{"PGR_ID":"0360","PGR_NAME":"Nördlicher Prenzlauer Berg","BEZ":"03","STAND":"01.01.2021","GROESSE_M2":8047003.996}},
{"type":"Feature","geometry":{"type":"Polygon","coordinates":[[[401000.346,5814753.286],[401409.312,5814673.915],[401377.464,5814736.273],[401458.748,5814734.402],[401617.432,5814704.517],[401689.815,5814706.189],[401652.753,5814717.57],[401579.13,5815082.621],[401421.933,5815393.116],[401383.366,5815394.162],[401391.687,5815698.162],[401416.516,5815694.07],[401475.154,5815833.09],[401530.247,5815910.854],[401553.273,5815992.308],[401538.259,5816058.796],[401400.527,5816431.246],[401299.549,5816729.445],[401207.349,5816891.911],[401185.538,5817145.005],[401149.686,5817169.997],[401162.259,5817226.507],[401034.926,5817456.551],[401007.546829,5817462.129118],[400971.58,5817451.719],[400184.664,5817151.847],[399916.811,5817044.923],[399875.022,5817032.906],[399083.055,5816731.527],[398962.308,5816699.91],[398828.09,5816683.163],[398729.457,5816687.269],[398645.617,5816700.609],[398640.898,5816685.083],[398541.261,5816723.655],[398553.675,5816763.375],[398382.122,5816829.631],[398265.121,5816882.591],[398158.843,5816941.566],[398155.157,5816976.983],[398092.62,5816974.202],[397983.297,5817076.777],[397932.051,5817111.994],[397716.383,5817241.83],[397355.911,5817477.865],[397083.989,5817674.906],[396977.267,5817747.55],[396750.181,5817885.036],[396672.726,5817916.787],[396628.846,5817919.011],[396519.569,5817953.766],[396512.666,5817933.941],[396440.761,5817941.738],[396409.738,5817963.506],[396136.762,5818048.6],[396066.256,5817771.418],[396044.386,5817715.569],[396348.806,5817635.566],[397082.759,5816804.192],[397136.3,5816797.03],[397192.198,5816750.887],[397212.6,5816705.851],[397371.695,5816601.207],[397394.021,5816529.56],[397571.021,5816416.491],[397518.567,5816326.127],[397552.356,5816291.193],[397652.777,5816142.34],[397709.253,5815988.893],[397744.137,5815840.409],[397911.831,5815857.531],[397994.003,5815853.318],[398173.002,5815784.751],[398266.523,5815768.702],[398421.515,5815270.395],[398653.332,5814907.234],[399002.892,5814984.306],[399075.894,5814988.875],[399195.005,5814967.246],[399267.765,5814934.123],[399498.258,5814797.07],[399586.813,5814922.943],[399643.451,5814870.062],[399725.46,5814769.473],[399849.509,5814599.142],[399980.391,5814403.773],[400194.563,5814100.522],[400240.446,5814149.825],[400483.215,5814450.888],[400826.929,5814871.126],[400975.423,5814757.905],[401000.346,5814753.286]]]},"properties":{"PGR_ID":"1150","PGR_NAME":"Lichtenberg Süd","BEZ":"11","STAND":"01.01.2021","GROESSE_M2":8987606.49}},
{"type":"Feature","geometry":{"type":"Polygon","coordinates":[[[384834.773,5823436.163],[385075.291,5823420.557],[385607.666,5823369.037],[385945.582,5823346.857],[386037.371,5823239.948],[386100.483,5823143.563],[386309.472,5822869.995],[386491.747,5822626.024],[386564.709,5822574.959],[386563.544899,5822561.902867],[386618.45,5822535.3],[386675,5822527.45],[386888.65,5822544.05],[386990.373869,5822534.799283],[387055.95,5822512.6],[387344.15,5822373.2],[387423.4,5822348.15],[387720.25,5822273.1],[387883.1,5822235.3],[387962.4,5822231.15],[388062.05,5822248.1],[388234.25,5822304.5],[388372.5,5822316.45],[388488.3,5822285.65],[388619.85,5822222.3],[388743.923,5822320.954],[389000.135,5822501.754],[388994.742,5822513.666],[389141.201,5822594.158],[389210.339,5822641.246],[388921.09,5822922.9],[389397.819,5822900.491],[389412.680502,5822941.069779],[389482.16,5822919.996],[389504.407,5822985.099],[389900.342,5823369.932],[390230.238,5823693.137],[390285.956,5823754.52],[390454.973,5824121.608],[389389.03,5824284.643],[389284.141,5824278.223],[389274.12,5824382.059],[389168.553,5824372.231],[389136.968,5824713.254],[388835.138,5824641.727],[388812.681,5824796.163],[388622.111,5824818.54],[388092.651,5824820.799],[388067.516,5824837.177],[387286.646,5825120.598],[386950.403,5824840.283],[386919.577,5824817.801],[386861.928,5824873.895],[386582.718,5824906.047],[386532.73,5824793.902],[386465.473,5824738.469],[386382.129,5824708.98],[386063.766,5824650.782],[385907.41,5824607.575],[385603.31,5824494.999],[385409.881,5824414.81],[385015.434,5823764.122],[384920.082,5823598.209],[384834.773,5823436.163]]]},"properties":{"PGR_ID":"0140","PGR_NAME":"Wedding","BEZ":"01","STAND":"01.01.2021","GROESSE_M2":9639748.128}},
{"type":"Feature","geometry":{"type":"Polygon","coordinates":[[[389561.47,5816532.513],[389360.742,5816558.608],[389219.603,5816589.14],[388928.44201,5816596.599841],[388908.886,5816600.677],[388817.38172,5816682.513268],[388688.603,5816817.965],[388709.506,5816873.913],[388661.977,5816888.744],[388413.864,5816843.184],[387708.69,5816743.711],[387649.763,5816745.21],[387667.39,5817124.449],[387665.886,5817178.29],[387721.268,5817293.841],[387462.393,5817298.913],[387411.707,5817288.967],[387222.975571,5817294.236447],[387130.698,5817304.859],[387123.075,5817292.433],[387101.631,5817093.987],[387108.2,5817095.15],[387097.439,5816951.817],[387126.963,5816918.487],[387087.219,5816879.766],[387083.327,5816715.542],[387092.661,5816606.378],[387083.897,5816358.937],[387077.845,5816008.497],[387071.917,5815959.594],[387063.738945,5815549.111177],[387191.88,5815561.319],[387496.934649,5815556.818474],[387518.850408,5815509.611428],[387688.617,5815507.373],[388077.389,5815653.747],[388130.606,5815711.022],[388162.624,5815686.719],[388240.226,5815583.762],[388458.152,5815320.818],[388631.652,5815176.43],[388708.197,5815120.199],[388824.275,5815073.736],[388876.859,5815037.107],[388971.43,5814959.964],[389011.114,5814995.502],[389072.18,5814885.598],[389234.012507,5814720.481569],[389307.351,5814689.964],[389349.745,5814691.128],[389357.838,5814788.738],[389271.772,5814811.297],[389174.492,5814877.222],[389110.457,5814955.063],[389058.45,5815067.973],[389058.115,5815196.68],[389073.167,5815321.474],[389124.81,5815462.221],[389417.578,5816215.814],[389423.225,5816224.576],[389428.805,5816250.378],[389590.234,5816245.198],[389606.284,5816527.631],[389561.47,5816532.513]]]},"properties":{"PGR_ID":"0720","PGR_NAME":"Schöneberg Süd","BEZ":"07","STAND":"01.01.2021","GROESSE_M2":3358748.933}},
{"type":"Feature","geometry":{"type":"Polygon","coordinates":[[[383327.78,5818078.934],[383365.411,5818197.43],[383389.656,5818200.359],[383344.828,5818338.613],[383342.302,5818373.498],[383366.659,5818443.35],[383349.778,5818447.991],[383376.488,5818612.011],[383403.802,5818730.145],[383432.299,5818813.108],[383487.386,5818932.972],[383595.662,5819142.819],[383642.588,5819274.707],[383659.621,5819422.878],[383656.215,5819533.231],[383625.098,5819733.128],[383598.556,5819837.982],[383574.858,5819892.105],[383570.56,5819952.653],[383541.931756,5820085.964887],[383522.364,5820141.408],[383461.623,5820383.988],[383431.845,5820525.945],[383417.863,5820709.189],[383405.807,5820759.815],[383415.296,5820840.24],[383453.267,5820998.067],[383472.951,5820934.716],[383501.809,5821021.932],[383561.923,5821121.131],[383619.538,5821184.661],[383667.533,5821221.335],[383527.223877,5821210.691527],[383561.7,5821287.85],[383382.237,5821385.173],[383321.412,5821408.325],[383204.712,5821403.873],[383130.232,5821367.616],[383066.696,5821315.269],[382961.717,5821262.072],[382869.132,5821256.306],[382677.113,5821276.445],[382554.5,5821279.721],[382484.884,5821269.277],[382388.342,5821273.008],[382275.057,5821256.436],[382143.285,5821199.34],[382025.1,5821136.954],[381947.313,5821114.387],[381670.005,5821095.042],[381545.156,5821093.8],[381364.747,5821101.888],[381269.534,5821114.712],[381186.259,5821147.846],[381120.527,5821190.336],[381060.587,5821245.926],[381035.925,5821177.007],[381077.973,5821152.71],[381087.951,5821121.198],[381097.596,5820934.985],[381119.843,5820828.319],[381105.927,5820796.545],[381013.593,5820824.872],[380901.283,5820873.127],[380752.184,5820948.278],[380599.343,5821009.7],[380589.626,5820986.687],[380527.696,5821010.327],[380384.651,5821020.055],[380184.417,5821013.555],[380008.67,5820988.571],[379985.755,5821000.826],[379799.447,5821021.51],[379788.98,5820987.461],[379738.921,5820977.877],[379647.413,5820999.963],[379560.11,5821006.895],[379381.952,5821048.85],[379366.758,5820990.093],[379292.981,5820801.336],[379228.026,5820657.555],[379190.402,5820524.61],[379186.152,5820462.426],[379188.371,5820161.465],[379205.425,5819897.294],[379219.789,5819764.712],[379274.818,5819654.612],[379193.543,5819651.663],[379174.78,5819698.565],[379130.629,5819629.847],[379106.21,5819634.385],[379033.109,5819524.258],[378965.806,5819447.9],[378921.134,5819336.613],[378858.606,5819207.229],[378906.547,5819190.001],[378898.515,5819167.398],[378828.754,5819192.327],[378796.713,5819163.37],[378738.773,5819164.343],[378646.529,5819194.426],[378586.705,5819104.179],[378547.929,5818957.925],[378465.17,5818812.503],[378424.438,5818721.281],[378461.925,5818637.472],[378483.895,5818482.161],[378167.752,5818316.174],[377752.859,5818163.071],[377489.699,5818154.077],[377248.57,5818041.669],[377119.245,5817919.135],[377085.922,5817634.723],[377085.598,5817406.738],[376946.034,5817218.394],[376876.021,5817006.727],[376907.441,5816765.149],[377080.447,5816449.885],[377099.813,5816258.529],[376890.528,5815822.525],[376948.866,5815312.433],[376934.118,5815062.73],[377322.037,5814969.526],[377365.695,5814956.325],[377412.109,5814985.307],[377506.797,5814993.172],[377531.733,5814973.558],[377578.645,5814880.734],[377570.057,5814812.556],[377600.074,5814731.783],[377659.568,5814702.962],[377709.202,5814707.076],[377773.242,5814731.012],[377838.169,5814820.915],[377883.138,5814852.185],[377974.898,5814884.772],[378080.152,5814887.853],[378172.341,5814862.053],[378256.272,5814827.825],[378422.42,5814789.318],[378510.338,5814756.593],[378569.959,5814768.939],[378629.806,5814763.849],[378698.452,5814794.511],[378856.21,5814824.129],[379198.945,5814799.564],[379347.368,5814796.799],[379466.342,5814809.529],[379552.71,5814833.426],[379682.03,5814844.805],[379786.328,5814870.841],[379871.995,5814869.651],[380033.852,5814794.939],[380115.693,5814741.811],[380334.97,5814684.528],[380388.016,5814723.789],[380366.727,5814740.244],[380545.91,5814960.619],[380599.697,5815008.906],[380633.795,5815069.058],[380812.875,5815286.474],[380817.483,5815282.697],[380943.099,5815406.829],[381097.669,5815532.475],[381190.785,5815624.681],[381359.296,5815827.339],[381413.866,5815911.854],[381555.825,5816218.934],[381604.273,5816300.755],[381612.388,5816351.332],[381682.173736,5816479.655095],[381607.220818,5816541.189282],[381897.945,5816899.1],[381970.141,5816839.934],[382038.449,5816893.682],[382091.036,5816948.868],[382129.327,5816961.159],[382189.577,5817042.288],[382383.211,5817379.574],[382591.69,5817641.963],[382686.831,5817743.767],[382733.716,5817772.013],[382727.717,5817798.885],[383327.78,5818078.934]]]},"properties":{"PGR_ID":"0420","PGR_NAME":"Charlottenburg West","BEZ":"04","STAND":"01.01.2021","GROESSE_M2":29450006.75}},
{"type":"Feature","geometry":{"type":"Polygon","coordinates":[[[399405.3,5821639.192],[398641.13,5821569.502],[398642.327,5821589.218],[398574.374,5821580.921],[398146.033,5821550.245],[397948.702,5821547.66],[397247.56,5821496.762],[397247.679,5821489.003],[396706.896,5821448.417],[396650.475,5821454.627],[396600.688,5821434.466],[396546.546,5821558.333],[396453.218,5821745.766],[396321.343,5821985.002],[396326.583,5821984.356],[396228.052,5822232.493],[396226.657,5822252.357],[396050.421,5822037.65],[396073.202,5822032.112],[395983.277,5821834.524],[396078.382,5821773.104],[396138.643,5821614.843],[396045.877,5821548.187],[396016.103,5821544.273],[395848.986,5821452.902],[395843.06,5821429.418],[395770.647,5821391.381],[395760.55,5821365.533],[395601.979,5821066.114],[395578.731,5821030.958],[395281.882,5820930.136],[395272.381,5820915.868],[395402.456,5820705.473],[395464.61,5820633.944],[395541.062,5820578.668],[395708.432,5820488.091],[395928.976,5820434.174],[396001.131,5820405.544],[396101.03,5820345.697],[396215.101,5820240.892],[396260.849,5820177.575],[396333.836,5820050.894],[396363.773,5820031.652],[396442.188,5819869.89],[396471.879,5819872.408],[396633.094,5819416.032],[396702.521,5819379.348],[396683.863,5819341.86],[396576.57,5819396.896],[396542.735,5819238.518],[396555.036,5819196.628],[396591.946,5818904.508],[396561.774,5818884.701],[396532.557,5818815.966],[396366.991,5818540.435],[396389.731,5818517.432],[396347.686,5818470.172],[396490.177,5818525.14],[396548.451,5818532.431],[396666.303,5818514.223],[396731.671,5818488.949],[396876.052,5818390.87],[396923.658,5818344.62],[396970.23,5818273.538],[397015.559,5818124.255],[397044.618,5818072.941],[397095.734,5818091.196],[397200.461,5818149.405],[397296.379,5818216.78],[397404.442,5818303.291],[397546.45,5818427.078],[397759.796447,5818590.780503],[397860.896846,5818662.612809],[397907.682,5818707.681],[397924.763,5818683.093],[397990.219,5818739.695],[398016.316,5818730.098],[398040.451,5818819.212],[398186.839,5818938.16],[398036.641,5818964.714],[398336.614,5819152.106],[398476.286,5819220.232],[398658.158,5819283.286],[398752.779,5819327.981],[398780.118,5819297.034],[398845.093,5819307.637],[399071.751,5819318.734],[399474.025,5819300.146],[399483.435,5819289.42],[399507.167,5819733.723],[399520.02,5819863.611],[399552.105,5820334.312],[399546.826,5820552.618],[399535.695,5820587.697],[399540.417,5820698.765],[399536.354,5820903.435],[399517.055,5821342.086],[399483.936,5821458.486],[399405.3,5821639.192]]]},"properties":{"PGR_ID":"1130","PGR_NAME":"Lichtenberg Nord","BEZ":"11","STAND":"01.01.2021","GROESSE_M2":9540975.564}},
{"type":"Feature","geometry":{"type":"Polygon","coordinates":[[[402902.008,5811425.146],[402962.864,5811422.776],[402999.561583,5811464.030215],[403059.008,5811634.613],[403132.1,5811778.6],[403115.098,5811837.753],[403160.14,5811866.542],[403201.284,5811825.923],[403317.307,5811854.032],[403466.298,5811780.438],[403478.901,5811669.69],[403511.602,5811553.738],[403432.381,5811488.205],[403553.14,5811561.529],[403646.994,5811528.741],[403725.698,5811473.994],[403803.944,5811407.449],[403771.634,5811456.322],[403662.009,5811536.621],[403683.068,5811582.717],[403738.148,5811604.558],[403800.363,5811600.813],[403866.95,5811660.05],[403858.25,5811691.2],[403954.496,5811814.106],[404022.373,5811870.137],[404126.368,5811908.405],[404381.777,5811910.906],[404592.293,5811962.145],[404762.25,5811908.5],[404968.032,5811894.827],[405045.867,5811851.511],[405141.315,5811782.616],[405356.001,5811710.631],[405533.921,5811587.06],[405571.652,5811544.751],[405644.452,5811500.292],[405703.362,5811447.048],[405852.399,5811385.999],[405888.671,5811341.337],[405944.006,5811305.14],[406002.643,5811249.4],[406046.754,5811228.773],[406131.029,5811239.6],[406210.421,5811281.908],[406263.266,5811329.802],[406368.061,5811302.083],[406401.288,5811327.737],[406535.316,5811354.834],[408162.406,5810740.042],[408956.642,5810441.896],[409894.427001,5810086.620331],[409908.75,5810135.35],[410002.073,5810013.536],[410123.5,5809769],[410119.85,5809744.7],[409936.2,5809749.05],[409864.45,5809807.5],[409771.05,5809866.75],[409743.05,5809850.8],[409767.65,5809775.85],[409716,5809700.4],[409729.5,5809643.55],[409756.6,5809614.3],[409875.7,5809539.15],[409969.75,5809511.5],[410046.2,5809507.4],[410194.9,5809590.45],[410245.2,5809576.35],[410306.75,5809581.3],[410380.05,5809603.85],[410475.093345,5809566.658734],[410622.5,5809540.65],[410727.9,5809557.4],[410951.1,5809661.4],[411079.35,5809656.4],[411244,5809623.9],[411400.2,5809580.35],[411511.4,5809498.85],[411571.65,5809417.75],[411665.3,5809312.5],[411747.8,5809233.2],[411885.8,5809230.5],[411987.2,5809210.75],[412046.4,5809184.65],[412210.45,5809155.95],[412351.1,5809158.1],[412457.45,5809173.15],[412552.9,5809157.4],[412622.516,5809112.674],[412662.425,5809065.015],[412801.877,5808833.33],[412941.914,5808670.854],[412955.647,5808636.442],[412980.649,5808500.494],[412986.326,5808411.877],[413038.181,5808340.223],[413123.137,5808302.368],[413163.086,5808266.65],[413188.096,5808212.633],[413298.35941,5808113.293722],[413396,5808164.7],[413410.118489,5808143.71543],[413437.143,5808181.528],[413500.712,5808228.134],[413539.561,5808235.603],[413615.821,5808285.072],[413635.641,5808322.179],[413626.919,5808420.304],[413652.355,5808491.35],[413688.191,5808466.58],[413730.372,5808490.61],[413707.273,5808563.328],[413867.319,5808797.157],[414167.759,5809247.535],[414291.786,5809215.347],[414300.827,5809242.072],[414378.552,5809213.399],[414413.737,5809251.138],[414438.071,5809394.868],[414447.12,5809409.686],[414259.168,5809486.377],[414289.937,5809560.076],[414345.216,5809887.352],[413941.806,5809964.028],[413772.4,5810012.598],[413576.831,5810100.079],[413413.214,5810205.294],[413267.934,5810331.328],[413177.503,5810392.1],[413178.526,5810427.515],[413286.364,5810354.617],[413359.68,5810287.454],[413490.919,5810187.096],[413591.695,5810126.503],[413758.08,5810045.582],[413888.405,5810007.226],[414216.444,5809944.066],[414222.517,5809980.5],[414535.2,5809935.77],[414567.701,5810127.352],[414563.033,5810131.679],[414625.771,5810505.265],[415069.643,5810877.124],[415464.021,5810884.885],[415328.35,5810338.484],[415704.011,5810275.225],[415771.399,5810402.001],[415771.815,5810464.046],[415390.873,5810530.658],[415469.274,5810846.354],[415519.651,5811033.978],[415336.383,5811072.51],[415482.12,5811392.045],[415410.59,5811374.12],[415387.337,5811434.818],[415283.896,5811552.666],[415225.062,5811585.171],[415066.197,5811638.988],[414998.011,5811677.903],[414809.646,5811711.287],[414696.008,5811746.331],[414594.452,5811714.884],[414424.014,5811758.831],[414219.15,5811799.787],[414132.314,5811831.355],[414074.204,5811870.623],[414071.65,5811909.853],[413989.636,5811925.553],[413877.794,5811885.636],[413631.572,5811937.021],[413065.752,5812610.767],[412957.541,5812853.075],[412871.043,5813036.726],[412778.676,5813254.485],[412764.226,5813302.236],[412680.353,5813316.387],[412586.878,5813314.555],[412463.031,5813349.408],[412072.259,5813608.629],[411927.279,5813729.813],[411818.939,5813832.909],[411775.896,5813910.333],[411627.968,5813919.144],[411731.059,5813682.992],[411825.042,5813480.315],[411854.55,5813362.652],[411878.033,5813123.581],[411902.238,5812998.115],[412030.936,5812976.14],[412043.747,5812856.23],[412048.968,5812734.563],[412021.323,5812503.305],[411976.948,5812408.847],[411877.774,5812420.822],[411765.272,5812424.301],[411552.14,5812472.118],[411576.785,5812607.095],[411565.612,5812697.499],[411513.998,5812832.865],[411507.18,5813054.046],[411478.951,5813193.648],[411384.053,5813447.818],[411372.037,5813468.345],[411282.534,5813494.359],[411070.026,5813535.745],[410993.082,5813567.282],[410895.109,5813570.465],[410771.514,5813585.293],[410515.886,5813693.516],[410342.136,5813892.411],[410241.761,5814050.869],[410091.656,5814141.147],[410013.326,5814213.678],[409888.658,5814297.03],[409668.232,5814490.639],[409591.661,5814530.891],[409498.024,5814565.527],[409477.427,5814626.763],[409373.828,5814591.481],[409243.259,5814561.519],[409164.781,5814573.882],[409087.487,5814607.593],[408876.094,5814717.596],[408772.902,5814827.311],[408682.589,5814904.078],[408471.21,5814998.903],[408200.756,5815145.096],[408029.315,5815164.027],[407856.099,5815206.288],[407810.994,5815149.582],[407369.813,5814873.073],[407020.48,5814755.22],[406909.888,5814654.387],[406823.095,5814593.966],[406630.567,5814614.807],[406586.328,5814220.001],[406577.803,5814099.33],[406611.158,5814064.092],[406454.687,5814071.338],[406432.984,5813991.279],[406461.806,5813919.579],[406456.296,5813890.241],[406482.309,5813840.309],[406439.762,5813812.252],[406346.79,5813834.71],[406386.414,5813874.751],[406387.089,5814039.507],[406326.294,5814041.925],[406340.515,5814260.295],[406067.116,5814348.416],[405924.397,5814185.082],[405818.75,5814244.362],[405683.82,5814291.273],[405670.897,5814274.75],[405457.588,5814347.119],[405476.48,5814543.033],[405240.838,5814553.421],[405115.745,5814542.937],[404904.547,5814717.151],[404885.057,5814725.436],[404798.993,5814812.688],[404732.508,5814866.277],[404590.629,5815001.17],[404505.257,5815066.473],[404346.654,5815208.252],[404170.958,5815356.72],[403997.931,5815491.557],[403692.1,5815369.48],[403547.806,5815489.542],[403413.673,5815412.857],[403232.171,5815323.884],[403181.896,5815106.839],[403139.825,5815046.5],[403127.091,5814994.499],[403111.311,5815027.569],[403013.831,5814962.363],[402723.014,5814785.493],[402719.153,5814789.131],[402672.229,5814710.897],[402577.583,5814682.546],[402541.572,5814723.086],[402402.296,5814671.305],[402250.752,5814651.517],[402011.48,5814659.534],[401856.076,5814698.558],[401689.815,5814706.189],[401617.432,5814704.517],[401458.748,5814734.402],[401377.464,5814736.273],[401409.312,5814673.915],[401000.346,5814753.286],[401448.674,5814415.096],[401563.101,5814314.371],[401615.38,5814283.722],[401699.81,5814260.435],[401711.405,5814235.792],[401682.724299,5814157.441172],[401878.61,5813773.236],[402255.858,5813047.548],[402401.83,5812813.491],[402306.814,5812800.355],[401971.835,5812725.979],[401965.912,5812683.577],[401972.165,5812554.945],[401987.568684,5812553.008452],[401991.487962,5812415.951911],[402065.82,5812424.689],[402211.55,5812417.45],[402282.8,5812423.6],[402332.9,5812444.05],[402385.65,5812444.4],[402462.55,5812418.8],[402515.988,5812369.756],[402635.115,5812105.119],[402688.291,5812009.228],[402748.4,5811930.5],[402804.436,5811880.065],[402902.9,5811837.55],[402931.4,5811795.4],[402865.552,5811617.739],[402818.442,5811458.231],[402896.457,5811473.384],[402902.008,5811425.146]]]},"properties":{"PGR_ID":"0950","PGR_NAME":"Treptow-Köpenick 5","BEZ":"09","STAND":"01.01.2021","GROESSE_M2":46249634.85}},
{"type":"Feature","geometry":{"type":"Polygon","coordinates":[[[389282.138,5810023.267],[389260.593,5810102.36],[389167.859,5810354.912],[389024.78,5810769.559],[388996.418,5810875.67],[388937.221,5811064.47],[388763.346,5811550.757],[388714.372,5811700.286],[388697.737,5811747.879],[388613.592,5811673.699],[388544.889,5811629.704],[388439.16,5811589.744],[388255.615,5811580.743],[388070.844,5811631.829],[387852.775,5811704.572],[387617.433,5811797.248],[387504.832,5811828.133],[387314.407,5811849.182],[387184.594,5811873.57],[387099.803,5811874.751],[386883.859,5811902.174],[386729.538,5811903.179],[386540.084,5811869.726],[386452.422,5811836.119],[386334.779,5811772.909],[386340.579,5811765.476],[386204.652138,5811668.781838],[386118.147,5811582.387],[386072.838,5811525.058],[385982.736,5811384.63],[385777.537,5811026.578],[385755.595,5810981.173],[385648.97,5810837.14],[385204.506,5810342.342],[385117.112,5810221.627],[384978.733,5809946.112],[384721.4,5809414.598],[384594.224,5809159.681],[384563.692,5809080.08],[384467.894254,5808950.888552],[384342.775089,5808833.955364],[384255.244105,5808776.539324],[384153.752818,5808720.907638],[384163.145,5808701.25],[384184.929,5808647.84],[384173.958,5808567.194],[384157.205,5808533.314],[384102.786,5808508.131],[384208.906,5808328.786],[384441.099,5807962.839],[384618.19,5807692.373],[384875.244,5807268.981],[384998.615,5807047.136],[385109.381,5806865.499],[385159.859,5806769.747],[385282.193,5806916.723],[385640.63,5807146.748],[385767.898,5807216.065],[386188.203,5807467.313],[386330.341,5807546.647],[386780.162,5807804.653],[387013.639,5807942.197],[387242.128,5808083.016],[387320.217,5808123.69],[387292.272,5808124.941],[387302.566,5808181.471],[387307.261,5808299.663],[387285.293,5808396.554],[387508.337,5808533.396],[387670.061,5808616.827],[387841.39,5808696.326],[387950.743,5808764.313],[388144.678,5808860.021],[388402.253,5809005.465],[388494.961,5809082.038],[388695.129,5809170.598],[388723.95,5809197.578],[388762.532,5809268.899],[389031.249,5809852.908],[389069.329,5809849.138],[389254.225,5809979.841],[389282.138,5810023.267]]]},"properties":{"PGR_ID":"0620","PGR_NAME":"Lankwitz/Lichterfelde Ost","BEZ":"06","STAND":"01.01.2021","GROESSE_M2":14935573.22}},
{"type":"Feature","geometry":{"type":"Polygon","coordinates":[[[399474.025,5819300.146],[399071.751,5819318.734],[398845.093,5819307.637],[398780.118,5819297.034],[398752.779,5819327.981],[398658.158,5819283.286],[398476.286,5819220.232],[398336.614,5819152.106],[398036.641,5818964.714],[398186.839,5818938.16],[398040.451,5818819.212],[398016.316,5818730.098],[397990.219,5818739.695],[397924.763,5818683.093],[397907.682,5818707.681],[397860.896846,5818662.612809],[397759.796447,5818590.780503],[397546.45,5818427.078],[397404.442,5818303.291],[397296.379,5818216.78],[397200.461,5818149.405],[397095.734,5818091.196],[397044.618,5818072.941],[397015.559,5818124.255],[396970.23,5818273.538],[396923.658,5818344.62],[396876.052,5818390.87],[396731.671,5818488.949],[396666.303,5818514.223],[396548.451,5818532.431],[396490.177,5818525.14],[396347.686,5818470.172],[396274.315,5818387.662],[396233.117,5818321.612],[396241.483,5818306.744],[396164.955,5818168.233],[396136.762,5818048.6],[396409.738,5817963.506],[396440.761,5817941.738],[396512.666,5817933.941],[396519.569,5817953.766],[396628.846,5817919.011],[396672.726,5817916.787],[396750.181,5817885.036],[396977.267,5817747.55],[397083.989,5817674.906],[397355.911,5817477.865],[397716.383,5817241.83],[397932.051,5817111.994],[397983.297,5817076.777],[398092.62,5816974.202],[398155.157,5816976.983],[398158.843,5816941.566],[398265.121,5816882.591],[398382.122,5816829.631],[398553.675,5816763.375],[398541.261,5816723.655],[398640.898,5816685.083],[398645.617,5816700.609],[398729.457,5816687.269],[398828.09,5816683.163],[398962.308,5816699.91],[399083.055,5816731.527],[399875.022,5817032.906],[399916.811,5817044.923],[400184.664,5817151.847],[400971.58,5817451.719],[401007.546829,5817462.129118],[400855.834,5817492.683],[400580.084,5818277.813],[400636.686,5818327.203],[400656.42,5818371.505],[400647.696,5818537.903],[400659.766,5818542.163],[400659.012,5818770.614],[400794.397,5818758.479],[400769.755,5818761.733],[400770.648,5818890.887],[400755.34,5818968.19],[400711.887,5819045.059],[400671.129,5819091.71],[400593.572,5819148.209],[400515.964,5819177.333],[400194.713,5819202.065],[399888.913,5819209.058],[399818.754,5819223.911],[399704.699,5819218.112],[399469.468,5819230.808],[399474.025,5819300.146]]]},"properties":{"PGR_ID":"1140","PGR_NAME":"Lichtenberg Mitte","BEZ":"11","STAND":"01.01.2021","GROESSE_M2":7589499.002}},
{"type":"Feature","geometry":{"type":"Polygon","coordinates":[[[389423.225,5816224.576],[389417.578,5816215.814],[389124.81,5815462.221],[389073.167,5815321.474],[389058.115,5815196.68],[389058.45,5815067.973],[389110.457,5814955.063],[389174.492,5814877.222],[389271.772,5814811.297],[389357.838,5814788.738],[389349.745,5814691.128],[389307.351,5814689.964],[389234.012507,5814720.481569],[389072.18,5814885.598],[389011.114,5814995.502],[388971.43,5814959.964],[388876.859,5815037.107],[388846.944,5814966.885],[388862.838,5814958.045],[388720.3,5814597.901],[388601.193,5814258.427],[388461.596,5813891.514],[388313.461,5813545.351],[388288.343,5813395.785],[388283.699,5813191.775],[388275.558,5813159.615],[388290.233,5812986.599],[388307.889,5812947.537],[388371.529,5812729.454],[388528.642,5812288.831],[388617.144,5811999.401],[388697.737,5811747.879],[388714.372,5811700.286],[388934.958,5811858.791],[388949.319,5811891.516],[389154.731,5812066.268],[389550.335,5812410.647],[389643.757,5812473.37],[389795.89,5812558.441],[390087.529,5812666.739],[390108.93,5812605.908],[390201.561,5812629.454],[390447.299,5812660.995],[390529.193,5812678.338],[390624.184,5812671.181],[390708.639,5812684.293],[390732.595,5812655.022],[391027.91,5812642.117],[391223.107,5812627.266],[391596.782,5812605.884],[391835.892,5812571.075],[391871.909,5812649.521],[391912.252,5812635.645],[392132.825,5812599.76],[392369.747,5812529.508],[392395.972,5812458.375],[392417.116,5812518.078],[392474.497,5812512.618],[392614.751,5812785.438],[392694.494,5812964.247],[392724.328,5813013.506],[392786.51,5813002.324],[392978.744,5812990.761],[393089.265,5812999.719],[392983.719,5813113.636],[392943.063,5813147.306],[392690.688,5813305.32],[392749.342,5813447.282],[392871.529,5813416.642],[392858.57,5813518.68],[392788.583,5813542.208],[392802.442,5813652.665],[392775.57,5813762.871],[392769.887,5814023.582],[392452.09,5813981.338],[392389.407,5814529.502],[392254.234,5815466.972],[392079.116,5815381.14],[392075.03,5815361.329],[391786.853,5815424.414],[391800.567,5815494.067],[391765.545,5815638.961],[391755.603,5815731.372],[391782.526,5815929.353],[391583.336,5816003.241],[391366.606,5816064.831],[390987.33,5816086.88],[390960.451,5816096.033],[390965.486,5816281.392],[390424.984,5816299.559],[390421.068,5816192.502],[389423.225,5816224.576]]]},"properties":{"PGR_ID":"0740","PGR_NAME":"Tempelhof","BEZ":"07","STAND":"01.01.2021","GROESSE_M2":13668991.86}},
{"type":"Feature","geometry":{"type":"Polygon","coordinates":[[[402938.488,5825903.408],[402885.951,5826011.456],[402860.663,5826090.199],[402775.579,5826223.445],[402731.043,5826317.913],[402652.061,5826420.387],[402555.172,5826565.482],[402417.521,5826718.422],[402131.045,5826992.263],[402045.166,5827053.762],[401880.12,5827184.957],[401732.305,5827285.434],[401564.018,5827392.327],[401573.856,5827415.473],[401207.09,5827566.75],[400693.485,5827767.47],[400267.468,5827929.497],[400232.951,5827929.824],[399942.515,5827993.324],[398941.341,5827945.99],[398752,5828431.167],[398521.694,5828286.807],[397638.848,5827740.82],[397600.544,5827712.002],[397499.464,5827608.964],[397433.775,5827518.511],[397388.69,5827432.401],[397336.205,5827254.017],[397314.852,5827256.666],[397259.404,5827084.09],[397151.431,5827078.058],[397125.289,5827002.167],[397048.873,5827028.065],[397014.212,5826885.981],[396992.775,5826765.954],[396989.417,5826592.034],[397002.523,5826546.987],[397017.243,5826403.435],[397002.22,5826379.38],[396991.733,5826125.911],[397002.362,5826094.879],[396981.251,5826025.718],[396954.516,5825823.93],[397062.408,5825813.226],[397128.044,5825798.054],[397180.431,5825812.25],[397164.93,5825701.655],[397497.278,5825425.803],[397219.065,5825086.774],[397257.08,5825075.662],[397251.344,5825019.778],[397220.739,5824898.39],[397382.467,5824864.561],[397925.679,5824750.647],[398282.064,5824669.17],[398460.365,5824602.47],[398467.629,5824606.382],[398620.669,5824519.977],[398823.705217,5824421.106743],[399381.576,5824157.149],[399640.006,5824049.947],[399950.522,5823907.825],[399997.627,5823826.856],[400034.756,5823839.098],[400289.734,5824055.212],[400619.298,5824378.705],[400756.834,5824544.189],[401122.85,5824994.614],[401212.857,5825012.369],[401308.858,5825058.026],[401357.052,5825092.253],[401434.601,5825185.958],[401700.827,5825278.127],[402450.466,5825549.96],[402710.374,5825650.594],[402850.958,5825729.438],[402871.748,5825804.78],[402938.488,5825903.408]]]},"properties":{"PGR_ID":"1110","PGR_NAME":"Hohenschönhausen Nord","BEZ":"11","STAND":"01.01.2021","GROESSE_M2":16648482.93}},
{"type":"Feature","geometry":{"type":"Polygon","coordinates":[[[388055.147,5827960.047],[387920.202,5827904.219],[387566.182,5827773.633],[387540.938,5827767.074],[387906.742,5826934.66],[387562.722,5826782.672],[387498.25,5826763.461],[387502.276,5826749.086],[387344.799,5826694.028],[387283.439,5826679.138],[387061.227,5826674.509],[387050.536,5826659.734],[387045.443,5826597.884],[386996.045,5826368.533],[386696.861,5825124.019],[386713.432,5825071.048],[386950.403,5824840.283],[387286.646,5825120.598],[388067.516,5824837.177],[388092.651,5824820.799],[388622.111,5824818.54],[388812.681,5824796.163],[388835.138,5824641.727],[389136.968,5824713.254],[389168.553,5824372.231],[389274.12,5824382.059],[389500.634,5824566.275],[389562.868,5824632.976],[389991.314,5824636.737],[390102.57,5825249.743],[390108.632,5825243.577],[390277.658,5825271.348],[390493.533,5825410.166],[390510.528,5825412.252],[390736.805,5825359.839],[390771.475,5825398.958],[390832.614,5825461.457],[390732.74,5825564.33],[390766.711,5825600.506],[390422.671,5825925.796],[390364.749,5825892.41],[390192.917,5825952.246],[390143.209,5826056.889],[390114.472,5826086.655],[390092.118,5826075.826],[389893.019,5826304.766],[389835.051,5826352.414],[389628.663,5826495.211],[389426.209,5826684.343],[389428.823,5826690.168],[389266.059,5826843.731],[389153.398,5826970.962],[389115.348,5826967.954],[388834.352,5827234.904],[388808.077,5827279.671],[388741.186,5827305.123],[388443.155,5827591.726],[388362.079,5827664.054],[388370.968,5827669.815],[388208.917,5827820.589],[388218.44,5827857.049],[388165.093,5827853.929],[388060.566,5827954.574],[388055.147,5827960.047]]]},"properties":{"PGR_ID":"1210","PGR_NAME":"Reinickendorf Ost","BEZ":"12","STAND":"01.01.2021","GROESSE_M2":7560897.552}},
{"type":"Feature","geometry":{"type":"Polygon","coordinates":[[[397744.137,5815840.409],[397709.253,5815988.893],[397652.777,5816142.34],[397552.356,5816291.193],[397518.567,5816326.127],[397369.752,5816372.894],[397305.17,5816369.064],[397195.084,5816328.325],[396988.895,5816181.739],[396931.036,5816338.418],[396906.243,5816360.263],[396824.342,5816390.057],[396740.849,5816390.041],[396697.569,5816297.681],[396661.377,5816375.299],[396637.461,5816493.658],[396534.601,5816626.321],[396488.693,5816668.496],[396378.078,5816749.558],[396191.198,5816803.981],[396021.909,5816902.535],[395925.216,5816943.045],[395734.699,5817064.632],[395666.81,5817118.691],[395719.114,5817202.324],[395668.772,5817255.675],[395659.803,5817245.349],[395583.586,5817273.295],[395421.971,5817382.109],[395122.593,5817487.003],[395054.828,5817503.78],[395006.204,5817501.05],[394964.371,5817507.691],[394880.85,5817484.681],[394839.281,5817458.234],[394626.204,5817208.382],[394568.709,5817188.723],[394508.736,5817201.436],[394430.198,5817168.229],[394140.066,5816816.165],[394075.929,5816750.782],[394058.264,5816673.96],[394377.398,5816394.325],[394538.447,5816557.528],[394664.906,5816446.563],[394669.548,5816451.444],[394775.923,5816344.421],[394784.062,5816351.256],[395158.91,5816021.097],[395303.042,5816192.24],[395504.858,5815952.195],[395502.991,5815933.902],[396126.602,5815182.903],[396111.617,5815084.758],[396054.127,5814860.402],[396054.12,5814824.295],[396087.042,5814741.127],[396142.623,5814640.29],[396409.264,5814199.872],[396496.047,5814087.332],[396626.643,5813873.21],[396635.582,5813845.843],[396637.994,5813733.918],[396541.496,5813514.703],[396443.89,5813396.62],[396384.932,5813237.586],[396382.575,5813158.828],[396166.869,5813173.777],[395185.846,5813236.741],[395161.197,5813223.001],[395197.595,5813129.928],[395293.115,5812926.811],[395447.215,5812527.218],[395522.572,5812369.631],[395583.719,5812264.018],[395665.256,5812157.438],[395759.329,5812066.538],[396426.016,5811514.579],[396463.508,5811495.928],[396562.693,5811412.48],[396597.49,5811370.953],[396961.492,5811068.764],[397007.062,5811043.71],[397285.468,5810812.871],[397312.502,5810777.981],[397650.608,5810496.923],[397693.356,5810474.392],[397827.774,5810362.909],[397886.705,5810297.985],[397924.608,5810282.576],[398407.601,5809882.168],[398500.457,5809810.83],[398675.821,5809705.178],[398786.31,5809653.564],[398989.619,5809588.317],[399173.473,5809554.747],[399365.52,5809531.95],[399244.572,5810200.23],[399847.181,5810748.022],[399877.292,5810771.347],[400111.495,5810984.294],[400005.86,5811101.42],[400180.942,5811252.43],[400150.47,5811293.102],[399496.265,5812045.899],[399462.785,5812080.314],[399408.821,5812086.458],[399328.609,5812177.772],[399191.535,5812312.554],[399066.478,5812449.328],[399071.068,5812456.466],[398954.622,5812587.962],[398894.78,5812646.41],[398854.187108,5812656.164776],[398737.181,5812552.55],[398674.967,5812623.341],[398691.284,5812643.111],[398610.318,5812713.172],[398476.163,5812861.597],[398414.392,5812942.734],[398342.801,5813021.227],[398014.318,5813411.958],[397975.9,5813465.168],[397882.75,5813565.375],[397660.022347,5813770.295211],[397803.734,5814001.807],[397960.508,5814264.49],[398009.909,5814280.792],[398040.792,5814262.666],[398002.756,5814336.56],[397941.348,5814395.493],[397870.85,5814433.25],[397808.093,5814542.694],[397764.765,5814689.989],[397746.021,5814863.097],[397746.197,5814957.832],[397781.903,5815114.291],[397821.974,5815252.991],[397831.187,5815354.66],[397790.492,5815639.769],[397744.137,5815840.409]]]},"properties":{"PGR_ID":"0910","PGR_NAME":"Treptow-Köpenick 1","BEZ":"09","STAND":"01.01.2021","GROESSE_M2":17148523.57}},
{"type":"Feature","geometry":{"type":"Polygon","coordinates":[[[396050.421,5822037.65],[396226.657,5822252.357],[396053.198,5823103.123],[396077.219,5823130.401],[396155.854,5823118.687],[396223.642,5823066.68],[396249.826,5823062.326],[396806.096,5823034.213],[396908.181,5823026.734],[396964.722,5823089.348],[396919.941,5823199.449],[396891.72,5823222.462],[396919.954,5823257.3],[396942.277,5823239.992],[397045.752,5823238.743],[397091.914,5823260.406],[397328.002,5823535.168],[397358.489,5823556.984],[397643.666,5823472.822],[397918.126,5823365.81],[397991.984,5823610.744],[398009.602,5823706.689],[398002.626,5823833.468],[397962.771,5823954.305],[397726.939,5824371.305],[397638.522,5824450.639],[397437.542,5824552.485],[397330.909,5824576.043],[397317.252,5824603.94],[397346.342,5824672.274],[397382.467,5824864.561],[397220.739,5824898.39],[396826.622,5824981.979],[396702.546,5825001.938],[396358.487,5825071.163],[395897.842,5825171.56],[395675.688,5825224.324],[395461.874,5825267.744],[395337.145,5825265.005],[395277.032,5825245.787],[395183.868,5825178.669],[394978.586,5825048.375],[394879.837,5824970.418],[394764.491,5825004.408],[394758.97,5824978.999],[394800.019,5824910.833],[394658.021,5824824.684],[394522.867,5824753.444],[394424.398,5824692.228],[394217.754,5824544.2],[394042.776,5824427.678],[393949.402,5824342.098],[393857.856,5824289.135],[393767.875,5824249.558],[393537.931,5824120.8],[393521.176,5824118.418],[393489.226,5824083.62],[393560.14,5823577.012],[393557.073,5823566.794],[393706.082,5823499.694],[393820.911,5823470.201],[394271.49,5823263.76],[394408.647,5823204.265],[394694.543,5823031.932],[394710.277449,5823050.348637],[394762.897,5822990.113],[395134.821,5822728.654],[395195.493,5822760.996],[395235.109,5822738.847],[395270.872,5822671.752],[395232.145,5822631.314],[395566.726,5822390.105],[395770.175,5822238.483],[396050.421,5822037.65]]]},"properties":{"PGR_ID":"0350","PGR_NAME":"Südliches Weißensee","BEZ":"03","STAND":"01.01.2021","GROESSE_M2":7943331.105}},
{"type":"Feature","geometry":{"type":"Polygon","coordinates":[[[387063.738945,5815549.111177],[387071.917,5815959.594],[387077.845,5816008.497],[387083.897,5816358.937],[387092.661,5816606.378],[387083.327,5816715.542],[387087.219,5816879.766],[387126.963,5816918.487],[387097.439,5816951.817],[387108.2,5817095.15],[387101.631,5817093.987],[387123.075,5817292.433],[387130.698,5817304.859],[387125.092,5817504.901],[387163.558,5817660.509],[387248.141,5817883.959],[387244.856,5817939.137],[387114.843,5818028.748],[387126.686,5818052.569],[387427.064,5818486.349],[387356.208,5818515.327],[387267.865,5818512.996],[387240.859,5818607.733],[387133.735,5818589.772],[387032.078,5818602.738],[386927.704,5818681.494],[386911.193,5818704.507],[386984.825,5818852.075],[386991.813,5818896.169],[386961.33,5818946.355],[386926.802,5818940.353],[386886.277,5818962.762],[386713.089,5818646.269],[386662.471,5818577.857],[386691.066,5818574.584],[386588.813,5818503.614],[386539.265,5818486.208],[386410.465,5818479.928],[386058.269,5818520.465],[385957.322,5818522.355],[385607.173,5818563.263],[385334.452,5818578.627],[385161.246,5818582.537],[384491.373,5818352.982],[384428.99,5818322.131],[384327.802,5818292.974],[384293.004,5818386.763],[383917.248,5818307.776],[383758.602,5818293.825],[383580.344,5818198.178],[383607.113,5818142.751],[383543.39,5818111.971],[383560.445,5818076.679],[383534.881,5818064.328],[383517.837,5818099.621],[383460.156,5818071.766],[383433.392,5818127.202],[383327.78,5818078.934],[383340.812,5817979.722],[383400.742,5817868.45],[383470.792,5817758.012],[383519.908,5817642.889],[383540.472,5817566.424],[383586.062,5817495.27],[383656.751,5817489.416],[383649.536,5817444.571],[383752.646,5817410.156],[383906.069,5817392.056],[383930.735876,5817409.067133],[383969.491,5817363.025],[384233.902,5817097.212],[384379.56,5816954.338],[384643.181,5816623.612],[384889.877,5816307.122],[385031.485,5816109.752],[385049.43,5816110.214],[385212.6,5815908.192],[385368.027,5815702.057],[385461.661,5815626.181],[385522.722,5815587.015],[385626.729,5815535.68],[385728.645,5815499.514],[385893.853,5815458.664],[385909.523,5815479.052],[385935.302,5815472.21],[386066.659,5815471.248],[386776.1,5815446.414],[386785.221,5815494.317],[387063.133,5815519.652],[387063.738945,5815549.111177]]]},"properties":{"PGR_ID":"0450","PGR_NAME":"Wilmersdorf Zentrum","BEZ":"04","STAND":"01.01.2021","GROESSE_M2":8494138.001}},
{"type":"Feature","geometry":{"type":"Polygon","coordinates":[[[373051.098262,5823835.192821],[372963.248,5823552.411],[372900.392,5823363.847],[372849.234,5823174.954],[372891.966,5823145.93],[372792.493,5822704.04],[372702.329,5822381.845],[372602.541,5822188.599],[372563.571,5822012.92],[372502.757,5821896.711],[372474.748,5821820.655],[372440.191,5821689.183],[372419.86,5821582.318],[372388.501,5821245.025],[372370.562,5821092.112],[372344.709,5820815.475],[372332.371,5820623.727],[372316.068,5820552.09],[372257.553,5820215.337],[372385.617,5820205.721],[372624.739,5820242.95],[372786.133,5820252.349],[372911.343,5820252.487],[373122.218,5820296.683],[373294.091,5820314.442],[373361.188,5820335.434],[373514.657,5820365.563],[373623.044,5820378.69],[373698.268,5820404.68],[373898.818,5820456.647],[373981.253,5820471.721],[374015.546,5820463.299],[374093.632,5820405.113],[374123.617,5820341.147],[374137.001,5820277.514],[374175.286,5820210.799],[374301.407,5820177.411],[374544.468,5820013.781],[374590.011,5819986.961],[374760.373,5819846.937],[374960.281,5819712.995],[375041.626,5819684.848],[375153.678,5819616.277],[375358.759,5819471.958],[375549.904,5819361.126],[375725.65,5819254.283],[375667.164,5819214.519],[375588.198,5819120.244],[375401.113,5818922.472],[375193.697,5818708.492],[375012.083,5818533.961],[374918.02,5818428.497],[375224.769,5818392.794],[375660.203,5818337.123],[375760.429,5818328.522],[376227.004,5818266.599],[376330.281,5818246.01],[376603.895,5818224.129],[376830.539,5818195.87],[377248.57,5818041.669],[377489.699,5818154.077],[377752.859,5818163.071],[378167.752,5818316.174],[378483.895,5818482.161],[378461.925,5818637.472],[378424.438,5818721.281],[378465.17,5818812.503],[378547.929,5818957.925],[378586.705,5819104.179],[378646.529,5819194.426],[378738.773,5819164.343],[378796.713,5819163.37],[378828.754,5819192.327],[378898.515,5819167.398],[378906.547,5819190.001],[378858.606,5819207.229],[378921.134,5819336.613],[378965.806,5819447.9],[379033.109,5819524.258],[379106.21,5819634.385],[379130.629,5819629.847],[379174.78,5819698.565],[379193.543,5819651.663],[379274.818,5819654.612],[379219.789,5819764.712],[379205.425,5819897.294],[379188.371,5820161.465],[379186.152,5820462.426],[379190.402,5820524.61],[379228.026,5820657.555],[379292.981,5820801.336],[379366.758,5820990.093],[379381.952,5821048.85],[379425.263,5821146.479],[379429.865,5821246.053],[379413.815,5821348.02],[379296.156,5821315.007],[379202.121,5821268.058],[379120.357,5821214.877],[379025.905,5821170.677],[378911.742,5821154.684],[378777.917,5821185.047],[378671.664,5821222.742],[378496.768,5821322.992],[378391.8,5821397.123],[378220.539,5821549.308],[378006.664353,5821727.722189],[378092.741,5821845.532],[378138.375331,5821881.646539],[378046.142,5821931.906],[377898.54,5822002.248],[377751.36,5822056.837],[377529.14,5822119.709],[377407.157,5822149.287],[377398.407,5822141.666],[377046.578,5822238.916],[376703.534,5822340.053],[375738.777,5822632.992],[375587.645085,5822705.300364],[375335.885,5822816.535],[375053.553,5822949.264],[375039.29,5822965.473],[374926.071,5823010.392],[374751.292,5823091.977],[374724.928,5823088.084],[374603.865,5823149.584],[374124.638,5823374.83],[373663.021,5823581.023],[373082.216,5823847.297],[373051.098262,5823835.192821]]]},"properties":{"PGR_ID":"0520","PGR_NAME":"Wilhelmstadt / Staaken","BEZ":"05","STAND":"01.01.2021","GROESSE_M2":23014936.97}},
{"type":"Feature","geometry":{"type":"Polygon","coordinates":[[[392765.422,5817364.718],[392860.528,5817336.011],[392923.702,5817305.992],[393437.045,5817017.694],[393965.279,5816727.943],[394028.523,5816646.988],[394058.264,5816673.96],[394075.929,5816750.782],[394140.066,5816816.165],[394430.198,5817168.229],[394508.736,5817201.436],[394568.709,5817188.723],[394626.204,5817208.382],[394839.281,5817458.234],[394880.85,5817484.681],[394964.371,5817507.691],[395006.204,5817501.05],[394963.048,5817556.461],[394964.428,5817579.573],[394881.058,5817659.191],[394821.647,5817633.024],[394804.885,5817675.409],[394758.715,5817724.063],[394567.778,5817831.629],[394458.459,5817914.277],[394212.303,5818117.821],[394013.925,5818243.223],[393921.94,5818307.197],[393812.552,5818430.347],[393584.716,5818625.284],[393407.192,5818764.837],[393366.001,5818699.815],[393250.717,5818444.863],[393217.684,5818460.33],[393096.854,5818394.104],[393006.432,5818376.109],[392865.281,5818387.66],[392723.385,5818454.493],[392688.825,5818389.706],[392639.211,5818386.1],[392595.618,5818292.718],[392414.718,5818379.721],[392393.861,5818354],[392431.63,5818178.567],[392368.143,5818041.166],[392396.312,5818027.092],[392339.236859,5817886.540157],[392592.454,5817757.314],[392608.180473,5817791.429412],[392672.291,5817742.777],[392659.19,5817689.02],[392754.298,5817397.547],[392765.422,5817364.718]]]},"properties":{"PGR_ID":"0230","PGR_NAME":"Kreuzberg Ost","BEZ":"02","STAND":"01.01.2021","GROESSE_M2":2762428.235}},
{"type":"Feature","geometry":{"type":"Polygon","coordinates":[[[383382.237,5821385.173],[383561.7,5821287.85],[383628.05,5821268.95],[383707.1,5821275.9],[383831.1,5821314.15],[383938.8,5821365],[384083.45,5821403.55],[384194.15,5821411.55],[384261.45,5821390.15],[384303.59197,5821323.061062],[384388.83037,5821340.483491],[384348.45,5821463.4],[384278.2,5821539.45],[384274.45,5821571.2],[384315.224,5821613.837],[384298.497713,5821658.827984],[384488.55,5821728.65],[384636.55,5821772.75],[384968.3,5821845],[385082.5,5821874.2],[385470.469,5821953.207],[386625.576,5822194.028],[386679.095,5822216.208],[386550.958,5822376.715],[386563.544899,5822561.902867],[386564.709,5822574.959],[386491.747,5822626.024],[386309.472,5822869.995],[386100.483,5823143.563],[386037.371,5823239.948],[385945.582,5823346.857],[385607.666,5823369.037],[385075.291,5823420.557],[384834.773,5823436.163],[383606.443,5823497.959],[382839.979,5823540.095],[382738.922,5823555.197],[382721.314,5823546.303],[382717.245,5823469.095],[382694.898,5823470.251],[382739.346,5823383.516],[382909.856,5822829.374],[382894.242,5822825.97],[382914.035,5822726.258],[382839.608,5822439.085],[382826.957,5822377.717],[382913.659,5822340.861],[382966.39,5822303.15],[383028.016,5822232.531],[383083.95,5822056.095],[383087.526,5822012.259],[383322.214,5821891.483],[383483.905,5821826.072],[383472.187,5821738.589],[383425.438,5821553.49],[383410.946,5821440.873],[383382.237,5821385.173]]]},"properties":{"PGR_ID":"0410","PGR_NAME":"Charlottenburg Nord","BEZ":"04","STAND":"01.01.2021","GROESSE_M2":5788335.304}},
{"type":"Feature","geometry":{"type":"Polygon","coordinates":[[[377248.57,5818041.669],[376830.539,5818195.87],[376603.895,5818224.129],[376330.281,5818246.01],[376227.004,5818266.599],[375760.429,5818328.522],[375660.203,5818337.123],[375224.769,5818392.794],[374918.02,5818428.497],[374497.503,5817959.37],[374383.647,5817851.529],[374021.964,5817413.23],[373060.259,5816252.988],[372893.19,5816054.279],[372750.162,5815928.487],[372592.285,5815887.172],[372469.334,5815862.062],[372208.34,5815799.347],[372163.418,5815794.991],[372142.929,5815469.484],[372120.55,5815346.444],[372046.063,5815170.327],[371876.363,5814965.492],[371884.23,5814833.898],[371738.255,5814707.228],[371644.838,5814510.552],[371698.467,5814294.38],[371687.079,5814087.205],[371624.712,5813881.108],[371751.336,5813766.275],[371765.542,5813621.154],[371725.364,5813381.214],[371712.215,5813257.234],[371684.764,5813172.065],[371643.025,5813078.366],[371559.98,5812942.551],[371515.508,5812842.109],[371913.394,5812277.095],[371997.75,5812221.649],[372156.436,5812087.93],[372164.22,5812061.622],[372153.916,5811971.907],[372211.725,5811809.588],[372423.056,5811591.956],[372493.98,5811708.201],[372683.089,5811755.587],[372761.66,5811733.084],[372860.352,5811769.198],[372950.531,5811778.475],[373012.027,5811742.109],[373120.058,5811849.066],[373312.408,5811876.63],[374160.111,5811965.522],[374576.732,5812313.606],[374818.5,5812617.012],[375082.39,5812916.905],[375382.201,5813117.228],[375713.513,5813343.954],[376158.866,5813310.52],[376427.582,5813716.414],[376713.69,5814037.982],[376794.113,5814376.453],[376934.118,5815062.73],[376948.866,5815312.433],[376890.528,5815822.525],[377099.813,5816258.529],[377080.447,5816449.885],[376907.441,5816765.149],[376876.021,5817006.727],[376946.034,5817218.394],[377085.598,5817406.738],[377085.922,5817634.723],[377119.245,5817919.135],[377248.57,5818041.669]]]},"properties":{"PGR_ID":"0540","PGR_NAME":"Gatow / Kladow","BEZ":"05","STAND":"01.01.2021","GROESSE_M2":24891043.39}},
{"type":"Feature","geometry":{"type":"Polygon","coordinates":[[[389319.585,5817775.805],[389269.517,5817767.057],[388881.231,5817862.736],[388847.076,5817874.735],[388510.087,5818042.87],[388097.77,5818217.451],[388097.805,5818213.283],[387432.647,5818494.402],[387427.064,5818486.349],[387126.686,5818052.569],[387114.843,5818028.748],[387244.856,5817939.137],[387248.141,5817883.959],[387163.558,5817660.509],[387125.092,5817504.901],[387130.698,5817304.859],[387222.975571,5817294.236447],[387411.707,5817288.967],[387462.393,5817298.913],[387721.268,5817293.841],[387665.886,5817178.29],[387667.39,5817124.449],[387649.763,5816745.21],[387708.69,5816743.711],[388413.864,5816843.184],[388661.977,5816888.744],[388709.506,5816873.913],[388688.603,5816817.965],[388817.38172,5816682.513268],[388908.886,5816600.677],[388928.44201,5816596.599841],[389219.603,5816589.14],[389360.742,5816558.608],[389561.47,5816532.513],[389564.359,5816558.716],[389648.995,5816712.424],[389694.482,5816717.148],[389702.206,5816830.962],[389767.709,5816938.128],[389770.353,5816965.146],[389408.822,5817093.571],[389409.782,5817110.902],[389285.834,5817154.706],[389280.478,5817139.099],[389216.547,5817161.786],[389242.973,5817230.698],[389232.856,5817289.549],[389258.174,5817612.018],[389322.594,5817691.115],[389332.889,5817765.003],[389319.585,5817775.805]]]},"properties":{"PGR_ID":"0710","PGR_NAME":"Schöneberg Nord","BEZ":"07","STAND":"01.01.2021","GROESSE_M2":2847137.643}},
{"type":"Feature","geometry":{"type":"Polygon","coordinates":[[[388060.566,5827954.574],[388165.093,5827853.929],[388218.44,5827857.049],[388208.917,5827820.589],[388370.968,5827669.815],[388362.079,5827664.054],[388443.155,5827591.726],[388741.186,5827305.123],[388808.077,5827279.671],[388834.352,5827234.904],[389115.348,5826967.954],[389153.398,5826970.962],[389266.059,5826843.731],[389428.823,5826690.168],[389426.209,5826684.343],[389628.663,5826495.211],[389835.051,5826352.414],[389893.019,5826304.766],[390092.118,5826075.826],[390114.472,5826086.655],[390143.209,5826056.889],[390192.917,5825952.246],[390364.749,5825892.41],[390422.671,5825925.796],[390766.711,5825600.506],[390732.74,5825564.33],[390832.614,5825461.457],[390771.475,5825398.958],[390814.87,5825359.806],[390804.913,5825323.938],[390918.399,5825212.391],[390923.351,5825187.206],[390965.752,5825166.717],[391101.551,5825028.376],[391200.362,5824864.529],[391265.615,5824737.306],[391304.968,5824581.886],[391337.659,5824340.26],[391394.294,5824374.355],[391706.954,5824304.228],[392086.292,5824263.736],[392086.289,5824258.861],[392506.618,5824218.528],[392523.168,5824199.417],[392544.213,5823909.054],[392536.167,5823833.436],[393369.618,5823663.454],[393550.127,5823543.488],[393557.073,5823566.794],[393560.14,5823577.012],[393489.226,5824083.62],[393521.176,5824118.418],[393505.379,5824187.69],[393472.544,5824422.308],[393478.472,5824423.235],[393441.376,5824690.658],[393433.913,5824697.339],[393394.996,5825038.336],[393482.759,5825548.497],[393490.438,5825553.627],[393513.419,5825721.033],[393527.214,5825740.878],[393556.984,5825909.2],[393598.106,5826213.808],[393601.010554,5826287.79003],[393766.995,5826453.198],[393878.678,5826570.324],[393883.367,5826619.842],[393859.752,5826644.14],[393855.124,5826705.173],[393825.571,5826726.914],[393853.708,5826802.501],[393819.498,5826829.69],[393888.621,5826928.365],[393871.733,5826960.475],[393731.242,5826981.349],[393711.963,5827009.479],[393731.613,5827048.599],[394055.83,5827522.347],[394039.356,5827564.897],[394001.755,5827733.003],[393962.414,5827827.645],[394011.393,5827881.109],[394033.563,5827939.973],[393992.64,5827956.782],[393783.139809,5828150.095601],[393680.25306,5827710.548445],[393652.425,5827716.773],[393306.614,5827432.634],[392682.093,5827137.832],[392376.55,5826997.144],[392068.173,5826947.547],[392093.687,5826822.832],[392120.083,5826737.83],[391800.144,5826638.318],[391772.955,5826620.263],[391801.908,5826514.725],[391675.105,5826475.955],[391658.187,5826456.156],[391694.414,5826351.135],[391608.83,5826319.567],[391644.689,5826211.016],[391586.925,5826185.854],[391566.592,5826123.588],[391537.885,5826095.817],[391477.473,5826153.229],[391369.601,5826196.014],[391343.312,5826222.053],[391276.125,5826219.249],[391193.885,5826245.225],[391152.039,5826275.553],[391097.034,5826279.783],[390937.441,5826413.754],[390850.911,5826443.99],[390753.942,5826497.247],[390697.334,5826600.257],[390684.834,5826675.675],[390706.024,5826734.246],[390752.394,5826740.164],[390609.356,5827129.165],[390586.387,5827184.649],[390537.269,5827224.919],[390521.578,5827287.963],[390512.271,5827550.326],[390486.214,5827606.281],[390516.235,5827668.369],[390776.373,5827940.016],[390818.512,5828016.277],[390867.987,5828165.368],[390913.087,5828341.203],[390976.617092,5828533.78494],[390734.415,5828656.271],[390587.757,5828762.011],[390681.847,5828817.949],[390677.755,5828858.039],[390504.995,5828992.866],[390492.03,5829059.212],[390513.615,5829127.765],[390569.283,5829253.287],[390570.533,5829343.673],[390474.427,5829410.325],[390496.186,5829476.64],[390530.793,5829494.852],[390551.409038,5829537.754934],[390237.385,5829702.517],[390143.632,5829740.477],[390036.602,5829762.691],[390015.32,5829794.881],[389990.688,5829740.615],[389906.548,5829546.583],[389720.786,5829134.624],[389675.17,5829026.501],[389613.57,5828920.243],[389470.683,5828734.489],[389453.506,5828720.397],[389204.964,5828395.326],[388950.397,5828066.32],[388846.955,5828049.031],[388613.716,5828031.384],[388509.146,5828036.235],[388346.814,5828027.108],[388240.73,5828008.483],[388060.566,5827954.574]]]},"properties":{"PGR_ID":"0340","PGR_NAME":"Südliches Pankow","BEZ":"03","STAND":"01.01.2021","GROESSE_M2":12850447.83}},
{"type":"Feature","geometry":{"type":"Polygon","coordinates":[[[380334.97,5814684.528],[380115.693,5814741.811],[380033.852,5814794.939],[379871.995,5814869.651],[379786.328,5814870.841],[379682.03,5814844.805],[379552.71,5814833.426],[379466.342,5814809.529],[379347.368,5814796.799],[379198.945,5814799.564],[378856.21,5814824.129],[378698.452,5814794.511],[378629.806,5814763.849],[378569.959,5814768.939],[378510.338,5814756.593],[378422.42,5814789.318],[378256.272,5814827.825],[378172.341,5814862.053],[378080.152,5814887.853],[377974.898,5814884.772],[377883.138,5814852.185],[377838.169,5814820.915],[377773.242,5814731.012],[377709.202,5814707.076],[377659.568,5814702.962],[377600.074,5814731.783],[377570.057,5814812.556],[377578.645,5814880.734],[377531.733,5814973.558],[377506.797,5814993.172],[377412.109,5814985.307],[377365.695,5814956.325],[377322.037,5814969.526],[376934.118,5815062.73],[376794.113,5814376.453],[376713.69,5814037.982],[376427.582,5813716.414],[376158.866,5813310.52],[375713.513,5813343.954],[375382.201,5813117.228],[375082.39,5812916.905],[374818.5,5812617.012],[374576.732,5812313.606],[374160.111,5811965.522],[373312.408,5811876.63],[373120.058,5811849.066],[373012.027,5811742.109],[372950.531,5811778.475],[372860.352,5811769.198],[372761.66,5811733.084],[372683.089,5811755.587],[372493.98,5811708.201],[372423.056,5811591.956],[372422.612,5811491.124],[372351.491,5811400.479],[372011.844,5811218.642],[371779.101,5810868.778],[371650.98,5810799.116],[371690.173,5810451.485],[371359.083,5810177.987],[371280.977,5810067.075],[371177.464,5810029.443],[371116.446,5809886.308],[371043.86,5809923.786],[370916.632,5809964.302],[370873.868,5810024.013],[370808.505,5810057.454],[370763.209,5810047.115],[370699.779,5809998.122],[370649.596,5809841.081],[370517.11,5809678.504],[370000.825,5809431.423],[370109.647,5808751.649],[370110.084,5808603.076],[370141.686,5808529.478],[370232.965,5808491.645],[370318.53,5808410.922],[370585.929,5808279.547],[370677.662,5808378.435],[370697.38,5808434.113],[370684.389,5808470.648],[370601.906,5808533.418],[370607.696,5808541.821],[370532.624,5808689.275],[370557.578,5808701.248],[370797.295,5808759.738],[370834.418,5808756.082],[370823.408,5808670.626],[370845.904,5808512.768],[370834.775,5808397.534],[371078.87,5808302.558],[371113.193,5808318.878],[371165.94,5808278.638],[371209.247,5808283.896],[371246.267,5808312.28],[371258.052,5808447.351],[371275.562,5808558.415],[371257.76,5808680.377],[371303.852,5808696.133],[371428.105,5808649.324],[371458.166,5808464.338],[371552.042,5808476.049],[371568.761,5808371.742],[371475.014,5808359.957],[371486.391,5808258.53],[371341.312,5808240.027],[371235.038,5808269.806],[371195.28,5808182.309],[371346.175,5808154.49],[371402.031,5808105.404],[371323.229,5808019.319],[371414.22,5807936.834],[371506.455,5807796.647],[371511.057,5807708.863],[371551.377,5807649.419],[371853.886,5807456.54],[371949.415,5807431.356],[371995.559,5807336.873],[372111.68,5807174.414],[372228.377,5807026.463],[372374.564,5806881.202],[372412.546,5806835.052],[372471.788,5806810.458],[372557.361,5806798.123],[372663.207,5806836.962],[372944.393,5807020.922],[373013.513,5807097.396],[373109.745,5807009.22],[373222.707,5806954.558],[373321.651,5806921.37],[373317.178,5806902.246],[373118.012,5806872.95],[373154.194,5806738.618],[373349.544,5806725.165],[373373.98,5806712.599],[373324.095,5806681.659],[373064.12,5806463.966],[372871.778,5806258.922],[372857.142,5806251.714],[372760.645,5806116.829],[372739.767,5806139.525],[372815.921,5806255.536],[372705.827,5806246.092],[372568.324,5806245.517],[372524.397,5806021.32],[372791.529,5805769.047],[372828.645,5805751.003],[372838.824,5805777.818],[372875.837,5805782.245],[372956.517,5805756.507],[373014.973,5805914.291],[372939.783,5805917.067],[372774.302,5806101.941],[372894.239,5806253.721],[373078.37,5806449.902],[373334.796,5806664.681],[373475.478,5806752.426],[373572.288,5806830.728],[373583.35,5806814.999],[373667.002,5806844.774],[373660.575,5806781.028],[373708.351,5806720.333],[373834.452,5806646.351],[374124.576,5806592.833],[374346.335,5806559.422],[374723.335,5806449.536],[375343.176,5806484.148],[375398.162,5806483.206],[375605.011,5806616.721],[375579.98,5806833.219],[375570.896,5806860.678],[375404.571,5806812.725],[374892.802,5806744.401],[374657.136,5806720.175],[374658.721,5806817.068],[374775.584,5807112.319],[374773.158,5807431.615],[374781.3,5807440.66],[375098.173,5807602.537],[375332.048,5807726.441],[375725.445,5807925.248],[376023.559,5808079.492],[376844.134,5808500.665],[376999.803,5808582.339],[377354.697,5808762.024],[377394.339,5808785.881],[377543.452,5808767.919],[377663.357,5808777.783],[377890.173,5808806.578],[378245.595,5808905.018],[378404.059,5808968.434],[378474.408,5809008.321],[378555.876,5809035.566],[378704.782,5809119.746],[378753.908,5809156.269],[378819.093,5809169.82],[379050.399,5809254.9],[379200.241,5809323.29],[379204.527,5809312.009],[379300.944,5809355.244],[379314.137,5809337.025],[380268.915,5809771.899],[380252.631,5809789.047],[380119.798,5809812.74],[379621.273,5810091.147],[379639.116,5810305.45],[379638.26,5810408.366],[379628.819,5810455.712],[380400.434,5810724.654],[380492.005,5810748.152],[381369.104,5810939.372],[381475.973,5810957.5],[381720.946,5810877.299],[381852.318,5810850.924],[381915.578,5810861.671],[382035.497,5810906.679],[382102.538,5810942.163],[382339.101,5811117.4],[382360.647,5811153.334],[383486.851,5811695.185],[383733.554,5811832.965],[384038.248,5812012.336],[383998.737,5812068.011],[384146.195,5812470.341],[384202.259,5812573.874],[384739.372,5813371.104],[384784.022,5813402.823],[384776.657,5813426.242],[384840.233,5813880.172],[384874.652,5814015.938],[384930.84,5814184.308],[385013.554,5814222.329],[385079.726,5814234.574],[385162.407,5814305.927],[385192.636,5814349.62],[385136.615,5814405.121],[385099.723,5814373.344],[385026.911,5814426.115],[384950.495,5814384.501],[384386.282,5814548.737],[383858.218,5814726.186],[383837.283,5814677.977],[383784.487,5814750.076],[383362.171,5814611.735],[383237.309,5814576.16],[383075.724,5814545.275],[383049.405,5814557.305],[382648.684,5814490.328],[382040.569,5814393.646],[381957.421,5814420.316],[381912.192,5814488.111],[381858.888,5814447.737],[381818.698,5814396.624],[381736.757,5814350.595],[381500.753,5814384.4],[381298.486,5814388.756],[380381.406,5814666.284],[380334.97,5814684.528]]]},"properties":{"PGR_ID":"0640","PGR_NAME":"Zehlendorf Nord/Wannsee","BEZ":"06","STAND":"01.01.2021","GROESSE_M2":62490063.62}},
{"type":"Feature","geometry":{"type":"Polygon","coordinates":[[[400034.756,5823839.098],[399997.627,5823826.856],[399950.522,5823907.825],[399640.006,5824049.947],[399381.576,5824157.149],[398823.705217,5824421.106743],[398620.669,5824519.977],[398467.629,5824606.382],[398460.365,5824602.47],[398282.064,5824669.17],[397925.679,5824750.647],[397382.467,5824864.561],[397346.342,5824672.274],[397317.252,5824603.94],[397330.909,5824576.043],[397437.542,5824552.485],[397638.522,5824450.639],[397726.939,5824371.305],[397962.771,5823954.305],[398002.626,5823833.468],[398009.602,5823706.689],[397991.984,5823610.744],[397918.126,5823365.81],[397643.666,5823472.822],[397358.489,5823556.984],[397328.002,5823535.168],[397091.914,5823260.406],[397045.752,5823238.743],[396942.277,5823239.992],[396919.954,5823257.3],[396891.72,5823222.462],[396919.941,5823199.449],[396964.722,5823089.348],[396908.181,5823026.734],[396806.096,5823034.213],[396249.826,5823062.326],[396223.642,5823066.68],[396155.854,5823118.687],[396077.219,5823130.401],[396053.198,5823103.123],[396226.657,5822252.357],[396228.052,5822232.493],[396326.583,5821984.356],[396321.343,5821985.002],[396453.218,5821745.766],[396546.546,5821558.333],[396600.688,5821434.466],[396650.475,5821454.627],[396706.896,5821448.417],[397247.679,5821489.003],[397247.56,5821496.762],[397948.702,5821547.66],[398146.033,5821550.245],[398574.374,5821580.921],[398642.327,5821589.218],[398641.13,5821569.502],[399405.3,5821639.192],[399566.568,5821654.142],[399560.917,5821667.188],[399739.485,5821687.448],[399870.814,5821729.7],[400154.09,5821875.222],[400342.185,5821944.12],[400410.187,5821958.658],[400410.368,5822022.482],[400457.361,5822037.219],[400432.946,5822061.423],[400399.645,5822224.22],[400376.541,5822308.295],[400343.847,5822510.569],[400315.94,5822613.859],[400296.853,5822722.019],[400232.972,5823035.078],[400185.384,5823249.821],[400189.84,5823255.946],[400126.327,5823549.13],[400086.534,5823677.549],[400025.172,5823826.769],[400034.756,5823839.098]]]},"properties":{"PGR_ID":"1120","PGR_NAME":"Hohenschönhausen Süd","BEZ":"11","STAND":"01.01.2021","GROESSE_M2":9353415.894}},
{"type":"Feature","geometry":{"type":"Polygon","coordinates":[[[394055.83,5827522.347],[394070.983,5827527.773],[394195.646,5827702.337],[394523.732,5828182.618],[394608.672,5828324.911],[394667.837,5828446.227],[394736.142,5828642.656],[394957.392,5829369.513],[395018.937,5829627.481],[395024.647,5829802.676],[394980.487,5829781.444],[394969.263,5829929.779],[394940.857,5830071.219],[394896.168,5830198.15],[394832.294,5830331.699],[394758.816,5830445.822],[394647.542,5830582.307],[394068.124,5831200.361],[393880.325,5831397.987],[393791.279,5831503.295],[393719.515,5831611.932],[393626.108,5831834.193],[393605.71,5831835.811],[393557.657,5832086.845],[393542.622,5832338.949],[393554.867,5832392.272],[393538.873,5832412.444],[393535.759,5832905.02],[393529.373,5833042.67],[393374.846,5832897.847],[393372.928,5832885.649],[393136.481,5833106.801],[392854.513,5833338.663],[392703.877,5833542.984],[392738.552,5833602.276],[392739.022,5833669.601],[392664.33,5833680.229],[392576.35,5833795.251],[392276.188,5833713.26],[392191.484,5833844.259],[392011.493,5833961.339],[391968.179,5833998.419],[391614.492,5834332.051],[391617.07,5834351.396],[391556.462,5834323.358],[391510.148,5834257.508],[391429.718,5834261.031],[391386.363,5834274.876],[391340.594,5834179.876],[391327.46,5834128.431],[391301.191,5834121.101],[391287.963,5834038.442],[391243.174,5834004.532],[391235.616,5833972.141],[391200.684,5833966.8],[391188.981,5833864.621],[391223.346,5833850.047],[391209.976,5833797.738],[391156.284,5833833.984],[391155.629,5833792.733],[391111.467,5833731.578],[391117.882,5833707.461],[391066.482,5833616.009],[391040.204,5833610.943],[391056.091,5833552.216],[391085.524,5833538.419],[391069.768,5833497.668],[391100.55,5833431.074],[391031.799,5833372.29],[391053.022,5833343.912],[391011.435,5833247.74],[391000.606,5833184.165],[390962.527,5833176.977],[390922.273,5833128.144],[390891.44,5833137.837],[390808.96,5833088.305],[390696.165,5833054.294],[390653.752,5833027.81],[390593.623,5833074.9],[390578.331,5833048.062],[390496.647,5833053.063],[390503.709,5833003.428],[390554.476,5832979.428],[390564.423,5832920.309],[390374.46,5832831.874],[390327.069,5832775.943],[390281.441,5832830.438],[390209.697,5832724.919],[390148.209,5832673.578],[390174.613,5832646.004],[390131.398,5832618.098],[390115.907,5832548.267],[390079.193,5832529.48],[390113.894,5832502.167],[390100.742,5832477.322],[390155.946,5832328.8],[390142.624,5832255.32],[390115.353,5832266.76],[390130.389,5832226.5],[390093.242,5832231.83],[390108.726,5832169.51],[390031.87,5832196.61],[389985,5832104.26],[389915.655,5832109.46],[389876.199,5832070.93],[389858.044,5832086.12],[389831.449,5832052.51],[389783.232,5832068.05],[389774.417,5832041.52],[389723.829,5832062.68],[389664.182,5831991.51],[389637.985,5831916.99],[389570.534,5831870.16],[389513.634,5831886.6],[389512.551,5831918.97],[389461.833,5831896.432],[389461.54,5831846.748],[389474.019,5831852.471],[389524.627,5831703.518],[389629.116,5831499.184],[389760.448,5831211.124],[389861.519,5830940.74],[389935.408,5830758.837],[389995.405,5830597.207],[390026.047,5830486.682],[390059.167,5830251.1],[390059.358,5830050.112],[390045.767,5829874.145],[390015.32,5829794.881],[390036.602,5829762.691],[390143.632,5829740.477],[390237.385,5829702.517],[390551.409038,5829537.754934],[390530.793,5829494.852],[390496.186,5829476.64],[390474.427,5829410.325],[390570.533,5829343.673],[390569.283,5829253.287],[390513.615,5829127.765],[390492.03,5829059.212],[390504.995,5828992.866],[390677.755,5828858.039],[390681.847,5828817.949],[390587.757,5828762.011],[390734.415,5828656.271],[390976.617092,5828533.78494],[390913.087,5828341.203],[390867.987,5828165.368],[390818.512,5828016.277],[390776.373,5827940.016],[390516.235,5827668.369],[390486.214,5827606.281],[390512.271,5827550.326],[390521.578,5827287.963],[390537.269,5827224.919],[390586.387,5827184.649],[390609.356,5827129.165],[390752.394,5826740.164],[390706.024,5826734.246],[390684.834,5826675.675],[390697.334,5826600.257],[390753.942,5826497.247],[390850.911,5826443.99],[390937.441,5826413.754],[391097.034,5826279.783],[391152.039,5826275.553],[391193.885,5826245.225],[391276.125,5826219.249],[391343.312,5826222.053],[391369.601,5826196.014],[391477.473,5826153.229],[391537.885,5826095.817],[391566.592,5826123.588],[391586.925,5826185.854],[391644.689,5826211.016],[391608.83,5826319.567],[391694.414,5826351.135],[391658.187,5826456.156],[391675.105,5826475.955],[391801.908,5826514.725],[391772.955,5826620.263],[391800.144,5826638.318],[392120.083,5826737.83],[392093.687,5826822.832],[392068.173,5826947.547],[392376.55,5826997.144],[392682.093,5827137.832],[393306.614,5827432.634],[393652.425,5827716.773],[393680.25306,5827710.548445],[393783.139809,5828150.095601],[393992.64,5827956.782],[394033.563,5827939.973],[394011.393,5827881.109],[393962.414,5827827.645],[394001.755,5827733.003],[394039.356,5827564.897],[394055.83,5827522.347]]]},"properties":{"PGR_ID":"0320","PGR_NAME":"Nördliches Pankow","BEZ":"03","STAND":"01.01.2021","GROESSE_M2":26134445.67}},
{"type":"Feature","geometry":{"type":"Polygon","coordinates":[[[389990.688,5829740.615],[390015.32,5829794.881],[390045.767,5829874.145],[390059.358,5830050.112],[390059.167,5830251.1],[390026.047,5830486.682],[389995.405,5830597.207],[389935.408,5830758.837],[389861.519,5830940.74],[389760.448,5831211.124],[389629.116,5831499.184],[389524.627,5831703.518],[389474.019,5831852.471],[389461.54,5831846.748],[389358.719,5831863.116],[389303.687,5831831.837],[389317.854,5831799.169],[389229.966,5831807.853],[389161.862,5831790.052],[389114.81,5831734.683],[389053.572,5831732.95],[389025.634,5831687.826],[388966.869,5831713.073],[388928.171,5831628.507],[388852.655,5831634.185],[388830.748,5831598.596],[388792.222,5831622.788],[388704.875,5831627.332],[388645.865,5831673.322],[388607.456,5831646.956],[388568.201,5831660.183],[388511.523,5831648.574],[388478.365,5831617.548],[388425.216,5831608.968],[388401.517,5831583.275],[388384.558,5831706.058],[388114.21,5831685.231],[387903.987,5831703.471],[387875.72,5831668.076],[387827.657,5831675.621],[387782.51,5831646.723],[387737.393,5831661.932],[387672.201,5831642.195],[387609.43,5831662.38],[387584.956,5831647.387],[387547.717,5831667.765],[387520.846,5831621.411],[387486.306,5831628.088],[387407.591,5831593.47],[387354.271,5831551.21],[387280.464,5831535.908],[387237.963,5831498.43],[387191.293,5831403.766],[387135.708,5831343.99],[387073.777,5831297.023],[386971.419,5831263.136],[386941.918,5831211.011],[386936.008,5831140.159],[386962.409334,5831081.612525],[387039.936422,5831031.012696],[387020.038768,5831003.915993],[387014.286979,5830887.298604],[387031.82581,5830868.140317],[387010.752297,5830835.434523],[387004.897942,5830740.240352],[386950.839731,5830671.489081],[386876.168979,5830627.56673],[386851.998445,5830653.883094],[386720.692,5830563.424],[386604.968,5830534.93],[386578.107,5830544.954],[386487.521,5830524.234],[386357.01,5830555.021],[386310.871,5830547.601],[386201.389,5830479.891],[386141.2,5830485.537],[386088.716,5830511.905],[386000.6,5830493.985],[385935.599,5830365.593],[385823.722,5830312.714],[385666.285,5830183.12],[385609.325,5830092.856],[385591.031,5830015.63],[385560.91,5829995.904],[385462.605,5829996.616],[385432.592,5829972.129],[385413.925,5830000.743],[385391.01,5829969.513],[385341.104,5829946.26],[385346.115,5829908.169],[385281.119,5829875.398],[385271.385,5829824.342],[385219.353,5829852.43],[385213.959,5829824.996],[385250.538,5829788.088],[385213.454,5829761.197],[385133.203,5829668.901],[385116.824,5829693.263],[385096.911,5829648.498],[385083.893,5829688.245],[385028.724,5829725.888],[385035.438,5829761.284],[385013.468,5829809.132],[384904.304,5829862.694],[384877.143,5829807.351],[384770.244,5829808.225],[384745.3,5829825.202],[384665.232,5829761.626],[384589.723,5829732.01],[384562.291,5829764.936],[384559.318,5829693.708],[384528.019,5829708.723],[384536.252,5829671.639],[384424.386,5829678.452],[384431.069,5829628.13],[384386.551,5829602.911],[384411.451,5829541.29],[384375.457,5829517.864],[384345.751,5829539.014],[384292.597,5829528.745],[384306.459,5829483.472],[384261.429,5829463.48],[384270.519,5829442.574],[384337.597,5829420.544],[384285.968,5829358.737],[384183.791,5829305.11],[384146.693,5829297.267],[384159.876,5829252.928],[384112.253,5829233.061],[384141.846,5829275.708],[384088.202,5829403.353],[384053.771,5829348.957],[383975.613,5829314.708],[383845.71,5829330.912],[383792.634,5829317.323],[383652.154,5829238.674],[383590.507,5829129.426],[383832.015,5828669.086],[383872.522,5828566.304],[383909.947,5828446.256],[383988.775,5828253.198],[384019.16,5828160.595],[384129.788725,5827894.325257],[384142.575,5827878.023],[384236.257,5827634.807],[384258.352,5827644.234],[384279.055,5827597.163],[384422.355,5827216.9],[384515.214,5827116.808],[384729.199,5826989.354],[384770.064,5826958.028],[385065.581,5826783.941],[385068.829,5826787.539],[385240.82,5826689.249],[385310.465,5826656.307],[385445.786,5826626.892],[385515.11,5826626.262],[385872.86,5826638.48],[385987.131,5826638.253],[386160.549,5826671.479],[386354.443,5826697.546],[386414.091,5826721.308],[386489.022,5826723.181],[386630.316,5826656.046],[386877.084,5826665.94],[387034.837,5826667.622],[387050.536,5826659.734],[387061.227,5826674.509],[387283.439,5826679.138],[387344.799,5826694.028],[387502.276,5826749.086],[387498.25,5826763.461],[387562.722,5826782.672],[387906.742,5826934.66],[387540.938,5827767.074],[387566.182,5827773.633],[387920.202,5827904.219],[388055.147,5827960.047],[387961.852,5828051.317],[387389.168,5828587.146],[387386.095,5828601.836],[387164.914,5828804.069],[387090.641,5828888.177],[387041.464,5828912.882],[386763.645,5829184.954],[386625.433,5829390.152],[386583.51,5829442.867],[386469.287,5829613.99],[386392.827,5829744.957],[386286.684,5829894.598],[386261.76,5829902.712],[386440.961,5829956.405],[386670.466,5830048.509],[386823.426,5830124.447],[387021.503,5830208.458],[387182.705,5830254.254],[387361.988,5830329.633],[387402.416,5830322.814],[387595.836,5830019.062],[387552.882,5829990.342],[387618.563,5829985.921],[387703.298,5829893.054],[387701.066,5829880.847],[387837.696,5829727.526],[387873.06,5829699.525],[388370.386,5829856.05],[388422.816,5829857.831],[388882.549,5829819.817],[388882.924,5829824.269],[389350.09,5829784.934],[389434.471,5829771.657],[389730.833,5829754.544],[389797.753,5829735.91],[389813.232,5829748.024],[389990.688,5829740.615]]]},"properties":{"PGR_ID":"1250","PGR_NAME":"Wittenau/Borsigwalde","BEZ":"12","STAND":"01.01.2021","GROESSE_M2":15876366.47}},
{"type":"Feature","geometry":{"type":"Polygon","coordinates":[[[412216.912,5805908.617],[412238.836,5805888.139],[412321.391,5805991.588],[412402.799,5806058.044],[412474.7,5806084.542],[412512.662,5806176.851],[412582.733,5806221.513],[412632.913,5806270.563],[412708.163,5806263.096],[412746.837,5806183.178],[412829.364,5806163.346],[412901.979,5806196.304],[413083.602,5806104.4],[413141.494,5806110.876],[413228.057,5806165.864],[413284.272,5806260.214],[413307.646,5806240.582],[413395.016,5806271.728],[413412.917,5806310.873],[413516.832,5806263.426],[413522.341,5806294.997],[413558.974,5806309.119],[413580.02,5806256.926],[413614.002,5806250.421],[413672.227,5806286.931],[413767.765,5806389.592],[413812.872,5806422.411],[413889.475,5806519.992],[413884.601,5806654.497],[413971.172,5806946.762],[414150.451,5807025.366],[414223.714,5807092.768],[414149.478,5807220.059],[414108.504,5807342.223],[414012.641,5807426.111],[413952.556,5807439.719],[413921.586,5807471.899],[413885.032,5807593.832],[413846.926,5807672.016],[413754.928,5807821.602],[413695.351,5807901.675],[413619.712,5808049.357],[413613.574,5808105.766],[413660.085,5808265.507],[413724.182,5808410.407],[413730.372,5808490.61],[413688.191,5808466.58],[413652.355,5808491.35],[413626.919,5808420.304],[413635.641,5808322.179],[413615.821,5808285.072],[413539.561,5808235.603],[413500.712,5808228.134],[413437.143,5808181.528],[413410.118489,5808143.71543],[413396,5808164.7],[413298.35941,5808113.293722],[413188.096,5808212.633],[413163.086,5808266.65],[413123.137,5808302.368],[413038.181,5808340.223],[412986.326,5808411.877],[412980.649,5808500.494],[412955.647,5808636.442],[412941.914,5808670.854],[412801.877,5808833.33],[412662.425,5809065.015],[412622.516,5809112.674],[412552.9,5809157.4],[412457.45,5809173.15],[412351.1,5809158.1],[412210.45,5809155.95],[412046.4,5809184.65],[411987.2,5809210.75],[411885.8,5809230.5],[411747.8,5809233.2],[411665.3,5809312.5],[411571.65,5809417.75],[411511.4,5809498.85],[411400.2,5809580.35],[411244,5809623.9],[411079.35,5809656.4],[410951.1,5809661.4],[410727.9,5809557.4],[410622.5,5809540.65],[410475.093345,5809566.658734],[410380.05,5809603.85],[410306.75,5809581.3],[410245.2,5809576.35],[410194.9,5809590.45],[410046.2,5809507.4],[409969.75,5809511.5],[409875.7,5809539.15],[409756.6,5809614.3],[409729.5,5809643.55],[409716,5809700.4],[409767.65,5809775.85],[409743.05,5809850.8],[409771.05,5809866.75],[409864.45,5809807.5],[409936.2,5809749.05],[410119.85,5809744.7],[410123.5,5809769],[410002.073,5810013.536],[409908.75,5810135.35],[409894.427001,5810086.620331],[408956.642,5810441.896],[408162.406,5810740.042],[406535.316,5811354.834],[406401.288,5811327.737],[406368.061,5811302.083],[406263.266,5811329.802],[406210.421,5811281.908],[406131.029,5811239.6],[406046.754,5811228.773],[406002.643,5811249.4],[405944.006,5811305.14],[405888.671,5811341.337],[405852.399,5811385.999],[405703.362,5811447.048],[405644.452,5811500.292],[405571.652,5811544.751],[405533.921,5811587.06],[405356.001,5811710.631],[405141.315,5811782.616],[405045.867,5811851.511],[404968.032,5811894.827],[404762.25,5811908.5],[404592.293,5811962.145],[404381.777,5811910.906],[404126.368,5811908.405],[404022.373,5811870.137],[403954.496,5811814.106],[403858.25,5811691.2],[403866.95,5811660.05],[403800.363,5811600.813],[403738.148,5811604.558],[403683.068,5811582.717],[403662.009,5811536.621],[403771.634,5811456.322],[403803.944,5811407.449],[403725.698,5811473.994],[403646.994,5811528.741],[403553.14,5811561.529],[403432.381,5811488.205],[403511.602,5811553.738],[403478.901,5811669.69],[403466.298,5811780.438],[403317.307,5811854.032],[403201.284,5811825.923],[403160.14,5811866.542],[403115.098,5811837.753],[403132.1,5811778.6],[403059.008,5811634.613],[402999.561583,5811464.030215],[402962.864,5811422.776],[402902.008,5811425.146],[402874.199,5811395.744],[402820.1,5811396.7],[402839.5,5811280.75],[402840.57,5811141.943],[402898.411,5810979.488],[402996.221,5810787.618],[403017.879,5810720.459],[403083.483,5810670.563],[403106.129,5810621.138],[403104.401,5810576.12],[402944.176,5810374.476],[402914.398,5810309.652],[402910.15,5810209.75],[402925.058,5810165.58],[402927.093,5810094.419],[402961.105,5810008.448],[403035.464,5809930.457],[403053.781,5809711.677],[403007.502,5809654.467],[402964.466532,5809638.253972],[402973.702213,5809610.816652],[403169.383,5809639.199],[403211.44,5809599.693],[403339.996,5809530.974],[403386.487,5809496.957],[403459.592,5809422.206],[403518.468,5809338.971],[403551.759,5809266.292],[403572.576,5809167.448],[403577.422,5808998.558],[403600.749,5808919.06],[403724.728,5808733.869],[403760.423,5808612.201],[403758.462,5808489.436],[403740.317,5808389.625],[403737.562,5808269.592],[403757.362,5808192.429],[403813.928,5808086.113],[403883.733,5808009.749],[403994.703,5807921.725],[404077.792,5807877.612],[404185.298,5807844.605],[404301.256,5807844.44],[404431.4,5807891.012],[404508.673,5807909.983],[404659.077,5807927.254],[404800.588,5807918.733],[404906.752,5807861.385],[405148.498,5807673.237],[405711.608,5807409.518],[405773.69,5807399.658],[406337.347,5807449.019],[406426.209,5807425.365],[406507.981,5807350.012],[406550.134,5807285.309],[406584.311,5807192.501],[406624.07,5806959.647],[406644.357,5806892.278],[406674.448,5806843.27],[407411.955,5806063.107],[407545.262,5805992.206],[407605.955,5805943.892],[407647.669,5805891.916],[407750.627,5805699.775],[407809.178,5805557.021],[407883.593,5805299.631],[408009.710161,5804848.457231],[408047.4,5804765.651],[408422.186068,5804372.21945],[408475.85,5804324.85],[408531.45,5804316.4],[408618.71,5804210.362],[409188.007,5804337.828],[409260.7,5804327.35],[409295.35,5804360.5],[409445.4,5804376.9],[409509,5804522.05],[409561.85,5804620.05],[409559.85,5804638.05],[409610.8,5804703.8],[410051.319,5804852.42],[410085.21,5804867.114],[410112.758,5804910.535],[410104.65,5805044.704],[410124.789,5805140.039],[410161.644,5805203.05],[410242.958,5805280.438],[410350.401,5805354.36],[410424.421,5805391.505],[410609.65,5805464.33],[410903.966,5805567.62],[411087.935,5805655.773],[411208.91,5805745.257],[411315.521,5805845.754],[411680.723,5806108.893],[411699.8,5806067.25],[411785,5805978.2],[411822.05,5805980.95],[411879.4,5805939.85],[411947.63,5805923.824],[412128.844,5805931.682],[412192.294,5805961.419],[412216.912,5805908.617]]]},"properties":{"PGR_ID":"0940","PGR_NAME":"Treptow-Köpenick 4","BEZ":"09","STAND":"01.01.2021","GROESSE_M2":44444245.79}},
{"type":"Feature","geometry":{"type":"Polygon","coordinates":[[[406773.73,5820896.861],[406721.431,5821276.271],[406785.659,5821325.626],[406731.762,5821779.095],[406752.164,5821758.916],[406914.697,5821706.607],[406972.796,5821722.304],[407005.204,5821759.641],[407121.445,5821717.831],[407191.9,5821758.788],[407271.83,5821733.971],[407294.256,5821742.006],[407349.559,5821716.985],[407365.128,5821758.407],[407391.418,5821746.797],[407415.791,5821779.265],[407607.36,5822075.724],[407591.665,5822224.389],[407461.379,5822232.466],[407391.2,5822291.66],[406830.33,5822387.3],[406330.48,5822466.45],[405782.97,5822627.233],[404219.315,5823090.15],[404150.942,5823147.081],[404134.707,5823089.918],[404036.414,5822919.581],[404003.693,5822822.153],[403952.626,5822737.868],[403910.312,5822646.868],[403871.606,5822539.346],[403821.329,5822474.639],[403763.99,5822377.472],[403748.674,5822289.343],[403758.578,5822129.828],[403771.786,5822040.466],[403822.234,5821951.376],[403917.202,5821878.5],[404038.654,5821680.576],[404128.316,5821475.162],[404133.602,5821380.787],[404081.917,5821229.069],[404080.978,5821200.477],[404111.466,5821092.682],[404095.486,5821051.474],[404021.457,5820976.56],[403955.735,5820948.405],[403932.85,5820929.268],[403759.999,5820714.917],[403558.427,5820505.222],[403514.312,5820453.646],[403494.477,5820393.047],[403451.92,5820214.981],[403457.687,5820093.556],[403442.876,5819959.459],[403411.381,5819794.694],[403406.623,5819699.729],[403369.613,5819640.588],[403346.782,5819527.477],[403346.612,5819471.459],[403279.738,5819245.554],[403238.91,5819121.607],[403195.744,5819041.803],[403421.613,5819028.892],[403597.279,5819004.074],[403670.608,5819070.562],[404337.53,5819563.228],[404359.381,5819510.101],[404622.751,5819581.433],[404644.183,5819610.311],[404911.623,5820788.995],[405079.326,5820762.985],[405083.733,5820780.189],[405170.244,5820758.959],[405866.048,5820573.683],[406049.127,5820714.894],[406085.898,5820660.848],[406219.197,5820605.565],[406322.108,5820514.424],[406436.113,5820600.385],[406473.659,5820550.77],[406743.562,5820798.193],[406774.099,5820778.784],[406801.448,5820821.517],[406782.348,5820833.694],[406773.73,5820896.861]]]},"properties":{"PGR_ID":"1020","PGR_NAME":"Hellersdorf","BEZ":"10","STAND":"01.01.2021","GROESSE_M2":8123443.243}},
{"type":"Feature","geometry":{"type":"Polygon","coordinates":[[[398752,5828431.167],[398352.05,5829407.461],[398195.188,5829395.722],[398258.263,5829710.884],[398333.523,5830028.9],[398376.333,5830147.742],[398459.139,5830353.195],[398527.183,5830560.181],[398576.96,5830692.851],[398677.502,5830939.676],[398704.835,5830968.992],[398774.904,5831010.184],[398355.083,5831190.067],[398035.969,5831310.812],[397702.905,5831470.85],[397556.864,5831564.565],[397345.513,5831722.49],[397245.044,5831695.94],[397090.631,5831704.285],[397025.612,5831690.652],[396702.507,5831556.986],[396637.952,5831522.89],[396474.258,5831419.695],[396428.798,5831379.234],[396117.567,5831000.2],[396043.891,5830931.85],[395652.626,5830642.551],[395608.049,5830605.754],[395206.746,5830219.424],[395140.579,5830094.896],[395069.217,5829858.717],[395024.647,5829802.676],[395018.937,5829627.481],[394957.392,5829369.513],[394736.142,5828642.656],[394667.837,5828446.227],[394608.672,5828324.911],[394523.732,5828182.618],[394195.646,5827702.337],[394070.983,5827527.773],[394055.83,5827522.347],[393731.613,5827048.599],[393711.963,5827009.479],[393731.242,5826981.349],[393871.733,5826960.475],[393888.621,5826928.365],[393819.498,5826829.69],[393853.708,5826802.501],[393825.571,5826726.914],[393855.124,5826705.173],[393859.752,5826644.14],[393883.367,5826619.842],[393878.678,5826570.324],[393766.995,5826453.198],[393601.010554,5826287.79003],[393598.106,5826213.808],[393556.984,5825909.2],[393527.214,5825740.878],[393513.419,5825721.033],[393490.438,5825553.627],[393482.759,5825548.497],[393394.996,5825038.336],[393433.913,5824697.339],[393441.376,5824690.658],[393478.472,5824423.235],[393472.544,5824422.308],[393505.379,5824187.69],[393521.176,5824118.418],[393537.931,5824120.8],[393767.875,5824249.558],[393857.856,5824289.135],[393949.402,5824342.098],[394042.776,5824427.678],[394217.754,5824544.2],[394424.398,5824692.228],[394522.867,5824753.444],[394658.021,5824824.684],[394800.019,5824910.833],[394758.97,5824978.999],[394764.491,5825004.408],[394879.837,5824970.418],[394978.586,5825048.375],[395183.868,5825178.669],[395277.032,5825245.787],[395337.145,5825265.005],[395461.874,5825267.744],[395675.688,5825224.324],[395897.842,5825171.56],[396358.487,5825071.163],[396702.546,5825001.938],[396826.622,5824981.979],[397220.739,5824898.39],[397251.344,5825019.778],[397257.08,5825075.662],[397219.065,5825086.774],[397497.278,5825425.803],[397164.93,5825701.655],[397180.431,5825812.25],[397128.044,5825798.054],[397062.408,5825813.226],[396954.516,5825823.93],[396981.251,5826025.718],[397002.362,5826094.879],[396991.733,5826125.911],[397002.22,5826379.38],[397017.243,5826403.435],[397002.523,5826546.987],[396989.417,5826592.034],[396992.775,5826765.954],[397014.212,5826885.981],[397048.873,5827028.065],[397125.289,5827002.167],[397151.431,5827078.058],[397259.404,5827084.09],[397314.852,5827256.666],[397336.205,5827254.017],[397388.69,5827432.401],[397433.775,5827518.511],[397499.464,5827608.964],[397600.544,5827712.002],[397638.848,5827740.82],[398521.694,5828286.807],[398752,5828431.167]]]},"properties":{"PGR_ID":"0330","PGR_NAME":"Nördliches Weißensee","BEZ":"03","STAND":"01.01.2021","GROESSE_M2":22224146.51}},
{"type":"Feature","geometry":{"type":"Polygon","coordinates":[[[395024.647,5829802.676],[395069.217,5829858.717],[395140.579,5830094.896],[395206.746,5830219.424],[395608.049,5830605.754],[395652.626,5830642.551],[396043.891,5830931.85],[396117.567,5831000.2],[396428.798,5831379.234],[396474.258,5831419.695],[396637.952,5831522.89],[396702.507,5831556.986],[397025.612,5831690.652],[397090.631,5831704.285],[397245.044,5831695.94],[397345.513,5831722.49],[397556.864,5831564.565],[397702.905,5831470.85],[398035.969,5831310.812],[398355.083,5831190.067],[398774.904,5831010.184],[398825.319,5831045.87],[398865.473,5831687.877],[398990.858,5831769.749],[399244.924,5831906.521],[399467.51,5831996.21],[399683.806,5832095.305],[399730.714,5832323.069],[399827.328,5832640.215],[399873.42,5832775.196],[399921.226,5832972.727],[399968.657,5833101.47],[400022.231,5833334.172],[400063.676,5833698.148],[400071.362,5833808.657],[399893.018,5833794.768],[399863.953,5833864.535],[399821.63,5834026.461],[399678.444,5833986.78],[399543.767,5833940.142],[399382.532,5833863.415],[399323.039,5833912.345],[399013.193,5834194.786],[398843.814,5834337.93],[398737.886,5834385.432],[398093.182,5834819],[397911.439,5834939.664],[397557,5835462.175],[397790.794,5836721.462],[397571.378,5836598.507],[397473.814,5836562.945],[397210.511,5836435.786],[397076.953,5836390.585],[396929.467,5836267.904],[396912.022,5836304.063],[396922.605,5836373.97],[396885.436,5836429.385],[396845.448,5836456],[396983.629,5836802.051],[397039.129,5836880.188],[397220.142,5837171.648],[397236.466,5837186.204],[397197.657,5837259.27],[397044.161,5837083.707],[396928.28,5837211.043],[396791.725,5837038.207],[396593.94,5836773.072],[396581.094,5836778.861],[396261.062,5836345.613],[395834.455,5836561.325],[395553.076,5836208.328],[395533.198,5836196.071],[395226.509,5835872.459],[395438.215,5835776.94],[395502.781,5835722.469],[395998.622,5835285.391],[396748.996,5835157.16],[396797.868,5835069.442],[396769.935,5834888.244],[396651.246,5834812.043],[396575.968,5834729.861],[396535.088,5834697.729],[396498.121,5834643.015],[396450.35,5834622.033],[396416.318,5834630.384],[396341.368,5834615.902],[396302.018,5834623.873],[396209.467,5834571.889],[396161.287,5834525.062],[396082.126,5834486.523],[396026.129,5834437.317],[395960.259,5834319.24],[395843.888,5834280.144],[395796.87,5834237.169],[395575.915,5834279.015],[395563.567,5834275.208],[395280.966,5834316.99],[395284.188,5834425.109],[395208.841,5834446.686],[394988.708,5834472.293],[394797.777,5834416.679],[394689.381,5834422.996],[394652.073,5834377.815],[394573.162,5834368.255],[394569.722,5834408.455],[394520.398,5834396.109],[394441.041,5833953.149],[394415.398,5833952.46],[394162.942,5833891.885],[394047.541,5833852.174],[394033.796,5833801.412],[393998.854,5833540.73],[394049.293,5833147.873],[393943.794,5833086.069],[393599.571,5833108.467],[393529.373,5833042.67],[393535.759,5832905.02],[393538.873,5832412.444],[393554.867,5832392.272],[393542.622,5832338.949],[393557.657,5832086.845],[393605.71,5831835.811],[393626.108,5831834.193],[393719.515,5831611.932],[393791.279,5831503.295],[393880.325,5831397.987],[394068.124,5831200.361],[394647.542,5830582.307],[394758.816,5830445.822],[394832.294,5830331.699],[394896.168,5830198.15],[394940.857,5830071.219],[394969.263,5829929.779],[394980.487,5829781.444],[395024.647,5829802.676]]]},"properties":{"PGR_ID":"0310","PGR_NAME":"Buch","BEZ":"03","STAND":"01.01.2021","GROESSE_M2":22984831.67}}
]}