{"type":"FeatureCollection", "features": [
{"type":"Feature","geometry":{"type":"Polygon","coordinates":[[[13.35179643,52.53097004],[13.35635265,52.52553774],[13.36419516,52.52797043],[13.35746301,52.53597156],[13.35193223,52.5331855],[13.35338517,52.5314643],[13.35179643,52.53097004]]]},"properties":{"schluessel":"ES0101","bezirk":"Mitte","gebietsname":"Poststadion","f_gvbl_dat":"30.12.1988","f_in_kraft":"31.12.1988","ae_gvbldat":null,"ae_inkraft":null,"fl_in_ha":"53.2"},"id":"erhaltgeb_es.ES0101"},
{"type":"Feature","geometry":{"type":"Polygon","coordinates":[[[13.39610235,52.52225865],[13.3969437,52.52207897],[13.39747451,52.52221791],[13.39800753,52.52232002],[13.39872797,52.52238687],[13.40042665,52.52244845],[13.40125959,52.52255783],[13.40234966,52.52276447],[13.40297751,52.52291837],[13.40300021,52.52288101],[13.40440168,52.52322898],[13.40498792,52.52334603],[13.40559601,52.52341221],[13.40600697,52.52342711],[13.40682732,52.52338629],[13.40737695,52.52330238],[13.40811297,52.52311326],[13.40892933,52.52281297],[13.40952392,52.52256073],[13.40993486,52.52280302],[13.4094142,52.52301936],[13.41141594,52.52569336],[13.41221408,52.52543828],[13.41278527,52.52621195],[13.41510805,52.52695698],[13.41441605,52.52739366],[13.41405764,52.52753356],[13.41163051,52.52822162],[13.41123614,52.528316],[13.40954281,52.5286051],[13.40882976,52.52877881],[13.40802053,52.52892922],[13.40373761,52.52965546],[13.40340324,52.52967553],[13.40202715,52.52960083],[13.40177506,52.52960858],[13.40024185,52.52948043],[13.4001584,52.52950252],[13.39772232,52.52936578],[13.39742539,52.52932883],[13.39418564,52.52854385],[13.39378703,52.52843444],[13.38727898,52.52709684],[13.38739918,52.52640238],[13.38749387,52.52613749],[13.38772678,52.52487401],[13.38779206,52.52437094],[13.38948952,52.52436989],[13.38974937,52.52343941],[13.38892629,52.52340869],[13.38906387,52.52298611],[13.38922653,52.52258876],[13.39067852,52.52266601],[13.3914691,52.52269099],[13.3925135,52.52264796],[13.39347176,52.52257516],[13.39549897,52.52235222],[13.39610235,52.52225865]]]},"properties":{"schluessel":"ES0102","bezirk":"Mitte","gebietsname":"Spandauer Vorstadt","f_gvbl_dat":"25.06.1993","f_in_kraft":"26.06.1993","ae_gvbldat":null,"ae_inkraft":null,"fl_in_ha":"109.1"},"id":"erhaltgeb_es.ES0102"},
{"type":"Feature","geometry":{"type":"Polygon","coordinates":[[[13.39336899,52.53385531],[13.39615362,52.53245312],[13.39403553,52.53219887],[13.39415845,52.53196558],[13.39471911292428,52.53090149488547],[13.39471913,52.5309015],[13.39563453,52.52916412],[13.39572399,52.52899431],[13.39750161,52.52942251],[13.40135893,52.5296331],[13.39895053,52.53244818],[13.39876579,52.53294495],[13.39802166,52.53494583],[13.39611779,52.53455142],[13.39336899,52.53385531]]]},"properties":{"schluessel":"ES0103","bezirk":"Mitte","gebietsname":"Südliche Brunnenstraße Teile der Rosenthaler Vorstadt","f_gvbl_dat":"09.12.1995","f_in_kraft":"10.12.1995","ae_gvbldat":null,"ae_inkraft":null,"fl_in_ha":"18.8"},"id":"erhaltgeb_es.ES0103"},
{"type":"Feature","geometry":{"type":"Polygon","coordinates":[[[13.38048153,52.52144307],[13.38127928,52.52144514],[13.3820048,52.52146498],[13.38259888,52.52144151],[13.38364395,52.52129067],[13.38454945,52.5210684],[13.38513264,52.52089945],[13.3859328,52.52133775],[13.38788586,52.52253965],[13.38706485,52.5272341],[13.38664078,52.52765806],[13.38600689,52.52821226],[13.38305965,52.5305637],[13.37949956,52.52953925],[13.37927085,52.52943775],[13.37440022,52.52800862],[13.37460909,52.52763519],[13.37468708,52.52731777],[13.37470809,52.52697535],[13.37464122,52.52672292],[13.37438046,52.52635029],[13.37398703,52.52601732],[13.3739743,52.52526049],[13.37459779,52.52500552],[13.37528269,52.52461707],[13.37572957,52.52422587],[13.37712898,52.52283193],[13.37723066,52.52269221],[13.3776316,52.52234865],[13.37795013,52.52210993],[13.37821407,52.52197301],[13.37891481,52.5217125],[13.37929046,52.52160809],[13.38002669,52.52147417],[13.38048153,52.52144307]]]},"properties":{"schluessel":"ES0104","bezirk":"Mitte","gebietsname":"Friedrich-Wilhelm-Stadt","f_gvbl_dat":"31.08.1996","f_in_kraft":"01.09.1996","ae_gvbldat":null,"ae_inkraft":null,"fl_in_ha":"69.5"},"id":"erhaltgeb_es.ES0104"},
{"type":"Feature","geometry":{"type":"Polygon","coordinates":[[[13.39815654,52.51776968],[13.39766028,52.51880183],[13.39737231,52.51924807],[13.39705782,52.51953624],[13.39622525,52.51990796],[13.3933712,52.52192274],[13.39247019,52.52212926],[13.39127341,52.52217727],[13.39086958,52.52217824],[13.38977961,52.52214039],[13.38923636,52.52210911],[13.38856136,52.5220415],[13.38830379,52.52196853],[13.38774553,52.52171597],[13.38553523,52.52039565],[13.38532387,52.52027751],[13.38560451,52.51860615],[13.38565831,52.51844271],[13.38588619,52.51709098],[13.38596522,52.51654876],[13.38614137,52.51555709],[13.3888395,52.51573041],[13.38918129,52.5157573],[13.38950279,52.51378226],[13.3865089,52.51359725],[13.38676856,52.51203233],[13.38690227,52.51115047],[13.38691078,52.51094837],[13.38815854,52.50963066],[13.38881629,52.50891484],[13.3904336,52.50798686],[13.39046331,52.50779935],[13.39090631,52.5078209],[13.39294926,52.5079513],[13.398962,52.50831217],[13.39995075,52.50966518],[13.40027775,52.50997664],[13.400414159570646,52.51010507276438],[13.400519728945394,52.51020446877134],[13.40052041,52.51020511],[13.40087147,52.51019764],[13.40094077,52.51037718],[13.40154256,52.51040981],[13.40145612,52.51094479],[13.400406474578366,52.510880828403295],[13.39981769,52.51084495],[13.39925493,52.51081066],[13.39782848,52.5107237],[13.39620428,52.51062564],[13.39361127,52.51046462],[13.39347183,52.5113572],[13.393455041224842,52.51144631921901],[13.39343673,52.51154352],[13.39328977,52.51242578],[13.39630195,52.51259608],[13.39628515,52.51271704],[13.3958357,52.51269514],[13.39583275,52.51278632],[13.39609551,52.51327219],[13.39704773,52.51341319],[13.39689109,52.51408714],[13.39667772,52.51514235],[13.3955521,52.51506711],[13.39529563,52.51625261],[13.39530696,52.51638092],[13.39518818,52.51710439],[13.39513325,52.51766561],[13.39610871,52.51773216],[13.39637292,52.51764959],[13.39815654,52.51776968]]]},"properties":{"schluessel":"ES0105","bezirk":"Mitte","gebietsname":"Dorotheenstadt, Friedrichstadt","f_gvbl_dat":"10.04.1997","f_in_kraft":"11.04.1997","ae_gvbldat":null,"ae_inkraft":null,"fl_in_ha":"98.7"},"id":"erhaltgeb_es.ES0105"},
{"type":"Feature","geometry":{"type":"Polygon","coordinates":[[[13.42615123242778,52.51806863349754],[13.42618972,52.51812408],[13.42624036,52.51819697],[13.426305334932588,52.51828901032521],[13.42630537,52.51828906],[13.42592688,52.51839176],[13.42619055,52.51875203],[13.42652962,52.51921541],[13.42656886,52.51926903],[13.426605191418933,52.51931868286366],[13.42672917,52.51948812],[13.42688114,52.51969579],[13.426902668322985,52.51972515067081],[13.426916551197838,52.519744084357306],[13.42691657,52.51974411],[13.42735465,52.51962748],[13.427355477688305,52.51962726946356],[13.4273923,52.51961861],[13.4274297,52.51961228],[13.42749758,52.51960656],[13.42840147,52.5195862],[13.42918977,52.52120386],[13.42918146,52.52122408],[13.42671936,52.5222799],[13.42554788,52.52279099],[13.42590836,52.52283115],[13.42603992,52.52296436],[13.42567619,52.52301484],[13.42505452,52.52317613],[13.42172005,52.52416437],[13.42131355,52.5242902],[13.42068931,52.52350424],[13.41969919,52.5223132],[13.41924789,52.52245467],[13.41843606,52.52223429],[13.41852309,52.5220901],[13.41766856,52.52137572],[13.41659641,52.52170126],[13.41559177,52.52078154],[13.41666552,52.51987293],[13.4171613,52.51940346],[13.41767736,52.51881572],[13.4178503,52.51858752],[13.41816133,52.51804879],[13.41834861,52.51756347],[13.41846037,52.51695038],[13.41846278,52.5163914],[13.41855397,52.51638977],[13.41845073,52.516166],[13.41849524,52.51582958],[13.41870963,52.51565009],[13.41965349,52.51538144],[13.41961633,52.51532674],[13.42026145,52.51509986],[13.42068338,52.51489423],[13.42406411,52.51374014],[13.42423905,52.51394501],[13.42509614,52.51506996],[13.42556276,52.51587566],[13.42600018,52.51666822],[13.42637049,52.51731197],[13.42675409,52.5179592],[13.42633857,52.51804522],[13.42633156,52.51803245],[13.42615123,52.51806863],[13.42615123242778,52.51806863349754]]]},"properties":{"schluessel":"ES0106","bezirk":"Mitte","gebietsname":"Karl-Marx-Allee II. Bauabschnitt","f_gvbl_dat":"07.11.2015","f_in_kraft":"08.11.2015","ae_gvbldat":null,"ae_inkraft":null,"fl_in_ha":"58.7"},"id":"erhaltgeb_es.ES0106"},
{"type":"Feature","geometry":{"type":"MultiPolygon","coordinates":[[[[13.39876579,52.53294495],[13.39889606,52.53259466],[13.40318306,52.533599],[13.40432208,52.53313084],[13.40658781,52.53558146],[13.40685032933884,52.53586537928494],[13.40685033,52.53586538],[13.40678234,52.53602237],[13.40669192,52.53621137],[13.4065916,52.53640752],[13.4065318,52.53652445],[13.40614333,52.53728392],[13.40588517,52.537797],[13.40551878,52.53851374],[13.4053572,52.5388368],[13.40517798,52.53919517],[13.40510074,52.5393571],[13.40502266,52.53952081],[13.40494638,52.53968075],[13.40487007,52.53984074],[13.4047959,52.53999626],[13.40470455,52.54018775],[13.40419494,52.54040172],[13.39633861,52.53818457],[13.39585891,52.53808414],[13.3935175,52.5374188],[13.39322889,52.53726325],[13.39042453,52.53548081],[13.39028524,52.53541772],[13.39336899,52.53385531],[13.39611779,52.53455142],[13.39802166,52.53494583],[13.39876579,52.53294495]]],[[[13.39471911292428,52.53090149488547],[13.39456899,52.53085653],[13.39187192,52.53004857],[13.39382245,52.52853622],[13.39572399,52.52899431],[13.39563453,52.52916412],[13.39471913,52.5309015],[13.39471911292428,52.53090149488547]]]]},"properties":{"schluessel":"ES0107","bezirk":"Mitte","gebietsname":"erweitertes Gebiet südliche Brunnenstraße Teile der Rosenthaler Vorstadt","f_gvbl_dat":"14.12.2000","f_in_kraft":"15.12.2000","ae_gvbldat":null,"ae_inkraft":null,"fl_in_ha":"57.8"},"id":"erhaltgeb_es.ES0107"},
{"type":"Feature","geometry":{"type":"Polygon","coordinates":[[[13.41349647,52.51084484],[13.41330853,52.51106755],[13.413308227025905,52.511067909046105],[13.41304128,52.51098229],[13.41256464,52.51083021],[13.41220748,52.51071487],[13.41154792,52.5104736],[13.41046989,52.51046532],[13.40996108,52.51053906],[13.4086105,52.5102482],[13.4082974,52.51012325],[13.40767741,52.50973796],[13.40904004,52.50840668],[13.40963779,52.50761729],[13.41013517,52.50793349],[13.41028863,52.50793372],[13.41113045,52.50745749],[13.41165866,52.50724125],[13.41205859,52.50725389],[13.41257551,52.50752504],[13.41268798,52.50753261],[13.413333,52.50834029],[13.41351598,52.50844824],[13.41521909,52.51052636],[13.41515733,52.51061269],[13.41418851,52.51095838],[13.41393225,52.51096494],[13.41356832,52.51079042],[13.41349647,52.51084484]]]},"properties":{"schluessel":"ES0108","bezirk":"Mitte","gebietsname":"Heinrich-Heine-Siedlung","f_gvbl_dat":"25.01.2001","f_in_kraft":"26.01.2001","ae_gvbldat":null,"ae_inkraft":null,"fl_in_ha":"12.6"},"id":"erhaltgeb_es.ES0108"},
{"type":"Feature","geometry":{"type":"Polygon","coordinates":[[[13.39336899,52.53385531],[13.39028524,52.53541772],[13.39015489,52.53548376],[13.38823933,52.53379934],[13.38781568,52.53321146],[13.38997189,52.53155159],[13.39187192,52.53004857],[13.39456899,52.53085653],[13.39471911292428,52.53090149488547],[13.39415845,52.53196558],[13.39403553,52.53219887],[13.39615362,52.53245312],[13.39336899,52.53385531]]]},"properties":{"schluessel":"ES0109","bezirk":"Mitte","gebietsname":"westliches Ergänzungsgebiet südliche Brunnenstraße","f_gvbl_dat":"28.02.2004","f_in_kraft":"29.02.2004","ae_gvbldat":null,"ae_inkraft":null,"fl_in_ha":"16.8"},"id":"erhaltgeb_es.ES0109"},
{"type":"Feature","geometry":{"type":"Polygon","coordinates":[[[13.413308227025905,52.511067909046105],[13.41330853,52.51106755],[13.41349647,52.51084484],[13.41390895,52.51100508],[13.41417358,52.5110096],[13.41509626,52.51068477],[13.41528959,52.5108092],[13.41612065,52.51055595],[13.41646319,52.51099921],[13.41814211,52.51055838],[13.41876179,52.51153397],[13.41853633,52.51158809],[13.41884153,52.51203173],[13.41914899,52.51194168],[13.41909057,52.51185881],[13.41988033,52.51166182],[13.42033976,52.51230823],[13.4209448,52.51297937],[13.41798687,52.51395148],[13.41746635,52.51410312],[13.41718705,52.51413433],[13.41712125,52.51421075],[13.41637076,52.51433778],[13.41464851,52.51444046],[13.41414067,52.51438773],[13.41135968,52.51345942],[13.41108171,52.51336056],[13.41084476,52.51321388],[13.40848754,52.51241393],[13.40788869,52.51212781],[13.40717943,52.51184002],[13.40676162,52.51170657],[13.4057996,52.5114893],[13.40585045,52.51122478],[13.40675005,52.51135702],[13.40865979,52.5119708],[13.40964158,52.51217642],[13.41055861,52.51247216],[13.41088701,52.51209138],[13.41137427,52.51224638],[13.41179123,52.51189863],[13.41151299,52.51156115],[13.41168811,52.51146037],[13.41228699,52.51083796],[13.41323002,52.51116059],[13.413308227025905,52.511067909046105]]]},"properties":{"schluessel":"ES0110","bezirk":"Mitte","gebietsname":"Köllnischer Park mit Umgebung","f_gvbl_dat":"28.10.2006","f_in_kraft":"29.10.2006","ae_gvbldat":null,"ae_inkraft":null,"fl_in_ha":"22.0"},"id":"erhaltgeb_es.ES0110"},
{"type":"Feature","geometry":{"type":"Polygon","coordinates":[[[13.42181098,52.50504264],[13.42291536,52.50498121],[13.42309828,52.50498137],[13.42398093,52.50503004],[13.42495133,52.50518052],[13.42582161,52.50542527],[13.42670958,52.50579926],[13.42720031,52.5056661],[13.42724638,52.50573209],[13.42825103,52.50717018],[13.42881644,52.50797986],[13.42902782,52.50803547],[13.42940229,52.50857226],[13.42924012,52.50867129],[13.42912106,52.50890395],[13.42892072,52.50896657],[13.42850493,52.50886636],[13.42839971,52.50902908],[13.42790288,52.50832308],[13.42799624,52.50819671],[13.42767515,52.50774785],[13.42729457,52.50760023],[13.42701955,52.50733784],[13.42681687,52.50740563],[13.42658109,52.5071405],[13.42609607,52.50730796],[13.42624236,52.50747484],[13.42566969,52.50771375],[13.42570938,52.50775928],[13.4251892,52.50792832],[13.42533988,52.50813421],[13.42569048,52.5084322],[13.4262538,52.50907508],[13.42694417,52.50977863],[13.42595893,52.51033057],[13.4256707,52.51037063],[13.4252697,52.51016685],[13.42454084,52.51036187],[13.42364964,52.50909872],[13.42464584,52.50881891],[13.42327477,52.5068902],[13.42148618,52.50737582],[13.42176455,52.50775775],[13.42110018,52.50793963],[13.4208196,52.50755679],[13.42038531,52.5076747],[13.42059466,52.50796825],[13.4193744,52.50830732],[13.41919504,52.50806562],[13.41885375,52.50817339],[13.41876636,52.5079433],[13.41868155,52.50793832],[13.41815265,52.50728887],[13.41775379,52.50673403],[13.41763837,52.5067244],[13.41601821,52.50723603],[13.41560276,52.50738967],[13.41506605,52.50678853],[13.41538601,52.50667015],[13.41555077,52.5065584],[13.41501389,52.50596733],[13.41581284,52.50568365],[13.41594734,52.50585612],[13.41634767,52.50574033],[13.41655553,52.5057362],[13.41690498,52.50517383],[13.41641841,52.5044997],[13.41760145,52.50417016],[13.41809607,52.50485257],[13.418213330985834,52.505017957286235],[13.41821334,52.50501797],[13.41851875,52.50498713],[13.41894327,52.50506058],[13.4191203,52.50521916],[13.41943091,52.50564915],[13.41985123,52.50553484],[13.4211323,52.50517551],[13.42181098,52.50504264]]]},"properties":{"schluessel":"ES0111","bezirk":"Mitte","gebietsname":"Luisenstädtischer Kanal mit Umfeld","f_gvbl_dat":"28.10.2006","f_in_kraft":"29.10.2006","ae_gvbldat":null,"ae_inkraft":null,"fl_in_ha":"26.3"},"id":"erhaltgeb_es.ES0111"},
{"type":"Feature","geometry":{"type":"Polygon","coordinates":[[[13.34369753,52.53430083],[13.34583797,52.533191],[13.3438051,52.53221191],[13.34368914,52.53190347],[13.34345878,52.53151857],[13.34346255,52.53120797],[13.34390885,52.53120867],[13.3439101,52.53101752],[13.34416014,52.53094911],[13.34419856,52.53071392],[13.34447632,52.53071133],[13.3444743,52.53003414],[13.34348373,52.53003614],[13.34348362,52.52912885],[13.34355123,52.52910965],[13.34712815,52.53092099],[13.34978273,52.53022724],[13.35247447,52.52951774],[13.35264364,52.5296274],[13.35148618,52.53100577],[13.35317192,52.53153087],[13.35191304,52.53302243],[13.35168984,52.53321674],[13.35635219,52.53556613],[13.3562445,52.53571042],[13.34369753,52.53430083]]]},"properties":{"schluessel":"ES0112","bezirk":"Mitte","gebietsname":"Stephankiez","f_gvbl_dat":"07.11.1991","f_in_kraft":"08.11.1991","ae_gvbldat":null,"ae_inkraft":null,"fl_in_ha":"30.7"},"id":"erhaltgeb_es.ES0112"},
{"type":"Feature","geometry":{"type":"Polygon","coordinates":[[[13.31767717,52.5288383],[13.31924885,52.52855112],[13.31933816,52.52858938],[13.31937579,52.52901284],[13.31788454,52.52944653],[13.3176542,52.53066069],[13.31757925,52.53081228],[13.31460418,52.53025528],[13.31507491,52.52892408],[13.31538747,52.52896357],[13.31555745,52.52881967],[13.31580657,52.52876378],[13.31573389,52.52857965],[13.3162304,52.52841236],[13.31679374,52.52832503],[13.3169303,52.52865562],[13.31724323,52.52891758],[13.31767717,52.5288383]]]},"properties":{"schluessel":"ES0113","bezirk":"Mitte","gebietsname":"Huttenkiez","f_gvbl_dat":"10.12.1993","f_in_kraft":"11.12.1993","ae_gvbldat":null,"ae_inkraft":null,"fl_in_ha":"4.8"},"id":"erhaltgeb_es.ES0113"},
{"type":"Feature","geometry":{"type":"Polygon","coordinates":[[[13.38077215,52.5138049],[13.38082484,52.51370527],[13.38019929,52.51358944],[13.38075421,52.51251699],[13.38077113,52.51242611],[13.37944304,52.51234602],[13.37966874,52.51095627],[13.38169024,52.51110772],[13.38342639,52.51143276],[13.38454182,52.51166045],[13.38410871,52.51247706],[13.3829831,52.51226616],[13.3814917,52.51513409],[13.38019922,52.51488824],[13.38038865,52.51452987],[13.38050597,52.51449326],[13.38070158,52.51412325],[13.38064159,52.51405176],[13.38077215,52.5138049]]]},"properties":{"schluessel":"ES0115","bezirk":"Mitte","gebietsname":"Wilhelmstraße","f_gvbl_dat":"19.04.2018","f_in_kraft":"20.04.2018","ae_gvbldat":null,"ae_inkraft":null,"fl_in_ha":"7.6"},"id":"erhaltgeb_es.ES0115"},
{"type":"Feature","geometry":{"type":"Polygon","coordinates":[[[13.40797761,52.51624442],[13.40877559,52.51697008],[13.4087819,52.51703646],[13.40722659,52.51821651],[13.40695059,52.51822666],[13.40557879,52.51764472],[13.4055465,52.51765317],[13.4042884,52.51713923],[13.40509506,52.51646641],[13.40564383,52.51606088],[13.40695305,52.51548245],[13.40711424,52.51545965],[13.40748616,52.51577848],[13.40797761,52.51624442]]]},"properties":{"schluessel":"ES0116","bezirk":"Mitte","gebietsname":"Nikolaiviertel","f_gvbl_dat":"07.06.2018","f_in_kraft":"08.06.2018","ae_gvbldat":null,"ae_inkraft":null,"fl_in_ha":"5.1"},"id":"erhaltgeb_es.ES0116"},
{"type":"Feature","geometry":{"type":"Polygon","coordinates":[[[13.35002989,52.51983017],[13.34825572,52.52133057],[13.34785353,52.52150572],[13.34739266,52.5217435],[13.34716959,52.52181612],[13.34661849,52.52210832],[13.34625266,52.52227326],[13.34595429,52.52237131],[13.34537356,52.5225041],[13.34496142,52.52256072],[13.34403596,52.52264093],[13.34352987,52.52266748],[13.34285796,52.52265598],[13.34250904,52.52261849],[13.34212059,52.52251861],[13.34141783,52.52241255],[13.34098439,52.52229477],[13.34072088,52.52219221],[13.34037203,52.52200589],[13.33997177,52.52166912],[13.33976554,52.52135647],[13.33958693,52.52085358],[13.33944061,52.52054291],[13.33907104,52.52001351],[13.33883597,52.51973545],[13.3386053,52.51957848],[13.33839583,52.51936817],[13.33618763,52.51772246],[13.33561035,52.51731476],[13.33522627,52.51709948],[13.33482286,52.51693304],[13.33421494,52.51677302],[13.33479328,52.51550411],[13.33533211,52.51503994],[13.33537896,52.51485987],[13.3361362,52.51437708],[13.33592273,52.51395815],[13.33610766,52.51396974],[13.336014,52.51378565],[13.33809148,52.51392679],[13.33799122,52.51427757],[13.33802678,52.51469498],[13.33918723,52.51455978],[13.33936304,52.51457099],[13.33923623,52.51531303],[13.342225,52.51550244],[13.34214894,52.51528263],[13.3422058,52.51500867],[13.3431843,52.51508345],[13.34310361,52.51555811],[13.34339752,52.51562508],[13.34347984,52.51571744],[13.34407943,52.51575545],[13.34403931,52.51599143],[13.34422676,52.51600329],[13.34424406,52.51590142],[13.34524534,52.51596492],[13.34562479,52.51619632],[13.34463161,52.5166185],[13.34539807,52.51767878],[13.34722273,52.51780753],[13.34723927,52.51798713],[13.34742655,52.51797983],[13.34745076,52.51822657],[13.34738313,52.51822902],[13.3474082,52.51847918],[13.34729165,52.51848339],[13.34734078,52.51909908],[13.3475291,52.51909288],[13.34829122,52.51971151],[13.35037438,52.51956192],[13.35002989,52.51983017]]]},"properties":{"schluessel":"ES0117","bezirk":"Mitte","gebietsname":"Hansaviertel","f_gvbl_dat":"30.01.2020","f_in_kraft":"31.01.2020","ae_gvbldat":null,"ae_inkraft":null,"fl_in_ha":"54.3"},"id":"erhaltgeb_es.ES0117"},
{"type":"Feature","geometry":{"type":"MultiPolygon","coordinates":[[[[13.400406474578366,52.510880828403295],[13.40040626,52.51088212],[13.39981919,52.51084613],[13.39974999,52.51135175],[13.40001845,52.51136728],[13.40057277,52.5117867],[13.4001236,52.51197105],[13.39995827,52.51185189],[13.39827159,52.51182017],[13.39827099,52.51156639],[13.39766263,52.51154454],[13.3968431,52.51165879],[13.393455041224842,52.51144631921901],[13.39347183,52.5113572],[13.39361127,52.51046462],[13.39620428,52.51062564],[13.39782848,52.5107237],[13.39925493,52.51081066],[13.39981769,52.51084495],[13.400406474578366,52.510880828403295]]],[[[13.400414159570646,52.51010507276438],[13.40053511,52.51011262],[13.400519728945394,52.51020446877134],[13.400414159570646,52.51010507276438]]]]},"properties":{"schluessel":"ES0118","bezirk":"Mitte","gebietsname":"Leipziger Straße","f_gvbl_dat":"24.07.2020","f_in_kraft":"25.07.2020","ae_gvbldat":"26.01.2022","ae_inkraft":"27.01.2022","fl_in_ha":"10.4"},"id":"erhaltgeb_es.ES0118"},
{"type":"Feature","geometry":{"type":"Polygon","coordinates":[[[13.38620806,52.51457106],[13.38635517,52.51369368],[13.38932211,52.51386256],[13.38917114,52.51475714],[13.38620806,52.51457106]]]},"properties":{"schluessel":"ES0119","bezirk":"Mitte","gebietsname":"Erste Erweiterung Friedrichstadt","f_gvbl_dat":"07.12.2022","f_in_kraft":"08.12.2022","ae_gvbldat":null,"ae_inkraft":null,"fl_in_ha":"2.0"},"id":"erhaltgeb_es.ES0119"},
{"type":"Feature","geometry":{"type":"Polygon","coordinates":[[[13.40778005,52.49174953],[13.40857599,52.4928589],[13.408678752984457,52.493002119861856],[13.40868219,52.49300691],[13.40980773,52.49275433],[13.411309273514213,52.492335570267876],[13.41216438,52.49209741],[13.41250184,52.49200589],[13.412580203500514,52.49211072834762],[13.41272128,52.49230165],[13.413202952835348,52.49294387146677],[13.41343643,52.49325517],[13.41351783,52.49336557],[13.41082913,52.49403477],[13.4106369,52.49416853],[13.41063443,52.49436364],[13.41085577,52.49460086],[13.41096657,52.49465253],[13.41108361,52.49469506],[13.411213974907632,52.49473197965398],[13.41121726,52.49473291],[13.4127304754413,52.49493366339303],[13.413424797126822,52.49502577680293],[13.41345158,52.49502933],[13.41361502,52.49503628],[13.41372817,52.49503304],[13.414282137642568,52.49500842220966],[13.41431103,52.49500762],[13.41451602805978,52.495014324673726],[13.41453561,52.49501532],[13.414682209912618,52.49502896133971],[13.415023375865685,52.49506253790782],[13.415324080439984,52.49514575350835],[13.41542751158244,52.49553291458082],[13.415409560996501,52.49560029010758],[13.41538865,52.49559924],[13.41511814,52.49558556],[13.41511059,52.49558518],[13.41463175,52.49555107],[13.41384934,52.49556226],[13.41335015,52.49559605],[13.41241397,52.49572368],[13.41230377,52.49550981],[13.4116097,52.49564304],[13.41006053,52.49593948],[13.41017474,52.49611423],[13.40927943,52.49621976],[13.40768268,52.49647643],[13.40723761,52.49653688],[13.40599775,52.49666886],[13.40549938,52.49670702],[13.4052943,52.49644386],[13.40492473,52.49647283],[13.40449709,52.49616762],[13.40378925,52.49620537],[13.40375657,52.49599443],[13.40354091,52.49600673],[13.40343269,52.4954638],[13.40363625,52.49544874],[13.40346903,52.49522747],[13.40318164,52.49524825],[13.40306532,52.49505799],[13.40287531,52.49499459],[13.40240444,52.49438121],[13.40256088,52.49433513],[13.40249624,52.49419123],[13.40262883,52.49416919],[13.40249771,52.49387536],[13.40265546,52.49363275],[13.40207912,52.49289251],[13.40182387,52.49251045],[13.39888107,52.48872134],[13.40692059,52.48858323],[13.40693006,52.4886365],[13.40737629,52.48863041],[13.407886,52.48886087],[13.408077237065509,52.4891522599434],[13.40807302,52.48915281],[13.40824702,52.48941096],[13.40761876,52.48957433],[13.40707837,52.48971484],[13.406440422092658,52.48988071165565],[13.40644039,52.48988072],[13.40652446,52.48999794],[13.40778005,52.49174953]]]},"properties":{"schluessel":"ES0203","bezirk":"Friedrichshain-Kreuzberg","gebietsname":"Urbanhafen / Südstern","f_gvbl_dat":"10.02.2011","f_in_kraft":"11.02.2011","ae_gvbldat":null,"ae_inkraft":null,"fl_in_ha":"48.5"},"id":"erhaltgeb_es.ES0203"},
{"type":"Feature","geometry":{"type":"MultiPolygon","coordinates":[[[[13.408077237065509,52.4891522599434],[13.40847383,52.48910053],[13.40848499,52.48913274],[13.4088538,52.48905097],[13.41432931,52.48833622],[13.415814,52.49026586],[13.41724692,52.49010731],[13.4172857,52.49020738],[13.41755597,52.49018253],[13.41760573,52.49040921],[13.41829837,52.49021548],[13.41818086,52.48994816],[13.4187377,52.48990188],[13.41856904,52.4877831],[13.42059746,52.48751799],[13.42063326,52.48764143],[13.42082346,52.4876177],[13.42328661,52.48689648],[13.42336213,52.48839449],[13.42362709,52.48865092],[13.42471637,52.48823051],[13.42476917,52.48826042],[13.42027397,52.49548305],[13.41990818,52.49590047],[13.41923817,52.49594567],[13.41845485,52.49588489],[13.41792403,52.4957656],[13.41711613,52.49545459],[13.416704,52.49533424],[13.41634137,52.49526853],[13.4157167,52.49519526],[13.41532573,52.49514621],[13.415324080439984,52.49514575350835],[13.415023375865685,52.49506253790782],[13.414682209912618,52.49502896133971],[13.41453561,52.49501532],[13.41451602805978,52.495014324673726],[13.41431103,52.49500762],[13.414282137642568,52.49500842220966],[13.41372817,52.49503304],[13.41361502,52.49503628],[13.41345158,52.49502933],[13.413424797126822,52.49502577680293],[13.4127304754413,52.49493366339303],[13.41121726,52.49473291],[13.411213974907632,52.49473197965398],[13.41108361,52.49469506],[13.41096657,52.49465253],[13.41085577,52.49460086],[13.41063443,52.49436364],[13.4106369,52.49416853],[13.41082913,52.49403477],[13.41351783,52.49336557],[13.41343643,52.49325517],[13.413202952835348,52.49294387146677],[13.41272128,52.49230165],[13.412580203500514,52.49211072834762],[13.41250184,52.49200589],[13.41216438,52.49209741],[13.411309273514213,52.492335570267876],[13.40980773,52.49275433],[13.40868219,52.49300691],[13.408678752984457,52.493002119861856],[13.40857599,52.4928589],[13.40778005,52.49174953],[13.40652446,52.48999794],[13.40644039,52.48988072],[13.406440422092658,52.48988071165565],[13.40707837,52.48971484],[13.40761876,52.48957433],[13.40824702,52.48941096],[13.40807302,52.48915281],[13.408077237065509,52.4891522599434]]],[[[13.40693006,52.4886365],[13.40682481,52.48804391],[13.4067304,52.48764042],[13.40708308,52.48761717],[13.40700634,52.48632781],[13.40658981,52.4863433],[13.40655365,52.48600812],[13.40703648,52.48618948],[13.40806689,52.48714576],[13.40737629,52.48863041],[13.40693006,52.4886365]]]]},"properties":{"schluessel":"ES0204","bezirk":"Friedrichshain-Kreuzberg","gebietsname":"Graefestraße","f_gvbl_dat":"18.03.2022","f_in_kraft":"19.03.2022","ae_gvbldat":null,"ae_inkraft":null,"fl_in_ha":"67.3"},"id":"erhaltgeb_es.ES0204"},
{"type":"Feature","geometry":{"type":"Polygon","coordinates":[[[13.41760145,52.50417016],[13.41508239,52.50487008],[13.41361171,52.50311754],[13.41312328,52.50251781],[13.41433049,52.50164807],[13.41372231,52.50133302],[13.41354294,52.50108607],[13.41276516,52.50129675],[13.41231857,52.50072891],[13.41322354,52.50046233],[13.41290758,52.50005864],[13.41268626,52.49989743],[13.4121107,52.49979673],[13.41196532,52.49983583],[13.41178057,52.49961316],[13.41133691,52.49973143],[13.41098413,52.49923096],[13.41175359,52.49902675],[13.41179687,52.49848069],[13.41062434,52.49842182],[13.41064942,52.49801304],[13.41078405,52.49704266],[13.41082181,52.49693515],[13.4110124,52.49675435],[13.41060213,52.49619039],[13.41017474,52.49611423],[13.41006053,52.49593948],[13.4116097,52.49564304],[13.41230377,52.49550981],[13.41241397,52.49572368],[13.41335015,52.49559605],[13.41384934,52.49556226],[13.41463175,52.49555107],[13.41511059,52.49558518],[13.41511814,52.49558556],[13.41538865,52.49559924],[13.415409560996501,52.49560029010758],[13.41542751158244,52.49553291458082],[13.41545496,52.49542989],[13.41621114,52.49549988],[13.41683139,52.49563498],[13.41788325,52.49601113],[13.41826128,52.49609088],[13.41879227,52.49614474],[13.41956403,52.49618986],[13.41953818,52.49633866],[13.42025193,52.49640163],[13.42294588,52.49583673],[13.42317721,52.49577592],[13.42855044,52.49401007],[13.43141444,52.49309814],[13.437366,52.49120851],[13.43740332,52.49111386],[13.43794608,52.49090661],[13.438281,52.49090986],[13.43863457,52.49101297],[13.43901589,52.49101514],[13.43983743,52.49121118],[13.44049249,52.49144047],[13.44074745,52.4916092],[13.44290758,52.4934833],[13.4430886,52.49368156],[13.44308385,52.49383099],[13.44566266,52.49582197],[13.44572102,52.49579289],[13.44615914,52.49594079],[13.44818386,52.49749112],[13.44853906,52.49761157],[13.45033283,52.49905315],[13.45018897,52.49919763],[13.44963757,52.49948149],[13.44899073,52.49969757],[13.44891014,52.49964063],[13.44844445,52.49987535],[13.44782022,52.50007504],[13.44594933,52.49880429],[13.44531695,52.49916277],[13.44661662,52.50048442],[13.44597321,52.50074126],[13.4451558,52.5011329],[13.44420597,52.50130474],[13.44131046,52.50270286],[13.44013892,52.50187491],[13.43769331,52.503137],[13.43716863,52.50338606],[13.43464491,52.50446556],[13.4346437,52.50452847],[13.43180335,52.5057437],[13.43193629,52.50592867],[13.42842966,52.5074241],[13.42825103,52.50717018],[13.42724638,52.50573209],[13.42720031,52.5056661],[13.42670958,52.50579926],[13.42582161,52.50542527],[13.42495133,52.50518052],[13.42398093,52.50503004],[13.42309828,52.50498137],[13.42291536,52.50498121],[13.42181098,52.50504264],[13.4211323,52.50517551],[13.41985123,52.50553484],[13.41943091,52.50564915],[13.4191203,52.50521916],[13.41894327,52.50506058],[13.41851875,52.50498713],[13.41821334,52.50501797],[13.418213330985834,52.505017957286235],[13.41809607,52.50485257],[13.41760145,52.50417016]]]},"properties":{"schluessel":"ES0205","bezirk":"Friedrichshain-Kreuzberg","gebietsname":"Luisenstadt","f_gvbl_dat":"29.07.2023","f_in_kraft":"30.07.2023","ae_gvbldat":null,"ae_inkraft":null,"fl_in_ha":"268.8"},"id":"erhaltgeb_es.ES0205"},
{"type":"Feature","geometry":{"type":"Polygon","coordinates":[[[13.45063074,52.51562964],[13.45057503,52.51567322],[13.450619241060227,52.51583718],[13.45063556,52.51589771],[13.45016083,52.51596207],[13.44606107,52.5163847],[13.44185775,52.51681048],[13.44171233,52.51681546],[13.44158225,52.51632846],[13.44151416,52.51633572],[13.44146135,52.51614324],[13.44162476,52.51606199],[13.44198711,52.51617201],[13.44221008,52.51589876],[13.44146667,52.51569114],[13.44049579,52.51578622],[13.44033811,52.51573169],[13.43987203,52.51403241],[13.43989495,52.51397574],[13.44272172,52.51233096],[13.44312543,52.51215959],[13.44301843,52.51192874],[13.44292753,52.51196769],[13.44223731,52.51154766],[13.44235544,52.51130026],[13.44275975,52.51105475],[13.44312069,52.51078859],[13.44349868,52.51056532],[13.44408744,52.51108485],[13.44360067,52.51129177],[13.44394468,52.51159237],[13.44441691,52.51137562],[13.44474304,52.51144563],[13.44524469,52.51144452],[13.44559006,52.51148335],[13.44608038,52.51149325],[13.44614515,52.51155392],[13.44598661,52.51174898],[13.4480476,52.51232846],[13.44741029,52.51317261],[13.44781851,52.51335201],[13.44976192,52.51302989],[13.44998726,52.51351343],[13.449986147235906,52.51351362603098],[13.4494671,52.51360425],[13.449452489380503,52.51360680835745],[13.449431531034351,52.51355123896565],[13.44942363,52.51353028],[13.449423626394685,52.51353028039291],[13.44895015,52.51358188],[13.4482977,52.51385463],[13.44818446,52.51390205],[13.45000898,52.51561257],[13.45039089888565,52.515580720092935],[13.45063074,52.51562964]]]},"properties":{"schluessel":"ES0206","bezirk":"Friedrichshain-Kreuzberg","gebietsname":"Weberwiese","f_gvbl_dat":"18.03.2022","f_in_kraft":"19.03.2022","ae_gvbldat":null,"ae_inkraft":null,"fl_in_ha":"28.7"},"id":"erhaltgeb_es.ES0206"},
{"type":"Feature","geometry":{"type":"Polygon","coordinates":[[[13.42615123242778,52.51806863349754],[13.42615123,52.51806863],[13.42633156,52.51803245],[13.42633857,52.51804522],[13.42675409,52.5179592],[13.42637049,52.51731197],[13.42563538,52.51600501],[13.42592428,52.51591163],[13.431942,52.51515238],[13.43545877,52.51471308],[13.43617324,52.51548748],[13.43969059,52.51398025],[13.44054981,52.51712205],[13.44278103,52.51689281],[13.45069091,52.51609649],[13.45063556,52.5158977],[13.450619241060227,52.51583718],[13.45057503,52.51567322],[13.45063074,52.51562964],[13.45039089888565,52.515580720092935],[13.45000898,52.51561257],[13.44818446,52.51390205],[13.4482977,52.51385463],[13.44895015,52.51358188],[13.449423626394685,52.51353028039291],[13.44942363,52.51353028],[13.449431531034351,52.51355123896565],[13.449452489380503,52.51360680835745],[13.4494671,52.51360425],[13.449986147235906,52.51351362603098],[13.44998727,52.51351343],[13.45013079,52.51348837],[13.44985512,52.5129077],[13.45330775,52.51232485],[13.45345727,52.51266724],[13.45346884,52.51283564],[13.45412914,52.51275109],[13.45452035,52.51329689],[13.45383275,52.5134581],[13.45394127,52.5136043],[13.45377494,52.51363979],[13.45401089,52.5140134],[13.45485226,52.51377435],[13.45777893,52.51277818],[13.45988172,52.51484337],[13.46044618,52.51463689],[13.46052747,52.51472067],[13.46159528,52.51439253],[13.46151733,52.51428181],[13.46187038,52.51419367],[13.46231843,52.51485221],[13.46077108,52.51500385],[13.46130753,52.5155486],[13.4614933,52.51566621],[13.46119865,52.51576932],[13.46117508,52.51584454],[13.46099203,52.51566935],[13.46089089,52.51572363],[13.46045628,52.51580487],[13.46110976,52.51710126],[13.4571081,52.51781726],[13.45830119,52.51979171],[13.45744803,52.51998134],[13.45751485,52.51969962],[13.45671524,52.51963353],[13.45670438,52.51968587],[13.45621196,52.5198127],[13.45612899,52.51968781],[13.45550409,52.5198407],[13.45536263,52.51957513],[13.45435984,52.51926852],[13.45430194,52.51933474],[13.45377153,52.51947716],[13.45371293,52.51939766],[13.45319793,52.51953556],[13.45246102,52.51935176],[13.45243886,52.51938387],[13.45162023,52.51917628],[13.45181805,52.51888586],[13.45142203,52.51878508],[13.45144218,52.51875528],[13.45087658,52.51861185],[13.45085277,52.51864671],[13.44975048,52.51841733],[13.44973171,52.51844304],[13.44887372,52.51821505],[13.44638769,52.52163893],[13.44549983,52.52139488],[13.44571326,52.52112072],[13.44411446,52.51963527],[13.44409007,52.51964435],[13.44362137,52.51923438],[13.44366085,52.51921536],[13.44250172,52.51814235],[13.44117374,52.51842088],[13.44079358,52.51866465],[13.44026745,52.51839375],[13.43707937,52.51904227],[13.43395104,52.51969259],[13.43337771,52.51985343],[13.43410584,52.52051092],[13.43351485,52.52075416],[13.4335735,52.52080859],[13.43190631,52.52145263],[13.43347793,52.52297646],[13.43304109,52.52325277],[13.42977727,52.52324093],[13.42964046,52.52164626],[13.42957604,52.52113325],[13.42879905,52.51947854],[13.42840138,52.51958592],[13.42749765,52.51960652],[13.4274297,52.51961224],[13.42741052,52.51961522],[13.42739159,52.51961874],[13.42737297,52.51962282],[13.427355477688305,52.51962726946356],[13.42735465,52.51962748],[13.42691657,52.51974411],[13.426916551197838,52.519744084357306],[13.426902668322985,52.51972515067081],[13.42688114,52.51969579],[13.42672917,52.51948812],[13.426605191418933,52.51931868286366],[13.42656886,52.51926903],[13.42652962,52.51921541],[13.42619055,52.51875203],[13.42592688,52.51839176],[13.42630537,52.51828906],[13.426305334932588,52.51828901032521],[13.42624036,52.51819697],[13.42618972,52.51812408],[13.42615123242778,52.51806863349754]]]},"properties":{"schluessel":"ES0207","bezirk":"Friedrichshain-Kreuzberg","gebietsname":"Karl-Marx-Allee/Frankfurter Allee (ehemals Stalinallee) und deren flankierende Bereiche","f_gvbl_dat":"27.02.2021","f_in_kraft":"28.02.2021","ae_gvbldat":null,"ae_inkraft":null,"fl_in_ha":"121.8"},"id":"erhaltgeb_es.ES0207"},
{"type":"Feature","geometry":{"type":"Polygon","coordinates":[[[13.38265504,52.50447879],[13.3822726,52.5044022],[13.37782286,52.5078768],[13.37670834,52.50595839],[13.37613611,52.50486514],[13.37573823,52.50418205],[13.37571435,52.50406436],[13.37581414,52.50391659],[13.37595558,52.50384678],[13.37681244,52.5035772],[13.3777604,52.50321443],[13.37848302,52.50280493],[13.37909102,52.5025084],[13.3793925,52.50227067],[13.38018505,52.50206078],[13.38027185,52.50218102],[13.38048265,52.50216425],[13.38149764,52.5036618],[13.38285959,52.50427433],[13.38621917,52.50162696],[13.38686874,52.50111923],[13.38843502,52.5014249],[13.38869731,52.50167202],[13.38914248,52.50082404],[13.38949566,52.5008943],[13.39158366,52.5009958],[13.39434713,52.50116521],[13.39471999,52.50109391],[13.39683198,52.50131228],[13.3974112,52.50116207],[13.39757405,52.50146983],[13.39940455,52.50482883],[13.40138721,52.50609257],[13.40135891,52.50611049],[13.39842938,52.50692208],[13.39835172,52.50690405],[13.39724192,52.50539117],[13.39650166,52.50433291],[13.39565286,52.50457713],[13.39493146,52.50453457],[13.39278128,52.50431264],[13.39220009,52.5077086],[13.39212448,52.50769787],[13.38581485,52.50733211],[13.38687104,52.50529614],[13.38265504,52.50447879]]]},"properties":{"schluessel":"ES0208","bezirk":"Friedrichshain-Kreuzberg","gebietsname":"IBA 87 - Südliche Friedrichstadt","f_gvbl_dat":"18.03.2022","f_in_kraft":"19.03.2022","ae_gvbldat":null,"ae_inkraft":null,"fl_in_ha":"69.4"},"id":"erhaltgeb_es.ES0208"},
{"type":"Feature","geometry":{"type":"Polygon","coordinates":[[[13.43337542,52.55156909],[13.43391183,52.55228151],[13.43414998,52.55221163],[13.43444203,52.55259595],[13.43478646,52.55249468],[13.43513334,52.55291966],[13.43627145,52.55256682],[13.43629714,52.55259717],[13.4368156,52.55242864],[13.43843816,52.55427255],[13.43830009,52.55431294],[13.43882748,52.55491872],[13.43892685,52.55519681],[13.43862026,52.55536706],[13.43855597,52.5556041],[13.43288229,52.55714363],[13.43267539,52.55725242],[13.43241442,52.55729457],[13.43093799,52.55616671],[13.43061936,52.55621593],[13.4294372,52.55632319],[13.42896702,52.55619983],[13.42936488,52.55464331],[13.42972858,52.55326514],[13.43011329,52.55184806],[13.43007136,52.55175563],[13.43073289,52.55156334],[13.43213154,52.55120757],[13.43290061,52.55109397],[13.43327657,52.5515966],[13.43337542,52.55156909]]]},"properties":{"schluessel":"ES0301","bezirk":"Pankow","gebietsname":"Weißenseer Spitze","f_gvbl_dat":"16.11.1996","f_in_kraft":"17.11.1996","ae_gvbldat":null,"ae_inkraft":null,"fl_in_ha":"28.9"},"id":"erhaltgeb_es.ES0301"},
{"type":"Feature","geometry":{"type":"Polygon","coordinates":[[[13.46352987,52.54782983],[13.46469642,52.54808653],[13.46477714,52.54818004],[13.46681551,52.54862587],[13.46666324,52.5490477],[13.46669753,52.54905595],[13.46607459,52.55071583],[13.46597817,52.55101544],[13.4657894,52.55129681],[13.4655013,52.55164608],[13.46528954,52.55169388],[13.46501654,52.55191799],[13.46386,52.55139451],[13.46323019,52.55117151],[13.46265686,52.55101028],[13.46193696,52.55084436],[13.4621685,52.55131416],[13.46152619,52.55140272],[13.46154365,52.55150144],[13.46043347,52.55164227],[13.46059024,52.55195294],[13.45969813,52.55206462],[13.45946288,52.55151854],[13.45761345,52.55181104],[13.45746012,52.55155455],[13.45595406,52.55200849],[13.45534334,52.55124538],[13.45093753,52.55243794],[13.45136451,52.5530397],[13.44984369,52.55418687],[13.44943006,52.5539782],[13.44959444,52.55385324],[13.44923929,52.55367656],[13.44937695,52.55357207],[13.44920498,52.55350202],[13.44906586,52.55321064],[13.44891508,52.55323738],[13.44865053,52.55318618],[13.44848786,52.55309783],[13.4483765,52.55294619],[13.44795625,52.5530603],[13.44739091,52.55233755],[13.44808594,52.55210674],[13.44774314,52.55173351],[13.4464431,52.55211488],[13.44588204,52.55144002],[13.44709084,52.55102475],[13.44548016,52.54927972],[13.44438827,52.54808771],[13.4470109,52.54717016],[13.4480318,52.54680756],[13.45124665,52.54549263],[13.45311756,52.54477009],[13.45359713,52.54452963],[13.45448127,52.54483196],[13.45476234,52.54453715],[13.45507223,52.54464054],[13.45562057,52.54404445],[13.45809881,52.54569287],[13.46017796,52.5470863],[13.45994786,52.54748714],[13.46073028,52.54765601],[13.46042038,52.54819666],[13.46298747,52.54875636],[13.46352987,52.54782983]]]},"properties":{"schluessel":"ES0302","bezirk":"Pankow","gebietsname":"Weißensee Süd","f_gvbl_dat":"16.11.1996","f_in_kraft":"17.11.1996","ae_gvbldat":null,"ae_inkraft":null,"fl_in_ha":"85.1"},"id":"erhaltgeb_es.ES0302"},
{"type":"Feature","geometry":{"type":"Polygon","coordinates":[[[13.3910264,52.61681863],[13.3917797,52.61696136],[13.39236439,52.61650292],[13.39469261,52.61514118],[13.39443263,52.61593872],[13.39542245,52.61595248],[13.39552875,52.61599284],[13.39506968,52.61744466],[13.39515775,52.61765546],[13.39553067,52.61773889],[13.39664709,52.61805365],[13.39712577,52.61822552],[13.39775266,52.61852289],[13.39832585,52.6188609],[13.39911203,52.61936935],[13.39880475,52.61970092],[13.3992506,52.61985652],[13.40057452,52.62036288],[13.40030375,52.6206545],[13.40135289,52.62087321],[13.40162483,52.62141814],[13.40184278,52.62178901],[13.4019167,52.62211198],[13.40132908,52.62272842],[13.40096949,52.62300718],[13.40031092,52.62369412],[13.3987981,52.62336046],[13.39869464,52.62297906],[13.39863743,52.62289993],[13.39664313,52.62199258],[13.3949211,52.62119203],[13.39438644,52.62096295],[13.39379481,52.62078852],[13.39211485,52.62041491],[13.39054408,52.62012617],[13.3902428,52.6200024],[13.39013674,52.62002274],[13.38953363,52.62074855],[13.38941916,52.62079264],[13.38801221,52.6204184],[13.38518491,52.61974243],[13.38508587,52.61955374],[13.38544028,52.61901478],[13.38453653,52.61877079],[13.38444823,52.61851245],[13.38486166,52.61801655],[13.38117945,52.61748714],[13.38145895,52.61685503],[13.38270807,52.61703846],[13.38298172,52.6163942],[13.38439096,52.61659037],[13.38586645,52.61598819],[13.38610974,52.6159548],[13.38797383,52.61629237],[13.38880207,52.61640877],[13.38920475,52.61649053],[13.3910264,52.61681863]]]},"properties":{"schluessel":"ES0303","bezirk":"Pankow","gebietsname":"Dorf Blankenfelde","f_gvbl_dat":"25.02.1998","f_in_kraft":"26.02.1998","ae_gvbldat":null,"ae_inkraft":null,"fl_in_ha":"52.1"},"id":"erhaltgeb_es.ES0303"},
{"type":"Feature","geometry":{"type":"Polygon","coordinates":[[[13.47233468,52.5732992],[13.47220814,52.57354056],[13.47192535,52.57348571],[13.47163323,52.57401643],[13.46772911,52.57325553],[13.46630127,52.57296729],[13.46562153,52.57284027],[13.46530587,52.57341172],[13.46424808,52.5732045],[13.46283013,52.57294583],[13.4627785,52.57304301],[13.45835026,52.57212264],[13.45850163,52.57014687],[13.45953244,52.56965417],[13.45976196,52.56948041],[13.46049778,52.56842486],[13.46075888,52.56765853],[13.46292342,52.56739665],[13.46478949,52.56717728],[13.466509,52.56732828],[13.47072667,52.56768945],[13.47066225,52.56796429],[13.47186257,52.56806602],[13.47331683,52.57110633],[13.47278324,52.57214514],[13.47274582,52.57229722],[13.47255222,52.57270351],[13.47263827,52.57272015],[13.47233468,52.5732992]]]},"properties":{"schluessel":"ES0304","bezirk":"Pankow","gebietsname":"Stadtrandsiedlung Malchow","f_gvbl_dat":"29.07.1998","f_in_kraft":"30.07.1998","ae_gvbldat":null,"ae_inkraft":null,"fl_in_ha":"56.9"},"id":"erhaltgeb_es.ES0304"},
{"type":"Feature","geometry":{"type":"MultiPolygon","coordinates":[[[[13.49424793,52.62170048],[13.493759,52.62202895],[13.49309064,52.62215527],[13.49226104,52.62208632],[13.49032005,52.62009884],[13.48952756,52.61914936],[13.49056172,52.61871403],[13.49376654,52.61734633],[13.49706039,52.61825809],[13.49838423,52.61863353],[13.49940213,52.61834096],[13.50031487,52.61850856],[13.50054039,52.61860016],[13.50088171,52.61859771],[13.50196644,52.61865921],[13.50279178,52.6188178],[13.50331337,52.61899257],[13.50351346,52.6191677],[13.50370149,52.61926124],[13.50395318,52.61979706],[13.50295234,52.61998349],[13.50179127,52.62022432],[13.50087506,52.62044183],[13.4996786,52.62075334],[13.49664649,52.62158204],[13.49543039,52.62185983],[13.49483005,52.6213553],[13.49424793,52.62170048]]],[[[13.49786981,52.61745057],[13.49524597,52.61672029],[13.50065199,52.61442015],[13.50095402,52.61506098],[13.50121044,52.61555653],[13.5018474,52.61666815],[13.50225894,52.617329],[13.50035583,52.61814033],[13.49786981,52.61745057]]]]},"properties":{"schluessel":"ES0305","bezirk":"Pankow","gebietsname":"Stadtrandsiedlung Karow / Am Kappgraben","f_gvbl_dat":"29.07.1998","f_in_kraft":"30.07.1998","ae_gvbldat":null,"ae_inkraft":null,"fl_in_ha":"38.7"},"id":"erhaltgeb_es.ES0305"},
{"type":"Feature","geometry":{"type":"Polygon","coordinates":[[[13.40685032933884,52.53586537928494],[13.40688213,52.53579195],[13.40691755,52.53571016],[13.40748617,52.53468984],[13.40834987,52.53434796],[13.40642425,52.5323485],[13.40636755,52.53208531],[13.40599106,52.53078071],[13.40608642,52.53060514],[13.40592837,52.53038066],[13.40558574,52.52966503],[13.40818918,52.52922756],[13.40958446,52.528913],[13.41037009,52.52994421],[13.41090603,52.53041913],[13.41199661,52.53120118],[13.41219885,52.53143986],[13.41236217,52.53199623],[13.412545,52.53251537],[13.41265373,52.53272732],[13.41279773,52.53314981],[13.41284461,52.53351835],[13.41246645,52.53535223],[13.41236672,52.53632607],[13.41220969,52.5384207],[13.412153,52.54102584],[13.40833555,52.54135803],[13.40449279,52.54063169],[13.40470455,52.54018775],[13.4047959,52.53999626],[13.40487007,52.53984074],[13.40494638,52.53968075],[13.40502266,52.53952081],[13.40510074,52.5393571],[13.40517798,52.53919517],[13.4053572,52.5388368],[13.40551878,52.53851374],[13.40588517,52.537797],[13.40614333,52.53728392],[13.4065318,52.53652445],[13.4065916,52.53640752],[13.40669192,52.53621137],[13.40678234,52.53602237],[13.40685033,52.53586538],[13.40685032933884,52.53586537928494]]]},"properties":{"schluessel":"ES0306","bezirk":"Pankow","gebietsname":"Teutoburger Platz","f_gvbl_dat":"11.04.2007","f_in_kraft":"12.04.2007","ae_gvbldat":null,"ae_inkraft":null,"fl_in_ha":"52.7"},"id":"erhaltgeb_es.ES0306"},
{"type":"Feature","geometry":{"type":"Polygon","coordinates":[[[13.443134,52.5475847],[13.44176294,52.54811909],[13.44162752,52.54815468],[13.4425461,52.54913521],[13.44109308,52.54959112],[13.4407006,52.54917156],[13.43941936,52.54952056],[13.43783914,52.54994013],[13.43531646,52.55059822],[13.43438138,52.54953768],[13.43011814,52.55121536],[13.42973257,52.55036081],[13.42971023,52.55026303],[13.42895573,52.54860048],[13.42863955,52.54787549],[13.43056455,52.54720778],[13.42969958,52.54590565],[13.4305473,52.54553278],[13.42978218,52.54474903],[13.43198764,52.54379164],[13.43486128,52.54271489],[13.43823513,52.54144543],[13.43894099,52.54119512],[13.43945411,52.54163181],[13.4389716,52.54183825],[13.43864936,52.54244418],[13.43724253,52.54297039],[13.43767796,52.5433794],[13.43696585,52.54364893],[13.43682822,52.54390985],[13.4361524,52.54414446],[13.4374182,52.54546292],[13.43827535,52.54513124],[13.43860919,52.54548883],[13.4400253,52.54494678],[13.44042861,52.54534445],[13.44069983,52.54524342],[13.44136224,52.54586894],[13.44166475,52.54575201],[13.44184743,52.5459244],[13.44282217,52.54553955],[13.44256641,52.54528526],[13.44332179,52.54481663],[13.44362415,52.54499526],[13.44468641,52.54548126],[13.44202469,52.54652917],[13.443134,52.5475847]]]},"properties":{"schluessel":"ES0307","bezirk":"Pankow","gebietsname":"Ostseestraße / Grellstraße","f_gvbl_dat":"08.10.2003","f_in_kraft":"09.10.2003","ae_gvbldat":null,"ae_inkraft":null,"fl_in_ha":"58.8"},"id":"erhaltgeb_es.ES0307"},
{"type":"Feature","geometry":{"type":"Polygon","coordinates":[[[13.41438877,52.55264407],[13.41429696,52.5522121],[13.41403215,52.55076251],[13.41384058,52.54960003],[13.41350127,52.54769081],[13.41519117,52.54755837],[13.41552846,52.54749364],[13.41818912,52.54656568],[13.42282605,52.54454296],[13.426411,52.5429955],[13.42714056,52.54423638],[13.4276245,52.54554953],[13.42806023,52.54669476],[13.43014588,52.55127821],[13.42720021,52.55243497],[13.42392833,52.55281731],[13.41979087,52.55327062],[13.41835562,52.55343175],[13.41464261,52.55383834],[13.41438877,52.55264407]]]},"properties":{"schluessel":"ES0308","bezirk":"Pankow","gebietsname":"Humannplatz","f_gvbl_dat":"30.09.2009","f_in_kraft":"01.10.2009","ae_gvbldat":null,"ae_inkraft":null,"fl_in_ha":"85.0"},"id":"erhaltgeb_es.ES0308"},
{"type":"Feature","geometry":{"type":"Polygon","coordinates":[[[13.29371484,52.471768],[13.2937967,52.47173242],[13.29455366,52.47189306],[13.29434351,52.47224346],[13.29413555,52.4722048],[13.29418513,52.47255787],[13.29388648,52.47259549],[13.29364832,52.47267454],[13.2933497,52.47233963],[13.29371484,52.471768]]]},"properties":{"schluessel":"ES0401","bezirk":"Charlottenburg-Wilmersdorf","gebietsname":"Schmargendorf","f_gvbl_dat":"28.10.1989","f_in_kraft":"29.10.1989","ae_gvbldat":null,"ae_inkraft":null,"fl_in_ha":"0.4"},"id":"erhaltgeb_es.ES0401"},
{"type":"Feature","geometry":{"type":"Polygon","coordinates":[[[13.30041441,52.51658067],[13.30050159,52.51658658],[13.300501590433676,52.51658657746395],[13.30090953,52.51661422],[13.30101723,52.51662152],[13.30172156,52.5166692],[13.30189945,52.5155355],[13.30184328,52.51553263],[13.30191506,52.51502562],[13.30182043,52.51502291],[13.30185095,52.51484022],[13.30194931,52.51484655],[13.30197707,52.51465911],[13.30220559,52.51467057],[13.30222414,52.514552],[13.30175417,52.51452142],[13.30178524,52.51432317],[13.30200908,52.51433741],[13.30206483,52.513992],[13.30224806,52.51400434],[13.30233305,52.51353319],[13.30297062,52.51352767],[13.30283604,52.51439075],[13.30390354,52.51444378],[13.30384746,52.51426743],[13.30388382,52.51398735],[13.30402893,52.51399496],[13.30402574,52.51368576],[13.30479207,52.5137187],[13.30478162,52.51381001],[13.30593235,52.51385888],[13.30592646,52.51390982],[13.30671367,52.51393821],[13.3064894,52.5156153],[13.30632755,52.51698084],[13.30576636,52.5172407],[13.30563333,52.51749784],[13.30556201,52.51746071],[13.30463029,52.51741853],[13.30458919,52.51776523],[13.30405847,52.51774563],[13.30406396,52.51766638],[13.30316969,52.51769773],[13.3031479,52.51792385],[13.30275121,52.5179088],[13.30270435,52.51818494],[13.30242733,52.51816399],[13.302399,52.51833839],[13.30160677,52.51829059],[13.30167918,52.51784669],[13.30186617,52.51775483],[13.30146527,52.51745113],[13.30077184,52.51748347],[13.3002674,52.51744952],[13.30024502,52.51761091],[13.30010767,52.51786222],[13.29968336,52.51845563],[13.2994792,52.51888967],[13.29940262,52.51933597],[13.2979849,52.51924906],[13.29796491,52.51936699],[13.29675334,52.51929589],[13.29659956,52.51929524],[13.29660097,52.51928666],[13.29650528,52.51928087],[13.296358831623863,52.51927185258605],[13.29646729,52.51856397],[13.29691096,52.51581148],[13.29832592,52.51589988],[13.29833976,52.51581005],[13.29924827,52.51533723],[13.29974807,52.51569847],[13.29940097,52.51587806],[13.29943164,52.51634518],[13.2998153,52.51636932],[13.29977266,52.51663881],[13.30000915,52.51672826],[13.30038513,52.51675265],[13.30041441,52.51658067]]]},"properties":{"schluessel":"ES0402","bezirk":"Charlottenburg-Wilmersdorf","gebietsname":"Alt-Charlottenburg","f_gvbl_dat":"05.07.1990","f_in_kraft":"06.07.1990","ae_gvbldat":null,"ae_inkraft":null,"fl_in_ha":"22.9"},"id":"erhaltgeb_es.ES0402"},
{"type":"Feature","geometry":{"type":"Polygon","coordinates":[[[13.296358831623863,52.51927185258605],[13.29635073,52.51932473],[13.29214419,52.51907446],[13.29158295,52.51903153],[13.28675781,52.51873807],[13.28706281,52.51769304],[13.28924127,52.51062004],[13.29608369,52.51104445],[13.29756448,52.51113402],[13.30005622,52.51130717],[13.3013697,52.51139237],[13.30062656,52.51585578],[13.300501590433676,52.51658657746395],[13.30050159,52.51658658],[13.30041441,52.51658067],[13.30038513,52.51675265],[13.30000915,52.51672826],[13.29977266,52.51663881],[13.2998153,52.51636932],[13.29943164,52.51634518],[13.29940097,52.51587806],[13.29974807,52.51569847],[13.29924827,52.51533723],[13.29833976,52.51581005],[13.29832592,52.51589988],[13.29691096,52.51581148],[13.29646729,52.51856397],[13.296358831623863,52.51927185258605]]]},"properties":{"schluessel":"ES0403","bezirk":"Charlottenburg-Wilmersdorf","gebietsname":"Klausenerplatz","f_gvbl_dat":"31.07.1996","f_in_kraft":"01.08.1996","ae_gvbldat":null,"ae_inkraft":null,"fl_in_ha":"69.6"},"id":"erhaltgeb_es.ES0403"},
{"type":"Feature","geometry":{"type":"Polygon","coordinates":[[[13.32696911,52.50071012],[13.32782773,52.50065692],[13.32784262,52.50074083],[13.3286664,52.50069319],[13.32889817,52.50222451],[13.3309106,52.50212472],[13.331032,52.50283571],[13.33141847,52.5028183],[13.33155688,52.5028585],[13.33187441,52.50273182],[13.33247096,52.50328031],[13.3326065,52.50335075],[13.33364211,52.50357361],[13.33367425,52.50351629],[13.33427536,52.50327681],[13.33502707,52.50399115],[13.33500273,52.50420271],[13.33469305,52.50427598],[13.33405918,52.50413969],[13.33355811,52.50500086],[13.33334026,52.50504699],[13.33179615,52.50513345],[13.33121377,52.50514645],[13.32995572,52.50521643],[13.32917255,52.50493292],[13.3282753,52.50472272],[13.32755912,52.50462938],[13.32672824,52.50459224],[13.3264531,52.50459873],[13.32355572,52.50476058],[13.32318202,52.50468874],[13.32199988,52.5047562],[13.32201343,52.50484718],[13.32125175,52.50488997],[13.32110878,52.50477916],[13.32069038,52.50480135],[13.32070195,52.5048535],[13.32009978,52.50489373],[13.3197645,52.50488585],[13.31877793,52.50495006],[13.31832084,52.50496522],[13.31650741,52.50506221],[13.31459397,52.50518012],[13.31458659,52.50514181],[13.31392434,52.50517871],[13.31373038,52.50390505],[13.31262618,52.50395911],[13.31261647,52.50389384],[13.31016542,52.50400693],[13.31016257,52.50398566],[13.3094995,52.50400191],[13.30949165,52.50393866],[13.30830943,52.50400875],[13.30835778,52.50419128],[13.308136,52.5041666],[13.30814911,52.50431523],[13.30760255,52.50425172],[13.30763181,52.50415527],[13.30661148,52.50404315],[13.30640898,52.50418218],[13.30625601,52.50412745],[13.30627136,52.50348736],[13.30645237,52.50349024],[13.30645926,52.50323735],[13.30666988,52.50324007],[13.30673014,52.50308144],[13.3067534,52.50243716],[13.30692011,52.50243867],[13.30693227,52.50192934],[13.30667101,52.50192621],[13.30664964,52.50154369],[13.30712781,52.50156453],[13.30783351,52.50148621],[13.30744882,52.50028211],[13.3133643,52.50088494],[13.31340094,52.50008355],[13.31362416,52.49994126],[13.31635983,52.49963283],[13.32079206,52.49988998],[13.32085274,52.50030838],[13.32040682,52.50033296],[13.32050843,52.50097672],[13.32087537,52.50099429],[13.32193443,52.50094003],[13.32198806,52.50130358],[13.32291531,52.50125185],[13.32294249,52.50142875],[13.32415976,52.50161649],[13.32409306,52.5011593],[13.32488893,52.50111509],[13.32488234,52.50107137],[13.32521378,52.50105276],[13.32513731,52.50054549],[13.32582219,52.50051073],[13.32586137,52.50075812],[13.32627173,52.50073554],[13.32625583,52.50062575],[13.32695034,52.50058482],[13.32696911,52.50071012]]]},"properties":{"schluessel":"ES0404","bezirk":"Charlottenburg-Wilmersdorf","gebietsname":"Kurfürstendamm","f_gvbl_dat":"23.12.2000","f_in_kraft":"11.06.2000","ae_gvbldat":null,"ae_inkraft":null,"fl_in_ha":"77.7"},"id":"erhaltgeb_es.ES0404"},
{"type":"Feature","geometry":{"type":"Polygon","coordinates":[[[13.26385724,52.51562587],[13.26372381,52.51533658],[13.26411947,52.51526465],[13.26387283,52.51469936],[13.26466896,52.51454345],[13.26718358,52.51408957],[13.26978341,52.51362816],[13.26935784,52.5127242],[13.27234914,52.51214922],[13.27242659,52.51206084],[13.27230008,52.51179329],[13.2744891,52.51140415],[13.27455464,52.51133147],[13.27448971,52.5111945],[13.27549598,52.51101785],[13.27545523,52.5112856],[13.27486664,52.51137885],[13.27525299,52.51219419],[13.27580015,52.51208896],[13.27591039,52.51232141],[13.27536337,52.51242718],[13.27553675,52.51288699],[13.27685862,52.51566632],[13.27748069,52.51555511],[13.27762703,52.51586342],[13.2775376,52.51587965],[13.27790102,52.5166439],[13.27795628,52.51684698],[13.27746165,52.51693431],[13.27758996,52.517204],[13.27716651,52.51727897],[13.27693904,52.51742963],[13.27696527,52.51748372],[13.27667818,52.51753661],[13.27665461,52.51748109],[13.27532452,52.51772158],[13.27527395,52.51761467],[13.27455272,52.51774418],[13.27444942,52.51752739],[13.27423127,52.51756664],[13.27400726,52.51709463],[13.27248479,52.51737055],[13.2724435,52.5172838],[13.27180279,52.5173996],[13.2716745,52.51712827],[13.2677437,52.51783567],[13.26792266,52.51818882],[13.26776512,52.51821407],[13.26770175,52.51808083],[13.26730003,52.51815314],[13.26719041,52.51793549],[13.26605341,52.51814061],[13.26622144,52.5184959],[13.26497462,52.51872116],[13.26502477,52.51883338],[13.26457061,52.51891601],[13.26326266,52.51606003],[13.26333612,52.51592366],[13.26326805,52.51572907],[13.26385724,52.51562587]]]},"properties":{"schluessel":"ES0405","bezirk":"Charlottenburg-Wilmersdorf","gebietsname":"Westend","f_gvbl_dat":"23.12.2000","f_in_kraft":"24.12.2000","ae_gvbldat":null,"ae_inkraft":null,"fl_in_ha":"46.1"},"id":"erhaltgeb_es.ES0405"},
{"type":"Feature","geometry":{"type":"Polygon","coordinates":[[[13.30708554,52.48911193],[13.30773069,52.48904189],[13.30824334,52.49006458],[13.3082014,52.49011981],[13.30785847,52.49020648],[13.3076428,52.48977259],[13.30726972,52.48984229],[13.30716081,52.48962449],[13.30708554,52.48911193]]]},"properties":{"schluessel":"ES0406","bezirk":"Charlottenburg-Wilmersdorf","gebietsname":"B-Plan IX-153","f_gvbl_dat":"28.10.2000","f_in_kraft":"29.10.2000","ae_gvbldat":null,"ae_inkraft":null,"fl_in_ha":"0.6"},"id":"erhaltgeb_es.ES0406"},
{"type":"Feature","geometry":{"type":"MultiPolygon","coordinates":[[[[13.30550977,52.49557641],[13.30513446,52.49550305],[13.30501044,52.49451577],[13.30507513,52.49448912],[13.30756341,52.49523496],[13.30730728,52.49555415],[13.30712968,52.49589296],[13.30550977,52.49557641]]],[[[13.3068091,52.49403056],[13.30682863,52.494007],[13.30836705,52.49447857],[13.30809043,52.49488196],[13.30785687,52.49517186],[13.30529244,52.49440421],[13.30552726,52.49411429],[13.30649846,52.49440532],[13.3068091,52.49403056]]]]},"properties":{"schluessel":"ES0407","bezirk":"Charlottenburg-Wilmersdorf","gebietsname":"B-Plan IX-B10","f_gvbl_dat":"28.10.2000","f_in_kraft":"29.10.2000","ae_gvbldat":null,"ae_inkraft":null,"fl_in_ha":"2.8"},"id":"erhaltgeb_es.ES0407"},
{"type":"Feature","geometry":{"type":"MultiPolygon","coordinates":[[[[13.30785847,52.49020648],[13.30712228,52.49036284],[13.30660414,52.49045004],[13.30653606,52.49041854],[13.30650232,52.48915752],[13.30708554,52.48911193],[13.30716081,52.48962449],[13.30726972,52.48984229],[13.3076428,52.48977259],[13.30785847,52.49020648]]],[[[13.30758385,52.49131971],[13.30771035,52.4913747],[13.30773789,52.49237157],[13.30721584,52.49252941],[13.30703813,52.49230861],[13.30708312,52.4921639],[13.30707328,52.49179265],[13.30694084,52.49179398],[13.30693437,52.49155458],[13.30721102,52.49142871],[13.30758385,52.49131971]]]]},"properties":{"schluessel":"ES0408","bezirk":"Charlottenburg-Wilmersdorf","gebietsname":"B-Plan IX-B11","f_gvbl_dat":"28.10.2000","f_in_kraft":"29.10.2000","ae_gvbldat":null,"ae_inkraft":null,"fl_in_ha":"1.4"},"id":"erhaltgeb_es.ES0408"},
{"type":"Feature","geometry":{"type":"MultiPolygon","coordinates":[[[[13.31099833,52.48740023],[13.31165106,52.48729497],[13.31189462,52.48779765],[13.31187262,52.48782815],[13.31115093,52.48798521],[13.31043009,52.48820028],[13.30966147,52.48850697],[13.30917273,52.48818909],[13.30872475,52.48857839],[13.30830881,52.48845803],[13.3085688,52.48779201],[13.31099833,52.48740023]]],[[[13.31549459,52.48773205],[13.31551394,52.48826965],[13.31547088,52.48829723],[13.31419516,52.48831865],[13.31414426,52.48828808],[13.31404612,52.48690859],[13.31534501,52.48669928],[13.3154627,52.4867534],[13.31549459,52.48773205]]],[[[13.31218474,52.48792468],[13.31186358,52.48726123],[13.31355357,52.48698784],[13.31367222,52.48704112],[13.31376016,52.48829455],[13.31286157,52.48839542],[13.31244624,52.48846486],[13.31218474,52.48792468]]],[[[13.30901509,52.48987574],[13.30873016,52.48996717],[13.30857321,52.48992566],[13.30808985,52.48895908],[13.30815694,52.48881144],[13.31007845,52.48936828],[13.31009528,52.48943157],[13.30956909,52.48967573],[13.30901509,52.48987574]]],[[[13.31122659,52.48883052],[13.31094922,52.48895628],[13.31003159,52.4885095],[13.31056831,52.48830564],[13.31141496,52.48806909],[13.31192138,52.48796688],[13.31197978,52.48798186],[13.31223847,52.48850838],[13.31168298,52.48866171],[13.31122659,52.48883052]]]]},"properties":{"schluessel":"ES0409","bezirk":"Charlottenburg-Wilmersdorf","gebietsname":"B-Plan IX-B12","f_gvbl_dat":"28.10.2000","f_in_kraft":"29.10.2000","ae_gvbldat":null,"ae_inkraft":null,"fl_in_ha":"6.6"},"id":"erhaltgeb_es.ES0409"},
{"type":"Feature","geometry":{"type":"Polygon","coordinates":[[[13.19916203,52.53455957],[13.1998148,52.53441027],[13.20028916,52.53423478],[13.20063811,52.53418813],[13.20101414,52.53408133],[13.20121521,52.53411787],[13.2020978,52.53391315],[13.20214343,52.53374325],[13.20374058,52.53324751],[13.20470319,52.53293754],[13.20501531,52.53310088],[13.20547432,52.53325726],[13.20619418,52.53328733],[13.20692683,52.53329166],[13.20729607,52.53324975],[13.2069648,52.53368035],[13.20682149,52.5340552],[13.20813228,52.53473661],[13.20884268,52.53462828],[13.20894355,52.53490422],[13.20967407,52.53479412],[13.20978,52.53506031],[13.2092688,52.53513605],[13.20954272,52.53581275],[13.21021928,52.53570877],[13.21028639,52.53587411],[13.21055337,52.536888],[13.2098275,52.53706318],[13.2101999,52.53763666],[13.21059473,52.53806895],[13.21096427,52.53809447],[13.21165626,52.53818171],[13.21181895,52.53823063],[13.21252381,52.53829799],[13.21333861,52.53830791],[13.2135715,52.53825983],[13.21388964,52.53829959],[13.21436073,52.53823186],[13.21466767,52.53855332],[13.21474599,52.53884431],[13.21497418,52.53920694],[13.21530054,52.53931539],[13.21551941,52.53946101],[13.215525,52.53965705],[13.21563088,52.53977128],[13.21544089,52.53973685],[13.21517036,52.53975891],[13.21362469,52.53973255],[13.21326648,52.53968329],[13.21287632,52.53959151],[13.21200791,52.53933477],[13.21094807,52.53899307],[13.2107282,52.53894573],[13.21036193,52.5390708],[13.2102835,52.53922484],[13.21032399,52.53967923],[13.21040002,52.54019623],[13.20972756,52.54045676],[13.20952531,52.54055989],[13.20907455,52.54052827],[13.2087729,52.54034412],[13.20785693,52.54041625],[13.20710074,52.54016572],[13.20704452,52.54024918],[13.20727071,52.54046191],[13.20777272,52.54075657],[13.20788273,52.54098248],[13.20794437,52.54125822],[13.2080439,52.5412699],[13.20806979,52.54159989],[13.2065338,52.54172358],[13.20607488,52.54183977],[13.20582015,52.54157337],[13.20547891,52.54132826],[13.20465118,52.5408298],[13.20440984,52.54060516],[13.20436192,52.54043404],[13.2040072,52.54009788],[13.20342272,52.53979436],[13.20282846,52.53992295],[13.20259689,52.54006302],[13.20233758,52.54037248],[13.2022512,52.54053456],[13.20199906,52.54071312],[13.20154413,52.5409349],[13.2001625,52.53993384],[13.20061872,52.53970123],[13.2008212,52.53984816],[13.20139743,52.53956223],[13.2007787,52.5390749],[13.20051922,52.53878073],[13.2003814,52.53857076],[13.20020023,52.53816635],[13.20010433,52.53778481],[13.20002178,52.53703244],[13.19989848,52.5364681],[13.19963754,52.53649249],[13.19956419,52.5366387],[13.19896282,52.53654117],[13.19854854,52.53507548],[13.19790582,52.53514059],[13.19775185,52.53484382],[13.19916203,52.53455957]]]},"properties":{"schluessel":"ES0502","bezirk":"Spandau","gebietsname":"Altstadt Spandau","f_gvbl_dat":"15.06.2016","f_in_kraft":"16.06.2016","ae_gvbldat":null,"ae_inkraft":null,"fl_in_ha":"57.7"},"id":"erhaltgeb_es.ES0502"},
{"type":"Feature","geometry":{"type":"Polygon","coordinates":[[[13.31499698,52.44318489],[13.31483039,52.44317826],[13.3147781,52.44368025],[13.31434171,52.44366064],[13.31426614,52.4444045],[13.31397434,52.44439255],[13.31380061,52.44457915],[13.31400672,52.44464782],[13.31376872,52.44497337],[13.31415506,52.44507989],[13.31395015,52.44608145],[13.31460334,52.44628457],[13.3141791,52.4468049],[13.3145344,52.44691576],[13.31419656,52.44731754],[13.31438536,52.44737651],[13.31418908,52.44768968],[13.31449215,52.44775899],[13.31417599,52.44827914],[13.3113937,52.44770003],[13.30852668,52.44663323],[13.30845116,52.4467187],[13.30815262,52.446621],[13.30823885,52.44652369],[13.30794421,52.44641384],[13.30749212,52.44693519],[13.30670797,52.44667382],[13.30614101,52.44642834],[13.30784845,52.44494235],[13.30798994,52.44500138],[13.30835796,52.44467626],[13.30783252,52.44401271],[13.30762916,52.44392385],[13.30749162,52.4440414],[13.30637281,52.44355257],[13.30649291,52.44344015],[13.3062354,52.4433306],[13.30631694,52.44325903],[13.30624106,52.44309227],[13.30421324,52.44343853],[13.30300139,52.4445671],[13.30256486,52.44439037],[13.30262549,52.44433397],[13.30192632,52.44406826],[13.30166968,52.44343519],[13.30129547,52.44327867],[13.30086229,52.44367068],[13.30009669,52.4433511],[13.29974339,52.44323321],[13.29984958,52.44313287],[13.29954482,52.44300867],[13.29978223,52.44279342],[13.29928231,52.44259079],[13.29905116,52.44280899],[13.29775449,52.44228746],[13.29734405,52.44265541],[13.29766913,52.44278977],[13.29770941,52.44288735],[13.29725205,52.44331662],[13.29648362,52.44300066],[13.29585365,52.44356405],[13.29565903,52.44378302],[13.29419914,52.44327541],[13.29441863,52.44304335],[13.29465058,52.44312526],[13.2947329,52.44303816],[13.29493053,52.44301183],[13.2953872,52.44259271],[13.29509292,52.44249094],[13.29520222,52.44237363],[13.29238736,52.44138121],[13.29133543,52.43938731],[13.28955056,52.43599058],[13.28841587,52.43539707],[13.28823275,52.43556153],[13.2879108,52.43542268],[13.2880774,52.43531014],[13.28694243,52.43467718],[13.28697136,52.43465764],[13.28642652,52.43435591],[13.28601558,52.43463412],[13.28540316,52.43429386],[13.2855012,52.43403994],[13.28633586,52.43274114],[13.28804836,52.43288795],[13.2886764,52.43291698],[13.29236172,52.43279958],[13.29340304,52.43275526],[13.29509578,52.43266672],[13.3028306,52.43240512],[13.30458936,52.43232762],[13.30468197,52.43331862],[13.30515343,52.43330441],[13.30517206,52.43352875],[13.30541317,52.43352117],[13.30542023,52.43358343],[13.30564713,52.4335762],[13.30568612,52.43402876],[13.3063962,52.43400549],[13.30674544,52.43410568],[13.30747948,52.43348901],[13.30769977,52.43327514],[13.30897401,52.43212627],[13.30931936,52.43184223],[13.30966605,52.43206764],[13.30964711,52.43228956],[13.30937326,52.43238292],[13.30966162,52.43250133],[13.30942614,52.43281116],[13.3094797,52.43283315],[13.3090669,52.43319838],[13.30938588,52.43333253],[13.30963221,52.43311198],[13.30991221,52.43322082],[13.30994808,52.43317937],[13.31127356,52.43414095],[13.31138127,52.43410064],[13.31152508,52.43435749],[13.31184033,52.43461146],[13.3112467,52.43488291],[13.31153195,52.43499349],[13.31129312,52.43522543],[13.31141034,52.43527312],[13.31147849,52.43554695],[13.31163616,52.43582745],[13.31220902,52.4366646],[13.31309411,52.43643702],[13.31343208,52.43681505],[13.31358967,52.43725271],[13.31328479,52.43729973],[13.31335846,52.4374676],[13.31286862,52.43756395],[13.31296509,52.43769959],[13.31390606,52.43751676],[13.31401225,52.43774854],[13.31450096,52.438584],[13.31372454,52.43877506],[13.31445583,52.4397542],[13.31472789,52.44008491],[13.31501353,52.44005547],[13.31547532,52.44059358],[13.31503517,52.4407465],[13.31455329,52.44108383],[13.31437186,52.44116737],[13.31535051,52.44160595],[13.31504042,52.44178552],[13.31463211,52.44174675],[13.31429126,52.44205161],[13.31454218,52.4420624],[13.31448638,52.44260426],[13.31505566,52.44262665],[13.31499698,52.44318489]]]},"properties":{"schluessel":"ES0601","bezirk":"Steglitz-Zehlendorf","gebietsname":"Lichterfelde-West","f_gvbl_dat":"19.11.1991","f_in_kraft":"20.11.1991","ae_gvbldat":null,"ae_inkraft":null,"fl_in_ha":"204.9"},"id":"erhaltgeb_es.ES0601"},
{"type":"Feature","geometry":{"type":"Polygon","coordinates":[[[13.31206529,52.45329205],[13.31353775,52.45388952],[13.31410286,52.45319167],[13.3152843,52.45355696],[13.31743554,52.45420656],[13.31779891,52.45434635],[13.31825226,52.45462162],[13.31866605,52.45508242],[13.31886411,52.45516879],[13.31967597,52.45617039],[13.31971294,52.45615704],[13.32014524,52.45664042],[13.32008942,52.45666255],[13.32028303,52.45685434],[13.3193572,52.45727565],[13.31760379,52.45790216],[13.31574843,52.4585847],[13.31541001,52.45874878],[13.31557626,52.45889987],[13.31592328,52.4592993],[13.31370629,52.4600771],[13.3135374,52.45989375],[13.31306861,52.46001278],[13.31312787,52.4601007],[13.31221905,52.46032666],[13.3122982,52.4604468],[13.31092287,52.46079444],[13.31089416,52.46075068],[13.30994848,52.46098638],[13.30965751,52.46057375],[13.30915624,52.46060193],[13.30919555,52.46042326],[13.30874625,52.46038843],[13.30843089,52.46040753],[13.30838149,52.46009768],[13.30718244,52.4601657],[13.3071327,52.45977947],[13.30723224,52.45977586],[13.30752053,52.45953248],[13.30721102,52.45938945],[13.30689235,52.45812658],[13.30681614,52.45775645],[13.30787648,52.45699175],[13.30886022,52.45601037],[13.30913794,52.45585557],[13.30853806,52.45555438],[13.30964183,52.45453472],[13.31001625,52.45425074],[13.31008114,52.45413331],[13.31028371,52.45398458],[13.31120323,52.45360126],[13.31166825,52.45346474],[13.31206529,52.45329205]]]},"properties":{"schluessel":"ES0602","bezirk":"Steglitz-Zehlendorf","gebietsname":"Fichtenberg","f_gvbl_dat":"19.11.1991","f_in_kraft":"20.11.1991","ae_gvbldat":null,"ae_inkraft":null,"fl_in_ha":"48.4"},"id":"erhaltgeb_es.ES0602"},
{"type":"Feature","geometry":{"type":"MultiPolygon","coordinates":[[[[13.31605804,52.42608454],[13.3163363,52.42588815],[13.31709923,52.42556068],[13.31766591,52.42538305],[13.31835029,52.42523764],[13.31915536,52.42515386],[13.31994455,52.42515375],[13.32074768,52.42521908],[13.32143424,52.42533547],[13.32223485,52.42556766],[13.32270323,52.42576368],[13.32303796,52.42593226],[13.3229691,52.42603012],[13.32394122,52.42668655],[13.32482707,52.42724708],[13.32537288,52.42764407],[13.32569523,52.42790556],[13.32569852,52.42806985],[13.32667785,52.42907642],[13.32760858,52.42970719],[13.32745445,52.42988937],[13.32830627,52.43046161],[13.32966935,52.43130863],[13.33018149,52.43167225],[13.33033824,52.43175667],[13.33062868,52.4320545],[13.33078457,52.43199738],[13.33210125,52.43277748],[13.33075771,52.43351442],[13.33064012,52.43348209],[13.33026614,52.43401629],[13.33039124,52.43406297],[13.32847734,52.43730653],[13.32822611,52.43776489],[13.32767331,52.43896529],[13.32729177,52.43992087],[13.32505413,52.43855123],[13.32354242,52.43761142],[13.32237348,52.43640099],[13.32127303,52.43665333],[13.32072867,52.43616626],[13.31989095,52.43568454],[13.31965345,52.43546913],[13.31904802,52.43475016],[13.3181922,52.43380339],[13.31758433,52.434006],[13.31714616,52.43351987],[13.31654276,52.43290093],[13.31602108,52.43266998],[13.31470479,52.43254886],[13.3137619,52.43188415],[13.31286754,52.43093896],[13.31279654,52.43075181],[13.31286163,52.43029419],[13.31248999,52.4302276],[13.31262529,52.42990073],[13.31311466,52.42921853],[13.31330374,52.42883464],[13.31350755,52.42827498],[13.31378785,52.42737015],[13.31383322,52.42715231],[13.31445327,52.42730035],[13.31470233,52.42731376],[13.31478698,52.4271193],[13.31515422,52.42665564],[13.3155307,52.42631266],[13.31591999,52.42635057],[13.31605804,52.42608454]]],[[[13.32599752,52.42765244],[13.32315792,52.42572138],[13.32123096,52.42438688],[13.32174531,52.42404165],[13.32218658,52.42416778],[13.32448914,52.42180241],[13.3255511,52.42206649],[13.32593685,52.42169285],[13.32641657,52.42133656],[13.32712042,52.42241093],[13.32706894,52.42244423],[13.33187429,52.42362957],[13.33327758,52.42397195],[13.33319536,52.42409623],[13.33500431,52.42454594],[13.33459201,52.42501569],[13.33427024,52.42552489],[13.33405322,52.42626387],[13.33395404,52.42674418],[13.33379292,52.42670419],[13.33358741,52.4270131],[13.33385627,52.42722845],[13.33373149,52.42781811],[13.3325965,52.42993011],[13.33203659,52.43099232],[13.32907512,52.42898893],[13.32777739,52.42866357],[13.32645692,52.42779551],[13.32632713,52.42787841],[13.32599752,52.42765244]]]]},"properties":{"schluessel":"ES0603","bezirk":"Steglitz-Zehlendorf","gebietsname":"Lichterfelde-Ost","f_gvbl_dat":"20.07.1996","f_in_kraft":"21.07.1996","ae_gvbldat":null,"ae_inkraft":null,"fl_in_ha":"162.0"},"id":"erhaltgeb_es.ES0603"},
{"type":"Feature","geometry":{"type":"Polygon","coordinates":[[[13.24792045,52.44275861],[13.24793848,52.44283398],[13.24651124,52.44400104],[13.24611231,52.44381787],[13.24537025,52.44442246],[13.24577291,52.44460439],[13.24543834,52.44487058],[13.24592528,52.44527746],[13.24550247,52.44546316],[13.24437451,52.44477671],[13.24373153,52.44458261],[13.24363212,52.4444673],[13.24346097,52.44449023],[13.24258096,52.44401244],[13.24238523,52.44382814],[13.24196734,52.44356599],[13.24263355,52.44300855],[13.24231814,52.44286868],[13.24425998,52.44106722],[13.24543479,52.44159979],[13.24565657,52.4417336],[13.24792045,52.44275861]]]},"properties":{"schluessel":"ES0604","bezirk":"Steglitz-Zehlendorf","gebietsname":"Siedlung Zinnowweg","f_gvbl_dat":"04.05.2005","f_in_kraft":"05.05.2005","ae_gvbldat":null,"ae_inkraft":null,"fl_in_ha":"9.8"},"id":"erhaltgeb_es.ES0604"},
{"type":"Feature","geometry":{"type":"MultiPolygon","coordinates":[[[[13.25713581,52.45486066],[13.25682119,52.45510921],[13.2548219,52.45472954],[13.25220333,52.45441537],[13.25247493,52.4538197],[13.25420384,52.45411183],[13.25498231,52.45425124],[13.25599383,52.45445419],[13.25716901,52.45472076],[13.25713581,52.45486066]]],[[[13.25776288,52.45435843],[13.25742959,52.4546261],[13.25732603,52.45464366],[13.25628011,52.45440125],[13.25561666,52.45426186],[13.2542797,52.4540125],[13.2526357,52.45373501],[13.25280761,52.45335848],[13.25399165,52.45354545],[13.25514388,52.45375541],[13.25677798,52.45411021],[13.25776288,52.45435843]]]]},"properties":{"schluessel":"ES0605","bezirk":"Steglitz-Zehlendorf","gebietsname":"B-Plan X-6-1","f_gvbl_dat":"16.06.1994","f_in_kraft":"17.06.1994","ae_gvbldat":null,"ae_inkraft":null,"fl_in_ha":"3.8"},"id":"erhaltgeb_es.ES0605"},
{"type":"Feature","geometry":{"type":"MultiPolygon","coordinates":[[[[13.13751254,52.41250903],[13.13763045,52.4122533],[13.13800515,52.41233771],[13.13840977,52.41281397],[13.13923289,52.41346998],[13.13962722,52.4136952],[13.13978063,52.41383117],[13.13994339,52.41410468],[13.13980189,52.41452998],[13.13975055,52.41454792],[13.13923009,52.41444368],[13.13854853,52.41427624],[13.1366731,52.41371445],[13.13721753,52.41305744],[13.13751254,52.41250903]]],[[[13.14584596,52.41472816],[13.14548315,52.41518178],[13.14542778,52.4151909],[13.14489784,52.41464738],[13.14464915,52.4144607],[13.14408873,52.41392379],[13.14380731,52.41361224],[13.14365487,52.41337364],[13.14357084,52.4130877],[13.14387089,52.41293022],[13.14492696,52.41313529],[13.14554967,52.41332269],[13.14677876,52.41372822],[13.1463774,52.41422832],[13.14584596,52.41472816]]],[[[13.13425013,52.41415399],[13.13426635,52.41355634],[13.1349778,52.41357063],[13.13574554,52.4136611],[13.13656447,52.41380375],[13.13809131,52.41426203],[13.13775916,52.41520473],[13.13767778,52.41522821],[13.13425013,52.41415399]]],[[[13.13700964,52.41307841],[13.13650612,52.41367709],[13.13572466,52.41354669],[13.13512408,52.41347406],[13.13429889,52.41343192],[13.13427014,52.41341276],[13.13429569,52.4124644],[13.1347548,52.41244308],[13.1352833,52.41246374],[13.13595435,52.41252753],[13.13644339,52.41262171],[13.137175,52.41283789],[13.13700964,52.41307841]]],[[[13.13928679,52.41144782],[13.14030301,52.41149455],[13.14082644,52.41156552],[13.14126091,52.4116878],[13.14128328,52.41165878],[13.14177366,52.4118159],[13.14203832,52.41199718],[13.14182963,52.4121854],[13.14172057,52.41217372],[13.14107125,52.41195034],[13.14111697,52.41214797],[13.14146601,52.41225625],[13.14125283,52.41251779],[13.14109244,52.4125086],[13.13945682,52.41204794],[13.13856101,52.41185427],[13.13767591,52.41169002],[13.13713497,52.41163475],[13.13718243,52.41142368],[13.13855383,52.41142719],[13.13928679,52.41144782]]],[[[13.13584241,52.41163856],[13.1376217,52.41182163],[13.13724539,52.41269188],[13.13716481,52.41270933],[13.13651723,52.41252309],[13.13595968,52.41241688],[13.13538981,52.41236209],[13.1342995,52.41232116],[13.13431496,52.41173799],[13.13452027,52.41160565],[13.1352238,52.41157623],[13.13584241,52.41163856]]],[[[13.14721977,52.41734996],[13.14736038,52.41761241],[13.1460967,52.41747176],[13.14613637,52.41737783],[13.14562123,52.41732217],[13.14554516,52.41715812],[13.14463112,52.41662544],[13.14586079,52.41583772],[13.14685804,52.41675636],[13.14721977,52.41734996]]],[[[13.1435693,52.41478871],[13.14377981,52.41466339],[13.14354886,52.41452091],[13.14375921,52.41439605],[13.14352931,52.41425158],[13.14346097,52.41429229],[13.14321413,52.41413821],[13.14307448,52.41422142],[13.14280714,52.41404706],[13.14243529,52.41426275],[13.14152905,52.41386352],[13.14199624,52.41347677],[13.14130902,52.41316902],[13.14164693,52.4128849],[13.14248615,52.41326947],[13.14327068,52.41377818],[13.14386762,52.41401131],[13.14410093,52.41419317],[13.1445762,52.41464077],[13.1439545,52.41503185],[13.14332948,52.4149325],[13.1435693,52.41478871]]],[[[13.13982513,52.4131134],[13.14018855,52.41319605],[13.140129,52.41343817],[13.140653,52.41285844],[13.14093361,52.41261192],[13.14138616,52.41276889],[13.14123093,52.41305286],[13.14055944,52.41361438],[13.13964169,52.41348937],[13.13937045,52.4134028],[13.13855171,52.41274976],[13.13799412,52.41209978],[13.13810511,52.41191044],[13.13857571,52.41200027],[13.13851682,52.41210338],[13.13882496,52.41247976],[13.1399889,52.41277537],[13.13982513,52.4131134]]],[[[13.14170415,52.41171452],[13.14069527,52.41143295],[13.13984319,52.41127236],[13.13956698,52.41110595],[13.13933997,52.410848],[13.13993499,52.4105564],[13.14019684,52.41078674],[13.14047398,52.41093499],[13.14094231,52.41105832],[13.14145092,52.41109906],[13.14184835,52.41108145],[13.14234287,52.41094715],[13.14259851,52.41114195],[13.14284341,52.41122986],[13.14283039,52.41131868],[13.14223758,52.41181313],[13.14204278,52.41181934],[13.14170415,52.41171452]]],[[[13.13909027,52.4108902],[13.13915595,52.41086513],[13.13944114,52.41119063],[13.13931005,52.4113231],[13.13723894,52.41131031],[13.13655037,52.41134152],[13.13558379,52.41140995],[13.13559934,52.41080466],[13.13585319,52.41085218],[13.13738343,52.41088243],[13.13734836,52.41069275],[13.13771463,52.41070128],[13.13770579,52.41095529],[13.13816453,52.41096042],[13.13844077,52.41089938],[13.13894307,52.41072621],[13.13909027,52.4108902]]],[[[13.14506178,52.41619314],[13.14450467,52.41654979],[13.14366722,52.41606334],[13.14467788,52.4154108],[13.14438611,52.41523761],[13.14434483,52.41526332],[13.14400811,52.41507583],[13.14461737,52.41467912],[13.14576185,52.41574494],[13.14506178,52.41619314]]],[[[13.13848746,52.41437565],[13.13974532,52.41468782],[13.13936881,52.4157255],[13.13928801,52.41574826],[13.13790449,52.41530094],[13.13823795,52.41435826],[13.13848746,52.41437565]]],[[[13.14146699,52.41266237],[13.14194945,52.4122479],[13.1424488,52.41239868],[13.14281984,52.4126042],[13.14345506,52.41305829],[13.14355913,52.41348712],[13.1436646,52.41366557],[13.14341986,52.4137105],[13.14258475,52.41317731],[13.14146699,52.41266237]]],[[[13.13991518,52.41471764],[13.13996504,52.41470212],[13.14047583,52.41484351],[13.14030708,52.41531265],[13.14039307,52.41531103],[13.1403251,52.41547835],[13.13976408,52.4158001],[13.13999581,52.41583116],[13.1399091,52.41607165],[13.13947456,52.41593201],[13.13991518,52.41471764]]],[[[13.14253047,52.41175943],[13.1428232,52.41147568],[13.1434303,52.41169391],[13.14301411,52.4119885],[13.14248714,52.41179673],[13.14253047,52.41175943]]],[[[13.14493344,52.4169511],[13.14468061,52.41711417],[13.14420544,52.41689762],[13.14450858,52.4167024],[13.14493344,52.4169511]]]]},"properties":{"schluessel":"ES0606","bezirk":"Steglitz-Zehlendorf","gebietsname":"B-Plan X-B 1c","f_gvbl_dat":"10.11.2012","f_in_kraft":"11.11.2012","ae_gvbldat":null,"ae_inkraft":null,"fl_in_ha":"36.8"},"id":"erhaltgeb_es.ES0606"},
{"type":"Feature","geometry":{"type":"MultiPolygon","coordinates":[[[[13.20061814,52.43132706],[13.20049104,52.43127313],[13.20031857,52.43098448],[13.20018839,52.43067181],[13.20046447,52.43064306],[13.20069813,52.43056338],[13.20083334,52.4303703],[13.20074902,52.4301793],[13.20121208,52.43023228],[13.20137864,52.43053932],[13.20163638,52.43090511],[13.20181167,52.43109994],[13.20223652,52.43148754],[13.20275336,52.43185138],[13.20319103,52.43208399],[13.20377398,52.43234733],[13.20158546,52.43372394],[13.20124344,52.4335144],[13.20073056,52.43350347],[13.20079734,52.43256391],[13.20077014,52.43238238],[13.20055398,52.43221696],[13.20051941,52.43208158],[13.20091644,52.43166397],[13.20089215,52.43152988],[13.20061814,52.43132706]]],[[[13.19886721,52.43249174],[13.19868788,52.43252563],[13.19826173,52.43229518],[13.19785965,52.43218663],[13.19714184,52.43210674],[13.19596573,52.4321182],[13.19533248,52.43208677],[13.1951363,52.43204696],[13.19457806,52.43159298],[13.19469715,52.43139759],[13.19520138,52.43114862],[13.19600585,52.4310716],[13.19630872,52.43099111],[13.19701983,52.43073072],[13.19741702,52.43053283],[13.19780881,52.43023184],[13.19807409,52.43007562],[13.19840683,52.42995093],[13.1986661,52.42995789],[13.19863879,52.43088037],[13.19845014,52.43138276],[13.19846384,52.43154664],[13.19892355,52.43208773],[13.19886721,52.43249174]]],[[[13.19856759,52.43402373],[13.19800125,52.43387321],[13.19771191,52.43374245],[13.19696678,52.43333279],[13.1959351,52.43265145],[13.19537986,52.43224997],[13.19541954,52.43220589],[13.19639696,52.43223412],[13.19698994,52.43222065],[13.19754423,52.43225391],[13.19795675,52.43232689],[13.19823674,52.43241429],[13.1987199,52.43272837],[13.19871178,52.43299121],[13.19877473,52.43375728],[13.19890055,52.43400417],[13.19881706,52.43405629],[13.19856759,52.43402373]]],[[[13.20454921,52.43347025],[13.20417226,52.43335504],[13.20419089,52.43400901],[13.2014986,52.43403927],[13.20146595,52.43399377],[13.20395458,52.43242841],[13.20430166,52.43258827],[13.20504713,52.43299711],[13.20592495,52.43357395],[13.20551134,52.43380542],[13.20550946,52.4337407],[13.20517587,52.43364545],[13.20482506,52.43358736],[13.20454921,52.43347025]]],[[[13.20402309,52.43510956],[13.20400885,52.43470663],[13.20611359,52.43536253],[13.20541837,52.43709086],[13.20407356,52.43655388],[13.20402309,52.43510956]]],[[[13.20226347,52.43131554],[13.20179892,52.43085213],[13.20155466,52.43050446],[13.20162318,52.43045824],[13.2019182,52.43047916],[13.20255173,52.43060159],[13.20530125,52.43138437],[13.2039034,52.43226708],[13.20305882,52.43187314],[13.20278798,52.43170709],[13.20226347,52.43131554]]],[[[13.20144986,52.42955455],[13.20169164,52.42962246],[13.20185158,52.42979306],[13.20245231,52.42996255],[13.20275401,52.42956247],[13.20333406,52.42972549],[13.20303191,52.43012603],[13.20363571,52.43029777],[13.20373122,52.43022577],[13.20439119,52.43041181],[13.20432998,52.43049356],[13.20496413,52.4306714],[13.20504131,52.43057642],[13.20533572,52.43065954],[13.20525896,52.43075464],[13.20598279,52.43095809],[13.20545345,52.43128821],[13.20264191,52.43048824],[13.20195219,52.43035428],[13.20145538,52.43027908],[13.20133481,52.42993086],[13.20115716,52.42966786],[13.20144986,52.42955455]]],[[[13.20382832,52.43544008],[13.20386541,52.43647056],[13.20267633,52.43599328],[13.20263122,52.43434097],[13.20277598,52.43432184],[13.2037996,52.43464134],[13.20382832,52.43544008]]],[[[13.20225737,52.43416483],[13.20242395,52.43430681],[13.20246796,52.43591073],[13.20116682,52.43539277],[13.20108828,52.43522314],[13.20107028,52.43459142],[13.20110382,52.43458914],[13.20108921,52.43417762],[13.20225737,52.43416483]]],[[[13.20713426,52.43244459],[13.20661003,52.43382716],[13.20648525,52.43384071],[13.20613632,52.43356176],[13.2054493,52.43309633],[13.20624602,52.43260624],[13.20622872,52.43253913],[13.20644698,52.43234942],[13.20657867,52.43217046],[13.20720375,52.43225693],[13.20713426,52.43244459]]],[[[13.20526183,52.43462286],[13.20504808,52.4348793],[13.20294495,52.43422707],[13.20299001,52.43415696],[13.20532341,52.43413159],[13.2053359,52.43453469],[13.20526183,52.43462286]]],[[[13.20504295,52.43226919],[13.20532137,52.43241876],[13.20485847,52.43273259],[13.2040838,52.43234714],[13.2051687,52.43166476],[13.20563304,52.43193857],[13.20549216,52.43212899],[13.20536212,52.43205268],[13.20504295,52.43226919]]],[[[13.20744135,52.43161407],[13.20736679,52.43181677],[13.20573136,52.43136655],[13.20571066,52.43132387],[13.20619316,52.43102161],[13.20752028,52.43139947],[13.20744135,52.43161407]]],[[[13.20007777,52.43046409],[13.19999085,52.43031397],[13.19998058,52.43002429],[13.2004977,52.43014002],[13.20062712,52.43035023],[13.20054873,52.43047522],[13.20024509,52.430525],[13.20007777,52.43046409]]]]},"properties":{"schluessel":"ES0607","bezirk":"Steglitz-Zehlendorf","gebietsname":"B-Plan X-B 2c","f_gvbl_dat":"27.09.2016","f_in_kraft":"28.09.2016","ae_gvbldat":null,"ae_inkraft":null,"fl_in_ha":"41.3"},"id":"erhaltgeb_es.ES0607"},
{"type":"Feature","geometry":{"type":"MultiPolygon","coordinates":[[[[13.22409315,52.43794251],[13.22258261,52.44042686],[13.22174489,52.44051453],[13.22106795,52.44053377],[13.22120978,52.44024663],[13.22247864,52.43755414],[13.22434585,52.43752692],[13.22409315,52.43794251]]],[[[13.22325905,52.43542996],[13.22176546,52.43510716],[13.22300984,52.43254806],[13.22308034,52.43253472],[13.22378311,52.43270866],[13.22447707,52.43285023],[13.22325905,52.43542996]]],[[[13.21991006,52.4367686],[13.21889645,52.43636763],[13.21961435,52.43507816],[13.21970989,52.43505004],[13.22132149,52.43538697],[13.22136993,52.43544541],[13.22058999,52.43703613],[13.21991006,52.4367686]]],[[[13.22165392,52.43883214],[13.22105672,52.44010922],[13.22034683,52.43998522],[13.22100421,52.43858851],[13.22002318,52.43841726],[13.21961402,52.43840552],[13.21946541,52.4380562],[13.21955348,52.4379797],[13.21987968,52.43789048],[13.2201176,52.43801215],[13.22033824,52.43804446],[13.22058905,52.43801675],[13.22082728,52.43790424],[13.22093261,52.43777014],[13.22093944,52.43761913],[13.2214915,52.43756575],[13.22225798,52.43755736],[13.22165392,52.43883214]]],[[[13.22422092,52.43808658],[13.22456132,52.43752378],[13.22535206,52.43751082],[13.22386756,52.4399592],[13.224062,52.44014778],[13.2228163,52.44039038],[13.2232961,52.43961561],[13.22422092,52.43808658]]],[[[13.2274695,52.43345336],[13.22722124,52.43391664],[13.22748411,52.43399879],[13.22623085,52.43606167],[13.22554058,52.43591331],[13.22707668,52.43337448],[13.2274695,52.43345336]]],[[[13.22400322,52.43571988],[13.224162,52.43591942],[13.22335128,52.4374035],[13.22253773,52.43741443],[13.2233964,52.43559276],[13.22400322,52.43571988]]],[[[13.22567833,52.43532828],[13.22534681,52.43587263],[13.22473964,52.43574417],[13.22457496,52.43554431],[13.22529122,52.43422338],[13.22621929,52.43442094],[13.22567833,52.43532828]]],[[[13.22415109,52.43399155],[13.22509318,52.43418568],[13.22437867,52.43550687],[13.22407479,52.4356],[13.22345338,52.43547186],[13.22415109,52.43399155]]],[[[13.21816043,52.43369794],[13.2191359,52.43389992],[13.21920355,52.43377836],[13.22003873,52.43395117],[13.21965348,52.43464432],[13.21956023,52.43467239],[13.21788592,52.43432514],[13.21783998,52.43426792],[13.21816043,52.43369794]]],[[[13.2238858,52.43682938],[13.22435662,52.4359578],[13.22466688,52.43586579],[13.22527404,52.43599212],[13.22442321,52.4373891],[13.22357728,52.43740046],[13.2238858,52.43682938]]],[[[13.21701842,52.43759006],[13.21684665,52.43789259],[13.21774099,52.43807721],[13.21760187,52.43833199],[13.21705779,52.43837177],[13.21673216,52.4383596],[13.21627573,52.43829797],[13.21575482,52.43816534],[13.21570663,52.43809844],[13.21609983,52.43739851],[13.21701842,52.43759006]]],[[[13.22535026,52.43370551],[13.22516297,52.43405664],[13.22421177,52.43386281],[13.22467151,52.4328873],[13.22567695,52.43309503],[13.22535026,52.43370551]]],[[[13.2255757,52.43722767],[13.22543847,52.43737375],[13.22464645,52.43738493],[13.2254682,52.43603162],[13.22616162,52.4361792],[13.22565782,52.43700948],[13.22574533,52.43703917],[13.2255757,52.43722767]]],[[[13.21807502,52.43475786],[13.21762341,52.43466402],[13.21773481,52.43446409],[13.21782791,52.43443639],[13.21950418,52.43478471],[13.21955056,52.43483955],[13.21938456,52.43513878],[13.21882773,52.43502063],[13.21888323,52.43492262],[13.21807502,52.43475786]]]]},"properties":{"schluessel":"ES0608","bezirk":"Steglitz-Zehlendorf","gebietsname":"B-Plan X-B 2e","f_gvbl_dat":"30.12.2011","f_in_kraft":"31.12.2011","ae_gvbldat":null,"ae_inkraft":null,"fl_in_ha":"45.8"},"id":"erhaltgeb_es.ES0608"},
{"type":"Feature","geometry":{"type":"MultiPolygon","coordinates":[[[[13.23548335,52.44480923],[13.23468383,52.4450964],[13.2345618,52.44507578],[13.23386461,52.44430099],[13.23371655,52.4440698],[13.23357368,52.44343643],[13.23340734,52.4431769],[13.23320578,52.4429956],[13.23283842,52.44278949],[13.23372344,52.44201154],[13.23379643,52.44200759],[13.23415533,52.44227315],[13.23483155,52.44305122],[13.23516016,52.44335634],[13.23583447,52.44387983],[13.2360786,52.44416343],[13.23614819,52.44433549],[13.23613084,52.44456675],[13.23548335,52.44480923]]],[[[13.23153148,52.44395428],[13.23214356,52.44345352],[13.23269951,52.44292463],[13.23277051,52.44291571],[13.23305862,52.44308601],[13.23325129,52.4432706],[13.2334057,52.44356028],[13.23344069,52.44388464],[13.23357541,52.44421463],[13.23370637,52.44438743],[13.23438911,52.44514467],[13.23435833,52.44521638],[13.23342763,52.44559809],[13.23274019,52.44591402],[13.23261456,52.44590138],[13.23231135,52.44556971],[13.23207448,52.44513121],[13.23183522,52.44445336],[13.23153148,52.44395428]]],[[[13.22684422,52.44119546],[13.22667239,52.44144497],[13.22615244,52.44137221],[13.22551213,52.44141071],[13.22474617,52.44155571],[13.22443844,52.44153059],[13.22404561,52.44137297],[13.22365177,52.44087788],[13.22367976,52.44081003],[13.22433287,52.44064671],[13.22515404,52.44039144],[13.22665093,52.43980171],[13.22676278,52.4398274],[13.22716012,52.44073838],[13.22684422,52.44119546]]],[[[13.22516314,52.44162724],[13.22578313,52.44150714],[13.22614024,52.44149908],[13.22658191,52.4415572],[13.22652231,52.44166557],[13.22579631,52.44271485],[13.22350501,52.44291343],[13.22329622,52.44279633],[13.22324733,52.44248155],[13.22383179,52.44150903],[13.22403585,52.44152741],[13.22432681,52.44164698],[13.22457535,52.44168703],[13.22491351,52.44167526],[13.22516314,52.44162724]]],[[[13.22990154,52.44046183],[13.23041987,52.44060318],[13.2307541,52.44072831],[13.23056997,52.44130461],[13.2302559,52.44190031],[13.2298674,52.44241017],[13.22979349,52.44241921],[13.22916341,52.44214984],[13.22831971,52.44188697],[13.22861254,52.44146434],[13.2288097,52.44108239],[13.22891859,52.44057904],[13.22892104,52.4402576],[13.22898199,52.44023273],[13.22990154,52.44046183]]],[[[13.23359359,52.44190928],[13.23267019,52.4427165],[13.2318831,52.44235058],[13.2313048,52.44203991],[13.23064257,52.44164455],[13.23076248,52.44139188],[13.23094191,52.44085919],[13.23101032,52.44084274],[13.23145723,52.44103049],[13.23288457,52.44158839],[13.23359359,52.44190928]]],[[[13.23104882,52.4420672],[13.23154807,52.44234209],[13.23255891,52.44282276],[13.2319793,52.44337785],[13.23147055,52.44379836],[13.23139683,52.44379476],[13.23092686,52.44326857],[13.23053868,52.44292573],[13.2300079,52.44254115],[13.23054061,52.44182136],[13.23061331,52.44180919],[13.23104882,52.4420672]]],[[[13.22976129,52.44467237],[13.23032004,52.44453629],[13.23091638,52.44431226],[13.23134613,52.4440826],[13.23141235,52.44409093],[13.23163841,52.44448138],[13.23192194,52.4452786],[13.23208546,52.44556844],[13.23246148,52.44598755],[13.23243553,52.44605463],[13.23218029,52.44617201],[13.23190682,52.44595818],[13.2316091,52.44607264],[13.23137298,52.44588214],[13.23084184,52.44494367],[13.23003971,52.44512941],[13.22976129,52.44467237]]],[[[13.2286247,52.44099748],[13.22850309,52.44127958],[13.22812785,52.44183408],[13.22783802,52.44175407],[13.22704781,52.43995272],[13.22711005,52.43988641],[13.22743023,52.43984589],[13.22871884,52.44016576],[13.22871484,52.44060985],[13.2286247,52.44099748]]],[[[13.22856977,52.44209555],[13.22912362,52.44228206],[13.22974431,52.44256322],[13.22884385,52.44376304],[13.22876937,52.44376038],[13.22848729,52.44322461],[13.22801698,52.44216009],[13.22814374,52.44197637],[13.22856977,52.44209555]]],[[[13.2218039,52.44188933],[13.22136851,52.44260426],[13.22129293,52.44263902],[13.22097916,52.44254435],[13.22072416,52.44239122],[13.22057329,52.44222348],[13.22049376,52.441952],[13.22054359,52.44147631],[13.22104537,52.44149051],[13.2220619,52.44144814],[13.222197,52.44147941],[13.22204475,52.44173254],[13.22189455,52.44169821],[13.2218039,52.44188933]]],[[[13.22036662,52.44147491],[13.22032305,52.44201693],[13.22041655,52.44228285],[13.22059947,52.44247091],[13.22089594,52.44264187],[13.22127608,52.44275573],[13.2210433,52.44313821],[13.22070813,52.4430268],[13.22031258,52.44285026],[13.2199136,52.44253086],[13.21974771,52.44227147],[13.21969553,52.44195664],[13.21971807,52.44165925],[13.21958037,52.44163437],[13.21966841,52.44144812],[13.22036662,52.44147491]]],[[[13.2235205,52.44303768],[13.22561104,52.44285822],[13.22557502,52.44303468],[13.22468632,52.44345851],[13.22334736,52.44357314],[13.22320657,52.44306411],[13.2235205,52.44303768]]],[[[13.22327378,52.44344698],[13.2226716,52.44350182],[13.22228394,52.44349492],[13.2219392,52.44343456],[13.22119973,52.44319015],[13.22144147,52.4427935],[13.22206138,52.44293491],[13.22297931,52.4430849],[13.22316768,52.44306763],[13.22327378,52.44344698]]],[[[13.22622305,52.44287863],[13.22579502,52.4434869],[13.22500736,52.44344549],[13.22498773,52.44340999],[13.22567163,52.44307128],[13.22583357,52.44283979],[13.22622305,52.44287863]]]]},"properties":{"schluessel":"ES0609","bezirk":"Steglitz-Zehlendorf","gebietsname":"B-Plan X-B 7","f_gvbl_dat":"07.07.2006","f_in_kraft":"08.07.2006","ae_gvbldat":null,"ae_inkraft":null,"fl_in_ha":"43.5"},"id":"erhaltgeb_es.ES0609"},
{"type":"Feature","geometry":{"type":"MultiPolygon","coordinates":[[[[13.23761492,52.44391881],[13.23683384,52.44427517],[13.23669622,52.44428598],[13.2364708,52.44420461],[13.23621465,52.44403629],[13.23605156,52.44385316],[13.23536216,52.44331695],[13.23496062,52.44294007],[13.23443532,52.44231097],[13.23426088,52.44214728],[13.23388171,52.44188792],[13.23469663,52.44130272],[13.23516705,52.44138758],[13.2354913,52.44153909],[13.23570013,52.44173802],[13.23580471,52.44198425],[13.23584638,52.44224365],[13.23598845,52.44246059],[13.23623846,52.44260971],[13.23629573,52.44271257],[13.23633518,52.44309594],[13.23659696,52.44321246],[13.23676235,52.44318791],[13.23692664,52.4429675],[13.23730377,52.44280681],[13.23722264,52.44258282],[13.23700872,52.44234278],[13.23699675,52.44208301],[13.23683993,52.44192285],[13.2364747,52.44163715],[13.23625353,52.44135316],[13.23573376,52.44119426],[13.23552601,52.44104831],[13.23521816,52.44105715],[13.2349794,52.44111476],[13.2357332,52.44063342],[13.23628926,52.44030497],[13.23720793,52.44075357],[13.23791952,52.44115689],[13.23880143,52.44174213],[13.23912557,52.44199266],[13.23954724,52.44238838],[13.23983548,52.44272525],[13.23981358,52.44279024],[13.23816026,52.44364673],[13.23761492,52.44391881]]],[[[13.23398861,52.44109878],[13.23413204,52.44118943],[13.23442755,52.44114972],[13.23455123,52.44121523],[13.23372626,52.44181052],[13.23268738,52.44135235],[13.23169701,52.44097698],[13.23098614,52.44067499],[13.23101294,52.44043299],[13.23103246,52.43968522],[13.2310698,52.43949426],[13.23124311,52.43917455],[13.2316892,52.43851653],[13.23204134,52.43860727],[13.23230012,52.43851327],[13.23269674,52.43856736],[13.23296513,52.43845124],[13.23369094,52.43897583],[13.2341141,52.43924532],[13.23503811,52.439734],[13.23612391,52.44023002],[13.23527759,52.44073307],[13.23472422,52.44109986],[13.23429352,52.44087264],[13.23407776,52.44055528],[13.2336812,52.44023462],[13.23293989,52.44012842],[13.23282399,52.44006159],[13.23262181,52.4395924],[13.23232313,52.43936969],[13.23226673,52.43947256],[13.23230884,52.43985308],[13.23222676,52.44009689],[13.23235459,52.44028759],[13.23264192,52.44044677],[13.23296073,52.44052785],[13.23315846,52.44062682],[13.23349196,52.44092896],[13.23372428,52.44087956],[13.23398861,52.44109878]]],[[[13.23595147,52.43840668],[13.23658941,52.43834172],[13.23711085,52.43832308],[13.23744933,52.43834476],[13.23767481,52.43872937],[13.23805033,52.43922752],[13.23821212,52.43940662],[13.23793883,52.43948648],[13.23711154,52.43978265],[13.23657586,52.44001353],[13.2364382,52.44001416],[13.23543559,52.43956003],[13.23482487,52.43924899],[13.23524341,52.43893987],[13.23509227,52.43852957],[13.23595147,52.43840668]]],[[[13.23080354,52.44020097],[13.23078601,52.44053838],[13.23071011,52.44056269],[13.23021398,52.44040174],[13.22894163,52.4400846],[13.22908879,52.43957511],[13.22930726,52.43920381],[13.22984582,52.43842345],[13.23074807,52.43807412],[13.23098591,52.43834225],[13.2315015,52.43844407],[13.23104513,52.4391127],[13.23090001,52.43935842],[13.2308097,52.43966365],[13.23080354,52.44020097]]],[[[13.23643271,52.43710722],[13.2369487,52.43704868],[13.23711683,52.4375884],[13.23733361,52.43810609],[13.2372899,52.43814436],[13.23686082,52.43813769],[13.23599423,52.43820559],[13.23488221,52.43836419],[13.23405563,52.43845111],[13.23381831,52.43760475],[13.23418099,52.43756523],[13.23474218,52.43746441],[13.23627797,52.43712927],[13.23643271,52.43710722]]],[[[13.23313042,52.4371758],[13.23357403,52.43693505],[13.23436368,52.43658281],[13.23489943,52.43632666],[13.23564973,52.4359299],[13.23669157,52.43588312],[13.23690732,52.43686969],[13.23619825,52.43695641],[13.23462153,52.43730221],[13.2337812,52.43742442],[13.23330318,52.43744792],[13.23313042,52.4371758]]],[[[13.23934151,52.44102289],[13.23963893,52.44120818],[13.23931801,52.44155421],[13.23922119,52.44160308],[13.23881515,52.44131556],[13.23819295,52.44091891],[13.23751691,52.44053648],[13.23680195,52.44018274],[13.23680267,52.44006781],[13.23718721,52.43990192],[13.23787052,52.43965173],[13.23831734,52.43951553],[13.23879147,52.43994655],[13.23916308,52.44023239],[13.23969222,52.44057929],[13.23914858,52.44090223],[13.23934151,52.44102289]]],[[[13.22871217,52.43891292],[13.22941892,52.43860889],[13.22948184,52.43863076],[13.22906358,52.43923368],[13.22883811,52.43966277],[13.22875335,52.44000044],[13.22868455,52.44001938],[13.22717101,52.4396437],[13.22716117,52.43960223],[13.22769529,52.43935076],[13.22871217,52.43891292]]]]},"properties":{"schluessel":"ES0610","bezirk":"Steglitz-Zehlendorf","gebietsname":"B-Plan X-B 8","f_gvbl_dat":"05.07.2005","f_in_kraft":"06.07.2005","ae_gvbldat":null,"ae_inkraft":null,"fl_in_ha":"36.8"},"id":"erhaltgeb_es.ES0610"},
{"type":"Feature","geometry":{"type":"MultiPolygon","coordinates":[[[[13.2274695,52.43345336],[13.22862864,52.43368609],[13.22865257,52.43373075],[13.22818832,52.43422798],[13.22790663,52.43462746],[13.2272997,52.43559872],[13.22698857,52.43622458],[13.22623085,52.43606167],[13.22748411,52.43399879],[13.22722124,52.43391664],[13.2274695,52.43345336]]],[[[13.22616162,52.4361792],[13.22693417,52.43634358],[13.22661803,52.43686512],[13.22618199,52.43737072],[13.22549306,52.43737351],[13.2255757,52.43722767],[13.22574533,52.43703917],[13.22565782,52.43700948],[13.22616162,52.4361792]]],[[[13.22819602,52.43530781],[13.23017355,52.43573207],[13.23026205,52.43578394],[13.23075794,52.43647861],[13.23106598,52.43685563],[13.23089615,52.43694872],[13.22718866,52.43626133],[13.22732191,52.43596502],[13.22775414,52.43521276],[13.22819602,52.43530781]]],[[[13.23412054,52.43443712],[13.23390072,52.43486766],[13.233793,52.43522691],[13.23374096,52.43558522],[13.23378425,52.43613007],[13.23273079,52.43655665],[13.23235056,52.43669598],[13.23200137,52.43660243],[13.23218836,52.43611132],[13.2323925,52.4350776],[13.23247134,52.43477404],[13.23274445,52.43417733],[13.23354736,52.43411601],[13.23433419,52.43400605],[13.23438252,52.4340389],[13.23412054,52.43443712]]],[[[13.23192188,52.43624018],[13.23178245,52.43658939],[13.23148065,52.4366298],[13.23115187,52.436251],[13.23076004,52.43572394],[13.23058536,52.43544047],[13.23033362,52.43494433],[13.23016327,52.43449124],[13.23004996,52.43403802],[13.23014552,52.43398954],[13.23108008,52.43411953],[13.23089373,52.4346523],[13.23119863,52.43475657],[13.23130144,52.43510433],[13.23215321,52.43516606],[13.23198078,52.43605365],[13.23192188,52.43624018]]],[[[13.22779816,52.43650823],[13.23047676,52.43700336],[13.23048257,52.43705111],[13.22966777,52.4372358],[13.22909016,52.43733228],[13.22860884,52.43737038],[13.22649748,52.43737296],[13.22645688,52.43733361],[13.22680762,52.43691657],[13.22713109,52.43638367],[13.22779816,52.43650823]]],[[[13.22997288,52.43528574],[13.23011726,52.4355481],[13.23007069,52.4355766],[13.22783152,52.43509618],[13.22815332,52.43459391],[13.22847306,52.43416284],[13.22889291,52.43373812],[13.22940204,52.43383959],[13.22949423,52.43390183],[13.22957143,52.43424688],[13.22977463,52.43486152],[13.22997288,52.43528574]]],[[[13.2347373,52.43509702],[13.23461287,52.43527409],[13.23519737,52.43553966],[13.23403661,52.43602576],[13.2339641,52.43600763],[13.23394791,52.43558764],[13.23399836,52.4352403],[13.23409855,52.4349028],[13.23426104,52.43456566],[13.23468056,52.43393467],[13.23519782,52.43381573],[13.23548978,52.43421712],[13.23519877,52.43440605],[13.2347373,52.43509702]]],[[[13.23378069,52.4325785],[13.23452588,52.43276219],[13.23433787,52.43304538],[13.23400047,52.43346131],[13.23466822,52.43363391],[13.23452791,52.43383664],[13.23355498,52.43398708],[13.23289753,52.43404367],[13.23285345,52.43400694],[13.23378069,52.4325785]]],[[[13.23095908,52.43225594],[13.23079253,52.43246171],[13.23081558,52.43268097],[13.23077864,52.43293177],[13.23068926,52.43293072],[13.23058816,52.43344169],[13.23108205,52.43355258],[13.23083564,52.43396309],[13.23009511,52.43384728],[13.23000721,52.43377258],[13.22996104,52.43298067],[13.23002481,52.43221943],[13.23095908,52.43225594]]],[[[13.23208936,52.4335733],[13.2326014,52.43282815],[13.23236337,52.43277351],[13.2324941,52.43255614],[13.23256804,52.43257316],[13.23281379,52.43218854],[13.23366308,52.43238974],[13.23271002,52.43386042],[13.23209532,52.43371262],[13.23208936,52.4335733]]]]},"properties":{"schluessel":"ES0611","bezirk":"Steglitz-Zehlendorf","gebietsname":"B-Plan X-B 9","f_gvbl_dat":"02.12.2005","f_in_kraft":"03.12.2005","ae_gvbldat":null,"ae_inkraft":null,"fl_in_ha":"37.0"},"id":"erhaltgeb_es.ES0611"},
{"type":"Feature","geometry":{"type":"MultiPolygon","coordinates":[[[[13.24354522,52.43793973],[13.24379438,52.43801084],[13.24337616,52.43830625],[13.24353354,52.43836946],[13.24335807,52.43852601],[13.24399801,52.43878303],[13.24305666,52.43965573],[13.24163678,52.43907238],[13.24125016,52.43846831],[13.24184344,52.43820862],[13.2423935,52.43792714],[13.2430669,52.43750677],[13.24367515,52.43703276],[13.24395196,52.43676989],[13.24449115,52.43699689],[13.24420978,52.43725818],[13.24443997,52.43735287],[13.24425201,52.43748716],[13.24389249,52.437819],[13.24370912,52.43782973],[13.24354522,52.43793973]]],[[[13.24028763,52.43463539],[13.24113986,52.43455499],[13.24120857,52.43478869],[13.241551,52.43490585],[13.24108309,52.435546],[13.23687216,52.43574627],[13.23679535,52.43542562],[13.23824469,52.43481821],[13.23858485,52.43468566],[13.23885443,52.43462929],[13.23993041,52.4346691],[13.24028763,52.43463539]]],[[[13.24634909,52.4392554],[13.24862514,52.43714524],[13.25045775,52.43789966],[13.25045807,52.43795429],[13.24633782,52.43964224],[13.24609383,52.43949228],[13.24634909,52.4392554]]],[[[13.24145304,52.4392281],[13.24014543,52.44062168],[13.24007119,52.44062604],[13.23937277,52.44018851],[13.23895479,52.43986962],[13.23850328,52.43945882],[13.23949924,52.43912972],[13.24032394,52.43883372],[13.24077954,52.4389753],[13.24145304,52.4392281]]],[[[13.24333291,52.43710413],[13.24269794,52.4375648],[13.2419005,52.4380188],[13.24123751,52.43832171],[13.24116695,52.4383079],[13.2409432,52.43771525],[13.2408597,52.43736086],[13.240817,52.43681559],[13.24345017,52.43666018],[13.24349842,52.43696169],[13.24333291,52.43710413]]],[[[13.23905922,52.43721402],[13.2390057,52.43692473],[13.24060908,52.43683016],[13.24065267,52.43737703],[13.24082983,52.43801052],[13.24100674,52.43841486],[13.24041248,52.43864995],[13.23983971,52.43850108],[13.23926755,52.43838057],[13.23905922,52.43721402]]],[[[13.24277977,52.43484965],[13.24246517,52.43521582],[13.24312607,52.43544755],[13.24207747,52.43656014],[13.24083875,52.43663632],[13.24092822,52.43630542],[13.24120986,52.43569407],[13.24152943,52.43521063],[13.24206363,52.43460131],[13.24277977,52.43484965]]],[[[13.25035521,52.43773568],[13.24871615,52.4370609],[13.24950988,52.43632221],[13.24963506,52.43631587],[13.25203844,52.43730319],[13.25067192,52.43786607],[13.25035521,52.43773568]]],[[[13.23705818,52.43658877],[13.23700532,52.43635625],[13.2375811,52.43630601],[13.24004366,52.43619081],[13.23998627,52.43572597],[13.24093778,52.43568051],[13.24098255,52.43571685],[13.24070194,52.4363569],[13.2406281,52.43664593],[13.23711213,52.43685312],[13.23705818,52.43658877]]],[[[13.24352242,52.43582929],[13.24403438,52.43528067],[13.24394277,52.43526483],[13.24411104,52.43508046],[13.24513883,52.43524433],[13.24403039,52.43644617],[13.24241246,52.43654047],[13.24237265,52.43650251],[13.24298465,52.43584814],[13.24337655,52.43598614],[13.24352242,52.43582929]]],[[[13.24586448,52.43617805],[13.2457097,52.43634477],[13.24434002,52.43642824],[13.24430676,52.43639852],[13.24546847,52.43514888],[13.24649395,52.43550227],[13.24586448,52.43617805]]],[[[13.23807361,52.43897007],[13.23769812,52.43840444],[13.23774495,52.43836943],[13.23868301,52.43847796],[13.23952942,52.43863252],[13.24002432,52.43875102],[13.24002764,52.43879554],[13.23940427,52.4390179],[13.23839713,52.43935048],[13.23807361,52.43897007]]],[[[13.2475793,52.43535329],[13.24675378,52.43624716],[13.24675759,52.43628231],[13.24600348,52.43632733],[13.24597182,52.43629694],[13.24692271,52.43527561],[13.24708628,52.4351479],[13.2475793,52.43535329]]],[[[13.24673629,52.43516906],[13.24658593,52.43540087],[13.24608501,52.435226],[13.24628919,52.43500954],[13.24673629,52.43516906]]]]},"properties":{"schluessel":"ES0612","bezirk":"Steglitz-Zehlendorf","gebietsname":"B-Plan X-B 10","f_gvbl_dat":"02.12.2005","f_in_kraft":"03.12.2005","ae_gvbldat":null,"ae_inkraft":null,"fl_in_ha":"47.1"},"id":"erhaltgeb_es.ES0612"},
{"type":"Feature","geometry":{"type":"MultiPolygon","coordinates":[[[[13.26236905,52.43945892],[13.26264715,52.43935018],[13.26275119,52.43936741],[13.26498773,52.44198738],[13.2648989,52.44205925],[13.26419109,52.44199069],[13.2628885,52.44182622],[13.26183221,52.44165376],[13.26187997,52.44107058],[13.2620009,52.44042119],[13.26213693,52.43998183],[13.26236905,52.43945892]]],[[[13.26158689,52.4409493],[13.2615358,52.44147799],[13.26133353,52.44156723],[13.25977131,52.44129598],[13.25969514,52.44118838],[13.2600122,52.44077648],[13.26026061,52.4401997],[13.2603268,52.43987452],[13.26033147,52.43933002],[13.26194252,52.43929921],[13.26206452,52.43939632],[13.26191834,52.43972471],[13.26173292,52.44025722],[13.26158689,52.4409493]]],[[[13.25917944,52.43935188],[13.26012454,52.43933396],[13.26013789,52.43951616],[13.26008883,52.44003975],[13.25991917,52.44054159],[13.25973418,52.44086564],[13.25942314,52.44123546],[13.25799662,52.44098815],[13.25812694,52.4405886],[13.25814785,52.44024872],[13.25807149,52.43976424],[13.25810447,52.43937207],[13.25917944,52.43935188]]],[[[13.25540511,52.44053907],[13.2555295,52.44002195],[13.25565012,52.4398045],[13.25594249,52.43941373],[13.25775119,52.43937915],[13.25788,52.43946664],[13.25786687,52.43975408],[13.25794589,52.44031186],[13.25792308,52.44057808],[13.25779829,52.44095412],[13.25540511,52.44053907]]],[[[13.26226274,52.43879594],[13.26217362,52.43916844],[13.26031199,52.43920456],[13.26023886,52.43890792],[13.2600792,52.43854443],[13.25991252,52.43829035],[13.26002782,52.43818498],[13.26207065,52.43834882],[13.26219618,52.43856935],[13.26226274,52.43879594]]],[[[13.26066188,52.43751073],[13.26071346,52.43769562],[13.26094821,52.43764517],[13.26157889,52.43794678],[13.26153894,52.43816971],[13.25966952,52.43801552],[13.25862207,52.43706745],[13.25935569,52.43676066],[13.25946545,52.43691036],[13.25926617,52.43699395],[13.25941418,52.43712832],[13.2594955,52.43709513],[13.25982195,52.43739881],[13.26044511,52.437222],[13.26066188,52.43751073]]],[[[13.26010536,52.43920849],[13.25820034,52.43924473],[13.25815294,52.43921082],[13.25834988,52.43881579],[13.25879462,52.4383524],[13.25914133,52.43811444],[13.25956526,52.43814864],[13.2598544,52.43853191],[13.2600165,52.43887755],[13.26010536,52.43920849]]],[[[13.259329,52.43798943],[13.25720045,52.43782253],[13.25714956,52.43776793],[13.25791311,52.43669938],[13.25798623,52.43669543],[13.25936757,52.43795302],[13.259329,52.43798943]]],[[[13.25750009,52.43680305],[13.25733181,52.43703843],[13.25680378,52.43689757],[13.25724182,52.43626592],[13.25714634,52.43599045],[13.25683031,52.43604805],[13.25674902,52.43590284],[13.25807592,52.43567502],[13.25825285,52.43573326],[13.25826629,52.43585754],[13.25754911,52.43681426],[13.25750009,52.43680305]]],[[[13.2576398,52.43840256],[13.25766542,52.43836831],[13.25831794,52.43857961],[13.25805738,52.43894744],[13.2579305,52.43924985],[13.25670359,52.43927352],[13.25669411,52.43908836],[13.25707611,52.43905954],[13.25712714,52.43893046],[13.25722533,52.43895621],[13.2576398,52.43840256]]]]},"properties":{"schluessel":"ES0613","bezirk":"Steglitz-Zehlendorf","gebietsname":"B-Plan X-B 11","f_gvbl_dat":"07.07.2006","f_in_kraft":"08.07.2006","ae_gvbldat":null,"ae_inkraft":null,"fl_in_ha":"44.7"},"id":"erhaltgeb_es.ES0613"},
{"type":"Feature","geometry":{"type":"MultiPolygon","coordinates":[[[[13.25601842,52.44084146],[13.25765219,52.44112486],[13.25769139,52.44116875],[13.25752109,52.44145712],[13.25727841,52.44177436],[13.25697855,52.44208425],[13.25635963,52.44255757],[13.25602746,52.44275667],[13.25495966,52.4425754],[13.25536371,52.44072788],[13.25601842,52.44084146]]],[[[13.25968661,52.44554207],[13.26019307,52.44508082],[13.26047764,52.44477825],[13.26062891,52.44477683],[13.26089563,52.44468616],[13.2619765,52.44496229],[13.26152235,52.44572437],[13.26142315,52.44599246],[13.2613988,52.44626327],[13.26142881,52.44658017],[13.26150929,52.44680077],[13.2617136,52.44715949],[13.26083767,52.44744927],[13.26016316,52.44609552],[13.26000676,52.44589796],[13.25958747,52.4456246],[13.25968661,52.44554207]]],[[[13.26689221,52.44618309],[13.26582412,52.44703681],[13.26336971,52.44596113],[13.26377383,52.44529175],[13.26504981,52.44548159],[13.26559775,52.44558681],[13.26643653,52.44580765],[13.26708752,52.44602695],[13.26689221,52.44618309]]],[[[13.2644,52.44425458],[13.26556643,52.44451192],[13.26591287,52.44455119],[13.26642069,52.44454163],[13.26674427,52.44449618],[13.26688091,52.44454011],[13.26713301,52.444962],[13.26749024,52.44569826],[13.26724421,52.44589433],[13.26641786,52.44561942],[13.26583091,52.44546784],[13.26529105,52.44535119],[13.26386546,52.4451388],[13.2644,52.44425458]]],[[[13.26729137,52.44609731],[13.26762987,52.44621391],[13.26778409,52.44649279],[13.2667195,52.44729214],[13.26342566,52.44992335],[13.26332197,52.44943896],[13.26335292,52.44926744],[13.26370431,52.44896586],[13.26729137,52.44609731]]],[[[13.26247156,52.44381909],[13.26420591,52.44421125],[13.26366433,52.44511009],[13.26255106,52.44491311],[13.26159762,52.44469826],[13.26100698,52.44454016],[13.26087375,52.4442821],[13.26124978,52.44368924],[13.261365,52.44346619],[13.26156165,52.44342851],[13.26225117,52.44375722],[13.26247156,52.44381909]]],[[[13.26471024,52.44223392],[13.2652013,52.44227324],[13.26525806,52.44260622],[13.26536946,52.44278812],[13.26506344,52.44299443],[13.26470619,52.44338328],[13.26427543,52.44409316],[13.26282553,52.44376734],[13.26366543,52.44212149],[13.26471024,52.44223392]]],[[[13.26410441,52.44789496],[13.26440794,52.44816859],[13.26326238,52.44908493],[13.26304707,52.4490644],[13.26194925,52.44719269],[13.26220573,52.44708861],[13.26270012,52.44679582],[13.26290289,52.44680157],[13.26410441,52.44789496]]],[[[13.26232613,52.44987498],[13.26191359,52.44931284],[13.26087592,52.44751009],[13.26174674,52.44721626],[13.26310084,52.44954489],[13.26313609,52.44972668],[13.26303782,52.4499751],[13.26269036,52.45027478],[13.2626122,52.45026807],[13.26232613,52.44987498]]],[[[13.25847838,52.44126596],[13.25913117,52.44137817],[13.2592096,52.44148258],[13.258609,52.44219022],[13.25838005,52.44249204],[13.25819283,52.44281933],[13.25809663,52.44317068],[13.25787651,52.44323167],[13.25719803,52.44298714],[13.25637459,52.44281258],[13.25642859,52.44269299],[13.25707372,52.44222252],[13.25731447,52.44199212],[13.25772086,52.44149616],[13.25790715,52.44116863],[13.25847838,52.44126596]]],[[[13.26081491,52.44288853],[13.26017412,52.4426179],[13.2596438,52.44244666],[13.25879786,52.44225225],[13.25948147,52.4414417],[13.26151203,52.44179414],[13.26141771,52.44245434],[13.26126054,52.4429742],[13.26106507,52.4430135],[13.26081491,52.44288853]]],[[[13.26314495,52.44679654],[13.26293007,52.44660001],[13.26327299,52.44611526],[13.2633376,52.44610003],[13.26569958,52.44713601],[13.2646451,52.44797892],[13.26443962,52.44797671],[13.26314495,52.44679654]]],[[[13.26216969,52.44500512],[13.2627538,52.44512248],[13.26357249,52.44526284],[13.26296638,52.44626188],[13.2627114,52.44657207],[13.26237633,52.44682532],[13.26187911,52.44706583],[13.26164694,52.44664464],[13.261605,52.44634531],[13.26161715,52.4460678],[13.26172987,52.44574315],[13.26216969,52.44500512]]],[[[13.26170435,52.44254979],[13.26180722,52.44196886],[13.26201103,52.4418803],[13.26346546,52.44209863],[13.26263309,52.44372271],[13.26235692,52.44364916],[13.26148011,52.44322175],[13.26170435,52.44254979]]],[[[13.26662189,52.444113],[13.26672783,52.44428748],[13.26667838,52.44437307],[13.26611625,52.44443099],[13.26571415,52.44440415],[13.26447185,52.44413654],[13.26487737,52.44345904],[13.26502558,52.44325493],[13.26548491,52.44291964],[13.26574652,52.44311884],[13.26613546,52.44331098],[13.26662189,52.444113]]],[[[13.258302,52.44439232],[13.25823826,52.44379915],[13.25846199,52.44374098],[13.25925165,52.44412295],[13.25990203,52.44437584],[13.26034635,52.4445214],[13.25999076,52.44491826],[13.2594263,52.44543922],[13.2593529,52.44544161],[13.25886192,52.44511224],[13.25852452,52.44481338],[13.258302,52.44439232]]]]},"properties":{"schluessel":"ES0614","bezirk":"Steglitz-Zehlendorf","gebietsname":"B-Plan X-B 12","f_gvbl_dat":"07.07.2006","f_in_kraft":"08.07.2006","ae_gvbldat":null,"ae_inkraft":null,"fl_in_ha":"54.3"},"id":"erhaltgeb_es.ES0614"},
{"type":"Feature","geometry":{"type":"MultiPolygon","coordinates":[[[[13.29190733,52.46673091],[13.29263056,52.46610731],[13.29384665,52.46509705],[13.29452978,52.46445562],[13.29470913,52.46439563],[13.29520744,52.46440847],[13.29584413,52.46452649],[13.29615834,52.46464645],[13.29616142,52.46469392],[13.2928244,52.46745758],[13.29166069,52.46694357],[13.29190733,52.46673091]]],[[[13.292557,52.46767914],[13.28990715,52.46987435],[13.28983284,52.46986254],[13.28968406,52.4686536],[13.29161815,52.46698024],[13.29278075,52.46749375],[13.292557,52.46767914]]],[[[13.2921795,52.46844562],[13.29247669,52.46819978],[13.29307003,52.46846638],[13.29309165,52.46844838],[13.2936841,52.46871535],[13.29218927,52.46995235],[13.29017612,52.47032965],[13.2901503,52.47012675],[13.2921795,52.46844562]]],[[[13.29557616,52.46656008],[13.2956242,52.46658171],[13.29523159,52.46690699],[13.2953275,52.46695021],[13.29493468,52.46727532],[13.29477602,52.46720388],[13.29446951,52.46745698],[13.29434795,52.46740218],[13.29408627,52.46761795],[13.29427093,52.46770122],[13.29396349,52.46795318],[13.29319478,52.4676068],[13.29642191,52.46493101],[13.29712962,52.46525358],[13.29687293,52.46546893],[13.29675238,52.46541466],[13.29583678,52.46617506],[13.29594081,52.46622194],[13.29557616,52.46656008]]],[[[13.29149568,52.4668988],[13.28971393,52.46843873],[13.28965631,52.46842899],[13.289504,52.46719966],[13.29017133,52.4666341],[13.29042526,52.4665012],[13.29098877,52.46626047],[13.29182033,52.46662032],[13.29149568,52.4668988]]],[[[13.29118995,52.46606306],[13.29133698,52.46567985],[13.29164736,52.46541531],[13.29210789,52.46522779],[13.29256646,52.46513736],[13.29358971,52.46504268],[13.2936363,52.46508972],[13.29255318,52.46598856],[13.29183736,52.46660563],[13.29100904,52.46624741],[13.29118995,52.46606306]]],[[[13.28909049,52.46553254],[13.28980576,52.46543025],[13.2902322,52.46625697],[13.28960961,52.46674604],[13.28944306,52.46676368],[13.28931718,52.46641578],[13.2888784,52.46557759],[13.28909049,52.46553254]]]]},"properties":{"schluessel":"ES0615","bezirk":"Steglitz-Zehlendorf","gebietsname":"B-Plan X-B 16","f_gvbl_dat":"10.03.2012","f_in_kraft":"11.03.2012","ae_gvbldat":null,"ae_inkraft":null,"fl_in_ha":"26.9"},"id":"erhaltgeb_es.ES0615"},
{"type":"Feature","geometry":{"type":"MultiPolygon","coordinates":[[[[13.27736301,52.45984062],[13.27516976,52.4602757],[13.27510316,52.46025159],[13.27461707,52.45864711],[13.27643756,52.45845202],[13.27828417,52.45813153],[13.27872142,52.45895051],[13.27905326,52.45950525],[13.27736301,52.45984062]]],[[[13.27782929,52.45288459],[13.27782111,52.4538084],[13.27779211,52.45382934],[13.27309887,52.454399],[13.2730575,52.45438548],[13.27254075,52.45350324],[13.27255917,52.45348118],[13.27336523,52.45333889],[13.27458935,52.45317977],[13.27780081,52.45286969],[13.27782929,52.45288459]]],[[[13.27780564,52.45394673],[13.27781996,52.45395398],[13.27781172,52.45499677],[13.27779126,52.45501647],[13.27687799,52.45500041],[13.27650172,52.45503052],[13.27575863,52.45524948],[13.27541957,52.45531754],[13.27360057,52.4555488],[13.27355888,52.45553781],[13.2731344,52.45451708],[13.27377399,52.45442878],[13.27779138,52.45393952],[13.27780564,52.45394673]]],[[[13.27680959,52.45565189],[13.27768619,52.4556535],[13.27756114,52.4562976],[13.27758148,52.45659752],[13.2777693,52.45716009],[13.2782285,52.45802829],[13.27660507,52.45831089],[13.27654036,52.45828949],[13.27639693,52.45799286],[13.27627053,52.45756868],[13.27620367,52.45704025],[13.27609333,52.45662179],[13.27581985,52.45594743],[13.27578315,52.45578685],[13.27680959,52.45565189]]],[[[13.27963643,52.45775033],[13.27839706,52.45799485],[13.27793757,52.45712751],[13.2777689,52.45665404],[13.27777432,52.45648918],[13.27946737,52.45644862],[13.27992295,52.45646037],[13.28038437,52.45652343],[13.28110159,52.45674301],[13.28163361,52.45698302],[13.28155296,52.45705731],[13.28086286,52.45746666],[13.28067434,52.45760856],[13.28016781,52.45766161],[13.27963643,52.45775033]]],[[[13.27917428,52.4596988],[13.28018056,52.4594896],[13.28021534,52.45950093],[13.28066356,52.46048067],[13.2806338,52.46050515],[13.27969249,52.46072424],[13.27927319,52.46084698],[13.27846764,52.46115059],[13.27798106,52.461398],[13.27762243,52.46126165],[13.27772865,52.4607956],[13.2776395,52.46038465],[13.27749642,52.46003157],[13.27917428,52.4596988]]],[[[13.28286938,52.45876197],[13.28114416,52.45910143],[13.2807376,52.45835746],[13.28070612,52.45800115],[13.28078588,52.45781415],[13.2810785,52.45756297],[13.28173645,52.45717352],[13.28190846,52.45704914],[13.28219686,52.4572037],[13.282516,52.45744623],[13.28275563,52.45773073],[13.28326499,52.45868362],[13.28286938,52.45876197]]],[[[13.28347025,52.46051512],[13.28347019,52.46075022],[13.28339385,52.46108816],[13.28309384,52.46187955],[13.28295194,52.46207294],[13.28273867,52.46224347],[13.28232593,52.46249985],[13.28215779,52.46247128],[13.28130721,52.46061577],[13.28132443,52.46059578],[13.28337375,52.46019249],[13.28347025,52.46051512]]],[[[13.2813793,52.45925294],[13.28321376,52.4588915],[13.28346827,52.45931405],[13.28300727,52.45940652],[13.28337168,52.46009912],[13.28128506,52.46050952],[13.28124908,52.46049321],[13.28074216,52.45939538],[13.2813793,52.45925294]]],[[[13.27749266,52.45209358],[13.27783401,52.45228816],[13.27780159,52.45276067],[13.27459492,52.45306957],[13.27369161,52.45317741],[13.27298834,52.45328764],[13.27276766,52.45290541],[13.27325361,52.45280352],[13.273344,52.4528125],[13.27340981,52.45297059],[13.27368743,52.45292766],[13.27357805,52.452736],[13.27432593,52.45260325],[13.27530752,52.45250867],[13.27533247,52.4525517],[13.27584114,52.45249328],[13.27694993,52.45223558],[13.27696136,52.45228001],[13.27749266,52.45209358]]],[[[13.28710991,52.46013716],[13.28667352,52.4601552],[13.28590522,52.46014122],[13.28573521,52.45936133],[13.28699263,52.45929439],[13.28710991,52.46013716]]],[[[13.28360087,52.4590984],[13.28349498,52.45883621],[13.28484177,52.45857241],[13.28500309,52.45891239],[13.28415935,52.45907799],[13.28420573,52.45916746],[13.28369164,52.45926968],[13.28360087,52.4590984]]]]},"properties":{"schluessel":"ES0616","bezirk":"Steglitz-Zehlendorf","gebietsname":"B-Plan X-B 18","f_gvbl_dat":"23.11.2017","f_in_kraft":"24.11.2017","ae_gvbldat":null,"ae_inkraft":null,"fl_in_ha":"48.5"},"id":"erhaltgeb_es.ES0616"},
{"type":"Feature","geometry":{"type":"MultiPolygon","coordinates":[[[[13.26515346,52.43279149],[13.26654415,52.43074327],[13.26783827,52.43077605],[13.2677909,52.43146797],[13.26771521,52.4319355],[13.26761495,52.43224101],[13.26739369,52.43269075],[13.26693811,52.43344785],[13.26522398,52.4328262],[13.26515346,52.43279149]]],[[[13.26611007,52.43103547],[13.26495692,52.43272712],[13.2643921,52.43258114],[13.26373173,52.43235464],[13.26483692,52.4306517],[13.26619921,52.43072712],[13.26627066,52.43079959],[13.26611007,52.43103547]]],[[[13.26355805,52.43229505],[13.26225495,52.43184792],[13.26308068,52.43055465],[13.26455638,52.43063393],[13.26459622,52.43067583],[13.26355805,52.43229505]]],[[[13.26178579,52.43081325],[13.26194012,52.43049227],[13.26286638,52.43054364],[13.26208307,52.43178778],[13.26142597,52.43156153],[13.26178579,52.43081325]]],[[[13.26883679,52.43120091],[13.26894965,52.43124421],[13.26870835,52.43150131],[13.26868469,52.43209885],[13.26821954,52.43202195],[13.26810608,52.43214284],[13.2678456,52.43210054],[13.26796367,52.43152798],[13.26801407,52.43078054],[13.26860189,52.43079544],[13.26858131,52.43110318],[13.26883679,52.43120091]]]]},"properties":{"schluessel":"ES0617","bezirk":"Steglitz-Zehlendorf","gebietsname":"B-Plan X-B 21","f_gvbl_dat":"30.10.2003","f_in_kraft":"31.10.2004","ae_gvbldat":null,"ae_inkraft":null,"fl_in_ha":"17.3"},"id":"erhaltgeb_es.ES0617"},
{"type":"Feature","geometry":{"type":"MultiPolygon","coordinates":[[[[13.28582671,52.46024892],[13.28712731,52.46026111],[13.28754546,52.46324372],[13.28678553,52.46330058],[13.28621078,52.4632318],[13.28504925,52.4603157],[13.2854154,52.46026194],[13.28582671,52.46024892]]],[[[13.28560052,52.46465352],[13.28418086,52.464059],[13.28199956,52.46306584],[13.2822993,52.4627777],[13.2828735,52.4623685],[13.28292137,52.46236563],[13.28366485,52.46264554],[13.28476199,52.46299319],[13.28540883,52.46316667],[13.28601906,52.46330871],[13.28666774,52.46342579],[13.2864482,52.463791],[13.28618171,52.46410055],[13.28564014,52.46464816],[13.28560052,52.46465352]]],[[[13.28010257,52.46360351],[13.27910341,52.46349897],[13.27858564,52.46346303],[13.27765672,52.46205792],[13.2775441,52.46169516],[13.27760665,52.46144974],[13.27915426,52.46201138],[13.28083771,52.46274082],[13.28171707,52.46314023],[13.28148472,52.46374871],[13.28010257,52.46360351]]],[[[13.28027856,52.46070365],[13.28073041,52.46062549],[13.28166664,52.46266586],[13.28149418,52.46283728],[13.28099323,52.4626098],[13.27929673,52.46187538],[13.27820332,52.46147783],[13.27819522,52.46142406],[13.27866723,52.46119522],[13.27938725,52.46093366],[13.28027856,52.46070365]]],[[[13.28609694,52.46485265],[13.28579359,52.46470888],[13.28610689,52.46440112],[13.28657872,52.46388187],[13.28685756,52.46342283],[13.28756555,52.46338685],[13.28764564,52.4639553],[13.28775091,52.46430824],[13.28824927,52.46526236],[13.28819847,52.4652997],[13.28731893,52.46518154],[13.28672669,52.4650477],[13.28609694,52.46485265]]],[[[13.28335637,52.46240747],[13.283035,52.46226266],[13.28332506,52.46177993],[13.28372166,52.46184444],[13.28401235,52.46183842],[13.28526432,52.46165124],[13.28585586,52.46313389],[13.28527913,52.46301705],[13.2843339,52.46274884],[13.28335637,52.46240747]]],[[[13.27822179,52.46320125],[13.27837786,52.46348641],[13.27772216,52.46353184],[13.27756238,52.4631409],[13.27743701,52.46315343],[13.27716504,52.46274476],[13.27653782,52.46153869],[13.27613103,52.46133358],[13.27631944,52.46106293],[13.2768166,52.46119012],[13.27740421,52.46137707],[13.27736854,52.4616994],[13.27744644,52.4620077],[13.27822179,52.46320125]]]]},"properties":{"schluessel":"ES0618","bezirk":"Steglitz-Zehlendorf","gebietsname":"B-Plan 6-34 B","f_gvbl_dat":"30.01.2020","f_in_kraft":"31.01.2020","ae_gvbldat":null,"ae_inkraft":null,"fl_in_ha":"27.5"},"id":"erhaltgeb_es.ES0618"},
{"type":"Feature","geometry":{"type":"Polygon","coordinates":[[[13.32764753,52.46903601],[13.32825486,52.46898902],[13.32859521,52.46899463],[13.32861844,52.47040381],[13.32930212,52.47040148],[13.3295012,52.47015305],[13.3302046,52.47057301],[13.33158722,52.46971174],[13.33206576,52.47008687],[13.33256134,52.46989237],[13.33356622,52.47102438],[13.3335683,52.47111198],[13.33376655,52.47107426],[13.3337683,52.47115194],[13.33396672,52.47112407],[13.33439123,52.47095695],[13.33420201,52.47077979],[13.33489063,52.47051428],[13.33446227,52.46967234],[13.33478973,52.46966479],[13.33492367,52.46930467],[13.33468709,52.46927179],[13.33487684,52.46873147],[13.33454496,52.46874018],[13.3348038,52.46851741],[13.3345976,52.46832648],[13.33628959,52.46766245],[13.33648646,52.46784968],[13.33717254,52.46758522],[13.33767807,52.46804513],[13.3389954,52.46907193],[13.33989843,52.46972867],[13.33989499,52.46998832],[13.33998992,52.46998551],[13.34039921,52.47024801],[13.34044889,52.47143463],[13.34108216,52.47142655],[13.34110005,52.47279868],[13.3410113,52.47279953],[13.34101828,52.4730865],[13.34110643,52.47308536],[13.34112792,52.47437913],[13.34035087,52.47437495],[13.34035265,52.474423],[13.33983836,52.47443152],[13.3397267,52.47176205],[13.33839996,52.47178893],[13.33840134,52.47184553],[13.33800917,52.47185487],[13.33800664,52.47179716],[13.33752213,52.47180593],[13.33752781,52.47191299],[13.33621976,52.47193951],[13.33621396,52.47179229],[13.33594112,52.47186028],[13.33595334,52.472409],[13.33739069,52.47355548],[13.3373911,52.47362756],[13.33628772,52.47363995],[13.33633705,52.47517615],[13.33607197,52.47517973],[13.33608099,52.47571765],[13.33595979,52.47571906],[13.33600118,52.47637624],[13.33605201,52.47675512],[13.33285988,52.47684841],[13.33283974,52.4756547],[13.32940181,52.47359306],[13.32900844,52.47383841],[13.32872499,52.47384012],[13.32812242,52.47389368],[13.3278503,52.47389569],[13.32758934,52.47370415],[13.32785659,52.47353741],[13.32721787,52.47316599],[13.32711382,52.4731669],[13.32715368,52.47299661],[13.32714537,52.47214241],[13.32684515,52.47214417],[13.32684073,52.47192865],[13.32719422,52.4719265],[13.32718375,52.47142205],[13.32713451,52.47123023],[13.3267208,52.47112916],[13.327276,52.47078139],[13.32548597,52.46971449],[13.32593914,52.46948118],[13.32658264,52.46924659],[13.32706509,52.469127],[13.32764753,52.46903601]]]},"properties":{"schluessel":"ES0701","bezirk":"Tempelhof-Schöneberg","gebietsname":"Friedenau","f_gvbl_dat":"24.07.1986","f_in_kraft":"25.07.1986","ae_gvbldat":"06.10.1988","ae_inkraft":"07.10.1988","fl_in_ha":"51.5"},"id":"erhaltgeb_es.ES0701"},
{"type":"Feature","geometry":{"type":"Polygon","coordinates":[[[13.37463315,52.47987605],[13.37415821,52.47994702],[13.37402379,52.47944061],[13.37210921,52.47944015],[13.37210787,52.48036099],[13.37208644,52.48062627],[13.3706157,52.48063676],[13.37061956,52.48023413],[13.37059496,52.47867033],[13.37056059,52.47737846],[13.37050754,52.4742003],[13.37081928,52.47345078],[13.37057722,52.47319764],[13.37190636,52.47272816],[13.37165554,52.47203865],[13.37348155,52.47200932],[13.37642427,52.47198836],[13.37808769,52.4720022],[13.37964691,52.47196521],[13.38236635,52.471551],[13.38356971,52.47154297],[13.38365649,52.4714974],[13.38559501,52.47148518],[13.38562172,52.47203788],[13.38566907,52.47416684],[13.38571258,52.47572899],[13.38576249,52.47825314],[13.38581333,52.48027374],[13.38454241,52.48028533],[13.38407201,52.48030971],[13.3822587,52.48046198],[13.38137311,52.48075755],[13.37993731,52.48118786],[13.37941622,52.48129902],[13.3782772,52.48144095],[13.37795369,52.4814068],[13.3777198,52.48146351],[13.37685926,52.4813041],[13.37621876,52.4811308],[13.37577718,52.48095504],[13.37525215,52.48066073],[13.37505082,52.48047943],[13.37479184,52.48016688],[13.37463315,52.47987605]]]},"properties":{"schluessel":"ES0702","bezirk":"Tempelhof-Schöneberg","gebietsname":"Neu-Tempelhof","f_gvbl_dat":"11.09.1991","f_in_kraft":"12.09.1991","ae_gvbldat":null,"ae_inkraft":null,"fl_in_ha":"99.1"},"id":"erhaltgeb_es.ES0702"},
{"type":"Feature","geometry":{"type":"Polygon","coordinates":[[[13.40948667,52.39536652],[13.4095609,52.3946164],[13.40992224,52.39462389],[13.40995789,52.39424391],[13.41088512,52.39436567],[13.41095375,52.39441944],[13.41090247,52.39505588],[13.41079964,52.39591472],[13.40980149,52.39585479],[13.40984033,52.39552158],[13.40947342,52.39550022],[13.40948667,52.39536652]]]},"properties":{"schluessel":"ES0703","bezirk":"Tempelhof-Schöneberg","gebietsname":"Alt-Lichtenrade","f_gvbl_dat":"15.07.1995","f_in_kraft":"16.07.1995","ae_gvbldat":null,"ae_inkraft":null,"fl_in_ha":"1.4"},"id":"erhaltgeb_es.ES0703"},
{"type":"Feature","geometry":{"type":"Polygon","coordinates":[[[13.38728922,52.39220151],[13.38721461,52.39164861],[13.3876442,52.39165085],[13.38764978,52.3913929],[13.39043561,52.39140805],[13.39047126,52.39143231],[13.39042424,52.39218836],[13.39029085,52.3921876],[13.39027962,52.39267804],[13.39032663,52.39267808],[13.39007459,52.3937678],[13.39006946,52.3939519],[13.3904146,52.39395459],[13.39123282,52.39412571],[13.39114865,52.39427974],[13.38853337,52.39426932],[13.38757765,52.3942577],[13.38736024,52.39277175],[13.38728922,52.39220151]]]},"properties":{"schluessel":"ES0704","bezirk":"Tempelhof-Schöneberg","gebietsname":"Abendrotsiedlung","f_gvbl_dat":"13.11.1996","f_in_kraft":"14.11.1996","ae_gvbldat":null,"ae_inkraft":null,"fl_in_ha":"6.4"},"id":"erhaltgeb_es.ES0704"},
{"type":"Feature","geometry":{"type":"Polygon","coordinates":[[[13.37240523,52.45259931],[13.37211485,52.45278283],[13.37161946,52.45240396],[13.36949568,52.45090454],[13.36871159,52.45050374],[13.3703843,52.44932382],[13.37394058,52.45124437],[13.37251087,52.45251583],[13.37240523,52.45259931]]]},"properties":{"schluessel":"ES0705","bezirk":"Tempelhof-Schöneberg","gebietsname":"Wolframsiedlung","f_gvbl_dat":"16.09.2000","f_in_kraft":"17.09.2000","ae_gvbldat":null,"ae_inkraft":null,"fl_in_ha":"6.2"},"id":"erhaltgeb_es.ES0705"},
{"type":"Feature","geometry":{"type":"MultiPolygon","coordinates":[[[[13.35534887,52.40315582],[13.35453276,52.40238485],[13.35424937,52.40249752],[13.35317519,52.4017122],[13.35442497,52.40096524],[13.35629135,52.4001002],[13.35735917,52.3995817],[13.3593093,52.39850187],[13.35955992,52.39839282],[13.36038335,52.39842164],[13.3603652,52.39867889],[13.36053451,52.40018971],[13.36046134,52.40019699],[13.36050613,52.40063591],[13.360577,52.40062901],[13.36087923,52.40335578],[13.3610249,52.40460779],[13.35890558,52.40534168],[13.35791201,52.40573625],[13.35522563,52.40320468],[13.35534887,52.40315582]]],[[[13.34693636,52.40529876],[13.34790824,52.40470374],[13.3492831,52.40382364],[13.35034745,52.40318363],[13.35086606,52.40288635],[13.35198388,52.40234667],[13.35338082,52.40364779],[13.35226901,52.40409437],[13.35404816,52.40575033],[13.3536554,52.40587291],[13.35403004,52.40605745],[13.3534827,52.40644222],[13.35380326,52.40659937],[13.35346814,52.40706501],[13.35115301,52.40648089],[13.34913416,52.40594586],[13.34693636,52.40529876]]]]},"properties":{"schluessel":"ES0706","bezirk":"Tempelhof-Schöneberg","gebietsname":"Stadtrandsiedlung Marienfelde I, II und III","f_gvbl_dat":"16.06.2001","f_in_kraft":"17.06.2001","ae_gvbldat":null,"ae_inkraft":null,"fl_in_ha":"37.4"},"id":"erhaltgeb_es.ES0706"},
{"type":"Feature","geometry":{"type":"Polygon","coordinates":[[[13.35454788,52.49740973],[13.35515462,52.49746479],[13.35522501,52.49759271],[13.35564845,52.49749914],[13.35538769,52.49701049],[13.35516548,52.49706108],[13.3550703,52.49687944],[13.35512797,52.49635319],[13.35550275,52.49626655],[13.35541823,52.496129],[13.35617698,52.49597231],[13.35624282,52.49684124],[13.35592088,52.49690245],[13.35628879,52.49755204],[13.35681921,52.49744943],[13.3567293,52.49728346],[13.35689783,52.49724913],[13.35694463,52.49733265],[13.35728565,52.49742742],[13.35739912,52.4976447],[13.35718885,52.49768866],[13.3573926,52.49805275],[13.35718292,52.49810142],[13.35730496,52.49833762],[13.35623634,52.49857171],[13.35613779,52.49840384],[13.35651068,52.49832716],[13.35642105,52.49815546],[13.35604422,52.49823699],[13.35613024,52.49838479],[13.35528391,52.49856246],[13.3552538,52.49850286],[13.35504628,52.49854331],[13.35507027,52.49860662],[13.35485664,52.49865077],[13.35465591,52.49820284],[13.35434739,52.4982482],[13.35454788,52.49740973]]]},"properties":{"schluessel":"ES0707","bezirk":"Tempelhof-Schöneberg","gebietsname":"Maaßenstraße","f_gvbl_dat":"06.11.2010","f_in_kraft":"07.11.2010","ae_gvbldat":null,"ae_inkraft":null,"fl_in_ha":"3.0"},"id":"erhaltgeb_es.ES0707"},
{"type":"Feature","geometry":{"type":"MultiPolygon","coordinates":[[[[13.41186525,52.39113482],[13.41227852,52.39111113],[13.41233583,52.39223063],[13.41184299,52.39225272],[13.4117418,52.39167504],[13.41099601,52.39168042],[13.41101314,52.39143474],[13.41116712,52.3911928],[13.41186525,52.39113482]]],[[[13.41213184,52.38960081],[13.41220925,52.3899493],[13.41111072,52.39009397],[13.41085135,52.38993731],[13.41064349,52.38963812],[13.4111076,52.38949535],[13.41103012,52.38936077],[13.41198084,52.38922357],[13.41213184,52.38960081]]],[[[13.40865023,52.3916695],[13.40975598,52.39156153],[13.41009538,52.39220534],[13.40944706,52.3922498],[13.40935251,52.3919714],[13.4086461,52.39203021],[13.40848114,52.39197105],[13.40837802,52.391763],[13.40865023,52.3916695]]],[[[13.40948447,52.39106488],[13.40968327,52.39150003],[13.40846171,52.39162134],[13.40830855,52.39113632],[13.40948447,52.39106488]]],[[[13.41157446,52.39287045],[13.4110696,52.39289469],[13.41079338,52.39299583],[13.41067473,52.39280618],[13.41108619,52.39271436],[13.41101868,52.39258321],[13.41099949,52.39229991],[13.41153405,52.39226656],[13.41157602,52.39251781],[13.41142731,52.39252743],[13.41144516,52.39263333],[13.41235558,52.39262167],[13.41236202,52.39282821],[13.41157446,52.39287045]]],[[[13.40948201,52.39007702],[13.40942131,52.39057787],[13.40945027,52.39085967],[13.40863631,52.39092921],[13.40871757,52.39023592],[13.40914016,52.39025133],[13.40915545,52.39009282],[13.40948201,52.39007702]]],[[[13.41022711,52.39247663],[13.41029141,52.39261127],[13.40959389,52.39268422],[13.40947906,52.39234377],[13.41013189,52.39227802],[13.41022711,52.39247663]]],[[[13.41030286,52.39174084],[13.41088397,52.39171017],[13.41086839,52.39186265],[13.4102356,52.39199068],[13.41010231,52.3917499],[13.41030286,52.39174084]]],[[[13.41151265,52.39030357],[13.41190074,52.39025951],[13.41193814,52.3904501],[13.41139176,52.39049104],[13.41138936,52.39035727],[13.41151265,52.39030357]]]]},"properties":{"schluessel":"ES0708","bezirk":"Tempelhof-Schöneberg","gebietsname":"Alt-Lichtenrade","f_gvbl_dat":"24.03.1981","f_in_kraft":"25.03.1981","ae_gvbldat":null,"ae_inkraft":null,"fl_in_ha":"3.5"},"id":"erhaltgeb_es.ES0708"},
{"type":"Feature","geometry":{"type":"MultiPolygon","coordinates":[[[[13.44348814,52.47583597],[13.44293511,52.47575903],[13.44305193,52.47544693],[13.4421247,52.475322],[13.44220253,52.47511257],[13.44343518,52.47527925],[13.44360805,52.47488583],[13.44380136,52.47490557],[13.44414593,52.47418437],[13.44478797,52.4738358],[13.44504372,52.47341473],[13.44559948,52.47348395],[13.44562788,52.47339882],[13.44601089,52.47344605],[13.44613041,52.47315613],[13.44669711,52.47323465],[13.44649589,52.47353035],[13.44685478,52.47365006],[13.44691723,52.4735647],[13.4474401,52.4738715],[13.44760632,52.47376605],[13.44793168,52.47395769],[13.44816483,52.47416158],[13.44829897,52.4745447],[13.44929457,52.47465114],[13.44922237,52.47500306],[13.44875164,52.47489435],[13.44848044,52.47516932],[13.44746851,52.47479957],[13.44742265,52.47486025],[13.44698264,52.47474356],[13.44706585,52.47501353],[13.44658002,52.4750556],[13.44656008,52.4748601],[13.44661313,52.47459094],[13.44623971,52.4744924],[13.44617943,52.474662],[13.446205,52.47528662],[13.44626862,52.4762435],[13.44570916,52.47636038],[13.44571011,52.47630826],[13.44532616,52.47576569],[13.44509658,52.47551478],[13.44480548,52.4756911],[13.44504191,52.4758871],[13.44481499,52.47603036],[13.44517172,52.4762491],[13.44491869,52.47628961],[13.44475782,52.47622648],[13.44417707,52.47657835],[13.44395484,52.47660804],[13.44316658,52.47661338],[13.44268566,52.47632264],[13.44348814,52.47583597]]],[[[13.4413391,52.4770617],[13.4410988,52.47689683],[13.44049108,52.47682569],[13.44055711,52.47666306],[13.44033311,52.47663223],[13.44038472,52.47650371],[13.44085836,52.47656665],[13.44091773,52.47641091],[13.44146639,52.47648726],[13.44143957,52.47655749],[13.44167037,52.47659344],[13.44192011,52.47674039],[13.44210268,52.47667726],[13.44255823,52.47698485],[13.44200316,52.47732818],[13.44177532,52.47728351],[13.44171733,52.47739377],[13.44113545,52.4773153],[13.44101874,52.47723559],[13.4413391,52.4770617]]]]},"properties":{"schluessel":"ES0801","bezirk":"Neukölln","gebietsname":"Rixdorf","f_gvbl_dat":"29.11.1986","f_in_kraft":"30.11.1986","ae_gvbldat":"15.06.1989","ae_inkraft":"16.06.1989","fl_in_ha":"8.4"},"id":"erhaltgeb_es.ES0801"},
{"type":"Feature","geometry":{"type":"Polygon","coordinates":[[[13.42382922,52.48037154],[13.41971133,52.47990644],[13.41937958,52.47902456],[13.41969785,52.47801241],[13.41896635,52.47792594],[13.41876228,52.47738054],[13.41916415,52.47742736],[13.41931102,52.47686667],[13.41853612,52.47677625],[13.41856449,52.47650409],[13.41943336,52.47331377],[13.41977568,52.47208733],[13.42005549,52.47207353],[13.428116,52.47296694],[13.42686711,52.4754162],[13.42623924,52.47685156],[13.42569328,52.47816035],[13.42549844,52.4787977],[13.42494859,52.48049692],[13.42382922,52.48037154]]]},"properties":{"schluessel":"ES0802","bezirk":"Neukölln","gebietsname":"Schillerpromenade","f_gvbl_dat":"09.07.1996","f_in_kraft":"10.07.1996","ae_gvbldat":"06.10.2001","ae_inkraft":"07.10.2001","fl_in_ha":"42.6"},"id":"erhaltgeb_es.ES0802"},
{"type":"Feature","geometry":{"type":"Polygon","coordinates":[[[13.45388816,52.44763621],[13.45213486,52.45198299],[13.44962771,52.45160507],[13.44959138,52.45157194],[13.44993204,52.45039871],[13.45008439,52.4496703],[13.45017633,52.4490028],[13.45022747,52.4481663],[13.45022247,52.44761793],[13.45019085,52.44710449],[13.45006794,52.44584313],[13.45018125,52.44579343],[13.45470615,52.44561649],[13.45388816,52.44763621]]]},"properties":{"schluessel":"ES0803","bezirk":"Neukölln","gebietsname":"Krugpfuhlsiedlung","f_gvbl_dat":"01.11.2008","f_in_kraft":"02.11.2008","ae_gvbldat":null,"ae_inkraft":null,"fl_in_ha":"15.6"},"id":"erhaltgeb_es.ES0803"},
{"type":"Feature","geometry":{"type":"Polygon","coordinates":[[[13.49914121,52.41944848],[13.49931562,52.41952486],[13.49902061,52.4197795],[13.49884754,52.41970571],[13.49858058,52.41991454],[13.49839578,52.41982708],[13.49895582,52.41936713],[13.49797197,52.41893864],[13.49763833,52.41914012],[13.49721988,52.41948394],[13.49758267,52.41967225],[13.49737876,52.41983837],[13.49725997,52.41978521],[13.49705825,52.41994963],[13.49718028,52.42000503],[13.49702188,52.4201375],[13.49726482,52.42025459],[13.49632948,52.42098256],[13.4961247,52.42087423],[13.49525116,52.42146414],[13.49578146,52.42172107],[13.49543653,52.42195466],[13.49503121,52.42172873],[13.49444522,52.4218042],[13.49406611,52.42163236],[13.49418659,52.42153287],[13.49371437,52.42131828],[13.49343221,52.42149401],[13.49333583,52.42137815],[13.4926077,52.42097122],[13.49243034,52.42080944],[13.49232423,52.42085326],[13.49173932,52.42033685],[13.49111759,52.42003949],[13.49143306,52.41978786],[13.49176873,52.4199483],[13.49241298,52.41950716],[13.49231847,52.41946023],[13.49248864,52.41932751],[13.49240744,52.41929437],[13.4930013,52.41884703],[13.49311945,52.41890414],[13.49381039,52.41840208],[13.49366913,52.41832926],[13.49393232,52.41815135],[13.49401509,52.4181935],[13.49506149,52.41748454],[13.49479426,52.41734621],[13.49501904,52.41717913],[13.49512397,52.41723191],[13.49525375,52.41713311],[13.49463722,52.41682328],[13.49530398,52.41644873],[13.49621446,52.41601524],[13.49625294,52.4160534],[13.49651317,52.41594394],[13.497955,52.41648859],[13.49837666,52.41669475],[13.49795663,52.41708764],[13.49787649,52.41705242],[13.4973729,52.41741897],[13.49816755,52.41779863],[13.4986488,52.41742765],[13.49914865,52.41768439],[13.49965756,52.41791751],[13.49936612,52.41816551],[13.49925788,52.41834054],[13.49916922,52.41830342],[13.49894713,52.41850421],[13.49906916,52.41855409],[13.49875125,52.41889393],[13.49951338,52.41919068],[13.49914121,52.41944848]],[[13.49598645,52.41975565],[13.49667571,52.41917824],[13.49680223,52.41916249],[13.49647369,52.41902229],[13.49664193,52.41888795],[13.49619936,52.41869101],[13.49606043,52.41880085],[13.49565143,52.41863369],[13.49537089,52.41881536],[13.49506143,52.41868902],[13.49469784,52.41901879],[13.49479982,52.41907552],[13.49441611,52.41935044],[13.49447028,52.41937351],[13.49401231,52.41975467],[13.4941717,52.41983392],[13.49363246,52.42025488],[13.49405452,52.42048119],[13.49429396,52.42028555],[13.49453187,52.42040354],[13.49466569,52.42033584],[13.49518953,52.41994793],[13.4954681,52.42008556],[13.49593521,52.41973183],[13.49598645,52.41975565]]]},"properties":{"schluessel":"ES0804","bezirk":"Neukölln","gebietsname":"Ortskern Rudow","f_gvbl_dat":"01.11.2008","f_in_kraft":"02.11.2008","ae_gvbldat":null,"ae_inkraft":null,"fl_in_ha":"15.8"},"id":"erhaltgeb_es.ES0804"},
{"type":"Feature","geometry":{"type":"Polygon","coordinates":[[[13.57574792,52.44803606],[13.57562011,52.44805878],[13.57520884,52.44836431],[13.57503658,52.44839055],[13.57456325,52.4482886],[13.57440732,52.44812719],[13.57466309,52.44766117],[13.57466178,52.44756128],[13.57364125,52.44629152],[13.5732067,52.4455219],[13.57296287,52.44498361],[13.57281711,52.4447515],[13.57243441,52.44477888],[13.57096347,52.44480737],[13.57070105,52.44472915],[13.57027964,52.44473177],[13.57027855,52.44466072],[13.57006174,52.44470788],[13.57007423,52.44418926],[13.5701199,52.44413513],[13.57099244,52.44411187],[13.57095897,52.44432957],[13.57133525,52.44433152],[13.57139328,52.44438483],[13.57228867,52.44437058],[13.57235173,52.44429751],[13.5733121,52.44419242],[13.57473474,52.44389683],[13.57500966,52.44389011],[13.57506267,52.44393939],[13.57587651,52.44391832],[13.57777195,52.44449949],[13.57913729,52.44508147],[13.57923371,52.44515692],[13.58032172,52.44564477],[13.58024984,52.44599826],[13.58002734,52.44638184],[13.57980722,52.44668111],[13.57975019,52.4470376],[13.57981044,52.44706188],[13.57972495,52.44756579],[13.57958982,52.44767424],[13.57798025,52.44816766],[13.57737596,52.44831191],[13.57574792,52.44803606]]]},"properties":{"schluessel":"ES0901","bezirk":"Treptow-Köpenick","gebietsname":"Altstadt Köpenick","f_gvbl_dat":"12.03.1993","f_in_kraft":"13.03.1993","ae_gvbldat":null,"ae_inkraft":null,"fl_in_ha":"18.7"},"id":"erhaltgeb_es.ES0901"},
{"type":"Feature","geometry":{"type":"Polygon","coordinates":[[[13.57892296,52.43932321],[13.5785139,52.43931838],[13.57858075,52.43945295],[13.57855634,52.4397873],[13.57835296,52.44009489],[13.57780261,52.4405637],[13.57711438,52.44022305],[13.57651721,52.43998427],[13.5762764,52.44027467],[13.57610229,52.44080245],[13.57608723,52.44114666],[13.57639948,52.44190918],[13.57693679,52.4417084],[13.57753261,52.44244306],[13.57840798,52.44202143],[13.57876749,52.44204129],[13.57853138,52.44215816],[13.57903774,52.44254271],[13.57925325,52.44263607],[13.57840357,52.44310745],[13.57855165,52.44323186],[13.57890641,52.44365917],[13.57852225,52.44380914],[13.57838436,52.44363306],[13.57775397,52.44379554],[13.57746767,52.44371326],[13.57670352,52.44391856],[13.57661501,52.44396672],[13.57639203,52.4438122],[13.57620396,52.44361571],[13.57608353,52.44364094],[13.57591033,52.44342572],[13.57633636,52.44328799],[13.57618173,52.44325716],[13.57611948,52.44313218],[13.57573799,52.44271235],[13.57571834,52.4426135],[13.57554401,52.44259343],[13.57554688,52.44225908],[13.57541081,52.44180828],[13.5754737,52.44141019],[13.57555601,52.44120585],[13.57572737,52.44114749],[13.57584988,52.44067972],[13.57555758,52.44064215],[13.57581553,52.44019067],[13.57607021,52.44024496],[13.57614438,52.44009277],[13.57632245,52.43990738],[13.57626396,52.43987128],[13.57648773,52.43974108],[13.57655436,52.43977941],[13.5779708,52.43899783],[13.57838444,52.43871315],[13.5788978,52.43874413],[13.57892296,52.43932321]]]},"properties":{"schluessel":"ES0902","bezirk":"Treptow-Köpenick","gebietsname":"Kietz-Vorstadt","f_gvbl_dat":"12.03.1993","f_in_kraft":"13.03.1993","ae_gvbldat":null,"ae_inkraft":null,"fl_in_ha":"6.4"},"id":"erhaltgeb_es.ES0902"},
{"type":"Feature","geometry":{"type":"Polygon","coordinates":[[[13.63045933,52.44802422],[13.63006831,52.44801419],[13.63006086,52.44814364],[13.62935601,52.44812264],[13.62930315,52.44984728],[13.62930871,52.45012127],[13.63238641,52.45020839],[13.63236536,52.45116741],[13.63154509,52.45114272],[13.63154091,52.45119903],[13.62892306,52.45111857],[13.62886316,52.45229028],[13.63012946,52.45232829],[13.63013191,52.45285509],[13.6302061,52.45285757],[13.6301737,52.45326534],[13.63258271,52.45333579],[13.63258641,52.45320578],[13.63352714,52.45320951],[13.63352505,52.45340019],[13.63406285,52.45340452],[13.63405637,52.45360146],[13.63424363,52.45360345],[13.63423277,52.45422548],[13.63321867,52.45477296],[13.63297599,52.45460741],[13.63228288,52.45459441],[13.63224453,52.45539328],[13.63256261,52.45540104],[13.63264134,52.45666007],[13.62932563,52.45675072],[13.62760819,52.45680978],[13.62589748,52.45685213],[13.62536132,52.45708942],[13.62382833,52.45712951],[13.62302705,52.45710978],[13.62248403,52.45706228],[13.62205289,52.45705045],[13.62167791,52.45700324],[13.6216387,52.45678758],[13.62121138,52.45678335],[13.62136898,52.45642608],[13.62156826,52.45610593],[13.61753552,52.45519566],[13.61765093,52.45508763],[13.61760019,52.45402039],[13.61739022,52.45114579],[13.61740445,52.45111127],[13.61830215,52.45103432],[13.62003622,52.45078213],[13.62003667,52.44939013],[13.62031459,52.44938759],[13.62041561,52.45012619],[13.62108823,52.45010632],[13.62109769,52.45014759],[13.62141969,52.45013925],[13.62142634,52.45024082],[13.62172127,52.45023128],[13.62171404,52.45016148],[13.62301657,52.45010231],[13.62303106,52.45025016],[13.62370389,52.45021847],[13.62358384,52.44933702],[13.62338842,52.44919519],[13.62315651,52.44741509],[13.62300623,52.44742269],[13.62295509,52.44709674],[13.62346599,52.44705252],[13.62344821,52.44672861],[13.62296746,52.44669337],[13.62273746,52.44663714],[13.6219526,52.44638576],[13.62010294,52.44602098],[13.61971157,52.44606185],[13.61779106,52.44641268],[13.61688313,52.4466003],[13.61685083,52.44626527],[13.61638379,52.4456357],[13.61726302,52.44531042],[13.61782357,52.44499232],[13.61890794,52.44524652],[13.62069792,52.44558224],[13.62323294,52.44567187],[13.62432932,52.44559919],[13.62530526,52.44539148],[13.62577358,52.44514382],[13.62571093,52.44502409],[13.62575845,52.44489757],[13.62594579,52.4447393],[13.62649388,52.44442685],[13.62681321,52.44432166],[13.62766353,52.44415997],[13.62783057,52.44414966],[13.62818163,52.44421261],[13.62842986,52.44442456],[13.62869567,52.44456716],[13.62930071,52.44478659],[13.62984362,52.4451291],[13.63034657,52.44536775],[13.63080735,52.4456474],[13.6312804,52.44587111],[13.63187217,52.44620958],[13.63227705,52.44635364],[13.6331123,52.44669255],[13.63396919,52.44684302],[13.63502263,52.44700402],[13.63574113,52.44708131],[13.63697061,52.4470888],[13.63868532,52.44685707],[13.63870812,52.44713304],[13.63824697,52.44741688],[13.63825799,52.44759275],[13.6385771,52.44771345],[13.6385746,52.44810496],[13.63811755,52.4481036],[13.63784808,52.44813241],[13.63673063,52.44812204],[13.63673018,52.44818157],[13.63645227,52.44814078],[13.63614383,52.44818],[13.63559121,52.44817623],[13.63558856,52.44821733],[13.63489306,52.44820625],[13.63489516,52.44811485],[13.6335943,52.44810606],[13.63359329,52.44822298],[13.63326817,52.44822225],[13.63327051,52.44808905],[13.63272097,52.44808632],[13.63045933,52.44802422]],[[13.61919061,52.45368926],[13.61977991,52.45366932],[13.61983291,52.45411001],[13.62028454,52.45409317],[13.62030447,52.45430066],[13.61984811,52.45431604],[13.619874,52.45466551],[13.6199482,52.4549358],[13.62129287,52.45489793],[13.62129651,52.45492684],[13.62226041,52.45487468],[13.62403736,52.45480145],[13.62398155,52.45440367],[13.62376073,52.45254062],[13.62406611,52.45252872],[13.62400472,52.45202038],[13.62404105,52.45201876],[13.62394506,52.45122533],[13.62371138,52.45123813],[13.62368131,52.45100821],[13.62318229,52.45101369],[13.62311564,52.45048553],[13.62047957,52.45059235],[13.62042946,52.45059968],[13.62047728,52.45103413],[13.62053782,52.45103376],[13.62050966,52.45126616],[13.62054905,52.45158888],[13.62060649,52.4515915],[13.62078207,52.45299067],[13.61893395,52.45304952],[13.61918231,52.45323135],[13.61919061,52.45368926]]]},"properties":{"schluessel":"ES0903","bezirk":"Treptow-Köpenick","gebietsname":"Friedrichshagen","f_gvbl_dat":"12.03.1993","f_in_kraft":"13.03.1993","ae_gvbldat":null,"ae_inkraft":null,"fl_in_ha":"95.5"},"id":"erhaltgeb_es.ES0903"},
{"type":"Feature","geometry":{"type":"Polygon","coordinates":[[[13.50825461,52.46370313],[13.50884902,52.46367708],[13.51000569,52.46338738],[13.51445203,52.46238951],[13.51839522,52.46149855],[13.51809457,52.46100092],[13.51834898,52.46094242],[13.51843843,52.46109325],[13.51901605,52.46096483],[13.51874122,52.46050012],[13.51928538,52.46037619],[13.51968019,52.46104436],[13.52050755,52.46085779],[13.51990514,52.4597291],[13.5205324,52.45960569],[13.52060981,52.45974373],[13.52070798,52.45967721],[13.52109838,52.45960912],[13.52136124,52.45983696],[13.52162461,52.46033074],[13.52187366,52.46055098],[13.52551458,52.45897255],[13.52600934,52.45876826],[13.52655266,52.45851012],[13.52683728,52.45833422],[13.52796647,52.4574944],[13.52831756,52.45767042],[13.52809539,52.4578453],[13.52824922,52.4579256],[13.52778959,52.45823707],[13.52807038,52.45837785],[13.52998403,52.45946671],[13.53136448,52.45860054],[13.53146003,52.45859934],[13.53276555,52.45927313],[13.53118361,52.46091087],[13.53112311,52.46091417],[13.52938232,52.45991889],[13.52872904,52.46034433],[13.52843219,52.46016873],[13.5265546,52.46104727],[13.52516233,52.46168973],[13.5255671,52.46201309],[13.52389072,52.46275823],[13.52482075,52.46358802],[13.5243906,52.4637816],[13.52537598,52.46459813],[13.52535511,52.46466962],[13.52058049,52.46672691],[13.51991996,52.46694045],[13.51948213,52.46703447],[13.51749259,52.46743017],[13.51694074,52.46759869],[13.51454546,52.46856035],[13.51424296,52.46840292],[13.51397911,52.46816153],[13.51347129,52.46762053],[13.51265421,52.46843856],[13.51069154,52.4703726],[13.51058918,52.47039113],[13.5097906,52.470237],[13.50945467,52.47014136],[13.50992733,52.46966257],[13.50928902,52.46954482],[13.5092602,52.46917883],[13.50894458,52.46690362],[13.50833932,52.46681527],[13.50770966,52.46667537],[13.50650992,52.46630237],[13.50646832,52.46621346],[13.50716276,52.46537214],[13.50584897,52.46496038],[13.50575766,52.46488953],[13.50667882,52.46380458],[13.50543009,52.46341716],[13.50578811,52.46322682],[13.50685276,52.462757],[13.50735289,52.46324057],[13.50782498,52.46352852],[13.50825461,52.46370313]]]},"properties":{"schluessel":"ES0904","bezirk":"Treptow-Köpenick","gebietsname":"Oberschöneweide","f_gvbl_dat":"22.12.2004","f_in_kraft":"23.12.2004","ae_gvbldat":null,"ae_inkraft":null,"fl_in_ha":"89.8"},"id":"erhaltgeb_es.ES0904"},
{"type":"Feature","geometry":{"type":"Polygon","coordinates":[[[13.60297137,52.4498767],[13.60330682,52.45022744],[13.60378937,52.45006111],[13.60418629,52.45047612],[13.60246959,52.45100441],[13.60075036,52.45154579],[13.59918308,52.45202732],[13.59778314,52.45246616],[13.59619181,52.45295457],[13.59580002,52.45299417],[13.59546654,52.45297427],[13.5951077,52.452888],[13.59453845,52.45285954],[13.59376034,52.45287338],[13.5936506,52.45284161],[13.59361529,52.45241385],[13.59363513,52.45207067],[13.59355121,52.45121537],[13.59349549,52.4511922],[13.59352991,52.45070527],[13.59364479,52.45003534],[13.59403793,52.45011951],[13.59432312,52.45025318],[13.5948085,52.45035782],[13.59550792,52.45038394],[13.59690983,52.45033847],[13.59778537,52.45025788],[13.59853278,52.45012676],[13.59895317,52.45008142],[13.59937131,52.45014597],[13.59988349,52.45017048],[13.60062334,52.45006409],[13.60169666,52.45009846],[13.60232159,52.45002935],[13.60297137,52.4498767]]]},"properties":{"schluessel":"ES0905","bezirk":"Treptow-Köpenick","gebietsname":"Hirschgarten","f_gvbl_dat":"27.07.1999","f_in_kraft":"28.07.1999","ae_gvbldat":null,"ae_inkraft":null,"fl_in_ha":"14.6"},"id":"erhaltgeb_es.ES0905"},
{"type":"Feature","geometry":{"type":"Polygon","coordinates":[[[13.68817132,52.42967997],[13.68864245,52.42986608],[13.68884344,52.43000288],[13.68913082,52.43004432],[13.68939764,52.43026558],[13.6899269,52.43054844],[13.69034394,52.43083281],[13.69112846,52.43080128],[13.69141147,52.43087419],[13.691277,52.43103757],[13.69113598,52.43105799],[13.69115874,52.43119124],[13.69097221,52.43140272],[13.69105201,52.4313901],[13.69208318,52.43162121],[13.69230701,52.43171908],[13.69210184,52.43196273],[13.69192283,52.43204365],[13.69082157,52.43158158],[13.69073537,52.43188828],[13.69012007,52.43192301],[13.69010779,52.4319705],[13.68963269,52.43191417],[13.68960328,52.43195653],[13.68909611,52.43182507],[13.68872013,52.43167643],[13.68840394,52.43149315],[13.68845201,52.43145087],[13.68811883,52.4313475],[13.68779711,52.4315485],[13.68718357,52.43106363],[13.68703342,52.43086189],[13.68613588,52.4307361],[13.68600871,52.43065665],[13.68609993,52.4303944],[13.68628656,52.43001358],[13.68627807,52.42983483],[13.6865777,52.42959571],[13.68694169,52.42943123],[13.68724981,52.42938438],[13.68769204,52.42949208],[13.68802523,52.42965507],[13.68817132,52.42967997]]]},"properties":{"schluessel":"ES0906","bezirk":"Treptow-Köpenick","gebietsname":"Alter Dorfkern Rahnsdorf","f_gvbl_dat":"25.01.2001","f_in_kraft":"26.01.2001","ae_gvbldat":null,"ae_inkraft":null,"fl_in_ha":"5.8"},"id":"erhaltgeb_es.ES0906"},
{"type":"Feature","geometry":{"type":"Polygon","coordinates":[[[13.7249273,52.42063595],[13.72522405,52.42070624],[13.72514359,52.4208403],[13.72490337,52.42170618],[13.72470004,52.42224724],[13.7247531,52.42264855],[13.72498636,52.42306004],[13.72494914,52.42306748],[13.72518947,52.42348721],[13.7258064,52.42407021],[13.72576708,52.42408093],[13.72618638,52.42447983],[13.72628839,52.42452175],[13.72682387,52.42498304],[13.72678384,52.4250214],[13.7270235,52.42521604],[13.72748782,52.42544893],[13.72808023,52.42568248],[13.7288043,52.42581817],[13.7311828,52.42595255],[13.73176438,52.42599706],[13.73315081,52.42619096],[13.73372163,52.42632541],[13.73420371,52.42639483],[13.73418575,52.42646877],[13.73461334,52.4266152],[13.73432045,52.42694709],[13.73414589,52.42747476],[13.73367145,52.42751213],[13.73363721,52.42760756],[13.73222294,52.42798008],[13.73037997,52.42860569],[13.72849654,52.42791526],[13.72731785,52.42744871],[13.7246215,52.42643469],[13.72335702,52.4259772],[13.72143833,52.42532606],[13.72097704,52.42510033],[13.71851794,52.42373234],[13.71796179,52.42442402],[13.71729138,52.42513922],[13.71684016,52.4255228],[13.71646961,52.42578167],[13.7160296,52.42603497],[13.71420858,52.42688424],[13.71413053,52.42684466],[13.7138203,52.42692932],[13.71312964,52.4261602],[13.7135502,52.42617041],[13.71382797,52.42612063],[13.7139514,52.42604129],[13.71414166,52.426059],[13.71449709,52.42590109],[13.71564258,52.4252794],[13.71592191,52.42507904],[13.71640099,52.42457761],[13.71754343,52.42343801],[13.71811638,52.42290536],[13.71871673,52.42246151],[13.71976951,52.42182099],[13.71975346,52.42174804],[13.72023391,52.42146441],[13.7211884,52.42107025],[13.72155963,52.42094877],[13.72211287,52.42081518],[13.7228563,52.42067622],[13.72386396,52.42060128],[13.7249273,52.42063595]]]},"properties":{"schluessel":"ES0907","bezirk":"Treptow-Köpenick","gebietsname":"Teilbereich Hessenwinkel","f_gvbl_dat":"21.04.2001","f_in_kraft":"22.04.2001","ae_gvbldat":null,"ae_inkraft":null,"fl_in_ha":"39.8"},"id":"erhaltgeb_es.ES0907"},
{"type":"Feature","geometry":{"type":"Polygon","coordinates":[[[13.7224093,52.43495393],[13.72236342,52.43495999],[13.72247737,52.43535335],[13.72252341,52.43534963],[13.72280318,52.43627758],[13.72280678,52.43714202],[13.72259883,52.43724203],[13.72230921,52.43768154],[13.72180276,52.438398],[13.72154663,52.4386306],[13.72087412,52.43932589],[13.72008119,52.44029839],[13.71954422,52.44063307],[13.7194985,52.44063633],[13.71943134,52.44125547],[13.71915171,52.44170475],[13.71866729,52.44160571],[13.71760949,52.44106966],[13.71714406,52.44140798],[13.7133911,52.43951089],[13.71297738,52.43872327],[13.71303554,52.43875504],[13.71346544,52.43845128],[13.714465,52.43595689],[13.71394427,52.43587831],[13.7138861,52.43592504],[13.71362315,52.435575],[13.71359705,52.43545325],[13.71342529,52.43521645],[13.71340898,52.43495895],[13.71265701,52.43450434],[13.7124186,52.43465277],[13.71194559,52.43428793],[13.71214165,52.43416247],[13.71203582,52.43396654],[13.711917,52.43403848],[13.71172216,52.43392828],[13.7122286,52.43360976],[13.71307154,52.43340447],[13.71314592,52.43353088],[13.7136064,52.4337158],[13.71382185,52.43357955],[13.71394462,52.4337432],[13.71455802,52.43435704],[13.71507269,52.43421862],[13.71510557,52.43429689],[13.71561036,52.43427963],[13.7159369,52.43476354],[13.71883611,52.43394109],[13.71891328,52.43481715],[13.72220386,52.43449308],[13.7224093,52.43495393]]]},"properties":{"schluessel":"ES0908","bezirk":"Treptow-Köpenick","gebietsname":"Wilhelmshagen","f_gvbl_dat":"21.04.2001","f_in_kraft":"22.04.2001","ae_gvbldat":null,"ae_inkraft":null,"fl_in_ha":"40.8"},"id":"erhaltgeb_es.ES0908"},
{"type":"Feature","geometry":{"type":"Polygon","coordinates":[[[13.58896998,52.47115913],[13.58915942,52.47106988],[13.58956734,52.47139711],[13.58709431,52.47257901],[13.58604268,52.47307475],[13.58512529,52.47235021],[13.58365754,52.47305011],[13.58300801,52.47254299],[13.58359731,52.47226188],[13.58248645,52.47139465],[13.58221005,52.47105252],[13.58204529,52.470693],[13.58182615,52.47009696],[13.58322455,52.46988241],[13.58305248,52.46941483],[13.58440837,52.46922309],[13.58458454,52.46967111],[13.58577903,52.46946733],[13.58724216,52.46914981],[13.58750112,52.46902276],[13.58862933,52.46986852],[13.58884116,52.47007308],[13.58805175,52.47044721],[13.58896998,52.47115913]]]},"properties":{"schluessel":"ES0909","bezirk":"Treptow-Köpenick","gebietsname":"Pflanzgartensiedlung","f_gvbl_dat":"16.11.2004","f_in_kraft":"17.11.2004","ae_gvbldat":null,"ae_inkraft":null,"fl_in_ha":"14.7"},"id":"erhaltgeb_es.ES0909"},
{"type":"Feature","geometry":{"type":"Polygon","coordinates":[[[13.48290786,52.47959085],[13.48288229,52.47962223],[13.47958524,52.47789294],[13.48012837,52.47752642],[13.48327936,52.47917896],[13.48290786,52.47959085]]]},"properties":{"schluessel":"ES0910","bezirk":"Treptow-Köpenick","gebietsname":"Wohnanlage Dammweg","f_gvbl_dat":"20.09.2007","f_in_kraft":"21.09.2007","ae_gvbldat":null,"ae_inkraft":null,"fl_in_ha":"1.5"},"id":"erhaltgeb_es.ES0910"},
{"type":"Feature","geometry":{"type":"Polygon","coordinates":[[[13.66177456,52.41332123],[13.66104588,52.41281573],[13.66084136,52.41269704],[13.65986586,52.41203404],[13.66020304,52.41184597],[13.66055014,52.41170017],[13.66087712,52.41151616],[13.66092756,52.41155027],[13.66124854,52.41137114],[13.6612069,52.41134294],[13.66200638,52.41088652],[13.66183148,52.41076715],[13.662977,52.41035062],[13.66306717,52.41041183],[13.66336999,52.41023932],[13.66388421,52.41058423],[13.66441874,52.41019642],[13.66476851,52.4103283],[13.66436187,52.41078552],[13.6644663,52.41094706],[13.66535608,52.41154432],[13.66482108,52.41197871],[13.66485673,52.41200185],[13.66422327,52.41237524],[13.66373343,52.41261588],[13.66339331,52.41282797],[13.66345174,52.41286867],[13.66231087,52.41328909],[13.6621034,52.41314416],[13.66177456,52.41332123]]]},"properties":{"schluessel":"ES0911","bezirk":"Treptow-Köpenick","gebietsname":"Dorfkern Alt-Müggelheim","f_gvbl_dat":"06.03.2008","f_in_kraft":"07.03.2008","ae_gvbldat":null,"ae_inkraft":null,"fl_in_ha":"7.0"},"id":"erhaltgeb_es.ES0911"},
{"type":"Feature","geometry":{"type":"Polygon","coordinates":[[[13.58917037,52.46891772],[13.58922008,52.46895666],[13.58899177,52.46906904],[13.58920864,52.46919425],[13.58898877,52.4693032],[13.58936922,52.46952424],[13.58902026,52.46974458],[13.58766151,52.46872664],[13.58754994,52.46863165],[13.58834912,52.4682754],[13.58917037,52.46891772]]]},"properties":{"schluessel":"ES0912","bezirk":"Treptow-Köpenick","gebietsname":"Mahlsdorfer Straße 54 bis 61 und Genovevastraße 2","f_gvbl_dat":"24.12.2020","f_in_kraft":"25.12.2020","ae_gvbldat":null,"ae_inkraft":null,"fl_in_ha":"0.9"},"id":"erhaltgeb_es.ES0912"},
{"type":"Feature","geometry":{"type":"Polygon","coordinates":[[[13.48660836,52.57662043],[13.4867053,52.57681281],[13.48687641,52.5776572],[13.48656675,52.57805462],[13.48641236,52.57881056],[13.48632369,52.5790137],[13.4859014,52.57940165],[13.48578718,52.57984032],[13.48579765,52.58044693],[13.48595822,52.58128143],[13.48659304,52.58249501],[13.48663494,52.58261626],[13.48395776,52.58271875],[13.48338927,52.58278713],[13.48346587,52.58304898],[13.4826401,52.58320768],[13.48050132,52.58364947],[13.48027418,52.58290853],[13.48000982,52.58224996],[13.47982252,52.58158726],[13.47973087,52.58116723],[13.47972189,52.58078215],[13.47977078,52.58055566],[13.4796899,52.58009335],[13.47973541,52.57960359],[13.47994277,52.57920124],[13.48027124,52.57783603],[13.48040181,52.57785495],[13.48045268,52.57772614],[13.48014772,52.57774228],[13.47999041,52.57769491],[13.4799145,52.57541502],[13.47981791,52.57542553],[13.47974518,52.57514982],[13.48008094,52.57513816],[13.48007663,52.57502195],[13.47979103,52.57451261],[13.47962513,52.5737781],[13.47962077,52.57352968],[13.4798879,52.57351081],[13.47985561,52.57332471],[13.4795754,52.57334131],[13.47945941,52.5726941],[13.48027752,52.57260726],[13.48105418,52.57261833],[13.48154391,52.57258364],[13.48202704,52.5724944],[13.48257096,52.57256176],[13.48273903,52.57262216],[13.48395489,52.57283666],[13.48505997,52.57275872],[13.48513963,52.57280582],[13.48506071,52.57308575],[13.48504969,52.57346299],[13.48510122,52.57405305],[13.48559806,52.5751313],[13.4854206,52.57514453],[13.48562065,52.57612993],[13.4863286,52.57606525],[13.48660836,52.57662043]]]},"properties":{"schluessel":"ES1101","bezirk":"Lichtenberg","gebietsname":"Dorf Malchow","f_gvbl_dat":"09.11.1993","f_in_kraft":"10.11.1993","ae_gvbldat":"06.11.2018","ae_inkraft":"07.11.2018","fl_in_ha":"47.4"},"id":"erhaltgeb_es.ES1101"},
{"type":"Feature","geometry":{"type":"Polygon","coordinates":[[[13.51308359,52.5728372],[13.51414581,52.57276595],[13.51444149,52.57272666],[13.51532025,52.5724858],[13.51549248,52.57245483],[13.51635783,52.57238169],[13.5169846,52.5723676],[13.51708176,52.57266883],[13.51790522,52.57258615],[13.51872768,52.57246882],[13.51950436,52.57239025],[13.52064184,52.57241682],[13.52096174,52.57210832],[13.5216447,52.57203976],[13.52176013,52.57211727],[13.52149985,52.57282491],[13.52165116,52.5728844],[13.52252456,52.57292369],[13.52233246,52.57393416],[13.52278772,52.57396486],[13.52272792,52.57418647],[13.52284328,52.57465222],[13.52126624,52.57496867],[13.52095023,52.57437388],[13.52081967,52.5743996],[13.5205338,52.57426229],[13.52030313,52.57441405],[13.52051751,52.57457896],[13.51994566,52.5748611],[13.5197685,52.5748974],[13.52002776,52.57539222],[13.51929069,52.57553533],[13.51922248,52.57541245],[13.51899849,52.57545747],[13.51912835,52.57570608],[13.51863977,52.57581116],[13.5188869,52.57627474],[13.51679868,52.57673735],[13.51525973,52.57711612],[13.51488897,52.57727333],[13.51449307,52.57733452],[13.51435492,52.57697726],[13.51247572,52.57704051],[13.51240399,52.57596525],[13.51234469,52.57596699],[13.5122948,52.57541185],[13.51217622,52.57541523],[13.51211563,52.57471451],[13.51342617,52.57466823],[13.51302122,52.57383461],[13.51306986,52.57370819],[13.51308359,52.5728372]]]},"properties":{"schluessel":"ES1102","bezirk":"Lichtenberg","gebietsname":"Dorf Wartenberg","f_gvbl_dat":"09.11.1993","f_in_kraft":"10.11.1993","ae_gvbldat":null,"ae_inkraft":null,"fl_in_ha":"26.7"},"id":"erhaltgeb_es.ES1102"},
{"type":"Feature","geometry":{"type":"Polygon","coordinates":[[[13.54405236,52.56993441],[13.54274096,52.57031477],[13.53933717,52.57115437],[13.53844703,52.57129525],[13.53778676,52.57138118],[13.53684121,52.57146935],[13.53589928,52.57157509],[13.53573948,52.57165221],[13.53558053,52.57142439],[13.53466012,52.57151837],[13.5336013,52.57168886],[13.53342085,52.57163343],[13.533259,52.57129193],[13.53305005,52.57131005],[13.53288895,52.5709337],[13.53252964,52.57097914],[13.5317357,52.57122477],[13.53105758,52.57029775],[13.53142686,52.5701883],[13.5316887,52.57004452],[13.53285271,52.57028216],[13.53254337,52.57006012],[13.53248569,52.56994202],[13.53430264,52.56898352],[13.53490079,52.56876393],[13.53546101,52.56859134],[13.53633907,52.56821542],[13.53644955,52.56830626],[13.53770055,52.56783666],[13.53795056,52.5678217],[13.53817862,52.56774855],[13.53867377,52.5675219],[13.53982714,52.56704839],[13.54050933,52.56688948],[13.54213277,52.56612204],[13.54259408,52.56621501],[13.54391712,52.56661825],[13.54458349,52.56690906],[13.5455821,52.56773641],[13.54573364,52.56779081],[13.54744783,52.56818508],[13.54730223,52.56841104],[13.54748111,52.56870453],[13.54743965,52.56882008],[13.54761863,52.56909941],[13.54691018,52.56924172],[13.54579973,52.56949459],[13.54502226,52.56964855],[13.54405236,52.56993441]]]},"properties":{"schluessel":"ES1103","bezirk":"Lichtenberg","gebietsname":"Dorf Falkenberg","f_gvbl_dat":"09.11.1993","f_in_kraft":"10.11.1993","ae_gvbldat":null,"ae_inkraft":null,"fl_in_ha":"34.9"},"id":"erhaltgeb_es.ES1103"},
{"type":"Feature","geometry":{"type":"Polygon","coordinates":[[[13.47601639,52.50520669],[13.47552559,52.50490918],[13.4751709,52.5045466],[13.47508199,52.50425807],[13.47507475,52.50367345],[13.47511372,52.50343489],[13.47500786,52.50321413],[13.47486193,52.50270392],[13.4753496,52.50260553],[13.47540771,52.50256044],[13.47536821,52.50224246],[13.47522519,52.50193356],[13.47712251,52.50159782],[13.47764786,52.50155361],[13.4777843,52.50158584],[13.4788355,52.50134357],[13.47964524,52.50106254],[13.4810545,52.50053224],[13.4822533,52.50011064],[13.48380531,52.50088815],[13.48332092,52.5020203],[13.48294899,52.50296141],[13.48298456,52.50317722],[13.48289014,52.50338645],[13.48274763,52.50350888],[13.48243319,52.50422412],[13.48227253,52.50451365],[13.48203384,52.50484192],[13.48172152,52.50515702],[13.48132593,52.50547194],[13.48087361,52.50575368],[13.48061045,52.50587859],[13.4792717,52.50642834],[13.47845357,52.5067327],[13.47748399,52.50694743],[13.47739625,52.50682416],[13.47639179,52.50569794],[13.47643811,52.50566971],[13.47628663,52.50539298],[13.47601639,52.50520669]]]},"properties":{"schluessel":"ES1104","bezirk":"Lichtenberg","gebietsname":"Kaskelstraße / Viktoriastadt","f_gvbl_dat":"04.11.1997","f_in_kraft":"05.11.1997","ae_gvbldat":"22.12.2004","ae_inkraft":"23.12.2004","fl_in_ha":"28.1"},"id":"erhaltgeb_es.ES1104"},
{"type":"Feature","geometry":{"type":"Polygon","coordinates":[[[13.51357816,52.48475068],[13.51344812,52.48443873],[13.51299773,52.48347721],[13.5148007,52.48267736],[13.51382084,52.48184409],[13.51588653,52.4807234],[13.52029725,52.47832143],[13.52328088,52.47671282],[13.52437946,52.47768078],[13.52457612,52.47789818],[13.52467747,52.47812404],[13.525334,52.48019558],[13.52217186,52.48158104],[13.52073739,52.48220395],[13.51941252,52.48279729],[13.518326,52.48398341],[13.51521137,52.48535432],[13.51415121,52.48495341],[13.51357816,52.48475068]]]},"properties":{"schluessel":"ES1105","bezirk":"Lichtenberg","gebietsname":"Seen- / Prinzenviertel","f_gvbl_dat":"26.03.1999","f_in_kraft":"27.03.1999","ae_gvbldat":null,"ae_inkraft":null,"fl_in_ha":"34.3"},"id":"erhaltgeb_es.ES1105"},
{"type":"Feature","geometry":{"type":"Polygon","coordinates":[[[13.50615495,52.55409815],[13.50559243,52.55361265],[13.5052007,52.5532424],[13.5060794,52.55296205],[13.50582258,52.55253139],[13.5065526,52.55221643],[13.50609241,52.55182231],[13.50770575,52.55113355],[13.5086112,52.55205107],[13.50953429,52.55284607],[13.50883113,52.5531502],[13.50854957,52.5529022],[13.50764899,52.5532972],[13.50773965,52.55340573],[13.50615495,52.55409815]]]},"properties":{"schluessel":"ES1106","bezirk":"Lichtenberg","gebietsname":"Siedlung Paul-Koenig-Straße / Titastraße","f_gvbl_dat":"01.06.2001","f_in_kraft":"02.06.2001","ae_gvbldat":null,"ae_inkraft":null,"fl_in_ha":"4.5"},"id":"erhaltgeb_es.ES1106"},
{"type":"Feature","geometry":{"type":"Polygon","coordinates":[[[13.3073782,52.64508771],[13.30563384,52.64719892],[13.30343744,52.64984659],[13.30257992,52.65092345],[13.30205355,52.65153512],[13.30043088,52.65350456],[13.309969,52.65735209],[13.31010231,52.65739476],[13.30999648,52.65748395],[13.30966978,52.65736239],[13.30919581,52.65774068],[13.30864036,52.65799943],[13.3088391,52.6582158],[13.30866995,52.65835625],[13.30767627,52.65892865],[13.3073642,52.65927484],[13.30712215,52.65961781],[13.30408884,52.65938826],[13.30292046,52.65926304],[13.3025291,52.6592041],[13.30143097,52.65923353],[13.3005704,52.65929272],[13.29930588,52.65927764],[13.29854814,52.65930116],[13.29737223,52.65929655],[13.29554601,52.65930078],[13.2944944,52.6593463],[13.2936808,52.65935939],[13.29313229,52.65944795],[13.29019562,52.65985923],[13.28903226,52.65995074],[13.28825988,52.65996916],[13.28774741,52.65983639],[13.28766526,52.65995349],[13.28716761,52.6599394],[13.28543508,52.66033356],[13.28432085,52.66046355],[13.28388149,52.66048756],[13.28331557,52.6605812],[13.28277492,52.6607401],[13.28205072,52.65405341],[13.28194982,52.65274827],[13.28514496,52.65262425],[13.28509294,52.65212114],[13.28502559,52.6510902],[13.2848248,52.64971977],[13.2846804,52.6488207],[13.28461836,52.64833045],[13.28450601,52.64828626],[13.28423246,52.64845713],[13.28457861,52.64794825],[13.28453209,52.64749946],[13.28448445,52.64660255],[13.2843513,52.64570806],[13.28428132,52.6448122],[13.28421185,52.64437226],[13.28409261,52.64321942],[13.28390835,52.64208966],[13.28383899,52.64111723],[13.28331636,52.6410378],[13.2824737,52.64102251],[13.28077931,52.64084908],[13.27695588,52.64028914],[13.27646389,52.64020573],[13.27425059,52.64027187],[13.27197818,52.63986555],[13.26960271,52.63971122],[13.26624831,52.64011327],[13.26215663,52.64068415],[13.26235834,52.6399477],[13.26223333,52.63993456],[13.26241238,52.63906127],[13.26266161,52.63864957],[13.26316121,52.63807831],[13.26341066,52.63776176],[13.26378019,52.63739392],[13.26468603,52.6359745],[13.26520693,52.6345318],[13.26483899,52.63156086],[13.26462034,52.62990446],[13.26423327,52.62685691],[13.2649627,52.62651783],[13.26579789,52.62630733],[13.26722494,52.62623507],[13.26778434,52.62602313],[13.2682616,52.62600681],[13.26893862,52.62606029],[13.27006614,52.6261277],[13.27135381,52.62613702],[13.27204337,52.62610847],[13.2725806,52.6260301],[13.27389077,52.62544904],[13.27494455,52.62508386],[13.27565176,52.6248901],[13.27614169,52.62480748],[13.2772608,52.62477031],[13.27821202,52.62483598],[13.27915863,52.62498622],[13.2801035,52.62509116],[13.28123265,52.62516596],[13.28212139,52.62542494],[13.28281717,52.62550075],[13.28391855,52.62567318],[13.28587954,52.62575362],[13.28632873,52.62585098],[13.28693078,52.62589331],[13.28757399,52.62597326],[13.28839631,52.62613594],[13.28976632,52.62621014],[13.29173062,52.62644543],[13.29362192,52.62656923],[13.29432947,52.62669887],[13.29532616,52.62681701],[13.29650403,52.62697934],[13.29723327,52.62703973],[13.29910814,52.62709566],[13.30043599,52.62700471],[13.30162497,52.6270782],[13.30262549,52.62719673],[13.30254662,52.62755127],[13.30305034,52.62776836],[13.30395621,52.6279948],[13.30482108,52.62817314],[13.30523216,52.62830804],[13.30586156,52.62856867],[13.30645362,52.62873132],[13.30709483,52.62882403],[13.30881173,52.62914029],[13.30969514,52.62947866],[13.30999865,52.62967392],[13.31028308,52.63001185],[13.30968647,52.63009672],[13.30977202,52.63060816],[13.31019148,52.63062238],[13.31003059,52.63115126],[13.30981759,52.63157464],[13.30976769,52.63199205],[13.30971558,52.63215873],[13.30933784,52.63280171],[13.30898873,52.63319635],[13.30857756,52.63357487],[13.30831179,52.63396155],[13.30782562,52.63457969],[13.30695048,52.63557882],[13.30619038,52.63648016],[13.30578408,52.63735122],[13.30705729,52.63756125],[13.30705477,52.63778771],[13.30692766,52.63811421],[13.30681628,52.63868541],[13.30627921,52.6396097],[13.3073053,52.6396877],[13.30727372,52.64010736],[13.30794318,52.6400944],[13.30823131,52.64023519],[13.3081542,52.64076906],[13.3089464,52.64145621],[13.30886735,52.64193873],[13.30918189,52.64198629],[13.30903299,52.64267471],[13.30941485,52.6427286],[13.30919909,52.64394482],[13.30843375,52.64381419],[13.3073782,52.64508771]]]},"properties":{"schluessel":"ES1201","bezirk":"Reinickendorf","gebietsname":"Frohnau","f_gvbl_dat":"17.05.1997","f_in_kraft":"18.05.1997","ae_gvbldat":null,"ae_inkraft":null,"fl_in_ha":"783.8"},"id":"erhaltgeb_es.ES1201"},
{"type":"Feature","geometry":{"type":"Polygon","coordinates":[[[13.34886226,52.61176468],[13.3492801,52.61143757],[13.35167142,52.61294981],[13.35118629,52.61323525],[13.34886226,52.61176468]]]},"properties":{"schluessel":"ES1202","bezirk":"Reinickendorf","gebietsname":"B-Plan XX-187","f_gvbl_dat":"04.11.2000","f_in_kraft":"05.11.2000","ae_gvbldat":null,"ae_inkraft":null,"fl_in_ha":"1.1"},"id":"erhaltgeb_es.ES1202"},
{"type":"Feature","geometry":{"type":"Polygon","coordinates":[[[13.32054329,52.62603464],[13.32034253,52.6255785],[13.32031684,52.62533623],[13.32038847,52.62496108],[13.32053572,52.62472878],[13.32082171,52.62442503],[13.32115139,52.62413002],[13.32238628,52.62456653],[13.32243348,52.62468095],[13.32202361,52.62514145],[13.32129161,52.62493913],[13.32113798,52.62534402],[13.32191451,52.62534856],[13.32187886,52.62555045],[13.32194293,52.62589177],[13.3218621,52.62596274],[13.32054329,52.62603464]]]},"properties":{"schluessel":"ES1203","bezirk":"Reinickendorf","gebietsname":"B-Plan XX-247","f_gvbl_dat":"31.03.2001","f_in_kraft":"01.04.2001","ae_gvbldat":null,"ae_inkraft":null,"fl_in_ha":"1.9"},"id":"erhaltgeb_es.ES1203"},
{"type":"Feature","geometry":{"type":"MultiPolygon","coordinates":[[[[13.23585316,52.62340285],[13.23672588,52.62283976],[13.23636108,52.62262926],[13.23653313,52.62244516],[13.23621131,52.6223359],[13.236164,52.62222656],[13.23667527,52.62177102],[13.23713213,52.62145593],[13.23781664,52.62107895],[13.2374895,52.62081987],[13.23788764,52.62061486],[13.23769738,52.62049075],[13.23943767,52.61960411],[13.24094766,52.6186244],[13.2437673,52.62008611],[13.24330803,52.62041478],[13.24531026,52.62145217],[13.244142,52.62229402],[13.2434287,52.62277698],[13.2407503,52.6244266],[13.23991867,52.6249037],[13.23904577,52.62438773],[13.23880368,52.62454465],[13.238102,52.6241704],[13.23799061,52.62424229],[13.23682886,52.62358066],[13.23682544,52.6235173],[13.23643154,52.62377256],[13.236214,52.62372467],[13.23593627,52.62353944],[13.23585316,52.62340285]]],[[[13.23141597,52.62449148],[13.23196913,52.62414931],[13.23318632,52.62333192],[13.23339804,52.62345233],[13.23378043,52.62319622],[13.23529647,52.62406286],[13.23385006,52.62500155],[13.23371914,52.62502727],[13.23330956,52.6249692],[13.23141597,52.62449148]]]]},"properties":{"schluessel":"ES1204","bezirk":"Reinickendorf","gebietsname":"B-Plan XX-240a-g","f_gvbl_dat":"04.07.2002","f_in_kraft":"05.07.2002","ae_gvbldat":null,"ae_inkraft":null,"fl_in_ha":"26.8"},"id":"erhaltgeb_es.ES1204"}
]}