{"type":"FeatureCollection", "features": [
{"type":"Feature","geometry":{"type":"Polygon","coordinates":[[[13.365859811970504,52.53565689704142],[13.368983200399791,52.53279254317395],[13.370875707537786,52.530447570507675],[13.373740754185107,52.52780270094086],[13.374489430818496,52.52700359875213],[13.376760351251122,52.52797985633837],[13.379313094282288,52.527594303031414],[13.379524287932684,52.52645705041904],[13.382321512757308,52.52686635059404],[13.384024614602428,52.52609791050663],[13.38977340305897,52.52618054494701],[13.392696144144761,52.526829790824785],[13.392383152719653,52.528054932840455],[13.393886526633258,52.52713677990312],[13.39807888073112,52.52705687924898],[13.394700798632048,52.52584072452683],[13.395390813195407,52.524349413585895],[13.398285074783564,52.525084736631754],[13.398449633513037,52.52432030121659],[13.400764166864361,52.52376398103172],[13.399022108201152,52.527012865270976],[13.397418350324873,52.529686853476925],[13.399102598863335,52.52997048118563],[13.397721571480952,52.532016743359534],[13.398912209031952,52.53259327721903],[13.39701118944683,52.53429704217378],[13.399278565324686,52.53470221543115],[13.401180358042907,52.53599900904827],[13.399512406150773,52.539079089458696],[13.39351530316871,52.537417514611555],[13.390144052594627,52.535353819383026],[13.387731842681623,52.53313290409237],[13.379511044088712,52.5401030418696],[13.376333815528595,52.538210101489014],[13.374919597414715,52.537324628618975],[13.372983419260418,52.538026836758256],[13.368601962534054,52.535986418839926],[13.36787464017027,52.53661838084312],[13.365859811970504,52.53565689704142]]]},"properties":{"plz":"10115"}},
{"type":"Feature","geometry":{"type":"Polygon","coordinates":[[[13.373740754185107,52.52780270094086],[13.37336499897637,52.526525811623124],[13.371048788170315,52.52652442860315],[13.371683418931138,52.522779313245586],[13.37541798236829,52.52178889361709],[13.376859258943053,52.51963607408906],[13.376643017926861,52.51620635533433],[13.376643017926863,52.51620635533428],[13.37666714243444,52.51610845313171],[13.376800568690138,52.51595865943835],[13.37715351872674,52.515802139258035],[13.377298253562602,52.51573594382338],[13.3763898314959,52.51021089659509],[13.376744537579865,52.50869831127065],[13.377642675564179,52.507966901439694],[13.37893426521658,52.50692896927319],[13.385758349276719,52.50732767938702],[13.39876629511367,52.50810920800227],[13.400181051422766,52.50937363383656],[13.403630638542325,52.50817329133002],[13.403799092370912,52.50893746465676],[13.40573026592654,52.50858521763112],[13.403884495111926,52.51098116424553],[13.401738373602733,52.51129073599102],[13.403053660264343,52.51216582078395],[13.40052138153369,52.51480664623771],[13.397531524795301,52.519263608583465],[13.394987237958672,52.520965198395494],[13.396897701941125,52.521873864565556],[13.394862589149309,52.52225541958615],[13.395390813195407,52.524349413585895],[13.394700798632048,52.52584072452683],[13.39807888073112,52.52705687924898],[13.393886526633258,52.52713677990312],[13.392383152719653,52.528054932840455],[13.392696144144761,52.526829790824785],[13.38977340305897,52.52618054494701],[13.384024614602428,52.52609791050663],[13.382321512757308,52.52686635059404],[13.379524287932684,52.52645705041904],[13.379313094282288,52.527594303031414],[13.376760351251122,52.52797985633837],[13.374489430818496,52.52700359875213],[13.373740754185107,52.52780270094086]]]},"properties":{"plz":"10117"}},
{"type":"Feature","geometry":{"type":"Polygon","coordinates":[[[13.399022108201152,52.527012865270976],[13.402088686169868,52.52607603546538],[13.404396718504803,52.52623316114593],[13.409439661422969,52.52425110777809],[13.410483574188275,52.52589215860531],[13.410132635427688,52.52834483513586],[13.413962903666272,52.52728597662821],[13.415949610030943,52.527180791651425],[13.416524008538428,52.527849510154496],[13.41303738059912,52.52884616593408],[13.41240039400162,52.52954146968767],[13.41214655371749,52.530227578917156],[13.412692257779316,52.53073270926013],[13.412063508547982,52.53124290354742],[13.412569620106364,52.532619653500014],[13.411819839481447,52.5337676691127],[13.40779574507356,52.53456099819698],[13.40829941716353,52.535518990215664],[13.405991380084023,52.53585080716335],[13.405069341272005,52.5348695568745],[13.401180358042907,52.53599900904827],[13.399278565324686,52.53470221543115],[13.39701118944683,52.53429704217378],[13.398912209031952,52.53259327721903],[13.397721571480952,52.532016743359534],[13.399102598863335,52.52997048118563],[13.397418350324873,52.529686853476925],[13.399022108201152,52.527012865270976]]]},"properties":{"plz":"10119"}},
{"type":"Feature","geometry":{"type":"Polygon","coordinates":[[[13.395390813195407,52.524349413585895],[13.394862589149309,52.52225541958615],[13.396897701941125,52.521873864565556],[13.394987237958672,52.520965198395494],[13.397531524795301,52.519263608583465],[13.40052138153369,52.51480664623771],[13.403053660264343,52.51216582078395],[13.40909422015911,52.51693095176041],[13.410590549302038,52.516098843529825],[13.411450736025792,52.51671958239215],[13.410564687623989,52.51896909278603],[13.41283182684524,52.52019627480558],[13.407180724358005,52.52342467608168],[13.41003237359564,52.522666073327635],[13.413870066158584,52.51996809045244],[13.415216816490492,52.52083770261048],[13.416250843380455,52.519949879069095],[13.417346980148507,52.52086395361296],[13.425882604033442,52.51833555079213],[13.426914807837136,52.51973919349782],[13.428399007497886,52.51958442423145],[13.429179826113398,52.52122127493142],[13.425545553144342,52.52278869635817],[13.426497973928385,52.52328906176197],[13.424108689441335,52.52383766919284],[13.41974552458573,52.52554205571047],[13.419488616896565,52.52565663391188],[13.41795911072514,52.52630547008654],[13.416683365119194,52.52687565508542],[13.416354106205079,52.52701885520069],[13.415949610030943,52.527180791651425],[13.413962903666272,52.52728597662821],[13.410132635427688,52.52834483513586],[13.410483574188275,52.52589215860531],[13.409439661422969,52.52425110777809],[13.404396718504803,52.52623316114593],[13.402088686169868,52.52607603546538],[13.399022108201152,52.527012865270976],[13.400764166864361,52.52376398103172],[13.398449633513037,52.52432030121659],[13.398285074783564,52.525084736631754],[13.395390813195407,52.524349413585895]]]},"properties":{"plz":"10178"}},
{"type":"Feature","geometry":{"type":"Polygon","coordinates":[[[13.403630638542325,52.50817329133002],[13.405277064715085,52.50820693604032],[13.407837409023331,52.506304752890834],[13.409857149871945,52.50707861612032],[13.41151881037426,52.504888931668354],[13.414064797614255,52.504035317013056],[13.41452167063863,52.50457532947317],[13.417592678000037,52.50416741291599],[13.41942508207196,52.50564802285147],[13.421809306659933,52.50503749400663],[13.427199485814125,52.50566587217312],[13.429398517852771,52.5085695126016],[13.422775989693355,52.51223288451804],[13.425347421795388,52.514560302640035],[13.4278079012463,52.51770525069855],[13.425882604033442,52.51833555079213],[13.417346980148507,52.52086395361296],[13.416250843380455,52.519949879069095],[13.415216816490492,52.52083770261048],[13.413870066158584,52.51996809045244],[13.41003237359564,52.522666073327635],[13.407180724358005,52.52342467608168],[13.41283182684524,52.52019627480558],[13.410564687623989,52.51896909278603],[13.411450736025792,52.51671958239215],[13.410590549302038,52.516098843529825],[13.40909422015911,52.51693095176041],[13.403053660264343,52.51216582078395],[13.401738373602733,52.51129073599102],[13.403884495111926,52.51098116424553],[13.40573026592654,52.50858521763112],[13.403799092370912,52.50893746465676],[13.403630638542325,52.50817329133002]]]},"properties":{"plz":"10179"}},
{"type":"Feature","geometry":{"type":"Polygon","coordinates":[[[13.425882604033442,52.51833555079213],[13.4278079012463,52.51770525069855],[13.425347421795388,52.514560302640035],[13.422775989693355,52.51223288451804],[13.429398517852771,52.5085695126016],[13.435479209601898,52.50564358873754],[13.43712594931673,52.50455976476148],[13.441464029547047,52.50291131142371],[13.444946363300255,52.501228138242986],[13.44746137928778,52.50343547190699],[13.450619257574319,52.508098828308434],[13.450847081346383,52.50858354088228],[13.452240632074371,52.50888844834855],[13.452876268041374,52.51016816528392],[13.452098427141776,52.510582198379204],[13.453031900609862,52.511040985286535],[13.45357810994849,52.51110109590041],[13.45398681230348,52.51167233704207],[13.452872274745996,52.51230245866423],[13.451051689451893,52.51194031110357],[13.450985289280483,52.5127094591462],[13.453455609650499,52.51266457173447],[13.453921632632953,52.5132709437348],[13.454024824507789,52.51324952678084],[13.453828113877526,52.513455031129276],[13.453769941946417,52.513640068566964],[13.45372207697837,52.514201655917894],[13.454531616967818,52.51473573593835],[13.454780678533687,52.514704644811566],[13.454883662304743,52.5151154782263],[13.454682419516576,52.51534883558429],[13.455118808706134,52.51676843908766],[13.452525170187393,52.51702166748646],[13.450546684806753,52.51705019397513],[13.450470775311452,52.51798288103901],[13.447986141664119,52.51748669670367],[13.440950490539764,52.51819928519662],[13.437808773641052,52.519460515844976],[13.435338683695875,52.5210570483605],[13.43543902488403,52.521698847335095],[13.431936706759341,52.52245339832164],[13.430763468266527,52.52124187841193],[13.429179826113398,52.52122127493142],[13.428399007497886,52.51958442423145],[13.426914807837136,52.51973919349782],[13.425882604033442,52.51833555079213]]]},"properties":{"plz":"10243"}},
{"type":"Feature","geometry":{"type":"Polygon","coordinates":[[[13.457404555789083,52.51344222478357],[13.456227503629009,52.514241234946894],[13.455173384614003,52.51447785555843],[13.455219842922286,52.51465226111889],[13.454780678533687,52.514704644811566],[13.454531616967818,52.51473573593835],[13.45372207697837,52.514201655917894],[13.453769941946417,52.513640068566964],[13.453828113877526,52.513455031129276],[13.454024824507789,52.51324952678084],[13.453921632632953,52.5132709437348],[13.453455609650499,52.51266457173447],[13.450985289280483,52.5127094591462],[13.451051689451893,52.51194031110357],[13.452872274745996,52.51230245866423],[13.45398681230348,52.51167233704207],[13.45357810994849,52.51110109590041],[13.453031900609862,52.511040985286535],[13.452098427141776,52.510582198379204],[13.452876268041374,52.51016816528392],[13.452240632074371,52.50888844834855],[13.450847081346383,52.50858354088228],[13.450619257574319,52.508098828308434],[13.44746137928778,52.50343547190699],[13.444946363300255,52.501228138242986],[13.45129346180845,52.498924577567905],[13.451647360706,52.49879839097435],[13.451669551499984,52.498772362816425],[13.452183292535173,52.49843971921616],[13.452349802687815,52.49840941021672],[13.45335015500902,52.497522102350764],[13.454064150196173,52.497558193544364],[13.455032294231957,52.49736638873838],[13.459496917491647,52.49654061747503],[13.461934387646439,52.49558426360814],[13.463283733341719,52.4954099964413],[13.463382703113316,52.49413043717008],[13.467054042800376,52.49268410479489],[13.471015775078516,52.491484274199266],[13.47378222073712,52.49103046062167],[13.477712007127217,52.48872950141312],[13.47813967579073,52.48763366960761],[13.47985219373228,52.48794135217541],[13.48005536084292,52.48793711069073],[13.480548741146206,52.48787121947558],[13.482051719929396,52.48743990978323],[13.482954248819473,52.48604538456674],[13.485945571021476,52.487400569199615],[13.486736788761549,52.48764504501245],[13.48849389895012,52.48783492987644],[13.491212118565231,52.487132621063374],[13.491451551080809,52.48826251484645],[13.490161902236162,52.48875709693103],[13.488630583340091,52.4895667330582],[13.486086371204141,52.490797683520015],[13.484935456827861,52.49160151315054],[13.484138799712213,52.49165447599924],[13.473078765625052,52.4989863044056],[13.46941033296109,52.49952607142419],[13.467322011262334,52.49716340056107],[13.466858492907955,52.49682257390703],[13.46620234577607,52.49692823565584],[13.46764686571296,52.49813349386086],[13.469191306727721,52.50107056527711],[13.469519530746144,52.501941796665726],[13.47020232389867,52.50374090571323],[13.470656791290086,52.504322035110334],[13.471248031162695,52.50495995764296],[13.471157583264933,52.50513417749586],[13.472258699320466,52.506107960746],[13.472707018380394,52.50635567426163],[13.472766654195418,52.50656963073582],[13.471070618027497,52.50766107389696],[13.469778778438377,52.50771957882979],[13.467354915604608,52.50925573305874],[13.465267624889897,52.51013717937236],[13.462301799768529,52.51236624926656],[13.461250862839618,52.51216798079145],[13.462295385351213,52.51408715841303],[13.462295385351226,52.514087158413055],[13.461518395045733,52.5142792869309],[13.46151839504572,52.51427928693087],[13.459413982961618,52.512590462696004],[13.458589234640973,52.512949654114024],[13.457404555789083,52.51344222478357]]]},"properties":{"plz":"10245"}},
{"type":"Feature","geometry":{"type":"Polygon","coordinates":[[[13.454780678533687,52.514704644811566],[13.455219842922286,52.51465226111889],[13.455173384614003,52.51447785555843],[13.456227503629009,52.514241234946894],[13.457404555789083,52.51344222478357],[13.458589234640973,52.512949654114024],[13.459413982961618,52.512590462696004],[13.46151839504572,52.51427928693087],[13.461518395045733,52.5142792869309],[13.462295385351226,52.514087158413055],[13.462295385351213,52.51408715841303],[13.461250862839618,52.51216798079145],[13.462301799768529,52.51236624926656],[13.465267624889897,52.51013717937236],[13.467354915604608,52.50925573305874],[13.469778778438377,52.50771957882979],[13.471070618027497,52.50766107389696],[13.472766654195418,52.50656963073582],[13.473798491363842,52.50800611516607],[13.476261559458615,52.510435629995186],[13.475530832142745,52.51306774822844],[13.475494385362353,52.51381717707523],[13.475885578615882,52.51486100982542],[13.476565125643424,52.515152137270256],[13.474196046961117,52.51911395753791],[13.472104507101239,52.52069287051057],[13.467368786563748,52.52091125797531],[13.467900949054627,52.522047866443856],[13.464443853814428,52.52306943949336],[13.464092981428406,52.52313096526918],[13.460492779709115,52.52337579307646],[13.46061034395984,52.5242377635314],[13.458059520171169,52.52474638977777],[13.455830012055879,52.52140740466942],[13.455734342555,52.52138390167576],[13.45503528659274,52.52119507272114],[13.455428886450502,52.520373377302725],[13.45463620132738,52.51964342264045],[13.454636587180723,52.51954457153727],[13.454483710371292,52.51945897742268],[13.453744447349132,52.51826269413739],[13.453654660244661,52.51824369165056],[13.4535694125578,52.51819414121696],[13.45277157565351,52.51804109990085],[13.452525170187393,52.51702166748646],[13.455118808706134,52.51676843908766],[13.454682419516576,52.51534883558429],[13.454883662304743,52.5151154782263],[13.454780678533687,52.514704644811566]]]},"properties":{"plz":"10247"}},
{"type":"Feature","geometry":{"type":"Polygon","coordinates":[[[13.429179826113398,52.52122127493142],[13.430763468266527,52.52124187841193],[13.431936706759341,52.52245339832164],[13.43543902488403,52.521698847335095],[13.435338683695875,52.5210570483605],[13.437808773641052,52.519460515844976],[13.440950490539764,52.51819928519662],[13.447986141664119,52.51748669670367],[13.450470775311452,52.51798288103901],[13.450546684806753,52.51705019397513],[13.452525170187393,52.51702166748646],[13.45277157565351,52.51804109990085],[13.4535694125578,52.51819414121696],[13.453654660244661,52.51824369165056],[13.453744447349132,52.51826269413739],[13.454483710371292,52.51945897742268],[13.454636587180723,52.51954457153727],[13.45463620132738,52.51964342264045],[13.455428886450502,52.520373377302725],[13.45503528659274,52.52119507272114],[13.455734342555,52.52138390167576],[13.455830012055879,52.52140740466942],[13.458059520171169,52.52474638977777],[13.46061034395984,52.5242377635314],[13.460492779709115,52.52337579307646],[13.464092981428406,52.52313096526918],[13.464443853814428,52.52306943949336],[13.467900949054627,52.522047866443856],[13.467368786563748,52.52091125797531],[13.472104507101239,52.52069287051057],[13.469604274554559,52.52281039531812],[13.467090141551585,52.523817117302244],[13.462750120416068,52.5245031503185],[13.458812262938224,52.52594446097208],[13.458194878879784,52.52556704984395],[13.456078880822885,52.5275266720679],[13.452946509957467,52.52673220614018],[13.452410003027566,52.527523128082244],[13.452180544977997,52.52779418270776],[13.44716318100465,52.52640456086138],[13.444421685464137,52.52698988807166],[13.442375167362291,52.52873189977838],[13.440283427476762,52.52788928727839],[13.437473783196927,52.52954643590265],[13.425024774637322,52.528093445694104],[13.4238056357191,52.527899052233415],[13.421512992154963,52.5266190186497],[13.41974552458573,52.52554205571047],[13.424108689441335,52.52383766919284],[13.426497973928385,52.52328906176197],[13.425545553144342,52.52278869635817],[13.429179826113398,52.52122127493142]]]},"properties":{"plz":"10249"}},
{"type":"Feature","geometry":{"type":"Polygon","coordinates":[[[13.496156450486211,52.50021909232365],[13.497642089892219,52.50077339191837],[13.501218759041299,52.49875885102981],[13.501878824629527,52.500183910929856],[13.503112072686463,52.49992099600669],[13.505372464828305,52.500970255430374],[13.507634185671852,52.50047379023052],[13.508568500624015,52.50240682573722],[13.510126498240819,52.503531679415694],[13.51386353940206,52.50316593918064],[13.513755205780805,52.50003493017374],[13.515904422946095,52.49971793095827],[13.515658590960806,52.50378769918967],[13.516925931213091,52.50403600562528],[13.516563709065956,52.50519583044565],[13.521819394405917,52.50536054276807],[13.52158143951162,52.506336268592534],[13.526702074808211,52.50767518260825],[13.53283228480763,52.50814388193588],[13.532514056353357,52.51026534710636],[13.53621299627042,52.50999233158329],[13.537843597202807,52.50992166794614],[13.537823573882028,52.51108990016151],[13.536906101408904,52.512468641772294],[13.533981361009126,52.5136202670192],[13.518542306112808,52.51390917472952],[13.519432910579255,52.5238409639546],[13.518613677579978,52.53289320872807],[13.516882927394684,52.53554712590178],[13.515690893533698,52.53546603849822],[13.515851362659847,52.532598603396906],[13.506084815284268,52.53183871854957],[13.514667319598665,52.529401899986404],[13.513469704426628,52.527542359401046],[13.512020661547242,52.52665490231584],[13.513796428002129,52.52653977862213],[13.513003525740375,52.52547502217963],[13.506407034531387,52.525535026974595],[13.505042585605295,52.52610427931948],[13.50521723144828,52.52260781464178],[13.505890560267048,52.521517541127395],[13.509088197668305,52.519047664896796],[13.510487700486557,52.51849008166],[13.512208837839815,52.52284121676275],[13.514955497586769,52.522666797376694],[13.515590896419525,52.52367388027635],[13.519199296856742,52.52236606938904],[13.51415920742454,52.51716810630029],[13.512486149932688,52.51474015381895],[13.50866902375356,52.514385950299875],[13.507320691774254,52.51294676250355],[13.507027803786603,52.51286109586819],[13.506824594817173,52.51283932342124],[13.507079654542798,52.512751512795354],[13.505095124365857,52.510778756965664],[13.50375032432413,52.509739431008605],[13.49585309348675,52.50072110424119],[13.496156450486211,52.50021909232365]]]},"properties":{"plz":"10315"}},
{"type":"Feature","geometry":{"type":"Polygon","coordinates":[[[13.491212118565231,52.487132621063374],[13.492670337296444,52.48588603727347],[13.493846681658617,52.4838734574459],[13.494175740290078,52.48311535406821],[13.496637775824066,52.4833050065936],[13.496699566781743,52.4833158582106],[13.496817403143362,52.48328902766604],[13.496858617874487,52.48328907306598],[13.49686161479498,52.48327110304403],[13.496863086048402,52.48327110466663],[13.497064669157899,52.483297386986905],[13.497226575223266,52.48330115851985],[13.497846337983816,52.48327936803444],[13.498274870235951,52.48321423137838],[13.499615352436352,52.482870585657494],[13.500591789540017,52.48268560299479],[13.500934891279153,52.48263743857947],[13.501836863387902,52.482755216535104],[13.502895787052484,52.48359477802825],[13.502285234733922,52.48504727982015],[13.502285234733934,52.48504727982018],[13.504910978296271,52.48571051789267],[13.505410902863709,52.48484831238535],[13.506553029518585,52.48436778863501],[13.504976804238977,52.485861560707065],[13.504824144831677,52.48676995317996],[13.509931492161344,52.487071640209464],[13.510799934035392,52.486547671027196],[13.511353376303111,52.48657067588614],[13.514937743322307,52.48546784554804],[13.515619545627754,52.48595466153309],[13.511695775534523,52.488493247607686],[13.509158975716833,52.48970845490452],[13.505951697848825,52.491097268664035],[13.505970745214729,52.491130538530655],[13.505830785153737,52.491166342459636],[13.50580761538397,52.49156262907456],[13.505574882764218,52.49160552814157],[13.50036661290837,52.49295618703891],[13.499948102638282,52.493087844656856],[13.499761677776903,52.49340577240355],[13.498761763933606,52.4934801874357],[13.497938004116897,52.495246066608566],[13.493925521153875,52.497784848694266],[13.494282562566436,52.49902090443601],[13.495135267762967,52.499965440464074],[13.496156450486211,52.50021909232365],[13.49585309348675,52.50072110424119],[13.50375032432413,52.509739431008605],[13.505095124365857,52.510778756965664],[13.507079654542798,52.512751512795354],[13.506824594817173,52.51283932342124],[13.507027803786603,52.51286109586819],[13.507320691774254,52.51294676250355],[13.50866902375356,52.514385950299875],[13.507460956649242,52.51445933237323],[13.501780860134097,52.51295364856474],[13.501780860134069,52.51295364856472],[13.498366162734936,52.511560694926445],[13.49752750622193,52.5112515465486],[13.491995551208419,52.50826725353857],[13.490819088077897,52.50768897543857],[13.488199187624891,52.50669203136372],[13.48461149833322,52.50579811568967],[13.482796872696534,52.50586961374328],[13.478375503288296,52.50682122265964],[13.478356388104501,52.506812212400156],[13.478338793596459,52.506788825303396],[13.474465252082972,52.5068459156191],[13.472326743880954,52.50602267759949],[13.472258699320466,52.506107960746],[13.471157583264933,52.50513417749586],[13.471248031162695,52.50495995764296],[13.470656791290086,52.504322035110334],[13.47020232389867,52.50374090571323],[13.469519530746144,52.501941796665726],[13.469191306727721,52.50107056527711],[13.46764686571296,52.49813349386086],[13.46620234577607,52.49692823565584],[13.466858492907955,52.49682257390703],[13.467322011262334,52.49716340056107],[13.46941033296109,52.49952607142419],[13.473078765625052,52.4989863044056],[13.484138799712213,52.49165447599924],[13.484935456827861,52.49160151315054],[13.486086371204141,52.490797683520015],[13.488630583340091,52.4895667330582],[13.490161902236162,52.48875709693103],[13.491451551080809,52.48826251484645],[13.491212118565231,52.487132621063374]]]},"properties":{"plz":"10317"}},
{"type":"Feature","geometry":{"type":"Polygon","coordinates":[[[13.501836863387902,52.482755216535104],[13.501890372085256,52.4825719453271],[13.504325543196156,52.47812069740868],[13.507842985105414,52.47490075687126],[13.50929643663106,52.47511878006833],[13.51138101903693,52.475430861046014],[13.513131733798966,52.47567159179646],[13.513543744884906,52.47569894469247],[13.515508755949487,52.4755929595307],[13.520310231128413,52.47406423145314],[13.520476169901027,52.474213558240635],[13.521580482346392,52.47521385522558],[13.523666097321911,52.47386139296321],[13.530282967216614,52.468333858273304],[13.530769418829845,52.46793524397121],[13.532316413560435,52.46908228060798],[13.534915216724505,52.47113866403686],[13.537552554959158,52.473179740568554],[13.538923469507322,52.47424567787624],[13.539844772659663,52.47497427234676],[13.542070400862192,52.4739837496091],[13.548395305739453,52.473318571911776],[13.548339121351036,52.4734659160998],[13.550502033680191,52.47625677457589],[13.551078628788485,52.47644676009191],[13.548450081995735,52.47977551187539],[13.547880469358761,52.47977873088436],[13.547903554970292,52.482511582445504],[13.549884370645342,52.48444500254729],[13.550140162705949,52.4854876165745],[13.546249888919888,52.49176041319952],[13.54483677018732,52.49321528309702],[13.544451226452145,52.49547694910427],[13.542598080073223,52.495946553302495],[13.541723376190147,52.49829233656241],[13.513696350422979,52.491394253402824],[13.508418183672763,52.4909119281594],[13.505830785153737,52.491166342459636],[13.505970745214729,52.491130538530655],[13.505951697848825,52.491097268664035],[13.509158975716833,52.48970845490452],[13.511695775534523,52.488493247607686],[13.515619545627754,52.48595466153309],[13.514937743322307,52.48546784554804],[13.511353376303111,52.48657067588614],[13.510799934035392,52.486547671027196],[13.509931492161344,52.487071640209464],[13.504824144831677,52.48676995317996],[13.504976804238977,52.485861560707065],[13.506553029518585,52.48436778863501],[13.505410902863709,52.48484831238535],[13.504910978296271,52.48571051789267],[13.502285234733934,52.48504727982018],[13.502285234733922,52.48504727982015],[13.502895787052484,52.48359477802825],[13.501836863387902,52.482755216535104]]]},"properties":{"plz":"10318"}},
{"type":"Feature","geometry":{"type":"Polygon","coordinates":[[[13.496156450486211,52.50021909232365],[13.495135267762967,52.499965440464074],[13.494282562566436,52.49902090443601],[13.493925521153875,52.497784848694266],[13.497938004116897,52.495246066608566],[13.498761763933606,52.4934801874357],[13.499761677776903,52.49340577240355],[13.499948102638282,52.493087844656856],[13.50036661290837,52.49295618703891],[13.505574882764218,52.49160552814157],[13.50580761538397,52.49156262907456],[13.505830785153737,52.491166342459636],[13.508418183672763,52.4909119281594],[13.513696350422979,52.491394253402824],[13.541723376190147,52.49829233656241],[13.539490615201823,52.498542348176855],[13.535198558202366,52.50554861989524],[13.53629692900345,52.50640228045994],[13.53621299627042,52.50999233158329],[13.532514056353357,52.51026534710636],[13.53283228480763,52.50814388193588],[13.526702074808211,52.50767518260825],[13.52158143951162,52.506336268592534],[13.521819394405917,52.50536054276807],[13.516563709065956,52.50519583044565],[13.516925931213091,52.50403600562528],[13.515658590960806,52.50378769918967],[13.515904422946095,52.49971793095827],[13.513755205780805,52.50003493017374],[13.51386353940206,52.50316593918064],[13.510126498240819,52.503531679415694],[13.508568500624015,52.50240682573722],[13.507634185671852,52.50047379023052],[13.505372464828305,52.500970255430374],[13.503112072686463,52.49992099600669],[13.501878824629527,52.500183910929856],[13.501218759041299,52.49875885102981],[13.497642089892219,52.50077339191837],[13.496156450486211,52.50021909232365]]]},"properties":{"plz":"10319"}},
{"type":"Feature","geometry":{"type":"Polygon","coordinates":[[[13.472258699320466,52.506107960746],[13.472326743880954,52.50602267759949],[13.474465252082972,52.5068459156191],[13.478338793596459,52.506788825303396],[13.478356388104501,52.506812212400156],[13.478375503288296,52.50682122265964],[13.482796872696534,52.50586961374328],[13.48461149833322,52.50579811568967],[13.488199187624891,52.50669203136372],[13.490819088077897,52.50768897543857],[13.491995551208419,52.50826725353857],[13.49752750622193,52.5112515465486],[13.498366162734936,52.511560694926445],[13.501780860134069,52.51295364856472],[13.501780860134097,52.51295364856474],[13.507460956649242,52.51445933237323],[13.50866902375356,52.514385950299875],[13.512486149932688,52.51474015381895],[13.51415920742454,52.51716810630029],[13.519199296856742,52.52236606938904],[13.515590896419525,52.52367388027635],[13.514955497586769,52.522666797376694],[13.512208837839815,52.52284121676275],[13.510487700486557,52.51849008166],[13.509088197668305,52.519047664896796],[13.505890560267048,52.521517541127395],[13.50521723144828,52.52260781464178],[13.505042585605295,52.52610427931948],[13.506407034531387,52.525535026974595],[13.513003525740375,52.52547502217963],[13.513796428002129,52.52653977862213],[13.512020661547242,52.52665490231584],[13.513469704426628,52.527542359401046],[13.514667319598665,52.529401899986404],[13.506084815284268,52.53183871854957],[13.515851362659847,52.532598603396906],[13.515690893533698,52.53546603849822],[13.505634687957476,52.53477234562757],[13.50564893154188,52.534952089673645],[13.496427985844205,52.53445795871474],[13.496753454439599,52.53252981803299],[13.489336626232122,52.5320936967532],[13.490786905073387,52.5310547347479],[13.490711001326089,52.529386756550636],[13.48802166931248,52.52944205147392],[13.487931082389702,52.5277920266639],[13.48677365803143,52.52663769890688],[13.485152759762572,52.52668070635971],[13.485209422801363,52.5250928609214],[13.486677572873727,52.52487982800511],[13.48658581206006,52.5231543127563],[13.48544390336287,52.52318530821602],[13.485915649141239,52.51893974952495],[13.484423003841021,52.51310392671768],[13.483878024330359,52.51355349474385],[13.478483772968177,52.51405011159755],[13.475885578615882,52.51486100982542],[13.475494385362353,52.51381717707523],[13.475530832142745,52.51306774822844],[13.476261559458615,52.510435629995186],[13.473798491363842,52.50800611516607],[13.472766654195418,52.50656963073582],[13.472707018380394,52.50635567426163],[13.472258699320466,52.506107960746]]]},"properties":{"plz":"10365"}},
{"type":"Feature","geometry":{"type":"Polygon","coordinates":[[[13.475885578615882,52.51486100982542],[13.478483772968177,52.51405011159755],[13.483878024330359,52.51355349474385],[13.484423003841021,52.51310392671768],[13.485915649141239,52.51893974952495],[13.48544390336287,52.52318530821602],[13.48658581206006,52.5231543127563],[13.486677572873727,52.52487982800511],[13.485209422801363,52.5250928609214],[13.485152759762572,52.52668070635971],[13.48677365803143,52.52663769890688],[13.487931082389702,52.5277920266639],[13.48802166931248,52.52944205147392],[13.490711001326089,52.529386756550636],[13.490786905073387,52.5310547347479],[13.489336626232122,52.5320936967532],[13.496753454439599,52.53252981803299],[13.496427985844205,52.53445795871474],[13.476026038476526,52.53325205256318],[13.479640614689782,52.5271457831777],[13.477741946078597,52.526970870815894],[13.477192696449947,52.52339355416563],[13.473395972125575,52.5233940938239],[13.469604274554559,52.52281039531812],[13.472104507101239,52.52069287051057],[13.474196046961117,52.51911395753791],[13.476565125643424,52.515152137270256],[13.475885578615882,52.51486100982542]]]},"properties":{"plz":"10367"}},
{"type":"Feature","geometry":{"type":"Polygon","coordinates":[[[13.469604274554559,52.52281039531812],[13.473395972125575,52.5233940938239],[13.477192696449947,52.52339355416563],[13.477741946078597,52.526970870815894],[13.479640614689782,52.5271457831777],[13.476026038476526,52.53325205256318],[13.47325329138867,52.5360298099677],[13.469839111588104,52.540454773787935],[13.467308178221387,52.538493243757934],[13.466403936361557,52.53668484303356],[13.466381941268708,52.53665425934307],[13.466920706689757,52.53642133885073],[13.467400081603088,52.53630875433957],[13.467512212623944,52.536273857644254],[13.467746928382436,52.53616543650564],[13.467803092710069,52.536120579414934],[13.467803092712101,52.536120579413314],[13.468065207875917,52.535769559244734],[13.468739550229131,52.53471005528292],[13.467387433400953,52.53409986008633],[13.467350643879685,52.534085432360826],[13.46718413626445,52.53408071528604],[13.46696616773442,52.534043577059954],[13.464449713583392,52.5330875905083],[13.464423390424898,52.533032736657134],[13.462994479212675,52.53210066974486],[13.462368114924882,52.53133235640372],[13.461329530055842,52.53007729610156],[13.461081648462331,52.529772307553344],[13.45633043425778,52.528394231062734],[13.456995462038508,52.527501928082785],[13.458485783504031,52.52616955901581],[13.458812262938224,52.52594446097208],[13.462750120416068,52.5245031503185],[13.467090141551585,52.523817117302244],[13.469604274554559,52.52281039531812]]]},"properties":{"plz":"10369"}},
{"type":"Feature","geometry":{"type":"Polygon","coordinates":[[[13.415949610030943,52.527180791651425],[13.416354106205079,52.52701885520069],[13.416683365119194,52.52687565508542],[13.41795911072514,52.52630547008654],[13.419488616896565,52.52565663391188],[13.41974552458573,52.52554205571047],[13.421512992154963,52.5266190186497],[13.4238056357191,52.527899052233415],[13.425742220621062,52.528446037436794],[13.432731024580303,52.53445347948618],[13.432513372789577,52.53535356962581],[13.434150800531519,52.53633487110453],[13.436868380737502,52.53907294597559],[13.440763282273863,52.537434595686406],[13.444708363947573,52.53713518102492],[13.447951959954963,52.5364526527002],[13.446970723898483,52.53710628298377],[13.446802362132036,52.53719229769582],[13.446382974556057,52.537396552021],[13.445867697851908,52.53762222642376],[13.445060188137646,52.537948997900614],[13.444745806120256,52.53806084636577],[13.441809883340039,52.539139172533865],[13.439035007866693,52.54043695110042],[13.438333664564174,52.540728797674674],[13.434014423889064,52.54224326341523],[13.4325501141858,52.54273243338307],[13.431297298090406,52.54305298873264],[13.429007855425715,52.54379057541541],[13.428720587076253,52.544738169300985],[13.427705678416604,52.54556232653334],[13.427031498365643,52.54438036920121],[13.426506705115171,52.543741443703624],[13.425382006649315,52.54181553184023],[13.423000485865543,52.540146265270444],[13.423998557867531,52.53944972737831],[13.422082673676268,52.539105845746036],[13.420864771999595,52.538268890917166],[13.420381052904132,52.53770549507657],[13.420272094877559,52.537369210630594],[13.418700059195814,52.53664125077441],[13.41810953020531,52.535302123452716],[13.416102860293735,52.53549987039697],[13.412569620106364,52.532619653500014],[13.412063508547982,52.53124290354742],[13.412692257779316,52.53073270926013],[13.41214655371749,52.530227578917156],[13.41240039400162,52.52954146968767],[13.41303738059912,52.52884616593408],[13.416524008538428,52.527849510154496],[13.415949610030943,52.527180791651425]]]},"properties":{"plz":"10405"}},
{"type":"Feature","geometry":{"type":"Polygon","coordinates":[[[13.458812262938224,52.52594446097208],[13.458485783504031,52.52616955901581],[13.456995462038508,52.527501928082785],[13.45633043425778,52.528394231062734],[13.461081648462331,52.529772307553344],[13.461329530055842,52.53007729610156],[13.462368114924882,52.53133235640372],[13.462994479212675,52.53210066974486],[13.464423390424898,52.533032736657134],[13.464449713583392,52.5330875905083],[13.46696616773442,52.534043577059954],[13.46718413626445,52.53408071528604],[13.467350643879685,52.534085432360826],[13.467387433400953,52.53409986008633],[13.468739550229131,52.53471005528292],[13.468065207875917,52.535769559244734],[13.467803092712101,52.536120579413314],[13.467803092710069,52.536120579414934],[13.467746928382436,52.53616543650564],[13.467512212623944,52.536273857644254],[13.467400081603088,52.53630875433957],[13.466920706689757,52.53642133885073],[13.466381941268708,52.53665425934307],[13.466403936361557,52.53668484303356],[13.467308178221387,52.538493243757934],[13.457848578907848,52.54250518439264],[13.457639851395399,52.54235571120876],[13.456360109145615,52.542066311411894],[13.456333091964563,52.54181105680219],[13.455084838083673,52.54176881650133],[13.454698214937187,52.541885080013515],[13.455213391723019,52.54092876724057],[13.450546218443662,52.537812598629024],[13.450138991582396,52.53755947221456],[13.447951959954963,52.5364526527002],[13.444708363947573,52.53713518102492],[13.440763282273863,52.537434595686406],[13.436868380737502,52.53907294597559],[13.434150800531519,52.53633487110453],[13.432513372789577,52.53535356962581],[13.432731024580303,52.53445347948618],[13.425742220621062,52.528446037436794],[13.4238056357191,52.527899052233415],[13.425024774637322,52.528093445694104],[13.437473783196927,52.52954643590265],[13.440283427476762,52.52788928727839],[13.442375167362291,52.52873189977838],[13.444421685464137,52.52698988807166],[13.44716318100465,52.52640456086138],[13.452180544977997,52.52779418270776],[13.452410003027566,52.527523128082244],[13.452946509957467,52.52673220614018],[13.456078880822885,52.5275266720679],[13.458194878879784,52.52556704984395],[13.458812262938224,52.52594446097208]]]},"properties":{"plz":"10407"}},
{"type":"Feature","geometry":{"type":"Polygon","coordinates":[[[13.447951959954963,52.5364526527002],[13.450138991582396,52.53755947221456],[13.450546218443662,52.537812598629024],[13.455213391723019,52.54092876724057],[13.454698214937187,52.541885080013515],[13.455084838083673,52.54176881650133],[13.456333091964563,52.54181105680219],[13.456360109145615,52.542066311411894],[13.457639851395399,52.54235571120876],[13.457848578907848,52.54250518439264],[13.457776231637961,52.5425374327893],[13.451200872892816,52.54550958851301],[13.447888690961642,52.54695774931088],[13.447656563745872,52.54712814199942],[13.442744343107735,52.54865730461008],[13.43396013105309,52.550943879277206],[13.430219541718522,52.55170518106399],[13.429972594210396,52.55154211610118],[13.427426210677135,52.54738341560867],[13.426806000734457,52.54469900914812],[13.427031498365643,52.54438036920121],[13.427705678416604,52.54556232653334],[13.428720587076253,52.544738169300985],[13.429007855425715,52.54379057541541],[13.431297298090406,52.54305298873264],[13.4325501141858,52.54273243338307],[13.434014423889064,52.54224326341523],[13.438333664564174,52.540728797674674],[13.439035007866693,52.54043695110042],[13.441809883340039,52.539139172533865],[13.444745806120256,52.53806084636577],[13.445060188137646,52.537948997900614],[13.445867697851908,52.53762222642376],[13.446382974556057,52.537396552021],[13.446802362132036,52.53719229769582],[13.446970723898483,52.53710628298377],[13.447951959954963,52.5364526527002]]]},"properties":{"plz":"10409"}},
{"type":"Feature","geometry":{"type":"Polygon","coordinates":[[[13.401180358042907,52.53599900904827],[13.405069341272005,52.5348695568745],[13.405991380084023,52.53585080716335],[13.40829941716353,52.535518990215664],[13.40779574507356,52.53456099819698],[13.411819839481447,52.5337676691127],[13.412569620106364,52.532619653500014],[13.416102860293735,52.53549987039697],[13.41810953020531,52.535302123452716],[13.418700059195814,52.53664125077441],[13.420272094877559,52.537369210630594],[13.420381052904132,52.53770549507657],[13.420864771999595,52.538268890917166],[13.422082673676268,52.539105845746036],[13.423998557867531,52.53944972737831],[13.423000485865543,52.540146265270444],[13.421628397026177,52.53981049943568],[13.416077464469847,52.54111818040964],[13.41329659514287,52.54134056186326],[13.408580722463235,52.5400172493129],[13.404776997017823,52.54053499622644],[13.403522894387487,52.54020912627744],[13.399512406150773,52.539079089458696],[13.401180358042907,52.53599900904827]]]},"properties":{"plz":"10435"}},
{"type":"Feature","geometry":{"type":"Polygon","coordinates":[[[13.427031498365643,52.54438036920121],[13.426806000734457,52.54469900914812],[13.42390064996877,52.54598812475706],[13.421157634578021,52.545938465780324],[13.421888680481798,52.54659215023758],[13.41711158382701,52.54897779404654],[13.419325485223078,52.552171887262375],[13.415515094145535,52.54896956725219],[13.413688341069987,52.54932665515559],[13.407972471459663,52.5494186876577],[13.399277215757339,52.54894400609688],[13.399375619507047,52.54872941818953],[13.403522894387487,52.54020912627744],[13.404776997017823,52.54053499622644],[13.408580722463235,52.5400172493129],[13.41329659514287,52.54134056186326],[13.416077464469847,52.54111818040964],[13.421628397026177,52.53981049943568],[13.423000485865543,52.540146265270444],[13.425382006649315,52.54181553184023],[13.426506705115171,52.543741443703624],[13.427031498365643,52.54438036920121]]]},"properties":{"plz":"10437"}},
{"type":"Feature","geometry":{"type":"Polygon","coordinates":[[[13.429972594210396,52.55154211610118],[13.427269976194886,52.55258542092886],[13.420645487540922,52.55331996451058],[13.420776496634637,52.55399417708696],[13.414662592233155,52.554567515944825],[13.412736144397668,52.55506280249182],[13.41310015115184,52.55691916443613],[13.408119412484233,52.55723269623997],[13.408097767114471,52.55773140514821],[13.403095120835804,52.55797818575066],[13.403040909661303,52.55762042219774],[13.398586867180027,52.55784468162057],[13.39709102013337,52.558267751135105],[13.397557665963953,52.554734275585375],[13.398063092221582,52.55280226096307],[13.396837120864348,52.550702445109344],[13.398894206739811,52.55088435026196],[13.399277215757339,52.54894400609688],[13.407972471459663,52.5494186876577],[13.413688341069987,52.54932665515559],[13.415515094145535,52.54896956725219],[13.419325485223078,52.552171887262375],[13.41711158382701,52.54897779404654],[13.421888680481798,52.54659215023758],[13.421157634578021,52.545938465780324],[13.42390064996877,52.54598812475706],[13.426806000734457,52.54469900914812],[13.427426210677135,52.54738341560867],[13.429972594210396,52.55154211610118]]]},"properties":{"plz":"10439"}},
{"type":"Feature","geometry":{"type":"Polygon","coordinates":[[[13.329077794615026,52.526600711798665],[13.33440321179787,52.526090066309045],[13.339121535429648,52.52624450546242],[13.339544552590135,52.52577014382972],[13.343168888971864,52.52534752412922],[13.34325323384124,52.52689341019217],[13.344691204720663,52.526909424709956],[13.344676803365033,52.5284676553912],[13.343247592700028,52.5284561549054],[13.344483678964494,52.52986190506385],[13.34355473904689,52.53156083750699],[13.344587223356582,52.533019118809506],[13.343600359756454,52.53409065372784],[13.34380029335797,52.53645908022867],[13.340056701771704,52.53581832627535],[13.330418907002144,52.534657809361],[13.330795747560737,52.5336253015693],[13.328768172305274,52.533161901304105],[13.328744282051115,52.53103113426872],[13.330137623925848,52.53069224702281],[13.329077794615026,52.526600711798665]]]},"properties":{"plz":"10551"}},
{"type":"Feature","geometry":{"type":"Polygon","coordinates":[[[13.330418907002144,52.534657809361],[13.330694192083074,52.53645490484763],[13.327715818707402,52.53687427847358],[13.32662242493754,52.537717143529065],[13.311408697037105,52.53561069039112],[13.311488283924096,52.53540421218558],[13.31664490456188,52.52096208000706],[13.317304396419246,52.520616925139],[13.318775637603796,52.52111232775842],[13.318940205004553,52.523071823930664],[13.320815455935977,52.524384229223664],[13.324413361842252,52.52460376063788],[13.326916765916936,52.52371506950525],[13.328778854286613,52.52243918958628],[13.329419427522229,52.52270320768806],[13.327139002755876,52.52418293248503],[13.328371585157253,52.52470816476759],[13.329077794615026,52.526600711798665],[13.330137623925848,52.53069224702281],[13.328744282051115,52.53103113426872],[13.328768172305274,52.533161901304105],[13.330795747560737,52.5336253015693],[13.330418907002144,52.534657809361]]]},"properties":{"plz":"10553"}},
{"type":"Feature","geometry":{"type":"Polygon","coordinates":[[[13.329077794615026,52.526600711798665],[13.328371585157253,52.52470816476759],[13.327139002755876,52.52418293248503],[13.329419427522229,52.52270320768806],[13.328778854286613,52.52243918958628],[13.329550801131452,52.520919707984376],[13.329087202797638,52.51910595535589],[13.329785382961454,52.5178109498387],[13.332276498424669,52.51670284138423],[13.334371701670081,52.51641147681247],[13.336414338698706,52.51381040173942],[13.337687066509998,52.5158220109992],[13.34265476010261,52.520538492130484],[13.34308385654619,52.52185065773854],[13.34186137103628,52.52225571220591],[13.343100463526314,52.52316093499192],[13.343168888971864,52.52534752412922],[13.339544552590135,52.52577014382972],[13.339121535429648,52.52624450546242],[13.33440321179787,52.526090066309045],[13.329077794615026,52.526600711798665]]]},"properties":{"plz":"10555"}},
{"type":"Feature","geometry":{"type":"Polygon","coordinates":[[[13.365859811970504,52.53565689704142],[13.36561777140428,52.53720653722652],[13.362546940368393,52.53834640734472],[13.359135791352614,52.53676970560915],[13.357181436688524,52.53582977796889],[13.357364094508664,52.534639479850675],[13.353003718761439,52.53317097086973],[13.351661749881874,52.532379743981316],[13.352322361675617,52.53112855478029],[13.353487215811354,52.53148621559544],[13.354860061036243,52.5282326577363],[13.356578038698347,52.525607130238996],[13.357794363872694,52.52475617805685],[13.355881826279012,52.523097398203426],[13.355253348113676,52.521322914957146],[13.354007029549624,52.52155280297936],[13.35434629442403,52.523629473663014],[13.350258586257544,52.523975867919305],[13.349318505765018,52.52445804380657],[13.347625693135315,52.522819414981804],[13.343100463526314,52.52316093499192],[13.34186137103628,52.52225571220591],[13.34308385654619,52.52185065773854],[13.34265476010261,52.520538492130484],[13.337687066509998,52.5158220109992],[13.336414338698706,52.51381040173942],[13.33628791409758,52.513548582948204],[13.340450179284089,52.513837303479036],[13.345169006741457,52.51417123653604],[13.349124058582348,52.514167994472345],[13.350261869066836,52.5138300667023],[13.350952711132523,52.514064429523344],[13.351283825620415,52.51458552148061],[13.376643017926863,52.51620635533428],[13.376643017926861,52.51620635533433],[13.376859258943053,52.51963607408906],[13.37541798236829,52.52178889361709],[13.371683418931138,52.522779313245586],[13.371048788170315,52.52652442860315],[13.37336499897637,52.526525811623124],[13.373740754185107,52.52780270094086],[13.370875707537786,52.530447570507675],[13.368983200399791,52.53279254317395],[13.365859811970504,52.53565689704142]]]},"properties":{"plz":"10557"}},
{"type":"Feature","geometry":{"type":"Polygon","coordinates":[[[13.343168888971864,52.52534752412922],[13.343100463526314,52.52316093499192],[13.347625693135315,52.522819414981804],[13.349318505765018,52.52445804380657],[13.350258586257544,52.523975867919305],[13.35434629442403,52.523629473663014],[13.354007029549624,52.52155280297936],[13.355253348113676,52.521322914957146],[13.355881826279012,52.523097398203426],[13.357794363872694,52.52475617805685],[13.356578038698347,52.525607130238996],[13.354860061036243,52.5282326577363],[13.353487215811354,52.53148621559544],[13.352322361675617,52.53112855478029],[13.351661749881874,52.532379743981316],[13.353003718761439,52.53317097086973],[13.357364094508664,52.534639479850675],[13.357181436688524,52.53582977796889],[13.359135791352614,52.53676970560915],[13.355314278245897,52.5377315544099],[13.34380029335797,52.53645908022867],[13.343600359756454,52.53409065372784],[13.344587223356582,52.533019118809506],[13.34355473904689,52.53156083750699],[13.344483678964494,52.52986190506385],[13.343247592700028,52.5284561549054],[13.344676803365033,52.5284676553912],[13.344691204720663,52.526909424709956],[13.34325323384124,52.52689341019217],[13.343168888971864,52.52534752412922]]]},"properties":{"plz":"10559"}},
{"type":"Feature","geometry":{"type":"Polygon","coordinates":[[[13.299660173118173,52.52111944998903],[13.299579948602005,52.51962296576892],[13.296748395360197,52.5186481491877],[13.298339152580702,52.51670788144109],[13.29846838511831,52.514587409909005],[13.297254890228036,52.513761765379876],[13.298359033068401,52.51186776945252],[13.299576588791851,52.5113490220042],[13.303992794632295,52.51250334415352],[13.30535641093531,52.5117431973437],[13.309486040002604,52.51201495287864],[13.314624615259019,52.514584398994664],[13.31619994021346,52.51365573848275],[13.319118843102036,52.513106195722926],[13.320402432252676,52.51344023156811],[13.320190658338964,52.514661855826446],[13.317614337210577,52.51528960474294],[13.315354684106994,52.51487119636988],[13.31295988857833,52.51564670099957],[13.308007286250485,52.51790706501795],[13.30145513667065,52.519051198096136],[13.299802069683665,52.519866216889646],[13.299660173118173,52.52111944998903]]]},"properties":{"plz":"10585"}},
{"type":"Feature","geometry":{"type":"Polygon","coordinates":[[[13.317304396419246,52.520616925139],[13.316227863535332,52.52014231096435],[13.312524551294297,52.520712168787206],[13.30761266143367,52.52052558393316],[13.303214713448202,52.52157675191823],[13.300112692625552,52.52188276038493],[13.299660173118173,52.52111944998903],[13.299802069683665,52.519866216889646],[13.30145513667065,52.519051198096136],[13.308007286250485,52.51790706501795],[13.31295988857833,52.51564670099957],[13.315354684106994,52.51487119636988],[13.317614337210577,52.51528960474294],[13.320190658338964,52.514661855826446],[13.320402432252676,52.51344023156811],[13.319118843102036,52.513106195722926],[13.320241855646202,52.51280806018873],[13.319238880792872,52.51173605643338],[13.322307114695457,52.511293763632054],[13.32332682105999,52.512298385255704],[13.322789670195531,52.51436391616481],[13.326541515917892,52.51435552113569],[13.326670637918816,52.513780708964084],[13.331118698985152,52.5138413314022],[13.332736925933203,52.51591766176432],[13.334371701670081,52.51641147681247],[13.332276498424669,52.51670284138423],[13.329785382961454,52.5178109498387],[13.329087202797638,52.51910595535589],[13.329550801131452,52.520919707984376],[13.328778854286613,52.52243918958628],[13.326916765916936,52.52371506950525],[13.324413361842252,52.52460376063788],[13.320815455935977,52.524384229223664],[13.318940205004553,52.523071823930664],[13.318775637603796,52.52111232775842],[13.317304396419246,52.520616925139]]]},"properties":{"plz":"10587"}},
{"type":"Feature","geometry":{"type":"Polygon","coordinates":[[[13.311488283924096,52.53540421218558],[13.298117409528334,52.533395299385134],[13.293691053379073,52.53235217038245],[13.292714773727166,52.53167273253047],[13.295104091683783,52.53100546025799],[13.295095528016875,52.529794948134125],[13.296367467061568,52.527205885691906],[13.297034273782112,52.52355650766697],[13.297786521259571,52.52245684903576],[13.300112692625552,52.52188276038493],[13.303214713448202,52.52157675191823],[13.30761266143367,52.52052558393316],[13.312524551294297,52.520712168787206],[13.316227863535332,52.52014231096435],[13.317304396419246,52.520616925139],[13.31664490456188,52.52096208000706],[13.311488283924096,52.53540421218558]]]},"properties":{"plz":"10589"}},
{"type":"Feature","geometry":{"type":"Polygon","coordinates":[[[13.334371701670081,52.51641147681247],[13.332736925933203,52.51591766176432],[13.331118698985152,52.5138413314022],[13.326670637918816,52.513780708964084],[13.326541515917892,52.51435552113569],[13.322789670195531,52.51436391616481],[13.32332682105999,52.512298385255704],[13.322307114695457,52.511293763632054],[13.321940412148138,52.50979565726786],[13.319157099329713,52.51015870105153],[13.318198470836586,52.50886573349633],[13.321294915263033,52.50730111802305],[13.32012801372929,52.50736639762865],[13.317804633944451,52.5062190583739],[13.318085018915244,52.50529776726473],[13.319337838010195,52.50452009564604],[13.31895580411044,52.50334186038198],[13.321139342979285,52.50340054198004],[13.321468261272079,52.50247577324586],[13.319457224441104,52.50281655022855],[13.31839849064778,52.50238243959712],[13.319655244669791,52.50187257469943],[13.32162161242331,52.50223442982535],[13.32319104523459,52.50314431463151],[13.324440600083346,52.5028204028641],[13.32629290190945,52.50372467798191],[13.327721479620353,52.50327717095661],[13.329811964821502,52.505126481402485],[13.330291943823124,52.504269467250914],[13.33333251043278,52.50501124756757],[13.334449368770152,52.50537257457282],[13.33444936877015,52.505372574572846],[13.333748222581903,52.50672152329805],[13.334867834984589,52.50823043755901],[13.332701984943231,52.50945623785512],[13.331797272916669,52.51039308323681],[13.333750203139473,52.50952443823835],[13.33417358544115,52.509423038369036],[13.335299162447464,52.511601461662465],[13.336540469791071,52.51143376604887],[13.336909936231493,52.51146971863017],[13.335881896002292,52.51235327257371],[13.335825736194055,52.51260475828855],[13.33628791409758,52.513548582948204],[13.336414338698706,52.51381040173942],[13.334371701670081,52.51641147681247]]]},"properties":{"plz":"10623"}},
{"type":"Feature","geometry":{"type":"Polygon","coordinates":[[[13.309486040002604,52.51201495287864],[13.310507124504628,52.50930104520002],[13.306601137852171,52.50929773003842],[13.307491469248696,52.5083844038665],[13.309497931170794,52.50852280222825],[13.309701099188324,52.50525942128876],[13.313973203468816,52.505502646589896],[13.318085018915244,52.50529776726473],[13.317804633944451,52.5062190583739],[13.32012801372929,52.50736639762865],[13.321294915263033,52.50730111802305],[13.318198470836586,52.50886573349633],[13.319157099329713,52.51015870105153],[13.321940412148138,52.50979565726786],[13.322307114695457,52.511293763632054],[13.319238880792872,52.51173605643338],[13.320241855646202,52.51280806018873],[13.319118843102036,52.513106195722926],[13.31619994021346,52.51365573848275],[13.314624615259019,52.514584398994664],[13.309486040002604,52.51201495287864]]]},"properties":{"plz":"10625"}},
{"type":"Feature","geometry":{"type":"Polygon","coordinates":[[[13.298359033068401,52.51186776945252],[13.29733759354817,52.51097525912174],[13.297414881572577,52.50851764486561],[13.296282696916023,52.508461467118984],[13.29614030257998,52.5066322996143],[13.298727438084866,52.505514380241614],[13.298894631795868,52.504222572675054],[13.295300749421378,52.50331390030457],[13.295844533104214,52.502479669432404],[13.30801776781209,52.505261189366074],[13.309701099188324,52.50525942128876],[13.309497931170794,52.50852280222825],[13.307491469248696,52.5083844038665],[13.306601137852171,52.50929773003842],[13.310507124504628,52.50930104520002],[13.309486040002604,52.51201495287864],[13.30535641093531,52.5117431973437],[13.303992794632295,52.51250334415352],[13.299576588791851,52.5113490220042],[13.298359033068401,52.51186776945252]]]},"properties":{"plz":"10627"}},
{"type":"Feature","geometry":{"type":"Polygon","coordinates":[[[13.318085018915244,52.50529776726473],[13.313973203468816,52.505502646589896],[13.309701099188324,52.50525942128876],[13.30801776781209,52.505261189366074],[13.295844533104214,52.502479669432404],[13.294856334074684,52.50190175956272],[13.297934761677995,52.50161379804489],[13.300569801855554,52.50034409798271],[13.30320915972664,52.49986966450793],[13.306841877440124,52.5004834426091],[13.307029535735772,52.49998878866837],[13.31009420965917,52.50117517322524],[13.311434870407652,52.50067820138882],[13.313169655477363,52.50149160490663],[13.316844440071335,52.5016064315953],[13.31839849064778,52.50238243959712],[13.319457224441104,52.50281655022855],[13.321468261272079,52.50247577324586],[13.321139342979285,52.50340054198004],[13.31895580411044,52.50334186038198],[13.319337838010195,52.50452009564604],[13.318085018915244,52.50529776726473]]]},"properties":{"plz":"10629"}},
{"type":"Feature","geometry":{"type":"Polygon","coordinates":[[[13.31839849064778,52.50238243959712],[13.316844440071335,52.5016064315953],[13.313169655477363,52.50149160490663],[13.311434870407652,52.50067820138882],[13.31009420965917,52.50117517322524],[13.307029535735772,52.49998878866837],[13.306747760626807,52.49742234809777],[13.307975500904906,52.49623942534101],[13.309661370748826,52.493377214677],[13.312239081934921,52.49156340008824],[13.312201850922092,52.490383353128195],[13.314757219571886,52.48939979088807],[13.316092775766764,52.48998743860573],[13.315761998285314,52.49159248484746],[13.318451167477141,52.49231845633883],[13.317996774480555,52.49245117209689],[13.31972494626053,52.50011138509983],[13.319655244669791,52.50187257469943],[13.31839849064778,52.50238243959712]]]},"properties":{"plz":"10707"}},
{"type":"Feature","geometry":{"type":"Polygon","coordinates":[[[13.30320915972664,52.49986966450793],[13.297672400148238,52.49888473862664],[13.296472517711253,52.49826671015779],[13.296986598644976,52.49508956642165],[13.296859452833049,52.49299262559698],[13.294796604403963,52.49222838117037],[13.296890710289663,52.49058339018172],[13.29964542491199,52.48857353466131],[13.300373661519682,52.48804173837787],[13.301961438608512,52.48873268938441],[13.302188277009046,52.490117257582014],[13.303722655052745,52.49007203094794],[13.304273227544206,52.48866622198147],[13.30792606963233,52.48901851556777],[13.311810957806431,52.48987007377698],[13.312201850922092,52.490383353128195],[13.312239081934921,52.49156340008824],[13.309661370748826,52.493377214677],[13.307975500904906,52.49623942534101],[13.306747760626807,52.49742234809777],[13.307029535735772,52.49998878866837],[13.306841877440124,52.5004834426091],[13.30320915972664,52.49986966450793]]]},"properties":{"plz":"10709"}},
{"type":"Feature","geometry":{"type":"Polygon","coordinates":[[[13.295300749421378,52.50331390030457],[13.287458791032506,52.50236605112722],[13.279849717800847,52.49993647440245],[13.280355753213623,52.499253178208775],[13.27744006454845,52.49833605819149],[13.280710508777839,52.49870603408966],[13.281750069503996,52.49720290844112],[13.281382477835283,52.49600750962756],[13.284370916163116,52.494371639386564],[13.29088709017988,52.49404792759887],[13.296890710289663,52.49058339018172],[13.294796604403963,52.49222838117037],[13.296859452833049,52.49299262559698],[13.296986598644976,52.49508956642165],[13.296472517711253,52.49826671015779],[13.297672400148238,52.49888473862664],[13.30320915972664,52.49986966450793],[13.300569801855554,52.50034409798271],[13.297934761677995,52.50161379804489],[13.294856334074684,52.50190175956272],[13.295844533104214,52.502479669432404],[13.295300749421378,52.50331390030457]]]},"properties":{"plz":"10711"}},
{"type":"Feature","geometry":{"type":"Polygon","coordinates":[[[13.312201850922092,52.490383353128195],[13.311810957806431,52.48987007377698],[13.30792606963233,52.48901851556777],[13.304273227544206,52.48866622198147],[13.303722655052745,52.49007203094794],[13.302188277009046,52.490117257582014],[13.301961438608512,52.48873268938441],[13.300373661519682,52.48804173837787],[13.310610230009818,52.48053691520743],[13.314798047072797,52.478622189467316],[13.32048415310727,52.477711421325104],[13.320998001745833,52.48129753417831],[13.320543059757465,52.48195148568213],[13.320411908529833,52.48706455820034],[13.31943494901335,52.487412503923025],[13.320038623721334,52.48888069339313],[13.320005637785933,52.49129711993255],[13.318451167477141,52.49231845633883],[13.315761998285314,52.49159248484746],[13.316092775766764,52.48998743860573],[13.314757219571886,52.48939979088807],[13.312201850922092,52.490383353128195]]]},"properties":{"plz":"10713"}},
{"type":"Feature","geometry":{"type":"Polygon","coordinates":[[[13.32048415310727,52.477711421325104],[13.320481426267087,52.4774678751647],[13.328809005505102,52.47743971761186],[13.33286394505473,52.477414811710524],[13.332977350197096,52.47784555496454],[13.337061190236492,52.47813061415211],[13.337060097373595,52.47852153168646],[13.337042615091645,52.48208380431883],[13.33628508748692,52.48200466234528],[13.336220300063365,52.48760049767313],[13.336978706495945,52.48823322029926],[13.336181443140353,52.48858354302617],[13.332883604256306,52.48773065500319],[13.327913544106083,52.487317400765356],[13.326773989283828,52.48668724753029],[13.325217853890694,52.48713711708386],[13.322262405794143,52.48662988819311],[13.320411908529833,52.48706455820034],[13.320543059757465,52.48195148568213],[13.320998001745833,52.48129753417831],[13.32048415310727,52.477711421325104]]]},"properties":{"plz":"10715"}},
{"type":"Feature","geometry":{"type":"Polygon","coordinates":[[[13.320411908529833,52.48706455820034],[13.322262405794143,52.48662988819311],[13.325217853890694,52.48713711708386],[13.326773989283828,52.48668724753029],[13.327913544106083,52.487317400765356],[13.332883604256306,52.48773065500319],[13.336181443140353,52.48858354302617],[13.336675416189703,52.49070201034784],[13.33340052352458,52.49301698906268],[13.332265255595884,52.492814666223126],[13.332195143555197,52.494937138373736],[13.33133692552669,52.495571253866885],[13.32791265167035,52.49571273005248],[13.322786051842739,52.493959852965915],[13.32163032899961,52.493098652273325],[13.320313231435508,52.4934331460139],[13.320005637785933,52.49129711993255],[13.320038623721334,52.48888069339313],[13.31943494901335,52.487412503923025],[13.320411908529833,52.48706455820034]]]},"properties":{"plz":"10717"}},
{"type":"Feature","geometry":{"type":"Polygon","coordinates":[[[13.319655244669791,52.50187257469943],[13.31972494626053,52.50011138509983],[13.317996774480555,52.49245117209689],[13.318451167477141,52.49231845633883],[13.320005637785933,52.49129711993255],[13.320313231435508,52.4934331460139],[13.32163032899961,52.493098652273325],[13.322786051842739,52.493959852965915],[13.32791265167035,52.49571273005248],[13.33133692552669,52.495571253866885],[13.331824086421104,52.49560122639208],[13.330988096913346,52.49665057701733],[13.332426648254737,52.49841824169038],[13.33441317132033,52.49906301039009],[13.331533122652544,52.499916777138345],[13.330936631464619,52.50103052142599],[13.332201068953431,52.50198715149658],[13.331477447926925,52.503171576639126],[13.333654717765263,52.50350859213085],[13.335222805970991,52.5044425743965],[13.33333251043278,52.50501124756757],[13.330291943823124,52.504269467250914],[13.329811964821502,52.505126481402485],[13.327721479620353,52.50327717095661],[13.32629290190945,52.50372467798191],[13.324440600083346,52.5028204028641],[13.32319104523459,52.50314431463151],[13.32162161242331,52.50223442982535],[13.319655244669791,52.50187257469943]]]},"properties":{"plz":"10719"}},
{"type":"Feature","geometry":{"type":"Polygon","coordinates":[[[13.331824086421104,52.49560122639208],[13.337186892859203,52.49509683568048],[13.337156620128901,52.494549475056395],[13.341097089413708,52.4947073294723],[13.346252180098366,52.49441860472519],[13.347100586549551,52.49668974011227],[13.355225778381435,52.497589346932905],[13.354088289758202,52.4998549507752],[13.353634339135844,52.4999213035483],[13.352469390988956,52.500422757103834],[13.351926116525886,52.49946262973224],[13.349945407094262,52.49949036639174],[13.349430169108382,52.499467592835025],[13.34955956040711,52.500200301639914],[13.347157985288169,52.50041033162348],[13.346622324957899,52.501050706418916],[13.34508764072097,52.49924885146004],[13.341219542778827,52.49990189529941],[13.33441317132033,52.49906301039009],[13.332426648254737,52.49841824169038],[13.330988096913346,52.49665057701733],[13.331824086421104,52.49560122639208]]]},"properties":{"plz":"10777"}},
{"type":"Feature","geometry":{"type":"Polygon","coordinates":[[[13.336978706495945,52.48823322029926],[13.339097496188323,52.4886275109609],[13.339748202457141,52.48794610465061],[13.343635007384949,52.489494879140324],[13.345010288173931,52.489454126330735],[13.345991113942432,52.48986175506602],[13.345826916524794,52.49252950186573],[13.345215007558712,52.49336470492558],[13.346252180098366,52.49441860472519],[13.341097089413708,52.4947073294723],[13.337156620128901,52.494549475056395],[13.337186892859203,52.49509683568048],[13.331824086421104,52.49560122639208],[13.33133692552669,52.495571253866885],[13.332195143555197,52.494937138373736],[13.332265255595884,52.492814666223126],[13.33340052352458,52.49301698906268],[13.336675416189703,52.49070201034784],[13.336181443140353,52.48858354302617],[13.336978706495945,52.48823322029926]]]},"properties":{"plz":"10779"}},
{"type":"Feature","geometry":{"type":"Polygon","coordinates":[[[13.346252180098366,52.49441860472519],[13.345215007558712,52.49336470492558],[13.345826916524794,52.49252950186573],[13.345991113942432,52.48986175506602],[13.355124232393678,52.490164348113716],[13.3595892183924,52.49117292623929],[13.360653558413953,52.4919203167681],[13.359850367864267,52.49375807486341],[13.361102974305398,52.49479345788427],[13.360435136932244,52.4968876418249],[13.355793036408212,52.49705054947735],[13.355225778381435,52.497589346932905],[13.347100586549551,52.49668974011227],[13.346252180098366,52.49441860472519]]]},"properties":{"plz":"10781"}},
{"type":"Feature","geometry":{"type":"Polygon","coordinates":[[[13.355225778381435,52.497589346932905],[13.355793036408212,52.49705054947735],[13.360435136932244,52.4968876418249],[13.361102974305398,52.49479345788427],[13.359850367864267,52.49375807486341],[13.360653558413953,52.4919203167681],[13.3595892183924,52.49117292623929],[13.360599178662726,52.49092806898619],[13.363371690070664,52.492111521054525],[13.367295007108574,52.49140844268189],[13.368409849310861,52.492606104931944],[13.368580119821567,52.493952675814626],[13.368410707730904,52.49447173390785],[13.368673419420507,52.49738487689977],[13.369598332041756,52.498105820294526],[13.36908507976462,52.49875263960435],[13.366282742578932,52.499033178497605],[13.36560299362286,52.49894091652926],[13.363497737380563,52.49911778247218],[13.363282351280247,52.499184702686804],[13.36277029318512,52.49961401860991],[13.362100742402903,52.499539732270215],[13.361221952117058,52.49900036768934],[13.360363104145483,52.500281720462986],[13.359640146884912,52.50002846749194],[13.358659350347631,52.50076943977287],[13.356350529643098,52.50098435977041],[13.355115172733617,52.501680686453234],[13.354920025930662,52.50132706658975],[13.354623370013325,52.50024260433892],[13.354088289758202,52.4998549507752],[13.355225778381435,52.497589346932905]]]},"properties":{"plz":"10783"}},
{"type":"Feature","geometry":{"type":"Polygon","coordinates":[[[13.376643017926863,52.51620635533428],[13.351283825620415,52.51458552148061],[13.350952711132523,52.514064429523344],[13.350261869066836,52.5138300667023],[13.35166880126742,52.50836861835238],[13.350946767270628,52.50842535126769],[13.351226642122214,52.50555364516906],[13.350239057309883,52.50338223789081],[13.349079565540231,52.50252939476978],[13.3499598357785,52.50188262549194],[13.353677217999785,52.50203234775912],[13.354240176897752,52.501487261605746],[13.354920025930662,52.50132706658975],[13.355115172733617,52.501680686453234],[13.356350529643098,52.50098435977041],[13.358659350347631,52.50076943977287],[13.359640146884912,52.50002846749194],[13.360363104145483,52.500281720462986],[13.361221952117058,52.49900036768934],[13.362100742402903,52.499539732270215],[13.36277029318512,52.49961401860991],[13.363282351280247,52.499184702686804],[13.363497737380563,52.49911778247218],[13.36560299362286,52.49894091652926],[13.366282742578932,52.499033178497605],[13.36908507976462,52.49875263960435],[13.369598332041756,52.498105820294526],[13.368673419420507,52.49738487689977],[13.368410707730904,52.49447173390785],[13.368580119821567,52.493952675814626],[13.369245196015815,52.49402421997854],[13.37179870871545,52.495469406833124],[13.373048621470318,52.496005898527635],[13.373079257936288,52.49656762911599],[13.373130737571563,52.49760210147749],[13.373967186090058,52.50066831711762],[13.37435377814845,52.5018176246379],[13.376216837562026,52.50177754759794],[13.373823525767651,52.50337835698758],[13.375260176244169,52.50581587621588],[13.376744537579865,52.50869831127065],[13.3763898314959,52.51021089659509],[13.377298253562602,52.51573594382338],[13.37715351872674,52.515802139258035],[13.376800568690138,52.51595865943835],[13.37666714243444,52.51610845313171],[13.376643017926863,52.51620635533428]]]},"properties":{"plz":"10785"}},
{"type":"Feature","geometry":{"type":"Polygon","coordinates":[[[13.33628791409758,52.513548582948204],[13.335825736194055,52.51260475828855],[13.335881896002292,52.51235327257371],[13.336909936231493,52.51146971863017],[13.336540469791071,52.51143376604887],[13.335299162447464,52.511601461662465],[13.33417358544115,52.509423038369036],[13.333750203139473,52.50952443823835],[13.331797272916669,52.51039308323681],[13.332701984943231,52.50945623785512],[13.334867834984589,52.50823043755901],[13.333748222581903,52.50672152329805],[13.33444936877015,52.505372574572846],[13.334449368770152,52.50537257457282],[13.339428703359756,52.50445645118236],[13.339666341486263,52.50324384055774],[13.341886862400143,52.50282324121645],[13.344195494877715,52.502434263293196],[13.34357083628114,52.501330118014856],[13.34526934029664,52.50100256446013],[13.346622324957899,52.501050706418916],[13.347157985288169,52.50041033162348],[13.34955956040711,52.500200301639914],[13.349430169108382,52.499467592835025],[13.349945407094262,52.49949036639174],[13.351926116525886,52.49946262973224],[13.352469390988956,52.500422757103834],[13.353634339135844,52.4999213035483],[13.354088289758202,52.4998549507752],[13.354623370013325,52.50024260433892],[13.354920025930662,52.50132706658975],[13.354240176897752,52.501487261605746],[13.353677217999785,52.50203234775912],[13.3499598357785,52.50188262549194],[13.349079565540231,52.50252939476978],[13.350239057309883,52.50338223789081],[13.351226642122214,52.50555364516906],[13.350946767270628,52.50842535126769],[13.35166880126742,52.50836861835238],[13.350261869066836,52.5138300667023],[13.349124058582348,52.514167994472345],[13.345169006741457,52.51417123653604],[13.340450179284089,52.513837303479036],[13.33628791409758,52.513548582948204]]]},"properties":{"plz":"10787"}},
{"type":"Feature","geometry":{"type":"Polygon","coordinates":[[[13.33333251043278,52.50501124756757],[13.335222805970991,52.5044425743965],[13.333654717765263,52.50350859213085],[13.331477447926925,52.503171576639126],[13.332201068953431,52.50198715149658],[13.330936631464619,52.50103052142599],[13.331533122652544,52.499916777138345],[13.33441317132033,52.49906301039009],[13.341219542778827,52.49990189529941],[13.34508764072097,52.49924885146004],[13.346622324957899,52.501050706418916],[13.34526934029664,52.50100256446013],[13.34357083628114,52.501330118014856],[13.344195494877715,52.502434263293196],[13.341886862400143,52.50282324121645],[13.339666341486263,52.50324384055774],[13.339428703359756,52.50445645118236],[13.334449368770152,52.50537257457282],[13.33333251043278,52.50501124756757]]]},"properties":{"plz":"10789"}},
{"type":"Feature","geometry":{"type":"Polygon","coordinates":[[[13.345010288173931,52.489454126330735],[13.34505967385756,52.4865596419146],[13.345926805663925,52.48654822244303],[13.345160607705798,52.484582817085766],[13.345681118579675,52.48259350855647],[13.347047967735225,52.481758291028136],[13.348007655433056,52.48175965621776],[13.348771016142148,52.48372054431559],[13.350541423672583,52.48425490178517],[13.349756957055222,52.484940548065],[13.353028785505025,52.48478370364986],[13.35375580253109,52.48647667165435],[13.356068258062008,52.48626720184929],[13.355836548717264,52.487323502335],[13.358221291081588,52.48878836894663],[13.356631467560021,52.48973284323114],[13.358689312438148,52.489778859759944],[13.360599178662726,52.49092806898619],[13.3595892183924,52.49117292623929],[13.355124232393678,52.490164348113716],[13.345991113942432,52.48986175506602],[13.345010288173931,52.489454126330735]]]},"properties":{"plz":"10823"}},
{"type":"Feature","geometry":{"type":"Polygon","coordinates":[[[13.337060097373595,52.47852153168646],[13.34195356608144,52.478572949505505],[13.343376713803826,52.47858894684037],[13.346202964676603,52.48038672284678],[13.347047967735225,52.481758291028136],[13.345681118579675,52.48259350855647],[13.345160607705798,52.484582817085766],[13.345926805663925,52.48654822244303],[13.34505967385756,52.4865596419146],[13.345010288173931,52.489454126330735],[13.343635007384949,52.489494879140324],[13.339748202457141,52.48794610465061],[13.339097496188323,52.4886275109609],[13.336978706495945,52.48823322029926],[13.336220300063365,52.48760049767313],[13.33628508748692,52.48200466234528],[13.337042615091645,52.48208380431883],[13.337060097373595,52.47852153168646]]]},"properties":{"plz":"10825"}},
{"type":"Feature","geometry":{"type":"Polygon","coordinates":[[[13.360599178662726,52.49092806898619],[13.358689312438148,52.489778859759944],[13.356631467560021,52.48973284323114],[13.358221291081588,52.48878836894663],[13.355836548717264,52.487323502335],[13.356068258062008,52.48626720184929],[13.35375580253109,52.48647667165435],[13.353028785505025,52.48478370364986],[13.349756957055222,52.484940548065],[13.350541423672583,52.48425490178517],[13.348771016142148,52.48372054431559],[13.348007655433056,52.48175965621776],[13.347047967735225,52.481758291028136],[13.346202964676603,52.48038672284678],[13.343376713803826,52.47858894684037],[13.34195356608144,52.478572949505505],[13.341480147661878,52.47735501387019],[13.343257347272337,52.47815370613916],[13.345389205960613,52.47758454539125],[13.343891439777215,52.47727452951548],[13.344867504125169,52.475156003068356],[13.346540586653829,52.47496316820767],[13.351326212191962,52.47903008660795],[13.35310768240966,52.47989154696922],[13.358506677000994,52.484220200292825],[13.359544875958777,52.48463503613736],[13.364079234139256,52.48825692214587],[13.367295007108574,52.49140844268189],[13.363371690070664,52.492111521054525],[13.360599178662726,52.49092806898619]]]},"properties":{"plz":"10827"}},
{"type":"Feature","geometry":{"type":"Polygon","coordinates":[[[13.367295007108574,52.49140844268189],[13.364079234139256,52.48825692214587],[13.359544875958777,52.48463503613736],[13.358506677000994,52.484220200292825],[13.35310768240966,52.47989154696922],[13.351326212191962,52.47903008660795],[13.346540586653829,52.47496316820767],[13.343515860709415,52.472498111829594],[13.343694269318927,52.471985399268256],[13.348643311062261,52.47291287530247],[13.351216521808464,52.47420039399825],[13.35593494542127,52.473681969746444],[13.358081408105198,52.474036443717104],[13.357178319268696,52.472264015042626],[13.356008235222836,52.47228920271315],[13.355571868023837,52.45970953762894],[13.358918117012374,52.459341515013435],[13.359308585995926,52.46045674817501],[13.361665631465808,52.460430598174696],[13.362952087212273,52.46427079023269],[13.362632853183886,52.46623187183777],[13.363262676801973,52.46893557159171],[13.36648931340001,52.468496971948504],[13.370155087263315,52.470723787952906],[13.371080427896771,52.47204143967863],[13.368921899487383,52.472492381715334],[13.3665221878339,52.474656512586414],[13.365613907113921,52.47444961568638],[13.364172594264232,52.47676768403916],[13.365245116951378,52.47658493311986],[13.369969343719177,52.48495466973353],[13.37071854381914,52.48801175486568],[13.3716212356401,52.48796427733129],[13.371997467538614,52.492155561328374],[13.368409849310861,52.492606104931944],[13.367295007108574,52.49140844268189]]]},"properties":{"plz":"10829"}},
{"type":"Feature","geometry":{"type":"Polygon","coordinates":[[[13.385324688795285,52.495075392964715],[13.38713359413871,52.49410761258619],[13.385842437014846,52.49004662434818],[13.387251434176093,52.490027915482784],[13.388899465278646,52.48881624379978],[13.390080753431402,52.489524962056635],[13.392002752859362,52.488820641419736],[13.39628544133637,52.48822245803398],[13.3975299648305,52.48754638257792],[13.402189719374775,52.48744657545669],[13.402094125350985,52.48684968050903],[13.407045773106862,52.48694434712242],[13.407758578624259,52.488662117172645],[13.408130244579269,52.48941588480796],[13.40632446036911,52.489889726937335],[13.408525306244849,52.492288743796614],[13.408674166093613,52.49344829439153],[13.407044390042023,52.49402491912661],[13.408259076921503,52.496103978121646],[13.400944565970674,52.49689365789021],[13.395455949276542,52.49790394350399],[13.391025595139206,52.49757528093053],[13.389007100261061,52.49780489718391],[13.388039824226519,52.49669220256624],[13.389123806911787,52.49609317742495],[13.388387495599066,52.49502318633465],[13.386127862833007,52.495751025632615],[13.385324688795285,52.495075392964715]]]},"properties":{"plz":"10961"}},
{"type":"Feature","geometry":{"type":"Polygon","coordinates":[[[13.376744537579865,52.50869831127065],[13.375260176244169,52.50581587621588],[13.373823525767651,52.50337835698758],[13.376216837562026,52.50177754759794],[13.37435377814845,52.5018176246379],[13.373967186090058,52.50066831711762],[13.373130737571563,52.49760210147749],[13.373079257936288,52.49656762911599],[13.373048621470318,52.496005898527635],[13.376135309581985,52.49279974979182],[13.376538575265876,52.49178601094057],[13.384809658695396,52.494215218974155],[13.385324688795285,52.495075392964715],[13.386127862833007,52.495751025632615],[13.388387495599066,52.49502318633465],[13.389123806911787,52.49609317742495],[13.388039824226519,52.49669220256624],[13.389007100261061,52.49780489718391],[13.391025595139206,52.49757528093053],[13.389372468727787,52.499409737745204],[13.391571163532475,52.50019415894536],[13.38911758384565,52.50189490838976],[13.388125113641607,52.50433276213161],[13.385758349276719,52.50732767938702],[13.37893426521658,52.50692896927319],[13.377642675564179,52.507966901439694],[13.376744537579865,52.50869831127065]]]},"properties":{"plz":"10963"}},
{"type":"Feature","geometry":{"type":"Polygon","coordinates":[[[13.368409849310861,52.492606104931944],[13.371997467538614,52.492155561328374],[13.3716212356401,52.48796427733129],[13.37071854381914,52.48801175486568],[13.369969343719177,52.48495466973353],[13.381197245311437,52.484560615109324],[13.388803161904102,52.48510636139302],[13.388726785168336,52.4839828762385],[13.39184600016546,52.48424972040717],[13.391120311526718,52.482317045973616],[13.394460253632573,52.47782043255072],[13.399671015087725,52.477700237646474],[13.40586781669311,52.47846774130119],[13.410881517139636,52.47772121289372],[13.413481823763174,52.47870637095565],[13.416214561414678,52.47848839348519],[13.417997290649586,52.47778879418829],[13.418197578942522,52.47932047353415],[13.420385204577718,52.48016455995123],[13.420828605286601,52.484819518586306],[13.413379923743918,52.48486923410543],[13.413099846544437,52.48768783981275],[13.407758578624259,52.488662117172645],[13.407045773106862,52.48694434712242],[13.402094125350985,52.48684968050903],[13.402189719374775,52.48744657545669],[13.3975299648305,52.48754638257792],[13.39628544133637,52.48822245803398],[13.392002752859362,52.488820641419736],[13.390080753431402,52.489524962056635],[13.388899465278646,52.48881624379978],[13.387251434176093,52.490027915482784],[13.385842437014846,52.49004662434818],[13.38713359413871,52.49410761258619],[13.385324688795285,52.495075392964715],[13.384809658695396,52.494215218974155],[13.376538575265876,52.49178601094057],[13.376135309581985,52.49279974979182],[13.373048621470318,52.496005898527635],[13.37179870871545,52.495469406833124],[13.369245196015815,52.49402421997854],[13.368580119821567,52.493952675814626],[13.368409849310861,52.492606104931944]]]},"properties":{"plz":"10965"}},
{"type":"Feature","geometry":{"type":"Polygon","coordinates":[[[13.407758578624259,52.488662117172645],[13.413099846544437,52.48768783981275],[13.413379923743918,52.48486923410543],[13.420828605286601,52.484819518586306],[13.422564057788852,52.48483330875521],[13.422593876047682,52.48634311658805],[13.424526420487258,52.486084922253596],[13.425449399387107,52.48640911571511],[13.425548934625406,52.48976309946912],[13.42419325705904,52.49003847531147],[13.425223916438137,52.49097933790875],[13.423579263333016,52.491016966572],[13.420965906057921,52.4957852544322],[13.41801456123973,52.4959283674539],[13.414476862913743,52.49521932285442],[13.41240743205813,52.495373758855436],[13.408259076921503,52.496103978121646],[13.407044390042023,52.49402491912661],[13.408674166093613,52.49344829439153],[13.408525306244849,52.492288743796614],[13.40632446036911,52.489889726937335],[13.408130244579269,52.48941588480796],[13.407758578624259,52.488662117172645]]]},"properties":{"plz":"10967"}},
{"type":"Feature","geometry":{"type":"Polygon","coordinates":[[[13.385758349276719,52.50732767938702],[13.388125113641607,52.50433276213161],[13.38911758384565,52.50189490838976],[13.391571163532475,52.50019415894536],[13.389372468727787,52.499409737745204],[13.391025595139206,52.49757528093053],[13.395455949276542,52.49790394350399],[13.400944565970674,52.49689365789021],[13.408259076921503,52.496103978121646],[13.41240743205813,52.495373758855436],[13.411232323195803,52.49661088192137],[13.411873534241401,52.49858191664707],[13.413419446809336,52.49953548984924],[13.414916970308639,52.501686862616154],[13.41452167063863,52.50457532947317],[13.414064797614255,52.504035317013056],[13.41151881037426,52.504888931668354],[13.409857149871945,52.50707861612032],[13.407837409023331,52.506304752890834],[13.405277064715085,52.50820693604032],[13.403630638542325,52.50817329133002],[13.400181051422766,52.50937363383656],[13.39876629511367,52.50810920800227],[13.385758349276719,52.50732767938702]]]},"properties":{"plz":"10969"}},
{"type":"Feature","geometry":{"type":"Polygon","coordinates":[[[13.421809306659933,52.50503749400663],[13.419765244709248,52.50408675679545],[13.42059340493982,52.50334501451372],[13.41850927112274,52.50185858730273],[13.42395367964884,52.500526345899736],[13.423816066550293,52.5000309514092],[13.427372271982161,52.49904397964082],[13.43171469248643,52.49870522984538],[13.432904266970798,52.49807901932893],[13.444636819608148,52.49416599632191],[13.447880571824602,52.49484314105406],[13.450903140128307,52.4971051090238],[13.45335015500902,52.497522102350764],[13.452349802687815,52.49840941021672],[13.452183292535173,52.49843971921616],[13.451669551499984,52.498772362816425],[13.451647360706,52.49879839097435],[13.45129346180845,52.498924577567905],[13.444946363300255,52.501228138242986],[13.441464029547047,52.50291131142371],[13.43712594931673,52.50455976476148],[13.435479209601898,52.50564358873754],[13.429398517852771,52.5085695126016],[13.427199485814125,52.50566587217312],[13.421809306659933,52.50503749400663]]]},"properties":{"plz":"10997"}},
{"type":"Feature","geometry":{"type":"Polygon","coordinates":[[[13.41452167063863,52.50457532947317],[13.414916970308639,52.501686862616154],[13.413419446809336,52.49953548984924],[13.411873534241401,52.49858191664707],[13.411232323195803,52.49661088192137],[13.41240743205813,52.495373758855436],[13.414476862913743,52.49521932285442],[13.41801456123973,52.4959283674539],[13.420965906057921,52.4957852544322],[13.422832016659125,52.495338253219714],[13.435295424791263,52.49132047032092],[13.439435170007524,52.48963131393631],[13.43965483017755,52.48990665249804],[13.439885973485673,52.49059988679213],[13.444636819608148,52.49416599632191],[13.432904266970798,52.49807901932893],[13.43171469248643,52.49870522984538],[13.427372271982161,52.49904397964082],[13.423816066550293,52.5000309514092],[13.42395367964884,52.500526345899736],[13.41850927112274,52.50185858730273],[13.42059340493982,52.50334501451372],[13.419765244709248,52.50408675679545],[13.421809306659933,52.50503749400663],[13.41942508207196,52.50564802285147],[13.417592678000037,52.50416741291599],[13.41452167063863,52.50457532947317]]]},"properties":{"plz":"10999"}},
{"type":"Feature","geometry":{"type":"Polygon","coordinates":[[[13.424526420487258,52.486084922253596],[13.424839993522141,52.48221760408287],[13.42549019934695,52.48230318569933],[13.42693925146397,52.482481778831605],[13.427005692982235,52.484714174570776],[13.429285438323411,52.483819334389096],[13.431616619592134,52.48159001733445],[13.433750178378872,52.48175437602804],[13.435572404242537,52.479377667056006],[13.436740403530932,52.47952692876129],[13.437894166940234,52.47818886454893],[13.43742465406542,52.47647435911575],[13.438119946368847,52.47460444681828],[13.440393205573951,52.473674333232566],[13.439661734171484,52.472993787845915],[13.44319454219757,52.47348549678443],[13.442412331098218,52.47472713646092],[13.44518094593058,52.47427848745687],[13.445770911026392,52.47575769644923],[13.447743040313178,52.47756701263678],[13.444173115065027,52.47884215936493],[13.442573158657062,52.480273950925216],[13.437280615603006,52.48226063525349],[13.43718499021302,52.482934480668085],[13.430869470033247,52.48543956190525],[13.430225519271257,52.48592017905526],[13.42723681389564,52.4860140331579],[13.426785689549796,52.487137500932825],[13.425449399387107,52.48640911571511],[13.424526420487258,52.486084922253596]]]},"properties":{"plz":"12043"}},
{"type":"Feature","geometry":{"type":"Polygon","coordinates":[[[13.435295424791263,52.49132047032092],[13.434356432505336,52.48888806269315],[13.431262009127082,52.48621665714606],[13.430225519271257,52.48592017905526],[13.430869470033247,52.48543956190525],[13.43718499021302,52.482934480668085],[13.437280615603006,52.48226063525349],[13.442573158657062,52.480273950925216],[13.444502244481766,52.48111718786029],[13.447011879394717,52.4836363872657],[13.444548468708625,52.48489614436108],[13.446535524729278,52.48638198151106],[13.44777576948119,52.48619514326927],[13.450323313287099,52.48708325225757],[13.448532315518527,52.48804214064632],[13.448352350122025,52.48813263451579],[13.444319861069266,52.48500363207529],[13.441480132929378,52.486450564888216],[13.440194307678855,52.487661742605034],[13.439435170007524,52.48963131393631],[13.435295424791263,52.49132047032092]]]},"properties":{"plz":"12045"}},
{"type":"Feature","geometry":{"type":"Polygon","coordinates":[[[13.425449399387107,52.48640911571511],[13.426785689549796,52.487137500932825],[13.42723681389564,52.4860140331579],[13.430225519271257,52.48592017905526],[13.431262009127082,52.48621665714606],[13.434356432505336,52.48888806269315],[13.435295424791263,52.49132047032092],[13.422832016659125,52.495338253219714],[13.420965906057921,52.4957852544322],[13.423579263333016,52.491016966572],[13.425223916438137,52.49097933790875],[13.42419325705904,52.49003847531147],[13.425548934625406,52.48976309946912],[13.425449399387107,52.48640911571511]]]},"properties":{"plz":"12047"}},
{"type":"Feature","geometry":{"type":"Polygon","coordinates":[[[13.413481823763174,52.47870637095565],[13.416038356133052,52.469148239119306],[13.417532091844436,52.47035689998445],[13.421542906059866,52.47112149780416],[13.429116488613204,52.47190723866693],[13.432525723639486,52.47234334251473],[13.431757436325439,52.474701078493865],[13.42820404362106,52.474538804099254],[13.427827460371786,52.47646221587897],[13.42619479728008,52.47819208870899],[13.426618111852415,52.48026512770431],[13.42549019934695,52.48230318569933],[13.424839993522141,52.48221760408287],[13.424526420487258,52.486084922253596],[13.422593876047682,52.48634311658805],[13.422564057788852,52.48483330875521],[13.420828605286601,52.484819518586306],[13.420385204577718,52.48016455995123],[13.418197578942522,52.47932047353415],[13.417997290649586,52.47778879418829],[13.416214561414678,52.47848839348519],[13.413481823763174,52.47870637095565]]]},"properties":{"plz":"12049"}},
{"type":"Feature","geometry":{"type":"Polygon","coordinates":[[[13.416038356133052,52.469148239119306],[13.416875822789555,52.46539329715804],[13.421504199336134,52.46583367259887],[13.421894976034597,52.464696636457525],[13.42464931921677,52.465024891813236],[13.424925333018322,52.4641905003612],[13.422132811159873,52.463856793052436],[13.421965632917873,52.46151547358936],[13.423003782111568,52.4613159636024],[13.431739941869576,52.46233089765094],[13.437869391354795,52.46333476409008],[13.440754802070987,52.46294302078947],[13.443833653168461,52.463079922806344],[13.443291133781644,52.463694670584445],[13.441198958937846,52.46718812404321],[13.44181674374107,52.467591694019106],[13.44010069874347,52.47150179592489],[13.43154291929855,52.4702936645486],[13.429674499165126,52.470855829940774],[13.429116488613204,52.47190723866693],[13.421542906059866,52.47112149780416],[13.417532091844436,52.47035689998445],[13.416038356133052,52.469148239119306]]]},"properties":{"plz":"12051"}},
{"type":"Feature","geometry":{"type":"Polygon","coordinates":[[[13.42549019934695,52.48230318569933],[13.426618111852415,52.48026512770431],[13.42619479728008,52.47819208870899],[13.427827460371786,52.47646221587897],[13.42820404362106,52.474538804099254],[13.431757436325439,52.474701078493865],[13.432525723639486,52.47234334251473],[13.429116488613204,52.47190723866693],[13.429674499165126,52.470855829940774],[13.43154291929855,52.4702936645486],[13.44010069874347,52.47150179592489],[13.44095321260093,52.47243954751773],[13.439661734171484,52.472993787845915],[13.440393205573951,52.473674333232566],[13.438119946368847,52.47460444681828],[13.43742465406542,52.47647435911575],[13.437894166940234,52.47818886454893],[13.436740403530932,52.47952692876129],[13.435572404242537,52.479377667056006],[13.433750178378872,52.48175437602804],[13.431616619592134,52.48159001733445],[13.429285438323411,52.483819334389096],[13.427005692982235,52.484714174570776],[13.42693925146397,52.482481778831605],[13.42549019934695,52.48230318569933]]]},"properties":{"plz":"12053"}},
{"type":"Feature","geometry":{"type":"Polygon","coordinates":[[[13.439661734171484,52.472993787845915],[13.44095321260093,52.47243954751773],[13.44010069874347,52.47150179592489],[13.44181674374107,52.467591694019106],[13.444627385704903,52.46790609153555],[13.447102312443302,52.46719902789129],[13.450168184890574,52.467716779801904],[13.450632769078823,52.46597046320092],[13.453708943463779,52.466100812938905],[13.457149768643323,52.47051824670101],[13.454345768376232,52.47145330271912],[13.456200656484267,52.4731769352948],[13.455722147946542,52.47361569295459],[13.452020445458162,52.47523148046937],[13.45063582977044,52.47479806905605],[13.449842056656104,52.47566589559168],[13.45049434777231,52.47595444162457],[13.448600645071231,52.47694732873293],[13.448255830399274,52.4770519528338],[13.447743040313178,52.47756701263678],[13.445770911026392,52.47575769644923],[13.44518094593058,52.47427848745687],[13.442412331098218,52.47472713646092],[13.44319454219757,52.47348549678443],[13.439661734171484,52.472993787845915]]]},"properties":{"plz":"12055"}},
{"type":"Feature","geometry":{"type":"Polygon","coordinates":[[[13.443291133781644,52.463694670584445],[13.445372565711912,52.463454339122734],[13.451370520762195,52.464711626671765],[13.45289786014343,52.46282308344917],[13.456975852119093,52.4591040239005],[13.458424579100265,52.459201351652595],[13.474962021305757,52.45876089750306],[13.47579469885717,52.4609124743611],[13.478541481454833,52.46398040083903],[13.47833571379257,52.46522929045462],[13.474966416760697,52.46818702461747],[13.470041924395705,52.473020825507405],[13.46958000184989,52.47380025540324],[13.470565335667931,52.47690375263919],[13.461158008931989,52.4835356976669],[13.458131729858462,52.485819425995984],[13.457833763648217,52.48559433497528],[13.458420252631829,52.48543341068498],[13.45770853462947,52.48177752825738],[13.459148433551182,52.481682519579834],[13.458823051553226,52.480157923133845],[13.458527889605188,52.479592243663355],[13.458405922241832,52.4795408463824],[13.45805545453205,52.47919975366302],[13.457861368405744,52.47876362405434],[13.45791301939012,52.478727751461896],[13.45864262526221,52.47767735135887],[13.457149768643323,52.47051824670101],[13.453708943463779,52.466100812938905],[13.450632769078823,52.46597046320092],[13.450168184890574,52.467716779801904],[13.447102312443302,52.46719902789129],[13.444627385704903,52.46790609153555],[13.44181674374107,52.467591694019106],[13.441198958937846,52.46718812404321],[13.443291133781644,52.463694670584445]]]},"properties":{"plz":"12057"}},
{"type":"Feature","geometry":{"type":"MultiPolygon","coordinates":[[[[13.439435170007524,52.48963131393631],[13.440194307678855,52.487661742605034],[13.441480132929378,52.486450564888216],[13.444319861069266,52.48500363207529],[13.448352350122025,52.48813263451579],[13.447688497818685,52.488475820870285],[13.446762047771768,52.488952505059316],[13.444437802282051,52.48745536940299],[13.43965483017755,52.48990665249804],[13.439435170007524,52.48963131393631]]],[[[13.447743040313178,52.47756701263678],[13.448255830399274,52.4770519528338],[13.448600645071231,52.47694732873293],[13.45049434777231,52.47595444162457],[13.449842056656104,52.47566589559168],[13.45063582977044,52.47479806905605],[13.452020445458162,52.47523148046937],[13.455722147946542,52.47361569295459],[13.456200656484267,52.4731769352948],[13.454345768376232,52.47145330271912],[13.457149768643323,52.47051824670101],[13.45864262526221,52.47767735135887],[13.45791301939012,52.478727751461896],[13.457861368405744,52.47876362405434],[13.45805545453205,52.47919975366302],[13.458405922241832,52.4795408463824],[13.458527889605188,52.479592243663355],[13.458823051553226,52.480157923133845],[13.459148433551182,52.481682519579834],[13.45770853462947,52.48177752825738],[13.458420252631829,52.48543341068498],[13.457833763648217,52.48559433497528],[13.456376760636479,52.485510469010414],[13.45606367166314,52.48425009061071],[13.451511765001667,52.48659434660587],[13.451029410079311,52.486841663031775],[13.450323313287099,52.48708325225757],[13.44777576948119,52.48619514326927],[13.446535524729278,52.48638198151106],[13.444548468708625,52.48489614436108],[13.447011879394717,52.4836363872657],[13.444502244481766,52.48111718786029],[13.442573158657062,52.480273950925216],[13.444173115065027,52.47884215936493],[13.447743040313178,52.47756701263678]]]]},"properties":{"plz":"12059"}},
{"type":"Feature","geometry":{"type":"Polygon","coordinates":[[[13.394460253632573,52.47782043255072],[13.39443449173236,52.47628276403031],[13.386521538472165,52.47617260836896],[13.386293567123591,52.47127980259364],[13.385016213873834,52.47101568833844],[13.384969879055694,52.469802392341016],[13.383637886047802,52.46984998916134],[13.385227203977093,52.46849176184742],[13.384219110545605,52.46824705962618],[13.38527072487296,52.46618317255394],[13.384981590287572,52.463629465425676],[13.381646516879403,52.46275988314913],[13.384109541420328,52.46167307603766],[13.384284763252987,52.45950225100871],[13.3830627659659,52.456733636561054],[13.383381024418028,52.45503940029374],[13.38449799399252,52.45280939600625],[13.385206360835864,52.45400248026876],[13.390418716988084,52.455264852063685],[13.391649640198551,52.45339267856847],[13.394912501449266,52.453629175298836],[13.399808830272478,52.452883783618766],[13.40817791250012,52.452725195188926],[13.408802851820834,52.45157605033229],[13.416077190071288,52.450821759276806],[13.417676891875795,52.45219866257236],[13.420724950099638,52.456241729986566],[13.422872414570394,52.45853885189718],[13.421242570835748,52.45913095141876],[13.423003782111568,52.4613159636024],[13.421965632917873,52.46151547358936],[13.422132811159873,52.463856793052436],[13.424925333018322,52.4641905003612],[13.42464931921677,52.465024891813236],[13.421894976034597,52.464696636457525],[13.421504199336134,52.46583367259887],[13.416875822789555,52.46539329715804],[13.416038356133052,52.469148239119306],[13.413481823763174,52.47870637095565],[13.410881517139636,52.47772121289372],[13.40586781669311,52.47846774130119],[13.399671015087725,52.477700237646474],[13.394460253632573,52.47782043255072]]]},"properties":{"plz":"12099"}},
{"type":"Feature","geometry":{"type":"Polygon","coordinates":[[[13.371080427896771,52.47204143967863],[13.379645581548994,52.471963474937525],[13.385016213873834,52.47101568833844],[13.386293567123591,52.47127980259364],[13.386521538472165,52.47617260836896],[13.39443449173236,52.47628276403031],[13.394460253632573,52.47782043255072],[13.391120311526718,52.482317045973616],[13.39184600016546,52.48424972040717],[13.388726785168336,52.4839828762385],[13.388803161904102,52.48510636139302],[13.381197245311437,52.484560615109324],[13.369969343719177,52.48495466973353],[13.365245116951378,52.47658493311986],[13.364172594264232,52.47676768403916],[13.365613907113921,52.47444961568638],[13.3665221878339,52.474656512586414],[13.368921899487383,52.472492381715334],[13.371080427896771,52.47204143967863]]]},"properties":{"plz":"12101"}},
{"type":"Feature","geometry":{"type":"Polygon","coordinates":[[[13.361665631465808,52.460430598174696],[13.365795080120078,52.460224096098315],[13.36634926503239,52.45980294219504],[13.368890340204084,52.46100823013966],[13.37128213297486,52.460065321420814],[13.37117954321328,52.45872518362591],[13.368183671125623,52.458072532236294],[13.368101085614287,52.45685016106303],[13.36948401389913,52.45582240096132],[13.374955936053803,52.45589707772973],[13.377490290701356,52.456208889643776],[13.379131352270141,52.45553833271411],[13.381169949364606,52.455853520529594],[13.383381024418028,52.45503940029374],[13.3830627659659,52.456733636561054],[13.384284763252987,52.45950225100871],[13.384109541420328,52.46167307603766],[13.381646516879403,52.46275988314913],[13.384981590287572,52.463629465425676],[13.38527072487296,52.46618317255394],[13.384219110545605,52.46824705962618],[13.385227203977093,52.46849176184742],[13.383637886047802,52.46984998916134],[13.384969879055694,52.469802392341016],[13.385016213873834,52.47101568833844],[13.379645581548994,52.471963474937525],[13.371080427896771,52.47204143967863],[13.370155087263315,52.470723787952906],[13.36648931340001,52.468496971948504],[13.363262676801973,52.46893557159171],[13.362632853183886,52.46623187183777],[13.362952087212273,52.46427079023269],[13.361665631465808,52.460430598174696]]]},"properties":{"plz":"12103"}},
{"type":"Feature","geometry":{"type":"Polygon","coordinates":[[[13.358918117012374,52.459341515013435],[13.358190417417726,52.457316959649205],[13.355819133860951,52.45729268223487],[13.357249706533786,52.453325623771384],[13.361121574095415,52.44691966501604],[13.367534478646224,52.43581910984334],[13.367761974560384,52.436894420821716],[13.366251240137105,52.43949276175383],[13.374145022200755,52.440515492755715],[13.37472011010328,52.438949434531615],[13.376018724705899,52.43814248978611],[13.379390434287645,52.43868339854424],[13.38255504422035,52.4397279385393],[13.382722230882042,52.44087588787526],[13.385506692744721,52.440211188428094],[13.385560954736526,52.441047064114684],[13.386497733897992,52.441854179914806],[13.38554558705786,52.44278596281889],[13.385619415306278,52.44542820734251],[13.384277292036574,52.44772516429448],[13.385139374057239,52.447957886301914],[13.384424417455202,52.450399909982536],[13.382829910000906,52.4506797151184],[13.382808077122798,52.45170415455905],[13.38449799399252,52.45280939600625],[13.383381024418028,52.45503940029374],[13.381169949364606,52.455853520529594],[13.379131352270141,52.45553833271411],[13.377490290701356,52.456208889643776],[13.374955936053803,52.45589707772973],[13.36948401389913,52.45582240096132],[13.368101085614287,52.45685016106303],[13.368183671125623,52.458072532236294],[13.37117954321328,52.45872518362591],[13.37128213297486,52.460065321420814],[13.368890340204084,52.46100823013966],[13.36634926503239,52.45980294219504],[13.365795080120078,52.460224096098315],[13.361665631465808,52.460430598174696],[13.359308585995926,52.46045674817501],[13.358918117012374,52.459341515013435]]]},"properties":{"plz":"12105"}},
{"type":"Feature","geometry":{"type":"Polygon","coordinates":[[[13.367534478646224,52.43581910984334],[13.36759984386497,52.4357051215532],[13.369437958153107,52.432650948318404],[13.371406622680725,52.433424478036365],[13.377531428595146,52.43325780370174],[13.375882574819991,52.42974050518283],[13.37979051887747,52.42997339590956],[13.380003265499901,52.43110527010996],[13.382243724496773,52.43087267156652],[13.381958913510536,52.42973526049132],[13.385964543021437,52.43039412030022],[13.387649247749463,52.42743191368284],[13.38578008957959,52.42673973678537],[13.38615508102202,52.425366427092385],[13.383429586657856,52.42510383191603],[13.382777379890767,52.423148770522005],[13.387315961158746,52.42110457130872],[13.388635482181712,52.421189013777116],[13.392717922376878,52.41914818130442],[13.395608363601738,52.418444809452794],[13.397999742514768,52.417309937635714],[13.398794192604775,52.41601917566995],[13.400098719480827,52.41584913673328],[13.401150352862333,52.41454357392721],[13.40198382255003,52.41567030206789],[13.400538642107275,52.41661924507685],[13.400117558215722,52.41877166479437],[13.409434572923795,52.421211075062494],[13.402599125297282,52.422155410286194],[13.40608462240284,52.42711185969083],[13.40686637688503,52.43013825047584],[13.410374318912108,52.43614245965871],[13.410929692240817,52.438341626121726],[13.408573976525672,52.438641955707936],[13.407936879213652,52.436637639097086],[13.409189127939676,52.4358527111675],[13.404996844349068,52.43647669515146],[13.405874760196292,52.43793328793818],[13.40364143806969,52.4381627526201],[13.404027898396473,52.43967684413939],[13.405192214890722,52.440037600269655],[13.405491369943741,52.44167374252967],[13.403911032493486,52.44244093806354],[13.403339401490499,52.43973485877848],[13.403613480734512,52.4381662944162],[13.39739743824271,52.43880235124689],[13.396449526558188,52.44010717954528],[13.395190613961871,52.44013258132911],[13.394114098084502,52.441545877574775],[13.388654072910175,52.44149817133624],[13.387028105688696,52.440321222518946],[13.385560954736526,52.441047064114684],[13.385506692744721,52.440211188428094],[13.382722230882042,52.44087588787526],[13.38255504422035,52.4397279385393],[13.379390434287645,52.43868339854424],[13.376018724705899,52.43814248978611],[13.37472011010328,52.438949434531615],[13.374145022200755,52.440515492755715],[13.366251240137105,52.43949276175383],[13.367761974560384,52.436894420821716],[13.367534478646224,52.43581910984334]]]},"properties":{"plz":"12107"}},
{"type":"Feature","geometry":{"type":"Polygon","coordinates":[[[13.38449799399252,52.45280939600625],[13.382808077122798,52.45170415455905],[13.382829910000906,52.4506797151184],[13.384424417455202,52.450399909982536],[13.385139374057239,52.447957886301914],[13.384277292036574,52.44772516429448],[13.385619415306278,52.44542820734251],[13.38554558705786,52.44278596281889],[13.386497733897992,52.441854179914806],[13.385560954736526,52.441047064114684],[13.387028105688696,52.440321222518946],[13.388654072910175,52.44149817133624],[13.394114098084502,52.441545877574775],[13.395190613961871,52.44013258132911],[13.396449526558188,52.44010717954528],[13.39739743824271,52.43880235124689],[13.403613480734512,52.4381662944162],[13.403339401490499,52.43973485877848],[13.403911032493486,52.44244093806354],[13.405491369943741,52.44167374252967],[13.405192214890722,52.440037600269655],[13.404027898396473,52.43967684413939],[13.40364143806969,52.4381627526201],[13.405874760196292,52.43793328793818],[13.404996844349068,52.43647669515146],[13.409189127939676,52.4358527111675],[13.407936879213652,52.436637639097086],[13.408573976525672,52.438641955707936],[13.410929692240817,52.438341626121726],[13.410974837864297,52.4384315754249],[13.413979640357656,52.44594451701665],[13.414762851530963,52.447008151738885],[13.416077190071288,52.450821759276806],[13.408802851820834,52.45157605033229],[13.40817791250012,52.452725195188926],[13.399808830272478,52.452883783618766],[13.394912501449266,52.453629175298836],[13.391649640198551,52.45339267856847],[13.390418716988084,52.455264852063685],[13.385206360835864,52.45400248026876],[13.38449799399252,52.45280939600625]]]},"properties":{"plz":"12109"}},
{"type":"Feature","geometry":{"type":"Polygon","coordinates":[[[13.343694269318927,52.471985399268256],[13.337493547193874,52.467173313021355],[13.336962457188351,52.46738230259287],[13.332847055353216,52.46402820486517],[13.336655277849701,52.46486347897326],[13.339709729914352,52.4646525506232],[13.338338027184092,52.464037221963515],[13.335156607931932,52.4640959267354],[13.331746570678694,52.463576131791875],[13.32804736786017,52.46035410291935],[13.334769460705973,52.45967082093532],[13.338115883386207,52.46020385441513],[13.340094818650279,52.45995254354933],[13.344416832220924,52.46024152236166],[13.34528460441825,52.460972410866724],[13.347143178530011,52.459048271721265],[13.352744115631753,52.459254587471605],[13.354746486306384,52.458760445714624],[13.355819133860951,52.45729268223487],[13.358190417417726,52.457316959649205],[13.358918117012374,52.459341515013435],[13.355571868023837,52.45970953762894],[13.356008235222836,52.47228920271315],[13.357178319268696,52.472264015042626],[13.358081408105198,52.474036443717104],[13.35593494542127,52.473681969746444],[13.351216521808464,52.47420039399825],[13.348643311062261,52.47291287530247],[13.343694269318927,52.471985399268256]]]},"properties":{"plz":"12157"}},
{"type":"Feature","geometry":{"type":"Polygon","coordinates":[[[13.328809005505102,52.47743971761186],[13.329232025292873,52.4753819345173],[13.328800480034065,52.47346758443517],[13.32981571395418,52.4728419680953],[13.329224395628817,52.47170816050325],[13.331379597829317,52.470710648173984],[13.333013002474916,52.46894433667776],[13.33603750635725,52.46818703848417],[13.336962457188351,52.46738230259287],[13.337493547193874,52.467173313021355],[13.343694269318927,52.471985399268256],[13.343515860709415,52.472498111829594],[13.346540586653829,52.47496316820767],[13.344867504125169,52.475156003068356],[13.343891439777215,52.47727452951548],[13.345389205960613,52.47758454539125],[13.343257347272337,52.47815370613916],[13.341480147661878,52.47735501387019],[13.34195356608144,52.478572949505505],[13.337060097373595,52.47852153168646],[13.337061190236492,52.47813061415211],[13.332977350197096,52.47784555496454],[13.33286394505473,52.477414811710524],[13.328809005505102,52.47743971761186]]]},"properties":{"plz":"12159"}},
{"type":"Feature","geometry":{"type":"Polygon","coordinates":[[[13.320481426267087,52.4774678751647],[13.321685703307727,52.47549931026316],[13.323627003683864,52.47548542900862],[13.322884734908662,52.474491395210144],[13.320723135356282,52.47402121107125],[13.320174696051176,52.471405564954196],[13.320780895738155,52.471206731217464],[13.320434599469449,52.46787986207929],[13.321415924497902,52.467049332892586],[13.324181990477737,52.466440852822934],[13.328163203653322,52.464331009326095],[13.328735963676456,52.46492557561207],[13.332847055353216,52.46402820486517],[13.336962457188351,52.46738230259287],[13.33603750635725,52.46818703848417],[13.333013002474916,52.46894433667776],[13.331379597829317,52.470710648173984],[13.329224395628817,52.47170816050325],[13.32981571395418,52.4728419680953],[13.328800480034065,52.47346758443517],[13.329232025292873,52.4753819345173],[13.328809005505102,52.47743971761186],[13.320481426267087,52.4774678751647]]]},"properties":{"plz":"12161"}},
{"type":"Feature","geometry":{"type":"Polygon","coordinates":[[[13.332847055353216,52.46402820486517],[13.328735963676456,52.46492557561207],[13.328163203653322,52.464331009326095],[13.324181990477737,52.466440852822934],[13.321415924497902,52.467049332892586],[13.31616733859796,52.46704195821318],[13.315532644527506,52.466068828694326],[13.313591812956682,52.466697267805365],[13.312760715654322,52.46583234164109],[13.310216917443404,52.46682308456121],[13.306437582815061,52.46529415860204],[13.305570244912133,52.46215095562853],[13.30469888171874,52.46179720614084],[13.305388349680637,52.4594463625771],[13.307020500698481,52.45956671484442],[13.30718244690322,52.46016117335103],[13.310096696459214,52.45998748030697],[13.311473441665388,52.460648984724486],[13.317754497602294,52.45870196597829],[13.3204785710248,52.457503934373065],[13.323379498090105,52.457094427713166],[13.324854377739026,52.45826557439536],[13.32804736786017,52.46035410291935],[13.331746570678694,52.463576131791875],[13.335156607931932,52.4640959267354],[13.338338027184092,52.464037221963515],[13.339709729914352,52.4646525506232],[13.336655277849701,52.46486347897326],[13.332847055353216,52.46402820486517]]]},"properties":{"plz":"12163"}},
{"type":"Feature","geometry":{"type":"Polygon","coordinates":[[[13.307020500698481,52.45956671484442],[13.305026333708158,52.45501493152237],[13.30760673997722,52.452339388685324],[13.311050452507027,52.45333986558036],[13.313755847344803,52.45226595427817],[13.316183470141347,52.45323393246602],[13.315200117957602,52.450625198709595],[13.31780438016186,52.451776938076904],[13.318969335767394,52.450090472775386],[13.32287842255791,52.45294577483064],[13.325647041809452,52.45550058798764],[13.324207993531727,52.45641176277342],[13.32602775339627,52.45792167682504],[13.324854377739026,52.45826557439536],[13.323379498090105,52.457094427713166],[13.3204785710248,52.457503934373065],[13.317754497602294,52.45870196597829],[13.311473441665388,52.460648984724486],[13.310096696459214,52.45998748030697],[13.30718244690322,52.46016117335103],[13.307020500698481,52.45956671484442]]]},"properties":{"plz":"12165"}},
{"type":"Feature","geometry":{"type":"Polygon","coordinates":[[[13.318969335767394,52.450090472775386],[13.320454471459028,52.44803277513196],[13.321948465511941,52.448723219925185],[13.323431061484744,52.44743743728104],[13.320963836876178,52.446689679535034],[13.322471429130339,52.44475782776403],[13.323182069399772,52.44492950307164],[13.325650016926303,52.443402676307485],[13.327620469140523,52.4443054505686],[13.328516443866299,52.443384776505454],[13.330939017619333,52.4442032608032],[13.331028981568982,52.4426263152061],[13.332572581212734,52.44271014620969],[13.331701702313616,52.445395008156545],[13.335650789288113,52.445586322310284],[13.339917287910092,52.445370277176615],[13.341789859083862,52.446913328523046],[13.34247581545892,52.44636589019035],[13.34038083545283,52.44532826387391],[13.344444504274747,52.445084604074054],[13.349387493107265,52.444155385608774],[13.352219428836282,52.44661806063859],[13.353638429371692,52.44856786704858],[13.341651574769601,52.4501113677221],[13.338598899473789,52.45065665557969],[13.337061779727534,52.45021345177945],[13.335650644431867,52.451862645245455],[13.328830022375659,52.454248711977925],[13.328709328625694,52.4551318012518],[13.32688168007693,52.455872180042455],[13.325647041809452,52.45550058798764],[13.32287842255791,52.45294577483064],[13.318969335767394,52.450090472775386]]]},"properties":{"plz":"12167"}},
{"type":"Feature","geometry":{"type":"Polygon","coordinates":[[[13.355819133860951,52.45729268223487],[13.354746486306384,52.458760445714624],[13.352744115631753,52.459254587471605],[13.347143178530011,52.459048271721265],[13.34528460441825,52.460972410866724],[13.344416832220924,52.46024152236166],[13.340094818650279,52.45995254354933],[13.338115883386207,52.46020385441513],[13.334769460705973,52.45967082093532],[13.32804736786017,52.46035410291935],[13.324854377739026,52.45826557439536],[13.32602775339627,52.45792167682504],[13.324207993531727,52.45641176277342],[13.325647041809452,52.45550058798764],[13.32688168007693,52.455872180042455],[13.328709328625694,52.4551318012518],[13.328830022375659,52.454248711977925],[13.335650644431867,52.451862645245455],[13.337061779727534,52.45021345177945],[13.338598899473789,52.45065665557969],[13.341651574769601,52.4501113677221],[13.353638429371692,52.44856786704858],[13.354772991800868,52.44871606544617],[13.358769295625033,52.44773394931672],[13.360010756869716,52.446496587857624],[13.361121574095415,52.44691966501604],[13.357249706533786,52.453325623771384],[13.355819133860951,52.45729268223487]]]},"properties":{"plz":"12169"}},
{"type":"Feature","geometry":{"type":"Polygon","coordinates":[[[13.305026333708158,52.45501493152237],[13.300054745083312,52.454941991045516],[13.298528323760024,52.45348551184194],[13.29866165734129,52.452565642289784],[13.297148845707474,52.45166815627527],[13.300195125291086,52.44987926304305],[13.298055513844677,52.4490195971678],[13.29878568324167,52.44754690334179],[13.296255365733916,52.44663669375319],[13.294820608747164,52.44791328398506],[13.29352248064812,52.445883126683874],[13.294970696579773,52.44535698166704],[13.298356061228501,52.44222107512684],[13.300403679881276,52.43975988466701],[13.302583118250904,52.43934440118483],[13.302720623714741,52.438439813333844],[13.304685756613017,52.43775769623483],[13.30351240168941,52.43694209367074],[13.306918123292311,52.435087503401974],[13.309691603073718,52.431347499152864],[13.311096113622057,52.43067095967817],[13.314982940232952,52.43344918816275],[13.313089751371303,52.43419547370158],[13.313315100647333,52.435385915685806],[13.315153749002743,52.43529192052354],[13.316490914893134,52.436675799061675],[13.316276263360882,52.437718595867366],[13.318816976199233,52.43965558925625],[13.32161015775947,52.43934919231084],[13.325650016926303,52.443402676307485],[13.323182069399772,52.44492950307164],[13.322471429130339,52.44475782776403],[13.320963836876178,52.446689679535034],[13.323431061484744,52.44743743728104],[13.321948465511941,52.448723219925185],[13.320454471459028,52.44803277513196],[13.318969335767394,52.450090472775386],[13.31780438016186,52.451776938076904],[13.315200117957602,52.450625198709595],[13.316183470141347,52.45323393246602],[13.313755847344803,52.45226595427817],[13.311050452507027,52.45333986558036],[13.30760673997722,52.452339388685324],[13.305026333708158,52.45501493152237]]]},"properties":{"plz":"12203"}},
{"type":"Feature","geometry":{"type":"Polygon","coordinates":[[[13.29352248064812,52.445883126683874],[13.288487638098214,52.44460260335291],[13.286918773717293,52.443406465279864],[13.28597404023713,52.443862070040076],[13.283108981250319,52.4421831461298],[13.286725283590494,52.44102891817834],[13.282059693200596,52.43925940339501],[13.281936209461373,52.43887710721854],[13.279752530754473,52.43231489045222],[13.281934677752554,52.43247314908386],[13.283205242439754,52.43187563334583],[13.286798701449758,52.43186175374894],[13.287482950645416,52.42987045783712],[13.28928526006358,52.42931394279117],[13.28792112157713,52.42871242266335],[13.288489023045491,52.4275044316648],[13.286245747717633,52.42691295580222],[13.286863321450989,52.42593966917106],[13.289150616216567,52.42653665117581],[13.291041389723981,52.42398799713083],[13.292881459828179,52.42403903913988],[13.294658351021297,52.42154033063611],[13.296527250730662,52.42263925341559],[13.297654299260115,52.421904582403364],[13.297809435997012,52.423182032534484],[13.29952470034912,52.423210156934005],[13.302135567723754,52.425791160631825],[13.303204537638292,52.42575994030216],[13.306859818232793,52.42891794462078],[13.305586909083987,52.4296918483088],[13.308203207981654,52.43121229297672],[13.309691603073718,52.431347499152864],[13.306918123292311,52.435087503401974],[13.30351240168941,52.43694209367074],[13.304685756613017,52.43775769623483],[13.302720623714741,52.438439813333844],[13.302583118250904,52.43934440118483],[13.300403679881276,52.43975988466701],[13.298356061228501,52.44222107512684],[13.294970696579773,52.44535698166704],[13.29352248064812,52.445883126683874]]]},"properties":{"plz":"12205"}},
{"type":"Feature","geometry":{"type":"Polygon","coordinates":[[[13.325650016926303,52.443402676307485],[13.32161015775947,52.43934919231084],[13.318816976199233,52.43965558925625],[13.316276263360882,52.437718595867366],[13.316490914893134,52.436675799061675],[13.315153749002743,52.43529192052354],[13.313315100647333,52.435385915685806],[13.313089751371303,52.43419547370158],[13.314982940232952,52.43344918816275],[13.311096113622057,52.43067095967817],[13.309691603073718,52.431347499152864],[13.308203207981654,52.43121229297672],[13.305586909083987,52.4296918483088],[13.306859818232793,52.42891794462078],[13.303204537638292,52.42575994030216],[13.302135567723754,52.425791160631825],[13.29952470034912,52.423210156934005],[13.297809435997012,52.423182032534484],[13.297654299260115,52.421904582403364],[13.296527250730662,52.42263925341559],[13.294658351021297,52.42154033063611],[13.293601109206428,52.420221694585464],[13.289649090125144,52.41919049630481],[13.28998207100244,52.41869986915415],[13.294090928373759,52.41978451932773],[13.297568660107776,52.41662102385886],[13.296746899262654,52.416248478195044],[13.295929564396058,52.414499165909035],[13.303778989332093,52.407278420757265],[13.312060169106552,52.39910300051936],[13.313806341666135,52.40044756596856],[13.318989578256138,52.40259014130003],[13.327352121839839,52.40573631704625],[13.327907271802808,52.406431500862496],[13.325360497527305,52.40905996151777],[13.322883948309416,52.4108339040283],[13.321532027910889,52.41082143512386],[13.320373443372592,52.41196425324429],[13.320727453788153,52.41326375847763],[13.318612594527657,52.41474557758936],[13.31470326636603,52.41848640303155],[13.31442894482819,52.41945175600829],[13.317948570551948,52.42270971383675],[13.32254658708815,52.42613659879735],[13.324877252531035,52.427343200957594],[13.326654727838584,52.42906239703838],[13.328981558684418,52.43065983139121],[13.332214979244291,52.43258929432878],[13.330918047144074,52.431949796079365],[13.329498302064613,52.43252588122228],[13.330649020600282,52.43348226091674],[13.330794413324567,52.43570504565],[13.32925152147248,52.4359896486283],[13.328975671179103,52.43743132592291],[13.325655898991451,52.443402691266336],[13.327620469140523,52.4443054505686],[13.325650016926303,52.443402676307485]]]},"properties":{"plz":"12207"}},
{"type":"Feature","geometry":{"type":"Polygon","coordinates":[[[13.327352121839839,52.40573631704625],[13.343340571170188,52.411719566825084],[13.342648615923963,52.41489023659581],[13.341866353531188,52.41540599288753],[13.3374423666735,52.4212716991672],[13.336315044357365,52.42170389582898],[13.338677390067708,52.42280695550521],[13.337060442798563,52.423927249462004],[13.335880180972316,52.42345704227238],[13.334264234313387,52.42552360586754],[13.332890465326981,52.429397084938536],[13.331428649295992,52.43210744170042],[13.332214979244291,52.43258929432878],[13.328981558684418,52.43065983139121],[13.326654727838584,52.42906239703838],[13.324877252531035,52.427343200957594],[13.32254658708815,52.42613659879735],[13.317948570551948,52.42270971383675],[13.31442894482819,52.41945175600829],[13.31470326636603,52.41848640303155],[13.318612594527657,52.41474557758936],[13.320727453788153,52.41326375847763],[13.320373443372592,52.41196425324429],[13.321532027910889,52.41082143512386],[13.322883948309416,52.4108339040283],[13.325360497527305,52.40905996151777],[13.327907271802808,52.406431500862496],[13.327352121839839,52.40573631704625]]]},"properties":{"plz":"12209"}},
{"type":"Feature","geometry":{"type":"Polygon","coordinates":[[[13.361121574095415,52.44691966501604],[13.360010756869716,52.446496587857624],[13.358769295625033,52.44773394931672],[13.354772991800868,52.44871606544617],[13.353638429371692,52.44856786704858],[13.352219428836282,52.44661806063859],[13.349387493107265,52.444155385608774],[13.344444504274747,52.445084604074054],[13.34038083545283,52.44532826387391],[13.34247581545892,52.44636589019035],[13.341789859083862,52.446913328523046],[13.339917287910092,52.445370277176615],[13.335650789288113,52.445586322310284],[13.331701702313616,52.445395008156545],[13.332572581212734,52.44271014620969],[13.331028981568982,52.4426263152061],[13.330939017619333,52.4442032608032],[13.328516443866299,52.443384776505454],[13.327620469140523,52.4443054505686],[13.325655898991451,52.443402691266336],[13.328975671179103,52.43743132592291],[13.32925152147248,52.4359896486283],[13.330794413324567,52.43570504565],[13.330649020600282,52.43348226091674],[13.329498302064613,52.43252588122228],[13.330918047144074,52.431949796079365],[13.332214979244291,52.43258929432878],[13.331428649295992,52.43210744170042],[13.332890465326981,52.429397084938536],[13.336077787345436,52.42962693234634],[13.338437533286383,52.43186950756625],[13.345202217336363,52.4353367082252],[13.346816234088918,52.435409736044804],[13.350638431554746,52.433418270862624],[13.348828436391855,52.43178563573743],[13.35090652360625,52.43263165825747],[13.3533195708048,52.43258333948277],[13.352950329222551,52.43356563456683],[13.354132228537061,52.43455870233707],[13.356771024662354,52.435121032421385],[13.358606224412824,52.43412228645648],[13.363952396984034,52.434862208273884],[13.36759984386497,52.4357051215532],[13.367534478646224,52.43581910984334],[13.361121574095415,52.44691966501604]]]},"properties":{"plz":"12247"}},
{"type":"Feature","geometry":{"type":"Polygon","coordinates":[[[13.36759984386497,52.4357051215532],[13.363952396984034,52.434862208273884],[13.358606224412824,52.43412228645648],[13.356771024662354,52.435121032421385],[13.354132228537061,52.43455870233707],[13.352950329222551,52.43356563456683],[13.3533195708048,52.43258333948277],[13.35090652360625,52.43263165825747],[13.348828436391855,52.43178563573743],[13.350638431554746,52.433418270862624],[13.346816234088918,52.435409736044804],[13.345202217336363,52.4353367082252],[13.338437533286383,52.43186950756625],[13.336077787345436,52.42962693234634],[13.332890465326981,52.429397084938536],[13.334264234313387,52.42552360586754],[13.335880180972316,52.42345704227238],[13.337060442798563,52.423927249462004],[13.338677390067708,52.42280695550521],[13.336315044357365,52.42170389582898],[13.3374423666735,52.4212716991672],[13.341866353531188,52.41540599288753],[13.342648615923963,52.41489023659581],[13.34417955703499,52.41473663523557],[13.348420387739678,52.416252872388355],[13.351210625118494,52.4156752651363],[13.35179683136797,52.417366140834424],[13.356329010913566,52.41891332486151],[13.360494461315579,52.42063385244022],[13.358488643215907,52.42271963961398],[13.35986223452281,52.42236866839822],[13.360809976319944,52.420719037543826],[13.363571728198437,52.42074947873406],[13.366787449408246,52.425072925472946],[13.367752989036179,52.42738014346962],[13.370490923049791,52.42651888512799],[13.37189392679096,52.42795620023622],[13.37120351517098,52.42989674536291],[13.369437958153107,52.432650948318404],[13.36759984386497,52.4357051215532]]]},"properties":{"plz":"12249"}},
{"type":"Feature","geometry":{"type":"Polygon","coordinates":[[[13.369437958153107,52.432650948318404],[13.37120351517098,52.42989674536291],[13.37189392679096,52.42795620023622],[13.370490923049791,52.42651888512799],[13.367752989036179,52.42738014346962],[13.366787449408246,52.425072925472946],[13.363571728198437,52.42074947873406],[13.360809976319944,52.420719037543826],[13.35986223452281,52.42236866839822],[13.358488643215907,52.42271963961398],[13.360494461315579,52.42063385244022],[13.356329010913566,52.41891332486151],[13.357777303271794,52.418830353889554],[13.359160611045281,52.416123983261706],[13.357909683371254,52.414701238140836],[13.360445848431674,52.41405633313787],[13.360998066287218,52.41607779978527],[13.361886533137307,52.413743234059346],[13.36401077127217,52.413646420918184],[13.36267658541984,52.41212378776714],[13.36185181765494,52.40431782886199],[13.356973029115975,52.40609517044631],[13.352678318230234,52.40199900675735],[13.359303850988654,52.39849764492689],[13.36567186665974,52.39613395836836],[13.365585382956187,52.39859705769524],[13.376433324759448,52.39943651473693],[13.37782388862023,52.39852549296213],[13.38016475318479,52.398700247429076],[13.38041883583762,52.397392295138154],[13.384530721294807,52.39850167393448],[13.383707335213865,52.399960337582854],[13.387600610983599,52.40107005327677],[13.388774727237,52.40048738191407],[13.386050664336338,52.40510556690813],[13.386784515799967,52.40525983316219],[13.39557474334361,52.41672108451404],[13.397293630445105,52.41601178121968],[13.397999742514768,52.417309937635714],[13.395608363601738,52.418444809452794],[13.392717922376878,52.41914818130442],[13.388635482181712,52.421189013777116],[13.387315961158746,52.42110457130872],[13.382777379890767,52.423148770522005],[13.383429586657856,52.42510383191603],[13.38615508102202,52.425366427092385],[13.38578008957959,52.42673973678537],[13.387649247749463,52.42743191368284],[13.385964543021437,52.43039412030022],[13.381958913510536,52.42973526049132],[13.382243724496773,52.43087267156652],[13.380003265499901,52.43110527010996],[13.37979051887747,52.42997339590956],[13.375882574819991,52.42974050518283],[13.377531428595146,52.43325780370174],[13.371406622680725,52.433424478036365],[13.369437958153107,52.432650948318404]]]},"properties":{"plz":"12277"}},
{"type":"Feature","geometry":{"type":"Polygon","coordinates":[[[13.343340571170188,52.411719566825084],[13.343047532321563,52.407683802140056],[13.350858241934302,52.40288536547462],[13.352678318230234,52.40199900675735],[13.356973029115975,52.40609517044631],[13.36185181765494,52.40431782886199],[13.36267658541984,52.41212378776714],[13.36401077127217,52.413646420918184],[13.361886533137307,52.413743234059346],[13.360998066287218,52.41607779978527],[13.360445848431674,52.41405633313787],[13.357909683371254,52.414701238140836],[13.359160611045281,52.416123983261706],[13.357777303271794,52.418830353889554],[13.356329010913566,52.41891332486151],[13.35179683136797,52.417366140834424],[13.351210625118494,52.4156752651363],[13.348420387739678,52.416252872388355],[13.34417955703499,52.41473663523557],[13.342648615923963,52.41489023659581],[13.343340571170188,52.411719566825084]]]},"properties":{"plz":"12279"}},
{"type":"Feature","geometry":{"type":"MultiPolygon","coordinates":[[[[13.397999742514768,52.417309937635714],[13.397293630445105,52.41601178121968],[13.39557474334361,52.41672108451404],[13.386784515799967,52.40525983316219],[13.386050664336338,52.40510556690813],[13.388774727237,52.40048738191407],[13.39002712036052,52.397897205152034],[13.391692643833785,52.398264493366455],[13.393945349221763,52.39676904775779],[13.395689014600155,52.39679852887025],[13.396357032329455,52.395748373310084],[13.398655022934758,52.39567554043927],[13.398760913001084,52.3922221058494],[13.400204809943093,52.39223746221555],[13.399392189919883,52.3908609170936],[13.398674457305539,52.38646497130589],[13.407091662501271,52.386216691328954],[13.409760494534027,52.38739440081942],[13.408170983882918,52.38924096485306],[13.407562030061774,52.39208956249732],[13.40812824003471,52.3931465631275],[13.407934491586554,52.395795521473055],[13.409413218085104,52.39622242628677],[13.409066170071876,52.398388511232426],[13.411105494099552,52.4010748010762],[13.413328952159487,52.40493415914571],[13.414905274304308,52.40592014546437],[13.415034036600836,52.4075703461081],[13.41603779475817,52.407545178183675],[13.415849291009394,52.409174142911716],[13.41763439450724,52.40987019092784],[13.417707101589977,52.41096670463799],[13.411798678986443,52.41354430310392],[13.411774647485803,52.41304549425248],[13.405572740178599,52.41364156618885],[13.403153502050202,52.412804844463196],[13.401150352862333,52.41454357392721],[13.400098719480827,52.41584913673328],[13.398794192604775,52.41601917566995],[13.397999742514768,52.417309937635714]]],[[[13.418403763786321,52.40876258215223],[13.416682903500394,52.407850976804916],[13.41501515566639,52.40598774299042],[13.41494642030541,52.4034623371337],[13.41988202612638,52.40374157347829],[13.418410228355224,52.40707667620352],[13.418403763786321,52.40876258215223]]]]},"properties":{"plz":"12305"}},
{"type":"Feature","geometry":{"type":"Polygon","coordinates":[[[13.36567186665974,52.39613395836836],[13.371947987642795,52.39379399504898],[13.370351385956841,52.388420008931874],[13.378700185736824,52.38815562865103],[13.387293436875197,52.38857235654357],[13.38821818746804,52.38212706247004],[13.388427617809729,52.37785872994441],[13.397119489414292,52.377578462761576],[13.409883823863952,52.3765834510146],[13.41223069728908,52.37682049089634],[13.411260562154366,52.378229663081044],[13.41371487989062,52.37843541526371],[13.413574426369403,52.38016153618389],[13.41076321930785,52.38477207910145],[13.409760494534027,52.38739440081942],[13.407091662501271,52.386216691328954],[13.398674457305539,52.38646497130589],[13.399392189919883,52.3908609170936],[13.400204809943093,52.39223746221555],[13.398760913001084,52.3922221058494],[13.398655022934758,52.39567554043927],[13.396357032329455,52.395748373310084],[13.395689014600155,52.39679852887025],[13.393945349221763,52.39676904775779],[13.391692643833785,52.398264493366455],[13.39002712036052,52.397897205152034],[13.388774727237,52.40048738191407],[13.387600610983599,52.40107005327677],[13.383707335213865,52.399960337582854],[13.384530721294807,52.39850167393448],[13.38041883583762,52.397392295138154],[13.38016475318479,52.398700247429076],[13.37782388862023,52.39852549296213],[13.376433324759448,52.39943651473693],[13.365585382956187,52.39859705769524],[13.36567186665974,52.39613395836836]]]},"properties":{"plz":"12307"}},
{"type":"Feature","geometry":{"type":"Polygon","coordinates":[[[13.409760494534027,52.38739440081942],[13.41076321930785,52.38477207910145],[13.413574426369403,52.38016153618389],[13.41371487989062,52.37843541526371],[13.411260562154366,52.378229663081044],[13.41223069728908,52.37682049089634],[13.412637976300703,52.37640783392615],[13.42080807797486,52.37613566306822],[13.427453406608445,52.38577914944914],[13.426981475029091,52.38784083229159],[13.41988202612638,52.40374157347829],[13.41494642030541,52.4034623371337],[13.41501515566639,52.40598774299042],[13.416682903500394,52.407850976804916],[13.418403763786321,52.40876258215223],[13.419581529539428,52.41018276155151],[13.417707101589977,52.41096670463799],[13.41763439450724,52.40987019092784],[13.415849291009394,52.409174142911716],[13.41603779475817,52.407545178183675],[13.415034036600836,52.4075703461081],[13.414905274304308,52.40592014546437],[13.413328952159487,52.40493415914571],[13.411105494099552,52.4010748010762],[13.409066170071876,52.398388511232426],[13.409413218085104,52.39622242628677],[13.407934491586554,52.395795521473055],[13.40812824003471,52.3931465631275],[13.407562030061774,52.39208956249732],[13.408170983882918,52.38924096485306],[13.409760494534027,52.38739440081942]]]},"properties":{"plz":"12309"}},
{"type":"Feature","geometry":{"type":"Polygon","coordinates":[[[13.423003782111568,52.4613159636024],[13.421242570835748,52.45913095141876],[13.422872414570394,52.45853885189718],[13.420724950099638,52.456241729986566],[13.417676891875795,52.45219866257236],[13.416077190071288,52.450821759276806],[13.414762851530963,52.447008151738885],[13.413979640357656,52.44594451701665],[13.410974837864297,52.4384315754249],[13.412233974809158,52.43895419600655],[13.413403236354897,52.435556633490805],[13.41298841975879,52.43467878041107],[13.41630507400938,52.43384985909446],[13.419033843309082,52.43544892545253],[13.417307454296134,52.43703563367076],[13.42700823899651,52.44184412309135],[13.43020051313173,52.44292248124303],[13.432228586773771,52.440899329244196],[13.432848276283837,52.44110164844412],[13.432621659200494,52.44381526352462],[13.434157372574182,52.44441089516393],[13.436996979117735,52.448928605022104],[13.439298860577097,52.451694783878054],[13.439517724782077,52.453502354584316],[13.444060240438679,52.45382668334914],[13.444334843706487,52.45287182170784],[13.447265693767232,52.45342359197216],[13.446933551371357,52.454434989436145],[13.449277168890289,52.4547269990935],[13.448014644108445,52.45773294373192],[13.443116834861382,52.45713322373804],[13.442601138201606,52.458740140818925],[13.444340626145673,52.45895491981919],[13.443795152380119,52.46065256118581],[13.445406844210098,52.4608383696041],[13.443833653168461,52.463079922806344],[13.440754802070987,52.46294302078947],[13.437869391354795,52.46333476409008],[13.431739941869576,52.46233089765094],[13.423003782111568,52.4613159636024]]]},"properties":{"plz":"12347"}},
{"type":"Feature","geometry":{"type":"Polygon","coordinates":[[[13.401150352862333,52.41454357392721],[13.403153502050202,52.412804844463196],[13.405572740178599,52.41364156618885],[13.411774647485803,52.41304549425248],[13.411798678986443,52.41354430310392],[13.417707101589977,52.41096670463799],[13.419581529539428,52.41018276155151],[13.431924230457419,52.412514227682856],[13.438880553546493,52.41444504902666],[13.439781960503332,52.41502432490883],[13.439625624926723,52.41723931181863],[13.436381599457762,52.41729344895067],[13.433333834839162,52.41548576385994],[13.430882627165898,52.41475829776346],[13.43244332317646,52.41679367427899],[13.434728718039691,52.41647388256382],[13.43623806843881,52.417858484375294],[13.439640275894229,52.417945693255966],[13.43901573230849,52.422421000567525],[13.43850440239301,52.42340783088842],[13.437713813391184,52.42472312771602],[13.436426836099006,52.42454582307386],[13.435865758088818,52.43022902784494],[13.436164429438147,52.43324904950903],[13.435960720641358,52.43684430804667],[13.435252896795127,52.43765017202531],[13.435804521059167,52.439305517885934],[13.434876672299628,52.439295929118586],[13.439153587744668,52.443641570561475],[13.439095090765754,52.444949942358214],[13.437681999133439,52.44523616638428],[13.434953591561259,52.443937690473234],[13.434157372574182,52.44441089516393],[13.432621659200494,52.44381526352462],[13.432848276283837,52.44110164844412],[13.432228586773771,52.440899329244196],[13.43020051313173,52.44292248124303],[13.42700823899651,52.44184412309135],[13.417307454296134,52.43703563367076],[13.419033843309082,52.43544892545253],[13.41630507400938,52.43384985909446],[13.41298841975879,52.43467878041107],[13.413403236354897,52.435556633490805],[13.412233974809158,52.43895419600655],[13.410974837864297,52.4384315754249],[13.410929692240817,52.438341626121726],[13.410374318912108,52.43614245965871],[13.40686637688503,52.43013825047584],[13.40608462240284,52.42711185969083],[13.402599125297282,52.422155410286194],[13.409434572923795,52.421211075062494],[13.400117558215722,52.41877166479437],[13.400538642107275,52.41661924507685],[13.40198382255003,52.41567030206789],[13.401150352862333,52.41454357392721]]]},"properties":{"plz":"12349"}},
{"type":"Feature","geometry":{"type":"Polygon","coordinates":[[[13.43850440239301,52.42340783088842],[13.44176476161391,52.42377244262801],[13.441721637482404,52.42459376319419],[13.450088219975521,52.426993426294494],[13.45004850418976,52.42810322834574],[13.453785078859626,52.42898495529847],[13.45577436055153,52.42780519252074],[13.456070495324735,52.42878247738337],[13.457718645287137,52.42837055469738],[13.457051030213705,52.42994766876264],[13.46036365235617,52.4310478544045],[13.460272200931286,52.429954939906935],[13.464146404540983,52.427890683439074],[13.468141284036566,52.42773883697305],[13.468001186004768,52.42458340818477],[13.472867963324394,52.42428967951332],[13.472870093111169,52.42579046666885],[13.470678196399046,52.42621895944136],[13.473416270827913,52.428532128017046],[13.477874940292468,52.43036482162598],[13.475875735776073,52.43243822263652],[13.472204460689673,52.43369791726989],[13.47234662701073,52.43677605328172],[13.473775102666,52.4374249514047],[13.469892781720521,52.43835269060391],[13.468611390919966,52.439344915810175],[13.465506988858708,52.43737263732098],[13.465113788845644,52.43833907127069],[13.467434387909679,52.43951049006284],[13.468251137001067,52.44098001520966],[13.467059795923323,52.44103143521408],[13.464407145639196,52.44256635107584],[13.460301492901715,52.44053234822896],[13.45966033084934,52.44170061537683],[13.45694186480119,52.443063624433854],[13.456433038813168,52.44153335597921],[13.45348670168961,52.43947651434632],[13.451842129384985,52.43663878682447],[13.450597070905962,52.436911034969306],[13.450527335075478,52.4333782521083],[13.44818474487292,52.43310963179755],[13.443986693283742,52.43390393972109],[13.44456763886335,52.435648259274835],[13.439929211463744,52.43723706865877],[13.440523824643718,52.437803270537344],[13.436277076533996,52.4395255552011],[13.435804521059167,52.439305517885934],[13.435252896795127,52.43765017202531],[13.435960720641358,52.43684430804667],[13.436164429438147,52.43324904950903],[13.435865758088818,52.43022902784494],[13.436426836099006,52.42454582307386],[13.437713813391184,52.42472312771602],[13.43850440239301,52.42340783088842]]]},"properties":{"plz":"12351"}},
{"type":"Feature","geometry":{"type":"Polygon","coordinates":[[[13.438880553546493,52.41444504902666],[13.447057593516442,52.416682869583575],[13.45468220488907,52.41945223530945],[13.4594535198927,52.42056804126382],[13.463542325800399,52.42107790736663],[13.468010181108202,52.42002804342399],[13.475311675249921,52.419402249834334],[13.480627824620143,52.41726110204253],[13.479496068766375,52.418595129166405],[13.483839053974789,52.42188151150856],[13.485091122226793,52.42335504405679],[13.481963090550574,52.42602660852359],[13.479661403922286,52.425896158685944],[13.475041292172088,52.42666947607304],[13.472870093111169,52.42579046666885],[13.472867963324394,52.42428967951332],[13.468001186004768,52.42458340818477],[13.468141284036566,52.42773883697305],[13.464146404540983,52.427890683439074],[13.460272200931286,52.429954939906935],[13.46036365235617,52.4310478544045],[13.457051030213705,52.42994766876264],[13.457718645287137,52.42837055469738],[13.456070495324735,52.42878247738337],[13.45577436055153,52.42780519252074],[13.453785078859626,52.42898495529847],[13.45004850418976,52.42810322834574],[13.450088219975521,52.426993426294494],[13.441721637482404,52.42459376319419],[13.44176476161391,52.42377244262801],[13.43850440239301,52.42340783088842],[13.43901573230849,52.422421000567525],[13.439640275894229,52.417945693255966],[13.43623806843881,52.417858484375294],[13.434728718039691,52.41647388256382],[13.43244332317646,52.41679367427899],[13.430882627165898,52.41475829776346],[13.433333834839162,52.41548576385994],[13.436381599457762,52.41729344895067],[13.439625624926723,52.41723931181863],[13.439781960503332,52.41502432490883],[13.438880553546493,52.41444504902666]]]},"properties":{"plz":"12353"}},
{"type":"Feature","geometry":{"type":"Polygon","coordinates":[[[13.468010181108202,52.42002804342399],[13.471009137163355,52.414059438147326],[13.47581957426124,52.4062391067979],[13.47894827112748,52.399979281428415],[13.479760901516801,52.395943423362624],[13.483544957956811,52.396933019087385],[13.490557380947358,52.39775460454897],[13.495025514899243,52.3985675769927],[13.505742274479399,52.39990184992363],[13.511744513746178,52.400813681871924],[13.51599990134554,52.40178560104345],[13.516649878545573,52.403331029726075],[13.5193304079568,52.40493851937114],[13.5217783098484,52.40744172156079],[13.524060789163972,52.413590651794465],[13.522945611501026,52.414094737677914],[13.522112348858377,52.41842921007177],[13.520501543130422,52.42083263069083],[13.518434200911452,52.42290939502457],[13.520459150230096,52.42624170473471],[13.520446612057565,52.42656521560706],[13.519990527548432,52.42671398639869],[13.519939057271564,52.42672112924846],[13.51989639630821,52.4267327735976],[13.51976257142368,52.426752424115485],[13.519353850154564,52.42676733295459],[13.516522039562993,52.4269354874588],[13.514086870632404,52.4272072980609],[13.513392867045566,52.42438390741722],[13.50960561708792,52.423463586516725],[13.508653472702713,52.42276257730337],[13.507592751762976,52.42363592665154],[13.50421019319822,52.42261878119979],[13.503019323789287,52.42111676172778],[13.50024630082459,52.42242051058005],[13.49782941231754,52.420505532157094],[13.498996959482147,52.41932773582927],[13.494006670622465,52.41693716565267],[13.489690080335876,52.42022588584666],[13.487036455840482,52.42085185473444],[13.485091122226793,52.42335504405679],[13.483839053974789,52.42188151150856],[13.479496068766375,52.418595129166405],[13.480627824620143,52.41726110204253],[13.475311675249921,52.419402249834334],[13.468010181108202,52.42002804342399]]]},"properties":{"plz":"12355"}},
{"type":"Feature","geometry":{"type":"Polygon","coordinates":[[[13.472870093111169,52.42579046666885],[13.475041292172088,52.42666947607304],[13.479661403922286,52.425896158685944],[13.481963090550574,52.42602660852359],[13.485091122226793,52.42335504405679],[13.487036455840482,52.42085185473444],[13.489690080335876,52.42022588584666],[13.494006670622465,52.41693716565267],[13.498996959482147,52.41932773582927],[13.49782941231754,52.420505532157094],[13.50024630082459,52.42242051058005],[13.503019323789287,52.42111676172778],[13.50421019319822,52.42261878119979],[13.507592751762976,52.42363592665154],[13.508653472702713,52.42276257730337],[13.50960561708792,52.423463586516725],[13.513392867045566,52.42438390741722],[13.514086870632404,52.4272072980609],[13.512113090010764,52.42755499362996],[13.506908913018782,52.42917106166034],[13.497670941284136,52.43350825423317],[13.49753107829956,52.43357100875529],[13.489312754702048,52.43759229326173],[13.485255087730108,52.43964906391489],[13.484732236018122,52.43990366027385],[13.484505582727556,52.43996359876406],[13.479128129956106,52.44252631395628],[13.478683301999544,52.44273604712952],[13.477930671688066,52.442202191730026],[13.47858782269053,52.44050902220862],[13.476759284841073,52.438966396984995],[13.475886525585056,52.43918815851774],[13.473775102666,52.4374249514047],[13.47234662701073,52.43677605328172],[13.472204460689673,52.43369791726989],[13.475875735776073,52.43243822263652],[13.477874940292468,52.43036482162598],[13.473416270827913,52.428532128017046],[13.470678196399046,52.42621895944136],[13.472870093111169,52.42579046666885]]]},"properties":{"plz":"12357"}},
{"type":"Feature","geometry":{"type":"Polygon","coordinates":[[[13.443833653168461,52.463079922806344],[13.445406844210098,52.4608383696041],[13.443795152380119,52.46065256118581],[13.444340626145673,52.45895491981919],[13.442601138201606,52.458740140818925],[13.443116834861382,52.45713322373804],[13.448014644108445,52.45773294373192],[13.449277168890289,52.4547269990935],[13.446933551371357,52.454434989436145],[13.447265693767232,52.45342359197216],[13.444334843706487,52.45287182170784],[13.444060240438679,52.45382668334914],[13.439517724782077,52.453502354584316],[13.439298860577097,52.451694783878054],[13.436996979117735,52.448928605022104],[13.434157372574182,52.44441089516393],[13.434953591561259,52.443937690473234],[13.437681999133439,52.44523616638428],[13.439095090765754,52.444949942358214],[13.439153587744668,52.443641570561475],[13.434876672299628,52.439295929118586],[13.435804521059167,52.439305517885934],[13.436277076533996,52.4395255552011],[13.440523824643718,52.437803270537344],[13.439929211463744,52.43723706865877],[13.44456763886335,52.435648259274835],[13.443986693283742,52.43390393972109],[13.44818474487292,52.43310963179755],[13.450527335075478,52.4333782521083],[13.450597070905962,52.436911034969306],[13.451842129384985,52.43663878682447],[13.45348670168961,52.43947651434632],[13.456433038813168,52.44153335597921],[13.45694186480119,52.443063624433854],[13.45966033084934,52.44170061537683],[13.460301492901715,52.44053234822896],[13.464407145639196,52.44256635107584],[13.467059795923323,52.44103143521408],[13.468251137001067,52.44098001520966],[13.467434387909679,52.43951049006284],[13.465113788845644,52.43833907127069],[13.465506988858708,52.43737263732098],[13.468611390919966,52.439344915810175],[13.469892781720521,52.43835269060391],[13.473775102666,52.4374249514047],[13.475886525585056,52.43918815851774],[13.476759284841073,52.438966396984995],[13.47858782269053,52.44050902220862],[13.477930671688066,52.442202191730026],[13.478683301999544,52.44273604712952],[13.478605251157301,52.442768301879156],[13.466135898756496,52.44882794676426],[13.463757995021417,52.45031019716277],[13.461400772355859,52.45290587949092],[13.456975852119093,52.4591040239005],[13.45289786014343,52.46282308344917],[13.451370520762195,52.464711626671765],[13.445372565711912,52.463454339122734],[13.443291133781644,52.463694670584445],[13.443833653168461,52.463079922806344]]]},"properties":{"plz":"12359"}},
{"type":"Feature","geometry":{"type":"Polygon","coordinates":[[[13.45335015500902,52.497522102350764],[13.450903140128307,52.4971051090238],[13.447880571824602,52.49484314105406],[13.444636819608148,52.49416599632191],[13.439885973485673,52.49059988679213],[13.43965483017755,52.48990665249804],[13.444437802282051,52.48745536940299],[13.446762047771768,52.488952505059316],[13.447688497818685,52.488475820870285],[13.448352350122025,52.48813263451579],[13.448532315518527,52.48804214064632],[13.450323313287099,52.48708325225757],[13.451029410079311,52.486841663031775],[13.451511765001667,52.48659434660587],[13.45606367166314,52.48425009061071],[13.456376760636479,52.485510469010414],[13.457833763648217,52.48559433497528],[13.458131729858462,52.485819425995984],[13.461158008931989,52.4835356976669],[13.470565335667931,52.47690375263919],[13.46958000184989,52.47380025540324],[13.470041924395705,52.473020825507405],[13.483371278712747,52.48001944765403],[13.488218470331914,52.47474645865926],[13.491374355629329,52.47551307568061],[13.491540034768711,52.47667793486401],[13.48964820220649,52.47688245263612],[13.48625415672137,52.48156321424776],[13.49116395446747,52.48412204242634],[13.491538939155404,52.48376390407437],[13.493846681658617,52.4838734574459],[13.492670337296444,52.48588603727347],[13.491212118565231,52.487132621063374],[13.48849389895012,52.48783492987644],[13.486736788761549,52.48764504501245],[13.485945571021476,52.487400569199615],[13.482954248819473,52.48604538456674],[13.482051719929396,52.48743990978323],[13.480548741146206,52.48787121947558],[13.48005536084292,52.48793711069073],[13.47985219373228,52.48794135217541],[13.47813967579073,52.48763366960761],[13.477712007127217,52.48872950141312],[13.47378222073712,52.49103046062167],[13.471015775078516,52.491484274199266],[13.467054042800376,52.49268410479489],[13.463382703113316,52.49413043717008],[13.463283733341719,52.4954099964413],[13.461934387646439,52.49558426360814],[13.459496917491647,52.49654061747503],[13.455032294231957,52.49736638873838],[13.454064150196173,52.497558193544364],[13.45335015500902,52.497522102350764]]]},"properties":{"plz":"12435"}},
{"type":"Feature","geometry":{"type":"MultiPolygon","coordinates":[[[[13.496637775824066,52.4833050065936],[13.496699572096963,52.48331406097423],[13.496699566781743,52.4833158582106],[13.496637775824066,52.4833050065936]]],[[[13.494175740290078,52.48311535406821],[13.495890188148376,52.483246668538555],[13.496637775824066,52.4833050065936],[13.494175740290078,52.48311535406821]]],[[[13.456975852119093,52.4591040239005],[13.461400772355859,52.45290587949092],[13.463757995021417,52.45031019716277],[13.466135898756496,52.44882794676426],[13.478605251157301,52.442768301879156],[13.486396838441477,52.449640938026455],[13.48754391616023,52.45063352486709],[13.488618936539098,52.45163680020242],[13.48943656603943,52.45454134977487],[13.485373206222029,52.45927165038734],[13.486034256931845,52.459577984871245],[13.492148370570844,52.45816519839485],[13.49709712272707,52.45821205980408],[13.501409277809266,52.46071408905707],[13.496015776651694,52.46370172887475],[13.500493840612661,52.46649514347895],[13.499185086155126,52.46876467592933],[13.499029910056182,52.468996364858626],[13.498815809378435,52.46924955852697],[13.498446765157881,52.46965176319118],[13.49810757900725,52.46990481958934],[13.497525558826595,52.47016749490005],[13.495499762522831,52.47148360998314],[13.49522919382493,52.47191017591344],[13.495026342988274,52.47232693141503],[13.494650087040567,52.473643956368605],[13.494552114174477,52.47540073809387],[13.494960609806201,52.47660091145507],[13.495242733797962,52.47724646634898],[13.495610562443737,52.47877101019771],[13.495184988530456,52.48032612637437],[13.494175740290078,52.48311535406821],[13.493846681658617,52.4838734574459],[13.491538939155404,52.48376390407437],[13.49116395446747,52.48412204242634],[13.48625415672137,52.48156321424776],[13.48964820220649,52.47688245263612],[13.491540034768711,52.47667793486401],[13.491374355629329,52.47551307568061],[13.488218470331914,52.47474645865926],[13.483371278712747,52.48001944765403],[13.470041924395705,52.473020825507405],[13.474966416760697,52.46818702461747],[13.47833571379257,52.46522929045462],[13.478541481454833,52.46398040083903],[13.47579469885717,52.4609124743611],[13.474962021305757,52.45876089750306],[13.458424579100265,52.459201351652595],[13.456975852119093,52.4591040239005]]]]},"properties":{"plz":"12437"}},
{"type":"Feature","geometry":{"type":"Polygon","coordinates":[[[13.494175740290078,52.48311535406821],[13.495184988530456,52.48032612637437],[13.495610562443737,52.47877101019771],[13.495242733797962,52.47724646634898],[13.494960609806201,52.47660091145507],[13.494552114174477,52.47540073809387],[13.494650087040567,52.473643956368605],[13.495026342988274,52.47232693141503],[13.49522919382493,52.47191017591344],[13.495499762522831,52.47148360998314],[13.497525558826595,52.47016749490005],[13.49810757900725,52.46990481958934],[13.498446765157881,52.46965176319118],[13.498815809378435,52.46924955852697],[13.499029910056182,52.468996364858626],[13.499185086155126,52.46876467592933],[13.500493840612661,52.46649514347895],[13.50144680958071,52.465117597833974],[13.502400810257685,52.46387484490956],[13.505869576193144,52.461949884619905],[13.505918019464946,52.461989475446806],[13.507724773404197,52.46142693571294],[13.508461101575996,52.46116256408305],[13.510495063416403,52.46033150622721],[13.512504233256738,52.45938625919339],[13.512614650604284,52.459355810671184],[13.517230277612788,52.45794475125575],[13.519471051604503,52.45784254867384],[13.52057183064619,52.45707247992084],[13.520603764100905,52.45663935091752],[13.52163089782058,52.45465061247534],[13.521692945770331,52.45453923220867],[13.522289431430643,52.45423241364081],[13.522881457296727,52.45394176339648],[13.52727637679445,52.4528158950184],[13.527982634838086,52.45272661675084],[13.53217971283249,52.453203625769945],[13.532944281081162,52.453361498053816],[13.538192700511276,52.45557085081178],[13.540085935213556,52.455572244347614],[13.545996109449202,52.45503629982377],[13.550028476484178,52.454029761700525],[13.55044050199443,52.453944652744475],[13.552871443898802,52.45342855203297],[13.553245222080877,52.45333801757469],[13.558223301518746,52.45313878298173],[13.558405324132359,52.454334115765896],[13.560946354930085,52.45491608399664],[13.560848763539846,52.456240666197274],[13.56378299039318,52.456630474809494],[13.561415690783658,52.45884351817381],[13.554873319370556,52.4661665818436],[13.557119614204707,52.46650491442027],[13.554339690646671,52.466766567771536],[13.5523131066774,52.468773837482935],[13.553244039613327,52.47085392661998],[13.552596281508011,52.473646576453156],[13.552044252881386,52.47374149004717],[13.551078628788485,52.47644676009191],[13.550502033680191,52.47625677457589],[13.548339121351036,52.4734659160998],[13.548395305739453,52.473318571911776],[13.542070400862192,52.4739837496091],[13.539844772659663,52.47497427234676],[13.538923469507322,52.47424567787624],[13.537552554959158,52.473179740568554],[13.534915216724505,52.47113866403686],[13.532316413560435,52.46908228060798],[13.530769418829845,52.46793524397121],[13.530282967216614,52.468333858273304],[13.523666097321911,52.47386139296321],[13.521580482346392,52.47521385522558],[13.520476169901027,52.474213558240635],[13.520310231128413,52.47406423145314],[13.515508755949487,52.4755929595307],[13.513543744884906,52.47569894469247],[13.513131733798966,52.47567159179646],[13.51138101903693,52.475430861046014],[13.50929643663106,52.47511878006833],[13.507842985105414,52.47490075687126],[13.504325543196156,52.47812069740868],[13.501890372085256,52.4825719453271],[13.501836863387902,52.482755216535104],[13.500934891279153,52.48263743857947],[13.500591789540017,52.48268560299479],[13.499615352436352,52.482870585657494],[13.498274870235951,52.48321423137838],[13.497846337983816,52.48327936803444],[13.497226575223266,52.48330115851985],[13.497064669157899,52.483297386986905],[13.496863086048402,52.48327110466663],[13.49686161479498,52.48327110304403],[13.496858617874487,52.48328907306598],[13.496817403143362,52.48328902766604],[13.496699566781743,52.4833158582106],[13.496699572096963,52.48331406097423],[13.496637775824066,52.4833050065936],[13.495890188148376,52.483246668538555],[13.494175740290078,52.48311535406821]]]},"properties":{"plz":"12459"}},
{"type":"Feature","geometry":{"type":"Polygon","coordinates":[[[13.519939057271564,52.42672112924846],[13.520085716769518,52.42686594741416],[13.519598598285384,52.42829349951799],[13.51719256235363,52.42865167307006],[13.517646145161256,52.4295291943163],[13.51928607228472,52.42925120144039],[13.518199048343682,52.432477344052835],[13.518931096450046,52.43314212836112],[13.528359552479575,52.438691510912676],[13.530346044928164,52.43740354590994],[13.531428099512672,52.4380283845683],[13.529854133356551,52.43904519494599],[13.530612472737431,52.43998114829882],[13.528759085421985,52.44088010333143],[13.531214960963315,52.442221119449385],[13.530496241694486,52.442710314964806],[13.530208391965672,52.44320435000084],[13.518689285767431,52.45086907466139],[13.518257618856811,52.45055324841726],[13.518042570395131,52.45067527109263],[13.516121988058556,52.451693488102],[13.512305308332616,52.45382870528854],[13.509248427022053,52.45555026658538],[13.508260861882244,52.4562825992444],[13.50545808596134,52.45803037633711],[13.503693716365424,52.45926063549009],[13.50203083841954,52.460464014852256],[13.5016580661142,52.46066043134396],[13.502377129068032,52.46131182123682],[13.501900962459363,52.461650119589386],[13.501604272641522,52.461472770142045],[13.501409277809266,52.46071408905707],[13.49709712272707,52.45821205980408],[13.492148370570844,52.45816519839485],[13.486034256931845,52.459577984871245],[13.485373206222029,52.45927165038734],[13.48943656603943,52.45454134977487],[13.488618936539098,52.45163680020242],[13.48754391616023,52.45063352486709],[13.486396838441477,52.449640938026455],[13.478605251157301,52.442768301879156],[13.478683301999544,52.44273604712952],[13.479128129956106,52.44252631395628],[13.484505582727556,52.43996359876406],[13.484732236018122,52.43990366027385],[13.485255087730108,52.43964906391489],[13.489312754702048,52.43759229326173],[13.49753107829956,52.43357100875529],[13.497670941284136,52.43350825423317],[13.506908913018782,52.42917106166034],[13.512113090010764,52.42755499362996],[13.514086870632404,52.4272072980609],[13.516522039562993,52.4269354874588],[13.519353850154564,52.42676733295459],[13.51976257142368,52.426752424115485],[13.51989639630821,52.4267327735976],[13.519939057271564,52.42672112924846]]]},"properties":{"plz":"12487"}},
{"type":"Feature","geometry":{"type":"Polygon","coordinates":[[[13.520459150230096,52.42624170473471],[13.520638530663515,52.42622838494143],[13.52110195447233,52.426081415379734],[13.523591120724854,52.425933523981925],[13.543728511224392,52.42488525954465],[13.544367921990597,52.42491266402736],[13.544573753277586,52.42489752882432],[13.544706102727073,52.424872457283236],[13.545242851583781,52.42476947916407],[13.547752048677879,52.424842166032484],[13.55435107973042,52.425683923484435],[13.554597994416952,52.425717323962516],[13.555384151904448,52.42591640406022],[13.555657659228775,52.425868938180855],[13.561028319215938,52.42649659803203],[13.563409537652205,52.426712669425314],[13.563416773601308,52.42679265520782],[13.563608976309455,52.4311791726208],[13.56242126787341,52.43404619687887],[13.562421267873408,52.43404619687891],[13.561080575628408,52.43585988197991],[13.560284939346925,52.436941440213],[13.559820481178631,52.43778323405419],[13.559491178830564,52.438697894962914],[13.559347459104105,52.439408662052486],[13.559295297610998,52.439863359278725],[13.559266769319311,52.44024887265738],[13.559168057897594,52.44133261251083],[13.559142475215522,52.44171363379852],[13.559123179605418,52.44183044993767],[13.559123046010264,52.441831338732605],[13.559120237061324,52.44183044824809],[13.559108322164589,52.44192929497658],[13.559108259173994,52.44197063397141],[13.559094681081675,52.44219439499865],[13.559094681081687,52.442194394998694],[13.558958211589742,52.44391976257336],[13.558868149800368,52.44510685343705],[13.558748269026138,52.4465536417841],[13.55850052135013,52.44984083033645],[13.554961510029935,52.45082818533713],[13.554682829562,52.45034453346025],[13.553311486889168,52.44798289410309],[13.542864675789781,52.45018222599778],[13.542792866408798,52.450043780436985],[13.542710779898371,52.44989544214157],[13.540412295622318,52.448150379992065],[13.544011585667205,52.446449059768234],[13.541381788990114,52.44498147366911],[13.537546030112715,52.447990100363256],[13.532787081518213,52.4477348099588],[13.532981045697259,52.44643279161995],[13.536633080184691,52.44417995384879],[13.533160517202868,52.44224513297978],[13.531583211350464,52.44330880539209],[13.530496241694486,52.442710314964806],[13.531214960963315,52.442221119449385],[13.528759085421985,52.44088010333143],[13.530612472737431,52.43998114829882],[13.529854133356551,52.43904519494599],[13.531428099512672,52.4380283845683],[13.530346044928164,52.43740354590994],[13.528359552479575,52.438691510912676],[13.518931096450046,52.43314212836112],[13.518199048343682,52.432477344052835],[13.51928607228472,52.42925120144039],[13.517646145161256,52.4295291943163],[13.51719256235363,52.42865167307006],[13.519598598285384,52.42829349951799],[13.520085716769518,52.42686594741416],[13.519939057271564,52.42672112924846],[13.519990527548432,52.42671398639869],[13.520446612057565,52.42656521560706],[13.520459150230096,52.42624170473471]]]},"properties":{"plz":"12489"}},
{"type":"Feature","geometry":{"type":"Polygon","coordinates":[[[13.51599990134554,52.40178560104345],[13.521801940979083,52.40057316319162],[13.52638227560803,52.39893254331558],[13.52969881424452,52.39729880229112],[13.538427499216498,52.40063161647901],[13.537349914867352,52.398768753928785],[13.543378979005972,52.39974100814477],[13.54865721097935,52.401729765220004],[13.550574286487016,52.40190624970279],[13.55276160970468,52.403030075595524],[13.560622162750573,52.40808255769831],[13.562615388159085,52.4096778960239],[13.562113220815567,52.40839162116992],[13.566388145488355,52.40931140908169],[13.567837474504778,52.40791020191458],[13.573160952841523,52.41186687834018],[13.572798096318431,52.41296399565009],[13.565995024552496,52.41736332710957],[13.55435107973042,52.425683923484435],[13.547752048677879,52.424842166032484],[13.545242851583781,52.42476947916407],[13.544706102727073,52.424872457283236],[13.544573753277586,52.42489752882432],[13.544367921990597,52.42491266402736],[13.543728511224392,52.42488525954465],[13.523591120724854,52.425933523981925],[13.52110195447233,52.426081415379734],[13.520638530663515,52.42622838494143],[13.520459150230096,52.42624170473471],[13.518434200911452,52.42290939502457],[13.520501543130422,52.42083263069083],[13.522112348858377,52.41842921007177],[13.522945611501026,52.414094737677914],[13.524060789163972,52.413590651794465],[13.5217783098484,52.40744172156079],[13.5193304079568,52.40493851937114],[13.516649878545573,52.403331029726075],[13.51599990134554,52.40178560104345]]]},"properties":{"plz":"12524"}},
{"type":"Feature","geometry":{"type":"Polygon","coordinates":[[[13.537349914867352,52.398768753928785],[13.535098690880682,52.39330485617853],[13.534817491696423,52.390768559110136],[13.535482147115916,52.3889905792124],[13.564156442004434,52.38813290254406],[13.57435790027294,52.390110427729205],[13.582902459936884,52.39145829742736],[13.592693922822942,52.39381063542909],[13.592988327105385,52.396903080501666],[13.590343740811393,52.3971665191002],[13.588549309806861,52.399642718689044],[13.586463286349366,52.39939939338718],[13.584294398726561,52.401329897657035],[13.58724532720235,52.40385169192635],[13.592443541007658,52.40039429075175],[13.58767832298051,52.40436857196814],[13.586782673036465,52.40364843792714],[13.583327601975135,52.40586246819342],[13.576240732961228,52.40971589599953],[13.574080109989724,52.4113101092247],[13.572798096318431,52.41296399565009],[13.573160952841523,52.41186687834018],[13.567837474504778,52.40791020191458],[13.566388145488355,52.40931140908169],[13.562113220815567,52.40839162116992],[13.562615388159085,52.4096778960239],[13.560622162750573,52.40808255769831],[13.55276160970468,52.403030075595524],[13.550574286487016,52.40190624970279],[13.54865721097935,52.401729765220004],[13.543378979005972,52.39974100814477],[13.537349914867352,52.398768753928785]]]},"properties":{"plz":"12526"}},
{"type":"Feature","geometry":{"type":"Polygon","coordinates":[[[13.55435107973042,52.425683923484435],[13.565995024552496,52.41736332710957],[13.572798096318431,52.41296399565009],[13.574080109989724,52.4113101092247],[13.576240732961228,52.40971589599953],[13.583327601975135,52.40586246819342],[13.586782673036465,52.40364843792714],[13.58767832298051,52.40436857196814],[13.592443541007658,52.40039429075175],[13.58724532720235,52.40385169192635],[13.584294398726561,52.401329897657035],[13.586463286349366,52.39939939338718],[13.588549309806861,52.399642718689044],[13.590343740811393,52.3971665191002],[13.592988327105385,52.396903080501666],[13.592693922822942,52.39381063542909],[13.594090388998191,52.392543882374625],[13.593669240546566,52.38995915799716],[13.594999276657896,52.388952094184276],[13.594941743032457,52.387233798491685],[13.596119088208114,52.38597864459317],[13.599385900502167,52.38540157893804],[13.602992944463338,52.38283570433055],[13.606394493793648,52.37911577483809],[13.605466939179893,52.37796979360403],[13.606804102281583,52.376024370066354],[13.605809640105974,52.37362112007551],[13.607365911589735,52.37397096702752],[13.628510276645713,52.381349747212404],[13.633235361054206,52.37623605037733],[13.642674759925049,52.377504055561076],[13.642841791111762,52.37257834249309],[13.642101140199381,52.37080264296023],[13.646825596317779,52.37015126538661],[13.647259174572678,52.368015912445635],[13.646096651486495,52.36527062851008],[13.641142740078537,52.36309294280887],[13.63908256458249,52.360977676865105],[13.638078743060502,52.35629562286568],[13.637790435307494,52.34820835857228],[13.63669714789717,52.34813836274029],[13.63682119138259,52.345223005309144],[13.638700334614732,52.34318639200222],[13.640853919703329,52.34187765278991],[13.642813467802902,52.339938021253154],[13.64449487246595,52.33990991361529],[13.645497951649109,52.33878279621158],[13.648841396229946,52.338336453426734],[13.651689780836834,52.339460134554045],[13.651141346236209,52.34260117215036],[13.6536275007486,52.34588892541204],[13.65556828243876,52.347214924131464],[13.656770299266471,52.34960872555534],[13.657082805246256,52.35160912452482],[13.659568709513506,52.35330247591116],[13.66201747750025,52.35420943413125],[13.66300157682229,52.35689081546645],[13.664891665496787,52.35812231232614],[13.666196518797937,52.35808593042566],[13.665745801969306,52.359622836911996],[13.666659834411709,52.362353636290536],[13.66847305398649,52.36420609285262],[13.669894568761542,52.36469086585603],[13.671815431886019,52.3667795841481],[13.67613590311076,52.367954216019164],[13.679207557288391,52.369441099843705],[13.682142712545472,52.369637456631125],[13.684752069618442,52.36880940144751],[13.68723413603706,52.36730284686019],[13.689260901445008,52.367840094549535],[13.693078252322827,52.367972797718956],[13.693221514500904,52.369509467992195],[13.695086489055472,52.370695557796175],[13.69995592427514,52.375585054687036],[13.70061498598442,52.37718969051042],[13.699282535887209,52.37773422623025],[13.697201248615452,52.37743713324376],[13.69880348057982,52.381118064946854],[13.695180250840123,52.38095308209277],[13.689723399406187,52.38324868505448],[13.68790186775744,52.38295218700651],[13.686111530085363,52.38398659492823],[13.686822695122164,52.385301903406145],[13.688023673881336,52.386048085721754],[13.68907409103723,52.38520276908702],[13.691864724106317,52.38625270845517],[13.695415828333696,52.388870338392834],[13.70017126919082,52.391132132188304],[13.701863715960448,52.3930102024394],[13.705449800902187,52.394018865564135],[13.706557869667703,52.395073167974495],[13.709725935858515,52.39628957965833],[13.705887548864244,52.39646298280651],[13.703332434946626,52.397089263386405],[13.701916445945058,52.39808232329574],[13.693425922574606,52.3939526343876],[13.68253698266145,52.39107536467825],[13.679538441312294,52.389431271658154],[13.679197770160377,52.38705890361874],[13.678499525546258,52.38656853418973],[13.671599153318411,52.384973533183526],[13.669699191731102,52.38252803318198],[13.665905073975749,52.381778970428144],[13.657442152948805,52.380518858677114],[13.654520641354479,52.38193591938506],[13.648772888531338,52.385495042311284],[13.645096789440313,52.392637515464266],[13.642721073669257,52.39546871749128],[13.63920608079103,52.39696815582577],[13.628261559801942,52.403778122224445],[13.626505702328194,52.40743125103025],[13.62561372685101,52.40834699846321],[13.623030314959957,52.409242036077224],[13.614764496869913,52.40869602850667],[13.605498253739935,52.41105019132373],[13.603879882520385,52.4117877072399],[13.600309408026991,52.4131978962483],[13.596026978844368,52.41306567361641],[13.592767843137286,52.41240337221468],[13.588940540902241,52.412914471236995],[13.585405757923024,52.414841856956464],[13.58452948152358,52.41674134632593],[13.58450578747298,52.420008912813735],[13.582275340656919,52.422134363769445],[13.581821577607009,52.42459116365457],[13.57923464787675,52.42705252507123],[13.575841615298941,52.42837307401993],[13.563409537652205,52.426712669425314],[13.561028319215938,52.42649659803203],[13.555657659228775,52.425868938180855],[13.555384151904448,52.42591640406022],[13.554597994416952,52.425717323962516],[13.55435107973042,52.425683923484435]]]},"properties":{"plz":"12527"}},
{"type":"Feature","geometry":{"type":"Polygon","coordinates":[[[13.558223301518746,52.45313878298173],[13.55850052135013,52.44984083033645],[13.558748269026138,52.4465536417841],[13.558868149800368,52.44510685343705],[13.558958211589742,52.44391976257336],[13.559094681081687,52.442194394998694],[13.559094681081675,52.44219439499865],[13.559108259173994,52.44197063397141],[13.559108322164589,52.44192929497658],[13.559120237061324,52.44183044824809],[13.559123046010264,52.441831338732605],[13.559830192014525,52.442055516025164],[13.562027732169893,52.44273971808985],[13.561893634902173,52.44292477116694],[13.561724255591646,52.44309991934109],[13.562348631532139,52.44354060595983],[13.562721618163025,52.44595732780248],[13.569288758667968,52.44455784831944],[13.5690278326584,52.445029523575116],[13.570380249252226,52.447825928426106],[13.57102729247526,52.44790801089087],[13.571168251649684,52.44809679681698],[13.57182775362609,52.44880974585693],[13.573303838447783,52.4481058594143],[13.571516862429755,52.44453823034468],[13.574653982987085,52.4444003454382],[13.574595867187195,52.44379731327821],[13.57750316025875,52.44396839445024],[13.57804021715103,52.443726872382946],[13.57820645361486,52.44367841202238],[13.57857121392786,52.443642612837614],[13.580107391676213,52.4428649740489],[13.580380928683562,52.442864181718555],[13.58119637780714,52.44216083675496],[13.582085791787952,52.442456833873074],[13.582414094334817,52.442101082958466],[13.582579185005569,52.441716513403456],[13.584807667740764,52.44114036900306],[13.585006310751206,52.44101642194961],[13.58660938220433,52.44084083029368],[13.586580278200445,52.44212232321246],[13.586887476022435,52.44229676759851],[13.586541309662366,52.44292931496124],[13.583982651060667,52.442692078938705],[13.583692860641772,52.4427728557312],[13.583592903952509,52.442726088586426],[13.583534135394135,52.442668552630344],[13.582675048537178,52.44291627228279],[13.5825407550429,52.44338353073274],[13.583174500242816,52.4434853124973],[13.58294502918109,52.443536453023505],[13.582797666843033,52.44383655479061],[13.582710760224202,52.443974917505614],[13.582581264134289,52.44405305425684],[13.583575995692353,52.444982640568625],[13.581804048806802,52.44619519135863],[13.584103695173376,52.44679814016449],[13.586286374655364,52.448317646520984],[13.589051930690253,52.44952366150715],[13.593070284595061,52.44951496991297],[13.594901288437562,52.44978956254563],[13.594861294581962,52.45017957382768],[13.594837604443363,52.45039614624832],[13.594727219789,52.450491375950236],[13.594530116900096,52.450498512787526],[13.594352084447614,52.45057575013161],[13.594373848316499,52.450984649817975],[13.594250068239754,52.451291062290096],[13.59524047278571,52.45267347662254],[13.595091747685489,52.45289540854385],[13.594291684900123,52.454713199270124],[13.594621115895732,52.45481843177074],[13.594812316603804,52.454863416161196],[13.59739086324598,52.45509772565223],[13.597049901915193,52.4590068430667],[13.595375690742852,52.459050453472905],[13.595566419802273,52.45979100391545],[13.596153252979093,52.462163633421994],[13.59928349219531,52.4631529195682],[13.604282007988314,52.465037553755955],[13.608694785869377,52.46824113153446],[13.611355899750656,52.47046209613306],[13.611311748396574,52.47047557034679],[13.608424349930038,52.47103593899728],[13.607662765699468,52.47286190881347],[13.604903453041976,52.47290458040882],[13.603063985824411,52.47278830776417],[13.60192905764961,52.47333986051269],[13.601678810071727,52.47346202730407],[13.59990495999009,52.47431987096905],[13.599639993832698,52.47442765180792],[13.599619414576734,52.474387207062215],[13.598322377156977,52.4751552667037],[13.595205606281874,52.47681612156757],[13.5937436533957,52.47748703172141],[13.591549787121783,52.478641193097],[13.589924229735926,52.4794495036121],[13.58733859461198,52.48066187849759],[13.58637411345714,52.48109740977341],[13.583820989747773,52.48046206737606],[13.582564326853879,52.480142584986496],[13.580906704438833,52.480434028201984],[13.57932395760241,52.480882743933385],[13.576996349049077,52.48006491396215],[13.576541702009079,52.47992543123858],[13.576026739676236,52.47976165724797],[13.575117465221483,52.47947908816479],[13.574119314930094,52.47721042588528],[13.573869366748795,52.476999129363165],[13.573843485910595,52.476489575616576],[13.57380228778823,52.476480570765],[13.573627089914675,52.476530817936165],[13.573475267893036,52.47672306473533],[13.571904151525443,52.476148107709164],[13.571199548718527,52.47586470329573],[13.570859745256373,52.475734238582106],[13.569831269565343,52.47553604692651],[13.568734198879294,52.474907353073164],[13.568182588836711,52.47470039118885],[13.567753040141948,52.47456358303458],[13.567292971830563,52.47414188128198],[13.565498151073179,52.473701527156535],[13.565126944508986,52.473952962232936],[13.565053387602003,52.473934052034146],[13.56415163621828,52.47366937530911],[13.559192823447493,52.47324699494455],[13.558983848350682,52.47324867409435],[13.552596281508011,52.473646576453156],[13.553244039613327,52.47085392661998],[13.5523131066774,52.468773837482935],[13.554339690646671,52.466766567771536],[13.557119614204707,52.46650491442027],[13.554873319370556,52.4661665818436],[13.561415690783658,52.45884351817381],[13.56378299039318,52.456630474809494],[13.560848763539846,52.456240666197274],[13.560946354930085,52.45491608399664],[13.558405324132359,52.454334115765896],[13.558223301518746,52.45313878298173]]]},"properties":{"plz":"12555"}},
{"type":"Feature","geometry":{"type":"Polygon","coordinates":[[[13.563409537652205,52.426712669425314],[13.575841615298941,52.42837307401993],[13.57923464787675,52.42705252507123],[13.581821577607009,52.42459116365457],[13.582275340656919,52.422134363769445],[13.58450578747298,52.420008912813735],[13.58452948152358,52.41674134632593],[13.585405757923024,52.414841856956464],[13.588940540902241,52.412914471236995],[13.592767843137286,52.41240337221468],[13.596026978844368,52.41306567361641],[13.600309408026991,52.4131978962483],[13.603879882520385,52.4117877072399],[13.605366061445322,52.41395557960457],[13.609153421566292,52.42125880205859],[13.615318501220882,52.42579872249462],[13.616060209931717,52.428577480007654],[13.615726202698351,52.42972145906047],[13.62294518562356,52.42534175584401],[13.624745827713701,52.42889423890218],[13.625411582638842,52.43666864281114],[13.61682689818938,52.43842427401076],[13.601085368467555,52.43858553601962],[13.601015212288246,52.43785130784683],[13.598130096743704,52.43797647186499],[13.59791641427616,52.438690863477945],[13.592031485794251,52.43875670941639],[13.58660938220433,52.44084083029368],[13.585006310751206,52.44101642194961],[13.584807667740764,52.44114036900306],[13.582579185005569,52.441716513403456],[13.582414094334817,52.442101082958466],[13.582085791787952,52.442456833873074],[13.58119637780714,52.44216083675496],[13.580380928683562,52.442864181718555],[13.580107391676213,52.4428649740489],[13.57857121392786,52.443642612837614],[13.57820645361486,52.44367841202238],[13.57804021715103,52.443726872382946],[13.57750316025875,52.44396839445024],[13.574595867187195,52.44379731327821],[13.574653982987085,52.4444003454382],[13.571516862429755,52.44453823034468],[13.573303838447783,52.4481058594143],[13.57182775362609,52.44880974585693],[13.571168251649684,52.44809679681698],[13.57102729247526,52.44790801089087],[13.570380249252226,52.447825928426106],[13.5690278326584,52.445029523575116],[13.569288758667968,52.44455784831944],[13.562721618163025,52.44595732780248],[13.562348631532139,52.44354060595983],[13.561724255591646,52.44309991934109],[13.561893634902173,52.44292477116694],[13.562027732169893,52.44273971808985],[13.559830192014525,52.442055516025164],[13.559123046010264,52.441831338732605],[13.559123179605418,52.44183044993767],[13.559142475215522,52.44171363379852],[13.559168057897594,52.44133261251083],[13.559266769319311,52.44024887265738],[13.559295297610998,52.439863359278725],[13.559347459104105,52.439408662052486],[13.559491178830564,52.438697894962914],[13.559820481178631,52.43778323405419],[13.560284939346925,52.436941440213],[13.561080575628408,52.43585988197991],[13.562421267873408,52.43404619687891],[13.56242126787341,52.43404619687887],[13.563608976309455,52.4311791726208],[13.563416773601308,52.42679265520782],[13.563409537652205,52.426712669425314]]]},"properties":{"plz":"12557"}},
{"type":"Feature","geometry":{"type":"Polygon","coordinates":[[[13.709725935858515,52.39628957965833],[13.713595968670212,52.39802572487881],[13.714126583788632,52.39889704916456],[13.716765421258048,52.39972543113453],[13.71756300719676,52.398921400334714],[13.71983463536017,52.39906340827588],[13.722785839266908,52.39822436197172],[13.72543946894126,52.399699586046275],[13.72731523934891,52.40017519150991],[13.73028918783074,52.39966575412008],[13.734262004805208,52.402131746351756],[13.734154743362689,52.4033378671172],[13.735360206457457,52.405981560564804],[13.738646032385207,52.407238420266275],[13.736881433190963,52.4096745971107],[13.734077270522073,52.41075470221474],[13.733499970033241,52.41206729254028],[13.730259830927801,52.415343162198035],[13.729806549117026,52.41634018963414],[13.731409316855082,52.41975283242941],[13.730262955852021,52.41980776842609],[13.73006823345857,52.418253235233635],[13.726396982579681,52.416447377348035],[13.725132851110152,52.41638104258081],[13.72064189393485,52.41872935737192],[13.719771243543066,52.42127419279428],[13.715242931649367,52.42517703237373],[13.713709159287086,52.42565806921103],[13.708940184034882,52.42559590349849],[13.701613763770801,52.426653153116156],[13.698811903249013,52.4285313348654],[13.696081744547115,52.429410085280765],[13.69058418624855,52.43004227991375],[13.68546609047588,52.42869246026256],[13.681756167982732,52.429294576329326],[13.679240496445756,52.42912588444709],[13.676759372719543,52.428290310701435],[13.672629322739475,52.42930031645563],[13.672788954683703,52.4315280577514],[13.675177064574774,52.4305736016762],[13.677795513999296,52.43056529681446],[13.676201479026158,52.43290522207573],[13.674640708414083,52.43353584051465],[13.656746685098332,52.43743755686344],[13.624845148434332,52.44437921899573],[13.621218496161024,52.44415715081138],[13.61769645440888,52.44316032641516],[13.614894537846155,52.44451258823248],[13.612526559237333,52.44509737108903],[13.60740459748313,52.44737479271236],[13.60432598071246,52.44794491789629],[13.601645619562607,52.44896438029166],[13.598618608848122,52.44904369459383],[13.594901288437562,52.44978956254563],[13.593070284595061,52.44951496991297],[13.589051930690253,52.44952366150715],[13.586286374655364,52.448317646520984],[13.584103695173376,52.44679814016449],[13.581804048806802,52.44619519135863],[13.583575995692353,52.444982640568625],[13.582581264134289,52.44405305425684],[13.582710760224202,52.443974917505614],[13.582797666843033,52.44383655479061],[13.58294502918109,52.443536453023505],[13.583174500242816,52.4434853124973],[13.5825407550429,52.44338353073274],[13.582675048537178,52.44291627228279],[13.583534135394135,52.442668552630344],[13.583592903952509,52.442726088586426],[13.583692860641772,52.4427728557312],[13.583982651060667,52.442692078938705],[13.586541309662366,52.44292931496124],[13.586887476022435,52.44229676759851],[13.586580278200445,52.44212232321246],[13.58660938220433,52.44084083029368],[13.592031485794251,52.43875670941639],[13.59791641427616,52.438690863477945],[13.598130096743704,52.43797647186499],[13.601015212288246,52.43785130784683],[13.601085368467555,52.43858553601962],[13.61682689818938,52.43842427401076],[13.625411582638842,52.43666864281114],[13.624745827713701,52.42889423890218],[13.62294518562356,52.42534175584401],[13.615726202698351,52.42972145906047],[13.616060209931717,52.428577480007654],[13.615318501220882,52.42579872249462],[13.609153421566292,52.42125880205859],[13.605366061445322,52.41395557960457],[13.603879882520385,52.4117877072399],[13.605498253739935,52.41105019132373],[13.614764496869913,52.40869602850667],[13.623030314959957,52.409242036077224],[13.62561372685101,52.40834699846321],[13.626505702328194,52.40743125103025],[13.628261559801942,52.403778122224445],[13.63920608079103,52.39696815582577],[13.642721073669257,52.39546871749128],[13.645096789440313,52.392637515464266],[13.648772888531338,52.385495042311284],[13.654520641354479,52.38193591938506],[13.657442152948805,52.380518858677114],[13.665905073975749,52.381778970428144],[13.669699191731102,52.38252803318198],[13.671599153318411,52.384973533183526],[13.678499525546258,52.38656853418973],[13.679197770160377,52.38705890361874],[13.679538441312294,52.389431271658154],[13.68253698266145,52.39107536467825],[13.693425922574606,52.3939526343876],[13.701916445945058,52.39808232329574],[13.703332434946626,52.397089263386405],[13.705887548864244,52.39646298280651],[13.709725935858515,52.39628957965833]]]},"properties":{"plz":"12559"}},
{"type":"Feature","geometry":{"type":"Polygon","coordinates":[[[13.594901288437562,52.44978956254563],[13.598618608848122,52.44904369459383],[13.601645619562607,52.44896438029166],[13.60432598071246,52.44794491789629],[13.60740459748313,52.44737479271236],[13.612526559237333,52.44509737108903],[13.614894537846155,52.44451258823248],[13.61769645440888,52.44316032641516],[13.621218496161024,52.44415715081138],[13.624845148434332,52.44437921899573],[13.656746685098332,52.43743755686344],[13.662355545015432,52.4472844850633],[13.667572395866214,52.46637584153308],[13.678956811934427,52.46893250227897],[13.667235344992653,52.47428061147314],[13.663805816630557,52.47365718136512],[13.65836167810731,52.474996898732726],[13.655463514707721,52.47664310467098],[13.648304481189934,52.47872866142766],[13.64321070327151,52.479219276226246],[13.642567325982604,52.47870173672604],[13.63614671288655,52.47614305973906],[13.631038223239482,52.47502454406656],[13.628175728138535,52.47354003427376],[13.625335449545986,52.473692820945224],[13.624707264279666,52.46905301038819],[13.622900291723994,52.46877977965574],[13.623366908520547,52.46671016629653],[13.621952845146875,52.46700398769525],[13.621021240975162,52.468493038767825],[13.621156368442806,52.4704620190434],[13.617118298069638,52.47119958250779],[13.61507174078558,52.46971121958903],[13.612695021667484,52.47040294442506],[13.611651040998982,52.46801866264144],[13.613656429882322,52.468735128120514],[13.613645501924195,52.46588006772538],[13.610773550534846,52.46532435334298],[13.608995494227846,52.466921935440574],[13.610246016309329,52.46742626139055],[13.611355899750656,52.47046209613306],[13.608694785869377,52.46824113153446],[13.604282007988314,52.465037553755955],[13.59928349219531,52.4631529195682],[13.596153252979093,52.462163633421994],[13.595566419802273,52.45979100391545],[13.595375690742852,52.459050453472905],[13.597049901915193,52.4590068430667],[13.59739086324598,52.45509772565223],[13.594812316603804,52.454863416161196],[13.594621115895732,52.45481843177074],[13.594291684900123,52.454713199270124],[13.595091747685489,52.45289540854385],[13.59524047278571,52.45267347662254],[13.594250068239754,52.451291062290096],[13.594373848316499,52.450984649817975],[13.594352084447614,52.45057575013161],[13.594530116900096,52.450498512787526],[13.594727219789,52.450491375950236],[13.594837604443363,52.45039614624832],[13.594861294581962,52.45017957382768],[13.594901288437562,52.44978956254563]]]},"properties":{"plz":"12587"}},
{"type":"Feature","geometry":{"type":"Polygon","coordinates":[[[13.731409316855082,52.41975283242941],[13.731249602619657,52.420585145666145],[13.737656019128003,52.42669024752906],[13.740760142959706,52.42641677802081],[13.741727673107315,52.428191611529485],[13.738928753841854,52.428859332572976],[13.740099464878783,52.43247086890908],[13.733236529001354,52.43322318204746],[13.727210401141884,52.43480565511488],[13.722804398957383,52.4371377946551],[13.728099916152518,52.434782424166656],[13.731420595564307,52.433799064197125],[13.738181978123707,52.432958882966695],[13.738279843001822,52.43328500772023],[13.74287951177227,52.43293097208833],[13.744062048027718,52.43806120846417],[13.750512287297813,52.44147403920616],[13.756297969893978,52.44161159922979],[13.754446930711621,52.436684415287395],[13.759878622194451,52.436178734897915],[13.760920427598178,52.437876938540526],[13.755313651830082,52.43841700741946],[13.757082835137812,52.44295873749266],[13.754363085036868,52.44327715109628],[13.756124796524327,52.44574117709903],[13.755914026191844,52.44608739644845],[13.753804467926967,52.44743769659134],[13.749230803628787,52.44866563420835],[13.74476836948707,52.44923186285242],[13.74328202636114,52.44893229028117],[13.737856420404976,52.44963310983933],[13.734342299735285,52.450737246273086],[13.732702808309375,52.450355902082954],[13.729067785242624,52.45078329333977],[13.72056694956021,52.45674855285839],[13.715964619717504,52.46291699077703],[13.711544071082555,52.46328332608365],[13.705699672832878,52.465551140598365],[13.701247361623063,52.468223985838286],[13.69907996842248,52.46827926198792],[13.702089793969918,52.46435918647176],[13.703346181739365,52.460045674583604],[13.70525107523311,52.45986917594823],[13.705302163493007,52.459642677751674],[13.70557968007463,52.4576968787175],[13.704624128878995,52.45475168588929],[13.698343670574527,52.455258042013405],[13.698681063792174,52.45648092110412],[13.697686924613638,52.45850352695292],[13.697081544679886,52.46172920497183],[13.695439033427261,52.46418443510544],[13.689832933051115,52.465008966815994],[13.686559306575395,52.46513290273158],[13.68277170566563,52.46606399639349],[13.678956811934427,52.46893250227897],[13.667572395866214,52.46637584153308],[13.662355545015432,52.4472844850633],[13.656746685098332,52.43743755686344],[13.674640708414083,52.43353584051465],[13.676201479026158,52.43290522207573],[13.677795513999296,52.43056529681446],[13.675177064574774,52.4305736016762],[13.672788954683703,52.4315280577514],[13.672629322739475,52.42930031645563],[13.676759372719543,52.428290310701435],[13.679240496445756,52.42912588444709],[13.681756167982732,52.429294576329326],[13.68546609047588,52.42869246026256],[13.69058418624855,52.43004227991375],[13.696081744547115,52.429410085280765],[13.698811903249013,52.4285313348654],[13.701613763770801,52.426653153116156],[13.708940184034882,52.42559590349849],[13.713709159287086,52.42565806921103],[13.715242931649367,52.42517703237373],[13.719771243543066,52.42127419279428],[13.72064189393485,52.41872935737192],[13.725132851110152,52.41638104258081],[13.726396982579681,52.416447377348035],[13.73006823345857,52.418253235233635],[13.730262955852021,52.41980776842609],[13.731409316855082,52.41975283242941]]]},"properties":{"plz":"12589"}},
{"type":"Feature","geometry":{"type":"Polygon","coordinates":[[[13.585106113398357,52.53041968692948],[13.584376903401939,52.530215438067486],[13.584141196265026,52.53015424617327],[13.583907052289707,52.53000049364385],[13.582334491322678,52.52883257446697],[13.578017476166938,52.525864450549506],[13.577927678440481,52.52579252167129],[13.576972580691816,52.523472711559535],[13.57692211500036,52.52118292872125],[13.57679897222683,52.520642788089],[13.576506080982673,52.51909698582112],[13.576270819843312,52.51870597333514],[13.575599424111969,52.51711507549307],[13.575607064740774,52.51687693597984],[13.57466975625722,52.514728753934854],[13.574284724188534,52.51396922502803],[13.574045185779863,52.51349822610085],[13.57398932604612,52.51340294447682],[13.573531339952723,52.51208531758008],[13.573656623374605,52.5120152783029],[13.5755269986583,52.51222727719697],[13.576493193777416,52.51227261961899],[13.579092681579867,52.51250283897962],[13.57931946288739,52.51255235507442],[13.579422502558808,52.51261440292072],[13.579787561229493,52.51283471647218],[13.580614956495483,52.51322505309223],[13.581038902693384,52.513486723144666],[13.583706719296467,52.51474492565086],[13.583858375456158,52.5148123786371],[13.585201176821496,52.51544819860981],[13.58691802442784,52.51625307444303],[13.589044293205998,52.517248568707515],[13.589124141171736,52.5172886225085],[13.589126752839947,52.5172899325887],[13.589302643078238,52.51658993780586],[13.590753440106033,52.51682313213168],[13.59062802864924,52.51706752803406],[13.594361664466055,52.51798521648965],[13.59724102654857,52.51889808778653],[13.597780171958348,52.51894584725965],[13.599410987440692,52.518902193764426],[13.603406351281427,52.51860647605299],[13.60687286931843,52.51816226072367],[13.607009712277048,52.518520845339275],[13.603476863580365,52.51898751797596],[13.603613466526033,52.51976128339516],[13.60283998749036,52.51986447828605],[13.602670126369208,52.520687609151025],[13.600274625639166,52.52076618941062],[13.599360863309183,52.521359095691494],[13.59808553280758,52.520586857942234],[13.595882698774576,52.51900558557102],[13.594811739104317,52.51826818364905],[13.594810765022341,52.518267512951596],[13.594770162908835,52.518282295144886],[13.594697839104308,52.51830862639628],[13.594697304722962,52.51830882095089],[13.594809297209292,52.51864375444598],[13.595472020998862,52.52062574808139],[13.595738141071298,52.52138967056275],[13.595515659291548,52.52142106607442],[13.595019373898998,52.5211432526892],[13.59491919981207,52.52113513856174],[13.595561240894405,52.521547787452896],[13.59578077359213,52.52152088465544],[13.596832049378108,52.52463946931657],[13.597009985877206,52.52514635237702],[13.597329612278521,52.52529021508381],[13.597302602974342,52.526028000661896],[13.598082022864013,52.52832873378428],[13.599098363203817,52.52890410733657],[13.600750278784522,52.52868340647748],[13.60124089377877,52.52878236295886],[13.601997595211145,52.529993001910576],[13.600761944841537,52.53142069723671],[13.603045521750106,52.53230364082703],[13.601334169079074,52.53575590388454],[13.594988122342562,52.53396249045307],[13.59081661905377,52.531599663603885],[13.589082339626508,52.52971017053911],[13.585106113398357,52.53041968692948]]]},"properties":{"plz":"12619"}},
{"type":"Feature","geometry":{"type":"Polygon","coordinates":[[[13.576541702009079,52.47992543123858],[13.574952984070306,52.48042261370459],[13.577120605999228,52.48082253919445],[13.581031306187153,52.48234733017746],[13.582564326853879,52.480142584986496],[13.583820989747773,52.48046206737606],[13.582663250587517,52.482783792993075],[13.586073635459245,52.48292518910475],[13.584984840048326,52.48400321075641],[13.586836456321432,52.48417099210653],[13.585430038615874,52.48487506769194],[13.584699251322737,52.48402557758005],[13.583257611262828,52.48459211967331],[13.580922552676386,52.48360182187612],[13.582329755206727,52.48507705746925],[13.579986202297162,52.48376321961606],[13.580258120027935,52.48274424173475],[13.578630240358644,52.48265373222785],[13.579835901328506,52.483912338844675],[13.579487243377693,52.48509753821018],[13.580797345213517,52.4851025409536],[13.582297768646608,52.487606780855835],[13.584564236393271,52.48822228419574],[13.586037099920844,52.48743197002597],[13.583910561094825,52.48675363838989],[13.587910246151466,52.48504664171609],[13.589004111699474,52.48659628464943],[13.588267099726163,52.487712189639076],[13.590136102042482,52.49019667539558],[13.596237176886792,52.489796673775174],[13.597430903046902,52.49456077365771],[13.598368895311124,52.49439474600039],[13.599204138756784,52.49607273942924],[13.596386265970123,52.497786708808206],[13.595657870378346,52.49921718681519],[13.598893308233322,52.505724232638066],[13.60371168895848,52.512127251515594],[13.608273302875608,52.515843958767995],[13.612730659230694,52.520948893998955],[13.615596988936758,52.523273098944884],[13.621360129481975,52.52701456164223],[13.620795749314636,52.52745577465345],[13.61913088642732,52.52666577212944],[13.617598370984794,52.52746277337342],[13.615063797841538,52.52841692818772],[13.613376759950283,52.528098634240465],[13.611521947906608,52.527262673149316],[13.611436486055354,52.527270750290654],[13.606628332564586,52.527983579559375],[13.606444137510264,52.52801050871311],[13.605738411024111,52.5278764892979],[13.605633931737477,52.52758800462555],[13.605278706389194,52.5278449559359],[13.602094109047439,52.52866571552791],[13.60124089377877,52.52878236295886],[13.600750278784522,52.52868340647748],[13.599098363203817,52.52890410733657],[13.598082022864013,52.52832873378428],[13.597302602974342,52.526028000661896],[13.597329612278521,52.52529021508381],[13.597009985877206,52.52514635237702],[13.596832049378108,52.52463946931657],[13.59578077359213,52.52152088465544],[13.595561240894405,52.521547787452896],[13.59491919981207,52.52113513856174],[13.595019373898998,52.5211432526892],[13.595515659291548,52.52142106607442],[13.595738141071298,52.52138967056275],[13.595472020998862,52.52062574808139],[13.594809297209292,52.51864375444598],[13.594697304722962,52.51830882095089],[13.594697839104308,52.51830862639628],[13.594770162908835,52.518282295144886],[13.594810765022341,52.518267512951596],[13.594811739104317,52.51826818364905],[13.595882698774576,52.51900558557102],[13.59808553280758,52.520586857942234],[13.599360863309183,52.521359095691494],[13.600274625639166,52.52076618941062],[13.602670126369208,52.520687609151025],[13.60283998749036,52.51986447828605],[13.603613466526033,52.51976128339516],[13.603476863580365,52.51898751797596],[13.607009712277048,52.518520845339275],[13.60687286931843,52.51816226072367],[13.603406351281427,52.51860647605299],[13.599410987440692,52.518902193764426],[13.597780171958348,52.51894584725965],[13.59724102654857,52.51889808778653],[13.594361664466055,52.51798521648965],[13.59062802864924,52.51706752803406],[13.590753440106033,52.51682313213168],[13.589302643078238,52.51658993780586],[13.589126752839947,52.5172899325887],[13.589124141171736,52.5172886225085],[13.589044293205998,52.517248568707515],[13.58691802442784,52.51625307444303],[13.585201176821496,52.51544819860981],[13.583858375456158,52.5148123786371],[13.583706719296467,52.51474492565086],[13.581038902693384,52.513486723144666],[13.580614956495483,52.51322505309223],[13.579787561229493,52.51283471647218],[13.579422502558808,52.51261440292072],[13.57931946288739,52.51255235507442],[13.579092681579867,52.51250283897962],[13.576493193777416,52.51227261961899],[13.5755269986583,52.51222727719697],[13.573656623374605,52.5120152783029],[13.573531339952723,52.51208531758008],[13.573894424249724,52.51022706560942],[13.578674863840309,52.50660751042539],[13.579560439146793,52.50479707649496],[13.578204160709413,52.503389243081955],[13.577952739099926,52.50168709091654],[13.576619812571785,52.50059467597958],[13.571959780916117,52.5001235354195],[13.569440888647712,52.498512864908484],[13.568256553039479,52.49664038066016],[13.56952062421108,52.49266351694457],[13.566779450111959,52.489251750772816],[13.565992029822898,52.48697414238683],[13.56369464169224,52.48452768997287],[13.563547582602292,52.479285708501855],[13.56745878198128,52.476698663429396],[13.568182588836711,52.47470039118885],[13.568734198879294,52.474907353073164],[13.569831269565343,52.47553604692651],[13.570859745256373,52.475734238582106],[13.571199548718527,52.47586470329573],[13.571904151525443,52.476148107709164],[13.573475267893036,52.47672306473533],[13.573627089914675,52.476530817936165],[13.57380228778823,52.476480570765],[13.573843485910595,52.476489575616576],[13.573869366748795,52.476999129363165],[13.574119314930094,52.47721042588528],[13.575117465221483,52.47947908816479],[13.576026739676236,52.47976165724797],[13.576541702009079,52.47992543123858]]]},"properties":{"plz":"12621"}},
{"type":"Feature","geometry":{"type":"MultiPolygon","coordinates":[[[[13.611355899750656,52.47046209613306],[13.610246016309329,52.46742626139055],[13.608995494227846,52.466921935440574],[13.610773550534846,52.46532435334298],[13.613645501924195,52.46588006772538],[13.613656429882322,52.468735128120514],[13.611651040998982,52.46801866264144],[13.612695021667484,52.47040294442506],[13.611363192801736,52.47064722200596],[13.61648321421055,52.47482384517219],[13.613546962661129,52.47561169663993],[13.61488484434603,52.48076117359617],[13.629711985409072,52.49303199043073],[13.62399499286392,52.49419219559602],[13.626764463306102,52.49906654641735],[13.628103129049695,52.50346994116859],[13.629502366849882,52.5067149514097],[13.63205068754378,52.510322049869856],[13.63577493400114,52.5142138750401],[13.642452158927226,52.51854914735136],[13.646931489932527,52.520616248113534],[13.655021594909053,52.523919799526446],[13.658500120510293,52.52594266698658],[13.656904179113734,52.52983335453611],[13.64853445720034,52.529636624329],[13.643680784395299,52.52988546671489],[13.6406189660776,52.53041518318408],[13.631553737140944,52.53056421400028],[13.626770592158124,52.53015993883596],[13.626004349750813,52.53039358895892],[13.625808371129523,52.530264182518614],[13.625678293761295,52.530183971105856],[13.625675753946549,52.53018240494464],[13.625834903974841,52.52961086361472],[13.62606035351613,52.529446411065955],[13.625267608118925,52.52928554900578],[13.621360129481975,52.52701456164223],[13.615596988936758,52.523273098944884],[13.612730659230694,52.520948893998955],[13.608273302875608,52.515843958767995],[13.60371168895848,52.512127251515594],[13.598893308233322,52.505724232638066],[13.595657870378346,52.49921718681519],[13.596386265970123,52.497786708808206],[13.599204138756784,52.49607273942924],[13.598368895311124,52.49439474600039],[13.597430903046902,52.49456077365771],[13.596237176886792,52.489796673775174],[13.590136102042482,52.49019667539558],[13.588267099726163,52.487712189639076],[13.589004111699474,52.48659628464943],[13.587910246151466,52.48504664171609],[13.583910561094825,52.48675363838989],[13.586037099920844,52.48743197002597],[13.584564236393271,52.48822228419574],[13.582297768646608,52.487606780855835],[13.580797345213517,52.4851025409536],[13.579487243377693,52.48509753821018],[13.579835901328506,52.483912338844675],[13.578630240358644,52.48265373222785],[13.580258120027935,52.48274424173475],[13.579986202297162,52.48376321961606],[13.582329755206727,52.48507705746925],[13.580922552676386,52.48360182187612],[13.583257611262828,52.48459211967331],[13.584699251322737,52.48402557758005],[13.585430038615874,52.48487506769194],[13.586836456321432,52.48417099210653],[13.584984840048326,52.48400321075641],[13.586073635459245,52.48292518910475],[13.582663250587517,52.482783792993075],[13.583820989747773,52.48046206737606],[13.58637411345714,52.48109740977341],[13.58733859461198,52.48066187849759],[13.589924229735926,52.4794495036121],[13.591549787121783,52.478641193097],[13.5937436533957,52.47748703172141],[13.595205606281874,52.47681612156757],[13.598322377156977,52.4751552667037],[13.599619414576734,52.474387207062215],[13.599639993832698,52.47442765180792],[13.59990495999009,52.47431987096905],[13.601678810071727,52.47346202730407],[13.60192905764961,52.47333986051269],[13.603063985824411,52.47278830776417],[13.604903453041976,52.47290458040882],[13.607662765699468,52.47286190881347],[13.608424349930038,52.47103593899728],[13.611311748396574,52.47047557034679],[13.611355899750656,52.47046209613306]]],[[[13.582564326853879,52.480142584986496],[13.581031306187153,52.48234733017746],[13.577120605999228,52.48082253919445],[13.574952984070306,52.48042261370459],[13.576541702009079,52.47992543123858],[13.576996349049077,52.48006491396215],[13.57932395760241,52.480882743933385],[13.580906704438833,52.480434028201984],[13.582564326853879,52.480142584986496]]]]},"properties":{"plz":"12623"}},
{"type":"Feature","geometry":{"type":"Polygon","coordinates":[[[13.60124089377877,52.52878236295886],[13.602094109047439,52.52866571552791],[13.605278706389194,52.5278449559359],[13.605633931737477,52.52758800462555],[13.605738411024111,52.5278764892979],[13.606444137510264,52.52801050871311],[13.606628332564586,52.527983579559375],[13.611436486055354,52.527270750290654],[13.611521947906608,52.527262673149316],[13.613376759950283,52.528098634240465],[13.615063797841538,52.52841692818772],[13.617598370984794,52.52746277337342],[13.61913088642732,52.52666577212944],[13.620795749314636,52.52745577465345],[13.621360129481975,52.52701456164223],[13.625267608118925,52.52928554900578],[13.62606035351613,52.529446411065955],[13.625834903974841,52.52961086361472],[13.625675753946549,52.53018240494464],[13.625678293761295,52.530183971105856],[13.625491546496658,52.530902222852],[13.625463546943198,52.5310100607729],[13.625422282593558,52.531204168835934],[13.624804768260143,52.533575701140336],[13.625739055642931,52.53403671604627],[13.624813443846104,52.53810579419873],[13.627531119269701,52.53748123530739],[13.628851654866585,52.537975470944936],[13.634552295249629,52.53792578373428],[13.637645082499693,52.54092162441274],[13.637215032647058,52.54226155098855],[13.634398432478603,52.54282253445927],[13.618707885113603,52.544208284627814],[13.598880423063378,52.54752226110544],[13.599516551358905,52.54383076267494],[13.599069355467673,52.54238653325078],[13.59997488312245,52.541512353494305],[13.598351001268586,52.54092696133779],[13.598960885645647,52.53905971211671],[13.596050997783589,52.53770653846411],[13.594693615465378,52.537737636705025],[13.594576591453219,52.536522632488726],[13.591416740517689,52.53483677720402],[13.59081661905377,52.531599663603885],[13.594988122342562,52.53396249045307],[13.601334169079074,52.53575590388454],[13.603045521750106,52.53230364082703],[13.600761944841537,52.53142069723671],[13.601997595211145,52.529993001910576],[13.60124089377877,52.52878236295886]]]},"properties":{"plz":"12627"}},
{"type":"Feature","geometry":{"type":"Polygon","coordinates":[[[13.59081661905377,52.531599663603885],[13.591416740517689,52.53483677720402],[13.594576591453219,52.536522632488726],[13.594693615465378,52.537737636705025],[13.596050997783589,52.53770653846411],[13.598960885645647,52.53905971211671],[13.598351001268586,52.54092696133779],[13.59997488312245,52.541512353494305],[13.599069355467673,52.54238653325078],[13.599516551358905,52.54383076267494],[13.598880423063378,52.54752226110544],[13.587407131613913,52.54944844209624],[13.586407129113063,52.550005270153896],[13.586267321382131,52.54974102066484],[13.586237979003768,52.549586443357356],[13.586080463228335,52.54934375520769],[13.58449319160456,52.547358094299824],[13.584022155328585,52.54665248897155],[13.582976779674203,52.545410180864465],[13.582925334281834,52.54526188507383],[13.582912152633606,52.5451765085089],[13.582439725385091,52.54443674782101],[13.581693029564052,52.54381730051204],[13.581026034583507,52.54311610247287],[13.580843678243735,52.542714337052786],[13.580702743250813,52.542170600895034],[13.580717721676637,52.541940552858236],[13.580800969094147,52.541258511195295],[13.581287432943093,52.539748968452095],[13.581384811112736,52.5396474583714],[13.582951021420861,52.538658630459935],[13.58322672605026,52.53855628499967],[13.58335946265171,52.53846107656917],[13.583765118980677,52.53809277695488],[13.584768192835062,52.537154045420515],[13.585190119154612,52.53669678046914],[13.586464925366988,52.53506526962962],[13.586624515747573,52.53458903953946],[13.586631944362042,52.53452254202502],[13.586635273907989,52.53409927911783],[13.58663531472127,52.53405434693538],[13.585995334085437,52.532895772025356],[13.585921816268648,52.5327178143182],[13.585995911358605,52.53226671775314],[13.58636495531568,52.53156140282018],[13.586395969678133,52.531485028242784],[13.586269521302023,52.531178546275186],[13.58606337922111,52.531006834405574],[13.585106113398357,52.53041968692948],[13.589082339626508,52.52971017053911],[13.59081661905377,52.531599663603885]]]},"properties":{"plz":"12629"}},
{"type":"Feature","geometry":{"type":"Polygon","coordinates":[[[13.586407129113063,52.550005270153896],[13.587769320976523,52.55332622009331],[13.587596274601557,52.55562130533003],[13.585684353005798,52.55841545215376],[13.582306942646365,52.55925717292583],[13.578236740898127,52.56110589905772],[13.576480257133731,52.56134151564812],[13.575011464335471,52.5601744471267],[13.575775736959153,52.55849430987069],[13.572873488221292,52.550396236923966],[13.569355428740703,52.55198340270297],[13.568483500886485,52.551346738191214],[13.566251868799148,52.55214901670893],[13.566376258080291,52.553905932303756],[13.563725042864013,52.551060345838586],[13.562833402811618,52.550871155036546],[13.559101825351002,52.55203104456943],[13.562061964170635,52.55417865399771],[13.561001340089799,52.55456359241785],[13.558548832114896,52.55212328948277],[13.550350970846486,52.55264761439883],[13.552273726679678,52.55335516849422],[13.555660798662695,52.55666425318892],[13.553719834133071,52.55704050958133],[13.541583260103653,52.54276554202074],[13.539507882759223,52.5398020980707],[13.541796039141696,52.54019107039478],[13.550942253637205,52.543142112271056],[13.552106108983454,52.543487029571516],[13.555811399011251,52.544594629504],[13.559758168812303,52.545027365590165],[13.56456114279522,52.54462198253796],[13.566071833115107,52.544753963161874],[13.568120131628245,52.54520431113987],[13.569459577125953,52.54555723155581],[13.569804908582455,52.54638954373398],[13.565415225663152,52.545234403569935],[13.565191083561272,52.54635669797544],[13.56998465623135,52.547609093342984],[13.570648988309813,52.55032601564312],[13.572738321418566,52.5500187442311],[13.571618383016988,52.54610372730416],[13.574326849545109,52.546842736616455],[13.574302009276384,52.545412978523984],[13.572171800500827,52.54558366482052],[13.571910349983701,52.544832276079504],[13.577104062587065,52.544196509185966],[13.577943472527943,52.544898698718555],[13.576988479021315,52.5460521675794],[13.576520418985265,52.546740334974004],[13.575137344574067,52.547063258336046],[13.583508140143202,52.54922243455384],[13.585080772139044,52.54955459348562],[13.58572200855873,52.54959165938758],[13.586237979003768,52.549586443357356],[13.586267321382131,52.54974102066484],[13.586407129113063,52.550005270153896]]]},"properties":{"plz":"12679"}},
{"type":"Feature","geometry":{"type":"MultiPolygon","coordinates":[[[[13.537823573882028,52.51108990016151],[13.539635130947879,52.511145158345286],[13.540062830149374,52.51236314351543],[13.542419977964773,52.513676866788565],[13.544673259605593,52.51388513023391],[13.545194929245424,52.51695528061256],[13.544775504822695,52.518324536764545],[13.543033668628688,52.52018892361194],[13.544633542017884,52.52020261826815],[13.544714676728878,52.52173217705679],[13.547443642485941,52.521454544883845],[13.549355424617227,52.53015293271001],[13.550215560712273,52.53294289408723],[13.551154603498881,52.533605797741764],[13.547744097755505,52.53469544225449],[13.54680947066912,52.53405138635487],[13.541090889625696,52.53443921948058],[13.540121088902742,52.538257770907784],[13.538724838141276,52.53853622563534],[13.539507882759223,52.5398020980707],[13.541583260103653,52.54276554202074],[13.553719834133071,52.55704050958133],[13.558576788631674,52.562672498920065],[13.5567614745066,52.561772801439766],[13.553414672812643,52.56322928631208],[13.553126318336378,52.56459324956682],[13.5516605018485,52.562843572554094],[13.547101268359063,52.564296411403014],[13.54763059678788,52.565164854327854],[13.544593345362005,52.56560762408038],[13.543837909079198,52.56659381020115],[13.541184468881687,52.56601410312472],[13.540050651975239,52.56513261157919],[13.541330495872133,52.562951631159],[13.538154564720204,52.558327580854446],[13.5343353881871,52.55916131222746],[13.532650692982397,52.556773191416795],[13.531106179814822,52.557135909984865],[13.530543869984314,52.556034616697396],[13.528256622172517,52.5568954427013],[13.527462814143423,52.556490392057384],[13.527575675592134,52.55547591654491],[13.529658936888387,52.55214546007776],[13.527369155889144,52.55486826039354],[13.525399406902737,52.55550912845531],[13.525425199058198,52.55262360170661],[13.52634957341633,52.54938566810435],[13.529469574158238,52.540401798373985],[13.53158405785308,52.538598126998835],[13.527843819484405,52.53779887395887],[13.523063470794785,52.53627249301834],[13.518790561748778,52.53588676522464],[13.516882927394684,52.53554712590178],[13.518613677579978,52.53289320872807],[13.519432910579255,52.5238409639546],[13.518542306112808,52.51390917472952],[13.533981361009126,52.5136202670192],[13.536906101408904,52.512468641772294],[13.537823573882028,52.51108990016151]]],[[[13.577943472527943,52.544898698718555],[13.577748633347147,52.5451403548062],[13.579571467093208,52.54565781067402],[13.583093583869115,52.54654701204806],[13.583508140143202,52.54922243455384],[13.575137344574067,52.547063258336046],[13.576520418985265,52.546740334974004],[13.576988479021315,52.5460521675794],[13.577943472527943,52.544898698718555]]],[[[13.571618383016988,52.54610372730416],[13.572171800500827,52.54558366482052],[13.574302009276384,52.545412978523984],[13.574326849545109,52.546842736616455],[13.571618383016988,52.54610372730416]]],[[[13.56456114279522,52.54462198253796],[13.565624908635188,52.54283422465329],[13.566071833115107,52.544753963161874],[13.56456114279522,52.54462198253796]]]]},"properties":{"plz":"12681"}},
{"type":"Feature","geometry":{"type":"Polygon","coordinates":[[[13.53621299627042,52.50999233158329],[13.53629692900345,52.50640228045994],[13.535198558202366,52.50554861989524],[13.539490615201823,52.498542348176855],[13.541723376190147,52.49829233656241],[13.542598080073223,52.495946553302495],[13.544451226452145,52.49547694910427],[13.54483677018732,52.49321528309702],[13.546249888919888,52.49176041319952],[13.550140162705949,52.4854876165745],[13.549884370645342,52.48444500254729],[13.547903554970292,52.482511582445504],[13.547880469358761,52.47977873088436],[13.548450081995735,52.47977551187539],[13.551078628788485,52.47644676009191],[13.552044252881386,52.47374149004717],[13.552596281508011,52.473646576453156],[13.558983848350682,52.47324867409435],[13.559192823447493,52.47324699494455],[13.56415163621828,52.47366937530911],[13.565053387602003,52.473934052034146],[13.565126944508986,52.473952962232936],[13.565498151073179,52.473701527156535],[13.567292971830563,52.47414188128198],[13.567753040141948,52.47456358303458],[13.568182588836711,52.47470039118885],[13.56745878198128,52.476698663429396],[13.563547582602292,52.479285708501855],[13.56369464169224,52.48452768997287],[13.565992029822898,52.48697414238683],[13.566779450111959,52.489251750772816],[13.56952062421108,52.49266351694457],[13.568256553039479,52.49664038066016],[13.569440888647712,52.498512864908484],[13.571959780916117,52.5001235354195],[13.576619812571785,52.50059467597958],[13.577952739099926,52.50168709091654],[13.578204160709413,52.503389243081955],[13.579560439146793,52.50479707649496],[13.578674863840309,52.50660751042539],[13.573894424249724,52.51022706560942],[13.573531339952723,52.51208531758008],[13.57398932604612,52.51340294447682],[13.574045185779863,52.51349822610085],[13.574284724188534,52.51396922502803],[13.57466975625722,52.514728753934854],[13.575607064740774,52.51687693597984],[13.575599424111969,52.51711507549307],[13.576270819843312,52.51870597333514],[13.576506080982673,52.51909698582112],[13.57679897222683,52.520642788089],[13.57692211500036,52.52118292872125],[13.576972580691816,52.523472711559535],[13.577927678440481,52.52579252167129],[13.578017476166938,52.525864450549506],[13.582334491322678,52.52883257446697],[13.583907052289707,52.53000049364385],[13.584141196265026,52.53015424617327],[13.577958976548008,52.532160366361154],[13.574860469064975,52.53426639311227],[13.573129159832568,52.53405354739043],[13.566662656429116,52.535178271752486],[13.563720475936798,52.53461150355535],[13.562462999494322,52.53490199462756],[13.558023044384637,52.53471619345058],[13.55810971036553,52.53394789899569],[13.551154603498881,52.533605797741764],[13.550215560712273,52.53294289408723],[13.549355424617227,52.53015293271001],[13.547443642485941,52.521454544883845],[13.544714676728878,52.52173217705679],[13.544633542017884,52.52020261826815],[13.543033668628688,52.52018892361194],[13.544775504822695,52.518324536764545],[13.545194929245424,52.51695528061256],[13.544673259605593,52.51388513023391],[13.542419977964773,52.513676866788565],[13.540062830149374,52.51236314351543],[13.539635130947879,52.511145158345286],[13.537823573882028,52.51108990016151],[13.537843597202807,52.50992166794614],[13.53621299627042,52.50999233158329]]]},"properties":{"plz":"12683"}},
{"type":"Feature","geometry":{"type":"Polygon","coordinates":[[[13.585106113398357,52.53041968692948],[13.58606337922111,52.531006834405574],[13.586269521302023,52.531178546275186],[13.586395969678133,52.531485028242784],[13.58636495531568,52.53156140282018],[13.585995911358605,52.53226671775314],[13.585921816268648,52.5327178143182],[13.585995334085437,52.532895772025356],[13.58663531472127,52.53405434693538],[13.586635273907989,52.53409927911783],[13.586631944362042,52.53452254202502],[13.586624515747573,52.53458903953946],[13.586464925366988,52.53506526962962],[13.585190119154612,52.53669678046914],[13.584768192835062,52.537154045420515],[13.583765118980677,52.53809277695488],[13.58335946265171,52.53846107656917],[13.58322672605026,52.53855628499967],[13.582951021420861,52.538658630459935],[13.581384811112736,52.5396474583714],[13.581287432943093,52.539748968452095],[13.580800969094147,52.541258511195295],[13.580717721676637,52.541940552858236],[13.580702743250813,52.542170600895034],[13.580843678243735,52.542714337052786],[13.581026034583507,52.54311610247287],[13.581693029564052,52.54381730051204],[13.582439725385091,52.54443674782101],[13.582912152633606,52.5451765085089],[13.582925334281834,52.54526188507383],[13.582976779674203,52.545410180864465],[13.584022155328585,52.54665248897155],[13.58449319160456,52.547358094299824],[13.586080463228335,52.54934375520769],[13.586237979003768,52.549586443357356],[13.58572200855873,52.54959165938758],[13.585080772139044,52.54955459348562],[13.583508140143202,52.54922243455384],[13.583093583869115,52.54654701204806],[13.579571467093208,52.54565781067402],[13.577748633347147,52.5451403548062],[13.577943472527943,52.544898698718555],[13.577104062587065,52.544196509185966],[13.571910349983701,52.544832276079504],[13.572171800500827,52.54558366482052],[13.571618383016988,52.54610372730416],[13.572738321418566,52.5500187442311],[13.570648988309813,52.55032601564312],[13.56998465623135,52.547609093342984],[13.565191083561272,52.54635669797544],[13.565415225663152,52.545234403569935],[13.569804908582455,52.54638954373398],[13.569459577125953,52.54555723155581],[13.568120131628245,52.54520431113987],[13.566071833115107,52.544753963161874],[13.565624908635188,52.54283422465329],[13.56456114279522,52.54462198253796],[13.559758168812303,52.545027365590165],[13.555811399011251,52.544594629504],[13.552106108983454,52.543487029571516],[13.550942253637205,52.543142112271056],[13.541796039141696,52.54019107039478],[13.539507882759223,52.5398020980707],[13.538724838141276,52.53853622563534],[13.540121088902742,52.538257770907784],[13.541090889625696,52.53443921948058],[13.54680947066912,52.53405138635487],[13.547744097755505,52.53469544225449],[13.551154603498881,52.533605797741764],[13.55810971036553,52.53394789899569],[13.558023044384637,52.53471619345058],[13.562462999494322,52.53490199462756],[13.563720475936798,52.53461150355535],[13.566662656429116,52.535178271752486],[13.573129159832568,52.53405354739043],[13.574860469064975,52.53426639311227],[13.577958976548008,52.532160366361154],[13.584141196265026,52.53015424617327],[13.584376903401939,52.530215438067486],[13.585106113398357,52.53041968692948]]]},"properties":{"plz":"12685"}},
{"type":"Feature","geometry":{"type":"Polygon","coordinates":[[[13.575011464335471,52.5601744471267],[13.574152925443466,52.56047332020468],[13.566158736771317,52.56094221308477],[13.562257614675302,52.5615521420373],[13.558576788631674,52.562672498920065],[13.553719834133071,52.55704050958133],[13.555660798662695,52.55666425318892],[13.552273726679678,52.55335516849422],[13.550350970846486,52.55264761439883],[13.558548832114896,52.55212328948277],[13.561001340089799,52.55456359241785],[13.562061964170635,52.55417865399771],[13.559101825351002,52.55203104456943],[13.562833402811618,52.550871155036546],[13.563725042864013,52.551060345838586],[13.566376258080291,52.553905932303756],[13.566251868799148,52.55214901670893],[13.568483500886485,52.551346738191214],[13.569355428740703,52.55198340270297],[13.572873488221292,52.550396236923966],[13.575775736959153,52.55849430987069],[13.575011464335471,52.5601744471267]]]},"properties":{"plz":"12687"}},
{"type":"Feature","geometry":{"type":"Polygon","coordinates":[[[13.585684353005798,52.55841545215376],[13.584683838046551,52.55927420919127],[13.583163677363846,52.56520831427687],[13.583287905097643,52.5678557646878],[13.581536952333101,52.57110281245522],[13.577885054980808,52.57112473773005],[13.576961239005795,52.57290007449169],[13.574682790819335,52.573831892601866],[13.568568400984763,52.5731020628101],[13.567703667258321,52.574504418311506],[13.566459425393488,52.572926677287995],[13.560606317461081,52.5712422095465],[13.545631998554306,52.56777226973957],[13.544452401158098,52.566852147585394],[13.544593345362005,52.56560762408038],[13.54763059678788,52.565164854327854],[13.547101268359063,52.564296411403014],[13.5516605018485,52.562843572554094],[13.553126318336378,52.56459324956682],[13.553414672812643,52.56322928631208],[13.5567614745066,52.561772801439766],[13.558576788631674,52.562672498920065],[13.562257614675302,52.5615521420373],[13.566158736771317,52.56094221308477],[13.574152925443466,52.56047332020468],[13.575011464335471,52.5601744471267],[13.576480257133731,52.56134151564812],[13.578236740898127,52.56110589905772],[13.582306942646365,52.55925717292583],[13.585684353005798,52.55841545215376]]]},"properties":{"plz":"12689"}},
{"type":"Feature","geometry":{"type":"Polygon","coordinates":[[[13.490556820716682,52.560238894921916],[13.491317662258316,52.55976707937966],[13.49353336442261,52.55749871515982],[13.496666682861767,52.55946303282991],[13.501205035913518,52.56057594662066],[13.50040746542784,52.56154743288379],[13.508766065361852,52.56462040321771],[13.508130281464613,52.56523983353529],[13.511076463771508,52.56647657581484],[13.512200252481254,52.56589893878122],[13.498777210619982,52.57656559231357],[13.499926033884355,52.57717340738507],[13.503567806233553,52.577802695455254],[13.503732278407004,52.582296068687036],[13.505137357851622,52.59223107700529],[13.50813898911501,52.59214874332928],[13.498974563873746,52.605159653467716],[13.496659034250696,52.60502324154936],[13.49375805693948,52.602266579779446],[13.483535361339964,52.60005660437933],[13.478938277431583,52.59205666940952],[13.484836585869031,52.58739633370457],[13.47866767552296,52.58652250947991],[13.479106849133142,52.58447325850099],[13.477703907586815,52.583999718776056],[13.474876332276667,52.58423517238202],[13.467429308723004,52.583263862440276],[13.462222044849018,52.58428120742515],[13.459418527791932,52.58553448556145],[13.45485251467719,52.588844840783445],[13.453194200506866,52.587682282241275],[13.456360850860015,52.586083696924405],[13.455796092077934,52.58562008454292],[13.459164283726484,52.584109780760315],[13.460644527935038,52.582813325950895],[13.46202091410629,52.584015829461485],[13.46241385634815,52.57953574885705],[13.462789123557195,52.5793834991091],[13.463481539122597,52.580030577459574],[13.470767170383597,52.57724200910875],[13.471542031393643,52.57712170863578],[13.479945142260558,52.57642247579217],[13.479738464639327,52.575146148530585],[13.480075193203495,52.575020755596185],[13.479913548324383,52.57262567472379],[13.481053731813473,52.57261449921602],[13.482732221238708,52.572620143111386],[13.482830405632185,52.57236414914797],[13.48411547353436,52.57087934684162],[13.487586752022255,52.569216487268704],[13.483965867358394,52.566071428769],[13.484091243959627,52.565608778684535],[13.483676274505003,52.56442207004167],[13.484225062719066,52.56435892660521],[13.485886849131091,52.56349372087183],[13.485590952604598,52.56241409853373],[13.485190282028407,52.56182231318892],[13.486974549316743,52.56135713431418],[13.490088783864836,52.560434261372144],[13.490556820716682,52.560238894921916]]]},"properties":{"plz":"13051"}},
{"type":"Feature","geometry":{"type":"Polygon","coordinates":[[[13.47325329138867,52.5360298099677],[13.476096289150707,52.53684493610883],[13.47424107559137,52.53890226420144],[13.476439433899694,52.53950986136262],[13.480721298764854,52.542081748387034],[13.48339786722174,52.544380157823284],[13.489040576206744,52.542905876289794],[13.490308544594493,52.544219365609194],[13.491980820221045,52.543974150169355],[13.495604650461845,52.546205057529974],[13.498345774815398,52.548962404711645],[13.500130838545223,52.54850241757036],[13.502352677268625,52.54944474787186],[13.506639984156187,52.549305376458726],[13.508565001118471,52.548852592591594],[13.510426586834233,52.54728269871491],[13.509367574181276,52.54640008587568],[13.513924275131679,52.53993514451068],[13.511614133072804,52.539033383652594],[13.514569190522648,52.53902632415885],[13.515141444666892,52.53828278313316],[13.513231339207513,52.53772830633472],[13.514158544230716,52.53649804171597],[13.516454430259332,52.536584666977824],[13.518790561748778,52.53588676522464],[13.523063470794785,52.53627249301834],[13.527843819484405,52.53779887395887],[13.53158405785308,52.538598126998835],[13.529469574158238,52.540401798373985],[13.52634957341633,52.54938566810435],[13.525425199058198,52.55262360170661],[13.525399406902737,52.55550912845531],[13.527369155889144,52.55486826039354],[13.529658936888387,52.55214546007776],[13.527575675592134,52.55547591654491],[13.527462814143423,52.556490392057384],[13.525515999035628,52.55610143453819],[13.523476879925461,52.55799761722],[13.515551232068425,52.56399340470671],[13.51295161452124,52.56619082124574],[13.512200252481254,52.56589893878122],[13.511076463771508,52.56647657581484],[13.508130281464613,52.56523983353529],[13.508766065361852,52.56462040321771],[13.50040746542784,52.56154743288379],[13.501205035913518,52.56057594662066],[13.496666682861767,52.55946303282991],[13.49353336442261,52.55749871515982],[13.492460759544803,52.5567525299022],[13.491906039640073,52.55637986196524],[13.483888277315204,52.550884249407765],[13.483672091042365,52.55072223278923],[13.48301474298777,52.55022179114165],[13.48134694372001,52.54946938875839],[13.480252669767077,52.549598345797556],[13.480074730079428,52.54946692328086],[13.479638890603253,52.54754418046133],[13.474679547102557,52.547660139718765],[13.474235806894102,52.547668556105045],[13.469923741188824,52.547738417502124],[13.468520093453767,52.548226314786326],[13.467015566451558,52.548067932840105],[13.467417529059803,52.5469766183299],[13.467727033254045,52.54617544124987],[13.469480460549654,52.5414203439772],[13.469839111588117,52.54045477378797],[13.469839111588104,52.540454773787935],[13.47325329138867,52.5360298099677]]]},"properties":{"plz":"13053"}},
{"type":"Feature","geometry":{"type":"Polygon","coordinates":[[[13.516882927394684,52.53554712590178],[13.518790561748778,52.53588676522464],[13.516454430259332,52.536584666977824],[13.514158544230716,52.53649804171597],[13.513231339207513,52.53772830633472],[13.515141444666892,52.53828278313316],[13.514569190522648,52.53902632415885],[13.511614133072804,52.539033383652594],[13.513924275131679,52.53993514451068],[13.509367574181276,52.54640008587568],[13.510426586834233,52.54728269871491],[13.508565001118471,52.548852592591594],[13.506639984156187,52.549305376458726],[13.502352677268625,52.54944474787186],[13.500130838545223,52.54850241757036],[13.498345774815398,52.548962404711645],[13.495604650461845,52.546205057529974],[13.491980820221045,52.543974150169355],[13.490308544594493,52.544219365609194],[13.489040576206744,52.542905876289794],[13.48339786722174,52.544380157823284],[13.480721298764854,52.542081748387034],[13.476439433899694,52.53950986136262],[13.47424107559137,52.53890226420144],[13.476096289150707,52.53684493610883],[13.47325329138867,52.5360298099677],[13.476026038476526,52.53325205256318],[13.496427985844205,52.53445795871474],[13.50564893154188,52.534952089673645],[13.505634687957476,52.53477234562757],[13.515690893533698,52.53546603849822],[13.516882927394684,52.53554712590178]]]},"properties":{"plz":"13055"}},
{"type":"Feature","geometry":{"type":"Polygon","coordinates":[[[13.544593345362005,52.56560762408038],[13.544452401158098,52.566852147585394],[13.545631998554306,52.56777226973957],[13.560606317461081,52.5712422095465],[13.566459425393488,52.572926677287995],[13.567703667258321,52.574504418311506],[13.564519788706999,52.5781998113029],[13.561861323963273,52.58037849694119],[13.555486712130959,52.584149142880094],[13.546979445744558,52.587643945442494],[13.538365657965826,52.57514225030835],[13.537079717736974,52.57281829733825],[13.531387676678554,52.57288486003701],[13.53002392509133,52.57059581473308],[13.531545570483745,52.57011806659379],[13.51909437852134,52.56842248427252],[13.51295161452124,52.56619082124574],[13.515551232068425,52.56399340470671],[13.523476879925461,52.55799761722],[13.525515999035628,52.55610143453819],[13.527462814143423,52.556490392057384],[13.528256622172517,52.5568954427013],[13.530543869984314,52.556034616697396],[13.531106179814822,52.557135909984865],[13.532650692982397,52.556773191416795],[13.5343353881871,52.55916131222746],[13.538154564720204,52.558327580854446],[13.541330495872133,52.562951631159],[13.540050651975239,52.56513261157919],[13.541184468881687,52.56601410312472],[13.543837909079198,52.56659381020115],[13.544593345362005,52.56560762408038]]]},"properties":{"plz":"13057"}},
{"type":"Feature","geometry":{"type":"Polygon","coordinates":[[[13.512200252481254,52.56589893878122],[13.51295161452124,52.56619082124574],[13.51909437852134,52.56842248427252],[13.531545570483745,52.57011806659379],[13.53002392509133,52.57059581473308],[13.531387676678554,52.57288486003701],[13.537079717736974,52.57281829733825],[13.538365657965826,52.57514225030835],[13.546979445744558,52.587643945442494],[13.547206069258323,52.58797569545229],[13.527683332615924,52.5922349528389],[13.522873086082138,52.592745763771674],[13.50813898911501,52.59214874332928],[13.505137357851622,52.59223107700529],[13.503732278407004,52.582296068687036],[13.503567806233553,52.577802695455254],[13.499926033884355,52.57717340738507],[13.498777210619982,52.57656559231357],[13.512200252481254,52.56589893878122]]]},"properties":{"plz":"13059"}},
{"type":"Feature","geometry":{"type":"Polygon","coordinates":[[[13.447656563745872,52.54712814199942],[13.44887875019092,52.54782104150057],[13.449410926716741,52.547817345663745],[13.449489852461289,52.54835215843566],[13.449638086173245,52.54851503496469],[13.45013234353757,52.548411529366405],[13.451265929540734,52.54879064452207],[13.452856228012202,52.548872967248435],[13.455778672333253,52.55022608608808],[13.455778672333267,52.55022608608812],[13.458490055919748,52.550145492375826],[13.46022856076829,52.55081653953109],[13.459555925512309,52.55208358217259],[13.460178200340735,52.55399857322994],[13.460980341524124,52.55436364879769],[13.463513712562063,52.5542458462244],[13.46615540238326,52.556361269517076],[13.466155402383258,52.556361269517105],[13.464876486519382,52.55852975813336],[13.460575967973044,52.559550960533116],[13.459105109524796,52.56091213445722],[13.45599894576098,52.56147744299552],[13.458490120173664,52.56479610208213],[13.459455411988422,52.56612835936723],[13.460378482462257,52.564989278738075],[13.461157030527898,52.56423101440551],[13.462529802832552,52.5658549747166],[13.463579273022885,52.56639920409494],[13.460944429937332,52.56703808016997],[13.458867030844118,52.567277791733765],[13.457617390547464,52.56740721825617],[13.45697590221188,52.56739551787292],[13.453553254066486,52.56656022228779],[13.453406008963318,52.56650159556041],[13.448799727703568,52.56446293924555],[13.448684604766813,52.56448702973056],[13.448283134629596,52.56421054248673],[13.446832909653995,52.56363861036361],[13.443977771522713,52.56261877577343],[13.443349351334737,52.563381653273794],[13.443590040261729,52.56259571113147],[13.440364121234413,52.5610683799648],[13.438611257212404,52.56028289178746],[13.438313953824624,52.560153014596274],[13.433398187231967,52.55805395158906],[13.431153610494125,52.55781752037787],[13.429607370105236,52.5567231047234],[13.429361243175025,52.55670022897855],[13.428960054303502,52.556403905551484],[13.430219541718522,52.55170518106399],[13.43396013105309,52.550943879277206],[13.442744343107735,52.54865730461008],[13.447656563745872,52.54712814199942]]]},"properties":{"plz":"13086"}},
{"type":"Feature","geometry":{"type":"Polygon","coordinates":[[[13.469839111588104,52.540454773787935],[13.469839111588117,52.54045477378797],[13.469480460549654,52.5414203439772],[13.467727033254045,52.54617544124987],[13.467417529059803,52.5469766183299],[13.467015566451558,52.548067932840105],[13.468520093453767,52.548226314786326],[13.469923741188824,52.547738417502124],[13.474235806894102,52.547668556105045],[13.474679547102557,52.547660139718765],[13.479638890603253,52.54754418046133],[13.480074730079428,52.54946692328086],[13.480252669767077,52.549598345797556],[13.48134694372001,52.54946938875839],[13.48301474298777,52.55022179114165],[13.483672091042365,52.55072223278923],[13.483888277315204,52.550884249407765],[13.491906039640073,52.55637986196524],[13.492460759544803,52.5567525299022],[13.49353336442261,52.55749871515982],[13.491317662258316,52.55976707937966],[13.490556820716682,52.560238894921916],[13.490088783864836,52.560434261372144],[13.486974549316743,52.56135713431418],[13.485190282028407,52.56182231318892],[13.485590952604598,52.56241409853373],[13.485886849131091,52.56349372087183],[13.484225062719066,52.56435892660521],[13.483676274505003,52.56442207004167],[13.484091243959627,52.565608778684535],[13.483965867358394,52.566071428769],[13.487586752022255,52.569216487268704],[13.48411547353436,52.57087934684162],[13.482830405632185,52.57236414914797],[13.482732221238708,52.572620143111386],[13.481053731813473,52.57261449921602],[13.479913548324383,52.57262567472379],[13.480075193203495,52.575020755596185],[13.479738464639327,52.575146148530585],[13.479945142260558,52.57642247579217],[13.471542031393643,52.57712170863578],[13.470767170383597,52.57724200910875],[13.463481539122597,52.580030577459574],[13.462789123557195,52.5793834991091],[13.46241385634815,52.57953574885705],[13.45973233062125,52.580601387831884],[13.4595415789238,52.58033062801886],[13.45788307787091,52.57811492456602],[13.457504860186086,52.575580214986175],[13.457334584008889,52.573831213817044],[13.458072612467515,52.5725391186583],[13.45828847659822,52.57009062342357],[13.457617390547464,52.56740721825617],[13.458867030844118,52.567277791733765],[13.460944429937332,52.56703808016997],[13.463579273022885,52.56639920409494],[13.462529802832552,52.5658549747166],[13.461157030527898,52.56423101440551],[13.460378482462257,52.564989278738075],[13.459455411988422,52.56612835936723],[13.458490120173664,52.56479610208213],[13.45599894576098,52.56147744299552],[13.459105109524796,52.56091213445722],[13.460575967973044,52.559550960533116],[13.464876486519382,52.55852975813336],[13.466155402383258,52.556361269517105],[13.46615540238326,52.556361269517076],[13.463513712562063,52.5542458462244],[13.460980341524124,52.55436364879769],[13.460178200340735,52.55399857322994],[13.459555925512309,52.55208358217259],[13.46022856076829,52.55081653953109],[13.458490055919748,52.550145492375826],[13.455778672333267,52.55022608608812],[13.455778672333253,52.55022608608808],[13.452856228012202,52.548872967248435],[13.451265929540734,52.54879064452207],[13.45013234353757,52.548411529366405],[13.449638086173245,52.54851503496469],[13.449489852461289,52.54835215843566],[13.449410926716741,52.547817345663745],[13.44887875019092,52.54782104150057],[13.447656563745872,52.54712814199942],[13.447888690961642,52.54695774931088],[13.451200872892816,52.54550958851301],[13.457776231637961,52.5425374327893],[13.457848578907848,52.54250518439264],[13.467308178221387,52.538493243757934],[13.469839111588104,52.540454773787935]]]},"properties":{"plz":"13088"}},
{"type":"Feature","geometry":{"type":"Polygon","coordinates":[[[13.457617390547464,52.56740721825617],[13.45828847659822,52.57009062342357],[13.458072612467515,52.5725391186583],[13.457334584008889,52.573831213817044],[13.457504860186086,52.575580214986175],[13.455945049728927,52.574992064373525],[13.455889962630232,52.57626356405031],[13.453710600489813,52.57718151318678],[13.45164278780115,52.57599316988552],[13.451642787801136,52.57599316988555],[13.451365044179122,52.577211318560074],[13.450507360451171,52.578107790714355],[13.449536374706565,52.57892410869869],[13.449030406390168,52.57965035321962],[13.448610407955378,52.5799076331154],[13.447740399801333,52.58018040922813],[13.447523276378622,52.580245682254365],[13.445167423589035,52.58129980141267],[13.445169298499946,52.58156041020731],[13.439781591282214,52.58295751663581],[13.438046003161533,52.583102145593784],[13.435648414900005,52.58212867266634],[13.434652599786414,52.58212796305131],[13.433483297766037,52.58232735937225],[13.433273708964798,52.58234948393429],[13.433318066522391,52.58232709002701],[13.433011692977152,52.58020669301648],[13.43354306225119,52.57946887568364],[13.43384836712645,52.5788097692756],[13.433833596360653,52.578814238392255],[13.43254997154537,52.577862278201245],[13.432239286863014,52.57773326324435],[13.431636078899805,52.577372815429364],[13.43063582494292,52.57673762259458],[13.429359287220686,52.57324876875375],[13.428126225709418,52.56866811951861],[13.427935077230755,52.56788687710506],[13.42743081074234,52.56590721521868],[13.427319465890221,52.564443135582835],[13.428626458670616,52.55943627843513],[13.42910776778281,52.557328858796645],[13.429361243175025,52.55670022897855],[13.429607370105236,52.5567231047234],[13.431153610494125,52.55781752037787],[13.433398187231967,52.55805395158906],[13.438313953824624,52.560153014596274],[13.438611257212404,52.56028289178746],[13.440364121234413,52.5610683799648],[13.443590040261729,52.56259571113147],[13.443349351334737,52.563381653273794],[13.443977771522713,52.56261877577343],[13.446832909653995,52.56363861036361],[13.448283134629596,52.56421054248673],[13.448684604766813,52.56448702973056],[13.448799727703568,52.56446293924555],[13.453406008963318,52.56650159556041],[13.453553254066486,52.56656022228779],[13.45697590221188,52.56739551787292],[13.457617390547464,52.56740721825617]]]},"properties":{"plz":"13089"}},
{"type":"Feature","geometry":{"type":"Polygon","coordinates":[[[13.496659034250696,52.60502324154936],[13.498505181491387,52.61073613487124],[13.503306407003612,52.6189907666424],[13.50545055958212,52.61997339342932],[13.505852563334482,52.625751171673436],[13.511389468109979,52.62778400828384],[13.517815122568367,52.629562187745925],[13.518415715112214,52.63156490661242],[13.521718971334094,52.63865633587489],[13.522433382143037,52.6407570827987],[13.523021604944711,52.64502972211292],[13.520386316109834,52.64487013510624],[13.519265821245085,52.64694498185993],[13.512819231938002,52.645398719974054],[13.504718881255334,52.64955946975868],[13.503135279300126,52.64996761391799],[13.490759046153178,52.65479595795465],[13.48535784260912,52.65942392195836],[13.488421211777647,52.67078538645737],[13.485217059998293,52.66964034513394],[13.4779715169992,52.667676958203295],[13.475827629402394,52.66654646537529],[13.474526991482511,52.66822076030156],[13.47646008064454,52.67135406731339],[13.479845917909131,52.67472369041144],[13.479485522576093,52.67550595452543],[13.477264476753854,52.673900015547034],[13.475517621305688,52.67501929967504],[13.465920626196318,52.66711667514808],[13.459550147674687,52.668972543571954],[13.45549913614259,52.665746059756074],[13.450784519348215,52.662664931762194],[13.453940292016956,52.66184911198096],[13.462379353255816,52.65753865321999],[13.47351235279705,52.65652729910076],[13.474253936505871,52.655751831216634],[13.473904963253377,52.65411586270544],[13.469266360961052,52.65166460820562],[13.467330680138856,52.65166292347825],[13.463057959933595,52.64992363684819],[13.462114870980539,52.648847561671076],[13.459730103365652,52.64807948910629],[13.457370420820267,52.646190802078195],[13.468850039444055,52.645391559529024],[13.469730608936802,52.643314175104386],[13.467406960113598,52.63836406886854],[13.465529794941222,52.63585792337676],[13.460406002284925,52.633452383171054],[13.461575927757137,52.63184365232903],[13.461700109879828,52.62945074351494],[13.463236302705758,52.62898827197988],[13.461138099890182,52.627701204607206],[13.456796778273302,52.62412656188164],[13.446827389837724,52.61659562049218],[13.452783870880946,52.61235930782295],[13.451460845533994,52.610941997161106],[13.450496428823827,52.60883594386445],[13.451827344338128,52.6112157256515],[13.453041224713656,52.61223836793071],[13.467408220698568,52.60131572671046],[13.465793142520395,52.59940931735363],[13.46887940960523,52.598932686325135],[13.469280766731968,52.59977884496903],[13.471475317401714,52.598127332843845],[13.471927671563806,52.59875247863205],[13.475601906945434,52.59850110010873],[13.478685058275362,52.5989003884792],[13.483535361339964,52.60005660437933],[13.49375805693948,52.602266579779446],[13.496659034250696,52.60502324154936]]]},"properties":{"plz":"13125"}},
{"type":"Feature","geometry":{"type":"Polygon","coordinates":[[[13.459730103365652,52.64807948910629],[13.452084519494043,52.64869843220066],[13.45209100157739,52.64966986977119],[13.44771742044345,52.65003539057177],[13.442771390475459,52.64912110147061],[13.440817488181624,52.64926183886145],[13.43978838822525,52.64526577334823],[13.43400569622749,52.64428060165279],[13.433390147735588,52.64147674369538],[13.434257976188686,52.63795189131641],[13.432719832855339,52.63737695291207],[13.427623088943639,52.63750869868859],[13.424353237085702,52.63546325317264],[13.41654710055002,52.63942976059816],[13.414253110135462,52.64123733329386],[13.41473360646598,52.64238305961184],[13.412290683169031,52.64348040178924],[13.407980710172467,52.6426988057028],[13.410861078156389,52.641279737034836],[13.408904765792876,52.638678192915094],[13.410729936000426,52.639408529577096],[13.413294102639467,52.6394652912584],[13.423074801737936,52.6321208174792],[13.427858185020474,52.627663581595165],[13.430306839720096,52.62400659261291],[13.429431348185684,52.62264818971726],[13.4299504480935,52.620820313869174],[13.423957891232119,52.62382517040879],[13.418485225459005,52.62602006109265],[13.415708987289792,52.62446589637655],[13.420728841692187,52.62120365917036],[13.417680823140067,52.61847454071096],[13.41197538676462,52.61488864742861],[13.412681643565872,52.61204661398359],[13.415321438676377,52.610779765876075],[13.413672129948122,52.60932550424071],[13.41477716971868,52.60578053190689],[13.412862708261468,52.60577709601181],[13.412857818412142,52.604657375027955],[13.415034395833157,52.60508633869637],[13.416783905927812,52.60005703163108],[13.421714995113275,52.59527858998123],[13.419763141091927,52.59297108574575],[13.424661193346113,52.58711230290166],[13.427263229591807,52.58660807654572],[13.42782885435748,52.585837991933836],[13.428359460302946,52.58236023772587],[13.428824079403661,52.57910343514577],[13.429427960224261,52.580958340633984],[13.43097364039445,52.58236907445784],[13.4333382602552,52.584780415246186],[13.433959951641722,52.587009159298084],[13.435864629202193,52.58771857121064],[13.43362836633419,52.588936205140634],[13.436626581910527,52.59133233077037],[13.442849278150879,52.59342249108535],[13.444889060865567,52.5958205097819],[13.449148446444282,52.6048682147651],[13.44972890184031,52.60807993984792],[13.450496428823827,52.60883594386445],[13.451460845533994,52.610941997161106],[13.452783870880946,52.61235930782295],[13.446827389837724,52.61659562049218],[13.456796778273302,52.62412656188164],[13.461138099890182,52.627701204607206],[13.463236302705758,52.62898827197988],[13.461700109879828,52.62945074351494],[13.461575927757137,52.63184365232903],[13.460406002284925,52.633452383171054],[13.465529794941222,52.63585792337676],[13.467406960113598,52.63836406886854],[13.469730608936802,52.643314175104386],[13.468850039444055,52.645391559529024],[13.457370420820267,52.646190802078195],[13.459730103365652,52.64807948910629]]]},"properties":{"plz":"13127"}},
{"type":"Feature","geometry":{"type":"Polygon","coordinates":[[[13.483535361339964,52.60005660437933],[13.478685058275362,52.5989003884792],[13.475601906945434,52.59850110010873],[13.471927671563806,52.59875247863205],[13.471475317401714,52.598127332843845],[13.469280766731968,52.59977884496903],[13.46887940960523,52.598932686325135],[13.465793142520395,52.59940931735363],[13.467408220698568,52.60131572671046],[13.453041224713656,52.61223836793071],[13.451827344338128,52.6112157256515],[13.450496428823827,52.60883594386445],[13.44972890184031,52.60807993984792],[13.449148446444282,52.6048682147651],[13.444889060865567,52.5958205097819],[13.442849278150879,52.59342249108535],[13.436626581910527,52.59133233077037],[13.43362836633419,52.588936205140634],[13.435864629202193,52.58771857121064],[13.433959951641722,52.587009159298084],[13.4333382602552,52.584780415246186],[13.43097364039445,52.58236907445784],[13.432328137410536,52.58166137494809],[13.433273708964798,52.58234948393429],[13.433483297766037,52.58232735937225],[13.434652599786414,52.58212796305131],[13.435648414900005,52.58212867266634],[13.438046003161533,52.583102145593784],[13.439781591282214,52.58295751663581],[13.445169298499946,52.58156041020731],[13.445167423589035,52.58129980141267],[13.447523276378622,52.580245682254365],[13.447740399801333,52.58018040922813],[13.448610407955378,52.5799076331154],[13.449030406390168,52.57965035321962],[13.449536374706565,52.57892410869869],[13.450507360451171,52.578107790714355],[13.451365044179122,52.577211318560074],[13.451642787801136,52.57599316988555],[13.45164278780115,52.57599316988552],[13.453710600489813,52.57718151318678],[13.455889962630232,52.57626356405031],[13.455945049728927,52.574992064373525],[13.457504860186086,52.575580214986175],[13.45788307787091,52.57811492456602],[13.4595415789238,52.58033062801886],[13.45973233062125,52.580601387831884],[13.46241385634815,52.57953574885705],[13.46202091410629,52.584015829461485],[13.460644527935038,52.582813325950895],[13.459164283726484,52.584109780760315],[13.455796092077934,52.58562008454292],[13.456360850860015,52.586083696924405],[13.453194200506866,52.587682282241275],[13.45485251467719,52.588844840783445],[13.459418527791932,52.58553448556145],[13.462222044849018,52.58428120742515],[13.467429308723004,52.583263862440276],[13.474876332276667,52.58423517238202],[13.477703907586815,52.583999718776056],[13.479106849133142,52.58447325850099],[13.47866767552296,52.58652250947991],[13.484836585869031,52.58739633370457],[13.478938277431583,52.59205666940952],[13.483535361339964,52.60005660437933]]]},"properties":{"plz":"13129"}},
{"type":"Feature","geometry":{"type":"Polygon","coordinates":[[[13.419763141091927,52.59297108574575],[13.419351231416538,52.59457803459103],[13.410235369927337,52.592867808720555],[13.409633427840053,52.59314169288306],[13.405213859497797,52.59225824443654],[13.405192482131303,52.59064424417033],[13.400729873348494,52.58987557313152],[13.400053351702747,52.59087357175572],[13.396039373945973,52.59010558063074],[13.395808800235228,52.59046009557519],[13.385768239689043,52.589259302926344],[13.383742015105861,52.58798358871707],[13.382034049438428,52.58945744530088],[13.380678992054788,52.58875909179353],[13.382672395625507,52.587167221442314],[13.373519463108245,52.58446557798819],[13.37405143803864,52.58354919770937],[13.371808535722579,52.58285333913135],[13.375640131447227,52.581009410475694],[13.374257840356549,52.580235438369535],[13.375927528037797,52.57950658712116],[13.377602283326071,52.577092764489635],[13.380534280048856,52.57797956128533],[13.380505414145505,52.576548859334615],[13.383740778771035,52.57272730822992],[13.382232862026447,52.57202056835938],[13.383318055473177,52.5707548129062],[13.387734245592645,52.56825298378538],[13.389278449773347,52.56824081024919],[13.39183043886207,52.570071043592215],[13.397757469297497,52.57073775217073],[13.406896293278237,52.57510089467908],[13.406368722017783,52.57617918686341],[13.404866404309823,52.57631387729547],[13.404264399723088,52.57751333766104],[13.406733170238825,52.57704345986745],[13.40869495947931,52.577661755998285],[13.40778519142173,52.57995341678601],[13.409326291513919,52.580352554359614],[13.409761510052382,52.57945021524603],[13.414358910659756,52.58022418207214],[13.414624950780102,52.57920290106702],[13.420547591832976,52.57925378577908],[13.419952953525163,52.58022418345339],[13.423974647248121,52.58145238258668],[13.428359460302946,52.58236023772587],[13.42782885435748,52.585837991933836],[13.427263229591807,52.58660807654572],[13.424661193346113,52.58711230290166],[13.419763141091927,52.59297108574575]]]},"properties":{"plz":"13156"}},
{"type":"Feature","geometry":{"type":"Polygon","coordinates":[[[13.416783905927812,52.60005703163108],[13.414521935456147,52.600857295192355],[13.404129024340387,52.60250972915425],[13.401703035807747,52.60240989515421],[13.3910025193394,52.60346209545337],[13.385351947924859,52.604345781692345],[13.375786748432953,52.607018271578724],[13.37543972389975,52.60652507874331],[13.370147027563547,52.599078348432045],[13.36064257492037,52.591267068705356],[13.350192152469768,52.59060152430639],[13.3475527018381,52.59008131406624],[13.357813200169755,52.584382466520566],[13.365278892974608,52.580605089561296],[13.371176994381903,52.57728937072696],[13.376365573884048,52.57485972282556],[13.379678388061553,52.57252120918772],[13.382232862026447,52.57202056835938],[13.383740778771035,52.57272730822992],[13.380505414145505,52.576548859334615],[13.380534280048856,52.57797956128533],[13.377602283326071,52.577092764489635],[13.375927528037797,52.57950658712116],[13.374257840356549,52.580235438369535],[13.375640131447227,52.581009410475694],[13.371808535722579,52.58285333913135],[13.37405143803864,52.58354919770937],[13.373519463108245,52.58446557798819],[13.382672395625507,52.587167221442314],[13.380678992054788,52.58875909179353],[13.382034049438428,52.58945744530088],[13.383742015105861,52.58798358871707],[13.385768239689043,52.589259302926344],[13.395808800235228,52.59046009557519],[13.396039373945973,52.59010558063074],[13.400053351702747,52.59087357175572],[13.400729873348494,52.58987557313152],[13.405192482131303,52.59064424417033],[13.405213859497797,52.59225824443654],[13.409633427840053,52.59314169288306],[13.410235369927337,52.592867808720555],[13.419351231416538,52.59457803459103],[13.419763141091927,52.59297108574575],[13.421714995113275,52.59527858998123],[13.416783905927812,52.60005703163108]]]},"properties":{"plz":"13158"}},
{"type":"Feature","geometry":{"type":"Polygon","coordinates":[[[13.407980710172467,52.6426988057028],[13.406590728719936,52.64384200029871],[13.403887910995993,52.64485780911712],[13.397899312211164,52.64811296350916],[13.394552757681982,52.647553798894045],[13.393172373581198,52.64540783496287],[13.391911234635192,52.6447475412986],[13.391303591231296,52.643174616332665],[13.389657914379825,52.64151694315885],[13.390604616608266,52.639912062805976],[13.38806692537537,52.6371571445348],[13.38402202042612,52.636177507236795],[13.381809584420022,52.63639402575568],[13.38285602005226,52.635214468936645],[13.37870295877552,52.634345858388016],[13.375817691195698,52.63160522481139],[13.377019750118937,52.62981766666649],[13.376373701202496,52.62837578178775],[13.374568073962136,52.62776447487865],[13.370797053947982,52.62737537359209],[13.368525947823041,52.62557676122777],[13.366923581761531,52.62534231066938],[13.371550528573858,52.61969270114147],[13.375221520167964,52.61422330737384],[13.376281476882971,52.6111261253155],[13.375786748432953,52.607018271578724],[13.385351947924859,52.604345781692345],[13.3910025193394,52.60346209545337],[13.401703035807747,52.60240989515421],[13.404129024340387,52.60250972915425],[13.414521935456147,52.600857295192355],[13.416783905927812,52.60005703163108],[13.415034395833157,52.60508633869637],[13.412857818412142,52.604657375027955],[13.412862708261468,52.60577709601181],[13.41477716971868,52.60578053190689],[13.413672129948122,52.60932550424071],[13.415321438676377,52.610779765876075],[13.412681643565872,52.61204661398359],[13.41197538676462,52.61488864742861],[13.417680823140067,52.61847454071096],[13.420728841692187,52.62120365917036],[13.415708987289792,52.62446589637655],[13.418485225459005,52.62602006109265],[13.423957891232119,52.62382517040879],[13.4299504480935,52.620820313869174],[13.429431348185684,52.62264818971726],[13.430306839720096,52.62400659261291],[13.427858185020474,52.627663581595165],[13.423074801737936,52.6321208174792],[13.413294102639467,52.6394652912584],[13.410729936000426,52.639408529577096],[13.408904765792876,52.638678192915094],[13.410861078156389,52.641279737034836],[13.407980710172467,52.6426988057028]]]},"properties":{"plz":"13159"}},
{"type":"Feature","geometry":{"type":"Polygon","coordinates":[[[13.41310015115184,52.55691916443613],[13.412333264899726,52.56179832696016],[13.410258736086767,52.562049771892035],[13.410963142040176,52.565150484771706],[13.412339399483843,52.56628976813714],[13.412129831501911,52.567530417493906],[13.417622141355233,52.57059742086941],[13.425708904510122,52.57546228591895],[13.428727595613116,52.577925153417084],[13.428824079403661,52.57910343514577],[13.428359460302946,52.58236023772587],[13.423974647248121,52.58145238258668],[13.419952953525163,52.58022418345339],[13.420547591832976,52.57925378577908],[13.414624950780102,52.57920290106702],[13.414358910659756,52.58022418207214],[13.409761510052382,52.57945021524603],[13.409326291513919,52.580352554359614],[13.40778519142173,52.57995341678601],[13.40869495947931,52.577661755998285],[13.406733170238825,52.57704345986745],[13.404264399723088,52.57751333766104],[13.404866404309823,52.57631387729547],[13.406368722017783,52.57617918686341],[13.406896293278237,52.57510089467908],[13.397757469297497,52.57073775217073],[13.39183043886207,52.570071043592215],[13.389278449773347,52.56824081024919],[13.388396658271798,52.56766840031829],[13.388916477767886,52.566995460055104],[13.392854233982527,52.56475847764651],[13.395900170547788,52.561819585337936],[13.39709102013337,52.558267751135105],[13.398586867180027,52.55784468162057],[13.403040909661303,52.55762042219774],[13.403095120835804,52.55797818575066],[13.408097767114471,52.55773140514821],[13.408119412484233,52.55723269623997],[13.41310015115184,52.55691916443613]]]},"properties":{"plz":"13187"}},
{"type":"Feature","geometry":{"type":"Polygon","coordinates":[[[13.430219541718522,52.55170518106399],[13.428960054303502,52.556403905551484],[13.429361243175025,52.55670022897855],[13.42910776778281,52.557328858796645],[13.428626458670616,52.55943627843513],[13.427319465890221,52.564443135582835],[13.42743081074234,52.56590721521868],[13.427935077230755,52.56788687710506],[13.428126225709418,52.56866811951861],[13.429359287220686,52.57324876875375],[13.43063582494292,52.57673762259458],[13.431636078899805,52.577372815429364],[13.432239286863014,52.57773326324435],[13.43254997154537,52.577862278201245],[13.433833596360653,52.578814238392255],[13.43384836712645,52.5788097692756],[13.43354306225119,52.57946887568364],[13.433011692977152,52.58020669301648],[13.433318066522391,52.58232709002701],[13.433273708964798,52.58234948393429],[13.432328137410536,52.58166137494809],[13.43097364039445,52.58236907445784],[13.429427960224261,52.580958340633984],[13.428824079403661,52.57910343514577],[13.428727595613116,52.577925153417084],[13.425708904510122,52.57546228591895],[13.417622141355233,52.57059742086941],[13.412129831501911,52.567530417493906],[13.412339399483843,52.56628976813714],[13.410963142040176,52.565150484771706],[13.410258736086767,52.562049771892035],[13.412333264899726,52.56179832696016],[13.41310015115184,52.55691916443613],[13.412736144397668,52.55506280249182],[13.414662592233155,52.554567515944825],[13.420776496634637,52.55399417708696],[13.420645487540922,52.55331996451058],[13.427269976194886,52.55258542092886],[13.429972594210396,52.55154211610118],[13.430219541718522,52.55170518106399]]]},"properties":{"plz":"13189"}},
{"type":"Feature","geometry":{"type":"Polygon","coordinates":[[[13.376333815528595,52.538210101489014],[13.376827182704877,52.539571700029256],[13.375748858943291,52.5402523948659],[13.376251566070959,52.54178655598263],[13.377743245908711,52.54177622084467],[13.378709635046622,52.54291324243123],[13.376613257430892,52.543241335755035],[13.37445700168109,52.54449577236221],[13.37015461504477,52.54545707483818],[13.369435052597147,52.548520807565204],[13.370678044825299,52.54974027159689],[13.368364861511195,52.55026994629133],[13.370372393230793,52.55210215820669],[13.36980204168832,52.552826132413465],[13.372042862441422,52.553356679641915],[13.37131516896892,52.554265444228534],[13.373217170072444,52.556041662671234],[13.370697946737709,52.5569609550721],[13.37068743380937,52.55623392612162],[13.366263940753292,52.55627371128931],[13.36612840712019,52.55700131826619],[13.363693787136992,52.55656009452829],[13.363451428383172,52.5578841632467],[13.359223126169654,52.55707579587867],[13.361151146161886,52.555214538440836],[13.359291946442083,52.55424430957795],[13.357086119418112,52.55499776995816],[13.351008728040023,52.55099917271365],[13.351226198043912,52.55087836086492],[13.353998319673037,52.55031413216396],[13.356064549670602,52.54849910516378],[13.357046360958401,52.54897672949697],[13.358325690669826,52.547085281181886],[13.360531030609234,52.54853618397595],[13.361588799764002,52.547914893175765],[13.35989401270193,52.546864161423684],[13.361680291327506,52.544962134371865],[13.364091066139329,52.543606947055174],[13.365230551623618,52.544336475976046],[13.366124828072632,52.54267055144882],[13.369017755630408,52.54249804863735],[13.368457093711724,52.5410859466764],[13.370851813208569,52.539630836478025],[13.37313247470083,52.53952700367297],[13.374919597414715,52.537324628618975],[13.376333815528595,52.538210101489014]]]},"properties":{"plz":"13347"}},
{"type":"Feature","geometry":{"type":"Polygon","coordinates":[[[13.363451428383172,52.5578841632467],[13.36509408328434,52.55811695737615],[13.36443714475503,52.55849743044775],[13.361519991034772,52.55835254596912],[13.360616300160409,52.55759295931511],[13.359425969447933,52.56081912262461],[13.358264939188873,52.56018295119846],[13.35454815445573,52.55961551341807],[13.353598558844995,52.56103948302924],[13.350612925379837,52.56050685465857],[13.350128843744642,52.56151221168539],[13.346864031800903,52.56244722806024],[13.34513348165217,52.56142226414163],[13.344057068990752,52.56256278179271],[13.339329410460822,52.56368819973239],[13.337224835952634,52.563273293469095],[13.336308491123098,52.564031307519606],[13.33120500990114,52.56133891943092],[13.33242220960034,52.560138658512706],[13.333651279083325,52.5604661170342],[13.33509420211108,52.55834437253709],[13.336514876282626,52.558679462154856],[13.34482100125825,52.55427007396347],[13.347667522510033,52.55178575662554],[13.349101564434429,52.551852929589224],[13.350118275151656,52.550531596566124],[13.351226198043912,52.55087836086492],[13.351008728040023,52.55099917271365],[13.357086119418112,52.55499776995816],[13.359291946442083,52.55424430957795],[13.361151146161886,52.555214538440836],[13.359223126169654,52.55707579587867],[13.363451428383172,52.5578841632467]]]},"properties":{"plz":"13349"}},
{"type":"Feature","geometry":{"type":"Polygon","coordinates":[[[13.33120500990114,52.56133891943092],[13.328765681259382,52.560084582869216],[13.327204436623484,52.56047245500645],[13.325895139405873,52.5598086289272],[13.325673490868237,52.55750752310174],[13.3230198755123,52.54933201539403],[13.316996596373915,52.54992120269541],[13.314238415149308,52.54887331642558],[13.315115090839813,52.548313970015194],[13.317931282965754,52.54823597724879],[13.326228555540048,52.54187151203459],[13.327322281330718,52.54142945074307],[13.32931430326641,52.541101072508226],[13.334126257848501,52.541157993050234],[13.3356984725341,52.54189516597026],[13.333756581849862,52.543773054251005],[13.33876071565553,52.545366051613],[13.3401419738832,52.54648732274219],[13.342615088458363,52.54723646401993],[13.343420786865043,52.54664977717892],[13.34470279904926,52.5478705073627],[13.346305136655124,52.54787880417579],[13.346501044113424,52.549060094314484],[13.350126742705864,52.54988818312901],[13.350118275151656,52.550531596566124],[13.349101564434429,52.551852929589224],[13.347667522510033,52.55178575662554],[13.34482100125825,52.55427007396347],[13.336514876282626,52.558679462154856],[13.33509420211108,52.55834437253709],[13.333651279083325,52.5604661170342],[13.33242220960034,52.560138658512706],[13.33120500990114,52.56133891943092]]]},"properties":{"plz":"13351"}},
{"type":"Feature","geometry":{"type":"Polygon","coordinates":[[[13.374919597414715,52.537324628618975],[13.37313247470083,52.53952700367297],[13.370851813208569,52.539630836478025],[13.368457093711724,52.5410859466764],[13.369017755630408,52.54249804863735],[13.366124828072632,52.54267055144882],[13.365230551623618,52.544336475976046],[13.364091066139329,52.543606947055174],[13.361680291327506,52.544962134371865],[13.35989401270193,52.546864161423684],[13.361588799764002,52.547914893175765],[13.360531030609234,52.54853618397595],[13.358325690669826,52.547085281181886],[13.357046360958401,52.54897672949697],[13.356064549670602,52.54849910516378],[13.353998319673037,52.55031413216396],[13.351226198043912,52.55087836086492],[13.350118275151656,52.550531596566124],[13.350126742705864,52.54988818312901],[13.346501044113424,52.549060094314484],[13.346305136655124,52.54787880417579],[13.34470279904926,52.5478705073627],[13.343420786865043,52.54664977717892],[13.342615088458363,52.54723646401993],[13.3401419738832,52.54648732274219],[13.33876071565553,52.545366051613],[13.333756581849862,52.543773054251005],[13.3356984725341,52.54189516597026],[13.334126257848501,52.541157993050234],[13.32931430326641,52.541101072508226],[13.327322281330718,52.54142945074307],[13.327188507118297,52.53964528796109],[13.328351267935197,52.538793606192485],[13.32662242493754,52.537717143529065],[13.327715818707402,52.53687427847358],[13.330694192083074,52.53645490484763],[13.330418907002144,52.534657809361],[13.340056701771704,52.53581832627535],[13.34380029335797,52.53645908022867],[13.355314278245897,52.5377315544099],[13.359135791352614,52.53676970560915],[13.362546940368393,52.53834640734472],[13.36561777140428,52.53720653722652],[13.365859811970504,52.53565689704142],[13.36787464017027,52.53661838084312],[13.368601962534054,52.535986418839926],[13.372983419260418,52.538026836758256],[13.374919597414715,52.537324628618975]]]},"properties":{"plz":"13353"}},
{"type":"Feature","geometry":{"type":"Polygon","coordinates":[[[13.399512406150773,52.539079089458696],[13.403522894387487,52.54020912627744],[13.399375619507047,52.54872941818953],[13.388414304932732,52.54807792719984],[13.38952474486261,52.54663422960971],[13.381701643331418,52.54426474699218],[13.378709635046622,52.54291324243123],[13.377743245908711,52.54177622084467],[13.376251566070959,52.54178655598263],[13.375748858943291,52.5402523948659],[13.376827182704877,52.539571700029256],[13.376333815528595,52.538210101489014],[13.379511044088712,52.5401030418696],[13.387731842681623,52.53313290409237],[13.390144052594627,52.535353819383026],[13.39351530316871,52.537417514611555],[13.399512406150773,52.539079089458696]]]},"properties":{"plz":"13355"}},
{"type":"Feature","geometry":{"type":"Polygon","coordinates":[[[13.399277215757339,52.54894400609688],[13.398894206739811,52.55088435026196],[13.396837120864348,52.550702445109344],[13.398063092221582,52.55280226096307],[13.397557665963953,52.554734275585375],[13.39096230078697,52.555106857442674],[13.39007895771884,52.55459376644384],[13.387444371303342,52.555117779607734],[13.38709328399896,52.55461023279599],[13.384440116906832,52.55555650574071],[13.380803289736704,52.555202136010436],[13.378229096324846,52.555709893800454],[13.373217170072444,52.556041662671234],[13.37131516896892,52.554265444228534],[13.372042862441422,52.553356679641915],[13.36980204168832,52.552826132413465],[13.370372393230793,52.55210215820669],[13.368364861511195,52.55026994629133],[13.370678044825299,52.54974027159689],[13.369435052597147,52.548520807565204],[13.37015461504477,52.54545707483818],[13.37445700168109,52.54449577236221],[13.376613257430892,52.543241335755035],[13.378709635046622,52.54291324243123],[13.381701643331418,52.54426474699218],[13.38952474486261,52.54663422960971],[13.388414304932732,52.54807792719984],[13.399375619507047,52.54872941818953],[13.399277215757339,52.54894400609688]]]},"properties":{"plz":"13357"}},
{"type":"Feature","geometry":{"type":"Polygon","coordinates":[[[13.39709102013337,52.558267751135105],[13.395900170547788,52.561819585337936],[13.392854233982527,52.56475847764651],[13.388916477767886,52.566995460055104],[13.388396658271798,52.56766840031829],[13.387193202076134,52.565776122306886],[13.38549134781414,52.56577716403121],[13.385001254487559,52.56747460650009],[13.381287452878553,52.56567237826779],[13.378903765675203,52.563408220558124],[13.377142399834959,52.56065915824616],[13.37558823270997,52.56039616565059],[13.373469064045096,52.55813065884414],[13.36509408328434,52.55811695737615],[13.363451428383172,52.5578841632467],[13.363693787136992,52.55656009452829],[13.36612840712019,52.55700131826619],[13.366263940753292,52.55627371128931],[13.37068743380937,52.55623392612162],[13.370697946737709,52.5569609550721],[13.373217170072444,52.556041662671234],[13.378229096324846,52.555709893800454],[13.380803289736704,52.555202136010436],[13.384440116906832,52.55555650574071],[13.38709328399896,52.55461023279599],[13.387444371303342,52.555117779607734],[13.39007895771884,52.55459376644384],[13.39096230078697,52.555106857442674],[13.397557665963953,52.554734275585375],[13.39709102013337,52.558267751135105]]]},"properties":{"plz":"13359"}},
{"type":"Feature","geometry":{"type":"Polygon","coordinates":[[[13.301887634731298,52.571444715430374],[13.305654576580977,52.56902773867834],[13.305943055104665,52.56830061473081],[13.311177976060318,52.56840184847757],[13.31628586619651,52.56707186893537],[13.320892060416732,52.56637392213366],[13.321929018275263,52.5657071027147],[13.327598348750744,52.564777978230076],[13.330886940156986,52.56258814544896],[13.332943493114191,52.56333464825474],[13.33148227143372,52.5641883267404],[13.334592338518883,52.56597176334888],[13.336585926754907,52.56847130704396],[13.339251759124458,52.56812193932372],[13.340842008530856,52.57259745401807],[13.338122452909731,52.572328457932],[13.339083489877776,52.5749054169013],[13.332647162513167,52.57500824302198],[13.333239982560714,52.57679801884626],[13.33898132969229,52.57676626535597],[13.339242129992062,52.57816429256294],[13.333091729947142,52.57823368850783],[13.326892423536753,52.57811661316589],[13.324790803447431,52.578690901630296],[13.319858693153309,52.57814173405441],[13.325085797293129,52.58321004500723],[13.331324645528104,52.584354466094155],[13.330059222530247,52.58625553279164],[13.327668904825128,52.58605631424239],[13.325647947025292,52.58750879715795],[13.319226022988802,52.587392552055974],[13.316190891646038,52.583856551974556],[13.315981651257632,52.58256824381378],[13.317300930290717,52.58209900949263],[13.314703386434614,52.579127560896104],[13.315897383947387,52.57821318167053],[13.314845148196051,52.577028695208114],[13.312476063716076,52.57600246862257],[13.30656225595455,52.57683675043121],[13.30453084892055,52.57484792669327],[13.303406605451451,52.57488260609257],[13.301686592440824,52.57369977097795],[13.302914322233338,52.57242795219439],[13.301887634731298,52.571444715430374]]]},"properties":{"plz":"13403"}},
{"type":"Feature","geometry":{"type":"Polygon","coordinates":[[[13.336308491123098,52.564031307519606],[13.335203082988293,52.56460732242549],[13.332943493114191,52.56333464825474],[13.330886940156986,52.56258814544896],[13.327598348750744,52.564777978230076],[13.321929018275263,52.5657071027147],[13.320892060416732,52.56637392213366],[13.31628586619651,52.56707186893537],[13.311177976060318,52.56840184847757],[13.305943055104665,52.56830061473081],[13.305654576580977,52.56902773867834],[13.301887634731298,52.571444715430374],[13.300272299119893,52.56989369971386],[13.297898437236205,52.57236290891373],[13.293157103202093,52.57091181159226],[13.290766100574249,52.57131843128046],[13.288948350615442,52.57293622069514],[13.283850942269005,52.570647990576944],[13.277499587357722,52.57051080890129],[13.275529436816726,52.566593160343906],[13.275295458002514,52.564315286585085],[13.273516321359038,52.56329451761847],[13.257350121891553,52.557960220431234],[13.256351730893238,52.55692904302253],[13.257170310239701,52.55356434951978],[13.261106570192787,52.55394681571838],[13.262096122296565,52.553203985777685],[13.263300701326157,52.55391133435797],[13.265304022182272,52.554489009921056],[13.26726619618345,52.55415439464623],[13.271709931007672,52.55342192114982],[13.27150553057517,52.55408631077178],[13.273364687859429,52.55427070609525],[13.274965260518565,52.55286908175016],[13.27884787978202,52.55221555111526],[13.290360168140102,52.5501558587635],[13.290477912330374,52.549602623499034],[13.290553774586082,52.54951387236567],[13.295346263942768,52.54933686992099],[13.296194322830551,52.54889171195992],[13.305074591008147,52.54871667176463],[13.315115090839813,52.548313970015194],[13.314238415149308,52.54887331642558],[13.316996596373915,52.54992120269541],[13.3230198755123,52.54933201539403],[13.325673490868237,52.55750752310174],[13.325895139405873,52.5598086289272],[13.327204436623484,52.56047245500645],[13.328765681259382,52.560084582869216],[13.33120500990114,52.56133891943092],[13.336308491123098,52.564031307519606]]]},"properties":{"plz":"13405"}},
{"type":"Feature","geometry":{"type":"Polygon","coordinates":[[[13.357813200169755,52.584382466520566],[13.349130842041225,52.58575625134069],[13.348286283168655,52.5844575270715],[13.344604749692412,52.58522255582446],[13.345227330141705,52.58637969228239],[13.34337927018339,52.586963901770446],[13.341492177325438,52.586280001116585],[13.343846141354453,52.58319969570337],[13.342161631444684,52.58246776123576],[13.33937876816108,52.57982801719678],[13.339722592662488,52.57913509553552],[13.336519993736585,52.57845870532905],[13.333091729947142,52.57823368850783],[13.339242129992062,52.57816429256294],[13.33898132969229,52.57676626535597],[13.333239982560714,52.57679801884626],[13.332647162513167,52.57500824302198],[13.339083489877776,52.5749054169013],[13.338122452909731,52.572328457932],[13.340842008530856,52.57259745401807],[13.339251759124458,52.56812193932372],[13.336585926754907,52.56847130704396],[13.334592338518883,52.56597176334888],[13.33148227143372,52.5641883267404],[13.332943493114191,52.56333464825474],[13.335203082988293,52.56460732242549],[13.336308491123098,52.564031307519606],[13.337224835952634,52.563273293469095],[13.339329410460822,52.56368819973239],[13.344057068990752,52.56256278179271],[13.34513348165217,52.56142226414163],[13.346864031800903,52.56244722806024],[13.350128843744642,52.56151221168539],[13.350612925379837,52.56050685465857],[13.353598558844995,52.56103948302924],[13.35454815445573,52.55961551341807],[13.358264939188873,52.56018295119846],[13.359425969447933,52.56081912262461],[13.360616300160409,52.55759295931511],[13.361519991034772,52.55835254596912],[13.36443714475503,52.55849743044775],[13.36308187389081,52.560746434327434],[13.36418701465393,52.560878292985585],[13.363008458272574,52.56290751827801],[13.363971514991343,52.56387570317937],[13.36264186628232,52.56649230362145],[13.36097629934202,52.56707270088835],[13.361957010000918,52.56781088772719],[13.36025820187017,52.56875605124666],[13.360444344760605,52.57040908046821],[13.358532934673558,52.571850692496945],[13.358685333517206,52.573949375402066],[13.360269676357605,52.57465029695993],[13.361594466123309,52.576572774034304],[13.370332953058615,52.57607078264937],[13.374644444870079,52.57481653477044],[13.376365573884048,52.57485972282556],[13.371176994381903,52.57728937072696],[13.365278892974608,52.580605089561296],[13.357813200169755,52.584382466520566]]]},"properties":{"plz":"13407"}},
{"type":"Feature","geometry":{"type":"Polygon","coordinates":[[[13.382232862026447,52.57202056835938],[13.379678388061553,52.57252120918772],[13.376365573884048,52.57485972282556],[13.374644444870079,52.57481653477044],[13.370332953058615,52.57607078264937],[13.361594466123309,52.576572774034304],[13.360269676357605,52.57465029695993],[13.358685333517206,52.573949375402066],[13.358532934673558,52.571850692496945],[13.360444344760605,52.57040908046821],[13.36025820187017,52.56875605124666],[13.361957010000918,52.56781088772719],[13.36097629934202,52.56707270088835],[13.36264186628232,52.56649230362145],[13.363971514991343,52.56387570317937],[13.363008458272574,52.56290751827801],[13.36418701465393,52.560878292985585],[13.36308187389081,52.560746434327434],[13.36443714475503,52.55849743044775],[13.36509408328434,52.55811695737615],[13.373469064045096,52.55813065884414],[13.37558823270997,52.56039616565059],[13.377142399834959,52.56065915824616],[13.378903765675203,52.563408220558124],[13.381287452878553,52.56567237826779],[13.385001254487559,52.56747460650009],[13.38549134781414,52.56577716403121],[13.387193202076134,52.565776122306886],[13.388396658271798,52.56766840031829],[13.389278449773347,52.56824081024919],[13.387734245592645,52.56825298378538],[13.383318055473177,52.5707548129062],[13.382232862026447,52.57202056835938]]]},"properties":{"plz":"13409"}},
{"type":"Feature","geometry":{"type":"Polygon","coordinates":[[[13.329106285896302,52.60561984307972],[13.332754686543964,52.60083287178899],[13.332591437264075,52.597878617321285],[13.334442669903572,52.596687101170765],[13.334007142101763,52.594498728568816],[13.336460462615007,52.59461709038513],[13.336961922561835,52.595330941236206],[13.346690543707867,52.59547293848179],[13.348375201071873,52.59627220424612],[13.349538308077447,52.59811085603815],[13.34721621832873,52.59843880154996],[13.346509991507254,52.59971860440715],[13.350288758906752,52.599403062661786],[13.356433201333726,52.600060658480224],[13.359240399071263,52.59956737628312],[13.359379326623404,52.6007494098923],[13.360745409651047,52.6008513330531],[13.360591582970002,52.60236970034713],[13.364547176661857,52.60336163040425],[13.36426006827788,52.60546832009615],[13.362371420021388,52.60534730117932],[13.361453881294677,52.60696461174284],[13.351488345904482,52.60723396068308],[13.344194133255593,52.60572325672863],[13.34034136733762,52.60824460103815],[13.337565484787282,52.607225989267135],[13.336577498881235,52.60595199202936],[13.332892129553759,52.605223999681336],[13.329106285896302,52.60561984307972]]]},"properties":{"plz":"13435"}},
{"type":"Feature","geometry":{"type":"Polygon","coordinates":[[[13.3475527018381,52.59008131406624],[13.345578152698476,52.59058168596037],[13.336961922561835,52.595330941236206],[13.336460462615007,52.59461709038513],[13.334007142101763,52.594498728568816],[13.334442669903572,52.596687101170765],[13.332591437264075,52.597878617321285],[13.332754686543964,52.60083287178899],[13.329106285896302,52.60561984307972],[13.328574099456114,52.60464886562253],[13.32568405401113,52.6059338115307],[13.324060119853712,52.605967417721146],[13.322283164879952,52.60507680004442],[13.32500744310975,52.6027886251125],[13.32329227617393,52.602370867695285],[13.324676903159363,52.60148744110192],[13.325204897862532,52.60262108077508],[13.327849849473331,52.60045036066854],[13.331694302695583,52.598293358702364],[13.331613750737741,52.59776205998629],[13.328177599947615,52.59956601982624],[13.32372415385331,52.598385575334596],[13.324124745485044,52.59979388016078],[13.321206594606979,52.59877810908024],[13.321510584229875,52.59835832670414],[13.315557696704808,52.597225828130306],[13.314456665910365,52.59827524360183],[13.309418412818356,52.59824029045598],[13.307558532026107,52.597067057542716],[13.303341450723595,52.59496178048215],[13.300993983192992,52.59430922383955],[13.303194797326578,52.593634980255615],[13.308951046053926,52.590424424330074],[13.313393022778872,52.588905863148106],[13.319226022988802,52.587392552055974],[13.325647947025292,52.58750879715795],[13.327668904825128,52.58605631424239],[13.330059222530247,52.58625553279164],[13.331324645528104,52.584354466094155],[13.325085797293129,52.58321004500723],[13.319858693153309,52.57814173405441],[13.324790803447431,52.578690901630296],[13.326892423536753,52.57811661316589],[13.333091729947142,52.57823368850783],[13.336519993736585,52.57845870532905],[13.339722592662488,52.57913509553552],[13.33937876816108,52.57982801719678],[13.342161631444684,52.58246776123576],[13.343846141354453,52.58319969570337],[13.341492177325438,52.586280001116585],[13.34337927018339,52.586963901770446],[13.345227330141705,52.58637969228239],[13.344604749692412,52.58522255582446],[13.348286283168655,52.5844575270715],[13.349130842041225,52.58575625134069],[13.357813200169755,52.584382466520566],[13.3475527018381,52.59008131406624]]]},"properties":{"plz":"13437"}},
{"type":"Feature","geometry":{"type":"Polygon","coordinates":[[[13.37543972389975,52.60652507874331],[13.361453881294677,52.60696461174284],[13.362371420021388,52.60534730117932],[13.36426006827788,52.60546832009615],[13.364547176661857,52.60336163040425],[13.360591582970002,52.60236970034713],[13.360745409651047,52.6008513330531],[13.359379326623404,52.6007494098923],[13.359240399071263,52.59956737628312],[13.356433201333726,52.600060658480224],[13.350288758906752,52.599403062661786],[13.346509991507254,52.59971860440715],[13.34721621832873,52.59843880154996],[13.349538308077447,52.59811085603815],[13.348375201071873,52.59627220424612],[13.346690543707867,52.59547293848179],[13.336961922561835,52.595330941236206],[13.345578152698476,52.59058168596037],[13.3475527018381,52.59008131406624],[13.350192152469768,52.59060152430639],[13.36064257492037,52.591267068705356],[13.370147027563547,52.599078348432045],[13.37543972389975,52.60652507874331]]]},"properties":{"plz":"13439"}},
{"type":"Feature","geometry":{"type":"Polygon","coordinates":[[[13.310368282419368,52.62806077724826],[13.302621265450563,52.627194218038696],[13.302543329691565,52.627548968979724],[13.308803892772948,52.62913855626713],[13.310280401243311,52.63000969871981],[13.309337166089037,52.632801055581446],[13.306186476196684,52.63647790578743],[13.30705759614823,52.637545149344426],[13.306267052586787,52.63960539624885],[13.30822722511226,52.64023164168827],[13.309405792659186,52.6427231405935],[13.300426195417423,52.653504003429475],[13.309969497785374,52.65734911038213],[13.307125909093346,52.65961503099111],[13.302526759825387,52.65920264483125],[13.293678915937113,52.65935873701074],[13.28774146835797,52.659836153761155],[13.282773035618952,52.66073844926211],[13.281904700700755,52.652752417717835],[13.285131456335932,52.652625169238775],[13.28383237121137,52.64111612423069],[13.276460614313718,52.64020490924984],[13.274245695364408,52.64026933455854],[13.269598362665217,52.63971084280696],[13.262152400917056,52.64068296480937],[13.262406689495398,52.639057205485436],[13.264683447485664,52.63596746272648],[13.26520044645534,52.634531213587465],[13.264231297991337,52.62686192841562],[13.268280316264255,52.626003460406146],[13.272578992749573,52.62602986583669],[13.277258604525766,52.62476678710515],[13.288391491122926,52.62613358390669],[13.289057140734732,52.62483784137235],[13.291449880576653,52.62574867085841],[13.295608154698343,52.6259832275193],[13.297223165128425,52.62704453366578],[13.29900719175984,52.62565298962425],[13.303489418520298,52.62581807057421],[13.305647592426448,52.62694544492194],[13.3109801755364,52.627171853879396],[13.310368282419368,52.62806077724826]]]},"properties":{"plz":"13465"}},
{"type":"Feature","geometry":{"type":"Polygon","coordinates":[[[13.289057140734732,52.62483784137235],[13.289533658347404,52.62432157933838],[13.285442024239705,52.62218636944678],[13.29351319756288,52.61656136078986],[13.296229853215623,52.61597496512163],[13.294609127929943,52.614750073379575],[13.295607755887605,52.61388837183156],[13.290284485617187,52.613052013957315],[13.287946395218372,52.611273222881685],[13.284984519836282,52.6120923701404],[13.281342735414277,52.61018117440517],[13.289632287340888,52.604345873942464],[13.28847947240827,52.60339002297828],[13.288809321520022,52.60080286037247],[13.291369003495543,52.6019073814417],[13.29140456066835,52.60343787805839],[13.29795808276159,52.60619711599616],[13.300872189864657,52.606358834763505],[13.303764456460698,52.60487500045146],[13.306907781289759,52.607606425179874],[13.310402796406732,52.60808759656141],[13.311467920636895,52.60962172765674],[13.31564103681194,52.61152081177545],[13.316326395127229,52.612514713566064],[13.319169319141531,52.61236935716331],[13.321526369098684,52.613096165350356],[13.323451734734377,52.61284948830253],[13.326885907507044,52.613247341172766],[13.331053081933417,52.61486279254158],[13.331168376747714,52.617257968250456],[13.329868254497976,52.61847327994016],[13.330350971214978,52.619583415141996],[13.331848940806715,52.61991246101824],[13.334209508186115,52.62175603397195],[13.336681408646669,52.62264637117637],[13.329309793694472,52.6252871939704],[13.323832400195572,52.626379549542385],[13.31959505537356,52.62665620852867],[13.312982894149838,52.628182754727185],[13.310368282419368,52.62806077724826],[13.3109801755364,52.627171853879396],[13.305647592426448,52.62694544492194],[13.303489418520298,52.62581807057421],[13.29900719175984,52.62565298962425],[13.297223165128425,52.62704453366578],[13.295608154698343,52.6259832275193],[13.291449880576653,52.62574867085841],[13.289057140734732,52.62483784137235]]]},"properties":{"plz":"13467"}},
{"type":"Feature","geometry":{"type":"Polygon","coordinates":[[[13.375786748432953,52.607018271578724],[13.376281476882971,52.6111261253155],[13.375221520167964,52.61422330737384],[13.371550528573858,52.61969270114147],[13.366923581761531,52.62534231066938],[13.362664878051836,52.62481349018023],[13.357690637904255,52.62298615360322],[13.354935704483294,52.62361790869298],[13.351361606640575,52.62275775074354],[13.351068218210427,52.62386060296692],[13.343976442974167,52.62373786729104],[13.340514577538572,52.62313466092349],[13.338726444175823,52.62334241178797],[13.336681408646669,52.62264637117637],[13.334209508186115,52.62175603397195],[13.331848940806715,52.61991246101824],[13.330350971214978,52.619583415141996],[13.329868254497976,52.61847327994016],[13.331168376747714,52.617257968250456],[13.331053081933417,52.61486279254158],[13.326885907507044,52.613247341172766],[13.323451734734377,52.61284948830253],[13.321526369098684,52.613096165350356],[13.319169319141531,52.61236935716331],[13.316326395127229,52.612514713566064],[13.31564103681194,52.61152081177545],[13.311467920636895,52.60962172765674],[13.310402796406732,52.60808759656141],[13.306907781289759,52.607606425179874],[13.303764456460698,52.60487500045146],[13.300872189864657,52.606358834763505],[13.302556469254943,52.60395148740455],[13.305001337945278,52.60367238157202],[13.302757287469321,52.60293926175188],[13.305127373498365,52.59875083374431],[13.307558532026107,52.597067057542716],[13.309418412818356,52.59824029045598],[13.314456665910365,52.59827524360183],[13.315557696704808,52.597225828130306],[13.321510584229875,52.59835832670414],[13.321206594606979,52.59877810908024],[13.324124745485044,52.59979388016078],[13.32372415385331,52.598385575334596],[13.328177599947615,52.59956601982624],[13.331613750737741,52.59776205998629],[13.331694302695583,52.598293358702364],[13.327849849473331,52.60045036066854],[13.325204897862532,52.60262108077508],[13.324676903159363,52.60148744110192],[13.32329227617393,52.602370867695285],[13.32500744310975,52.6027886251125],[13.322283164879952,52.60507680004442],[13.324060119853712,52.605967417721146],[13.32568405401113,52.6059338115307],[13.328574099456114,52.60464886562253],[13.329106285896302,52.60561984307972],[13.332892129553759,52.605223999681336],[13.336577498881235,52.60595199202936],[13.337565484787282,52.607225989267135],[13.34034136733762,52.60824460103815],[13.344194133255593,52.60572325672863],[13.351488345904482,52.60723396068308],[13.361453881294677,52.60696461174284],[13.37543972389975,52.60652507874331],[13.375786748432953,52.607018271578724]]]},"properties":{"plz":"13469"}},
{"type":"Feature","geometry":{"type":"Polygon","coordinates":[[[13.264231297991337,52.62686192841562],[13.260297138580446,52.627741282106825],[13.251730789792465,52.62730559859799],[13.246058518384906,52.62728301809893],[13.24330522308058,52.62818626426182],[13.230394457967334,52.62738263143069],[13.225924237917358,52.627853761570265],[13.22587770231615,52.62825979082534],[13.220545740219142,52.628315321754506],[13.219762078207951,52.62443228621944],[13.216765835671703,52.62015788660771],[13.214826680576522,52.61925611011194],[13.209628864104355,52.61229678321057],[13.206886586229317,52.60913194775407],[13.201853724514834,52.607041725170156],[13.202323592431977,52.60424412120916],[13.209526369401903,52.598061841934154],[13.214428696388731,52.59983586252946],[13.216096592185512,52.59919013524956],[13.22077478051984,52.600185784503225],[13.22136296628545,52.59898181227184],[13.22277146075752,52.59908637345461],[13.224062997274038,52.596655434339944],[13.230796836698332,52.59602211812077],[13.231191332823686,52.596461975812566],[13.234805290997649,52.59632301430913],[13.239529596097354,52.59695412249826],[13.241011846666275,52.598572028678866],[13.247378077673291,52.59898349626675],[13.247809883600647,52.600767795433555],[13.251128952269948,52.59993812885042],[13.259290589471691,52.59924120910615],[13.2729057522642,52.59719689401098],[13.275596766622192,52.598410882240145],[13.277369606133357,52.59743929551148],[13.280801635350553,52.5992161044687],[13.28122147860668,52.60006655144112],[13.282689298899623,52.59845864898202],[13.285797178245264,52.59925215222295],[13.288809321520022,52.60080286037247],[13.28847947240827,52.60339002297828],[13.289632287340888,52.604345873942464],[13.281342735414277,52.61018117440517],[13.284984519836282,52.6120923701404],[13.287946395218372,52.611273222881685],[13.290284485617187,52.613052013957315],[13.295607755887605,52.61388837183156],[13.294609127929943,52.614750073379575],[13.296229853215623,52.61597496512163],[13.29351319756288,52.61656136078986],[13.285442024239705,52.62218636944678],[13.289533658347404,52.62432157933838],[13.289057140734732,52.62483784137235],[13.288391491122926,52.62613358390669],[13.277258604525766,52.62476678710515],[13.272578992749573,52.62602986583669],[13.268280316264255,52.626003460406146],[13.264231297991337,52.62686192841562]]]},"properties":{"plz":"13503"}},
{"type":"Feature","geometry":{"type":"Polygon","coordinates":[[[13.209526369401903,52.598061841934154],[13.211291442140555,52.596817126377765],[13.215322981809257,52.59496290545647],[13.218113836127943,52.59319234232307],[13.219256438201858,52.59139628477355],[13.217389432828849,52.58747533184095],[13.215355136951635,52.584754361690536],[13.215424191501583,52.58352434962905],[13.218308735535263,52.5809596980009],[13.217950633440221,52.5785392948933],[13.218855959521832,52.577155797777465],[13.225074937012758,52.57314210896622],[13.225299001852264,52.571218855884055],[13.226723294072285,52.56932841899034],[13.227038007347106,52.56780626644922],[13.228519721560499,52.5663940843095],[13.22805023081635,52.563360450680214],[13.228193253041868,52.56320007353713],[13.228321015329334,52.563096259938],[13.229456373193386,52.56229488158882],[13.235040655193508,52.56297579249227],[13.236584815757935,52.5634526832345],[13.236584815757947,52.56345268323453],[13.243096432039936,52.56334635004455],[13.246174230739868,52.56383885793264],[13.247927348218,52.564727853800555],[13.24813272181468,52.56673789522755],[13.251839315305,52.57221797728223],[13.254013935727276,52.577027226073334],[13.262078989389915,52.581408082396784],[13.271057578366687,52.58139943821832],[13.269573280209407,52.58523219815503],[13.263940241434732,52.58879978477318],[13.264505597158365,52.59306649284546],[13.265276058474171,52.5943017890843],[13.264085420860457,52.594627953734644],[13.267502600984816,52.596142698251874],[13.271195689885284,52.59641893914887],[13.2729057522642,52.59719689401098],[13.259290589471691,52.59924120910615],[13.251128952269948,52.59993812885042],[13.247809883600647,52.600767795433555],[13.247378077673291,52.59898349626675],[13.241011846666275,52.598572028678866],[13.239529596097354,52.59695412249826],[13.234805290997649,52.59632301430913],[13.231191332823686,52.596461975812566],[13.230796836698332,52.59602211812077],[13.224062997274038,52.596655434339944],[13.22277146075752,52.59908637345461],[13.22136296628545,52.59898181227184],[13.22077478051984,52.600185784503225],[13.216096592185512,52.59919013524956],[13.214428696388731,52.59983586252946],[13.209526369401903,52.598061841934154]]]},"properties":{"plz":"13505"}},
{"type":"Feature","geometry":{"type":"Polygon","coordinates":[[[13.303406605451451,52.57488260609257],[13.30016282153681,52.57649037395768],[13.29717117270861,52.5745410082165],[13.29459112262047,52.57651981278873],[13.295368363813989,52.57673407073583],[13.290129040246422,52.58266744503509],[13.29130895939243,52.58367727679852],[13.290287977014717,52.585994687250185],[13.291237959239394,52.58640626577624],[13.28688892481568,52.592627777796764],[13.286266026341329,52.593982944279254],[13.289694658261734,52.59429019932576],[13.289348428352824,52.595754005586656],[13.286683761358503,52.59530245674794],[13.284741406285887,52.598181517015966],[13.28442322914187,52.596778712035515],[13.282689298899623,52.59845864898202],[13.28122147860668,52.60006655144112],[13.280801635350553,52.5992161044687],[13.277369606133357,52.59743929551148],[13.275596766622192,52.598410882240145],[13.2729057522642,52.59719689401098],[13.271195689885284,52.59641893914887],[13.267502600984816,52.596142698251874],[13.264085420860457,52.594627953734644],[13.265276058474171,52.5943017890843],[13.264505597158365,52.59306649284546],[13.263940241434732,52.58879978477318],[13.269573280209407,52.58523219815503],[13.271057578366687,52.58139943821832],[13.262078989389915,52.581408082396784],[13.254013935727276,52.577027226073334],[13.251839315305,52.57221797728223],[13.24813272181468,52.56673789522755],[13.252080709963087,52.56466198605392],[13.254266920361577,52.562318010320645],[13.253975916818456,52.56185518766239],[13.242367925975723,52.55963704662755],[13.242336514273486,52.557832450283314],[13.242324656739251,52.557164712293],[13.242324672520528,52.55716291518538],[13.246966942822677,52.55486656044668],[13.24963227491752,52.55353249193856],[13.24992590321739,52.55367721166159],[13.252599288649593,52.55311055180033],[13.257170310239701,52.55356434951978],[13.256351730893238,52.55692904302253],[13.257350121891553,52.557960220431234],[13.273516321359038,52.56329451761847],[13.275295458002514,52.564315286585085],[13.275529436816726,52.566593160343906],[13.277499587357722,52.57051080890129],[13.283850942269005,52.570647990576944],[13.288948350615442,52.57293622069514],[13.290766100574249,52.57131843128046],[13.293157103202093,52.57091181159226],[13.297898437236205,52.57236290891373],[13.300272299119893,52.56989369971386],[13.301887634731298,52.571444715430374],[13.302914322233338,52.57242795219439],[13.301686592440824,52.57369977097795],[13.303406605451451,52.57488260609257]]]},"properties":{"plz":"13507"}},
{"type":"Feature","geometry":{"type":"Polygon","coordinates":[[[13.319226022988802,52.587392552055974],[13.313393022778872,52.588905863148106],[13.308951046053926,52.590424424330074],[13.303194797326578,52.593634980255615],[13.300993983192992,52.59430922383955],[13.303341450723595,52.59496178048215],[13.307558532026107,52.597067057542716],[13.305127373498365,52.59875083374431],[13.302757287469321,52.60293926175188],[13.305001337945278,52.60367238157202],[13.302556469254943,52.60395148740455],[13.300872189864657,52.606358834763505],[13.29795808276159,52.60619711599616],[13.29140456066835,52.60343787805839],[13.291369003495543,52.6019073814417],[13.288809321520022,52.60080286037247],[13.285797178245264,52.59925215222295],[13.282689298899623,52.59845864898202],[13.28442322914187,52.596778712035515],[13.284741406285887,52.598181517015966],[13.286683761358503,52.59530245674794],[13.289348428352824,52.595754005586656],[13.289694658261734,52.59429019932576],[13.286266026341329,52.593982944279254],[13.28688892481568,52.592627777796764],[13.291237959239394,52.58640626577624],[13.290287977014717,52.585994687250185],[13.29130895939243,52.58367727679852],[13.290129040246422,52.58266744503509],[13.295368363813989,52.57673407073583],[13.29459112262047,52.57651981278873],[13.29717117270861,52.5745410082165],[13.30016282153681,52.57649037395768],[13.303406605451451,52.57488260609257],[13.30453084892055,52.57484792669327],[13.30656225595455,52.57683675043121],[13.312476063716076,52.57600246862257],[13.314845148196051,52.577028695208114],[13.315897383947387,52.57821318167053],[13.314703386434614,52.579127560896104],[13.317300930290717,52.58209900949263],[13.315981651257632,52.58256824381378],[13.316190891646038,52.583856551974556],[13.319226022988802,52.587392552055974]]]},"properties":{"plz":"13509"}},
{"type":"Feature","geometry":{"type":"Polygon","coordinates":[[[13.17118224857125,52.53930585664453],[13.175071115232905,52.53836728274419],[13.168509212105198,52.539392594304665],[13.164462742919348,52.54043907581119],[13.164425064230926,52.53925539432856],[13.158322401367851,52.53753114316842],[13.15678137148461,52.537338115183864],[13.157748128074175,52.53360981285239],[13.159358072881494,52.52952098267663],[13.162962595131058,52.53061984212518],[13.166642956158526,52.53068273233763],[13.16636227298044,52.52638154857028],[13.167310680127114,52.52529875265586],[13.169583312174634,52.52438552707727],[13.17349402081024,52.5229177787802],[13.176083137293896,52.52272636661173],[13.17732411623879,52.52196093318904],[13.17979148699019,52.52345127100702],[13.184862785459496,52.522124121899395],[13.188385623024697,52.52195749130095],[13.190139241891568,52.522956994001916],[13.19018151785174,52.524042731800535],[13.192761803385514,52.52758665206158],[13.194166065764454,52.52893259301422],[13.196136362150572,52.52921386909375],[13.19612330026539,52.52723497346584],[13.198719069494334,52.52425275192929],[13.200219508258,52.5244999084973],[13.202264694287745,52.52372093445071],[13.203247722455982,52.52506795278467],[13.20294613254844,52.52609224363909],[13.200456195396189,52.52911987128212],[13.200894046977265,52.531839890632284],[13.202918751820752,52.53352854800086],[13.199725845199358,52.53453525207261],[13.199025465851879,52.533814694863096],[13.194836591792667,52.53448246418785],[13.195276146918793,52.53549505802331],[13.192332425836558,52.535561575418036],[13.176751451551125,52.538063645093565],[13.17118224857125,52.53930585664453]]]},"properties":{"plz":"13581"}},
{"type":"Feature","geometry":{"type":"Polygon","coordinates":[[[13.195276146918793,52.53549505802331],[13.195693370250611,52.53818805977513],[13.194864368525215,52.53871075266733],[13.195503622461244,52.53935292754399],[13.193632503741664,52.54167811296279],[13.191589386609678,52.540955288405385],[13.191877126638458,52.5425631459296],[13.192905778082025,52.54303062734366],[13.191669861103227,52.5441458186011],[13.191656023344862,52.54599250825004],[13.192560266646243,52.54458493660387],[13.194292391033189,52.54532278363023],[13.194028409679792,52.5466841825978],[13.191117304487765,52.54650725467492],[13.190729520032727,52.54964034161632],[13.191454678868192,52.55084810837701],[13.190143260770657,52.55122610680651],[13.191612406409561,52.55323462029191],[13.187211259770967,52.55429225681386],[13.185499364103215,52.551514433374535],[13.184540608138198,52.55126821883919],[13.183078629048902,52.548148903329405],[13.17809696716779,52.548770871382196],[13.170202010381438,52.55025582496073],[13.168925805614878,52.54440063369605],[13.16831172963428,52.54321112936109],[13.167967221221518,52.54105121633598],[13.169276310013151,52.539752328902445],[13.17118224857125,52.53930585664453],[13.176751451551125,52.538063645093565],[13.192332425836558,52.535561575418036],[13.195276146918793,52.53549505802331]]]},"properties":{"plz":"13583"}},
{"type":"Feature","geometry":{"type":"Polygon","coordinates":[[[13.194864368525215,52.53871075266733],[13.196910976808246,52.53816552760504],[13.196111984521053,52.539388392996024],[13.198003200694663,52.53921283072026],[13.199844030617426,52.54119113841707],[13.202010806926465,52.53965414064324],[13.206877377028473,52.54013700711781],[13.20881846637085,52.54076125367759],[13.208478818854733,52.54191482834251],[13.208740027901818,52.542657142488025],[13.209234857053639,52.54301295986381],[13.210303820521505,52.54329081527336],[13.211089241496175,52.54378244496951],[13.215983225332568,52.543756391947745],[13.21876987406323,52.54462873836146],[13.220283025580496,52.5453420843205],[13.222551150578782,52.547960444146796],[13.222833614207117,52.54882591469733],[13.222282654402113,52.5519908936717],[13.215648752760353,52.55194647665945],[13.214692528935984,52.55361465092424],[13.207424033279977,52.55407440494457],[13.206742834620789,52.55284352861691],[13.204719098812788,52.55309784112283],[13.20408929791484,52.55174401670281],[13.201832428684037,52.55141152359331],[13.200223433512473,52.55238167790726],[13.200340769770785,52.55533418342765],[13.207303134948601,52.55546599333414],[13.206987513370008,52.55655763906854],[13.202677150037413,52.55569754348773],[13.19770136386111,52.55580992230114],[13.195210904075584,52.55447355736908],[13.193314172529684,52.55529069621069],[13.191612406409561,52.55323462029191],[13.190143260770657,52.55122610680651],[13.191454678868192,52.55084810837701],[13.190729520032727,52.54964034161632],[13.191117304487765,52.54650725467492],[13.194028409679792,52.5466841825978],[13.194292391033189,52.54532278363023],[13.192560266646243,52.54458493660387],[13.191656023344862,52.54599250825004],[13.191669861103227,52.5441458186011],[13.192905778082025,52.54303062734366],[13.191877126638458,52.5425631459296],[13.191589386609678,52.540955288405385],[13.193632503741664,52.54167811296279],[13.195503622461244,52.53935292754399],[13.194864368525215,52.53871075266733]]]},"properties":{"plz":"13585"}},
{"type":"Feature","geometry":{"type":"Polygon","coordinates":[[[13.217389432828849,52.58747533184095],[13.211239887254273,52.588226759434676],[13.20733871150877,52.588373869287416],[13.206707985257767,52.58659320619686],[13.200342431917736,52.58876676434618],[13.190858515616702,52.59047203245687],[13.18562142790721,52.59255189329505],[13.184470987589433,52.59337436231316],[13.178330073235568,52.594877184227954],[13.17366653338167,52.59532673848993],[13.171966861041849,52.596286274653735],[13.16789796526908,52.59700747818616],[13.164526147685287,52.598791671645294],[13.15705598162859,52.597621909337455],[13.153882837547565,52.59571223624209],[13.149092584022402,52.59176771124835],[13.143329852207623,52.58965497166954],[13.137895610289824,52.58870166959962],[13.135474481974148,52.58736164809592],[13.132661262000772,52.58691949429238],[13.128954992481326,52.58729848841273],[13.12934374731457,52.58593326852605],[13.12795624166164,52.58312543096661],[13.130255846841086,52.583036238976035],[13.131677347848713,52.58022041258558],[13.132606420640396,52.579594334642366],[13.137509998877878,52.5805304164113],[13.139155052392997,52.580385326341656],[13.149611872694592,52.58335661691544],[13.151233902945064,52.58220926767292],[13.153593907284213,52.57746034510642],[13.153543304292205,52.57325444059978],[13.152860187338188,52.57162963756141],[13.155131639043146,52.57149132368097],[13.156350585925605,52.568951179449584],[13.163123909141596,52.56678606572819],[13.164428026092343,52.56759006723953],[13.16749794966129,52.56666471561341],[13.169458962262803,52.567134213269156],[13.171015575701162,52.56664056196075],[13.170917302520703,52.56431266706774],[13.173268184056392,52.56386517685024],[13.175024622627063,52.56457553713552],[13.18219071443638,52.56569991476389],[13.186898519868814,52.56610391659208],[13.194912541228135,52.5612860720644],[13.196531870393773,52.56096305895366],[13.19770136386111,52.55580992230114],[13.202677150037413,52.55569754348773],[13.206987513370008,52.55655763906854],[13.207303134948601,52.55546599333414],[13.200340769770785,52.55533418342765],[13.200223433512473,52.55238167790726],[13.201832428684037,52.55141152359331],[13.20408929791484,52.55174401670281],[13.204719098812788,52.55309784112283],[13.206742834620789,52.55284352861691],[13.207424033279977,52.55407440494457],[13.214692528935984,52.55361465092424],[13.215648752760353,52.55194647665945],[13.222282654402113,52.5519908936717],[13.221947292220198,52.55398925390418],[13.22205366831986,52.55508687439265],[13.224372513043768,52.55964106671505],[13.225842993377501,52.56089608159183],[13.228006287982078,52.56202670215329],[13.228193253041868,52.56320007353713],[13.22805023081635,52.563360450680214],[13.228519721560499,52.5663940843095],[13.227038007347106,52.56780626644922],[13.226723294072285,52.56932841899034],[13.225299001852264,52.571218855884055],[13.225074937012758,52.57314210896622],[13.218855959521832,52.577155797777465],[13.217950633440221,52.5785392948933],[13.218308735535263,52.5809596980009],[13.215424191501583,52.58352434962905],[13.215355136951635,52.584754361690536],[13.217389432828849,52.58747533184095]]]},"properties":{"plz":"13587"}},
{"type":"Feature","geometry":{"type":"Polygon","coordinates":[[[13.191612406409561,52.55323462029191],[13.193314172529684,52.55529069621069],[13.195210904075584,52.55447355736908],[13.19770136386111,52.55580992230114],[13.196531870393773,52.56096305895366],[13.194912541228135,52.5612860720644],[13.186898519868814,52.56610391659208],[13.18219071443638,52.56569991476389],[13.175024622627063,52.56457553713552],[13.173268184056392,52.56386517685024],[13.170917302520703,52.56431266706774],[13.171015575701162,52.56664056196075],[13.169458962262803,52.567134213269156],[13.16749794966129,52.56666471561341],[13.164428026092343,52.56759006723953],[13.163123909141596,52.56678606572819],[13.156350585925605,52.568951179449584],[13.155131639043146,52.57149132368097],[13.152860187338188,52.57162963756141],[13.149859834869968,52.56676036297612],[13.147511064581591,52.56440628873136],[13.147137750671305,52.56145089351131],[13.146016128727945,52.560859523284215],[13.14685017414098,52.558615364204265],[13.1472161904211,52.5549332495271],[13.145846282999889,52.552927281961146],[13.144217198774081,52.55211545721584],[13.143512734038,52.55007891996638],[13.145292084735443,52.547120594009286],[13.146640170404497,52.54637928189384],[13.151664980074656,52.54573903466116],[13.152120655461669,52.5468156581746],[13.155960431802466,52.546847162439775],[13.160014517472446,52.54640938892181],[13.161370673019784,52.54571557050212],[13.159937329072136,52.54479239791355],[13.164732344008812,52.54353960265283],[13.16831172963428,52.54321112936109],[13.168925805614878,52.54440063369605],[13.170202010381438,52.55025582496073],[13.17809696716779,52.548770871382196],[13.183078629048902,52.548148903329405],[13.184540608138198,52.55126821883919],[13.185499364103215,52.551514433374535],[13.187211259770967,52.55429225681386],[13.191612406409561,52.55323462029191]]]},"properties":{"plz":"13589"}},
{"type":"Feature","geometry":{"type":"Polygon","coordinates":[[[13.17118224857125,52.53930585664453],[13.169276310013151,52.539752328902445],[13.167967221221518,52.54105121633598],[13.16831172963428,52.54321112936109],[13.164732344008812,52.54353960265283],[13.159937329072136,52.54479239791355],[13.161370673019784,52.54571557050212],[13.160014517472446,52.54640938892181],[13.155960431802466,52.546847162439775],[13.152120655461669,52.5468156581746],[13.151664980074656,52.54573903466116],[13.146640170404497,52.54637928189384],[13.145292084735443,52.547120594009286],[13.143512734038,52.55007891996638],[13.144217198774081,52.55211545721584],[13.13632159963451,52.552703993907485],[13.134440520010381,52.55334771644116],[13.130493148787298,52.55600834397982],[13.124960311927694,52.543792015022106],[13.12560144460302,52.54353951072713],[13.123100962310104,52.53663077742517],[13.120347017940587,52.53222457168345],[13.119193530611563,52.529123738315825],[13.118361327218405,52.52118047329005],[13.11737770086096,52.51705856297957],[13.1269903189612,52.51754527832528],[13.13742795118693,52.518842524773106],[13.142671263239855,52.51976274781419],[13.143703895098197,52.52621936496774],[13.146204615630998,52.52700329079672],[13.145664352583092,52.52426017659191],[13.146683943610594,52.52561051196587],[13.147875671072049,52.52536461240357],[13.14703334481296,52.52369867632631],[13.154093252416798,52.52209151121548],[13.156076911527425,52.52424182575537],[13.160282552948601,52.52404369309674],[13.160918300540386,52.52355732422738],[13.16589227265194,52.5244080563768],[13.167461408025185,52.52497402241696],[13.169583312174634,52.52438552707727],[13.167310680127114,52.52529875265586],[13.16636227298044,52.52638154857028],[13.166642956158526,52.53068273233763],[13.162962595131058,52.53061984212518],[13.159358072881494,52.52952098267663],[13.157748128074175,52.53360981285239],[13.15678137148461,52.537338115183864],[13.158322401367851,52.53753114316842],[13.164425064230926,52.53925539432856],[13.164462742919348,52.54043907581119],[13.168509212105198,52.539392594304665],[13.175071115232905,52.53836728274419],[13.17118224857125,52.53930585664453]]]},"properties":{"plz":"13591"}},
{"type":"Feature","geometry":{"type":"Polygon","coordinates":[[[13.169583312174634,52.52438552707727],[13.167461408025185,52.52497402241696],[13.16589227265194,52.5244080563768],[13.160918300540386,52.52355732422738],[13.160282552948601,52.52404369309674],[13.156076911527425,52.52424182575537],[13.154093252416798,52.52209151121548],[13.14703334481296,52.52369867632631],[13.147875671072049,52.52536461240357],[13.146683943610594,52.52561051196587],[13.145664352583092,52.52426017659191],[13.146204615630998,52.52700329079672],[13.143703895098197,52.52621936496774],[13.142671263239855,52.51976274781419],[13.144349641064297,52.519190860566226],[13.14562661249599,52.517465231908645],[13.147491644005296,52.51719241560126],[13.154376880512281,52.51432909328269],[13.168820081596312,52.5092266330742],[13.157234529088147,52.50161897059055],[13.179784014164342,52.50023339243934],[13.179289648303849,52.50149774171749],[13.180046802919636,52.504525506126136],[13.179448804054363,52.50743491732934],[13.176227594352838,52.5077408224795],[13.173539186169599,52.508507000169104],[13.174234064852948,52.50982710049373],[13.179284811833677,52.508790380224305],[13.179425004643372,52.50992412441645],[13.181492831050804,52.51212106615664],[13.181668281964983,52.513562282488586],[13.1829445490623,52.51349877784344],[13.182714792720482,52.51510292678948],[13.183875372034382,52.51702681793041],[13.185540659853563,52.516667283215625],[13.185244424638519,52.51785690495284],[13.18635376769963,52.52020834250966],[13.187238887481643,52.52023769430293],[13.188385623024697,52.52195749130095],[13.184862785459496,52.522124121899395],[13.17979148699019,52.52345127100702],[13.17732411623879,52.52196093318904],[13.176083137293896,52.52272636661173],[13.17349402081024,52.5229177787802],[13.169583312174634,52.52438552707727]]]},"properties":{"plz":"13593"}},
{"type":"Feature","geometry":{"type":"Polygon","coordinates":[[[13.188385623024697,52.52195749130095],[13.187238887481643,52.52023769430293],[13.18635376769963,52.52020834250966],[13.185244424638519,52.51785690495284],[13.185540659853563,52.516667283215625],[13.183875372034382,52.51702681793041],[13.182714792720482,52.51510292678948],[13.1829445490623,52.51349877784344],[13.181668281964983,52.513562282488586],[13.181492831050804,52.51212106615664],[13.179425004643372,52.50992412441645],[13.179284811833677,52.508790380224305],[13.174234064852948,52.50982710049373],[13.173539186169599,52.508507000169104],[13.176227594352838,52.5077408224795],[13.179448804054363,52.50743491732934],[13.180046802919636,52.504525506126136],[13.179289648303849,52.50149774171749],[13.179784014164342,52.50023339243934],[13.185445676289856,52.499974263647935],[13.191697732900746,52.49867368814617],[13.195202197257172,52.499737960525934],[13.199073637874555,52.49987783254237],[13.205126498089745,52.50134640674975],[13.209725379218378,52.502907508667654],[13.208759673684758,52.50504381622692],[13.211854601047072,52.50934492196633],[13.214975547164725,52.50950859704742],[13.216429966015498,52.511647970073],[13.215505378249203,52.51365416590597],[13.215721915243952,52.514916637794045],[13.21113099185536,52.51735304702572],[13.210663434876672,52.518193448487104],[13.207285777442161,52.51723343716828],[13.208002893084148,52.51865945507928],[13.206627794496466,52.51887924611253],[13.206533315033273,52.52152456650569],[13.204875822834305,52.52460646454283],[13.203247722455982,52.52506795278467],[13.202264694287745,52.52372093445071],[13.200219508258,52.5244999084973],[13.198719069494334,52.52425275192929],[13.19612330026539,52.52723497346584],[13.196136362150572,52.52921386909375],[13.194166065764454,52.52893259301422],[13.192761803385514,52.52758665206158],[13.19018151785174,52.524042731800535],[13.190139241891568,52.522956994001916],[13.188385623024697,52.52195749130095]]]},"properties":{"plz":"13595"}},
{"type":"Feature","geometry":{"type":"Polygon","coordinates":[[[13.203247722455982,52.52506795278467],[13.204875822834305,52.52460646454283],[13.206533315033273,52.52152456650569],[13.206627794496466,52.51887924611253],[13.208002893084148,52.51865945507928],[13.207285777442161,52.51723343716828],[13.210663434876672,52.518193448487104],[13.21113099185536,52.51735304702572],[13.215721915243952,52.514916637794045],[13.215505378249203,52.51365416590597],[13.216429966015498,52.511647970073],[13.219448461793482,52.51399042368398],[13.223402498712481,52.51217159895306],[13.22395658939198,52.512465551381005],[13.223119717859447,52.513293960273366],[13.224881736299233,52.514228274154675],[13.228208645213197,52.51462684857551],[13.227396221750242,52.51601253913412],[13.230854857878587,52.51717893867199],[13.234863225481531,52.52065661218637],[13.236625093532979,52.52416360705684],[13.236441244301659,52.52612207521408],[13.239408922444715,52.52626662414101],[13.24457224167507,52.52418055101259],[13.24757353656243,52.52502865272282],[13.246671475591038,52.52831214931018],[13.24689641873085,52.52871187523558],[13.24444764459631,52.52987673837899],[13.242131792023494,52.530992556469094],[13.236991096714243,52.53324934204329],[13.228902551352034,52.53483641912867],[13.217902980383839,52.53623678812658],[13.21251970754269,52.5365083380046],[13.209728563561299,52.536333184119215],[13.208621913877924,52.53616212999669],[13.208829334491094,52.53713341251011],[13.20951320445476,52.53884057828433],[13.20881846637085,52.54076125367759],[13.206877377028473,52.54013700711781],[13.202010806926465,52.53965414064324],[13.199844030617426,52.54119113841707],[13.198003200694663,52.53921283072026],[13.196111984521053,52.539388392996024],[13.196910976808246,52.53816552760504],[13.194864368525215,52.53871075266733],[13.195693370250611,52.53818805977513],[13.195276146918793,52.53549505802331],[13.194836591792667,52.53448246418785],[13.199025465851879,52.533814694863096],[13.199725845199358,52.53453525207261],[13.202918751820752,52.53352854800086],[13.200894046977265,52.531839890632284],[13.200456195396189,52.52911987128212],[13.20294613254844,52.52609224363909],[13.203247722455982,52.52506795278467]]]},"properties":{"plz":"13597"}},
{"type":"Feature","geometry":{"type":"Polygon","coordinates":[[[13.228193253041868,52.56320007353713],[13.228006287982078,52.56202670215329],[13.225842993377501,52.56089608159183],[13.224372513043768,52.55964106671505],[13.22205366831986,52.55508687439265],[13.221947292220198,52.55398925390418],[13.222282654402113,52.5519908936717],[13.222833614207117,52.54882591469733],[13.222551150578782,52.547960444146796],[13.220283025580496,52.5453420843205],[13.21876987406323,52.54462873836146],[13.215983225332568,52.543756391947745],[13.211089241496175,52.54378244496951],[13.210303820521505,52.54329081527336],[13.209234857053639,52.54301295986381],[13.208740027901818,52.542657142488025],[13.208478818854733,52.54191482834251],[13.20881846637085,52.54076125367759],[13.20951320445476,52.53884057828433],[13.208829334491094,52.53713341251011],[13.208621913877924,52.53616212999669],[13.209728563561299,52.536333184119215],[13.21251970754269,52.5365083380046],[13.217902980383839,52.53623678812658],[13.228902551352034,52.53483641912867],[13.236991096714243,52.53324934204329],[13.242131792023494,52.530992556469094],[13.24444764459631,52.52987673837899],[13.24689641873085,52.52871187523558],[13.246671475591038,52.52831214931018],[13.2470357282903,52.52810662754107],[13.247126042626617,52.52805659216169],[13.248557511303018,52.52745907476658],[13.2497976215626,52.52717905528939],[13.250377272140986,52.53090313711821],[13.25453975983541,52.53025129431628],[13.254772047531322,52.53415129412616],[13.25142882724471,52.53442831048118],[13.251656469782736,52.53521176152497],[13.248305107172195,52.53505281537937],[13.2478329371537,52.537687961349846],[13.248062587786686,52.53960283256971],[13.24721237083725,52.54333851527421],[13.247529901567235,52.54446374981133],[13.248622214725838,52.54360004224973],[13.253428769771874,52.543969367325694],[13.24862830115291,52.546837015295615],[13.247921322242094,52.547623773519774],[13.261022654102264,52.548612151660684],[13.262771355999396,52.54946317379912],[13.258374348976583,52.54957448710679],[13.252990460629352,52.55045177331703],[13.25059318750618,52.55133294933986],[13.241116791151205,52.55601949535533],[13.240813413862949,52.55782749560396],[13.242324672520528,52.55716291518538],[13.242324656739251,52.557164712293],[13.242336514273486,52.557832450283314],[13.242367925975723,52.55963704662755],[13.253975916818456,52.56185518766239],[13.254266920361577,52.562318010320645],[13.252080709963087,52.56466198605392],[13.24813272181468,52.56673789522755],[13.247927348218,52.564727853800555],[13.246174230739868,52.56383885793264],[13.243096432039936,52.56334635004455],[13.236584815757947,52.56345268323453],[13.236584815757935,52.5634526832345],[13.235040655193508,52.56297579249227],[13.229456373193386,52.56229488158882],[13.228321015329334,52.563096259938],[13.228193253041868,52.56320007353713]]]},"properties":{"plz":"13599"}},
{"type":"Feature","geometry":{"type":"Polygon","coordinates":[[[13.32662242493754,52.537717143529065],[13.328351267935197,52.538793606192485],[13.327188507118297,52.53964528796109],[13.327322281330718,52.54142945074307],[13.326228555540048,52.54187151203459],[13.317931282965754,52.54823597724879],[13.315115090839813,52.548313970015194],[13.305074591008147,52.54871667176463],[13.296194322830551,52.54889171195992],[13.297902149855158,52.54603336184095],[13.297928324114276,52.54548975013163],[13.279446089453174,52.54535070220453],[13.279461875652174,52.542603564912206],[13.278464338365362,52.541629189977925],[13.276044240943925,52.5410603863366],[13.275743906570279,52.539908320170376],[13.273822363934688,52.54022612249722],[13.273822363934675,52.54022612249719],[13.273433361284452,52.53911152931804],[13.274795382571543,52.53798328176858],[13.276200762764581,52.536028385115024],[13.276244466626315,52.5357220731614],[13.27627630940076,52.535424712681134],[13.278229076478175,52.53485713701067],[13.276693095940603,52.53305080083473],[13.275827866718743,52.53252072836257],[13.275864869092416,52.52991204101286],[13.275864869092418,52.52991204101283],[13.276439952614059,52.5294913763265],[13.279077178113184,52.53028817196826],[13.281538946336708,52.52885483319073],[13.283321258249481,52.528936403807585],[13.292714773727166,52.53167273253047],[13.293691053379073,52.53235217038245],[13.298117409528334,52.533395299385134],[13.311488283924096,52.53540421218558],[13.311408697037105,52.53561069039112],[13.32662242493754,52.537717143529065]]]},"properties":{"plz":"13627"}},
{"type":"Feature","geometry":{"type":"Polygon","coordinates":[[[13.257170310239701,52.55356434951978],[13.252599288649593,52.55311055180033],[13.24992590321739,52.55367721166159],[13.24963227491752,52.55353249193856],[13.246966942822677,52.55486656044668],[13.242324672520528,52.55716291518538],[13.240813413862949,52.55782749560396],[13.241116791151205,52.55601949535533],[13.25059318750618,52.55133294933986],[13.252990460629352,52.55045177331703],[13.258374348976583,52.54957448710679],[13.262771355999396,52.54946317379912],[13.261022654102264,52.548612151660684],[13.247921322242094,52.547623773519774],[13.24862830115291,52.546837015295615],[13.253428769771874,52.543969367325694],[13.248622214725838,52.54360004224973],[13.247529901567235,52.54446374981133],[13.24721237083725,52.54333851527421],[13.248062587786686,52.53960283256971],[13.2478329371537,52.537687961349846],[13.248305107172195,52.53505281537937],[13.251656469782736,52.53521176152497],[13.25142882724471,52.53442831048118],[13.254772047531322,52.53415129412616],[13.25453975983541,52.53025129431628],[13.250377272140986,52.53090313711821],[13.2497976215626,52.52717905528939],[13.255198717235182,52.527075714633064],[13.259785000977269,52.527321877123285],[13.263827429268735,52.52848552124468],[13.26457627639003,52.52862710683904],[13.264767221518103,52.52870138086324],[13.266765516615035,52.528854855073256],[13.26808817792849,52.52892267511217],[13.270192181897084,52.52894430951867],[13.272440170694425,52.52883513383708],[13.273846220028124,52.52879530061123],[13.27524595230825,52.5289926769498],[13.276439952614059,52.5294913763265],[13.275864869092418,52.52991204101283],[13.275864869092416,52.52991204101286],[13.275827866718743,52.53252072836257],[13.276693095940603,52.53305080083473],[13.278229076478175,52.53485713701067],[13.27627630940076,52.535424712681134],[13.276244466626315,52.5357220731614],[13.276200762764581,52.536028385115024],[13.274795382571543,52.53798328176858],[13.273433361284452,52.53911152931804],[13.273822363934675,52.54022612249719],[13.273822363934688,52.54022612249722],[13.275743906570279,52.539908320170376],[13.276044240943925,52.5410603863366],[13.278464338365362,52.541629189977925],[13.279461875652174,52.542603564912206],[13.279446089453174,52.54535070220453],[13.297928324114276,52.54548975013163],[13.297902149855158,52.54603336184095],[13.296194322830551,52.54889171195992],[13.295346263942768,52.54933686992099],[13.290553774586082,52.54951387236567],[13.290477912330374,52.549602623499034],[13.290360168140102,52.5501558587635],[13.27884787978202,52.55221555111526],[13.274965260518565,52.55286908175016],[13.273364687859429,52.55427070609525],[13.27150553057517,52.55408631077178],[13.271709931007672,52.55342192114982],[13.26726619618345,52.55415439464623],[13.265304022182272,52.554489009921056],[13.263300701326157,52.55391133435797],[13.262096122296565,52.553203985777685],[13.261106570192787,52.55394681571838],[13.257170310239701,52.55356434951978]]]},"properties":{"plz":"13629"}},
{"type":"Feature","geometry":{"type":"Polygon","coordinates":[[[13.24757353656243,52.52502865272282],[13.24963162253167,52.52419588248475],[13.253031019659915,52.52432708598604],[13.25894223979411,52.525374567273516],[13.25926361627222,52.524823790326266],[13.258028868674469,52.52201523998039],[13.260279278696537,52.52122242467657],[13.258223011555627,52.5187096824524],[13.260202024835175,52.51775965681901],[13.260719471668818,52.51629644506553],[13.263797434925781,52.51549982971833],[13.266560752820801,52.51335688485489],[13.27005902082644,52.51173102451431],[13.270091229443672,52.511027471882066],[13.274032748402918,52.509924051513714],[13.277815886357697,52.510010755967414],[13.280907959486388,52.51051050180965],[13.280731176426183,52.51145267762752],[13.27740409417269,52.51123351391372],[13.277219048776809,52.51227900589146],[13.281116133447261,52.512700241627584],[13.280944107454253,52.51397403594514],[13.279288376986852,52.514355608802035],[13.280172291928467,52.51883621123555],[13.278564695378883,52.51832285239729],[13.27686165923848,52.519072700693684],[13.27779914888088,52.52179300843382],[13.275820413266251,52.52199384846595],[13.275377092384222,52.5210534363056],[13.273832003536475,52.521561073351116],[13.274870508151741,52.52323926227808],[13.274308116272138,52.52742083438134],[13.277916118635254,52.5265553338952],[13.279000727108711,52.52784090821039],[13.281903595773793,52.526320788162614],[13.283321258249481,52.528936403807585],[13.281538946336708,52.52885483319073],[13.279077178113184,52.53028817196826],[13.276439952614059,52.5294913763265],[13.27524595230825,52.5289926769498],[13.273846220028124,52.52879530061123],[13.272440170694425,52.52883513383708],[13.270192181897084,52.52894430951867],[13.26808817792849,52.52892267511217],[13.266765516615035,52.528854855073256],[13.264767221518103,52.52870138086324],[13.26457627639003,52.52862710683904],[13.263827429268735,52.52848552124468],[13.259785000977269,52.527321877123285],[13.255198717235182,52.527075714633064],[13.2497976215626,52.52717905528939],[13.248557511303018,52.52745907476658],[13.247126042626617,52.52805659216169],[13.2470357282903,52.52810662754107],[13.246671475591038,52.52831214931018],[13.24757353656243,52.52502865272282]]]},"properties":{"plz":"14050"}},
{"type":"Feature","geometry":{"type":"Polygon","coordinates":[[[13.234863225481531,52.52065661218637],[13.23510870103016,52.52038782686562],[13.241713848937144,52.52216727825599],[13.24209535900716,52.523187597140435],[13.244661272686324,52.52393820084789],[13.24499280166614,52.523085545725664],[13.249505051317115,52.51764426084629],[13.251399923244474,52.51655841621937],[13.250450867264739,52.514533419245126],[13.250753280436864,52.512583391267654],[13.253484558495881,52.51218943959496],[13.257294130711077,52.50844050569416],[13.260682041064975,52.50927870162483],[13.261185778212132,52.508033818302614],[13.264228753554969,52.50604815656304],[13.266510990880242,52.50232928340575],[13.272347309408364,52.50705229281481],[13.274015056259119,52.5077186898284],[13.273324727940661,52.50803385600329],[13.274032748402918,52.509924051513714],[13.270091229443672,52.511027471882066],[13.27005902082644,52.51173102451431],[13.266560752820801,52.51335688485489],[13.263797434925781,52.51549982971833],[13.260719471668818,52.51629644506553],[13.260202024835175,52.51775965681901],[13.258223011555627,52.5187096824524],[13.260279278696537,52.52122242467657],[13.258028868674469,52.52201523998039],[13.25926361627222,52.524823790326266],[13.25894223979411,52.525374567273516],[13.253031019659915,52.52432708598604],[13.24963162253167,52.52419588248475],[13.24757353656243,52.52502865272282],[13.24457224167507,52.52418055101259],[13.239408922444715,52.52626662414101],[13.236441244301659,52.52612207521408],[13.236625093532979,52.52416360705684],[13.234863225481531,52.52065661218637]]]},"properties":{"plz":"14052"}},
{"type":"Feature","geometry":{"type":"Polygon","coordinates":[[[13.22395658939198,52.512465551381005],[13.229119885134097,52.50995777877541],[13.230434625457725,52.51116459761503],[13.231993977944374,52.511381894195594],[13.234806951911063,52.510425185333965],[13.240618332337547,52.511342953049386],[13.240403862869044,52.51194884847439],[13.246571269391753,52.51261226557939],[13.250753280436864,52.512583391267654],[13.250450867264739,52.514533419245126],[13.251399923244474,52.51655841621937],[13.249505051317115,52.51764426084629],[13.24499280166614,52.523085545725664],[13.244661272686324,52.52393820084789],[13.24209535900716,52.523187597140435],[13.241713848937144,52.52216727825599],[13.23510870103016,52.52038782686562],[13.234863225481531,52.52065661218637],[13.230854857878587,52.51717893867199],[13.227396221750242,52.51601253913412],[13.228208645213197,52.51462684857551],[13.224881736299233,52.514228274154675],[13.223119717859447,52.513293960273366],[13.22395658939198,52.512465551381005]]]},"properties":{"plz":"14053"}},
{"type":"Feature","geometry":{"type":"Polygon","coordinates":[[[13.296890710289663,52.49058339018172],[13.29088709017988,52.49404792759887],[13.284370916163116,52.494371639386564],[13.281382477835283,52.49600750962756],[13.281750069503996,52.49720290844112],[13.279044702018677,52.49576790740466],[13.273736030659233,52.49382454722134],[13.268178099191823,52.49090603840157],[13.268716301884679,52.49025883188066],[13.265737906357462,52.488829886771725],[13.265081654340236,52.489507274018756],[13.26252780759294,52.48820805438475],[13.26168213776997,52.488821034266444],[13.259460411223165,52.487962221032745],[13.256969785203724,52.485999860861476],[13.254486966007944,52.48750183427838],[13.258167855315977,52.49007905368395],[13.247215372171684,52.495290834524766],[13.249476644791331,52.497567198403985],[13.251706616591925,52.50285572534038],[13.253997370599487,52.50519948256126],[13.240635173975425,52.50437928763166],[13.239347064306287,52.50331735257851],[13.227887890829043,52.49619870547083],[13.22415399098146,52.49327527700672],[13.215426991839799,52.497436634882924],[13.211991768670673,52.49476908206205],[13.204855160408735,52.498155183404926],[13.203972220092275,52.498097212478136],[13.199073637874555,52.49987783254237],[13.195202197257172,52.499737960525934],[13.191697732900746,52.49867368814617],[13.1898358914458,52.497543493704974],[13.189531157791958,52.492930409561424],[13.187545950918913,52.49120749950799],[13.1865874966904,52.489289775076706],[13.187141977150244,52.48712694551371],[13.189804744832033,52.48433296602921],[13.190161758231298,52.482616928345934],[13.18724402596148,52.47865287793762],[13.188293230023321,52.474080745323306],[13.188159560204417,52.47183267528906],[13.186628803832903,52.46654460184774],[13.191814655484121,52.4661953302339],[13.194017492483528,52.46663477206804],[13.193959384389695,52.46971160856673],[13.194553309479138,52.470973716498634],[13.196614388944576,52.471338900381156],[13.198089476594106,52.46900861089754],[13.200634894140027,52.46904117376798],[13.201556964523967,52.46986497801684],[13.20508976744887,52.4705219716368],[13.211465971099186,52.46943826730889],[13.216536429034415,52.470120078089074],[13.223768894565973,52.46998407816037],[13.23146114512566,52.47075503286027],[13.235095362126128,52.46965816389124],[13.238329712800917,52.46916647274142],[13.252625450184619,52.46674480679822],[13.255595235247364,52.465293824331155],[13.25401070713357,52.46353104199956],[13.254754074263376,52.46191757244862],[13.25381979462573,52.460699627629495],[13.254169686783223,52.45898606569172],[13.25325393819712,52.458021599184136],[13.254391277558312,52.45713190563282],[13.25951821668894,52.45782912879372],[13.262337232929685,52.4583267251016],[13.261914856355498,52.461552550773845],[13.261104075050914,52.46263294511393],[13.258117192877863,52.4644129261649],[13.256112236284737,52.46505370326085],[13.25857419922617,52.46536604171608],[13.26208510445036,52.463742237175246],[13.26521228545741,52.46546829731413],[13.266553864514593,52.467313765258275],[13.262309885129344,52.46717135625693],[13.261104956757013,52.46839252473677],[13.265992792132497,52.47349400146953],[13.27289437135286,52.470252681012475],[13.273717716220455,52.47457773889824],[13.2779291473652,52.473904549479506],[13.278875514576908,52.475015394426265],[13.279052936719003,52.47603320869985],[13.282414519735163,52.478094701522444],[13.28293360844417,52.47909912504168],[13.287117754155565,52.48086271584723],[13.288225867111198,52.48204494402252],[13.291846703245264,52.48381124628439],[13.293789466377294,52.48423910387173],[13.294294460297728,52.485399804304556],[13.296077571819346,52.485732815893584],[13.29964542491199,52.48857353466131],[13.296890710289663,52.49058339018172]]]},"properties":{"plz":"14193"}},
{"type":"Feature","geometry":{"type":"Polygon","coordinates":[[[13.29733759354817,52.51097525912174],[13.294846181626076,52.511461659565505],[13.291443816996916,52.510867939174936],[13.289724334324767,52.51133125506847],[13.286180980317841,52.510504229063834],[13.280907959486388,52.51051050180965],[13.277815886357697,52.510010755967414],[13.274032748402918,52.509924051513714],[13.273324727940661,52.50803385600329],[13.274015056259119,52.5077186898284],[13.274490200316295,52.508158650945894],[13.278995851927489,52.506628083478624],[13.283261000889093,52.506437445778005],[13.284256261561637,52.503258179014864],[13.287458791032506,52.50236605112722],[13.295300749421378,52.50331390030457],[13.298894631795868,52.504222572675054],[13.298727438084866,52.505514380241614],[13.29614030257998,52.5066322996143],[13.296282696916023,52.508461467118984],[13.297414881572577,52.50851764486561],[13.29733759354817,52.51097525912174]]]},"properties":{"plz":"14057"}},
{"type":"Feature","geometry":{"type":"Polygon","coordinates":[[[13.299660173118173,52.52111944998903],[13.300112692625552,52.52188276038493],[13.297786521259571,52.52245684903576],[13.297034273782112,52.52355650766697],[13.296367467061568,52.527205885691906],[13.295095528016875,52.529794948134125],[13.295104091683783,52.53100546025799],[13.292714773727166,52.53167273253047],[13.283321258249481,52.528936403807585],[13.281903595773793,52.526320788162614],[13.279000727108711,52.52784090821039],[13.277916118635254,52.5265553338952],[13.274308116272138,52.52742083438134],[13.274870508151741,52.52323926227808],[13.273832003536475,52.521561073351116],[13.275377092384222,52.5210534363056],[13.275820413266251,52.52199384846595],[13.27779914888088,52.52179300843382],[13.27686165923848,52.519072700693684],[13.278564695378883,52.51832285239729],[13.280172291928467,52.51883621123555],[13.279288376986852,52.514355608802035],[13.280944107454253,52.51397403594514],[13.281116133447261,52.512700241627584],[13.277219048776809,52.51227900589146],[13.27740409417269,52.51123351391372],[13.280731176426183,52.51145267762752],[13.280907959486388,52.51051050180965],[13.286180980317841,52.510504229063834],[13.289724334324767,52.51133125506847],[13.291443816996916,52.510867939174936],[13.294846181626076,52.511461659565505],[13.29733759354817,52.51097525912174],[13.298359033068401,52.51186776945252],[13.297254890228036,52.513761765379876],[13.29846838511831,52.514587409909005],[13.298339152580702,52.51670788144109],[13.296748395360197,52.5186481491877],[13.299579948602005,52.51962296576892],[13.299660173118173,52.52111944998903]]]},"properties":{"plz":"14059"}},
{"type":"Feature","geometry":{"type":"Polygon","coordinates":[[[13.157234529088147,52.50161897059055],[13.149584241246117,52.49631409601121],[13.128330285329387,52.479819474754215],[13.126272537942192,52.47865419908202],[13.117689343744509,52.47731810263199],[13.117225270264116,52.473276576099835],[13.116198873838659,52.471677008198256],[13.11378075304095,52.46979730968502],[13.113946050485927,52.46861537352023],[13.111849559124465,52.46744248638505],[13.110553485601052,52.46565387075345],[13.111420585841804,52.46372550329107],[13.110494566151463,52.45999466568597],[13.11239971552187,52.45899285469221],[13.112669384819721,52.457690949097675],[13.112023451671734,52.45441606581166],[13.109294852371743,52.450630624366816],[13.11535533732603,52.44565045732428],[13.119009922991127,52.44400814315213],[13.119928291200639,52.44151465980847],[13.123114764329975,52.43961049415284],[13.124109990362754,52.44067516605043],[13.130801737502617,52.44141246810231],[13.133267785477091,52.442086903563066],[13.148514682496156,52.44337262727296],[13.154508595670524,52.44659239757611],[13.161858064214192,52.452189695695026],[13.170844934360389,52.456110541664295],[13.177408007775432,52.455914585206386],[13.181205741164767,52.45962249773587],[13.185300015110446,52.46257740670535],[13.186628803832903,52.46654460184774],[13.188159560204417,52.47183267528906],[13.188293230023321,52.474080745323306],[13.18724402596148,52.47865287793762],[13.190161758231298,52.482616928345934],[13.189804744832033,52.48433296602921],[13.187141977150244,52.48712694551371],[13.1865874966904,52.489289775076706],[13.187545950918913,52.49120749950799],[13.189531157791958,52.492930409561424],[13.1898358914458,52.497543493704974],[13.191697732900746,52.49867368814617],[13.185445676289856,52.499974263647935],[13.179784014164342,52.50023339243934],[13.157234529088147,52.50161897059055]]]},"properties":{"plz":"14089"}},
{"type":"Feature","geometry":{"type":"Polygon","coordinates":[[[13.123114764329975,52.43961049415284],[13.122134590465244,52.43787546462913],[13.11721052527924,52.436161246905435],[13.113928809116922,52.43296484583913],[13.112066175983491,52.4323088081206],[13.11278018233019,52.42919529628838],[13.105401767171312,52.42527980990783],[13.104565911429807,52.423982023874885],[13.099969305171424,52.42544535949691],[13.098398585148335,52.42488566518231],[13.097720272928688,52.42346181992519],[13.095835962250716,52.421970554118154],[13.088345519784971,52.41963067650001],[13.090764297031033,52.411558024845455],[13.097388515796311,52.40941934306633],[13.098846646454742,52.41111628180222],[13.096439324263981,52.41308620588607],[13.10030220191533,52.413780171863856],[13.100997703069526,52.41053632949109],[13.105911921176794,52.40954615933068],[13.107143465973442,52.41004225727402],[13.107102227690612,52.4131784740659],[13.10961672391027,52.41293786580221],[13.110128396881723,52.41128203474577],[13.111794025239517,52.4104768912738],[13.110623087531277,52.40944099915382],[13.106923717991036,52.40948321002172],[13.106374666799441,52.408685461715464],[13.109443212350127,52.4080428870394],[13.10831801982968,52.40725161284506],[13.1110946214125,52.40529563861543],[13.111807866063355,52.40398307521],[13.117745024605972,52.402117053540906],[13.12199681134214,52.39854414173103],[13.124776434747597,52.396867346238814],[13.1269188740139,52.396568172994606],[13.132514935127197,52.39865956627153],[13.133504692889433,52.39936197556993],[13.138097967545699,52.39785238522516],[13.135119404703653,52.39737362220766],[13.135708650383233,52.396170935326516],[13.138580105067435,52.39609744930288],[13.134487547502667,52.39368459074467],[13.130160286590145,52.390495937312465],[13.130917400275559,52.391752780261896],[13.12729070599814,52.39160630910911],[13.126728905937439,52.389582792334096],[13.130748988846399,52.38737817254564],[13.1331778080274,52.387301162805514],[13.13397269036327,52.38873069188136],[13.132867994667457,52.38874046213477],[13.130373262528895,52.390366522041816],[13.13470192480531,52.39356146415283],[13.141817272243879,52.39710471324655],[13.143193793355323,52.39724515275866],[13.143855251248313,52.39613618316059],[13.14573526329118,52.39550128638697],[13.153284671701808,52.394836172401845],[13.158860447520059,52.39393811222979],[13.168762891501611,52.39439297254639],[13.171754266750629,52.395640213743185],[13.17116327647598,52.3978226387789],[13.168736669970237,52.39735403526378],[13.157788927011458,52.39635222727342],[13.159379196284869,52.399905626303735],[13.159342189724857,52.402854054616306],[13.19724524672624,52.41553350119935],[13.199264132742595,52.416197751776075],[13.198887478849738,52.41745453931819],[13.197450293089997,52.41787979716465],[13.199640196892227,52.42154714490076],[13.19981128028929,52.4225542818795],[13.196471620228028,52.4220883444548],[13.195500706705213,52.42321983766999],[13.194166059251724,52.42215632007736],[13.189793780345795,52.42400410176548],[13.186910044333198,52.42617629800042],[13.184830861915874,52.429754267736755],[13.182944971087,52.42986133723675],[13.173495695533394,52.42815665191038],[13.161858064214192,52.452189695695026],[13.154508595670524,52.44659239757611],[13.148514682496156,52.44337262727296],[13.133267785477091,52.442086903563066],[13.130801737502617,52.44141246810231],[13.124109990362754,52.44067516605043],[13.123114764329975,52.43961049415284]]]},"properties":{"plz":"14109"}},
{"type":"Feature","geometry":{"type":"Polygon","coordinates":[[[13.186628803832903,52.46654460184774],[13.185300015110446,52.46257740670535],[13.181205741164767,52.45962249773587],[13.177408007775432,52.455914585206386],[13.170844934360389,52.456110541664295],[13.161858064214192,52.452189695695026],[13.173495695533394,52.42815665191038],[13.182944971087,52.42986133723675],[13.184830861915874,52.429754267736755],[13.186910044333198,52.42617629800042],[13.189793780345795,52.42400410176548],[13.194166059251724,52.42215632007736],[13.195500706705213,52.42321983766999],[13.196471620228028,52.4220883444548],[13.19981128028929,52.4225542818795],[13.199640196892227,52.42154714490076],[13.197450293089997,52.41787979716465],[13.198887478849738,52.41745453931819],[13.199264132742595,52.416197751776075],[13.19724524672624,52.41553350119935],[13.19944225611589,52.41540755820118],[13.204505866405922,52.41583105299023],[13.209673267549775,52.41679210677339],[13.218218491838634,52.41934812326192],[13.214842929788842,52.42321780132048],[13.220100111640914,52.4242847533365],[13.218658777754795,52.42659208387555],[13.224090180164607,52.42795422477728],[13.224028237130707,52.429590503425565],[13.225136021427607,52.42983511589862],[13.223812220684625,52.4326452658351],[13.2275003844843,52.43338929721577],[13.225780149501077,52.43743740074142],[13.22878567235589,52.44398451092271],[13.224997704860769,52.443442384526584],[13.225384161660646,52.44428845003609],[13.228766685580203,52.445930075751185],[13.230823658533192,52.44796798201893],[13.231099570746323,52.45066402601043],[13.233816511843639,52.45296020576178],[13.23664699285959,52.45359145705529],[13.240300109327354,52.45520308672792],[13.240548343489746,52.45541418659468],[13.235218096550634,52.457970457349774],[13.242031417673115,52.4633273282666],[13.234953950102687,52.466688489374036],[13.238329712800917,52.46916647274142],[13.235095362126128,52.46965816389124],[13.23146114512566,52.47075503286027],[13.223768894565973,52.46998407816037],[13.216536429034415,52.470120078089074],[13.211465971099186,52.46943826730889],[13.20508976744887,52.4705219716368],[13.201556964523967,52.46986497801684],[13.200634894140027,52.46904117376798],[13.198089476594106,52.46900861089754],[13.196614388944576,52.471338900381156],[13.194553309479138,52.470973716498634],[13.193959384389695,52.46971160856673],[13.194017492483528,52.46663477206804],[13.191814655484121,52.4661953302339],[13.186628803832903,52.46654460184774]]]},"properties":{"plz":"14129"}},
{"type":"Feature","geometry":{"type":"Polygon","coordinates":[[[13.218218491838634,52.41934812326192],[13.225259631713739,52.420914370849225],[13.238497022999569,52.4248435561129],[13.239790020846854,52.424412834901126],[13.24082020928205,52.42545866656267],[13.256630533529504,52.43022995317635],[13.258692665432589,52.430654273555064],[13.259265497818221,52.43089869743853],[13.257900106292754,52.43137164308521],[13.258782858988498,52.43536451069883],[13.256796785566664,52.436895047575014],[13.256854647343886,52.4378882637901],[13.25222918703258,52.437809899949],[13.251596297988751,52.441345075779154],[13.250729882108201,52.442237403202],[13.253405166979508,52.44412680332089],[13.250705518392962,52.446311911625166],[13.252349900724473,52.446650536271555],[13.250537061805726,52.448824065378304],[13.251075607735556,52.44983678424879],[13.249767693069888,52.45073489005034],[13.249574300864314,52.45357497646827],[13.242801067757302,52.452644624246794],[13.239955388334035,52.45492337137575],[13.240300109327354,52.45520308672792],[13.23664699285959,52.45359145705529],[13.233816511843639,52.45296020576178],[13.231099570746323,52.45066402601043],[13.230823658533192,52.44796798201893],[13.228766685580203,52.445930075751185],[13.225384161660646,52.44428845003609],[13.224997704860769,52.443442384526584],[13.22878567235589,52.44398451092271],[13.225780149501077,52.43743740074142],[13.2275003844843,52.43338929721577],[13.223812220684625,52.4326452658351],[13.225136021427607,52.42983511589862],[13.224028237130707,52.429590503425565],[13.224090180164607,52.42795422477728],[13.218658777754795,52.42659208387555],[13.220100111640914,52.4242847533365],[13.214842929788842,52.42321780132048],[13.218218491838634,52.41934812326192]]]},"properties":{"plz":"14163"}},
{"type":"Feature","geometry":{"type":"Polygon","coordinates":[[[13.225259631713739,52.420914370849225],[13.23314054047727,52.420341449165626],[13.237622693336778,52.420793041220186],[13.245946465926943,52.42117331976196],[13.247146350204265,52.41889633510191],[13.249028402399432,52.411760568225255],[13.248969672741545,52.408827093477875],[13.249773940546252,52.404978819924125],[13.25203023522914,52.40575346420254],[13.257132510371575,52.406399498186104],[13.25973481839887,52.40622876732741],[13.263593398618887,52.40499061878679],[13.268937811635288,52.40423045380543],[13.268350956138475,52.404483901466264],[13.267608432232747,52.4074427957637],[13.266355013091422,52.40816062109645],[13.265805440731068,52.41032116543184],[13.266179544238174,52.41202260642099],[13.270151857110283,52.412212591176505],[13.269980969336691,52.41281059520204],[13.266169885031378,52.41212592492354],[13.265707049682218,52.412654732596465],[13.264152308020572,52.41891645431283],[13.262694285586687,52.42248151924731],[13.261381591772839,52.42372932724768],[13.258872179617734,52.42338903659291],[13.257387724378736,52.426001354838334],[13.259786280741904,52.426430301419025],[13.259675676388513,52.42930661987446],[13.258692665432589,52.430654273555064],[13.256630533529504,52.43022995317635],[13.24082020928205,52.42545866656267],[13.239790020846854,52.424412834901126],[13.238497022999569,52.4248435561129],[13.225259631713739,52.420914370849225]]]},"properties":{"plz":"14165"}},
{"type":"Feature","geometry":{"type":"Polygon","coordinates":[[[13.281936209461373,52.43887710721854],[13.278002581995157,52.43757417803806],[13.259265497818221,52.43089869743853],[13.258692665432589,52.430654273555064],[13.259675676388513,52.42930661987446],[13.259786280741904,52.426430301419025],[13.257387724378736,52.426001354838334],[13.258872179617734,52.42338903659291],[13.261381591772839,52.42372932724768],[13.262694285586687,52.42248151924731],[13.264152308020572,52.41891645431283],[13.265707049682218,52.412654732596465],[13.266169885031378,52.41212592492354],[13.269980969336691,52.41281059520204],[13.270151857110283,52.412212591176505],[13.266179544238174,52.41202260642099],[13.265805440731068,52.41032116543184],[13.266355013091422,52.40816062109645],[13.267608432232747,52.4074427957637],[13.268350956138475,52.404483901466264],[13.268937811635288,52.40423045380543],[13.271996357625003,52.4043124628085],[13.275809707428834,52.40519376414825],[13.280347860353084,52.40736038102529],[13.293216060559448,52.41455804540623],[13.296746899262654,52.416248478195044],[13.297568660107776,52.41662102385886],[13.294090928373759,52.41978451932773],[13.28998207100244,52.41869986915415],[13.289649090125144,52.41919049630481],[13.293601109206428,52.420221694585464],[13.294658351021297,52.42154033063611],[13.292881459828179,52.42403903913988],[13.291041389723981,52.42398799713083],[13.289150616216567,52.42653665117581],[13.286863321450989,52.42593966917106],[13.286245747717633,52.42691295580222],[13.288489023045491,52.4275044316648],[13.28792112157713,52.42871242266335],[13.28928526006358,52.42931394279117],[13.287482950645416,52.42987045783712],[13.286798701449758,52.43186175374894],[13.283205242439754,52.43187563334583],[13.281934677752554,52.43247314908386],[13.279752530754473,52.43231489045222],[13.281936209461373,52.43887710721854]]]},"properties":{"plz":"14167"}},
{"type":"Feature","geometry":{"type":"Polygon","coordinates":[[[13.283108981250319,52.4421831461298],[13.274027883844557,52.44292387772122],[13.271600804035161,52.442805178565834],[13.27139334066504,52.44373288479795],[13.26547643561956,52.44828021713937],[13.266706226309998,52.450424605354634],[13.269673559625469,52.45017568251574],[13.270711746225953,52.45093819056512],[13.268511731786571,52.451061854652174],[13.268179280374127,52.45287796212027],[13.269386870621915,52.45416132583762],[13.26761308522494,52.45412899259093],[13.26595702823867,52.45499206925689],[13.263289340056843,52.45364398150048],[13.261794293709636,52.454061753408304],[13.26170293878489,52.4565732586665],[13.25951821668894,52.45782912879372],[13.254391277558312,52.45713190563282],[13.25325393819712,52.458021599184136],[13.254169686783223,52.45898606569172],[13.25381979462573,52.460699627629495],[13.254754074263376,52.46191757244862],[13.25401070713357,52.46353104199956],[13.255595235247364,52.465293824331155],[13.252625450184619,52.46674480679822],[13.238329712800917,52.46916647274142],[13.234953950102687,52.466688489374036],[13.242031417673115,52.4633273282666],[13.235218096550634,52.457970457349774],[13.240548343489746,52.45541418659468],[13.240300109327354,52.45520308672792],[13.239955388334035,52.45492337137575],[13.242801067757302,52.452644624246794],[13.249574300864314,52.45357497646827],[13.249767693069888,52.45073489005034],[13.251075607735556,52.44983678424879],[13.250537061805726,52.448824065378304],[13.252349900724473,52.446650536271555],[13.250705518392962,52.446311911625166],[13.253405166979508,52.44412680332089],[13.250729882108201,52.442237403202],[13.251596297988751,52.441345075779154],[13.25222918703258,52.437809899949],[13.256854647343886,52.4378882637901],[13.256796785566664,52.436895047575014],[13.258782858988498,52.43536451069883],[13.257900106292754,52.43137164308521],[13.259265497818221,52.43089869743853],[13.278002581995157,52.43757417803806],[13.281936209461373,52.43887710721854],[13.282059693200596,52.43925940339501],[13.286725283590494,52.44102891817834],[13.283108981250319,52.4421831461298]]]},"properties":{"plz":"14169"}},
{"type":"Feature","geometry":{"type":"Polygon","coordinates":[[[13.310216917443404,52.46682308456121],[13.310357068726693,52.467799414476445],[13.30869298235752,52.46798367178993],[13.30799711909535,52.467351831486454],[13.306101782665932,52.46858237877392],[13.302197608858009,52.46962407176023],[13.30209415478154,52.46868378002177],[13.297609712847533,52.46938133480803],[13.297613491377263,52.470256648712166],[13.295287524388536,52.470574572784024],[13.29436765204881,52.46981171789258],[13.293525735266956,52.470813161850444],[13.290061361326961,52.47085187975892],[13.289878859705128,52.469890682888355],[13.287841317376369,52.47077903766985],[13.286677524094179,52.47017718412205],[13.284264728989486,52.471055411397785],[13.28451806476248,52.47159624465393],[13.280902343355761,52.47422781367849],[13.278875514576908,52.475015394426265],[13.2779291473652,52.473904549479506],[13.273717716220455,52.47457773889824],[13.27289437135286,52.470252681012475],[13.265992792132497,52.47349400146953],[13.261104956757013,52.46839252473677],[13.262309885129344,52.46717135625693],[13.266553864514593,52.467313765258275],[13.26521228545741,52.46546829731413],[13.26208510445036,52.463742237175246],[13.25857419922617,52.46536604171608],[13.256112236284737,52.46505370326085],[13.258117192877863,52.4644129261649],[13.261104075050914,52.46263294511393],[13.261914856355498,52.461552550773845],[13.262337232929685,52.4583267251016],[13.25951821668894,52.45782912879372],[13.26170293878489,52.4565732586665],[13.261794293709636,52.454061753408304],[13.263289340056843,52.45364398150048],[13.26595702823867,52.45499206925689],[13.26761308522494,52.45412899259093],[13.269386870621915,52.45416132583762],[13.268179280374127,52.45287796212027],[13.268511731786571,52.451061854652174],[13.270711746225953,52.45093819056512],[13.269673559625469,52.45017568251574],[13.266706226309998,52.450424605354634],[13.26547643561956,52.44828021713937],[13.27139334066504,52.44373288479795],[13.271600804035161,52.442805178565834],[13.274027883844557,52.44292387772122],[13.283108981250319,52.4421831461298],[13.28597404023713,52.443862070040076],[13.286918773717293,52.443406465279864],[13.288487638098214,52.44460260335291],[13.29352248064812,52.445883126683874],[13.294820608747164,52.44791328398506],[13.296255365733916,52.44663669375319],[13.29878568324167,52.44754690334179],[13.298055513844677,52.4490195971678],[13.300195125291086,52.44987926304305],[13.297148845707474,52.45166815627527],[13.29866165734129,52.452565642289784],[13.298528323760024,52.45348551184194],[13.300054745083312,52.454941991045516],[13.305026333708158,52.45501493152237],[13.307020500698481,52.45956671484442],[13.305388349680637,52.4594463625771],[13.30469888171874,52.46179720614084],[13.305570244912133,52.46215095562853],[13.306437582815061,52.46529415860204],[13.310216917443404,52.46682308456121]]]},"properties":{"plz":"14195"}},
{"type":"Feature","geometry":{"type":"Polygon","coordinates":[[[13.310610230009818,52.48053691520743],[13.310172402552668,52.479194033761246],[13.306703640897762,52.47893756562538],[13.30279604185526,52.47911924339126],[13.302577396107274,52.477425554651866],[13.30096682522202,52.477484036579725],[13.300596565738278,52.47421006721777],[13.299090867869602,52.473835654292714],[13.300837987966277,52.47240620634706],[13.302680916601622,52.47214346661859],[13.304398515910401,52.470297801184486],[13.30570978155706,52.471699696016394],[13.306894861123109,52.469403213513154],[13.30869298235752,52.46798367178993],[13.310357068726693,52.467799414476445],[13.310216917443404,52.46682308456121],[13.312760715654322,52.46583234164109],[13.313591812956682,52.466697267805365],[13.315532644527506,52.466068828694326],[13.31616733859796,52.46704195821318],[13.321415924497902,52.467049332892586],[13.320434599469449,52.46787986207929],[13.320780895738155,52.471206731217464],[13.320174696051176,52.471405564954196],[13.320723135356282,52.47402121107125],[13.322884734908662,52.474491395210144],[13.323627003683864,52.47548542900862],[13.321685703307727,52.47549931026316],[13.320481426267087,52.4774678751647],[13.32048415310727,52.477711421325104],[13.314798047072797,52.478622189467316],[13.310610230009818,52.48053691520743]]]},"properties":{"plz":"14197"}},
{"type":"Feature","geometry":{"type":"Polygon","coordinates":[[[13.29964542491199,52.48857353466131],[13.296077571819346,52.485732815893584],[13.294294460297728,52.485399804304556],[13.293789466377294,52.48423910387173],[13.291846703245264,52.48381124628439],[13.288225867111198,52.48204494402252],[13.287117754155565,52.48086271584723],[13.28293360844417,52.47909912504168],[13.282414519735163,52.478094701522444],[13.279052936719003,52.47603320869985],[13.278875514576908,52.475015394426265],[13.280902343355761,52.47422781367849],[13.28451806476248,52.47159624465393],[13.284264728989486,52.471055411397785],[13.286677524094179,52.47017718412205],[13.287841317376369,52.47077903766985],[13.289878859705128,52.469890682888355],[13.290061361326961,52.47085187975892],[13.293525735266956,52.470813161850444],[13.29436765204881,52.46981171789258],[13.295287524388536,52.470574572784024],[13.297613491377263,52.470256648712166],[13.297609712847533,52.46938133480803],[13.30209415478154,52.46868378002177],[13.302197608858009,52.46962407176023],[13.306101782665932,52.46858237877392],[13.30799711909535,52.467351831486454],[13.30869298235752,52.46798367178993],[13.306894861123109,52.469403213513154],[13.30570978155706,52.471699696016394],[13.304398515910401,52.470297801184486],[13.302680916601622,52.47214346661859],[13.300837987966277,52.47240620634706],[13.299090867869602,52.473835654292714],[13.300596565738278,52.47421006721777],[13.30096682522202,52.477484036579725],[13.302577396107274,52.477425554651866],[13.30279604185526,52.47911924339126],[13.306703640897762,52.47893756562538],[13.310172402552668,52.479194033761246],[13.310610230009818,52.48053691520743],[13.300373661519682,52.48804173837787],[13.29964542491199,52.48857353466131]]]},"properties":{"plz":"14199"}},
{"type":"Feature","geometry":{"type":"Polygon","coordinates":[[[13.501409277809266,52.46071408905707],[13.501604272641522,52.461472770142045],[13.501900962459363,52.461650119589386],[13.502377129068032,52.46131182123682],[13.5016580661142,52.46066043134396],[13.50203083841954,52.460464014852256],[13.503693716365424,52.45926063549009],[13.50545808596134,52.45803037633711],[13.508260861882244,52.4562825992444],[13.509248427022053,52.45555026658538],[13.512305308332616,52.45382870528854],[13.516121988058556,52.451693488102],[13.518042570395131,52.45067527109263],[13.518257618856811,52.45055324841726],[13.518689285767431,52.45086907466139],[13.530208391965672,52.44320435000084],[13.530496241694486,52.442710314964806],[13.531583211350464,52.44330880539209],[13.533160517202868,52.44224513297978],[13.536633080184691,52.44417995384879],[13.532981045697259,52.44643279161995],[13.532787081518213,52.4477348099588],[13.537546030112715,52.447990100363256],[13.541381788990114,52.44498147366911],[13.544011585667205,52.446449059768234],[13.540412295622318,52.448150379992065],[13.542710779898371,52.44989544214157],[13.542792866408798,52.450043780436985],[13.542864675789781,52.45018222599778],[13.553311486889168,52.44798289410309],[13.554682829562,52.45034453346025],[13.554961510029935,52.45082818533713],[13.55850052135013,52.44984083033645],[13.558223301518746,52.45313878298173],[13.553245222080877,52.45333801757469],[13.552871443898802,52.45342855203297],[13.55044050199443,52.453944652744475],[13.550028476484178,52.454029761700525],[13.545996109449202,52.45503629982377],[13.540085935213556,52.455572244347614],[13.538192700511276,52.45557085081178],[13.532944281081162,52.453361498053816],[13.53217971283249,52.453203625769945],[13.527982634838086,52.45272661675084],[13.52727637679445,52.4528158950184],[13.522881457296727,52.45394176339648],[13.522289431430643,52.45423241364081],[13.521692945770331,52.45453923220867],[13.52163089782058,52.45465061247534],[13.520603764100905,52.45663935091752],[13.52057183064619,52.45707247992084],[13.519471051604503,52.45784254867384],[13.517230277612788,52.45794475125575],[13.512614650604284,52.459355810671184],[13.512504233256738,52.45938625919339],[13.510495063416403,52.46033150622721],[13.508461101575996,52.46116256408305],[13.507724773404197,52.46142693571294],[13.505918019464946,52.461989475446806],[13.505869576193144,52.461949884619905],[13.502400810257685,52.46387484490956],[13.50144680958071,52.465117597833974],[13.500493840612661,52.46649514347895],[13.496015776651694,52.46370172887475],[13.501409277809266,52.46071408905707]]]},"properties":{"plz":"12439"}},
{"type":"Feature","geometry":{"type":"Polygon","coordinates":[[[13.287458791032506,52.50236605112722],[13.284256261561637,52.503258179014864],[13.283261000889093,52.506437445778005],[13.278995851927489,52.506628083478624],[13.274490200316295,52.508158650945894],[13.274015056259119,52.5077186898284],[13.272347309408364,52.50705229281481],[13.266510990880242,52.50232928340575],[13.264228753554969,52.50604815656304],[13.261185778212132,52.508033818302614],[13.260682041064975,52.50927870162483],[13.257294130711077,52.50844050569416],[13.253484558495881,52.51218943959496],[13.250753280436864,52.512583391267654],[13.246571269391753,52.51261226557939],[13.240403862869044,52.51194884847439],[13.240618332337547,52.511342953049386],[13.234806951911063,52.510425185333965],[13.231993977944374,52.511381894195594],[13.230434625457725,52.51116459761503],[13.229119885134097,52.50995777877541],[13.22395658939198,52.512465551381005],[13.223402498712481,52.51217159895306],[13.219448461793482,52.51399042368398],[13.216429966015498,52.511647970073],[13.214975547164725,52.50950859704742],[13.211854601047072,52.50934492196633],[13.208759673684758,52.50504381622692],[13.209725379218378,52.502907508667654],[13.205126498089745,52.50134640674975],[13.199073637874555,52.49987783254237],[13.203972220092275,52.498097212478136],[13.204855160408735,52.498155183404926],[13.211991768670673,52.49476908206205],[13.215426991839799,52.497436634882924],[13.22415399098146,52.49327527700672],[13.227887890829043,52.49619870547083],[13.239347064306287,52.50331735257851],[13.240635173975425,52.50437928763166],[13.253997370599487,52.50519948256126],[13.251706616591925,52.50285572534038],[13.249476644791331,52.497567198403985],[13.247215372171684,52.495290834524766],[13.258167855315977,52.49007905368395],[13.254486966007944,52.48750183427838],[13.256969785203724,52.485999860861476],[13.259460411223165,52.487962221032745],[13.26168213776997,52.488821034266444],[13.26252780759294,52.48820805438475],[13.265081654340236,52.489507274018756],[13.265737906357462,52.488829886771725],[13.268716301884679,52.49025883188066],[13.268178099191823,52.49090603840157],[13.273736030659233,52.49382454722134],[13.279044702018677,52.49576790740466],[13.281750069503996,52.49720290844112],[13.280710508777839,52.49870603408966],[13.27744006454845,52.49833605819149],[13.280355753213623,52.499253178208775],[13.279849717800847,52.49993647440245],[13.287458791032506,52.50236605112722]]]},"properties":{"plz":"14055"}}
]}