{"type":"FeatureCollection","features":[{"type":"Feature","id":260955303,"properties":{"osmId":260955303,"osmType":"node","access":"yes","amenity":"drinking_water","bottle":"yes","description":"Trinkbrunnen","fee":"no","fountain":"bubbler","wheelchair":"limited"},"geometry":{"type":"Point","coordinates":[13.2059831,52.5461978]}},{"type":"Feature","id":408474132,"properties":{"osmId":408474132,"osmType":"node","amenity":"drinking_water","designation":"Fachschaftsrat VIII","level":"1","opening_hours":"We,Th 12:15-13:45","ref:room":"A 112"},"geometry":{"type":"Point","coordinates":[13.3508222,52.545075]}},{"type":"Feature","id":449162395,"properties":{"osmId":449162395,"osmType":"node","amenity":"drinking_water","description":"Trinkbrunnen","fountain":"bubbler","name":"Wiener Trinkbrunnen","wheelchair":"limited"},"geometry":{"type":"Point","coordinates":[13.3250412,52.5027369]}},{"type":"Feature","id":449162399,"properties":{"osmId":449162399,"osmType":"node","amenity":"drinking_water","description":"Trinkbrunnen","fountain":"bubbler","wheelchair":"yes"},"geometry":{"type":"Point","coordinates":[13.3276757,52.503248]}},{"type":"Feature","id":760002903,"properties":{"osmId":760002903,"osmType":"node","access":"yes","addr:floor":"0","amenity":"drinking_water","bottle":"yes","check_date":"2024-07-22","cold_water":"yes","covered":"no","drinking_water:legal":"yes","fee":"no","fountain":"bubbler","indoor":"no","level":"0","operator":"Berliner Wasserbetriebe","operator:short":"BWB","operator:wikidata":"Q821856","source":"survey","wheelchair":"yes"},"geometry":{"type":"Point","coordinates":[13.4461433,52.472202]}},{"type":"Feature","id":789400935,"properties":{"osmId":789400935,"osmType":"node","amenity":"drinking_water","description":"Trinkbrunnen","fountain":"bubbler","operator":"Berliner Wasserbetriebe","operator:short":"BWB","operator:wikidata":"Q821856","operator:wikipedia":"de:Berliner Wasserbetriebe","wheelchair":"limited"},"geometry":{"type":"Point","coordinates":[13.3304781,52.5034004]}},{"type":"Feature","id":801681456,"properties":{"osmId":801681456,"osmType":"node","amenity":"drinking_water","description":"Trinkbrunnen","fountain":"bubbler"},"geometry":{"type":"Point","coordinates":[13.3813936,52.5525831]}},{"type":"Feature","id":821597739,"properties":{"osmId":821597739,"osmType":"node","amenity":"drinking_water","check_date":"2025-07-28","description":"Trinkbrunnen","drinking_water":"yes","man_made":"water_tap"},"geometry":{"type":"Point","coordinates":[13.3034619,52.4821114]}},{"type":"Feature","id":822490895,"properties":{"osmId":822490895,"osmType":"node","access":"customers","amenity":"drinking_water","bottle":"yes","description":"Trinkbrunnen, nur außerhalb der Frostperiode","fountain":"bubbler","opening_hours":"open; Nov-Apr: off","wheelchair":"limited"},"geometry":{"type":"Point","coordinates":[13.3022781,52.4554121]}},{"type":"Feature","id":1130227591,"properties":{"osmId":1130227591,"osmType":"node","amenity":"drinking_water","description":"Trinkbrunnen","fountain":"bubbler","wheelchair":"yes"},"geometry":{"type":"Point","coordinates":[13.4189631,52.4986636]}},{"type":"Feature","id":1255759952,"properties":{"osmId":1255759952,"osmType":"node","access":"customers","amenity":"drinking_water","bottle":"yes","description":"Trinkbrunnen","fountain":"bubbler","wheelchair":"limited"},"geometry":{"type":"Point","coordinates":[13.4093084,52.4315183]}},{"type":"Feature","id":1348055731,"properties":{"osmId":1348055731,"osmType":"node","amenity":"drinking_water","description":"Trinkbrunnen, nur außerhalb der Frostperiode","fountain":"bubbler","wheelchair":"no"},"geometry":{"type":"Point","coordinates":[13.3059014,52.4557499]}},{"type":"Feature","id":1442452766,"properties":{"osmId":1442452766,"osmType":"node","access":"yes","amenity":"drinking_water","bottle":"yes","description":"Trinkbrunnen","fee":"no","fountain":"bubbler","wheelchair":"limited"},"geometry":{"type":"Point","coordinates":[13.1970197,52.5249428]}},{"type":"Feature","id":1743967859,"properties":{"osmId":1743967859,"osmType":"node","amenity":"drinking_water","description":"Trinkbrunnen Ringkolonnaden","drinking_water":"yes","fountain":"bubbler","operator":"Berliner Wasserbetriebe","operator:short":"BWB","operator:wikidata":"Q821856","operator:wikipedia":"de:Berliner Wasserbetriebe","website":"https://www.stadtentwicklung.berlin.de/bauen/brunnen/de/mar_hel/19.shtml"},"geometry":{"type":"Point","coordinates":[13.5630502,52.5545592]}},{"type":"Feature","id":1773877379,"properties":{"osmId":1773877379,"osmType":"node","access":"yes","amenity":"drinking_water","check_date":"2023-08-21","description":"Trinkbrunnen","drinking_water":"yes","fee":"no","fountain":"bubbler","operator":"Berliner Wasserbetriebe","operator:short":"BWB","operator:wikidata":"Q821856","source":"http://www.stadtentwicklung.berlin.de/bauen/brunnen/de/pan/25.shtml","wheelchair":"limited","wikimedia_commons":"File:Bubbler, Spielplatz Kollwitzplatz, Berlin, Germany Aug 21, 2023 06-18-53 PM.jpeg"},"geometry":{"type":"Point","coordinates":[13.4182015,52.5367424]}},{"type":"Feature","id":1776499517,"properties":{"osmId":1776499517,"osmType":"node","amenity":"drinking_water","man_made":"drinking_fountain","wheelchair":"yes"},"geometry":{"type":"Point","coordinates":[13.4921282,52.4202153]}},{"type":"Feature","id":1800494148,"properties":{"osmId":1800494148,"osmType":"node","amenity":"drinking_water","description":"Trinkbrunnen","fountain":"bubbler","operator":"Berliner Wasserbetriebe","operator:short":"BWB","operator:wikidata":"Q821856","operator:wikipedia":"de:Berliner Wasserbetriebe","wheelchair":"limited"},"geometry":{"type":"Point","coordinates":[13.4270349,52.4883515]}},{"type":"Feature","id":2088659295,"properties":{"osmId":2088659295,"osmType":"node","access":"yes","amenity":"drinking_water","bottle":"yes","description":"Trinkbrunnen","fee":"no","fountain":"bubbler","wheelchair":"limited"},"geometry":{"type":"Point","coordinates":[13.2070095,52.5346659]}},{"type":"Feature","id":2364863441,"properties":{"osmId":2364863441,"osmType":"node","amenity":"drinking_water","drinking_water":"yes","fountain":"bubbler","operator":"Berliner Wasserbetriebe","operator:short":"BWB","operator:wikidata":"Q821856","operator:wikipedia":"de:Berliner Wasserbetriebe","wheelchair":"limited"},"geometry":{"type":"Point","coordinates":[13.3724099,52.499449]}},{"type":"Feature","id":2394280415,"properties":{"osmId":2394280415,"osmType":"node","access":"customers","amenity":"drinking_water","check_date":"2024-03-13","description":"Trinkbrunnen","man_made":"water_tap"},"geometry":{"type":"Point","coordinates":[13.41944,52.433937]}},{"type":"Feature","id":2892843629,"properties":{"osmId":2892843629,"osmType":"node","access":"yes","amenity":"drinking_water","bottle":"yes","description":"Trinkbrunnen","drinking_water":"yes","fee":"no","man_made":"water_tap","operator":"Evangelische Friedensgemeinde Charlottenburg","wheelchair":"limited"},"geometry":{"type":"Point","coordinates":[13.2538261,52.5052032]}},{"type":"Feature","id":2935343034,"properties":{"osmId":2935343034,"osmType":"node","access":"yes","amenity":"drinking_water","bottle":"yes","description":"Öffentlicher Trinkwasserbrunnen","fee":"no","fountain":"bubbler","indoor":"no","operator":"Energie und Wasser Potsdam GmbH","operator:short":"EWP","operator:type":"public","wheelchair":"yes"},"geometry":{"type":"Point","coordinates":[13.0919155,52.3930189]}},{"type":"Feature","id":3033134292,"properties":{"osmId":3033134292,"osmType":"node","access":"yes","addr:floor":"0","amenity":"drinking_water","bottle":"yes","check_date":"2024-09-20","covered":"no","description":"Trinkbrunnen","drinking_water:seasonal":"yes","fee":"no","fountain":"bubbler","indoor":"no","level":"0","operator":"Berliner Wasserbetriebe","operator:short":"BWB","operator:wikidata":"Q821856","operator:wikipedia":"de:Berliner Wasserbetriebe","source":"survey"},"geometry":{"type":"Point","coordinates":[13.342612,52.5257542]}},{"type":"Feature","id":3048897564,"properties":{"osmId":3048897564,"osmType":"node","access":"yes","amenity":"drinking_water","bottle":"yes","fee":"no","fountain":"bubbler","opening_hours":"May-Oct: open","operator":"Berliner Wasserbetriebe","operator:short":"BWB","operator:wikidata":"Q821856","operator:wikipedia":"de:Berliner Wasserbetriebe","wheelchair":"limited"},"geometry":{"type":"Point","coordinates":[13.3201723,52.4251203]}},{"type":"Feature","id":3126847766,"properties":{"osmId":3126847766,"osmType":"node","access":"yes","amenity":"drinking_water","bottle":"yes","drinking_water":"yes","drinking_water:legal":"yes","fee":"no","fountain":"drinking","operator":"Berliner Wasserbetriebe","operator:wikidata":"Q821856","wheelchair":"yes"},"geometry":{"type":"Point","coordinates":[13.2104745,52.4765982]}},{"type":"Feature","id":3517710497,"properties":{"osmId":3517710497,"osmType":"node","access":"yes","amenity":"drinking_water","bottle":"yes","description":"Trinkbrunnen","drinking_water":"yes","drinking_water:legal":"yes","drinking_water:seasonal":"yes","fee":"no","fountain":"bubbler","opening_hours":"Apr-Oct: Mo-Su,PH 00:00-24:00","operator":"Berliner Wasserbetriebe","operator:short":"BWB","operator:wikidata":"Q821856","operator:wikipedia":"de:Berliner Wasserbetriebe","wheelchair":"limited"},"geometry":{"type":"Point","coordinates":[13.5263703,52.4586807]}},{"type":"Feature","id":3627125409,"properties":{"osmId":3627125409,"osmType":"node","access":"yes","amenity":"drinking_water","bottle":"yes","description":"Trinkbrunnen","drinking_water":"yes","drinking_water:legal":"yes","drinking_water:seasonal":"yes","fee":"no","fountain":"bubbler","opening_hours":"Apr-Oct: Mo-Su,PH 00:00-24:00","operator":"Berliner Wasserbetriebe","operator:short":"BWB","operator:wikidata":"Q821856","operator:wikipedia":"de:Berliner Wasserbetriebe","wheelchair":"limited"},"geometry":{"type":"Point","coordinates":[13.526608,52.4820804]}},{"type":"Feature","id":3726031157,"properties":{"osmId":3726031157,"osmType":"node","amenity":"drinking_water","description":"Trinkbrunnen","drinking_water":"yes","fountain":"bubbler","operator":"Berliner Wasserbetriebe","operator:short":"BWB","operator:wikidata":"Q821856","wheelchair":"no"},"geometry":{"type":"Point","coordinates":[13.5024523,52.5660393]}},{"type":"Feature","id":3726035862,"properties":{"osmId":3726035862,"osmType":"node","access":"yes","amenity":"drinking_water","bottle":"yes","covered":"no","description":"Trinkbrunnen","drinking_water":"yes","fee":"no","fountain":"bubbler","indoor":"no","level":"0","lit":"no","operator":"Berliner Wasserbetriebe","operator:short":"BWB","operator:wikidata":"Q821856","operator:wikipedia":"de:Berliner Wasserbetriebe","source":"survey","wheelchair":"limited"},"geometry":{"type":"Point","coordinates":[13.4329038,52.5285384]}},{"type":"Feature","id":4367704200,"properties":{"osmId":4367704200,"osmType":"node","access":"yes","amenity":"drinking_water","bottle":"yes","description":"Trinkbrunnen","drinking_water":"yes","drinking_water:legal":"yes","drinking_water:seasonal":"yes","fee":"no","fountain":"bubbler","opening_hours":"May-Oct: Mo-Su,PH 00:00-24:00","operator":"Berliner Wasserbetriebe","operator:short":"BWB","operator:wikidata":"Q821856","operator:wikipedia":"de:Berliner Wasserbetriebe","start_date":"2015","website":"https://www.bwb.de/trinkbrunnen","wheelchair":"yes"},"geometry":{"type":"Point","coordinates":[13.5793379,52.458332]}},{"type":"Feature","id":4371227509,"properties":{"osmId":4371227509,"osmType":"node","amenity":"drinking_water","description":"Trinkbrunnen, nur außerhalb der Frostperiode","fountain":"bubbler","wheelchair":"no"},"geometry":{"type":"Point","coordinates":[13.3057149,52.4559221]}},{"type":"Feature","id":4560276928,"properties":{"osmId":4560276928,"osmType":"node","amenity":"drinking_water","description":"Trinkbrunnen","drinking_water":"yes","drinking_water:legal":"yes","drinking_water:seasonal":"yes","fee":"no","fountain":"drinking","man_made":"drinking_fountain","opening_hours":"Apr-Oct: Mo-Su,PH 00:00-24:00","operator":"Berliner Wasserbetriebe","operator:short":"BWB","operator:wikidata":"Q821856","operator:wikipedia":"de:Berliner Wasserbetriebe","wheelchair":"yes"},"geometry":{"type":"Point","coordinates":[13.4989954,52.510494]}},{"type":"Feature","id":4799726859,"properties":{"osmId":4799726859,"osmType":"node","amenity":"drinking_water","description":"Trinkbrunnen","fountain":"bubbler","name":"Trinkbrunnen","operator":"Berliner Wasserbetriebe","operator:short":"BWB","operator:wikidata":"Q821856","operator:wikipedia":"de:Berliner Wasserbetriebe"},"geometry":{"type":"Point","coordinates":[13.4113889,52.5673196]}},{"type":"Feature","id":4850307508,"properties":{"osmId":4850307508,"osmType":"node","amenity":"drinking_water","description":"Trinkbrunnen","fountain":"bubbler","operational_status":"under_construction","operator":"Berliner Wasserbetriebe","operator:short":"BWB","operator:wikidata":"Q821856","operator:wikipedia":"de:Berliner Wasserbetriebe","survey:date":"2024-08-14","wheelchair":"yes"},"geometry":{"type":"Point","coordinates":[13.40452,52.5698534]}},{"type":"Feature","id":4985382302,"properties":{"osmId":4985382302,"osmType":"node","amenity":"drinking_water","bottle":"yes","description":"Trinkbrunnen, Schüttung circa 30 ml pro Sekunde, Flaschen füllen möglich","fee":"no","fountain":"bubbler","name":"Trinkbrunnen","opening_hours":"24/7","operator":"Berliner Wasserbetriebe","operator:short":"BWB","operator:wikidata":"Q821856","operator:wikipedia":"de:Berliner Wasserbetriebe","seasonal":"spring;summer;autumn"},"geometry":{"type":"Point","coordinates":[13.3872405,52.549671]}},{"type":"Feature","id":5016215822,"properties":{"osmId":5016215822,"osmType":"node","access":"yes","amenity":"drinking_water","description":"Trinkbrunnen","drinking_water:seasonal":"yes","fee":"no","fountain":"bubbler"},"geometry":{"type":"Point","coordinates":[13.398695,52.5412732]}},{"type":"Feature","id":5043072467,"properties":{"osmId":5043072467,"osmType":"node","access":"yes","addr:floor":"0","amenity":"drinking_water","bottle":"yes","colour":"blue","covered":"no","description":"Trinkbrunnen; Mai-Okt","fee":"no","fountain":"bubbler","image":"File:Trinkbrunnen am Spittelmarkt Berlin-Mitte 02.jpg","indoor":"no","level":"0","lit":"yes","material":"metal","operator":"Berliner Wasserbetriebe","operator:short":"BWB","operator:wikidata":"Q821856","source":"survey","wheelchair":"yes","wikidata":"Q115356872","wikimedia_commons":"Category:Trinkbrunnen der Berliner Wasserbetriebe am Spittelmarkt, Berlin-Mitte"},"geometry":{"type":"Point","coordinates":[13.4017636,52.5110324]}},{"type":"Feature","id":5121788895,"properties":{"osmId":5121788895,"osmType":"node","access":"yes","amenity":"drinking_water","bottle":"no","covered":"no","drinking_water":"unknown","fee":"no","lit":"no","man_made":"water_tap"},"geometry":{"type":"Point","coordinates":[13.3404983,52.6341331]}},{"type":"Feature","id":5814732183,"properties":{"osmId":5814732183,"osmType":"node","amenity":"drinking_water","bottle":"yes","fountain":"bubbler","operator":"Berliner Wasserbetriebe","operator:short":"BWB","operator:wikidata":"Q821856","panoramax":"28d5987a-3e74-4233-9897-20ba3d88f8be","wheelchair":"limited"},"geometry":{"type":"Point","coordinates":[13.3901552,52.5079674]}},{"type":"Feature","id":5853401781,"properties":{"osmId":5853401781,"osmType":"node","amenity":"drinking_water","bottle":"yes","fee":"no","fountain":"bubbler","operator":"Berliner Wasserbetriebe","operator:short":"BWB","operator:wikidata":"Q821856","operator:wikipedia":"de:Berliner Wasserbetriebe","wheelchair":"limited"},"geometry":{"type":"Point","coordinates":[13.3736379,52.4957248]}},{"type":"Feature","id":5950812281,"properties":{"osmId":5950812281,"osmType":"node","amenity":"drinking_water","fountain":"bubbler","operator":"Berliner Wasserbetriebe","operator:short":"BWB","operator:wikidata":"Q821856","operator:wikipedia":"de:Berliner Wasserbetriebe"},"geometry":{"type":"Point","coordinates":[13.4716309,52.5297187]}},{"type":"Feature","id":5962632208,"properties":{"osmId":5962632208,"osmType":"node","amenity":"drinking_water","description":"Trinkbrunnen","drinking_water":"yes","drinking_water:legal":"yes","drinking_water:seasonal":"yes","fee":"no","fountain":"bubbler","opening_hours":"Apr-Oct: Mo-Su,PH 00:00-24:00","operator":"Berliner Wasserbetriebe","operator:short":"BWB","operator:wikidata":"Q821856","operator:wikipedia":"de:Berliner Wasserbetriebe","start_date":"2018","wheelchair":"yes"},"geometry":{"type":"Point","coordinates":[13.4870032,52.5013051]}},{"type":"Feature","id":5964902316,"properties":{"osmId":5964902316,"osmType":"node","access":"yes","amenity":"drinking_water","bottle":"yes","check_date":"2025-05-29","colour":"blue","covered":"no","description":"Trinkbrunnen","fee":"no","fountain":"bubbler","indoor":"no","model":"Typ 1","operator":"Berliner Wasserbetriebe","operator:short":"BWB","operator:wikidata":"Q821856","operator:wikipedia":"de:Berliner Wasserbetriebe","panoramax":"29d79679-d6b6-47f4-9741-df70493e0a4a","wheelchair":"limited","wikimedia_commons":"File:Bubbler, Leipziger Platz, Berlin, Germany Aug 24, 2023 06-38-22 PM.jpeg"},"geometry":{"type":"Point","coordinates":[13.3794023,52.5095536]}},{"type":"Feature","id":5964902317,"properties":{"osmId":5964902317,"osmType":"node","access":"yes","amenity":"drinking_water","bottle":"yes","colour":"blue","description":"Berliner Trinkbrunnen; Mai-Okt","drinking_water":"yes","fee":"no","fountain":"bubbler","operator":"Berliner Wasserbetriebe","operator:short":"BWB","operator:wikidata":"Q821856","operator:wikipedia":"de:Berliner Wasserbetriebe","wheelchair":"limited"},"geometry":{"type":"Point","coordinates":[13.2961093,52.5192385]}},{"type":"Feature","id":6020458599,"properties":{"osmId":6020458599,"osmType":"node","amenity":"drinking_water","description":"Trinkbrunnen","drinking_water":"yes","fountain":"bubbler","operator":"Berliner Wasserbetriebe","operator:short":"BWB","operator:wikidata":"Q821856","operator:wikipedia":"de:Berliner Wasserbetriebe"},"geometry":{"type":"Point","coordinates":[13.5385285,52.5278915]}},{"type":"Feature","id":6020508147,"properties":{"osmId":6020508147,"osmType":"node","amenity":"drinking_water","description":"Trinkbrunnen","drinking_water":"yes","fountain":"bubbler","operator":"Berliner Wasserbetriebe","operator:short":"BWB","operator:wikidata":"Q821856","operator:wikipedia":"de:Berliner Wasserbetriebe"},"geometry":{"type":"Point","coordinates":[13.5607923,52.505948]}},{"type":"Feature","id":6020541252,"properties":{"osmId":6020541252,"osmType":"node","access":"yes","amenity":"drinking_water","bottle":"yes","description":"Trinkbrunnen","drinking_water":"yes","fee":"no","fountain":"bubbler","operator":"Berliner Wasserbetriebe","operator:wikidata":"Q821856","operator:wikipedia":"de:Berliner Wasserbetriebe","wheelchair":"limited"},"geometry":{"type":"Point","coordinates":[13.5483757,52.4611631]}},{"type":"Feature","id":6024757217,"properties":{"osmId":6024757217,"osmType":"node","amenity":"drinking_water","fountain":"bubbler","name":"Trinkbrunnen","wheelchair":"yes"},"geometry":{"type":"Point","coordinates":[13.3473185,52.5283748]}},{"type":"Feature","id":6027083563,"properties":{"osmId":6027083563,"osmType":"node","access":"yes","amenity":"drinking_water","description":"inside the mensa building on the northern side there is a water fountain with potable water.","fee":"no","level":"0","man_made":"water_tap","wheelchair":"yes"},"geometry":{"type":"Point","coordinates":[13.2885685,52.4530439]}},{"type":"Feature","id":6034884560,"properties":{"osmId":6034884560,"osmType":"node","access":"yes","amenity":"drinking_water","bottle":"yes","colour":"blue","description":"Trinkbrunnen","drinking_water":"yes","fee":"no","fountain":"bubbler","operator":"Berliner Wasserbetriebe","operator:short":"BWB","operator:wikidata":"Q821856","wheelchair":"yes"},"geometry":{"type":"Point","coordinates":[13.5435759,52.543056]}},{"type":"Feature","id":6149646863,"properties":{"osmId":6149646863,"osmType":"node","amenity":"drinking_water","description":"Trinkbrunnen","drinking_water":"yes","drinking_water:legal":"yes","drinking_water:seasonal":"yes","fountain":"bubbler","opening_hours":"Apr-Oct: PH,Mo-Su 00:00-24:00","operator":"Berliner Wasserbetriebe","operator:short":"BWB","operator:wikidata":"Q821856","operator:wikipedia":"de:Berliner Wasserbetriebe","wheelchair":"yes"},"geometry":{"type":"Point","coordinates":[13.5736764,52.5132642]}},{"type":"Feature","id":6282824738,"properties":{"osmId":6282824738,"osmType":"node","access":"yes","amenity":"drinking_water","covered":"no","description":"Trinkbrunnen","drinking_water":"yes","drinking_water:legal":"yes","drinking_water:seasonal":"yes","fountain":"bubbler","opening_hours":"Apr-Oct: PH,Mo-Su 00:00-24:00","operator":"Berliner Wasserbetriebe","operator:short":"BWB","operator:wikidata":"Q821856","operator:wikipedia":"de:Berliner Wasserbetriebe","wheelchair":"yes"},"geometry":{"type":"Point","coordinates":[13.4487272,52.511362]}},{"type":"Feature","id":6284246623,"properties":{"osmId":6284246623,"osmType":"node","access":"yes","amenity":"drinking_water","bottle":"yes","description":"Trinkbrunnen","fee":"no","fountain":"bubbler","operator":"Berliner Wasserbetriebe","operator:short":"BWB","operator:wikidata":"Q821856","operator:wikipedia":"de:Berliner Wasserbetriebe","seasonal":"April-Oktober","wheelchair":"limited"},"geometry":{"type":"Point","coordinates":[13.3069271,52.5058411]}},{"type":"Feature","id":6325454938,"properties":{"osmId":6325454938,"osmType":"node","access":"yes","amenity":"drinking_water","bottle":"yes","colour":"blue","fee":"no","fountain":"bubbler","mapillary":"671965691647115","opening_hours":"May-Oct: open","operator":"Berliner Wasserbetriebe","operator:short":"BWB","operator:wikidata":"Q821856","operator:wikipedia":"de:Berliner Wasserbetriebe","wheelchair":"yes"},"geometry":{"type":"Point","coordinates":[13.3170977,52.434161]}},{"type":"Feature","id":6347785931,"properties":{"osmId":6347785931,"osmType":"node","amenity":"drinking_water","description":"Trinkbrunnen","drinking_water":"yes","fountain":"bubbler","mapillary":"468065321877684","operator":"Berliner Wasserbetriebe","operator:short":"BWB","operator:wikidata":"Q821856","operator:wikipedia":"de:Berliner Wasserbetriebe"},"geometry":{"type":"Point","coordinates":[13.5756551,52.5342736]}},{"type":"Feature","id":6373873760,"properties":{"osmId":6373873760,"osmType":"node","access":"yes","amenity":"drinking_water","bottle":"yes","description":"Trinkbrunnen, nur außerhalb der Frostperiode (Mai-Okt)","fee":"no","fountain":"bubbler","opening_hours":"open; Nov-Apr: off","operator":"Berliner Wasserbetriebe","operator:short":"BWB","operator:wikidata":"Q821856","operator:wikipedia":"de:Berliner Wasserbetriebe","wheelchair":"limited"},"geometry":{"type":"Point","coordinates":[13.3041576,52.4585282]}},{"type":"Feature","id":6373878680,"properties":{"osmId":6373878680,"osmType":"node","amenity":"drinking_water","bottle":"yes","description":"Trinkbrunnen, nur außerhalb der Frostperiode (Mai-Okt)","fee":"no","fountain":"bubbler","operator":"Berliner Wasserbetriebe","operator:short":"BWB","operator:wikidata":"Q821856","operator:wikipedia":"de:Berliner Wasserbetriebe","wheelchair":"limited"},"geometry":{"type":"Point","coordinates":[13.2898919,52.4579536]}},{"type":"Feature","id":6442951452,"properties":{"osmId":6442951452,"osmType":"node","access":"yes","amenity":"drinking_water","bottle":"yes","description":"Trinkbrunnen, nur außerhalb der Frostperiode (Mai-Okt)","fee":"no","fountain":"bubbler","operator":"Berliner Wasserbetriebe","operator:short":"BWB","operator:wikidata":"Q821856","operator:wikipedia":"de:Berliner Wasserbetriebe","wheelchair":"yes"},"geometry":{"type":"Point","coordinates":[13.2590567,52.4333984]}},{"type":"Feature","id":6480821673,"properties":{"osmId":6480821673,"osmType":"node","amenity":"drinking_water","check_date":"2022-10-07","drinking_water:seasonal":"april - octobre","fee":"no","fountain":"bubbler","website":"https://www.bwb.de/de/trinkbrunnen.php"},"geometry":{"type":"Point","coordinates":[13.2740415,52.5086629]}},{"type":"Feature","id":6498634119,"properties":{"osmId":6498634119,"osmType":"node","access":"yes","amenity":"drinking_water","bottle":"yes","fee":"no","fountain":"bubbler","operator":"Berliner Wasserbetriebe","operator:short":"BWB","operator:wikidata":"Q821856","operator:wikipedia":"de:Berliner Wasserbetriebe","toilets:wheelchair":"no","wheelchair":"yes"},"geometry":{"type":"Point","coordinates":[13.198922,52.5360414]}},{"type":"Feature","id":6498634120,"properties":{"osmId":6498634120,"osmType":"node","access":"yes","amenity":"drinking_water","check_date":"2022-11-06","fee":"no","fountain":"bubbler","operator":"Berliner Wasserbetriebe","operator:short":"BWB","operator:wikidata":"Q821856","wheelchair":"yes"},"geometry":{"type":"Point","coordinates":[13.2407817,52.525921]}},{"type":"Feature","id":6520759556,"properties":{"osmId":6520759556,"osmType":"node","access":"yes","amenity":"drinking_water","bottle":"yes","description":"Trinkbrunnen","fee":"no","fountain":"bubbler","operator":"Berliner Wasserbetriebe","operator:short":"BWB","operator:wikidata":"Q821856","operator:wikipedia":"de:Berliner Wasserbetriebe","wheelchair":"limited"},"geometry":{"type":"Point","coordinates":[13.3063828,52.5076709]}},{"type":"Feature","id":6549749322,"properties":{"osmId":6549749322,"osmType":"node","access":"yes","amenity":"drinking_water","bottle":"yes","colour":"blue","covered":"no","fee":"no","fountain":"bubbler","indoor":"no","lit":"no","material":"metal","opening_hours":"24/7","operator":"Berliner Wasserbetriebe","operator:short":"BWB","operator:type":"public","operator:wikidata":"Q821856","seasonal":"spring;summer;autumn","wheelchair":"yes"},"geometry":{"type":"Point","coordinates":[13.364205,52.5438933]}},{"type":"Feature","id":6557071955,"properties":{"osmId":6557071955,"osmType":"node","access":"yes","amenity":"drinking_water","bottle":"yes","fee":"no","fountain":"bubbler","operator":"Berliner Wasserbetriebe","operator:short":"BWB","operator:wikidata":"Q821856","operator:wikipedia":"de:Berliner Wasserbetriebe","wheelchair":"yes"},"geometry":{"type":"Point","coordinates":[13.3354457,52.5303473]}},{"type":"Feature","id":6580407598,"properties":{"osmId":6580407598,"osmType":"node","access":"yes","amenity":"drinking_water","bottle":"yes","colour":"blue","covered":"no","fee":"no","fountain":"bubbler","indoor":"no","lit":"no","website":"https://www.bwb.de/de/trinkbrunnen.php","wheelchair":"limited"},"geometry":{"type":"Point","coordinates":[13.4608049,52.5199043]}},{"type":"Feature","id":6581421553,"properties":{"osmId":6581421553,"osmType":"node","amenity":"drinking_water","fountain":"bubbler","lit":"yes","source":"survey","wheelchair":"yes"},"geometry":{"type":"Point","coordinates":[13.4354349,52.4810287]}},{"type":"Feature","id":6592989723,"properties":{"osmId":6592989723,"osmType":"node","access":"yes","amenity":"drinking_water","bottle":"yes","description":"Trinkbrunnen; nur außerhalb der Frostperiode (Mai-Okt)","drinking_water":"yes","drinking_water:legal":"yes","drinking_water:seasonal":"yes","fee":"no","fountain":"bubbler","operator":"Berliner Wasserbetriebe","operator:short":"BWB","operator:wikidata":"Q821856","operator:wikipedia":"de:Berliner Wasserbetriebe","wheelchair":"yes"},"geometry":{"type":"Point","coordinates":[13.3351796,52.4720755]}},{"type":"Feature","id":6593565215,"properties":{"osmId":6593565215,"osmType":"node","amenity":"drinking_water","description":"Trinkbrunnen","fountain":"bubbler","operator":"Berliner Wasserbetriebe","operator:short":"BWB","operator:wikidata":"Q821856","operator:wikipedia":"de:Berliner Wasserbetriebe","type":"Kaiser-Brunnen","wheelchair":"limited"},"geometry":{"type":"Point","coordinates":[13.3072451,52.5008189]}},{"type":"Feature","id":6762558637,"properties":{"osmId":6762558637,"osmType":"node","access":"yes","amenity":"drinking_water","bottle":"yes","description":"Trinkbrunnen, nur außerhalb der Frostperiode (Mai-Okt)","fee":"no","fountain":"bubbler","opening_hours":"May-Oct: open","operator":"Berliner Wasserbetriebe","operator:short":"BWB","operator:wikidata":"Q821856","operator:wikipedia":"de:Berliner Wasserbetriebe","wheelchair":"limited"},"geometry":{"type":"Point","coordinates":[13.3245057,52.4612866]}},{"type":"Feature","id":6765778685,"properties":{"osmId":6765778685,"osmType":"node","access":"yes","addr:floor":"0","amenity":"drinking_water","bottle":"yes","covered":"no","fee":"no","fountain":"bubbler","indoor":"no","level":"0","opening_hours":"May-Oct Mo-Su 00:00-24:00","operator":"Berliner Wasserbetriebe","operator:short":"BWB","operator:wikidata":"Q821856","source":"survey","wheelchair":"no"},"geometry":{"type":"Point","coordinates":[13.4064442,52.516625]}},{"type":"Feature","id":6765881232,"properties":{"osmId":6765881232,"osmType":"node","amenity":"drinking_water","fee":"no","fountain":"bubbler","wheelchair":"yes"},"geometry":{"type":"Point","coordinates":[13.4376695,52.4720554]}},{"type":"Feature","id":6856057139,"properties":{"osmId":6856057139,"osmType":"node","amenity":"drinking_water","check_date":"2022-08-30","colour":"blue","fountain":"bubbler"},"geometry":{"type":"Point","coordinates":[13.4375397,52.4701155]}},{"type":"Feature","id":6875524892,"properties":{"osmId":6875524892,"osmType":"node","access":"yes","amenity":"drinking_water","bottle":"yes","fee":"no","fountain":"bubbler","operator":"Berliner Wasserbetriebe","operator:short":"BWB","operator:wikidata":"Q821856","operator:wikipedia":"de:Berliner Wasserbetriebe","source":"local knowledge","wheelchair":"limited"},"geometry":{"type":"Point","coordinates":[13.3060167,52.508792]}},{"type":"Feature","id":6881355693,"properties":{"osmId":6881355693,"osmType":"node","access":"yes","amenity":"drinking_water","bottle":"yes","covered":"no","fee":"no","fountain":"bubbler","indoor":"no","lit":"yes","seasonal":"yes","toilets:wheelchair":"no","wheelchair":"yes"},"geometry":{"type":"Point","coordinates":[13.2744435,52.5881706]}},{"type":"Feature","id":6881390608,"properties":{"osmId":6881390608,"osmType":"node","amenity":"drinking_water","fee":"no","fountain":"bubbler","operator":"Berliner Wasserbetriebe","operator:short":"BWB","operator:wikidata":"Q821856","operator:wikipedia":"de:Berliner Wasserbetriebe"},"geometry":{"type":"Point","coordinates":[13.2868702,52.5859424]}},{"type":"Feature","id":6942712749,"properties":{"osmId":6942712749,"osmType":"node","amenity":"drinking_water","fountain":"bubbler","wheelchair":"limited"},"geometry":{"type":"Point","coordinates":[13.4102117,52.5487932]}},{"type":"Feature","id":6946029640,"properties":{"osmId":6946029640,"osmType":"node","access":"yes","amenity":"drinking_water","bottle":"yes","fee":"no","fountain":"bubbler","operator":"Berliner Wasserbetriebe","operator:short":"BWB","operator:wikidata":"Q821856","operator:wikipedia":"de:Berliner Wasserbetriebe","wheelchair":"limited"},"geometry":{"type":"Point","coordinates":[13.424537,52.5036585]}},{"type":"Feature","id":6959710860,"properties":{"osmId":6959710860,"osmType":"node","amenity":"drinking_water","colour":"blue","description":"Trinkbrunnen","drinking_water":"yes","drinking_water:legal":"yes","drinking_water:seasonal":"yes","fountain":"bubbler","opening_hours":"Apr-Oct: PH,Mo-Su 00:00-24:00","operator":"Berliner Wasserbetriebe","operator:short":"BWB","operator:wikidata":"Q821856","operator:wikipedia":"de:Berliner Wasserbetriebe","wheelchair":"yes"},"geometry":{"type":"Point","coordinates":[13.4782464,52.5191322]}},{"type":"Feature","id":6966684702,"properties":{"osmId":6966684702,"osmType":"node","access":"yes","amenity":"drinking_water","bottle":"yes","fee":"no","fountain":"bubbler","man_made":"drinking_fountain","wheelchair":"yes","wikidata":"Q112623970","wikimedia_commons":"Category:Trinkbrunnen der Berliner Wasserbetriebe auf dem Antonplatz, Berlin-Weißensee"},"geometry":{"type":"Point","coordinates":[13.4510768,52.5486673]}},{"type":"Feature","id":6982335609,"properties":{"osmId":6982335609,"osmType":"node","access":"yes","amenity":"drinking_water","bottle":"yes","cold_water":"yes","description":"Trinkbrunnen, nur außerhalb der Frostperiode (Mai-Okt)","drinking_water:legal":"yes","fee":"no","fountain":"bubbler","operator":"Berliner Wasserbetriebe","operator:short":"BWB","operator:wikidata":"Q821856","operator:wikipedia":"de:Berliner Wasserbetriebe","wheelchair":"limited"},"geometry":{"type":"Point","coordinates":[13.3223376,52.4567798]}},{"type":"Feature","id":6990359181,"properties":{"osmId":6990359181,"osmType":"node","access":"yes","amenity":"drinking_water","bottle":"yes","description":"Trinkbrunnen; Mai-Oktober","fee":"no","fountain":"bubbler","operator":"Berliner Wasserbetriebe","operator:short":"BWB","operator:wikidata":"Q821856","operator:wikipedia":"de:Berliner Wasserbetriebe","wheelchair":"yes"},"geometry":{"type":"Point","coordinates":[13.3197367,52.4893489]}},{"type":"Feature","id":7011688033,"properties":{"osmId":7011688033,"osmType":"node","access":"yes","amenity":"drinking_water","check_date":"2026-01-25","colour":"blue","fee":"no","fountain":"bubbler","mapillary":"410947411122777","operator":"Berliner Wasserbetriebe","operator:short":"BWB","operator:wikidata":"Q821856","operator:wikipedia":"de:Berliner Wasserbetriebe","wheelchair":"yes"},"geometry":{"type":"Point","coordinates":[13.4670199,52.5171483]}},{"type":"Feature","id":7012262018,"properties":{"osmId":7012262018,"osmType":"node","access":"yes","amenity":"drinking_water","bottle":"yes","colour":"blue","description":"März–Oktober","drinking_water":"seasonal","fee":"no","fountain":"bubbler","mapillary":"2098143100529480","operator":"Berliner Wasserbetriebe","operator:short":"BWB","operator:wikidata":"Q821856","operator:wikipedia":"de:Berliner Wasserbetriebe","wheelchair":"limited"},"geometry":{"type":"Point","coordinates":[13.318791,52.4833969]}},{"type":"Feature","id":7054234783,"properties":{"osmId":7054234783,"osmType":"node","access":"yes","addr:floor":"0","amenity":"drinking_water","bottle":"yes","covered":"no","fee":"no","fountain":"bubbler","indoor":"no","level":"0","operator":"Berliner Wasserbetriebe","operator:short":"BWB","operator:wikidata":"Q821856","operator:wikipedia":"de:Berliner Wasserbetriebe","source":"survey"},"geometry":{"type":"Point","coordinates":[13.3599699,52.5506776]}},{"type":"Feature","id":7124620185,"properties":{"osmId":7124620185,"osmType":"node","amenity":"drinking_water","check_date":"2021-11-08","colour":"blue","fountain":"bubbler"},"geometry":{"type":"Point","coordinates":[13.435589,52.4698754]}},{"type":"Feature","id":7256261950,"properties":{"osmId":7256261950,"osmType":"node","access":"yes","amenity":"drinking_water","bottle":"yes","colour":"blue","fee":"no","fountain":"bubbler","wheelchair":"limited"},"geometry":{"type":"Point","coordinates":[13.3675653,52.5520027]}},{"type":"Feature","id":7282532297,"properties":{"osmId":7282532297,"osmType":"node","access":"yes","amenity":"drinking_water","bottle":"yes","description":"Trinkbrunnen; nur außerhalb der Frostperiode (Mai-Okt)","fee":"no","fountain":"bubbler","opening_hours":"May-Oct: 00:00-24:00","operator":"Berliner Wasserbetriebe","operator:short":"BWB","operator:wikidata":"Q821856","operator:wikipedia":"de:Berliner Wasserbetriebe","wheelchair":"limited"},"geometry":{"type":"Point","coordinates":[13.3354403,52.4486595]}},{"type":"Feature","id":7391666310,"properties":{"osmId":7391666310,"osmType":"node","amenity":"drinking_water","description":"Trinkbrunnen","drinking_water":"yes","fountain":"bubbler","mapillary":"1951163818606155","operator":"Berliner Wasserbetriebe","operator:short":"BWB","operator:wikidata":"Q821856","operator:wikipedia":"de:Berliner Wasserbetriebe"},"geometry":{"type":"Point","coordinates":[13.5215822,52.5670452]}},{"type":"Feature","id":7412106383,"properties":{"osmId":7412106383,"osmType":"node","access":"yes","amenity":"drinking_water","colour":"blue","fee":"no","fountain":"drinking","not:operator:wikidata":"Q821856","operator":"Berliner Wasserbetriebe","wheelchair":"yes","wikidata":"Q122508621"},"geometry":{"type":"Point","coordinates":[13.3922503,52.5554365]}},{"type":"Feature","id":7439535028,"properties":{"osmId":7439535028,"osmType":"node","access":"yes","amenity":"drinking_water","bottle":"no","check_date":"2022-08-31","colour":"blue","fee":"no","fountain":"bubbler","wheelchair":"no"},"geometry":{"type":"Point","coordinates":[13.4312112,52.493083]}},{"type":"Feature","id":7439556433,"properties":{"osmId":7439556433,"osmType":"node","access":"yes","amenity":"drinking_water","check_date":"2023-05-13","colour":"blue","drinking_water:legal":"yes","drinking_water:seasonal":"yes","fee":"no","fountain":"bubbler","operator":"Berliner Wasserbetriebe","operator:short":"BWB","operator:wikidata":"Q821856","operator:wikipedia":"de:Berliner Wasserbetriebe","seasonal":"yes","start_date":"2020-04"},"geometry":{"type":"Point","coordinates":[13.4223036,52.4765877]}},{"type":"Feature","id":7476527096,"properties":{"osmId":7476527096,"osmType":"node","access":"yes","amenity":"drinking_water","colour":"blue","covered":"no","fee":"no","fountain":"bubbler","indoor":"no","operator":"Berliner Wasserbetriebe"},"geometry":{"type":"Point","coordinates":[13.3614081,52.5632879]}},{"type":"Feature","id":7503802845,"properties":{"osmId":7503802845,"osmType":"node","access":"yes","amenity":"drinking_water","bottle":"no","cold_water":"no","fee":"no","fountain":"bubbler","hot_water":"no","iced_water":"no","indoor":"no","not:operator:wikidata":"Q821856","operator":"Berliner Wasserbetriebe","room_temperature_water":"yes","warm_water":"no","wikimedia_commons":"File:Bubbler, Charité – Universitätsmedizin Berlin, Berlin, Germany Aug 21, 2023 01-17-44 PM.jpeg"},"geometry":{"type":"Point","coordinates":[13.3797732,52.5263627]}},{"type":"Feature","id":7563934395,"properties":{"osmId":7563934395,"osmType":"node","access":"yes","amenity":"drinking_water","covered":"no","fee":"no","fountain":"bubbler","indoor":"no","operator":"Berliner Wasserbetriebe","operator:short":"BWB","operator:wikidata":"Q821856","operator:wikipedia":"de:Berliner Wasserbetriebe"},"geometry":{"type":"Point","coordinates":[13.4300801,52.5423427]}},{"type":"Feature","id":7567444509,"properties":{"osmId":7567444509,"osmType":"node","amenity":"drinking_water","bottle":"yes","cold_water":"no","fee":"no","fountain":"bubbler","hot_water":"no","iced_water":"no","name":"Wasserspender","opening_hours":"24/7","panoramax":"3af10014-5045-4379-bb11-c31fce2d3aa9","room_temperature_water":"yes","warm_water":"no"},"geometry":{"type":"Point","coordinates":[13.4448018,52.5172231]}},{"type":"Feature","id":7676810343,"properties":{"osmId":7676810343,"osmType":"node","amenity":"drinking_water","colour":"blue","description":"Trinkbrunnen","drinking_water":"yes","drinking_water:legal":"yes","drinking_water:seasonal":"yes","fountain":"bubbler","opening_hours":"Apr-Oct: Mo-Su,PH 00:00-24:00","operator":"Berliner Wasserbetriebe","operator:short":"BWB","operator:wikidata":"Q821856","operator:wikipedia":"de:Berliner Wasserbetriebe","wheelchair":"yes"},"geometry":{"type":"Point","coordinates":[13.4961684,52.5036104]}},{"type":"Feature","id":7745006793,"properties":{"osmId":7745006793,"osmType":"node","access":"yes","amenity":"drinking_water","drinking_water:seasonal":"yes","fee":"no","fountain":"bubbler","operator":"Berliner Wasserbetriebe","operator:short":"BWB","operator:wikidata":"Q821856","operator:wikipedia":"de:Berliner Wasserbetriebe","wheelchair":"limited"},"geometry":{"type":"Point","coordinates":[13.3393362,52.5327092]}},{"type":"Feature","id":7777479301,"properties":{"osmId":7777479301,"osmType":"node","access":"yes","amenity":"drinking_water","bottle":"yes","check_date":"2022-09-14","colour":"blue","fee":"no","fountain":"drinking","mapillary":"447122444009678","opening_hours":"May-Oct: Mo-Su,PH 00:00-24:00","operator":"Berliner Wasserbetriebe","operator:short":"BWB","operator:wikidata":"Q821856","operator:wikipedia":"de:Berliner Wasserbetriebe","wheelchair":"limited"},"geometry":{"type":"Point","coordinates":[13.4390703,52.5279214]}},{"type":"Feature","id":7801826849,"properties":{"osmId":7801826849,"osmType":"node","access":"yes","amenity":"drinking_water","description":"Trinkbrunnen","drinking_water":"yes","drinking_water:legal":"yes","drinking_water:seasonal":"yes","fee":"no","fountain":"bubbler","opening_hours":"Apr-Oct: Mo-Su,PH 00:00-24:00","operator":"Berliner Wasserbetriebe","operator:short":"BWB","operator:wikidata":"Q821856","operator:wikipedia":"de:Berliner Wasserbetriebe","start_date":"2020","wheelchair":"yes"},"geometry":{"type":"Point","coordinates":[13.4825707,52.5035482]}},{"type":"Feature","id":7810566529,"properties":{"osmId":7810566529,"osmType":"node","access":"yes","amenity":"drinking_water","description":"Trinkbrunnen","drinking_water":"yes","drinking_water:legal":"yes","drinking_water:seasonal":"yes","fee":"no","fountain":"bubbler","man_made":"drinking_fountain","opening_hours":"Apr-Oct: Mo-Su,PH 00:00-24:00","operator":"Berliner Wasserbetriebe","operator:short":"BWB","operator:wikidata":"Q821856","operator:wikipedia":"de:Berliner Wasserbetriebe","start_date":"2020","wheelchair":"yes"},"geometry":{"type":"Point","coordinates":[13.5113126,52.4942438]}},{"type":"Feature","id":7839674044,"properties":{"osmId":7839674044,"osmType":"node","amenity":"drinking_water","bottle":"yes","colour":"blue","fee":"no","fountain":"bubbler","opening_hours":"24/7","seasonal":"spring;summer;autumn","wheelchair":"no"},"geometry":{"type":"Point","coordinates":[13.4078304,52.4895176]}},{"type":"Feature","id":7856600391,"properties":{"osmId":7856600391,"osmType":"node","access":"yes","amenity":"drinking_water","bottle":"yes","cold_water":"no","fee":"no","fountain":"bubbler","hot_water":"no","iced_water":"no","opening_hours":"24/7","panoramax":"44fc5373-914a-4fa3-95a6-c24058815688","room_temperature_water":"yes","warm_water":"no"},"geometry":{"type":"Point","coordinates":[13.4429075,52.5160179]}},{"type":"Feature","id":7856631773,"properties":{"osmId":7856631773,"osmType":"node","amenity":"drinking_water","fountain":"bubbler"},"geometry":{"type":"Point","coordinates":[13.437356,52.5178491]}},{"type":"Feature","id":7877954327,"properties":{"osmId":7877954327,"osmType":"node","amenity":"drinking_water","fountain":"bubbler","operator":"Berliner Wasserbetriebe","operator:short":"BWB","operator:wikidata":"Q821856","operator:wikipedia":"de:Berliner Wasserbetriebe"},"geometry":{"type":"Point","coordinates":[13.5764176,52.5399059]}},{"type":"Feature","id":7880721538,"properties":{"osmId":7880721538,"osmType":"node","access":"yes","amenity":"drinking_water","bottle":"yes","covered":"no","drinking_water:legal":"yes","drinking_water:seasonal":"yes","fee":"no","fountain":"bubbler","indoor":"no","operator":"Berliner Wasserbetriebe","operator:short":"BWB","operator:wikidata":"Q821856","operator:wikipedia":"de:Berliner Wasserbetriebe","wheelchair":"yes","wikimedia_commons":"File:Bubbler, Tempelhof, Berlin, Germany Aug 22, 2023 01-14-11 PM.jpeg"},"geometry":{"type":"Point","coordinates":[13.4071,52.4822]}},{"type":"Feature","id":7894383563,"properties":{"osmId":7894383563,"osmType":"node","access":"yes","amenity":"drinking_water","description":"Trinkbrunnen","drinking_water":"yes","drinking_water:legal":"yes","drinking_water:seasonal":"yes","fee":"no","fountain":"bubbler","opening_hours":"Apr-Oct: Mo-Su,PH 00:00-24:00","operator":"Berliner Wasserbetriebe","operator:short":"BWB","operator:wikidata":"Q821856","operator:wikipedia":"de:Berliner Wasserbetriebe","wheelchair":"yes"},"geometry":{"type":"Point","coordinates":[13.5209785,52.5038306]}},{"type":"Feature","id":7894394865,"properties":{"osmId":7894394865,"osmType":"node","access":"yes","addr:floor":"0","amenity":"drinking_water","bottle":"yes","colour":"blue","covered":"no","fee":"no","fountain":"bubbler","indoor":"no","level":"0","material":"metal","operator":"Berliner Wasserbetriebe","operator:short":"BWB","operator:wikidata":"Q821856","operator:wikipedia":"de:Berliner Wasserbetriebe","source":"survey"},"geometry":{"type":"Point","coordinates":[13.5087798,52.5253726]}},{"type":"Feature","id":7911141740,"properties":{"osmId":7911141740,"osmType":"node","access":"yes","amenity":"drinking_water","bottle":"yes","covered":"no","fee":"no","fountain":"bubbler","indoor":"no","source":"survey","wheelchair":"yes"},"geometry":{"type":"Point","coordinates":[13.3866466,52.4714716]}},{"type":"Feature","id":7984296070,"properties":{"osmId":7984296070,"osmType":"node","access":"yes","amenity":"drinking_water","colour":"blue","fee":"no","fountain":"bubbler"},"geometry":{"type":"Point","coordinates":[13.4484522,52.4818435]}},{"type":"Feature","id":7996778900,"properties":{"osmId":7996778900,"osmType":"node","access":"yes","amenity":"drinking_water","bottle":"yes","check_date":"2022-08","colour":"blue","fee":"no","fountain":"bubbler","lit":"yes","mapillary":"113853664384974","operator":"Berliner Wasserbetriebe","operator:short":"BWB","operator:wikidata":"Q821856","operator:wikipedia":"de:Berliner Wasserbetriebe","wheelchair":"yes"},"geometry":{"type":"Point","coordinates":[13.446422,52.4835802]}},{"type":"Feature","id":8013863664,"properties":{"osmId":8013863664,"osmType":"node","access":"yes","amenity":"drinking_water","bottle":"no","covered":"no","drinking_water":"unknown","fee":"no","lit":"no","man_made":"water_tap"},"geometry":{"type":"Point","coordinates":[13.3408264,52.6342023]}},{"type":"Feature","id":8013863667,"properties":{"osmId":8013863667,"osmType":"node","access":"yes","amenity":"drinking_water","bottle":"no","covered":"no","drinking_water":"unknown","fee":"no","lit":"no","man_made":"water_tap"},"geometry":{"type":"Point","coordinates":[13.3413176,52.6344478]}},{"type":"Feature","id":8025291920,"properties":{"osmId":8025291920,"osmType":"node","access":"yes","amenity":"drinking_water","bottle":"yes","colour":"blue","covered":"no","description":"Trinkbrunnen; Mai-Okt","fee":"no","fountain":"bubbler","lit":"no","operator":"Berliner Wasserbetriebe","operator:short":"BWB","operator:wikidata":"Q821856","operator:wikipedia":"de:Berliner Wasserbetriebe","wheelchair":"yes"},"geometry":{"type":"Point","coordinates":[13.3147973,52.4993977]}},{"type":"Feature","id":8025313729,"properties":{"osmId":8025313729,"osmType":"node","access":"yes","amenity":"drinking_water","bottle":"yes","description":"Trinkbrunnen; Mai-Okt","fee":"no","fountain":"bubbler","operator":"Berliner Wasserbetriebe","operator:short":"BWB","operator:wikidata":"Q821856","operator:wikipedia":"de:Berliner Wasserbetriebe","wheelchair":"yes"},"geometry":{"type":"Point","coordinates":[13.3227511,52.4977287]}},{"type":"Feature","id":8110404848,"properties":{"osmId":8110404848,"osmType":"node","amenity":"drinking_water","description":"Trinkbrunnen","drinking_water":"yes","fountain":"bubbler","mapillary":"1077732362857284","operator":"Berliner Wasserbetriebe","operator:short":"BWB","operator:wikidata":"Q821856","operator:wikipedia":"de:Berliner Wasserbetriebe"},"geometry":{"type":"Point","coordinates":[13.5704202,52.5488292]}},{"type":"Feature","id":8165323901,"properties":{"osmId":8165323901,"osmType":"node","amenity":"drinking_water","fountain":"bubbler"},"geometry":{"type":"Point","coordinates":[13.5566231,52.5466075]}},{"type":"Feature","id":8198906657,"properties":{"osmId":8198906657,"osmType":"node","access":"yes","amenity":"drinking_water","check_date":"2022-09-06","colour":"blue","description":"Trinkbrunnen","drinking_water":"yes","drinking_water:legal":"yes","drinking_water:seasonal":"yes","fee":"no","fountain":"bubbler","mapillary":"867640337558742","opening_hours":"Apr-Oct: Mo-Su,PH 00:00-24:00","operator":"Berliner Wasserbetriebe","operator:short":"BWB","operator:wikidata":"Q821856","operator:wikipedia":"de:Berliner Wasserbetriebe","wheelchair":"yes"},"geometry":{"type":"Point","coordinates":[13.4859343,52.5113827]}},{"type":"Feature","id":8329231429,"properties":{"osmId":8329231429,"osmType":"node","access":"yes","amenity":"drinking_water","fee":"no","fountain":"bubbler","opening_hours":"May-Oct: 24/7","operator":"Berliner Wasserbetriebe","operator:short":"BWB","operator:wikidata":"Q821856","seasonal":"yes","wheelchair":"yes"},"geometry":{"type":"Point","coordinates":[13.3531192,52.6003244]}},{"type":"Feature","id":8713008711,"properties":{"osmId":8713008711,"osmType":"node","access":"yes","amenity":"drinking_water","fee":"no","fountain":"bubbler"},"geometry":{"type":"Point","coordinates":[13.4204021,52.552017]}},{"type":"Feature","id":8722868012,"properties":{"osmId":8722868012,"osmType":"node","access":"yes","amenity":"drinking_water","bottle":"yes","fee":"no","name":"Trinkbrunnen an der Marie","operator":"Berliner Wasserbetriebe","operator:short":"BWB","operator:wikidata":"Q821856","seasonal":"Apr-Oct","wheelchair":"no"},"geometry":{"type":"Point","coordinates":[13.4244979,52.535006]}},{"type":"Feature","id":8755058879,"properties":{"osmId":8755058879,"osmType":"node","amenity":"drinking_water","bottle":"yes","cold_water":"yes","fee":"no","fountain":"bubbler","operator":"Berliner Wasserbetriebe","operator:short":"BWB","operator:wikidata":"Q821856","operator:wikipedia":"de:Berliner Wasserbetriebe"},"geometry":{"type":"Point","coordinates":[13.395756,52.4891231]}},{"type":"Feature","id":8764023901,"properties":{"osmId":8764023901,"osmType":"node","access":"yes","amenity":"drinking_water","bottle":"yes","fee":"no","fountain":"bubbler","wheelchair":"limited"},"geometry":{"type":"Point","coordinates":[13.2080271,52.5554727]}},{"type":"Feature","id":8804475680,"properties":{"osmId":8804475680,"osmType":"node","access":"yes","amenity":"drinking_water","bottle":"yes","description":"Trinkbrunnen, nur außerhalb der Frostperiode (Mai-Okt)","fee":"no","fountain":"bubbler","operator":"Berliner Wasserbetriebe","operator:short":"BWB","operator:wikidata":"Q821856","operator:wikipedia":"de:Berliner Wasserbetriebe","wheelchair":"limited"},"geometry":{"type":"Point","coordinates":[13.2402752,52.4424363]}},{"type":"Feature","id":8808497699,"properties":{"osmId":8808497699,"osmType":"node","access":"yes","amenity":"drinking_water","bottle":"yes","colour":"blue","description":"Trinkbrunnen","drinking_water":"yes","fee":"no","fountain":"bubbler","operator":"Berliner Wasserbetriebe","operator:short":"BWB","operator:wikidata":"Q821856","operator:wikipedia":"de:Berliner Wasserbetriebe","wheelchair":"yes"},"geometry":{"type":"Point","coordinates":[13.7209279,52.4389881]}},{"type":"Feature","id":8811130807,"properties":{"osmId":8811130807,"osmType":"node","amenity":"drinking_water","bottle":"yes","drinking_water":"seasonal","fee":"no","fountain":"bubbler","note":"Trinkbrunnen; März-Oktober","wheelchair":"yes"},"geometry":{"type":"Point","coordinates":[13.2903353,52.6343557]}},{"type":"Feature","id":8823483306,"properties":{"osmId":8823483306,"osmType":"node","access":"yes","amenity":"drinking_water","bottle":"yes","description":"Trinkbrunnen (modetner Brunnen), nur außerhalb der Frostperiode (Mai-Okt)","fee":"no","fountain":"bubbler","operator":"Berliner Wasserbetriebe","operator:short":"BWB","operator:wikidata":"Q821856","wheelchair":"limited"},"geometry":{"type":"Point","coordinates":[13.2302699,52.4470696]}},{"type":"Feature","id":8823483307,"properties":{"osmId":8823483307,"osmType":"node","access":"yes","amenity":"drinking_water","bottle":"yes","description":"Trinkbrunnen, nur außerhalb der Frostperiode (Mai-Okt)","fee":"no","fountain":"bubbler","operator":"Berliner Wasserbetriebe","operator:short":"BWB","operator:wikidata":"Q821856","operator:wikipedia":"de:Berliner Wasserbetriebe","wheelchair":"limited"},"geometry":{"type":"Point","coordinates":[13.2577857,52.4354299]}},{"type":"Feature","id":8823483308,"properties":{"osmId":8823483308,"osmType":"node","access":"yes","amenity":"drinking_water","bottle":"yes","description":"Trinkbrunnen, nur außerhalb der Frostperiode (Mai-Okt)","fee":"no","fountain":"bubbler","operator":"Berliner Wasserbetriebe","operator:short":"BWB","operator:wikidata":"Q821856","operator:wikipedia":"de:Berliner Wasserbetriebe","wheelchair":"limited"},"geometry":{"type":"Point","coordinates":[13.3121552,52.4429144]}},{"type":"Feature","id":8823483309,"properties":{"osmId":8823483309,"osmType":"node","access":"yes","amenity":"drinking_water","bottle":"yes","description":"Trinkbrunnen, nur außerhalb der Frostperiode (Mai-Okt)","fee":"no","fountain":"bubbler","operator":"Berliner Wasserbetriebe","operator:short":"BWB","operator:wikidata":"Q821856","operator:wikipedia":"de:Berliner Wasserbetriebe","seasonal":"spring;summer;autumn","wheelchair":"limited"},"geometry":{"type":"Point","coordinates":[13.3431689,52.4389802]}},{"type":"Feature","id":8833419668,"properties":{"osmId":8833419668,"osmType":"node","access":"yes","amenity":"drinking_water","bottle":"yes","fee":"no","fountain":"bubbler"},"geometry":{"type":"Point","coordinates":[13.4221867,52.5443624]}},{"type":"Feature","id":8852702810,"properties":{"osmId":8852702810,"osmType":"node","access":"yes","addr:floor":"0","amenity":"drinking_water","bottle":"yes","covered":"no","description":"Berliner Trinkbrunnen; Mai-Okt","fee":"no","indoor":"no","level":"0","operator":"Berliner Wasserbetriebe","operator:short":"BWB","operator:wikidata":"Q821856","operator:wikipedia":"de:Berliner Wasserbetriebe","seasonal":"April to October","source":"survey","wheelchair":"no"},"geometry":{"type":"Point","coordinates":[13.4391818,52.4890967]}},{"type":"Feature","id":8909637917,"properties":{"osmId":8909637917,"osmType":"node","amenity":"drinking_water","bottle":"yes","fee":"no","fountain":"bubbler","wheelchair":"limited"},"geometry":{"type":"Point","coordinates":[13.4293857,52.5186853]}},{"type":"Feature","id":8911238144,"properties":{"osmId":8911238144,"osmType":"node","access":"yes","amenity":"drinking_water","bottle":"yes","colour":"blue","fee":"no","fountain":"bubbler","operator":"Berliner Wasserbetriebe","operator:short":"BWB","operator:wikidata":"Q821856","operator:wikipedia":"de:Berliner Wasserbetriebe","wheelchair":"limited","wikidata":"Q119982891","wikimedia_commons":"File:Bubbler am Gleisdreieck, Berlin, Germany Aug 20, 2023 03-22-09 PM.jpeg"},"geometry":{"type":"Point","coordinates":[13.3779714,52.4965686]}},{"type":"Feature","id":8911824818,"properties":{"osmId":8911824818,"osmType":"node","amenity":"drinking_water","bottle":"no","check_date":"2022-09-06","colour":"blue","description":"Trinkbrunnen","drinking_water":"yes","drinking_water:legal":"yes","drinking_water:seasonal":"yes","fee":"no","fountain":"bubbler","mapillary":"791169062200631","opening_hours":"Apr-Oct: Mo-Su,PH 00:00-24:00","operator":"Berliner Wasserbetriebe","operator:short":"BWB","operator:wikidata":"Q821856","operator:wikipedia":"de:Berliner Wasserbetriebe","seasonal":"spring;summer;autumn","website":"https://www.bwb.de/trinkbrunnen","wheelchair":"yes"},"geometry":{"type":"Point","coordinates":[13.5891247,52.4406723]}},{"type":"Feature","id":8929856217,"properties":{"osmId":8929856217,"osmType":"node","access":"yes","amenity":"drinking_water","bottle":"yes","covered":"no","drinking_water:legal":"yes","drinking_water:seasonal":"yes","fee":"no","fountain":"bubbler","indoor":"no","operator":"Berliner Wasserbetriebe","operator:short":"BWB","operator:wikidata":"Q821856","operator:wikipedia":"de:Berliner Wasserbetriebe","wheelchair":"yes"},"geometry":{"type":"Point","coordinates":[13.4185181,52.4764672]}},{"type":"Feature","id":8929856218,"properties":{"osmId":8929856218,"osmType":"node","access":"yes","amenity":"drinking_water","bottle":"yes","capacity":"1","cold_water":"yes","drinking_water:legal":"yes","drinking_water:seasonal":"yes","fee":"no","man_made":"drinking_fountain","operator":"Berliner Wasserbetriebe","operator:wikidata":"Q821856","operator:wikipedia":"de:Berliner Wasserbetriebe","wheelchair":"yes"},"geometry":{"type":"Point","coordinates":[13.4199503,52.4708377]}},{"type":"Feature","id":8931143709,"properties":{"osmId":8931143709,"osmType":"node","amenity":"drinking_water","description":"Trinkbrunnen","drinking_water":"yes","drinking_water:legal":"yes","drinking_water:seasonal":"yes","man_made":"drinking_fountain","opening_hours":"May-Sep: Mo-Su,PH 00:00-24:00","operator":"Berliner Wasserbetriebe","operator:short":"BWB","operator:wikidata":"Q821856","operator:wikipedia":"de:Berliner Wasserbetriebe","website":"https://www.bwb.de/trinkbrunnen","wheelchair":"yes"},"geometry":{"type":"Point","coordinates":[13.5535884,52.4352163]}},{"type":"Feature","id":8941715014,"properties":{"osmId":8941715014,"osmType":"node","access":"yes","amenity":"drinking_water","fee":"no","fountain":"bubbler","opening_hours":"May-Oct","operator":"Berliner Wasserbetriebe","operator:short":"BWB","operator:wikidata":"Q821856","operator:wikipedia":"de:Berliner Wasserbetriebe","wheelchair":"yes"},"geometry":{"type":"Point","coordinates":[13.313469,52.4904278]}},{"type":"Feature","id":8948878880,"properties":{"osmId":8948878880,"osmType":"node","amenity":"drinking_water","fountain":"bubbler"},"geometry":{"type":"Point","coordinates":[13.4819777,52.48929]}},{"type":"Feature","id":8989776961,"properties":{"osmId":8989776961,"osmType":"node","amenity":"drinking_water","bottle":"no","covered":"no","fee":"no","fountain":"bubbler","image":"File:Charlottenburg Stuttgarter Platz Trinkbrunnen-001.jpg","indoor":"no","lit":"yes","type":"Kaiser-Brunnen","wheelchair":"limited","wikidata":"Q124257660","wikimedia_commons":"Category:Trinkbrunnen der Berliner Wasserbetriebe Stuttgarter Platz, Berlin-Charlottenburg"},"geometry":{"type":"Point","coordinates":[13.3016888,52.5051043]}},{"type":"Feature","id":8990450123,"properties":{"osmId":8990450123,"osmType":"node","access":"yes","amenity":"drinking_water","bottle":"yes","colour":"blue","drinking_water:seasonal":"summer","fee":"no","fountain":"bubbler","model":"Typ 1","operator":"Berliner Wasserbetriebe","operator:short":"BWB","operator:wikidata":"Q821856","operator:wikipedia":"de:Berliner Wasserbetriebe","panoramax":"27939c03-0782-47fe-a85d-60510e86d3ca","wheelchair":"limited"},"geometry":{"type":"Point","coordinates":[13.3860318,52.516778]}},{"type":"Feature","id":8996082092,"properties":{"osmId":8996082092,"osmType":"node","amenity":"drinking_water","fee":"no","fountain":"bubbler"},"geometry":{"type":"Point","coordinates":[13.4670424,52.5200476]}},{"type":"Feature","id":9000621698,"properties":{"osmId":9000621698,"osmType":"node","access":"yes","amenity":"drinking_water","fountain":"bubbler"},"geometry":{"type":"Point","coordinates":[13.1981059,52.5551093]}},{"type":"Feature","id":9032265137,"properties":{"osmId":9032265137,"osmType":"node","amenity":"drinking_water"},"geometry":{"type":"Point","coordinates":[13.2856411,52.6631816]}},{"type":"Feature","id":9057712709,"properties":{"osmId":9057712709,"osmType":"node","access":"yes","amenity":"drinking_water","bottle":"yes","covered":"no","description":"Trinkbrunnen","drinking_water":"yes","fee":"no","fountain":"bubbler","lit":"yes","operator":"Berliner Wasserbetriebe","operator:short":"BWB","operator:wikidata":"Q821856","operator:wikipedia":"de:Berliner Wasserbetriebe","wheelchair":"yes"},"geometry":{"type":"Point","coordinates":[13.5546651,52.5571581]}},{"type":"Feature","id":9060548518,"properties":{"osmId":9060548518,"osmType":"node","access":"yes","amenity":"drinking_water","bottle":"yes","fee":"no","fountain":"bubbler","opening_hours":"24/7","operator":"Berliner Wasserbetriebe","operator:short":"BWB","operator:wikidata":"Q821856","operator:wikipedia":"de:Berliner Wasserbetriebe","seasonal":"spring;summer;autumn","wheelchair":"limited"},"geometry":{"type":"Point","coordinates":[13.3696294,52.5444376]}},{"type":"Feature","id":9062880957,"properties":{"osmId":9062880957,"osmType":"node","access":"yes","amenity":"drinking_water","bottle":"yes","check_date":"2022-08-31","cold_water":"yes","description":"Trinkbrunnen","drinking_water:legal":"yes","drinking_water:seasonal":"yes","fee":"no","fountain":"bubbler","operator":"Berliner Wasserbetriebe","operator:short":"BWB","operator:wikidata":"Q821856","wheelchair":"no"},"geometry":{"type":"Point","coordinates":[13.4146715,52.4949204]}},{"type":"Feature","id":9120210978,"properties":{"osmId":9120210978,"osmType":"node","amenity":"drinking_water","description":"Trinkbrunnen","drinking_water":"yes","drinking_water:legal":"yes","drinking_water:seasonal":"yes","fee":"no","fountain":"bubbler","opening_hours":"Apr-Oct: Mo-Su,PH 00:00-24:00","operator":"Berliner Wasserbetriebe","operator:short":"BWB","operator:wikidata":"Q821856","operator:wikipedia":"de:Berliner Wasserbetriebe","wheelchair":"yes"},"geometry":{"type":"Point","coordinates":[13.4474111,52.5101075]}},{"type":"Feature","id":9133322307,"properties":{"osmId":9133322307,"osmType":"node","access":"yes","amenity":"drinking_water","bottle":"yes","description":"Berliner Trinkbrunnen; Mai-Okt","fee":"no","fountain":"bubbler","operator":"Berliner Wasserbetriebe","operator:short":"BWB","operator:wikidata":"Q821856","operator:wikipedia":"de:Berliner Wasserbetriebe"},"geometry":{"type":"Point","coordinates":[13.3040597,52.5257772]}},{"type":"Feature","id":9135649777,"properties":{"osmId":9135649777,"osmType":"node","access":"yes","amenity":"drinking_water","bottle":"yes","fee":"no","fountain":"bubbler","wheelchair":"limited"},"geometry":{"type":"Point","coordinates":[13.1721861,52.5212686]}},{"type":"Feature","id":9180328214,"properties":{"osmId":9180328214,"osmType":"node","access":"yes","amenity":"drinking_water","bottle":"yes","colour":"blue","fee":"no","fountain":"bubbler","operator":"Berliner Wasserbetriebe","operator:short":"BWB","operator:wikidata":"Q821856","operator:wikipedia":"de:Berliner Wasserbetriebe","wheelchair":"limited"},"geometry":{"type":"Point","coordinates":[13.5082781,52.4065732]}},{"type":"Feature","id":9180842962,"properties":{"osmId":9180842962,"osmType":"node","access":"private","amenity":"drinking_water","bottle":"yes","description":"Trinkbrunnen, Privatgelände","fee":"no","wheelchair":"limited"},"geometry":{"type":"Point","coordinates":[13.2653442,52.5760769]}},{"type":"Feature","id":9180885139,"properties":{"osmId":9180885139,"osmType":"node","access":"yes","amenity":"drinking_water","bottle":"yes","colour":"blue","description":"Trinkbrunnen, nur außerhalb der Frostperiode (Mai-Okt)","fee":"no","fountain":"bubbler","operator":"Berliner Wasserbetriebe","operator:short":"BWB","operator:wikidata":"Q821856","operator:wikipedia":"de:Berliner Wasserbetriebe","wheelchair":"limited"},"geometry":{"type":"Point","coordinates":[13.1970327,52.5135624]}},{"type":"Feature","id":9180899074,"properties":{"osmId":9180899074,"osmType":"node","access":"yes","amenity":"drinking_water","bottle":"yes","description":"Trinkbrunnen, nur in Sommerperiode in Betriebe","fee":"no","fountain":"bubbler","mapillary":"1835637953610559; 993989572466668","opening_hours":"24/7","seasonal":"spring;summer;autumn","wheelchair":"limited"},"geometry":{"type":"Point","coordinates":[13.2112804,52.5460494]}},{"type":"Feature","id":9180900699,"properties":{"osmId":9180900699,"osmType":"node","access":"yes","amenity":"drinking_water","bottle":"yes","description":"Trinkbrunnen, nur in Sommerperiode in Betrieb","fee":"no","fountain":"bubbler","wheelchair":"limited"},"geometry":{"type":"Point","coordinates":[13.1782108,52.5502374]}},{"type":"Feature","id":9180903330,"properties":{"osmId":9180903330,"osmType":"node","access":"yes","amenity":"drinking_water","bottle":"yes","description":"Trinkbrunnen, nur in Sommerperiode in Betrieb","fee":"no","fountain":"bubbler","wheelchair":"limited"},"geometry":{"type":"Point","coordinates":[13.2061468,52.5386916]}},{"type":"Feature","id":9216273520,"properties":{"osmId":9216273520,"osmType":"node","access":"yes","amenity":"drinking_water","bottle":"yes","description":"Trinkbrunnen","fee":"no","fountain":"bubbler","operator":"Berliner Wasserbetriebe","operator:short":"BWB","operator:wikidata":"Q821856","wheelchair":"limited"},"geometry":{"type":"Point","coordinates":[13.6241142,52.4505938]}},{"type":"Feature","id":9216278019,"properties":{"osmId":9216278019,"osmType":"node","access":"customers","amenity":"drinking_water","bottle":"yes","description":"Trinkbrunnen","man_made":"water_well","pump":"manual","wheelchair":"limited"},"geometry":{"type":"Point","coordinates":[13.6443927,52.4477402]}},{"type":"Feature","id":9230294045,"properties":{"osmId":9230294045,"osmType":"node","access":"yes","amenity":"drinking_water","bottle":"no","covered":"no","fee":"no","fountain":"bubbler","indoor":"no","lit":"no","wheelchair":"yes"},"geometry":{"type":"Point","coordinates":[13.3060309,52.6018139]}},{"type":"Feature","id":9234452719,"properties":{"osmId":9234452719,"osmType":"node","access":"yes","amenity":"drinking_water","covered":"no","fee":"no","fountain":"bubbler","indoor":"no","level":"0","wheelchair":"yes"},"geometry":{"type":"Point","coordinates":[13.2000212,52.5284661]}},{"type":"Feature","id":9496388294,"properties":{"osmId":9496388294,"osmType":"node","access":"yes","amenity":"drinking_water","bottle":"no","colour":"blue/purple","description":"Trinkbrunnen (im Winter inaktiv)","fee":"no","fountain":"bubbler","not:operator:wikidata":"Q821856","operator":"Berliner Wasserbetriebe","wheelchair":"yes"},"geometry":{"type":"Point","coordinates":[13.397813,52.5710355]}},{"type":"Feature","id":9547129320,"properties":{"osmId":9547129320,"osmType":"node","access":"yes","amenity":"drinking_water","check_date":"2022-09-05","colour":"blue","fee":"no","fountain":"bubbler","mapillary":"754972579126114","operator":"Berliner Wasserbetriebe","operator:short":"BWB","operator:wikidata":"Q821856","operator:wikipedia":"de:Berliner Wasserbetriebe","wheelchair":"yes"},"geometry":{"type":"Point","coordinates":[13.4954378,52.5420071]}},{"type":"Feature","id":9556955499,"properties":{"osmId":9556955499,"osmType":"node","access":"yes","amenity":"drinking_water","bottle":"yes","fee":"no","indoor":"no","man_made":"water_tap"},"geometry":{"type":"Point","coordinates":[13.4179519,52.4769978]}},{"type":"Feature","id":9566605416,"properties":{"osmId":9566605416,"osmType":"node","access":"yes","addr:floor":"0","amenity":"drinking_water","bottle":"yes","covered":"no","fee":"no","fountain":"bubbler","indoor":"no","level":"0","operator":"Berliner Wasserbetriebe","operator:short":"BWB","operator:wikidata":"Q821856","source":"survey","wheelchair":"yes"},"geometry":{"type":"Point","coordinates":[13.3627384,52.548927]}},{"type":"Feature","id":9598925014,"properties":{"osmId":9598925014,"osmType":"node","access":"yes","amenity":"drinking_water","fee":"no","fountain":"bubbler","operator":"Berliner Wasserbetriebe","operator:short":"BWB","operator:wikidata":"Q821856","operator:wikipedia":"de:Berliner Wasserbetriebe","wheelchair":"yes"},"geometry":{"type":"Point","coordinates":[13.4005533,52.3865757]}},{"type":"Feature","id":9620141151,"properties":{"osmId":9620141151,"osmType":"node","access":"yes","addr:floor":"0","amenity":"drinking_water","bottle":"yes","colour":"blue","covered":"no","fee":"no","fountain":"bubbler","indoor":"no","level":"0","lit":"no","material":"metal","operator":"Berliner Wasserbetriebe","operator:short":"BWB","operator:wikidata":"Q821856"},"geometry":{"type":"Point","coordinates":[13.4319304,52.5501327]}},{"type":"Feature","id":9626493518,"properties":{"osmId":9626493518,"osmType":"node","amenity":"drinking_water","colour":"blue","fountain":"bubbler","operator":"Berliner Wasserbetriebe","operator:short":"BWB","operator:wikidata":"Q821856"},"geometry":{"type":"Point","coordinates":[13.5391963,52.5362176]}},{"type":"Feature","id":9655606121,"properties":{"osmId":9655606121,"osmType":"node","amenity":"drinking_water","fee":"no","fountain":"bubbler","hot_water":"no","wheelchair":"yes"},"geometry":{"type":"Point","coordinates":[13.3604334,52.4849802]}},{"type":"Feature","id":9656454573,"properties":{"osmId":9656454573,"osmType":"node","access":"yes","amenity":"drinking_water","fee":"no","fountain":"bubbler"},"geometry":{"type":"Point","coordinates":[13.4123644,52.5622756]}},{"type":"Feature","id":9668480937,"properties":{"osmId":9668480937,"osmType":"node","access":"yes","amenity":"drinking_water","colour":"blue","fee":"no","fountain":"bubbler","operator":"Berliner Wasserbetriebe","operator:short":"BWB","operator:wikidata":"Q821856","operator:wikipedia":"de:Berliner Wasserbetriebe"},"geometry":{"type":"Point","coordinates":[13.3593835,52.5428574]}},{"type":"Feature","id":9732048139,"properties":{"osmId":9732048139,"osmType":"node","access":"yes","amenity":"drinking_water","bottle":"yes","covered":"no","fee":"no","fountain":"bubbler","indoor":"no","operator":"Berliner Wasserbetriebe","operator:short":"BWB","operator:wikidata":"Q821856"},"geometry":{"type":"Point","coordinates":[13.3482099,52.4853002]}},{"type":"Feature","id":9735193782,"properties":{"osmId":9735193782,"osmType":"node","access":"yes","amenity":"drinking_water","covered":"no","fee":"no","fountain":"bubbler","indoor":"no","lit":"no"},"geometry":{"type":"Point","coordinates":[13.47881,52.5151097]}},{"type":"Feature","id":9740152649,"properties":{"osmId":9740152649,"osmType":"node","access":"yes","amenity":"drinking_water","description":"Wasserabgabe mit Druckknopf","drinking_water":"yes","fee":"no","mapillary":"9874150489322132","name":"Trinkwassersäule","wheelchair":"yes"},"geometry":{"type":"Point","coordinates":[13.7003627,52.4787024]}},{"type":"Feature","id":9748421338,"properties":{"osmId":9748421338,"osmType":"node","amenity":"drinking_water","man_made":"water_tap"},"geometry":{"type":"Point","coordinates":[13.3601666,52.5722641]}},{"type":"Feature","id":9759143948,"properties":{"osmId":9759143948,"osmType":"node","amenity":"drinking_water","bottle":"yes","fountain":"bubbler","panoramax":"00379e8a-de4c-4b73-b3bf-0a37ffa0ef6f","panoramax:0":"01134ea5-9fdc-4a76-90b5-2074e13a4482","wheelchair":"yes"},"geometry":{"type":"Point","coordinates":[13.3530154,52.5398611]}},{"type":"Feature","id":9773111143,"properties":{"osmId":9773111143,"osmType":"node","amenity":"drinking_water","fountain":"bubbler","name":"Trinkwasserbrunnen am Friedhof"},"geometry":{"type":"Point","coordinates":[13.4933268,52.4605478]}},{"type":"Feature","id":9774383323,"properties":{"osmId":9774383323,"osmType":"node","access":"yes","amenity":"drinking_water","description":"Trinkbrunnen","fee":"no","name":"Trinkbrunnen Ahrensfelder Platz","operator":"Berliner Wasserbetriebe","operator:short":"BWB","operator:wikidata":"Q821856","seasonal":"yes","wheelchair":"no","wikimedia_commons":"File:Berlin Ahrensfelder Platz Trinkwasserbrunnen.jpg"},"geometry":{"type":"Point","coordinates":[13.5659571,52.5700647]}},{"type":"Feature","id":9775798578,"properties":{"osmId":9775798578,"osmType":"node","amenity":"drinking_water","fountain":"bubbler"},"geometry":{"type":"Point","coordinates":[13.455128,52.5034302]}},{"type":"Feature","id":9824990630,"properties":{"osmId":9824990630,"osmType":"node","access":"yes","amenity":"drinking_water","bottle":"yes","description":"Trinkbrunnen","fee":"no","fountain":"bubbler","operator":"Berliner Wasserbetriebe","operator:short":"BWB","operator:wikidata":"Q821856","wheelchair":"no"},"geometry":{"type":"Point","coordinates":[13.4218574,52.5378164]}},{"type":"Feature","id":9830705711,"properties":{"osmId":9830705711,"osmType":"node","access":"yes","amenity":"drinking_water","description":"Trinkwasserbrunnen barrierrefreies Modell","fee":"no","fountain":"bubbler","operator":"Berliner Wasserbetriebe","operator:short":"BWB","operator:wikidata":"Q821856","wheelchair":"yes"},"geometry":{"type":"Point","coordinates":[13.4314871,52.5004545]}},{"type":"Feature","id":9830756711,"properties":{"osmId":9830756711,"osmType":"node","amenity":"drinking_water","bottle":"yes","description":"Trinkwasserbrunnen barrierefreies Modell","fee":"no","fountain":"bubbler","operator":"Berliner Wasserbetriebe","operator:short":"BWB","operator:wikidata":"Q821856","wheelchair":"yes"},"geometry":{"type":"Point","coordinates":[13.4305776,52.5007769]}},{"type":"Feature","id":9834004317,"properties":{"osmId":9834004317,"osmType":"node","access":"yes","addr:floor":"0","amenity":"drinking_water","bottle":"yes","covered":"no","fee":"no","fountain":"bubbler","indoor":"no","level":"0","lit":"no","operator":"Berliner Wasserbetriebe","operator:short":"BWB","operator:wikidata":"Q821856","source":"survey"},"geometry":{"type":"Point","coordinates":[13.4227986,52.4910729]}},{"type":"Feature","id":9846655017,"properties":{"osmId":9846655017,"osmType":"node","access":"yes","amenity":"drinking_water","bottle":"yes","covered":"no","fee":"no","fountain":"bubbler","indoor":"no","level":"0","source":"survey","wheelchair":"yes"},"geometry":{"type":"Point","coordinates":[13.3918106,52.4997322]}},{"type":"Feature","id":9860528200,"properties":{"osmId":9860528200,"osmType":"node","access":"yes","amenity":"drinking_water","bottle":"yes","description":"Trinkbrunnen Bürgerpark Pankow, barrierefreies Modell","fee":"no","fountain":"bubbler","not:operator:wikidata":"Q821856","operator":"Berliner Wasserbetriebe","wheelchair":"yes"},"geometry":{"type":"Point","coordinates":[13.3959752,52.5689948]}},{"type":"Feature","id":9865324164,"properties":{"osmId":9865324164,"osmType":"node","access":"yes","amenity":"drinking_water","bottle":"yes","colour":"blue","fee":"no","fountain":"bubbler","operator":"Berliner Wasserbetriebe","operator:short":"BWB","operator:wikidata":"Q821856"},"geometry":{"type":"Point","coordinates":[13.6041632,52.5372186]}},{"type":"Feature","id":9868842460,"properties":{"osmId":9868842460,"osmType":"node","amenity":"drinking_water","bottle":"yes","fee":"no","fountain":"bubbler","wikimedia_commons":"File:Bubbler Mauerpark, Berlin, Germany Aug 21, 2023 03-13-11 PM.jpeg"},"geometry":{"type":"Point","coordinates":[13.402748,52.5417769]}},{"type":"Feature","id":9875137231,"properties":{"osmId":9875137231,"osmType":"node","amenity":"drinking_water","fountain":"bubbler"},"geometry":{"type":"Point","coordinates":[13.2064671,52.5426181]}},{"type":"Feature","id":9886900263,"properties":{"osmId":9886900263,"osmType":"node","access":"yes","amenity":"drinking_water","bottle":"yes","fee":"no","fountain":"bubbler","operator":"Berliner Wasserbetriebe","operator:short":"BWB","operator:wikidata":"Q821856","wheelchair":"no","wikidata":"Q135965022"},"geometry":{"type":"Point","coordinates":[13.4467452,52.5418314]}},{"type":"Feature","id":9900439480,"properties":{"osmId":9900439480,"osmType":"node","amenity":"drinking_water","bottle":"yes","fountain":"bubbler","panoramax":"a2354736-22d7-4c9a-91f1-cee2ec25989a"},"geometry":{"type":"Point","coordinates":[13.3520526,52.546131]}},{"type":"Feature","id":9953327699,"properties":{"osmId":9953327699,"osmType":"node","access":"yes","addr:floor":"0","amenity":"drinking_water","bottle":"yes","colour":"blue","covered":"no","description":"Trinkbrunnen","drinking_water":"yes","fee":"no","fountain":"bubbler","indoor":"no","level":"0","lit":"no","material":"metal","operator":"Berliner Wasserbetriebe","operator:short":"BWB","operator:wikidata":"Q821856","source":"survey"},"geometry":{"type":"Point","coordinates":[13.4924571,52.5481459]}},{"type":"Feature","id":9961988606,"properties":{"osmId":9961988606,"osmType":"node","access":"yes","amenity":"drinking_water","bottle":"yes","drinking_water:seasonal":"April-Oktober","fountain":"bubbler","operator":"Berliner Wasserbetriebe","operator:short":"BWB","operator:wikidata":"Q821856","wheelchair":"limited"},"geometry":{"type":"Point","coordinates":[13.4984522,52.5354993]}},{"type":"Feature","id":9961991756,"properties":{"osmId":9961991756,"osmType":"node","access":"yes","amenity":"drinking_water","bottle":"yes","fee":"no","operator":"Berliner Wasserbetriebe","operator:short":"BWB","operator:wikidata":"Q821856","seasonal":"summer","wheelchair":"limited"},"geometry":{"type":"Point","coordinates":[13.4060219,52.4980203]}},{"type":"Feature","id":9978647624,"properties":{"osmId":9978647624,"osmType":"node","amenity":"drinking_water","name":"Wasserwerk An Den Müggelbergen","operator":"Berliner Wasserbetriebe","operator:wikidata":"Q821856"},"geometry":{"type":"Point","coordinates":[13.6332799,52.4124098]}},{"type":"Feature","id":9983386660,"properties":{"osmId":9983386660,"osmType":"node","access":"yes","amenity":"drinking_water","bottle":"yes","covered":"no","fee":"no","indoor":"no","lit":"no","man_made":"water_tap"},"geometry":{"type":"Point","coordinates":[13.4100362,52.4791497]}},{"type":"Feature","id":9991377815,"properties":{"osmId":9991377815,"osmType":"node","access":"yes","amenity":"drinking_water","bottle":"limited","fee":"no","fountain":"bubbler","start_date":"2022-07-01","wheelchair":"no","wikimedia_commons":"File:Bubbler im Böcklerpark Skatepark, Berlino, Germania Aug 20, 2023 04-25-46 PM.jpeg"},"geometry":{"type":"Point","coordinates":[13.4058023,52.4967269]}},{"type":"Feature","id":10001038422,"properties":{"osmId":10001038422,"osmType":"node","access":"yes","amenity":"drinking_water","check_date":"2022-09-05","colour":"blue","description":"Trinkbrunnen","drinking_water":"yes","fee":"no","fountain":"bubbler","mapillary":"495509815739223","operator":"Berliner Wasserbetriebe","operator:short":"BWB","operator:wikidata":"Q821856","operator:wikipedia":"de:Berliner Wasserbetriebe","wheelchair":"yes"},"geometry":{"type":"Point","coordinates":[13.4985322,52.5385004]}},{"type":"Feature","id":10025810984,"properties":{"osmId":10025810984,"osmType":"node","access":"yes","amenity":"drinking_water","bottle":"yes","drinking_water:seasonal":"yes","fee":"no","fountain":"bubbler","opening_hours":"Apr-Oct: PH,Mo-Su 00:00-24:00","operator":"Berliner Wasserbetriebe","operator:short":"BWB","operator:wikidata":"Q821856","wheelchair":"yes"},"geometry":{"type":"Point","coordinates":[13.2797444,52.5369224]}},{"type":"Feature","id":10026085272,"properties":{"osmId":10026085272,"osmType":"node","access":"yes","amenity":"drinking_water","colour":"blue","fee":"no","fountain":"bubbler","operator":"Berliner Wasserbetriebe","operator:short":"BWB","operator:wikidata":"Q821856","operator:wikipedia":"de:Berliner Wasserbetriebe","wheelchair":"yes"},"geometry":{"type":"Point","coordinates":[13.4755312,52.5261754]}},{"type":"Feature","id":10047214007,"properties":{"osmId":10047214007,"osmType":"node","amenity":"drinking_water","colour":"blue","description":"Trinkbrunnen","drinking_water":"yes","fountain":"bubbler","operator":"Berliner Wasserbetriebe","operator:short":"BWB","operator:wikidata":"Q821856","operator:wikipedia":"de:Berliner Wasserbetriebe"},"geometry":{"type":"Point","coordinates":[13.5128766,52.5678703]}},{"type":"Feature","id":10092157402,"properties":{"osmId":10092157402,"osmType":"node","access":"yes","amenity":"drinking_water","bottle":"no","capacity":"1","check_date":"2022-10-11","covered":"no","fee":"no","fixme":"noch außer Betrieb","height":"0.77","indoor":"no","level":"0","lit":"no","man_made":"drinking_fountain","material":"concrete","source":"survey","wheelchair":"yes"},"geometry":{"type":"Point","coordinates":[13.4722746,52.5154629]}},{"type":"Feature","id":10111059502,"properties":{"osmId":10111059502,"osmType":"node","access":"yes","amenity":"drinking_water","colour":"blue","fee":"no","fountain":"bubbler","operator":"Berliner Wasserbetriebe","operator:short":"BWB","operator:wikidata":"Q821856","operator:wikipedia":"de:Berliner Wasserbetriebe","wheelchair":"yes"},"geometry":{"type":"Point","coordinates":[13.4743692,52.5273543]}},{"type":"Feature","id":10144973397,"properties":{"osmId":10144973397,"osmType":"node","access":"yes","amenity":"drinking_water","bottle":"yes","drinking_water:legal":"yes","drinking_water:type":"tap","fee":"no","fountain":"bottle_refill","note":"serves 3 types of water: still / lightly carbonated / carbonated","wheelchair":"yes"},"geometry":{"type":"Point","coordinates":[13.5079754,52.3626012]}},{"type":"Feature","id":10167874092,"properties":{"osmId":10167874092,"osmType":"node","amenity":"drinking_water","fixme":"position","fountain":"bubbler"},"geometry":{"type":"Point","coordinates":[13.585842,52.5273753]}},{"type":"Feature","id":10188792801,"properties":{"osmId":10188792801,"osmType":"node","access":"yes","amenity":"drinking_water","bottle":"yes","description":"Trinkbrunnen","drinking_water:seasonal":"April -  Oktober","fee":"no","fountain":"bubbler","operator":"Berliner Wasserbetriebe","operator:short":"BWB","operator:wikidata":"Q821856","wheelchair":"limited"},"geometry":{"type":"Point","coordinates":[13.5190559,52.5671291]}},{"type":"Feature","id":10240965696,"properties":{"osmId":10240965696,"osmType":"node","access":"yes","amenity":"drinking_water","check_date":"2026-04-12","fee":"no","fountain":"bubbler","operator":"closed","operator:short":"BWB","operator:wikidata":"Q821856"},"geometry":{"type":"Point","coordinates":[13.364981,52.4877636]}},{"type":"Feature","id":10290936849,"properties":{"osmId":10290936849,"osmType":"node","amenity":"drinking_water","colour":"blue","description":"Trinkbrunnen","drinking_water":"yes","fountain":"bubbler","operator":"Berliner Wasserbetriebe","operator:short":"BWB","operator:wikidata":"Q821856","operator:wikipedia":"de:Berliner Wasserbetriebe"},"geometry":{"type":"Point","coordinates":[13.509589,52.5714364]}},{"type":"Feature","id":10572787186,"properties":{"osmId":10572787186,"osmType":"node","amenity":"drinking_water","description":"Trinkbrunnen","drinking_water":"yes","drinking_water:legal":"yes","drinking_water:seasonal":"yes","fountain":"bubbler","opening_hours":"Apr-Oct: Mo-Su,PH 00:00-24:00","operator":"Berliner Wasserbetriebe","operator:short":"BWB","operator:wikidata":"Q821856","operator:wikipedia":"de:Berliner Wasserbetriebe","wheelchair":"yes"},"geometry":{"type":"Point","coordinates":[13.5347833,52.4642412]}},{"type":"Feature","id":10586988982,"properties":{"osmId":10586988982,"osmType":"node","amenity":"drinking_water","fountain":"bubbler"},"geometry":{"type":"Point","coordinates":[13.3373404,52.5035925]}},{"type":"Feature","id":10710097074,"properties":{"osmId":10710097074,"osmType":"node","amenity":"drinking_water","colour":"blue","description":"Trinkbrunnen","drinking_water":"yes","fountain":"bubbler","operator":"Berliner Wasserbetriebe","operator:short":"BWB","operator:wikidata":"Q821856","operator:wikipedia":"de:Berliner Wasserbetriebe"},"geometry":{"type":"Point","coordinates":[13.4918912,52.5464402]}},{"type":"Feature","id":10712018222,"properties":{"osmId":10712018222,"osmType":"node","access":"yes","amenity":"drinking_water","description":"Trinkbrunnen","fee":"no","fountain":"bubbler","wheelchair":"yes","wikimedia_commons":"File:Bubbler, Mauerpark, Berlin, Germany Aug 21, 2023 04-10-12 PM.jpeg"},"geometry":{"type":"Point","coordinates":[13.4004115,52.5438972]}},{"type":"Feature","id":10853383415,"properties":{"osmId":10853383415,"osmType":"node","access":"yes","amenity":"drinking_water","bottle":"yes","fee":"no","fountain":"bubbler","opening_hours":"Apr-Oct: PH,Mo-Su 00:00-24:00","operator":"Berliner Wasserbetriebe","operator:short":"BWB","operator:wikidata":"Q821856"},"geometry":{"type":"Point","coordinates":[13.2625634,52.5416245]}},{"type":"Feature","id":10880414383,"properties":{"osmId":10880414383,"osmType":"node","amenity":"drinking_water","bottle":"yes","drinking_water":"yes","fountain":"bubbler","wheelchair":"yes"},"geometry":{"type":"Point","coordinates":[13.4233071,52.4993209]}},{"type":"Feature","id":10933396629,"properties":{"osmId":10933396629,"osmType":"node","amenity":"drinking_water","fountain":"bubbler"},"geometry":{"type":"Point","coordinates":[13.4936827,52.4821725]}},{"type":"Feature","id":10941981856,"properties":{"osmId":10941981856,"osmType":"node","access":"yes","amenity":"drinking_water","bottle":"yes","colour":"blue","description":"Berliner Trinkbrunnen; Mai-Okt","drinking_water":"yes","fee":"no","fountain":"bubbler","operator":"Berliner Wasserbetriebe","operator:short":"BWB","operator:wikidata":"Q821856","operator:wikipedia":"de:Berliner Wasserbetriebe","wheelchair":"yes"},"geometry":{"type":"Point","coordinates":[13.2992166,52.5152775]}},{"type":"Feature","id":10963489079,"properties":{"osmId":10963489079,"osmType":"node","access":"yes","amenity":"drinking_water","bottle":"no","fee":"no","fountain":"bubbler","operator":"Berliner Wasserbetriebe","operator:short":"BWB","operator:wikidata":"Q821856","wheelchair":"yes"},"geometry":{"type":"Point","coordinates":[13.2911097,52.5102544]}},{"type":"Feature","id":11023169457,"properties":{"osmId":11023169457,"osmType":"node","amenity":"drinking_water","capacity":"1","cold_water":"yes","fee":"no","fountain":"bubbler","man_made":"water_tap"},"geometry":{"type":"Point","coordinates":[13.2658448,52.6735985]}},{"type":"Feature","id":11043501605,"properties":{"osmId":11043501605,"osmType":"node","access":"yes","amenity":"drinking_water","fountain":"bubbler","operator":"Berliner Wasserbetriebe","operator:short":"BWB","operator:wikidata":"Q821856"},"geometry":{"type":"Point","coordinates":[13.3478906,52.4675718]}},{"type":"Feature","id":11052142731,"properties":{"osmId":11052142731,"osmType":"node","access":"yes","amenity":"drinking_water","drinking_water":"yes","indoor":"no","man_made":"water_tap"},"geometry":{"type":"Point","coordinates":[13.4215887,52.5138258]}},{"type":"Feature","id":11052455489,"properties":{"osmId":11052455489,"osmType":"node","access":"yes","amenity":"drinking_water","bottle":"yes","panoramax":"54a074ac-fdce-4ad9-a549-4b4fe2bb56c2","wheelchair":"yes"},"geometry":{"type":"Point","coordinates":[13.2175533,52.5594186]}},{"type":"Feature","id":11127527580,"properties":{"osmId":11127527580,"osmType":"node","access":"yes","amenity":"drinking_water","bottle":"no","fee":"no","fountain":"bubbler","wheelchair":"yes"},"geometry":{"type":"Point","coordinates":[13.336163,52.5233184]}},{"type":"Feature","id":11129834867,"properties":{"osmId":11129834867,"osmType":"node","access":"yes","amenity":"drinking_water","bottle":"yes","description":"Trinkbrunnen, nur außerhalb der Frostperiode (Mai-Okt)","fee":"no","fountain":"bubbler","operator":"Berliner Wasserbetriebe","operator:short":"BWB","operator:wikidata":"Q821856","operator:wikipedia":"de:Berliner Wasserbetriebe","wheelchair":"yes"},"geometry":{"type":"Point","coordinates":[13.2143678,52.4402072]}},{"type":"Feature","id":11131213482,"properties":{"osmId":11131213482,"osmType":"node","amenity":"drinking_water","description":"Trinkbrunnen","drinking_water":"yes","drinking_water:legal":"yes","drinking_water:seasonal":"yes","fee":"no","fountain":"bubbler","opening_hours":"Apr-Oct: Mo-Su,PH 00:00-24:00","operator":"Berliner Wasserbetriebe","operator:short":"BWB","operator:wikidata":"Q821856","operator:wikipedia":"de:Berliner Wasserbetriebe","wheelchair":"yes"},"geometry":{"type":"Point","coordinates":[13.5063502,52.4938754]}},{"type":"Feature","id":11131549320,"properties":{"osmId":11131549320,"osmType":"node","access":"yes","addr:floor":"0","amenity":"drinking_water","bottle":"yes","colour":"blue","covered":"no","description":"Trinkbrunnen","drinking_water":"yes","drinking_water:legal":"yes","drinking_water:seasonal":"yes","fee":"no","fountain":"bubbler","indoor":"no","level":"0","material":"metal","opening_hours":"Apr-Oct: Mo-Su,PH 00:00-24:00","operator":"Berliner Wasserbetriebe","operator:short":"BWB","operator:wikidata":"Q821856","operator:wikipedia":"de:Berliner Wasserbetriebe","source":"survey","wheelchair":"yes"},"geometry":{"type":"Point","coordinates":[13.5211452,52.4976252]}},{"type":"Feature","id":11139103183,"properties":{"osmId":11139103183,"osmType":"node","amenity":"drinking_water","fountain":"bubbler"},"geometry":{"type":"Point","coordinates":[13.4065399,52.5144053]}},{"type":"Feature","id":11197800653,"properties":{"osmId":11197800653,"osmType":"node","access":"yes","amenity":"drinking_water","fee":"no","fountain":"bottle_refill","level":"5"},"geometry":{"type":"Point","coordinates":[13.5068511,52.3649947]}},{"type":"Feature","id":11207439373,"properties":{"osmId":11207439373,"osmType":"node","access":"yes","addr:floor":"0","amenity":"drinking_water","bottle":"yes","covered":"no","fee":"no","fountain":"bubbler","indoor":"no","level":"0","lit":"yes","operator":"Berliner Wasserbetriebe","operator:short":"BWB","operator:wikidata":"Q821856","source":"survey","wheelchair":"yes"},"geometry":{"type":"Point","coordinates":[13.3612992,52.5479612]}},{"type":"Feature","id":11253479359,"properties":{"osmId":11253479359,"osmType":"node","access":"yes","amenity":"drinking_water","bottle":"no","covered":"no","fee":"no","fountain":"bubbler","indoor":"no","lit":"no","wheelchair":"yes"},"geometry":{"type":"Point","coordinates":[13.2854102,52.5899555]}},{"type":"Feature","id":11330992643,"properties":{"osmId":11330992643,"osmType":"node","amenity":"drinking_water","colour":"blue","description":"Trinkbrunnen","drinking_water":"yes","fountain":"bubbler","operator":"Berliner Wasserbetriebe","operator:short":"BWB","operator:wikidata":"Q821856","operator:wikipedia":"de:Berliner Wasserbetriebe"},"geometry":{"type":"Point","coordinates":[13.4858156,52.5353021]}},{"type":"Feature","id":11443085441,"properties":{"osmId":11443085441,"osmType":"node","access":"yes","amenity":"drinking_water","bottle":"yes","description":"Betrieb: April bis Oktober\nTyp: Kaiser","fee":"no","fountain":"bubbler","opening_hours":"April -Oktober 7/24h","operator":"https://www.bwb.de","wheelchair":"no"},"geometry":{"type":"Point","coordinates":[13.2856289,52.5063391]}},{"type":"Feature","id":11459505078,"properties":{"osmId":11459505078,"osmType":"node","access":"yes","amenity":"drinking_water","bottle":"yes","fee":"no","fountain":"bubbler","opening_hours":"May-Oct Mo-Su 00:00-24:00","operator":"www.bwb.de","wheelchair":"yes"},"geometry":{"type":"Point","coordinates":[13.3912102,52.5041205]}},{"type":"Feature","id":11465311078,"properties":{"osmId":11465311078,"osmType":"node","access":"yes","amenity":"drinking_water","bottle":"yes","fee":"no","fountain":"bubbler","opening_hours":"May-Oct Mo-Su 00:00-24:00","operator":"www.bwb.de","wheelchair":"no"},"geometry":{"type":"Point","coordinates":[13.4891373,52.5152608]}},{"type":"Feature","id":11465610356,"properties":{"osmId":11465610356,"osmType":"node","access":"yes","amenity":"drinking_water","bottle":"yes","fee":"no","location":"reception hall of the BWB","operator":"www.bwb.de","wheelchair":"yes"},"geometry":{"type":"Point","coordinates":[13.410746,52.5155245]}},{"type":"Feature","id":11680909906,"properties":{"osmId":11680909906,"osmType":"node","access":"yes","amenity":"drinking_water","bottle":"no","description":"Anlässlich der Kampagne “EIN SPIEL – EIN TRINKBRUNNEN” für die Fußball-EM 2024 der Männer aufgestellt. Vom Bundesministerium für Umwelt, Naturschutz, nukleare Sicherheit und Verbraucherschutz (BMUV) gefördert und durchgeführt von a tip: tap e.V.","fee":"no","fountain":"bubbler","name":"Euro-Trinkbrunnen","not:operator:wikidata":"Q821856","operator":"Berliner Wasserbetriebe"},"geometry":{"type":"Point","coordinates":[13.2406957,52.5121372]}},{"type":"Feature","id":11806799834,"properties":{"osmId":11806799834,"osmType":"node","amenity":"drinking_water","description":"Trinkbrunnen","fee":"no","fountain":"bubbler","operator":"Berliner Wasserbetriebe","operator:short":"BWB","operator:wikidata":"Q821856","operator:wikipedia":"de:Berliner Wasserbetriebe"},"geometry":{"type":"Point","coordinates":[13.3830819,52.55947]}},{"type":"Feature","id":11818486065,"properties":{"osmId":11818486065,"osmType":"node","access":"yes","amenity":"drinking_water","fee":"no","fountain":"bubbler","operator":"www.bwb.de","wheelchair":"no"},"geometry":{"type":"Point","coordinates":[13.4538094,52.5463756]}},{"type":"Feature","id":11818534929,"properties":{"osmId":11818534929,"osmType":"node","access":"yes","amenity":"drinking_water","fee":"no","operator":"www.bwb.de","wheelchair":"no"},"geometry":{"type":"Point","coordinates":[13.4846511,52.4122716]}},{"type":"Feature","id":11818586722,"properties":{"osmId":11818586722,"osmType":"node","access":"yes","amenity":"drinking_water","fee":"no","operator":"www.bwb.de","wheelchair":"no"},"geometry":{"type":"Point","coordinates":[13.4376937,52.4629751]}},{"type":"Feature","id":11824362994,"properties":{"osmId":11824362994,"osmType":"node","access":"yes","amenity":"drinking_water","fee":"no","fountain":"bubbler","operator":"www.bwb.de","wheelchair":"no"},"geometry":{"type":"Point","coordinates":[13.3246015,52.588793]}},{"type":"Feature","id":11824748865,"properties":{"osmId":11824748865,"osmType":"node","access":"yes","amenity":"drinking_water","fee":"no","fountain":"bubbler","operator":"Berliner Wasserbetriebe","operator:short":"BWB","operator:wikidata":"Q821856","wheelchair":"yes"},"geometry":{"type":"Point","coordinates":[13.1934127,52.5206164]}},{"type":"Feature","id":11830477814,"properties":{"osmId":11830477814,"osmType":"node","amenity":"drinking_water","fee":"no","fountain":"bubbler","indoor":"yes","level":"0","operator":"Studierendenwerk Berlin","wheelchair":"yes"},"geometry":{"type":"Point","coordinates":[13.3261183,52.5098441]}},{"type":"Feature","id":11837432916,"properties":{"osmId":11837432916,"osmType":"node","amenity":"drinking_water","fee":"no","fountain":"bubbler","operator":"Berliner Wasserbetriebe","operator:short":"BWB","operator:wikidata":"Q821856","wheelchair":"no"},"geometry":{"type":"Point","coordinates":[13.3690506,52.4925429]}},{"type":"Feature","id":11850057193,"properties":{"osmId":11850057193,"osmType":"node","access":"yes","amenity":"drinking_water","fee":"no","fountain":"bubbler","operator":"Berliner Wasserbetriebe","operator:short":"BWB","operator:wikidata":"Q821856","wheelchair":"yes"},"geometry":{"type":"Point","coordinates":[13.3491216,52.4564447]}},{"type":"Feature","id":11868442093,"properties":{"osmId":11868442093,"osmType":"node","access":"yes","amenity":"drinking_water","fee":"no","fountain":"bubbler","operator":"Berliner Wasserbetriebe","operator:short":"BWB","operator:wikidata":"Q821856","wheelchair":"no"},"geometry":{"type":"Point","coordinates":[13.1872968,52.518963]}},{"type":"Feature","id":11888589565,"properties":{"osmId":11888589565,"osmType":"node","access":"yes","amenity":"drinking_water","description":"Anlässlich der Kampagne “EIN SPIEL – EIN TRINKBRUNNEN” für die Fußball-EM 2024 der Männer aufgestellt. Vom Bundesministerium für Umwelt, Naturschutz, nukleare Sicherheit und Verbraucherschutz (BMUV) gefördert und durchgeführt von a tip: tap e.V.","fee":"no","fountain":"bubbler","name":"Euro-Trinkbrunnen","operator":"Berliner Wasser","wheelchair":"no"},"geometry":{"type":"Point","coordinates":[13.3221632,52.4842214]}},{"type":"Feature","id":11985142429,"properties":{"osmId":11985142429,"osmType":"node","access":"yes","amenity":"drinking_water","fee":"no","map":"982133106788366","wheelchair":"yes"},"geometry":{"type":"Point","coordinates":[13.5034849,52.5768681]}},{"type":"Feature","id":12047121978,"properties":{"osmId":12047121978,"osmType":"node","access":"yes","amenity":"drinking_water","description":"Anlässlich der Kampagne “EIN SPIEL – EIN TRINKBRUNNEN” für die Fußball-EM 2024 der Männer aufgestellt. Vom Bundesministerium für Umwelt, Naturschutz, nukleare Sicherheit und Verbraucherschutz (BMUV) gefördert und durchgeführt von a tip: tap e.V.","fee":"no","fountain":"bubbler","name":"EURO-Trinkbrunnen Teltow","operator":"Wasser- und Abwasserzweckverbandes „Der Teltow“","source:link":"https://atiptap.org/projekte/trinkbrunnen-kampagne/"},"geometry":{"type":"Point","coordinates":[13.2442624,52.3971459]}},{"type":"Feature","id":12053394678,"properties":{"osmId":12053394678,"osmType":"node","access":"yes","addr:floor":"0","amenity":"drinking_water","bottle":"yes","covered":"no","fee":"no","fountain":"bubbler","indoor":"no","level":"0","operator":"Berliner Wasserbetriebe","operator:short":"BWB","operator:wikidata":"Q821856","source":"survey","wheelchair":"yes"},"geometry":{"type":"Point","coordinates":[13.4627089,52.5526615]}},{"type":"Feature","id":12066085958,"properties":{"osmId":12066085958,"osmType":"node","access":"yes","amenity":"drinking_water","bottle":"yes","description":"Trinkbrunnen; Mai-Okt","drinking_water:seasonal":"yes","fee":"no","fountain":"bubbler","operator":"Berliner Wasserbetriebe","operator:short":"BWB","operator:wikidata":"Q821856","wheelchair":"limited"},"geometry":{"type":"Point","coordinates":[13.3333108,52.4935826]}},{"type":"Feature","id":12071241325,"properties":{"osmId":12071241325,"osmType":"node","access":"yes","amenity":"drinking_water","bottle":"yes","check_date":"2024-07-24","drinking_water":"yes","drinking_water:legal":"yes","fee":"no","indoor":"no"},"geometry":{"type":"Point","coordinates":[13.4175535,52.4739274]}},{"type":"Feature","id":12071986321,"properties":{"osmId":12071986321,"osmType":"node","access":"yes","amenity":"drinking_water","fountain":"bubbler"},"geometry":{"type":"Point","coordinates":[13.4055821,52.5030814]}},{"type":"Feature","id":12117697392,"properties":{"osmId":12117697392,"osmType":"node","access":"permissive","amenity":"drinking_water","description":"Im Stadtteilzentrum Kaulsdorf kann man sich seine Trinkflasche mit Leitungswasser auffüllen.","description:en":"You can fill up your drinking bottle in the community centre.","fee":"no","location":"indoor","network":"Refill Deutschland","opening_hours":"Mo-Th 09:30-18:00, Fr 09:00-15:00; PH off","operator":"MITTENDRIN leben e.V.","website":"https://refill-deutschland.de/"},"geometry":{"type":"Point","coordinates":[13.5842225,52.5102359]}},{"type":"Feature","id":12130798622,"properties":{"osmId":12130798622,"osmType":"node","amenity":"drinking_water","bottle":"yes","description":"Anlässlich der Kampagne “EIN SPIEL – EIN TRINKBRUNNEN” für die Fußball-EM 2024 der Männer aufgestellt. Vom Bundesministerium für Umwelt, Naturschutz, nukleare Sicherheit und Verbraucherschutz (BMUV) gefördert und durchgeführt von a tip: tap e.V.","fee":"no","name":"EURO-Trinkbrunnen","operator":"Berliner Wasserbetriebe","operator:short":"BWB","operator:wikidata":"Q821856","toilets:wheelchair":"yes","wheelchair":"yes"},"geometry":{"type":"Point","coordinates":[13.2412734,52.5181526]}},{"type":"Feature","id":12132490937,"properties":{"osmId":12132490937,"osmType":"node","access":"yes","amenity":"drinking_water","colour":"blue","description":"Trinkbrunnen","drinking_water":"yes","fee":"no","fountain":"bubbler","mapillary":"1246935269661580","operator":"Berliner Wasserbetriebe","operator:short":"BWB","operator:wikidata":"Q821856","operator:wikipedia":"de:Berliner Wasserbetriebe","wheelchair":"yes"},"geometry":{"type":"Point","coordinates":[13.5949959,52.5388775]}},{"type":"Feature","id":12147623946,"properties":{"osmId":12147623946,"osmType":"node","access":"yes","amenity":"drinking_water","drinking_water:seasonal":"yes","fee":"no","fountain":"bubbler"},"geometry":{"type":"Point","coordinates":[13.3344582,52.5175823]}},{"type":"Feature","id":12155075489,"properties":{"osmId":12155075489,"osmType":"node","amenity":"drinking_water","fountain":"bubbler"},"geometry":{"type":"Point","coordinates":[13.3760057,52.5162879]}},{"type":"Feature","id":12216976151,"properties":{"osmId":12216976151,"osmType":"node","access":"yes","amenity":"drinking_water","fountain":"bubbler","seasonal":"yes"},"geometry":{"type":"Point","coordinates":[13.3785805,52.5609014]}},{"type":"Feature","id":12381809210,"properties":{"osmId":12381809210,"osmType":"node","access":"yes","amenity":"drinking_water","fee":"no","fountain":"bottle_refill","level":"5"},"geometry":{"type":"Point","coordinates":[13.5062451,52.3658815]}},{"type":"Feature","id":12512660847,"properties":{"osmId":12512660847,"osmType":"node","access":"yes","amenity":"drinking_water","fee":"no","operator":"Berliner Wasserbetriebe","operator:short":"BWB","operator:wikidata":"Q821856","wheelchair":"yes"},"geometry":{"type":"Point","coordinates":[13.4374094,52.5449004]}},{"type":"Feature","id":12525803151,"properties":{"osmId":12525803151,"osmType":"node","amenity":"drinking_water","fountain":"drinking","man_made":"drinking_fountain"},"geometry":{"type":"Point","coordinates":[13.526264,52.4034716]}},{"type":"Feature","id":12591160372,"properties":{"osmId":12591160372,"osmType":"node","access":"yes","amenity":"drinking_water","bottle":"yes","fee":"no","fountain":"bottle_refill","indoor":"yes","level":"1","wheelchair":"yes"},"geometry":{"type":"Point","coordinates":[13.5083541,52.3619384]}},{"type":"Feature","id":12662977438,"properties":{"osmId":12662977438,"osmType":"node","access":"yes","amenity":"drinking_water","fee":"no","fountain":"bubbler","opening_hours":"April-October: open"},"geometry":{"type":"Point","coordinates":[13.3926775,52.5142534]}},{"type":"Feature","id":12736037239,"properties":{"osmId":12736037239,"osmType":"node","amenity":"drinking_water"},"geometry":{"type":"Point","coordinates":[13.1294882,52.6049145]}},{"type":"Feature","id":12990009102,"properties":{"osmId":12990009102,"osmType":"node","amenity":"drinking_water"},"geometry":{"type":"Point","coordinates":[13.2830247,52.6705723]}},{"type":"Feature","id":12997010901,"properties":{"osmId":12997010901,"osmType":"node","access":"yes","amenity":"drinking_water","covered":"no","fee":"no","indoor":"no","level":"0","lit":"no","wheelchair":"yes"},"geometry":{"type":"Point","coordinates":[13.4020834,52.5403191]}},{"type":"Feature","id":13014480057,"properties":{"osmId":13014480057,"osmType":"node","access":"private","amenity":"drinking_water","fee":"no","wheelchair":"yes"},"geometry":{"type":"Point","coordinates":[13.222247,52.4013386]}},{"type":"Feature","id":13015607458,"properties":{"osmId":13015607458,"osmType":"node","access":"private","amenity":"drinking_water","fountain":"bottle_refill"},"geometry":{"type":"Point","coordinates":[13.2207758,52.4009877]}},{"type":"Feature","id":13033344453,"properties":{"osmId":13033344453,"osmType":"node","amenity":"drinking_water","fee":"no","fountain":"bubbler","operator":"Berliner Wasserbetriebe","operator:short":"BWB","operator:wikidata":"Q821856","wheelchair":"yes"},"geometry":{"type":"Point","coordinates":[13.2437679,52.5143067]}},{"type":"Feature","id":13125177942,"properties":{"osmId":13125177942,"osmType":"node","addr:floor":"0","amenity":"drinking_water","covered":"no","fee":"no","indoor":"no","level":"0","lit":"no","man_made":"water_tap"},"geometry":{"type":"Point","coordinates":[13.3851468,52.5724412]}},{"type":"Feature","id":13125177963,"properties":{"osmId":13125177963,"osmType":"node","amenity":"drinking_water","fee":"no","man_made":"water_tap","wheelchair":"limited"},"geometry":{"type":"Point","coordinates":[13.3867624,52.5711064]}},{"type":"Feature","id":13125177968,"properties":{"osmId":13125177968,"osmType":"node","amenity":"drinking_water","fee":"no","wheelchair":"limited"},"geometry":{"type":"Point","coordinates":[13.3886537,52.5703793]}},{"type":"Feature","id":13125177969,"properties":{"osmId":13125177969,"osmType":"node","amenity":"drinking_water","fee":"no","wheelchair":"limited"},"geometry":{"type":"Point","coordinates":[13.3881889,52.5700871]}},{"type":"Feature","id":13125177972,"properties":{"osmId":13125177972,"osmType":"node","amenity":"drinking_water","fee":"no","wheelchair":"limited"},"geometry":{"type":"Point","coordinates":[13.3885423,52.5698873]}},{"type":"Feature","id":13125177974,"properties":{"osmId":13125177974,"osmType":"node","amenity":"drinking_water","fee":"no","wheelchair":"limited"},"geometry":{"type":"Point","coordinates":[13.3888769,52.5701258]}},{"type":"Feature","id":13148721375,"properties":{"osmId":13148721375,"osmType":"node","access":"yes","amenity":"drinking_water","covered":"no","fee":"no","operator":"Berliner Wasserbetriebe","operator:short":"BWB","operator:wikidata":"Q821856","wheelchair":"yes"},"geometry":{"type":"Point","coordinates":[13.1876903,52.5299729]}},{"type":"Feature","id":13167755015,"properties":{"osmId":13167755015,"osmType":"node","access":"yes","amenity":"drinking_water","bottle":"yes","covered":"no","dog":"no","fee":"no","fountain":"bubbler","indoor":"no"},"geometry":{"type":"Point","coordinates":[13.3741229,52.5082867]}},{"type":"Feature","id":13192527450,"properties":{"osmId":13192527450,"osmType":"node","access":"yes","amenity":"drinking_water","fountain":"bubbler","seasonal":"yes"},"geometry":{"type":"Point","coordinates":[13.3786714,52.5583707]}},{"type":"Feature","id":13285848050,"properties":{"osmId":13285848050,"osmType":"node","access":"yes","amenity":"drinking_water","fee":"no","wheelchair":"yes"},"geometry":{"type":"Point","coordinates":[13.3578225,52.5071069]}},{"type":"Feature","id":13308401501,"properties":{"osmId":13308401501,"osmType":"node","amenity":"drinking_water","fountain":"bubbler"},"geometry":{"type":"Point","coordinates":[13.3829154,52.4634062]}},{"type":"Feature","id":13420586631,"properties":{"osmId":13420586631,"osmType":"node","access":"yes","amenity":"drinking_water","bottle":"yes","indoor":"yes","level":"1","note":"Neben dem Fahrstuhl"},"geometry":{"type":"Point","coordinates":[13.4020335,52.5685338]}},{"type":"Feature","id":13453331633,"properties":{"osmId":13453331633,"osmType":"node","amenity":"drinking_water","disused":"yes"},"geometry":{"type":"Point","coordinates":[13.4846289,52.622503]}},{"type":"Feature","id":13686479401,"properties":{"osmId":13686479401,"osmType":"node","addr:housenumber":"20","addr:street":"Schloßstraße","amenity":"drinking_water"},"geometry":{"type":"Point","coordinates":[13.3238535,52.4607371]}},{"type":"Feature","id":13732485660,"properties":{"osmId":13732485660,"osmType":"node","amenity":"drinking_water","seasonal":"yes"},"geometry":{"type":"Point","coordinates":[13.3977596,52.3878323]}},{"type":"Feature","id":13817209645,"properties":{"osmId":13817209645,"osmType":"node","access":"yes","amenity":"drinking_water","description":"Trinkbrunnen, altes Modell (Großer Brunnen mit Steinverkleidung, breites Becken). Möglicherweise nicht mehr in Betrieb.","fee":"no","operator":"Berliner Wasserbetriebe","operator:short":"BWB","seasonal":"yes","wheelchair":"limited"},"geometry":{"type":"Point","coordinates":[13.2301929,52.4471008]}}]}