{"type":"FeatureCollection", "features": [
{"type":"Feature","geometry":{"type":"LineString","coordinates":[[13.2431672,52.4445163],[13.2452105,52.445764],[13.2466734,52.4467682],[13.2479915,52.4475999],[13.2502845,52.4487836],[13.2513544,52.4492478]]},"properties":{"osmId":4402992,"osmType":"way","cutting":"yes","electrified":"rail","electrified:rail":"top","frequency":"0","gauge":"1435","layer":"-1","level":"-1","loading_gauge":"Kleinprofil","maxspeed":"60","name":"U3","operator":"Berliner Verkehrsbetriebe","railway":"subway","ref":"U3","tunnel":"no","usage":"main","voltage":"750"},"id":4402992},
{"type":"Feature","geometry":{"type":"LineString","coordinates":[[13.2445833,52.5243839],[13.2440581,52.5247923],[13.242963,52.5252174]]},"properties":{"osmId":4498111,"osmType":"way","electrified":"rail","electrified:rail":"top","fixme":"Müsste vor U Ruhleben nicht noch ein Gleiswechsel (service=crossover) sein?","frequency":"0","gauge":"1435","layer":"1","level":"1","loading_gauge":"Kleinprofil","operator":"Berliner Verkehrsbetriebe","railway":"subway","railway:track_ref":"1","voltage":"750"},"id":4498111},
{"type":"Feature","geometry":{"type":"MultiLineString","coordinates":[[[13.3525334,52.5502057],[13.3511623,52.5509757]],[[13.3511623,52.5509757],[13.3505633,52.5513301],[13.350371,52.5517991],[13.3511561,52.5525346]]]},"properties":{"osmId":4596877,"osmType":"way","electrified":"rail","electrified:rail":"bottom","frequency":"0","gauge":"1435","layer":"-1","loading_gauge":"Großprofil","name":"4","operator":"Berliner Verkehrsbetriebe","railway":"subway","service":"yard","tunnel":"yes","voltage":"750"},"id":4596877},
{"type":"Feature","geometry":{"type":"LineString","coordinates":[[13.3400009,52.5572407],[13.3390223,52.5577221],[13.3365167,52.5591378],[13.335618,52.5597325]]},"properties":{"osmId":4596888,"osmType":"way","electrified":"rail","electrified:rail":"bottom","frequency":"0","gauge":"1435","layer":"-2","level":"-2","loading_gauge":"Großprofil","maxspeed":"70","name":"U6","operator":"Berliner Verkehrsbetriebe","railway":"subway","tunnel":"yes","voltage":"750"},"id":4596888},
{"type":"Feature","geometry":{"type":"LineString","coordinates":[[13.4134625,52.5585745],[13.4132867,52.5598158]]},"properties":{"osmId":4638597,"osmType":"way","electrified":"rail","electrified:rail":"top","frequency":"0","gauge":"1435","layer":"-2","level":"-2","loading_gauge":"Kleinprofil","operator":"Berliner Verkehrsbetriebe","railway":"subway","tunnel":"yes","voltage":"750"},"id":4638597},
{"type":"Feature","geometry":{"type":"MultiLineString","coordinates":[[[13.3681112,52.5610359],[13.3696742,52.5597973],[13.3718178,52.5581558]],[[13.3718178,52.5581558],[13.3721637,52.5578871]],[[13.3721637,52.5578871],[13.3726217,52.5575369]],[[13.3726217,52.5575369],[13.373098442199838,52.55717073008325]],[[13.373098442199838,52.55717073008325],[13.3731835,52.5571054],[13.3732551374386,52.55705046067183]],[[13.3732551374386,52.55705046067183],[13.3739154,52.5565441],[13.3766124,52.5541791],[13.3777877,52.5534318],[13.3789877,52.5529838],[13.3804349,52.5525731]]]},"properties":{"osmId":4674972,"osmType":"way","electrified":"rail","electrified:rail":"bottom","frequency":"0","gauge":"1435","layer":"-2","level":"-3","loading_gauge":"Großprofil","name":"U8","operator":"Berliner Verkehrsbetriebe","railway":"subway","tunnel":"yes","voltage":"750"},"id":4674972},
{"type":"Feature","geometry":{"type":"MultiLineString","coordinates":[[[13.5169806,52.5016698],[13.5170742,52.5014511]],[[13.5170742,52.5014511],[13.5171239,52.5009341]]]},"properties":{"osmId":4689465,"osmType":"way","electrified":"rail","electrified:rail":"bottom","frequency":"0","gauge":"1435","loading_gauge":"Großprofil","operator":"Berliner Verkehrsbetriebe","railway":"subway","service":"yard","voltage":"750"},"id":4689465},
{"type":"Feature","geometry":{"type":"MultiLineString","coordinates":[[[13.5142808,52.5048547],[13.5140968,52.5049926]],[[13.5140968,52.5049926],[13.5139266,52.5052583]]]},"properties":{"osmId":4689466,"osmType":"way","electrified":"rail","electrified:rail":"bottom","frequency":"0","gauge":"1435","layer":"-1","level":"-1","loading_gauge":"Großprofil","operator":"Berliner Verkehrsbetriebe","railway":"subway","service":"yard","tunnel":"yes","voltage":"750"},"id":4689466},
{"type":"Feature","geometry":{"type":"MultiLineString","coordinates":[[[13.4087705,52.5191234],[13.4104517,52.5198815]],[[13.4104517,52.5198815],[13.4118343,52.5205582]],[[13.4118343,52.5205582],[13.4121242,52.5207037]],[[13.4121242,52.5207037],[13.4123164,52.5207984]],[[13.4123164,52.5207984],[13.412568474715806,52.52092144664093]],[[13.412568474715806,52.52092144664093],[13.41281353118139,52.521041067424136]],[[13.41281353118139,52.521041067424136],[13.4128769,52.521072]]]},"properties":{"osmId":4699210,"osmType":"way","electrified":"rail","electrified:rail":"bottom","frequency":"0","gauge":"1435","layer":"-2","level":"-5","loading_gauge":"Großprofil","maxspeed":"70","opening_date":"2020-12-04","operator":"Berliner Verkehrsbetriebe","railway":"subway","tunnel":"yes","voltage":"750"},"id":4699210},
{"type":"Feature","geometry":{"type":"LineString","coordinates":[[13.3699831,52.4995962],[13.3704105,52.4995722]]},"properties":{"osmId":4887618,"osmType":"way","bridge":"yes","covered":"yes","electrified":"rail","electrified:rail":"top","frequency":"0","gauge":"1435","layer":"1","level":"1","loading_gauge":"Kleinprofil","name":"U1","operator":"Berliner Verkehrsbetriebe","railway":"subway","voltage":"750"},"id":4887618},
{"type":"Feature","geometry":{"type":"MultiLineString","coordinates":[[[13.5144774,52.5048165],[13.515861,52.5035419]],[[13.515861,52.5035419],[13.516319,52.5032119],[13.5185212,52.5019854],[13.518796988525573,52.50176500240451]],[[13.518796988525573,52.50176500240451],[13.5188523,52.5017208],[13.518937696312996,52.501632265474036]],[[13.518937696312996,52.501632265474036],[13.5190836,52.501481],[13.5192328,52.5012999],[13.5194275,52.5009864],[13.5197622,52.5000187]]]},"properties":{"osmId":5096670,"osmType":"way","electrified":"rail","electrified:rail":"bottom","gauge":"1435","loading_gauge":"Großprofil","operator":"Berliner Verkehrsbetriebe","railway":"subway","service":"yard"},"id":5096670},
{"type":"Feature","geometry":{"type":"MultiLineString","coordinates":[[[13.516004,52.5032619],[13.516071095131382,52.503198407081555]],[[13.516071095131382,52.503198407081555],[13.5162182,52.5030592]],[[13.5162182,52.5030592],[13.5165002,52.5027596]],[[13.5165002,52.5027596],[13.5167089,52.5025536]],[[13.5167089,52.5025536],[13.5169189,52.5023522]]]},"properties":{"osmId":5096671,"osmType":"way","electrified":"rail","electrified:rail":"bottom","gauge":"1435","loading_gauge":"Großprofil","operator":"Berliner Verkehrsbetriebe","railway":"subway","service":"yard"},"id":5096671},
{"type":"Feature","geometry":{"type":"MultiLineString","coordinates":[[[13.5169189,52.5023522],[13.517158,52.5021374]],[[13.517158,52.5021374],[13.517808,52.501611],[13.5190582,52.500899]]]},"properties":{"osmId":5096672,"osmType":"way","electrified":"rail","electrified:rail":"bottom","gauge":"1435","loading_gauge":"Großprofil","operator":"Berliner Verkehrsbetriebe","railway":"subway","service":"yard"},"id":5096672},
{"type":"Feature","geometry":{"type":"MultiLineString","coordinates":[[[13.5166052,52.5023883],[13.5166453,52.5020791]],[[13.5166453,52.5020791],[13.516415,52.5009886]]]},"properties":{"osmId":5096673,"osmType":"way","electrified":"rail","electrified:rail":"bottom","gauge":"1435","loading_gauge":"Großprofil","operator":"Berliner Verkehrsbetriebe","railway":"subway","service":"yard"},"id":5096673},
{"type":"Feature","geometry":{"type":"MultiLineString","coordinates":[[[13.5167009,52.5021675],[13.5167348,52.5018981]],[[13.5167348,52.5018981],[13.5165576,52.5009776]]]},"properties":{"osmId":5096674,"osmType":"way","electrified":"rail","electrified:rail":"bottom","gauge":"1435","loading_gauge":"Großprofil","operator":"Berliner Verkehrsbetriebe","railway":"subway","service":"yard"},"id":5096674},
{"type":"Feature","geometry":{"type":"MultiLineString","coordinates":[[[13.5167089,52.5025536],[13.5169112,52.5023055]],[[13.5169112,52.5023055],[13.5171317,52.5020932]],[[13.5171317,52.5020932],[13.5177255,52.5015476],[13.5189764,52.5008426]]]},"properties":{"osmId":5096675,"osmType":"way","electrified":"rail","electrified:rail":"bottom","gauge":"1435","loading_gauge":"Großprofil","operator":"Berliner Verkehrsbetriebe","railway":"subway","service":"yard"},"id":5096675},
{"type":"Feature","geometry":{"type":"MultiLineString","coordinates":[[[13.5169806,52.5016698],[13.5170159,52.5014174]],[[13.5170159,52.5014174],[13.5169395,52.5009482]]]},"properties":{"osmId":5096676,"osmType":"way","electrified":"rail","electrified:rail":"bottom","frequency":"0","gauge":"1435","loading_gauge":"Großprofil","operator":"Berliner Verkehrsbetriebe","railway":"subway","service":"yard","voltage":"750"},"id":5096676},
{"type":"Feature","geometry":{"type":"MultiLineString","coordinates":[[[13.5169112,52.5023055],[13.5170747,52.5020884]],[[13.5170747,52.5020884],[13.517321,52.5017207],[13.5188983,52.5007898]]]},"properties":{"osmId":5096677,"osmType":"way","electrified":"rail","electrified:rail":"bottom","gauge":"1435","loading_gauge":"Großprofil","operator":"Berliner Verkehrsbetriebe","railway":"subway","service":"yard"},"id":5096677},
{"type":"Feature","geometry":{"type":"MultiLineString","coordinates":[[[13.5165002,52.5027596],[13.5168955,52.5020302]],[[13.5168955,52.5020302],[13.5170377,52.5018126]],[[13.5170377,52.5018126],[13.5174544,52.5013911]],[[13.5174544,52.5013911],[13.5177195,52.5011933]],[[13.5177195,52.5011933],[13.5194134,52.5002307]]]},"properties":{"osmId":5096678,"osmType":"way","electrified":"rail","electrified:rail":"bottom","gauge":"1435","loading_gauge":"Großprofil","operator":"Berliner Verkehrsbetriebe","railway":"subway","service":"yard"},"id":5096678},
{"type":"Feature","geometry":{"type":"MultiLineString","coordinates":[[[13.5164353,52.5027406],[13.5166052,52.5023883]],[[13.5166052,52.5023883],[13.5167009,52.5021675]],[[13.5167009,52.5021675],[13.5168322,52.5017727],[13.5167205,52.5009651]]]},"properties":{"osmId":5096679,"osmType":"way","electrified":"rail","electrified:rail":"bottom","gauge":"1435","loading_gauge":"Großprofil","operator":"Berliner Verkehrsbetriebe","railway":"subway","service":"yard"},"id":5096679},
{"type":"Feature","geometry":{"type":"MultiLineString","coordinates":[[[13.5161962,52.503019],[13.5163734,52.5028242]],[[13.5163734,52.5028242],[13.5164353,52.5027406]],[[13.5164353,52.5027406],[13.5166471,52.5024433]]]},"properties":{"osmId":5096680,"osmType":"way","electrified":"rail","electrified:rail":"bottom","gauge":"1435","loading_gauge":"Großprofil","operator":"Berliner Verkehrsbetriebe","railway":"subway","service":"yard"},"id":5096680},
{"type":"Feature","geometry":{"type":"MultiLineString","coordinates":[[[13.5142808,52.5048547],[13.5155642,52.5036694]],[[13.5155642,52.5036694],[13.516004,52.5032619]]]},"properties":{"osmId":5096681,"osmType":"way","electrified":"rail","electrified:rail":"bottom","gauge":"1435","loading_gauge":"Großprofil","operator":"Berliner Verkehrsbetriebe","railway":"subway","service":"yard"},"id":5096681},
{"type":"Feature","geometry":{"type":"LineString","coordinates":[[13.4474459,52.4338861],[13.4455641,52.4345086],[13.4446821,52.4349065],[13.4439036,52.4353972],[13.4428631,52.4358765]]},"properties":{"osmId":5110771,"osmType":"way","electrified":"rail","electrified:rail":"bottom","frequency":"0","gauge":"1435","loading_gauge":"Großprofil","operator":"Berliner Verkehrsbetriebe","railway":"subway","service":"yard","voltage":"750"},"id":5110771},
{"type":"Feature","geometry":{"type":"MultiLineString","coordinates":[[[13.4437717,52.4352264],[13.4434685,52.4354486]],[[13.4434685,52.4354486],[13.4429426,52.4357367],[13.440258,52.4368074]]]},"properties":{"osmId":5110772,"osmType":"way","electrified":"rail","electrified:rail":"bottom","frequency":"0","gauge":"1435","loading_gauge":"Großprofil","operator":"Berliner Verkehrsbetriebe","railway":"subway","service":"yard","voltage":"750"},"id":5110772},
{"type":"Feature","geometry":{"type":"MultiLineString","coordinates":[[[13.4436027,52.4351828],[13.4429114,52.4355222]],[[13.4429114,52.4355222],[13.4400977,52.4366566]]]},"properties":{"osmId":5110774,"osmType":"way","electrified":"rail","electrified:rail":"bottom","frequency":"0","gauge":"1435","loading_gauge":"Großprofil","operator":"Berliner Verkehrsbetriebe","railway":"subway","service":"yard","voltage":"750"},"id":5110774},
{"type":"Feature","geometry":{"type":"LineString","coordinates":[[13.4437717,52.4352264],[13.4433394,52.435622],[13.4428631,52.4358765]]},"properties":{"osmId":5110775,"osmType":"way","electrified":"rail","electrified:rail":"bottom","frequency":"0","gauge":"1435","loading_gauge":"Großprofil","operator":"Berliner Verkehrsbetriebe","railway":"subway","service":"yard","voltage":"750"},"id":5110775},
{"type":"Feature","geometry":{"type":"MultiLineString","coordinates":[[[13.444336,52.434889],[13.4441564,52.4349675]],[[13.4441564,52.4349675],[13.4437717,52.4352264]]]},"properties":{"osmId":5110777,"osmType":"way","electrified":"rail","electrified:rail":"bottom","frequency":"0","gauge":"1435","loading_gauge":"Großprofil","operator":"Berliner Verkehrsbetriebe","railway":"subway","service":"yard","voltage":"750"},"id":5110777},
{"type":"Feature","geometry":{"type":"MultiLineString","coordinates":[[[13.4428631,52.4358765],[13.4401972,52.4369276]],[[13.4401972,52.4369276],[13.4381119,52.4377476]]]},"properties":{"osmId":5110779,"osmType":"way","electrified":"rail","electrified:rail":"bottom","gauge":"1435","loading_gauge":"Großprofil","operator":"Berliner Verkehrsbetriebe","railway":"subway","service":"yard"},"id":5110779},
{"type":"Feature","geometry":{"type":"MultiLineString","coordinates":[[[13.4389583,52.436966],[13.4428476,52.4354261],[13.4441564,52.4349675]],[[13.4441564,52.4349675],[13.4436027,52.4351828]],[[13.4436027,52.4351828],[13.4432597,52.4353753]],[[13.4432597,52.4353753],[13.4424964,52.4358584],[13.4402088,52.4367558]]]},"properties":{"osmId":5110782,"osmType":"way","electrified":"rail","electrified:rail":"bottom","frequency":"0","gauge":"1435","loading_gauge":"Großprofil","operator":"Berliner Verkehrsbetriebe","railway":"subway","service":"yard","voltage":"750"},"id":5110782},
{"type":"Feature","geometry":{"type":"MultiLineString","coordinates":[[[13.4380677,52.4377283],[13.4392374,52.4366791],[13.4398922,52.4363715]],[[13.4398922,52.4363715],[13.4404934,52.4361319]]]},"properties":{"osmId":5110783,"osmType":"way","electrified":"rail","electrified:rail":"bottom","gauge":"1435","loading_gauge":"Großprofil","operator":"Berliner Verkehrsbetriebe","railway":"subway","service":"yard"},"id":5110783},
{"type":"Feature","geometry":{"type":"LineString","coordinates":[[13.3498281,52.5546713],[13.3508476,52.5540582],[13.3509518,52.5539132],[13.3509588,52.553686]]},"properties":{"osmId":6144660,"osmType":"way","electrified":"rail","frequency":"0","gauge":"1435","loading_gauge":"Großprofil","name":"28","operator":"Berliner Verkehrsbetriebe","railway":"subway","service":"yard","voltage":"750"},"id":6144660},
{"type":"Feature","geometry":{"type":"MultiLineString","coordinates":[[[13.3495597,52.5538791],[13.3508064,52.5531539]],[[13.3508064,52.5531539],[13.3509275,52.5529989]]]},"properties":{"osmId":6144673,"osmType":"way","electrified":"rail","gauge":"1435","layer":"1","loading_gauge":"Großprofil","name":"9","operator":"Berliner Verkehrsbetriebe","railway":"subway","service":"yard"},"id":6144673},
{"type":"Feature","geometry":{"type":"MultiLineString","coordinates":[[[13.3503972,52.553754],[13.3507634,52.5534789]],[[13.3507634,52.5534789],[13.3508803,52.5533377]]]},"properties":{"osmId":6144725,"osmType":"way","electrified":"rail","frequency":"0","gauge":"1435","loading_gauge":"Großprofil","name":"17","operator":"Berliner Verkehrsbetriebe","railway":"subway","service":"yard","voltage":"750"},"id":6144725},
{"type":"Feature","geometry":{"type":"LineString","coordinates":[[13.3496756,52.5545691],[13.3506227,52.5540038],[13.3508738,52.5536217]]},"properties":{"osmId":6144769,"osmType":"way","electrified":"rail","frequency":"0","gauge":"1435","loading_gauge":"Großprofil","name":"24","operator":"Berliner Verkehrsbetriebe","railway":"subway","service":"yard","voltage":"750"},"id":6144769},
{"type":"Feature","geometry":{"type":"LineString","coordinates":[[13.3495891,52.5545111],[13.3506469,52.5538704],[13.3508451,52.5535632]]},"properties":{"osmId":6144794,"osmType":"way","electrified":"rail","frequency":"0","gauge":"1435","loading_gauge":"Großprofil","name":"22","operator":"Berliner Verkehrsbetriebe","railway":"subway","service":"yard","voltage":"750"},"id":6144794},
{"type":"Feature","geometry":{"type":"MultiLineString","coordinates":[[[13.4489795,52.5046044],[13.4490989,52.5047165]],[[13.4490989,52.5047165],[13.4492455,52.5048658],[13.4495562,52.5050082],[13.4501313,52.5050038]]]},"properties":{"osmId":10746041,"osmType":"way","bridge":"yes","electrified":"rail","electrified:rail":"top","frequency":"0","gauge":"1435","layer":"1","loading_gauge":"Kleinprofil","operator":"Berliner Verkehrsbetriebe","railway":"subway","railway:electricity:ref":"WA2","service":"yard","voltage":"750"},"id":10746041},
{"type":"Feature","geometry":{"type":"LineString","coordinates":[[13.4492534,52.5047245],[13.449986,52.5048153]]},"properties":{"osmId":10746092,"osmType":"way","bridge":"yes","electrified":"rail","electrified:rail":"top","frequency":"0","gauge":"1435","layer":"1","loading_gauge":"Kleinprofil","operator":"Berliner Verkehrsbetriebe","railway":"subway","railway:electricity:ref":"WA2","service":"yard","voltage":"750"},"id":10746092},
{"type":"Feature","geometry":{"type":"LineString","coordinates":[[13.4474828,52.5028052],[13.4483418,52.50396]]},"properties":{"osmId":10746264,"osmType":"way","covered":"yes","electrified":"rail","electrified:rail":"top","gauge":"1435","layer":"2","loading_gauge":"Kleinprofil","operator":"Berliner Verkehrsbetriebe","railway":"subway","service":"yard"},"id":10746264},
{"type":"Feature","geometry":{"type":"LineString","coordinates":[[13.4474459,52.5028071],[13.4483418,52.50396]]},"properties":{"osmId":10746336,"osmType":"way","covered":"yes","electrified":"rail","electrified:rail":"top","gauge":"1435","layer":"2","loading_gauge":"Kleinprofil","operator":"Berliner Verkehrsbetriebe","railway":"subway","service":"yard"},"id":10746336},
{"type":"Feature","geometry":{"type":"MultiLineString","coordinates":[[[13.6322679,52.5383214],[13.629892,52.5387042]],[[13.629892,52.5387042],[13.6292626,52.5387714]],[[13.6292626,52.5387714],[13.6287304,52.5388353]]]},"properties":{"osmId":10775688,"osmType":"way","electrified":"rail","gauge":"1435","loading_gauge":"Großprofil","operator":"Berliner Verkehrsbetriebe","railway":"subway","service":"yard","subway":"yes"},"id":10775688},
{"type":"Feature","geometry":{"type":"MultiLineString","coordinates":[[[13.6287304,52.5388353],[13.6280748,52.5389475]],[[13.6280748,52.5389475],[13.626796,52.5391699]]]},"properties":{"osmId":10775740,"osmType":"way","electrified":"rail","gauge":"1435","loading_gauge":"Großprofil","operator":"Berliner Verkehrsbetriebe","railway":"subway","service":"yard","subway":"yes"},"id":10775740},
{"type":"Feature","geometry":{"type":"MultiLineString","coordinates":[[[13.626796,52.5391699],[13.6263333,52.5392191]],[[13.6263333,52.5392191],[13.6258959,52.539258]]]},"properties":{"osmId":10775866,"osmType":"way","electrified":"rail","gauge":"1435","loading_gauge":"Großprofil","operator":"Berliner Verkehrsbetriebe","railway":"subway","service":"yard","subway":"yes"},"id":10775866},
{"type":"Feature","geometry":{"type":"MultiLineString","coordinates":[[[13.6250972,52.5392744],[13.6246393,52.5393166]],[[13.6246393,52.5393166],[13.6241071,52.5393655]],[[13.6241071,52.5393655],[13.6234658,52.5394194]]]},"properties":{"osmId":10775898,"osmType":"way","electrified":"rail","gauge":"1435","loading_gauge":"Großprofil","operator":"Berliner Verkehrsbetriebe","railway":"subway","service":"yard"},"id":10775898},
{"type":"Feature","geometry":{"type":"MultiLineString","coordinates":[[[13.3759017,52.5055949],[13.3761863,52.5061097],[13.3763108,52.5065578],[13.377442,52.5085015]],[[13.377442,52.5085015],[13.3780558,52.5090031],[13.3791956,52.5097167],[13.3800941,52.5106479],[13.3807706,52.5110028],[13.3823964,52.5112216],[13.3837054,52.5114702]]]},"properties":{"osmId":11685868,"osmType":"way","detail":"track","electrified":"rail","electrified:rail":"top","frequency":"0","gauge":"1435","layer":"-2","level":"-1","loading_gauge":"Kleinprofil","maxspeed":"60","maxspeed:note":"Kein Limit - Maximalgeschwindigkeit der eingesetzten Fahrzeuge","name":"U2","operator":"Berliner Verkehrsbetriebe","railway":"subway","tunnel":"yes","voltage":"750"},"id":11685868},
{"type":"Feature","geometry":{"type":"LineString","coordinates":[[13.3499521,52.5003424],[13.3508664,52.5001493]]},"properties":{"osmId":12772454,"osmType":"way","electrified":"rail","electrified:rail":"top","frequency":"0","gauge":"1435","loading_gauge":"Kleinprofil","operator":"Berliner Verkehrsbetriebe","railway":"subway","voltage":"750"},"id":12772454},
{"type":"Feature","geometry":{"type":"LineString","coordinates":[[13.3553233,52.5000926],[13.3541023,52.4997447]]},"properties":{"osmId":13762438,"osmType":"way","electrified":"rail","electrified:rail":"top","frequency":"0","gauge":"1435","layer":"-2","level":"-2","loading_gauge":"Kleinprofil","operator":"Berliner Verkehrsbetriebe","railway":"subway","tunnel":"yes","voltage":"750"},"id":13762438},
{"type":"Feature","geometry":{"type":"LineString","coordinates":[[13.3595415,52.5038892],[13.3583721,52.5015225]]},"properties":{"osmId":13762985,"osmType":"way","electrified":"rail","electrified:rail":"top","frequency":"0","gauge":"1435","layer":"-1","loading_gauge":"Kleinprofil","operator":"Berliner Verkehrsbetriebe","railway":"subway","service":"siding","tunnel":"yes","voltage":"750"},"id":13762985},
{"type":"Feature","geometry":{"type":"LineString","coordinates":[[13.4485332,52.4574327],[13.4483544,52.4579376],[13.4474276,52.4592459],[13.4452094,52.4621832]]},"properties":{"osmId":13845948,"osmType":"way","electrified":"rail","electrified:rail":"bottom","frequency":"0","gauge":"1435","layer":"-2","level":"-2","loading_gauge":"Großprofil","name":"U7","operator":"Berliner Verkehrsbetriebe","railway":"subway","tunnel":"yes","voltage":"750"},"id":13845948},
{"type":"Feature","geometry":{"type":"LineString","coordinates":[[13.2447833,52.5241257],[13.2445833,52.5243839]]},"properties":{"osmId":15563305,"osmType":"way","bridge":"yes","electrified":"rail","electrified:rail":"top","frequency":"0","gauge":"1435","layer":"1","level":"1","loading_gauge":"Kleinprofil","operator":"Berliner Verkehrsbetriebe","railway":"subway","railway:track_ref":"1","voltage":"750"},"id":15563305},
{"type":"Feature","geometry":{"type":"LineString","coordinates":[[13.245564,52.5225316],[13.2451314,52.5232294],[13.2447833,52.5241257]]},"properties":{"osmId":15563307,"osmType":"way","electrified":"rail","electrified:rail":"top","frequency":"0","gauge":"1435","level":"1","loading_gauge":"Kleinprofil","operator":"Berliner Verkehrsbetriebe","railway":"subway","railway:track_ref":"1","source":"survey","voltage":"750"},"id":15563307},
{"type":"Feature","geometry":{"type":"LineString","coordinates":[[13.3261885,52.5634259],[13.3277969,52.5630068]]},"properties":{"osmId":16581933,"osmType":"way","electrified":"rail","electrified:rail":"bottom","frequency":"0","gauge":"1435","layer":"-3","level":"-2","loading_gauge":"Großprofil","name":"U6","operator":"Berliner Verkehrsbetriebe","railway":"subway","tunnel":"yes","voltage":"750"},"id":16581933},
{"type":"Feature","geometry":{"type":"LineString","coordinates":[[13.3644256,52.4973416],[13.3651318,52.497212],[13.3663832,52.4971751],[13.3674543,52.4969785],[13.3685244,52.4969474]]},"properties":{"osmId":18649922,"osmType":"way","bridge":"viaduct","electrified":"rail","electrified:rail":"top","frequency":"0","gauge":"1435","layer":"1","level":"1","loading_gauge":"Kleinprofil","operator":"Berliner Verkehrsbetriebe","railway":"subway","voltage":"750"},"id":18649922},
{"type":"Feature","geometry":{"type":"MultiLineString","coordinates":[[[13.3880657,52.4931132],[13.3880421,52.4931833],[13.388050496729635,52.49322271937745]],[[13.388050496729635,52.49322271937745],[13.3880588,52.4932617],[13.388069,52.4933893],[13.3880943,52.493475],[13.3881906,52.4936283]],[[13.3881906,52.4936283],[13.3894608,52.495213]]]},"properties":{"osmId":21780670,"osmType":"way","electrified":"rail","electrified:rail":"bottom","frequency":"0","gauge":"1435","layer":"-1","level":"-2","loading_gauge":"Großprofil","name":"U7","operator":"Berliner Verkehrsbetriebe","railway":"subway","ref":"C'","tunnel":"yes","voltage":"750"},"id":21780670},
{"type":"Feature","geometry":{"type":"LineString","coordinates":[[13.248848,52.5207533],[13.2482335,52.520283]]},"properties":{"osmId":23027951,"osmType":"way","electrified":"rail","electrified:rail":"top","frequency":"0","gauge":"1435","loading_gauge":"Kleinprofil","operator":"Berliner Verkehrsbetriebe","railway":"subway","ref":"406","service":"yard","voltage":"750"},"id":23027951},
{"type":"Feature","geometry":{"type":"LineString","coordinates":[[13.2511744,52.520297],[13.2499242,52.5197345]]},"properties":{"osmId":23027959,"osmType":"way","covered":"yes","electrified":"rail","electrified:rail":"top","frequency":"0","gauge":"1435","loading_gauge":"Kleinprofil","operator":"Berliner Verkehrsbetriebe","railway":"subway","service":"yard","voltage":"750"},"id":23027959},
{"type":"Feature","geometry":{"type":"LineString","coordinates":[[13.2513239,52.5201841],[13.2500647,52.5196215]]},"properties":{"osmId":23027963,"osmType":"way","covered":"yes","electrified":"rail","electrified:rail":"top","frequency":"0","gauge":"1435","loading_gauge":"Kleinprofil","operator":"Berliner Verkehrsbetriebe","railway":"subway","service":"yard","voltage":"750"},"id":23027963},
{"type":"Feature","geometry":{"type":"LineString","coordinates":[[13.25149,52.5200588],[13.2502096,52.5195048]]},"properties":{"osmId":23027964,"osmType":"way","covered":"yes","electrified":"rail","electrified:rail":"top","frequency":"0","gauge":"1435","loading_gauge":"Kleinprofil","operator":"Berliner Verkehrsbetriebe","railway":"subway","service":"yard","voltage":"750"},"id":23027964},
{"type":"Feature","geometry":{"type":"LineString","coordinates":[[13.249566,52.519307],[13.2492689,52.518956],[13.249335,52.5187012]]},"properties":{"osmId":23027969,"osmType":"way","electrified":"rail","electrified:rail":"top","frequency":"0","gauge":"1435","loading_gauge":"Kleinprofil","operator":"Berliner Verkehrsbetriebe","railway":"subway","service":"yard","voltage":"750"},"id":23027969},
{"type":"Feature","geometry":{"type":"MultiLineString","coordinates":[[[13.249335,52.5187012],[13.2492323,52.518828]],[[13.2492323,52.518828],[13.2491536,52.518932]],[[13.2491536,52.518932],[13.2490406,52.519079]],[[13.2490406,52.519079],[13.2489336,52.5192151]],[[13.2489336,52.5192151],[13.2488209,52.5193529]],[[13.2488209,52.5193529],[13.2487255,52.5194791]],[[13.2487255,52.5194791],[13.2485655,52.5199004],[13.2488424,52.5202401],[13.2492714,52.5204471]]]},"properties":{"osmId":23027993,"osmType":"way","electrified":"rail","electrified:rail":"top","frequency":"0","gauge":"1435","loading_gauge":"Kleinprofil","operator":"Berliner Verkehrsbetriebe","railway":"subway","ref":"308","service":"yard","voltage":"750"},"id":23027993},
{"type":"Feature","geometry":{"type":"LineString","coordinates":[[13.2497614,52.519995],[13.2490674,52.5196089],[13.2489791,52.5192253]]},"properties":{"osmId":23028005,"osmType":"way","electrified":"rail","electrified:rail":"top","frequency":"0","gauge":"1435","loading_gauge":"Kleinprofil","operator":"Berliner Verkehrsbetriebe","railway":"subway","service":"yard","voltage":"750"},"id":23028005},
{"type":"Feature","geometry":{"type":"LineString","coordinates":[[13.2498467,52.5199276],[13.2491625,52.5195189],[13.2490883,52.5190788]]},"properties":{"osmId":23028006,"osmType":"way","electrified":"rail","electrified:rail":"top","frequency":"0","gauge":"1435","loading_gauge":"Kleinprofil","operator":"Berliner Verkehrsbetriebe","railway":"subway","service":"yard","voltage":"750"},"id":23028006},
{"type":"Feature","geometry":{"type":"LineString","coordinates":[[13.2526065,52.5163398],[13.2523654,52.5164057]]},"properties":{"osmId":23028011,"osmType":"way","electrified":"no","gauge":"1435","loading_gauge":"Kleinprofil","operator":"Berliner Verkehrsbetriebe","railway":"subway","ref":"80","service":"yard","voltage":"750"},"id":23028011},
{"type":"Feature","geometry":{"type":"LineString","coordinates":[[13.2496151,52.5188509],[13.2498034,52.5184823]]},"properties":{"osmId":23028014,"osmType":"way","electrified":"no","gauge":"1435","loading_gauge":"Kleinprofil","note":"Gleis45","operator":"Berliner Verkehrsbetriebe","railway":"subway","service":"yard","tunnel":"building_passage","voltage":"750"},"id":23028014},
{"type":"Feature","geometry":{"type":"LineString","coordinates":[[13.561509,52.5058631],[13.5593755,52.5042943]]},"properties":{"osmId":23036952,"osmType":"way","detail":"track","electrified":"rail","electrified:rail":"bottom","embankment":"yes","frequency":"0","gauge":"1435","level":"1","loading_gauge":"Großprofil","maxspeed":"60","operator":"Berliner Verkehrsbetriebe","passenger_lines":"2","railway":"subway","voltage":"750","workrules":"DE:BOStrab"},"id":23036952},
{"type":"Feature","geometry":{"type":"MultiLineString","coordinates":[[[13.4489671,52.4351399],[13.4490543,52.4344285],[13.4486825,52.4340139],[13.4478815,52.4337572],[13.4468606,52.4338681],[13.4452978,52.4344483]],[[13.4452978,52.4344483],[13.4451129,52.4345431]],[[13.4451129,52.4345431],[13.4448049,52.434706]],[[13.4448049,52.434706],[13.444336,52.434889]]]},"properties":{"osmId":23042227,"osmType":"way","electrified":"rail","electrified:rail":"bottom","frequency":"0","gauge":"1435","loading_gauge":"Großprofil","operator":"Berliner Verkehrsbetriebe","railway":"subway","service":"yard","voltage":"750"},"id":23042227},
{"type":"Feature","geometry":{"type":"LineString","coordinates":[[13.4494777,52.4350727],[13.4488209,52.4362255]]},"properties":{"osmId":23042229,"osmType":"way","electrified":"rail","electrified:rail":"bottom","frequency":"0","gauge":"1435","loading_gauge":"Großprofil","operator":"Berliner Verkehrsbetriebe","railway":"subway","service":"yard","tunnel":"yes","voltage":"750"},"id":23042229},
{"type":"Feature","geometry":{"type":"MultiLineString","coordinates":[[[13.4442148,52.4348069],[13.443556,52.4349533]],[[13.443556,52.4349533],[13.4431283,52.4350194]],[[13.4431283,52.4350194],[13.4427422,52.4351306]],[[13.4427422,52.4351306],[13.4419417,52.4353812]]]},"properties":{"osmId":23042273,"osmType":"way","electrified":"rail","electrified:rail":"bottom","frequency":"0","gauge":"1435","loading_gauge":"Großprofil","operator":"Berliner Verkehrsbetriebe","railway":"subway","service":"yard","voltage":"750"},"id":23042273},
{"type":"Feature","geometry":{"type":"MultiLineString","coordinates":[[[13.4431283,52.4350194],[13.4427023,52.4350867]],[[13.4427023,52.4350867],[13.4419109,52.4353516]]]},"properties":{"osmId":23042275,"osmType":"way","electrified":"rail","electrified:rail":"bottom","frequency":"0","gauge":"1435","loading_gauge":"Großprofil","operator":"Berliner Verkehrsbetriebe","railway":"subway","service":"yard","voltage":"750"},"id":23042275},
{"type":"Feature","geometry":{"type":"LineString","coordinates":[[13.443556,52.4349533],[13.4420152,52.4354518]]},"properties":{"osmId":23042277,"osmType":"way","electrified":"rail","electrified:rail":"bottom","frequency":"0","gauge":"1435","loading_gauge":"Großprofil","operator":"Berliner Verkehrsbetriebe","railway":"subway","service":"yard","voltage":"750"},"id":23042277},
{"type":"Feature","geometry":{"type":"LineString","coordinates":[[13.4448662,52.4344885],[13.4441421,52.4346912],[13.4428477,52.4347474]]},"properties":{"osmId":23042278,"osmType":"way","electrified":"rail","electrified:rail":"bottom","frequency":"0","gauge":"1435","loading_gauge":"Großprofil","operator":"Berliner Verkehrsbetriebe","railway":"subway","service":"yard","voltage":"750"},"id":23042278},
{"type":"Feature","geometry":{"type":"MultiLineString","coordinates":[[[13.4480491,52.4333409],[13.4457485,52.4342084]],[[13.4457485,52.4342084],[13.4454892,52.4343112]],[[13.4454892,52.4343112],[13.4446731,52.4346272]],[[13.4446731,52.4346272],[13.4437139,52.4347582]],[[13.4437139,52.4347582],[13.4431029,52.4347854]],[[13.4431029,52.4347854],[13.4427582,52.4347931]],[[13.4427582,52.4347931],[13.4416137,52.4350661]]]},"properties":{"osmId":23042279,"osmType":"way","electrified":"rail","electrified:rail":"bottom","frequency":"0","gauge":"1435","loading_gauge":"Großprofil","operator":"Berliner Verkehrsbetriebe","railway":"subway","service":"yard","voltage":"750"},"id":23042279},
{"type":"Feature","geometry":{"type":"MultiLineString","coordinates":[[[13.4431029,52.4347854],[13.4427055,52.4348333]],[[13.4427055,52.4348333],[13.4416786,52.4351285]]]},"properties":{"osmId":23042281,"osmType":"way","electrified":"rail","electrified:rail":"bottom","frequency":"0","gauge":"1435","loading_gauge":"Großprofil","operator":"Berliner Verkehrsbetriebe","railway":"subway","service":"yard","voltage":"750"},"id":23042281},
{"type":"Feature","geometry":{"type":"MultiLineString","coordinates":[[[13.4437139,52.4347582],[13.4432559,52.4348188]],[[13.4432559,52.4348188],[13.4428178,52.4348697]],[[13.4428178,52.4348697],[13.4417176,52.4351659]]]},"properties":{"osmId":23042283,"osmType":"way","electrified":"rail","electrified:rail":"bottom","frequency":"0","gauge":"1435","loading_gauge":"Großprofil","operator":"Berliner Verkehrsbetriebe","railway":"subway","service":"yard","voltage":"750"},"id":23042283},
{"type":"Feature","geometry":{"type":"LineString","coordinates":[[13.4428178,52.4348697],[13.4417491,52.4351962]]},"properties":{"osmId":23042285,"osmType":"way","electrified":"rail","electrified:rail":"bottom","frequency":"0","gauge":"1435","loading_gauge":"Großprofil","operator":"Berliner Verkehrsbetriebe","railway":"subway","service":"yard"},"id":23042285},
{"type":"Feature","geometry":{"type":"LineString","coordinates":[[13.4499468,52.4489704],[13.4499556,52.4475873],[13.4496938,52.4453654],[13.4495357,52.4447789],[13.4488175,52.4436448],[13.4477042,52.4426682]]},"properties":{"osmId":23042324,"osmType":"way","electrified":"rail","electrified:rail":"bottom","frequency":"0","gauge":"1435","layer":"-1","level":"-1","loading_gauge":"Großprofil","name":"U7","operator":"Berliner Verkehrsbetriebe","railway":"subway","railway:preferred_direction":"forward","tunnel":"yes","voltage":"750"},"id":23042324},
{"type":"Feature","geometry":{"type":"LineString","coordinates":[[13.3833361,52.516813],[13.3820808,52.5167261]]},"properties":{"osmId":23439780,"osmType":"way","check_date":"2020-08-24","electrified":"rail","frequency":"0","gauge":"1435","layer":"-4","loading_gauge":"Großprofil","opening_date":"2020-12-04","operator":"Berliner Verkehrsbetriebe","railway":"subway","ref":"C","tunnel":"yes","voltage":"750"},"id":23439780},
{"type":"Feature","geometry":{"type":"MultiLineString","coordinates":[[[13.3067594,52.5156059],[13.3068494,52.5148532]],[[13.3068494,52.5148532],[13.3072891,52.5125265],[13.3076493,52.5120385],[13.3081701,52.5117981]],[[13.3081701,52.5117981],[13.3089858,52.5117123],[13.3136944,52.5120119]]]},"properties":{"osmId":23440420,"osmType":"way","description":"Verbindung U2-U7 (Service)","electrified":"rail","frequency":"0","gauge":"1435","layer":"-2","level":"-2","loading_gauge":"Kleinprofil","operator":"Berliner Verkehrsbetriebe","railway":"subway","service":"siding","start_date":"1974","tunnel":"yes","voltage":"750"},"id":23440420},
{"type":"Feature","geometry":{"type":"MultiLineString","coordinates":[[[13.3509391,52.5533462],[13.3508738,52.5536217]],[[13.3508738,52.5536217],[13.3506191,52.5539519],[13.3496266,52.5545363]]]},"properties":{"osmId":23724740,"osmType":"way","electrified":"rail","frequency":"0","gauge":"1435","loading_gauge":"Großprofil","name":"23","operator":"Berliner Verkehrsbetriebe","railway":"subway","service":"yard","voltage":"750"},"id":23724740},
{"type":"Feature","geometry":{"type":"LineString","coordinates":[[13.3508451,52.5535632],[13.350622,52.553836],[13.3495555,52.5544886]]},"properties":{"osmId":23724741,"osmType":"way","electrified":"rail","frequency":"0","gauge":"1435","loading_gauge":"Großprofil","name":"21","operator":"Berliner Verkehrsbetriebe","railway":"subway","service":"yard","voltage":"750"},"id":23724741},
{"type":"Feature","geometry":{"type":"MultiLineString","coordinates":[[[13.3508803,52.5533377],[13.3508014,52.5534834]],[[13.3508014,52.5534834],[13.3504828,52.5538073],[13.3494496,52.5544177]]]},"properties":{"osmId":23724742,"osmType":"way","electrified":"rail","frequency":"0","gauge":"1435","loading_gauge":"Großprofil","name":"19","operator":"Berliner Verkehrsbetriebe","railway":"subway","service":"yard","voltage":"750"},"id":23724742},
{"type":"Feature","geometry":{"type":"LineString","coordinates":[[13.3508064,52.5531539],[13.3496118,52.5539174]]},"properties":{"osmId":23724743,"osmType":"way","electrified":"rail","gauge":"1435","layer":"1","loading_gauge":"Großprofil","name":"11","operator":"Berliner Verkehrsbetriebe","railway":"subway","service":"yard"},"id":23724743},
{"type":"Feature","geometry":{"type":"LineString","coordinates":[[13.4123107,52.5427834],[13.4124148,52.5438887],[13.4132924,52.5471717],[13.4136287,52.5485556]]},"properties":{"osmId":24180220,"osmType":"way","bridge":"viaduct","electrified":"rail","electrified:rail":"top","frequency":"0","gauge":"1435","layer":"1","loading_gauge":"Kleinprofil","operator":"Berliner Verkehrsbetriebe","railway":"subway","voltage":"750"},"id":24180220},
{"type":"Feature","geometry":{"type":"LineString","coordinates":[[13.3415306,52.5020853],[13.3420074,52.5018556]]},"properties":{"osmId":24862839,"osmType":"way","electrified":"rail","electrified:rail":"top","frequency":"0","gauge":"1435","layer":"-1","level":"-2","loading_gauge":"Kleinprofil","name":"U1","note":"TODO: check where exactly it goes underground","operator":"Berliner Verkehrsbetriebe","railway":"subway","tunnel":"yes","voltage":"750"},"id":24862839},
{"type":"Feature","geometry":{"type":"MultiLineString","coordinates":[[[13.3446601,52.5014121],[13.3482357,52.5006494],[13.3526016,52.4996694],[13.3530299,52.4996503],[13.353150802691859,52.49966405775659]],[[13.353150802691859,52.49966405775659],[13.353235129523386,52.49967365347364]],[[13.353235129523386,52.49967365347364],[13.353597338831417,52.49971486998766]],[[13.353597338831417,52.49971486998766],[13.3536433,52.4997201],[13.353896,52.4997597],[13.3543643,52.4998614],[13.3552895,52.5001454]]]},"properties":{"osmId":24862846,"osmType":"way","electrified":"rail","electrified:rail":"top","frequency":"0","gauge":"1435","layer":"-1","level":"-1","loading_gauge":"Kleinprofil","name":"U1","operator":"Berliner Verkehrsbetriebe","railway":"subway","tunnel":"yes","voltage":"750"},"id":24862846},
{"type":"Feature","geometry":{"type":"LineString","coordinates":[[13.4490794,52.5052281],[13.4490382,52.5051735]]},"properties":{"osmId":26252974,"osmType":"way","covered":"yes","electrified":"rail","electrified:rail":"top","frequency":"0","gauge":"1435","layer":"2","level":"1","loading_gauge":"Kleinprofil","name":"U1","operator":"Berliner Verkehrsbetriebe","railway":"subway","railway:track_ref":"1","voltage":"750"},"id":26252974},
{"type":"Feature","geometry":{"type":"MultiLineString","coordinates":[[[13.3774057,52.5086813],[13.3773552,52.5086256]],[[13.3773552,52.5086256],[13.3764538,52.5070739],[13.3761344,52.5061146],[13.3758556,52.5056063]]]},"properties":{"osmId":26477684,"osmType":"way","detail":"track","electrified":"rail","electrified:rail":"top","frequency":"0","gauge":"1435","layer":"-2","level":"-1","loading_gauge":"Kleinprofil","maxspeed":"60","maxspeed:note":"Kein Limit - Maximalgeschwindigkeit der eingesetzten Fahrzeuge","name":"U2","operator":"Berliner Verkehrsbetriebe","railway":"subway","tunnel":"yes","voltage":"750"},"id":26477684},
{"type":"Feature","geometry":{"type":"MultiLineString","coordinates":[[[13.3685244,52.4969474],[13.3719094,52.496997],[13.3730627,52.4972288],[13.3735468,52.4976395],[13.3739098,52.4983874]],[[13.3739098,52.4983874],[13.3740042,52.4986514]],[[13.3740042,52.4986514],[13.3742217,52.499266],[13.374278464708302,52.499419852567]],[[13.374278464708302,52.499419852567],[13.3742835,52.4994335],[13.3743042,52.4995298],[13.374307188393466,52.49956203649974]],[[13.374307188393466,52.49956203649974],[13.3743136,52.4996312],[13.3743002,52.499907],[13.3741076,52.5009121],[13.3743184,52.5018187],[13.3748383,52.5036094]]]},"properties":{"osmId":26547949,"osmType":"way","bridge":"viaduct","electrified":"rail","electrified:rail":"top","frequency":"0","gauge":"1435","layer":"1","level":"1","loading_gauge":"Kleinprofil","maxspeed":"60","maxspeed:note":"Kein Limit - Maximalgeschwindigkeit der eingesetzten Fahrzeuge","name":"U2","operator":"Berliner Verkehrsbetriebe","railway":"subway","voltage":"750"},"id":26547949},
{"type":"Feature","geometry":{"type":"LineString","coordinates":[[13.3685258,52.4969762],[13.3674712,52.4970059],[13.3664692,52.4971901],[13.365184,52.497235],[13.3644393,52.49737]]},"properties":{"osmId":26547952,"osmType":"way","bridge":"viaduct","electrified":"rail","electrified:rail":"top","frequency":"0","gauge":"1435","layer":"1","level":"1","loading_gauge":"Kleinprofil","operator":"Berliner Verkehrsbetriebe","railway":"subway","voltage":"750"},"id":26547952},
{"type":"Feature","geometry":{"type":"LineString","coordinates":[[13.4122007,52.5194388],[13.4124886,52.5188617],[13.4120272,52.5183565],[13.4120809,52.5180065]]},"properties":{"osmId":27080261,"osmType":"way","electrified":"rail","gauge":"1435","layer":"-4","loading_gauge":"Kleinprofil","name":"Klostertunnel","operator":"Berliner Verkehrsbetriebe","railway":"subway","service":"crossover","tunnel":"yes"},"id":27080261},
{"type":"Feature","geometry":{"type":"LineString","coordinates":[[13.5638987,52.5075492],[13.5644481,52.5079486]]},"properties":{"osmId":27502899,"osmType":"way","bridge":"yes","detail":"track","electrified":"rail","electrified:rail":"bottom","frequency":"0","gauge":"1435","layer":"1","level":"1","loading_gauge":"Großprofil","maxspeed":"60","operator":"Berliner Verkehrsbetriebe","passenger_lines":"2","railway":"subway","voltage":"750","workrules":"DE:BOStrab"},"id":27502899},
{"type":"Feature","geometry":{"type":"LineString","coordinates":[[13.5638484,52.5075687],[13.5619921,52.5062108]]},"properties":{"osmId":27502901,"osmType":"way","detail":"track","electrified":"rail","electrified:rail":"bottom","frequency":"0","gauge":"1435","loading_gauge":"Großprofil","maxspeed":"60","operator":"Berliner Verkehrsbetriebe","passenger_lines":"2","railway":"subway","voltage":"750","workrules":"DE:BOStrab"},"id":27502901},
{"type":"Feature","geometry":{"type":"LineString","coordinates":[[13.5619921,52.5062108],[13.561509,52.5058631]]},"properties":{"osmId":27502905,"osmType":"way","bridge":"yes","detail":"track","electrified":"rail","electrified:rail":"bottom","frequency":"0","gauge":"1435","layer":"1","level":"1","loading_gauge":"Großprofil","maxspeed":"60","operator":"Berliner Verkehrsbetriebe","passenger_lines":"2","railway":"subway","voltage":"750","workrules":"DE:BOStrab"},"id":27502905},
{"type":"Feature","geometry":{"type":"LineString","coordinates":[[13.5644481,52.5079486],[13.567386,52.5101044],[13.5682206,52.5106242]]},"properties":{"osmId":27526916,"osmType":"way","detail":"track","electrified":"rail","electrified:rail":"bottom","embankment":"yes","frequency":"0","gauge":"1435","layer":"-1","loading_gauge":"Großprofil","maxspeed":"60","operator":"Berliner Verkehrsbetriebe","passenger_lines":"2","railway":"subway","voltage":"750","workrules":"DE:BOStrab"},"id":27526916},
{"type":"Feature","geometry":{"type":"LineString","coordinates":[[13.2787338,52.4499902],[13.2793803,52.4501307]]},"properties":{"osmId":28764009,"osmType":"way","electrified":"rail","electrified:rail":"top","frequency":"0","gauge":"1435","layer":"-1","level":"-1","loading_gauge":"Kleinprofil","maxspeed":"60","name":"U3","operator":"Berliner Verkehrsbetriebe","railway":"subway","tunnel":"yes","usage":"main","voltage":"750"},"id":28764009},
{"type":"Feature","geometry":{"type":"LineString","coordinates":[[13.2793803,52.4501307],[13.2808168,52.4506015]]},"properties":{"osmId":28764010,"osmType":"way","cutting":"yes","electrified":"rail","electrified:rail":"top","frequency":"0","gauge":"1435","level":"-1","loading_gauge":"Kleinprofil","maxspeed":"60","name":"U3","operator":"Berliner Verkehrsbetriebe","railway":"subway","tunnel":"no","usage":"main","voltage":"750"},"id":28764010},
{"type":"Feature","geometry":{"type":"LineString","coordinates":[[13.4495565,52.505358],[13.4487029,52.5043295]]},"properties":{"osmId":28953385,"osmType":"way","bridge":"yes","electrified":"rail","electrified:rail":"top","frequency":"0","gauge":"1435","layer":"1","loading_gauge":"Kleinprofil","operator":"Berliner Verkehrsbetriebe","railway":"subway","railway:electricity:ref":"WA2","service":"yard","voltage":"750"},"id":28953385},
{"type":"Feature","geometry":{"type":"MultiLineString","coordinates":[[[13.4140891,52.5216433],[13.414253895374873,52.52174460168363]],[[13.414253895374873,52.52174460168363],[13.4142835,52.5217628],[13.4147613,52.5219725]]]},"properties":{"osmId":29030957,"osmType":"way","electrified":"rail","electrified:rail":"bottom","frequency":"0","gauge":"1435","layer":"-5","level":"-5","loading_gauge":"Großprofil","maxspeed":"70","operator":"Berliner Verkehrsbetriebe","railway":"subway","subway":"yes","tunnel":"yes","voltage":"750"},"id":29030957},
{"type":"Feature","geometry":{"type":"MultiLineString","coordinates":[[[13.3920929,52.4978246],[13.391622894200507,52.49779191237734]],[[13.391622894200507,52.49779191237734],[13.391544625239181,52.49778646898435]],[[13.391544625239181,52.49778646898435],[13.391269,52.4977673],[13.3899703,52.4978374],[13.3886403,52.4980672],[13.3866642,52.4985438]],[[13.3866642,52.4985438],[13.385289,52.4988829],[13.3840687,52.4990783],[13.3826389,52.4991271],[13.3810171,52.4990507],[13.3796985,52.499288],[13.3784603,52.4994263],[13.3770971,52.4993628],[13.3756271,52.4995172],[13.3745564,52.499559]]]},"properties":{"osmId":29277317,"osmType":"way","bridge":"viaduct","electrified":"rail","electrified:rail":"top","frequency":"0","gauge":"1435","layer":"2","level":"2","loading_gauge":"Kleinprofil","name":"U1","operator":"Berliner Verkehrsbetriebe","railway":"subway","voltage":"750"},"id":29277317},
{"type":"Feature","geometry":{"type":"LineString","coordinates":[[13.2793541,52.4501608],[13.2787221,52.4500214]]},"properties":{"osmId":32013694,"osmType":"way","electrified":"rail","electrified:rail":"top","frequency":"0","gauge":"1435","layer":"-1","level":"-1","loading_gauge":"Kleinprofil","maxspeed":"60","name":"U3","operator":"Berliner Verkehrsbetriebe","railway":"subway","tunnel":"yes","usage":"main","voltage":"750"},"id":32013694},
{"type":"Feature","geometry":{"type":"LineString","coordinates":[[13.280727,52.4506648],[13.2793541,52.4501608]]},"properties":{"osmId":32013757,"osmType":"way","cutting":"yes","electrified":"rail","electrified:rail":"top","frequency":"0","gauge":"1435","level":"-1","loading_gauge":"Kleinprofil","maxspeed":"60","name":"U3","operator":"Berliner Verkehrsbetriebe","railway":"subway","tunnel":"no","usage":"main","voltage":"750"},"id":32013757},
{"type":"Feature","geometry":{"type":"LineString","coordinates":[[13.3676329,52.4998087],[13.3699831,52.4995962]]},"properties":{"osmId":32673807,"osmType":"way","covered":"yes","electrified":"rail","electrified:rail":"top","frequency":"0","gauge":"1435","layer":"1","level":"1","loading_gauge":"Kleinprofil","name":"U1","operator":"Berliner Verkehrsbetriebe","railway":"subway","voltage":"750"},"id":32673807},
{"type":"Feature","geometry":{"type":"LineString","coordinates":[[13.3700365,52.4996368],[13.3683148,52.4997539],[13.3657823,52.500042]]},"properties":{"osmId":32673836,"osmType":"way","covered":"yes","electrified":"rail","electrified:rail":"top","frequency":"0","gauge":"1435","layer":"1","level":"1","loading_gauge":"Kleinprofil","name":"U1","operator":"Berliner Verkehrsbetriebe","railway":"subway","voltage":"750"},"id":32673836},
{"type":"Feature","geometry":{"type":"LineString","coordinates":[[13.3657593,52.5000178],[13.3676329,52.4998087]]},"properties":{"osmId":32673996,"osmType":"way","covered":"yes","electrified":"rail","electrified:rail":"top","frequency":"0","gauge":"1435","loading_gauge":"Kleinprofil","name":"U1","operator":"Berliner Verkehrsbetriebe","railway":"subway","voltage":"750"},"id":32673996},
{"type":"Feature","geometry":{"type":"MultiLineString","coordinates":[[[13.3741781,52.4994202],[13.374278464708302,52.499419852567]],[[13.374278464708302,52.499419852567],[13.3744092,52.4994194],[13.3752329,52.4994567],[13.3755616,52.4994536],[13.3761879,52.4993989]],[[13.3761879,52.4993989],[13.3771071,52.499327],[13.3784548,52.4993952],[13.3794067,52.4993021],[13.3809358,52.499032],[13.381364,52.4990019],[13.3833963,52.4991],[13.3847511,52.4989565],[13.3871214,52.498408]],[[13.3871214,52.498408],[13.3892384,52.4979179],[13.3904115,52.4977557],[13.3912799,52.4977379],[13.391536089095128,52.49775150211904]],[[13.391536089095128,52.49775150211904],[13.391613298032892,52.49775560145496]],[[13.391613298032892,52.49775560145496],[13.3920879,52.4977808]]]},"properties":{"osmId":32674079,"osmType":"way","bridge":"viaduct","electrified":"rail","electrified:rail":"top","frequency":"0","gauge":"1435","layer":"2","level":"2","loading_gauge":"Kleinprofil","name":"U1","operator":"Berliner Verkehrsbetriebe","railway":"subway","voltage":"750"},"id":32674079},
{"type":"Feature","geometry":{"type":"LineString","coordinates":[[13.370486,52.4996299],[13.3700365,52.4996368]]},"properties":{"osmId":32674087,"osmType":"way","bridge":"yes","covered":"yes","electrified":"rail","electrified:rail":"top","frequency":"0","gauge":"1435","layer":"1","level":"1","loading_gauge":"Kleinprofil","name":"U1","operator":"Berliner Verkehrsbetriebe","railway":"subway","voltage":"750"},"id":32674087},
{"type":"Feature","geometry":{"type":"LineString","coordinates":[[13.571308,52.5122942],[13.572253,52.5125176]]},"properties":{"osmId":36784506,"osmType":"way","detail":"track","electrified":"rail","electrified:rail":"bottom","frequency":"0","gauge":"1435","layer":"-1","level":"-1","loading_gauge":"Großprofil","maxspeed":"60","operator":"Berliner Verkehrsbetriebe","passenger_lines":"2","railway":"subway","tunnel":"yes","voltage":"750","workrules":"DE:BOStrab"},"id":36784506},
{"type":"Feature","geometry":{"type":"LineString","coordinates":[[13.572253,52.5125176],[13.5739567,52.5126142]]},"properties":{"osmId":36784507,"osmType":"way","detail":"track","electrified":"rail","electrified:rail":"bottom","frequency":"0","gauge":"1435","layer":"-1","loading_gauge":"Großprofil","maxspeed":"60","operator":"Berliner Verkehrsbetriebe","passenger_lines":"2","railway":"subway","voltage":"750","workrules":"DE:BOStrab"},"id":36784507},
{"type":"Feature","geometry":{"type":"LineString","coordinates":[[13.6344989,52.5381919],[13.6328098,52.5385593]]},"properties":{"osmId":36785317,"osmType":"way","electrified":"rail","electrified:rail":"bottom","frequency":"0","gauge":"1435","loading_gauge":"Großprofil","maxspeed":"60","operator":"Berliner Verkehrsbetriebe","railway":"subway","railway:track_ref":"1","voltage":"750"},"id":36785317},
{"type":"Feature","geometry":{"type":"LineString","coordinates":[[13.5722334,52.5125575],[13.5712767,52.5123307]]},"properties":{"osmId":36785318,"osmType":"way","detail":"track","electrified":"rail","electrified:rail":"bottom","frequency":"0","gauge":"1435","layer":"-1","level":"-1","loading_gauge":"Großprofil","maxspeed":"60","operator":"Berliner Verkehrsbetriebe","passenger_lines":"2","railway":"subway","tunnel":"yes","voltage":"750","workrules":"DE:BOStrab"},"id":36785318},
{"type":"Feature","geometry":{"type":"LineString","coordinates":[[13.5712767,52.5123307],[13.5700967,52.5117956],[13.5682358,52.5106846]]},"properties":{"osmId":36785319,"osmType":"way","detail":"track","electrified":"rail","electrified:rail":"bottom","frequency":"0","gauge":"1435","loading_gauge":"Großprofil","maxspeed":"60","operator":"Berliner Verkehrsbetriebe","passenger_lines":"2","railway":"subway","voltage":"750","workrules":"DE:BOStrab"},"id":36785319},
{"type":"Feature","geometry":{"type":"MultiLineString","coordinates":[[[13.5169806,52.5016698],[13.5168878,52.5018921]],[[13.5168878,52.5018921],[13.5166471,52.5024433]]]},"properties":{"osmId":37227811,"osmType":"way","electrified":"rail","frequency":"0","gauge":"1435","loading_gauge":"Großprofil","operator":"Berliner Verkehrsbetriebe","railway":"subway","service":"yard","voltage":"750"},"id":37227811},
{"type":"Feature","geometry":{"type":"LineString","coordinates":[[13.5162479,52.4999281],[13.5164877,52.500983]]},"properties":{"osmId":37227812,"osmType":"way","electrified":"rail","electrified:rail":"bottom","gauge":"1435","layer":"-1","loading_gauge":"Großprofil","operator":"Berliner Verkehrsbetriebe","railway":"subway","service":"yard","tunnel":"building_passage"},"id":37227812},
{"type":"Feature","geometry":{"type":"LineString","coordinates":[[13.5164138,52.4999164],[13.5166166,52.5009731]]},"properties":{"osmId":37227813,"osmType":"way","electrified":"rail","electrified:rail":"bottom","gauge":"1435","layer":"-1","loading_gauge":"Großprofil","operator":"Berliner Verkehrsbetriebe","railway":"subway","service":"yard","tunnel":"building_passage"},"id":37227813},
{"type":"Feature","geometry":{"type":"LineString","coordinates":[[13.5166082,52.4999028],[13.5168138,52.5009579]]},"properties":{"osmId":37227814,"osmType":"way","electrified":"rail","electrified:rail":"bottom","gauge":"1435","layer":"-1","loading_gauge":"Großprofil","operator":"Berliner Verkehrsbetriebe","railway":"subway","service":"yard","tunnel":"building_passage"},"id":37227814},
{"type":"Feature","geometry":{"type":"LineString","coordinates":[[13.5166664,52.4998987],[13.5168687,52.5009537]]},"properties":{"osmId":37227815,"osmType":"way","electrified":"rail","electrified:rail":"bottom","gauge":"1435","layer":"-1","loading_gauge":"Großprofil","operator":"Berliner Verkehrsbetriebe","railway":"subway","service":"yard","tunnel":"building_passage"},"id":37227815},
{"type":"Feature","geometry":{"type":"LineString","coordinates":[[13.516795,52.4998897],[13.5169969,52.5009438]]},"properties":{"osmId":37227816,"osmType":"way","electrified":"rail","electrified:rail":"bottom","gauge":"1435","layer":"-1","loading_gauge":"Großprofil","operator":"Berliner Verkehrsbetriebe","railway":"subway","service":"yard","tunnel":"building_passage"},"id":37227816},
{"type":"Feature","geometry":{"type":"LineString","coordinates":[[13.516855,52.4998855],[13.5170629,52.5009388]]},"properties":{"osmId":37227817,"osmType":"way","electrified":"rail","electrified:rail":"bottom","gauge":"1435","layer":"-1","loading_gauge":"Großprofil","operator":"Berliner Verkehrsbetriebe","railway":"subway","service":"yard","tunnel":"building_passage"},"id":37227817},
{"type":"Feature","geometry":{"type":"LineString","coordinates":[[13.5777325,52.5126142],[13.5785712,52.5127118],[13.5795705,52.5130115],[13.5870514,52.5166292],[13.5876784,52.5170326],[13.5883093,52.5176061],[13.5889083,52.5185805],[13.5890815,52.5193355]]},"properties":{"osmId":40643932,"osmType":"way","detail":"track","electrified":"rail","electrified:rail":"bottom","frequency":"0","gauge":"1435","layer":"-1","level":"-1","loading_gauge":"Großprofil","maxspeed":"60","operator":"Berliner Verkehrsbetriebe","passenger_lines":"2","railway":"subway","tunnel":"yes","voltage":"750","workrules":"DE:BOStrab"},"id":40643932},
{"type":"Feature","geometry":{"type":"MultiLineString","coordinates":[[[13.5890815,52.5193355],[13.5891284,52.5201023],[13.5889569,52.5218083]],[[13.5889569,52.5218083],[13.5888396,52.5228763]],[[13.5888396,52.5228763],[13.5889296,52.5243833],[13.5890825,52.5250725],[13.5897392,52.5267935],[13.5913075,52.5297185],[13.5918421,52.5309215],[13.5924865,52.5319107],[13.593085,52.5324398]]]},"properties":{"osmId":40643933,"osmType":"way","cutting":"yes","electrified":"rail","electrified:rail":"bottom","frequency":"0","gauge":"1435","layer":"-1","level":"-1","loading_gauge":"Großprofil","maxspeed":"60","operator":"Berliner Verkehrsbetriebe","railway":"subway","voltage":"750"},"id":40643933},
{"type":"Feature","geometry":{"type":"LineString","coordinates":[[13.5735722,52.5126509],[13.5722334,52.5125575]]},"properties":{"osmId":42126834,"osmType":"way","detail":"track","electrified":"rail","electrified:rail":"bottom","frequency":"0","gauge":"1435","loading_gauge":"Großprofil","maxspeed":"60","operator":"Berliner Verkehrsbetriebe","passenger_lines":"2","railway":"subway","voltage":"750","workrules":"DE:BOStrab"},"id":42126834},
{"type":"Feature","geometry":{"type":"LineString","coordinates":[[13.5765901,52.5125719],[13.5777325,52.5126142]]},"properties":{"osmId":42126837,"osmType":"way","detail":"track","electrified":"rail","electrified:rail":"bottom","frequency":"0","gauge":"1435","layer":"-1","loading_gauge":"Großprofil","maxspeed":"60","operator":"Berliner Verkehrsbetriebe","passenger_lines":"2","railway":"subway","voltage":"750","workrules":"DE:BOStrab"},"id":42126837},
{"type":"Feature","geometry":{"type":"MultiLineString","coordinates":[[[13.4448662,52.4344885],[13.4439586,52.4346332]],[[13.4439586,52.4346332],[13.4423463,52.4347469],[13.4416493,52.4349112]]]},"properties":{"osmId":42749975,"osmType":"way","electrified":"rail","electrified:rail":"bottom","frequency":"0","gauge":"1435","loading_gauge":"Großprofil","operator":"Berliner Verkehrsbetriebe","railway":"subway","service":"yard","voltage":"750"},"id":42749975},
{"type":"Feature","geometry":{"type":"MultiLineString","coordinates":[[[13.4439586,52.4346332],[13.4437194,52.4346253]],[[13.4437194,52.4346253],[13.4419351,52.4345531],[13.4412767,52.4346269],[13.4405335,52.4349087]]]},"properties":{"osmId":42749976,"osmType":"way","electrified":"no","gauge":"1435","loading_gauge":"Großprofil","operator":"Berliner Verkehrsbetriebe","railway":"subway","service":"yard"},"id":42749976},
{"type":"Feature","geometry":{"type":"LineString","coordinates":[[13.4437194,52.4346253],[13.4419457,52.4345033],[13.4412543,52.4345772],[13.4404839,52.4348712]]},"properties":{"osmId":42749977,"osmType":"way","electrified":"no","gauge":"1435","loading_gauge":"Großprofil","operator":"Berliner Verkehrsbetriebe","railway":"subway","service":"yard"},"id":42749977},
{"type":"Feature","geometry":{"type":"LineString","coordinates":[[13.4427582,52.4347931],[13.4415806,52.4350344]]},"properties":{"osmId":42749978,"osmType":"way","electrified":"rail","electrified:rail":"bottom","frequency":"0","gauge":"1435","loading_gauge":"Großprofil","operator":"Berliner Verkehrsbetriebe","railway":"subway","service":"yard","voltage":"750"},"id":42749978},
{"type":"Feature","geometry":{"type":"LineString","coordinates":[[13.4427055,52.4348333],[13.4416446,52.4350958]]},"properties":{"osmId":42749979,"osmType":"way","electrified":"rail","electrified:rail":"bottom","frequency":"0","gauge":"1435","loading_gauge":"Großprofil","operator":"Berliner Verkehrsbetriebe","railway":"subway","service":"yard"},"id":42749979},
{"type":"Feature","geometry":{"type":"MultiLineString","coordinates":[[[13.4432559,52.4348188],[13.4428714,52.4348999]],[[13.4428714,52.4348999],[13.4417831,52.4352288]]]},"properties":{"osmId":42749980,"osmType":"way","electrified":"rail","electrified:rail":"bottom","frequency":"0","gauge":"1435","loading_gauge":"Großprofil","operator":"Berliner Verkehrsbetriebe","railway":"subway","service":"yard","voltage":"750"},"id":42749980},
{"type":"Feature","geometry":{"type":"LineString","coordinates":[[13.4428714,52.4348999],[13.4418248,52.4352689]]},"properties":{"osmId":42749981,"osmType":"way","electrified":"rail","electrified:rail":"bottom","frequency":"0","gauge":"1435","loading_gauge":"Großprofil","operator":"Berliner Verkehrsbetriebe","railway":"subway","service":"yard"},"id":42749981},
{"type":"Feature","geometry":{"type":"LineString","coordinates":[[13.4427422,52.4351306],[13.4419756,52.4354137]]},"properties":{"osmId":42749982,"osmType":"way","electrified":"rail","electrified:rail":"bottom","frequency":"0","gauge":"1435","loading_gauge":"Großprofil","operator":"Berliner Verkehrsbetriebe","railway":"subway","service":"yard","voltage":"750"},"id":42749982},
{"type":"Feature","geometry":{"type":"LineString","coordinates":[[13.4427023,52.4350867],[13.4418816,52.4353234]]},"properties":{"osmId":42749983,"osmType":"way","electrified":"rail","electrified:rail":"bottom","frequency":"0","gauge":"1435","loading_gauge":"Großprofil","operator":"Berliner Verkehrsbetriebe","railway":"subway","service":"yard","voltage":"750"},"id":42749983},
{"type":"Feature","geometry":{"type":"LineString","coordinates":[[13.4448662,52.4344885],[13.4464404,52.4337829]]},"properties":{"osmId":42750332,"osmType":"way","electrified":"rail","electrified:rail":"bottom","frequency":"0","gauge":"1435","loading_gauge":"Großprofil","operator":"Berliner Verkehrsbetriebe","railway":"subway","service":"yard","voltage":"750"},"id":42750332},
{"type":"Feature","geometry":{"type":"LineString","coordinates":[[13.4448662,52.4344885],[13.4454892,52.4343112]]},"properties":{"osmId":42750333,"osmType":"way","electrified":"rail","electrified:rail":"bottom","frequency":"0","gauge":"1435","loading_gauge":"Großprofil","operator":"Berliner Verkehrsbetriebe","railway":"subway","service":"yard","voltage":"750"},"id":42750333},
{"type":"Feature","geometry":{"type":"MultiLineString","coordinates":[[[13.4457485,52.4342084],[13.4461559,52.4339838]],[[13.4461559,52.4339838],[13.4471522,52.4335372],[13.4479799,52.4332782]]]},"properties":{"osmId":42750334,"osmType":"way","electrified":"rail","electrified:rail":"bottom","frequency":"0","gauge":"1435","loading_gauge":"Großprofil","operator":"Berliner Verkehrsbetriebe","railway":"subway","service":"yard","voltage":"750"},"id":42750334},
{"type":"Feature","geometry":{"type":"LineString","coordinates":[[13.4461559,52.4339838],[13.4480134,52.4333086]]},"properties":{"osmId":42750335,"osmType":"way","electrified":"rail","electrified:rail":"bottom","frequency":"0","gauge":"1435","loading_gauge":"Großprofil","operator":"Berliner Verkehrsbetriebe","railway":"subway","service":"yard","voltage":"750"},"id":42750335},
{"type":"Feature","geometry":{"type":"LineString","coordinates":[[13.4448049,52.434706],[13.4474182,52.43385]]},"properties":{"osmId":42750336,"osmType":"way","electrified":"rail","electrified:rail":"bottom","frequency":"0","gauge":"1435","loading_gauge":"Großprofil","operator":"Berliner Verkehrsbetriebe","railway":"subway","service":"yard","voltage":"750"},"id":42750336},
{"type":"Feature","geometry":{"type":"LineString","coordinates":[[13.5621135,52.5061514],[13.5638987,52.5075492]]},"properties":{"osmId":43887963,"osmType":"way","detail":"track","electrified":"rail","electrified:rail":"bottom","frequency":"0","gauge":"1435","loading_gauge":"Großprofil","maxspeed":"60","operator":"Berliner Verkehrsbetriebe","passenger_lines":"2","railway":"subway","voltage":"750","workrules":"DE:BOStrab"},"id":43887963},
{"type":"Feature","geometry":{"type":"LineString","coordinates":[[13.5615231,52.5056914],[13.5621135,52.5061514]]},"properties":{"osmId":43887965,"osmType":"way","bridge":"yes","detail":"track","electrified":"rail","electrified:rail":"bottom","frequency":"0","gauge":"1435","layer":"1","level":"1","loading_gauge":"Großprofil","maxspeed":"60","operator":"Berliner Verkehrsbetriebe","passenger_lines":"2","railway":"subway","voltage":"750","workrules":"DE:BOStrab"},"id":43887965},
{"type":"Feature","geometry":{"type":"LineString","coordinates":[[13.549357,52.5003087],[13.5525845,52.5012216],[13.5544679,52.5018566],[13.5568024,52.5028129],[13.5589552,52.5038895]]},"properties":{"osmId":43887969,"osmType":"way","detail":"track","electrified":"rail","electrified:rail":"bottom","frequency":"0","gauge":"1435","loading_gauge":"Großprofil","maxspeed":"60","operator":"Berliner Verkehrsbetriebe","passenger_lines":"2","railway":"subway","usage":"main","voltage":"750","workrules":"DE:BOStrab"},"id":43887969},
{"type":"Feature","geometry":{"type":"LineString","coordinates":[[13.5447334,52.4992227],[13.5476025,52.4999311]]},"properties":{"osmId":43888128,"osmType":"way","detail":"track","electrified":"rail","electrified:rail":"bottom","frequency":"0","gauge":"1435","loading_gauge":"Großprofil","maxspeed":"60","operator":"Berliner Verkehrsbetriebe","railway":"subway","service":"siding","voltage":"750","workrules":"DE:BOStrab"},"id":43888128},
{"type":"Feature","geometry":{"type":"LineString","coordinates":[[13.5682358,52.5106846],[13.5673452,52.5101249],[13.5643996,52.507966]]},"properties":{"osmId":44063806,"osmType":"way","detail":"track","electrified":"rail","electrified:rail":"bottom","embankment":"yes","frequency":"0","gauge":"1435","loading_gauge":"Großprofil","maxspeed":"60","operator":"Berliner Verkehrsbetriebe","passenger_lines":"2","railway":"subway","voltage":"750","workrules":"DE:BOStrab"},"id":44063806},
{"type":"Feature","geometry":{"type":"LineString","coordinates":[[13.5643996,52.507966],[13.5638484,52.5075687]]},"properties":{"osmId":44063807,"osmType":"way","bridge":"yes","detail":"track","electrified":"rail","electrified:rail":"bottom","frequency":"0","gauge":"1435","layer":"1","level":"1","loading_gauge":"Großprofil","maxspeed":"60","operator":"Berliner Verkehrsbetriebe","passenger_lines":"2","railway":"subway","voltage":"750","workrules":"DE:BOStrab"},"id":44063807},
{"type":"Feature","geometry":{"type":"LineString","coordinates":[[13.5690298,52.5111068],[13.5697424,52.5113899]]},"properties":{"osmId":44063810,"osmType":"way","detail":"track","electrified":"rail","electrified:rail":"bottom","frequency":"0","gauge":"1435","loading_gauge":"Großprofil","operator":"Berliner Verkehrsbetriebe","railway":"subway","service":"yard","voltage":"750","workrules":"DE:BOStrab"},"id":44063810},
{"type":"Feature","geometry":{"type":"LineString","coordinates":[[13.5686554,52.5108898],[13.5682358,52.5106846]]},"properties":{"osmId":44063811,"osmType":"way","detail":"track","electrified":"rail","electrified:rail":"bottom","frequency":"0","gauge":"1435","loading_gauge":"Großprofil","maxspeed":"40","operator":"Berliner Verkehrsbetriebe","railway":"subway","service":"crossover","voltage":"750","workrules":"DE:BOStrab"},"id":44063811},
{"type":"Feature","geometry":{"type":"MultiLineString","coordinates":[[[13.5887695,52.5220545],[13.5887473,52.5224764]],[[13.5887473,52.5224764],[13.5887719,52.5239194]]]},"properties":{"osmId":44065748,"osmType":"way","electrified":"rail","frequency":"0","gauge":"1435","level":"-1","loading_gauge":"Großprofil","operator":"Berliner Verkehrsbetriebe","railway":"subway","service":"yard","voltage":"750"},"id":44065748},
{"type":"Feature","geometry":{"type":"MultiLineString","coordinates":[[[13.5888854,52.5220548],[13.5888066,52.5224774]],[[13.5888066,52.5224774],[13.5888259,52.5239125]]]},"properties":{"osmId":44065749,"osmType":"way","electrified":"rail","frequency":"0","gauge":"1435","level":"-1","loading_gauge":"Großprofil","operator":"Berliner Verkehrsbetriebe","railway":"subway","service":"yard","voltage":"750"},"id":44065749},
{"type":"Feature","geometry":{"type":"MultiLineString","coordinates":[[[13.5887555,52.5218086],[13.5887695,52.5220545]],[[13.5887695,52.5220545],[13.5887981,52.5223072]],[[13.5887981,52.5223072],[13.5888066,52.5224774]],[[13.5888066,52.5224774],[13.5888396,52.5228763]]]},"properties":{"osmId":44065750,"osmType":"way","electrified":"rail","frequency":"0","gauge":"1435","level":"-1","loading_gauge":"Großprofil","operator":"Berliner Verkehrsbetriebe","railway":"subway","service":"yard","voltage":"750"},"id":44065750},
{"type":"Feature","geometry":{"type":"LineString","coordinates":[[13.5889868,52.519342],[13.5888079,52.5186008],[13.5882239,52.5176423],[13.5875991,52.5170759],[13.5866619,52.5164847],[13.57951,52.5130553],[13.5785418,52.5127524],[13.577722,52.5126516]]},"properties":{"osmId":44065817,"osmType":"way","detail":"track","electrified":"rail","electrified:rail":"bottom","frequency":"0","gauge":"1435","layer":"-1","level":"-1","loading_gauge":"Großprofil","maxspeed":"60","operator":"Berliner Verkehrsbetriebe","passenger_lines":"2","railway":"subway","tunnel":"yes","voltage":"750","workrules":"DE:BOStrab"},"id":44065817},
{"type":"Feature","geometry":{"type":"LineString","coordinates":[[13.577722,52.5126516],[13.5765949,52.512614]]},"properties":{"osmId":44065818,"osmType":"way","detail":"track","electrified":"rail","electrified:rail":"bottom","frequency":"0","gauge":"1435","layer":"-1","loading_gauge":"Großprofil","maxspeed":"60","operator":"Berliner Verkehrsbetriebe","passenger_lines":"2","railway":"subway","voltage":"750","workrules":"DE:BOStrab"},"id":44065818},
{"type":"Feature","geometry":{"type":"LineString","coordinates":[[13.5703955,52.5116534],[13.5720652,52.5121003]]},"properties":{"osmId":44065908,"osmType":"way","detail":"track","electrified":"rail","electrified:rail":"bottom","frequency":"0","gauge":"1435","loading_gauge":"Großprofil","maxspeed":"25","operator":"Berliner Verkehrsbetriebe","railway":"subway","service":"yard","voltage":"750","workrules":"DE:BOStrab"},"id":44065908},
{"type":"Feature","geometry":{"type":"LineString","coordinates":[[13.5434593,52.498897],[13.5447334,52.4992227]]},"properties":{"osmId":44068635,"osmType":"way","detail":"track","electrified":"rail","electrified:rail":"bottom","frequency":"0","gauge":"1435","loading_gauge":"Großprofil","maxspeed":"60","operator":"Berliner Verkehrsbetriebe","railway":"subway","service":"crossover","voltage":"750","workrules":"DE:BOStrab"},"id":44068635},
{"type":"Feature","geometry":{"type":"LineString","coordinates":[[13.5492805,52.5003835],[13.5517776,52.5010584]]},"properties":{"osmId":44068637,"osmType":"way","detail":"track","electrified":"rail","electrified:rail":"bottom","frequency":"0","gauge":"1435","loading_gauge":"Großprofil","operator":"Berliner Verkehrsbetriebe","railway":"subway","ref":"5","service":"yard","voltage":"750","workrules":"DE:BOStrab"},"id":44068637},
{"type":"Feature","geometry":{"type":"LineString","coordinates":[[13.5476025,52.4999311],[13.549357,52.5003087]]},"properties":{"osmId":44068638,"osmType":"way","detail":"track","electrified":"rail","electrified:rail":"bottom","frequency":"0","gauge":"1435","loading_gauge":"Großprofil","maxspeed":"60","operator":"Berliner Verkehrsbetriebe","railway":"subway","service":"crossover","voltage":"750","workrules":"DE:BOStrab"},"id":44068638},
{"type":"Feature","geometry":{"type":"LineString","coordinates":[[13.2518877,52.5174655],[13.2522293,52.5165812],[13.2526065,52.5163398]]},"properties":{"osmId":44504893,"osmType":"way","electrified":"no","gauge":"1435","loading_gauge":"Kleinprofil","operator":"Berliner Verkehrsbetriebe","railway":"subway","ref":"82","service":"yard","source":"Yahoo WMS","voltage":"750"},"id":44504893},
{"type":"Feature","geometry":{"type":"LineString","coordinates":[[13.2521635,52.5174908],[13.2525394,52.5165541],[13.2529476,52.5162408]]},"properties":{"osmId":44504896,"osmType":"way","electrified":"no","gauge":"1435","loading_gauge":"Kleinprofil","operator":"Berliner Verkehrsbetriebe","railway":"subway","ref":"81","service":"yard","source":"Yahoo WMS","voltage":"750"},"id":44504896},
{"type":"Feature","geometry":{"type":"LineString","coordinates":[[13.2515608,52.5173977],[13.2519508,52.5166058]]},"properties":{"osmId":44504899,"osmType":"way","electrified":"no","gauge":"1435","loading_gauge":"Kleinprofil","operator":"Berliner Verkehrsbetriebe","railway":"subway","ref":"84","service":"yard","source":"Yahoo WMS","voltage":"750"},"id":44504899},
{"type":"Feature","geometry":{"type":"LineString","coordinates":[[13.2517959,52.5169484],[13.2521926,52.5164791]]},"properties":{"osmId":44504900,"osmType":"way","electrified":"no","gauge":"1435","loading_gauge":"Kleinprofil","operator":"Berliner Verkehrsbetriebe","railway":"subway","ref":"83","service":"yard","source":"Yahoo WMS","voltage":"750"},"id":44504900},
{"type":"Feature","geometry":{"type":"LineString","coordinates":[[13.2514444,52.517388],[13.2516596,52.5167964],[13.2519508,52.5166058]]},"properties":{"osmId":44504909,"osmType":"way","electrified":"no","gauge":"1435","loading_gauge":"Kleinprofil","operator":"Berliner Verkehrsbetriebe","railway":"subway","ref":"85","service":"yard","source":"Yahoo WMS","voltage":"750"},"id":44504909},
{"type":"Feature","geometry":{"type":"LineString","coordinates":[[13.2787221,52.4500214],[13.2776859,52.4498909],[13.2767153,52.4498724],[13.2710369,52.4502386],[13.2695958,52.4503692],[13.2673335,52.4504875],[13.2615058,52.4508585],[13.259429,52.4508879],[13.2567974,52.4506878],[13.2551981,52.4504423]]},"properties":{"osmId":44525342,"osmType":"way","cutting":"yes","electrified":"rail","electrified:rail":"top","frequency":"0","gauge":"1435","layer":"-1","level":"-1","loading_gauge":"Kleinprofil","maxspeed":"60","name":"U3","operator":"Berliner Verkehrsbetriebe","railway":"subway","tunnel":"no","usage":"main","voltage":"750"},"id":44525342},
{"type":"Feature","geometry":{"type":"LineString","coordinates":[[13.2488899,52.5186551],[13.2482678,52.5194446]]},"properties":{"osmId":44604880,"osmType":"way","electrified":"rail","electrified:rail":"top","frequency":"0","gauge":"1435","loading_gauge":"Kleinprofil","operator":"Berliner Verkehrsbetriebe","railway":"subway","service":"siding","voltage":"750"},"id":44604880},
{"type":"Feature","geometry":{"type":"MultiLineString","coordinates":[[[13.2483025,52.5194552],[13.249153,52.5183843]],[[13.249153,52.5183843],[13.2493347,52.5181511]],[[13.2493347,52.5181511],[13.2494989,52.5179477]],[[13.2494989,52.5179477],[13.249669,52.5177193]],[[13.249669,52.5177193],[13.2498223,52.5175278]]]},"properties":{"osmId":44604881,"osmType":"way","electrified":"rail","electrified:rail":"top","frequency":"0","gauge":"1435","loading_gauge":"Kleinprofil","note":"Gleis5","operator":"Berliner Verkehrsbetriebe","railway":"subway","service":"siding","voltage":"750"},"id":44604881},
{"type":"Feature","geometry":{"type":"MultiLineString","coordinates":[[[13.2493347,52.5181511],[13.2492752,52.5182714]],[[13.2492752,52.5182714],[13.2492215,52.5183801]],[[13.2492215,52.5183801],[13.2483776,52.5194761]]]},"properties":{"osmId":44604882,"osmType":"way","electrified":"rail","electrified:rail":"top","frequency":"0","gauge":"1435","loading_gauge":"Kleinprofil","note":"Gleis7","operator":"Berliner Verkehrsbetriebe","railway":"subway","service":"siding","voltage":"750"},"id":44604882},
{"type":"Feature","geometry":{"type":"MultiLineString","coordinates":[[[13.2483429,52.5194654],[13.2492215,52.5183801]],[[13.2492215,52.5183801],[13.2493908,52.5181601]],[[13.2493908,52.5181601],[13.2497583,52.5176955]],[[13.2497583,52.5176955],[13.2499697,52.5174255]]]},"properties":{"osmId":44604883,"osmType":"way","electrified":"rail","electrified:rail":"top","frequency":"0","gauge":"1435","loading_gauge":"Kleinprofil","note":"Gleis3","operator":"Berliner Verkehrsbetriebe","railway":"subway","ref":"3","service":"siding","voltage":"750"},"id":44604883},
{"type":"Feature","geometry":{"type":"LineString","coordinates":[[13.2500299,52.5189644],[13.2504499,52.5177306]]},"properties":{"osmId":44604884,"osmType":"way","electrified":"no","gauge":"1435","loading_gauge":"Kleinprofil","operator":"Berliner Verkehrsbetriebe","railway":"subway","service":"yard","tunnel":"building_passage"},"id":44604884},
{"type":"Feature","geometry":{"type":"MultiLineString","coordinates":[[[13.2517429,52.516495],[13.2510936,52.5167715],[13.2505336,52.5171402],[13.2497576,52.5180052]],[[13.2497576,52.5180052],[13.2494857,52.5183478]],[[13.2494857,52.5183478],[13.2493521,52.5185181]],[[13.2493521,52.5185181],[13.2484934,52.5196008]],[[13.2484934,52.5196008],[13.2478986,52.5203578],[13.2473056,52.5208404]]]},"properties":{"osmId":44604887,"osmType":"way","electrified":"rail","electrified:rail":"top","frequency":"0","gauge":"1435","loading_gauge":"Kleinprofil","note":"Gleis17","operator":"Berliner Verkehrsbetriebe","railway":"subway","service":"yard","voltage":"750"},"id":44604887},
{"type":"Feature","geometry":{"type":"MultiLineString","coordinates":[[[13.2473056,52.5208404],[13.247195673525646,52.52090412829967]],[[13.247195673525646,52.52090412829967],[13.24698427791858,52.52102668187627]],[[13.24698427791858,52.52102668187627],[13.2468516,52.5211036]]]},"properties":{"osmId":44604888,"osmType":"way","electrified":"rail","electrified:rail":"top","frequency":"0","gauge":"1435","loading_gauge":"Kleinprofil","note":"Gleis43","operator":"Berliner Verkehrsbetriebe","railway":"subway","service":"yard","tunnel":"yes","voltage":"750"},"id":44604888},
{"type":"Feature","geometry":{"type":"MultiLineString","coordinates":[[[13.2490417,52.5183757],[13.2494989,52.5179477]],[[13.2494989,52.5179477],[13.2497583,52.5176955]]]},"properties":{"osmId":44641755,"osmType":"way","electrified":"rail","electrified:rail":"top","frequency":"0","gauge":"1435","loading_gauge":"Kleinprofil","operator":"Berliner Verkehrsbetriebe","railway":"subway","service":"siding","voltage":"750"},"id":44641755},
{"type":"Feature","geometry":{"type":"MultiLineString","coordinates":[[[13.2457417,52.5221968],[13.2466491,52.5212461]],[[13.2466491,52.5212461],[13.247917,52.5197321],[13.2499995,52.5170823],[13.2508804,52.5165479],[13.2524603,52.5161494]]]},"properties":{"osmId":44641757,"osmType":"way","electrified":"rail","electrified:rail":"top","frequency":"0","gauge":"1435","loading_gauge":"Kleinprofil","note":"Gleis41 Prüfgleis","operator":"Berliner Verkehrsbetriebe","railway":"subway","ref":"41","service":"yard","source":"survey","voltage":"750"},"id":44641757},
{"type":"Feature","geometry":{"type":"LineString","coordinates":[[13.2412234,52.5255866],[13.2424167,52.5253237]]},"properties":{"osmId":44641758,"osmType":"way","electrified":"rail","electrified:rail":"top","frequency":"0","gauge":"1435","layer":"1","level":"1","loading_gauge":"Kleinprofil","operator":"Berliner Verkehrsbetriebe","railway":"subway","railway:track_ref":"2","source":"survey","voltage":"750"},"id":44641758},
{"type":"Feature","geometry":{"type":"LineString","coordinates":[[13.2447581,52.5240887],[13.2450921,52.5232233],[13.2455237,52.5225222]]},"properties":{"osmId":44641759,"osmType":"way","electrified":"rail","electrified:rail":"top","frequency":"0","gauge":"1435","level":"1","loading_gauge":"Kleinprofil","operator":"Berliner Verkehrsbetriebe","railway":"subway","railway:track_ref":"2","source":"survey","voltage":"750"},"id":44641759},
{"type":"Feature","geometry":{"type":"MultiLineString","coordinates":[[[13.2496667,52.5182018],[13.2495406,52.5183589]],[[13.2495406,52.5183589],[13.2494181,52.5185088]],[[13.2494181,52.5185088],[13.2485284,52.5196415]],[[13.2485284,52.5196415],[13.2483573,52.5198596]],[[13.2483573,52.5198596],[13.2482927,52.519945]],[[13.2482927,52.519945],[13.2482302,52.5200851]],[[13.2482302,52.5200851],[13.2481812,52.520239]]]},"properties":{"osmId":44641760,"osmType":"way","electrified":"rail","electrified:rail":"top","frequency":"0","gauge":"1435","loading_gauge":"Kleinprofil","operator":"Berliner Verkehrsbetriebe","railway":"subway","service":"yard","voltage":"750"},"id":44641760},
{"type":"Feature","geometry":{"type":"MultiLineString","coordinates":[[[13.250039,52.5175913],[13.2497988,52.5177943]],[[13.2497988,52.5177943],[13.2493908,52.5181601]],[[13.2493908,52.5181601],[13.2492752,52.5182714]],[[13.2492752,52.5182714],[13.249153,52.5183843]],[[13.249153,52.5183843],[13.2488899,52.5186551]]]},"properties":{"osmId":44641762,"osmType":"way","electrified":"rail","electrified:rail":"top","frequency":"0","gauge":"1435","loading_gauge":"Kleinprofil","operator":"Berliner Verkehrsbetriebe","railway":"subway","service":"siding","voltage":"750"},"id":44641762},
{"type":"Feature","geometry":{"type":"MultiLineString","coordinates":[[[13.2497075,52.5200488],[13.2491974,52.5198015],[13.2489247,52.5195058],[13.2489791,52.5192253]],[[13.2489791,52.5192253],[13.2490406,52.519079]]]},"properties":{"osmId":44641763,"osmType":"way","electrified":"rail","electrified:rail":"top","frequency":"0","gauge":"1435","loading_gauge":"Kleinprofil","operator":"Berliner Verkehrsbetriebe","railway":"subway","service":"yard","voltage":"750"},"id":44641763},
{"type":"Feature","geometry":{"type":"MultiLineString","coordinates":[[[13.2498184,52.5199553],[13.2491513,52.51959],[13.2490883,52.5190788]],[[13.2490883,52.5190788],[13.2491536,52.518932]]]},"properties":{"osmId":44641764,"osmType":"way","electrified":"rail","electrified:rail":"top","frequency":"0","gauge":"1435","loading_gauge":"Kleinprofil","operator":"Berliner Verkehrsbetriebe","railway":"subway","service":"yard","voltage":"750"},"id":44641764},
{"type":"Feature","geometry":{"type":"LineString","coordinates":[[13.2489336,52.5192151],[13.2488477,52.5194408],[13.2489574,52.5197255],[13.2496143,52.5200796]]},"properties":{"osmId":44641770,"osmType":"way","electrified":"rail","electrified:rail":"top","frequency":"0","gauge":"1435","loading_gauge":"Kleinprofil","operator":"Berliner Verkehrsbetriebe","railway":"subway","service":"yard","voltage":"750"},"id":44641770},
{"type":"Feature","geometry":{"type":"LineString","coordinates":[[13.2468516,52.5211036],[13.2466491,52.5212461]]},"properties":{"osmId":44641771,"osmType":"way","electrified":"rail","electrified:rail":"top","frequency":"0","gauge":"1435","loading_gauge":"Kleinprofil","note":"Gleis43","operator":"Berliner Verkehrsbetriebe","railway":"subway","service":"yard","voltage":"750"},"id":44641771},
{"type":"Feature","geometry":{"type":"LineString","coordinates":[[13.2482927,52.519945],[13.2479267,52.5203954],[13.2469183,52.5212924]]},"properties":{"osmId":44641772,"osmType":"way","electrified":"rail","electrified:rail":"top","frequency":"0","gauge":"1435","loading_gauge":"Kleinprofil","operator":"Berliner Verkehrsbetriebe","railway":"subway","ref":"39","service":"yard","voltage":"750"},"id":44641772},
{"type":"Feature","geometry":{"type":"LineString","coordinates":[[13.2445561,52.5243555],[13.2447581,52.5240887]]},"properties":{"osmId":44641773,"osmType":"way","bridge":"yes","electrified":"rail","electrified:rail":"top","frequency":"0","gauge":"1435","layer":"1","level":"1","loading_gauge":"Kleinprofil","operator":"Berliner Verkehrsbetriebe","railway":"subway","railway:track_ref":"2","source":"survey","voltage":"750"},"id":44641773},
{"type":"Feature","geometry":{"type":"LineString","coordinates":[[13.2515256,52.5167301],[13.2511098,52.5175907]]},"properties":{"osmId":44641774,"osmType":"way","electrified":"no","gauge":"1435","loading_gauge":"Kleinprofil","operator":"Berliner Verkehrsbetriebe","railway":"subway","service":"yard","voltage":"750"},"id":44641774},
{"type":"Feature","geometry":{"type":"LineString","coordinates":[[13.2505983,52.517531],[13.2515256,52.5167301]]},"properties":{"osmId":44641776,"osmType":"way","electrified":"no","gauge":"1435","loading_gauge":"Kleinprofil","operator":"Berliner Verkehrsbetriebe","railway":"subway","service":"yard"},"id":44641776},
{"type":"Feature","geometry":{"type":"LineString","coordinates":[[13.2514542,52.5166322],[13.2503752,52.5173452],[13.2496667,52.5182018]]},"properties":{"osmId":44641777,"osmType":"way","electrified":"rail","electrified:rail":"top","frequency":"0","gauge":"1435","loading_gauge":"Kleinprofil","note":"Gleis18","operator":"Berliner Verkehrsbetriebe","railway":"subway","service":"yard","voltage":"750"},"id":44641777},
{"type":"Feature","geometry":{"type":"LineString","coordinates":[[13.2524714,52.5162577],[13.2518396,52.5163819]]},"properties":{"osmId":44641778,"osmType":"way","electrified":"rail","electrified:rail":"top","frequency":"0","gauge":"1435","loading_gauge":"Kleinprofil","operator":"Berliner Verkehrsbetriebe","railway":"subway","service":"siding","source":"survey","voltage":"750"},"id":44641778},
{"type":"Feature","geometry":{"type":"LineString","coordinates":[[13.2512255,52.5168662],[13.2514506,52.5166879]]},"properties":{"osmId":44641779,"osmType":"way","electrified":"no","gauge":"1435","loading_gauge":"Kleinprofil","operator":"Berliner Verkehrsbetriebe","railway":"subway","service":"yard","voltage":"750"},"id":44641779},
{"type":"Feature","geometry":{"type":"LineString","coordinates":[[13.2515256,52.5167301],[13.2518916,52.5165477]]},"properties":{"osmId":44641782,"osmType":"way","electrified":"no","gauge":"1435","loading_gauge":"Kleinprofil","operator":"Berliner Verkehrsbetriebe","railway":"subway","service":"yard","voltage":"750"},"id":44641782},
{"type":"Feature","geometry":{"type":"LineString","coordinates":[[13.2501464,52.5179293],[13.2498543,52.5184931]]},"properties":{"osmId":44641784,"osmType":"way","electrified":"no","gauge":"1435","loading_gauge":"Kleinprofil","note":"Gleis46","operator":"Berliner Verkehrsbetriebe","railway":"subway","service":"yard","voltage":"750"},"id":44641784},
{"type":"Feature","geometry":{"type":"LineString","coordinates":[[13.2495442,52.5188346],[13.2497374,52.5184677]]},"properties":{"osmId":44641785,"osmType":"way","electrified":"no","gauge":"1435","loading_gauge":"Kleinprofil","note":"Gleis44","operator":"Berliner Verkehrsbetriebe","railway":"subway","service":"yard","tunnel":"building_passage","voltage":"750"},"id":44641785},
{"type":"Feature","geometry":{"type":"LineString","coordinates":[[13.2497044,52.5188716],[13.2498987,52.5185024]]},"properties":{"osmId":44641786,"osmType":"way","electrified":"no","gauge":"1435","loading_gauge":"Kleinprofil","note":"Gleis47","operator":"Berliner Verkehrsbetriebe","railway":"subway","service":"yard","tunnel":"building_passage","voltage":"750"},"id":44641786},
{"type":"Feature","geometry":{"type":"LineString","coordinates":[[13.2502848,52.517743],[13.2501714,52.5180587]]},"properties":{"osmId":44641787,"osmType":"way","electrified":"no","gauge":"1435","loading_gauge":"Kleinprofil","operator":"Berliner Verkehrsbetriebe","railway":"subway","service":"yard","voltage":"750"},"id":44641787},
{"type":"Feature","geometry":{"type":"MultiLineString","coordinates":[[[13.2499697,52.5174255],[13.2497988,52.5177943]],[[13.2497988,52.5177943],[13.2496932,52.5179932]]]},"properties":{"osmId":44641788,"osmType":"way","electrified":"rail","electrified:rail":"top","frequency":"0","gauge":"1435","loading_gauge":"Kleinprofil","operator":"Berliner Verkehrsbetriebe","railway":"subway","service":"crossover","voltage":"750"},"id":44641788},
{"type":"Feature","geometry":{"type":"LineString","coordinates":[[13.2501714,52.5180587],[13.2498166,52.5190559]]},"properties":{"osmId":44641790,"osmType":"way","electrified":"no","gauge":"1435","loading_gauge":"Kleinprofil","note":"Gleis48","operator":"Berliner Verkehrsbetriebe","railway":"subway","service":"yard","voltage":"750"},"id":44641790},
{"type":"Feature","geometry":{"type":"LineString","coordinates":[[13.2498141,52.51942],[13.2501632,52.5195422]]},"properties":{"osmId":44641794,"osmType":"way","electrified":"rail","electrified:rail":"top","frequency":"0","gauge":"1435","loading_gauge":"Kleinprofil","operator":"Berliner Verkehrsbetriebe","railway":"subway","service":"yard","voltage":"750"},"id":44641794},
{"type":"Feature","geometry":{"type":"LineString","coordinates":[[13.2497622,52.519442],[13.2500954,52.5195967]]},"properties":{"osmId":44641795,"osmType":"way","electrified":"rail","electrified:rail":"top","frequency":"0","gauge":"1435","loading_gauge":"Kleinprofil","operator":"Berliner Verkehrsbetriebe","railway":"subway","service":"yard","voltage":"750"},"id":44641795},
{"type":"Feature","geometry":{"type":"LineString","coordinates":[[13.249692,52.5195477],[13.2499865,52.5196844]]},"properties":{"osmId":44641796,"osmType":"way","electrified":"rail","electrified:rail":"top","frequency":"0","gauge":"1435","loading_gauge":"Kleinprofil","operator":"Berliner Verkehrsbetriebe","railway":"subway","service":"yard","voltage":"750"},"id":44641796},
{"type":"Feature","geometry":{"type":"LineString","coordinates":[[13.2496569,52.5195763],[13.2499521,52.5197121]]},"properties":{"osmId":44641797,"osmType":"way","electrified":"rail","electrified:rail":"top","frequency":"0","gauge":"1435","loading_gauge":"Kleinprofil","operator":"Berliner Verkehrsbetriebe","railway":"subway","service":"yard","voltage":"750"},"id":44641797},
{"type":"Feature","geometry":{"type":"LineString","coordinates":[[13.6280748,52.5389475],[13.6302301,52.5387199]]},"properties":{"osmId":45272769,"osmType":"way","electrified":"rail","gauge":"1435","loading_gauge":"Großprofil","operator":"Berliner Verkehrsbetriebe","railway":"subway","service":"yard","subway":"yes"},"id":45272769},
{"type":"Feature","geometry":{"type":"LineString","coordinates":[[13.629892,52.5387042],[13.6322459,52.5382878]]},"properties":{"osmId":45272773,"osmType":"way","electrified":"rail","gauge":"1435","loading_gauge":"Großprofil","operator":"Berliner Verkehrsbetriebe","railway":"subway","service":"yard","subway":"yes"},"id":45272773},
{"type":"Feature","geometry":{"type":"LineString","coordinates":[[13.6292626,52.5387714],[13.6322219,52.5382543]]},"properties":{"osmId":45272774,"osmType":"way","electrified":"rail","gauge":"1435","loading_gauge":"Großprofil","operator":"Berliner Verkehrsbetriebe","railway":"subway","service":"yard","subway":"yes"},"id":45272774},
{"type":"Feature","geometry":{"type":"LineString","coordinates":[[13.6293215,52.53873],[13.6322017,52.5382184]]},"properties":{"osmId":45272775,"osmType":"way","electrified":"rail","gauge":"1435","loading_gauge":"Großprofil","operator":"Berliner Verkehrsbetriebe","railway":"subway","service":"yard","subway":"yes"},"id":45272775},
{"type":"Feature","geometry":{"type":"LineString","coordinates":[[13.6302589,52.5384919],[13.6326215,52.5380687]]},"properties":{"osmId":45272776,"osmType":"way","electrified":"rail","gauge":"1435","loading_gauge":"Großprofil","operator":"Berliner Verkehrsbetriebe","railway":"subway","service":"yard","subway":"yes"},"id":45272776},
{"type":"Feature","geometry":{"type":"LineString","coordinates":[[13.6297909,52.5386109],[13.6321881,52.5381845]]},"properties":{"osmId":45272777,"osmType":"way","electrified":"rail","gauge":"1435","loading_gauge":"Großprofil","operator":"Berliner Verkehrsbetriebe","railway":"subway","service":"yard","subway":"yes"},"id":45272777},
{"type":"Feature","geometry":{"type":"MultiLineString","coordinates":[[[13.6287304,52.5388353],[13.6293215,52.53873]],[[13.6293215,52.53873],[13.6297909,52.5386109]],[[13.6297909,52.5386109],[13.6302589,52.5384919]],[[13.6302589,52.5384919],[13.6326064,52.5380372]]]},"properties":{"osmId":45272778,"osmType":"way","electrified":"rail","gauge":"1435","loading_gauge":"Großprofil","operator":"Berliner Verkehrsbetriebe","railway":"subway","service":"yard","subway":"yes"},"id":45272778},
{"type":"Feature","geometry":{"type":"LineString","coordinates":[[13.6210182,52.5391295],[13.6225535,52.5392409],[13.624707,52.5392473]]},"properties":{"osmId":45277205,"osmType":"way","electrified":"rail","gauge":"1435","loading_gauge":"Großprofil","operator":"Berliner Verkehrsbetriebe","railway":"subway","service":"siding"},"id":45277205},
{"type":"Feature","geometry":{"type":"LineString","coordinates":[[13.6293808,52.5390761],[13.630958,52.5387893]]},"properties":{"osmId":45277207,"osmType":"way","electrified":"rail","gauge":"1435","loading_gauge":"Großprofil","operator":"Berliner Verkehrsbetriebe","railway":"subway","service":"siding","subway":"yes"},"id":45277207},
{"type":"Feature","geometry":{"type":"LineString","coordinates":[[13.6263333,52.5392191],[13.6267686,52.5391421]]},"properties":{"osmId":45277208,"osmType":"way","electrified":"rail","gauge":"1435","loading_gauge":"Großprofil","operator":"Berliner Verkehrsbetriebe","railway":"subway","service":"yard","subway":"yes"},"id":45277208},
{"type":"Feature","geometry":{"type":"LineString","coordinates":[[13.6282112,52.5387702],[13.6306006,52.5383334]]},"properties":{"osmId":45277209,"osmType":"way","electrified":"rail","gauge":"1435","loading_gauge":"Großprofil","operator":"Berliner Verkehrsbetriebe","railway":"subway","service":"yard","subway":"yes"},"id":45277209},
{"type":"Feature","geometry":{"type":"LineString","coordinates":[[13.6277447,52.5388905],[13.6301406,52.5384528]]},"properties":{"osmId":45277210,"osmType":"way","electrified":"rail","gauge":"1435","loading_gauge":"Großprofil","operator":"Berliner Verkehrsbetriebe","railway":"subway","service":"yard","subway":"yes"},"id":45277210},
{"type":"Feature","geometry":{"type":"LineString","coordinates":[[13.6267686,52.5391421],[13.6272571,52.5390187]]},"properties":{"osmId":45277211,"osmType":"way","electrified":"rail","gauge":"1435","loading_gauge":"Großprofil","operator":"Berliner Verkehrsbetriebe","railway":"subway","service":"yard","subway":"yes"},"id":45277211},
{"type":"Feature","geometry":{"type":"LineString","coordinates":[[13.6272571,52.5390187],[13.6298665,52.538541]]},"properties":{"osmId":45277212,"osmType":"way","electrified":"rail","gauge":"1435","loading_gauge":"Großprofil","operator":"Berliner Verkehrsbetriebe","railway":"subway","service":"yard","subway":"yes"},"id":45277212},
{"type":"Feature","geometry":{"type":"MultiLineString","coordinates":[[[13.6258959,52.539258],[13.6267518,52.5392351]],[[13.6267518,52.5392351],[13.6285373,52.5391341]],[[13.6285373,52.5391341],[13.6290232,52.5390766]]]},"properties":{"osmId":45277213,"osmType":"way","electrified":"rail","gauge":"1435","loading_gauge":"Großprofil","operator":"Berliner Verkehrsbetriebe","railway":"subway","service":"yard","subway":"yes"},"id":45277213},
{"type":"Feature","geometry":{"type":"LineString","coordinates":[[13.6285373,52.5391341],[13.6291244,52.5391058]]},"properties":{"osmId":45277215,"osmType":"way","electrified":"rail","gauge":"1435","loading_gauge":"Großprofil","operator":"Berliner Verkehrsbetriebe","railway":"subway","service":"yard","subway":"yes"},"id":45277215},
{"type":"Feature","geometry":{"type":"MultiLineString","coordinates":[[[13.6246448,52.5393588],[13.627828,52.5392341],[13.6291244,52.5391058]],[[13.6291244,52.5391058],[13.6293808,52.5390761]],[[13.6293808,52.5390761],[13.6302529,52.5389706]]]},"properties":{"osmId":45277216,"osmType":"way","electrified":"rail","gauge":"1435","loading_gauge":"Großprofil","operator":"Berliner Verkehrsbetriebe","railway":"subway","service":"crossover"},"id":45277216},
{"type":"Feature","geometry":{"type":"LineString","coordinates":[[13.626796,52.5391699],[13.6304582,52.5388489]]},"properties":{"osmId":45277217,"osmType":"way","electrified":"rail","gauge":"1435","loading_gauge":"Großprofil","operator":"Berliner Verkehrsbetriebe","railway":"subway","service":"yard","subway":"yes"},"id":45277217},
{"type":"Feature","geometry":{"type":"LineString","coordinates":[[13.6267518,52.5392351],[13.6296029,52.5389732],[13.6304582,52.5388489]]},"properties":{"osmId":45277218,"osmType":"way","electrified":"rail","gauge":"1435","loading_gauge":"Großprofil","operator":"Berliner Verkehrsbetriebe","railway":"subway","service":"yard","subway":"yes"},"id":45277218},
{"type":"Feature","geometry":{"type":"LineString","coordinates":[[13.6202237,52.5391468],[13.6209964,52.5391898]]},"properties":{"osmId":45277563,"osmType":"way","electrified":"rail","gauge":"1435","loading_gauge":"Großprofil","operator":"Berliner Verkehrsbetriebe","railway":"subway","service":"crossover"},"id":45277563},
{"type":"Feature","geometry":{"type":"LineString","coordinates":[[13.6203091,52.5392479],[13.6208488,52.5393141]]},"properties":{"osmId":45277564,"osmType":"way","electrified":"rail","gauge":"1435","loading_gauge":"Großprofil","operator":"Berliner Verkehrsbetriebe","railway":"subway","service":"siding"},"id":45277564},
{"type":"Feature","geometry":{"type":"LineString","coordinates":[[13.6209964,52.5391898],[13.6204398,52.5391257]]},"properties":{"osmId":45277565,"osmType":"way","electrified":"rail","gauge":"1435","loading_gauge":"Großprofil","operator":"Berliner Verkehrsbetriebe","railway":"subway","service":"siding"},"id":45277565},
{"type":"Feature","geometry":{"type":"LineString","coordinates":[[13.6250374,52.5392405],[13.6257453,52.5392611]]},"properties":{"osmId":45277567,"osmType":"way","electrified":"rail","gauge":"1435","loading_gauge":"Großprofil","operator":"Berliner Verkehrsbetriebe","railway":"subway","service":"crossover"},"id":45277567},
{"type":"Feature","geometry":{"type":"LineString","coordinates":[[13.623784,52.5393288],[13.6246393,52.5393166]]},"properties":{"osmId":45277568,"osmType":"way","electrified":"rail","gauge":"1435","loading_gauge":"Großprofil","operator":"Berliner Verkehrsbetriebe","railway":"subway","service":"siding"},"id":45277568},
{"type":"Feature","geometry":{"type":"LineString","coordinates":[[13.630798,52.538872],[13.6319811,52.5387284]]},"properties":{"osmId":45277569,"osmType":"way","electrified":"rail","gauge":"1435","loading_gauge":"Großprofil","operator":"Berliner Verkehrsbetriebe","railway":"subway","service":"crossover","subway":"yes"},"id":45277569},
{"type":"Feature","geometry":{"type":"MultiLineString","coordinates":[[[13.6312642,52.5387349],[13.6316157,52.5386805]],[[13.6316157,52.5386805],[13.6318926,52.5386341]]]},"properties":{"osmId":45277570,"osmType":"way","electrified":"rail","gauge":"1435","loading_gauge":"Großprofil","operator":"Berliner Verkehrsbetriebe","railway":"subway","service":"crossover","subway":"yes"},"id":45277570},
{"type":"Feature","geometry":{"type":"MultiLineString","coordinates":[[[13.6313447,52.5387571],[13.6316157,52.5386805]],[[13.6316157,52.5386805],[13.6319229,52.5385898]]]},"properties":{"osmId":45277571,"osmType":"way","electrified":"rail","gauge":"1435","loading_gauge":"Großprofil","operator":"Berliner Verkehrsbetriebe","railway":"subway","service":"crossover","subway":"yes"},"id":45277571},
{"type":"Feature","geometry":{"type":"LineString","coordinates":[[13.6202099,52.5392772],[13.6208488,52.5393141]]},"properties":{"osmId":45277728,"osmType":"way","electrified":"rail","gauge":"1435","loading_gauge":"Großprofil","operator":"Berliner Verkehrsbetriebe","railway":"subway","service":"crossover"},"id":45277728},
{"type":"Feature","geometry":{"type":"LineString","coordinates":[[13.3509275,52.5529989],[13.3506263,52.5534274],[13.3501358,52.5537139]]},"properties":{"osmId":47123658,"osmType":"way","electrified":"rail","gauge":"1435","layer":"1","loading_gauge":"Großprofil","name":"12","operator":"Berliner Verkehrsbetriebe","railway":"subway","service":"yard"},"id":47123658},
{"type":"Feature","geometry":{"type":"LineString","coordinates":[[13.3507634,52.5534789],[13.3504374,52.5537839]]},"properties":{"osmId":47123660,"osmType":"way","electrified":"rail","frequency":"0","gauge":"1435","loading_gauge":"Großprofil","name":"18","operator":"Berliner Verkehrsbetriebe","railway":"subway","service":"yard","voltage":"750"},"id":47123660},
{"type":"Feature","geometry":{"type":"LineString","coordinates":[[13.3508014,52.5534834],[13.3505252,52.553836],[13.3494902,52.5544448]]},"properties":{"osmId":47123661,"osmType":"way","electrified":"rail","frequency":"0","gauge":"1435","loading_gauge":"Großprofil","name":"20","operator":"Berliner Verkehrsbetriebe","railway":"subway","service":"yard","voltage":"750"},"id":47123661},
{"type":"Feature","geometry":{"type":"MultiLineString","coordinates":[[[13.3711584,52.5542403],[13.371362,52.5545861]],[[13.371362,52.5545861],[13.3725705,52.5563328],[13.372688641030116,52.55660223133661]],[[13.372688641030116,52.55660223133661],[13.3727601,52.5567652],[13.3727677,52.5570229],[13.3725929,52.5574099],[13.3721222,52.5578624]],[[13.3721222,52.5578624],[13.3717747,52.5581277]],[[13.3717747,52.5581277],[13.3703124,52.5592483]]]},"properties":{"osmId":48015278,"osmType":"way","electrified":"rail","frequency":"0","gauge":"1435","layer":"-3","loading_gauge":"Großprofil","operator":"Berliner Verkehrsbetriebe","railway":"subway","service":"siding","tunnel":"yes","voltage":"750"},"id":48015278},
{"type":"Feature","geometry":{"type":"LineString","coordinates":[[13.2429403,52.4443813],[13.2432483,52.4445183]]},"properties":{"osmId":48588667,"osmType":"way","electrified":"rail","electrified:rail":"top","frequency":"0","gauge":"1435","layer":"-1","level":"-1","loading_gauge":"Kleinprofil","operator":"Berliner Verkehrsbetriebe","railway":"subway","service":"yard","tunnel":"no","usage":"branch","voltage":"750"},"id":48588667},
{"type":"Feature","geometry":{"type":"LineString","coordinates":[[13.2965526,52.4643416],[13.2982353,52.4649531],[13.2994165,52.4651814],[13.305612,52.4657182],[13.306746,52.4659718],[13.3076465,52.4663452]]},"properties":{"osmId":48591696,"osmType":"way","electrified":"rail","electrified:rail":"top","frequency":"0","gauge":"1435","layer":"-1","level":"-1","loading_gauge":"Kleinprofil","maxspeed":"60","name":"U3","operator":"Berliner Verkehrsbetriebe","railway":"subway","tunnel":"yes","usage":"main","voltage":"750"},"id":48591696},
{"type":"Feature","geometry":{"type":"LineString","coordinates":[[13.2481902,52.5204606],[13.2486646,52.5209009]]},"properties":{"osmId":54063554,"osmType":"way","electrified":"rail","electrified:rail":"top","frequency":"0","gauge":"1435","loading_gauge":"Kleinprofil","operator":"Berliner Verkehrsbetriebe","railway":"subway","ref":"412","service":"yard","voltage":"750"},"id":54063554},
{"type":"Feature","geometry":{"type":"LineString","coordinates":[[13.2481902,52.5204606],[13.2487292,52.5208555]]},"properties":{"osmId":54063557,"osmType":"way","electrified":"rail","electrified:rail":"top","frequency":"0","gauge":"1435","loading_gauge":"Kleinprofil","operator":"Berliner Verkehrsbetriebe","railway":"subway","ref":"410","service":"yard","voltage":"750"},"id":54063557},
{"type":"Feature","geometry":{"type":"LineString","coordinates":[[13.2484375,52.5206275],[13.2487914,52.5208031]]},"properties":{"osmId":54063562,"osmType":"way","electrified":"rail","electrified:rail":"top","frequency":"0","gauge":"1435","loading_gauge":"Kleinprofil","operator":"Berliner Verkehrsbetriebe","railway":"subway","ref":"408","service":"yard","voltage":"750"},"id":54063562},
{"type":"Feature","geometry":{"type":"LineString","coordinates":[[13.2483573,52.5198596],[13.2484934,52.5196008]]},"properties":{"osmId":54063564,"osmType":"way","electrified":"rail","electrified:rail":"top","frequency":"0","gauge":"1435","loading_gauge":"Kleinprofil","operator":"Berliner Verkehrsbetriebe","railway":"subway","service":"yard","voltage":"750"},"id":54063564},
{"type":"Feature","geometry":{"type":"LineString","coordinates":[[13.2425044,52.4441708],[13.2429403,52.4443813]]},"properties":{"osmId":60360600,"osmType":"way","electrified":"rail","electrified:rail":"top","frequency":"0","gauge":"1435","layer":"-1","level":"-1","loading_gauge":"Kleinprofil","maxspeed":"30","name":"U3","operator":"Berliner Verkehrsbetriebe","railway":"subway","ref":"U3","service":"crossover","tunnel":"no","usage":"main","voltage":"750"},"id":60360600},
{"type":"Feature","geometry":{"type":"LineString","coordinates":[[13.2432483,52.4445183],[13.2451802,52.445699]]},"properties":{"osmId":60360602,"osmType":"way","electrified":"rail","electrified:rail":"top","frequency":"0","gauge":"1435","layer":"-1","level":"-1","loading_gauge":"Kleinprofil","operator":"Berliner Verkehrsbetriebe","railway":"subway","service":"yard","tunnel":"no","usage":"branch","voltage":"750"},"id":60360602},
{"type":"Feature","geometry":{"type":"LineString","coordinates":[[13.2410946,52.4431046],[13.2421519,52.4438539],[13.2432483,52.4445183]]},"properties":{"osmId":60360605,"osmType":"way","electrified":"rail","electrified:rail":"top","frequency":"0","gauge":"1435","layer":"-1","level":"-1","loading_gauge":"Kleinprofil","operator":"Berliner Verkehrsbetriebe","railway":"subway","service":"yard","tunnel":"no","usage":"branch","voltage":"750"},"id":60360605},
{"type":"Feature","geometry":{"type":"LineString","coordinates":[[13.2431672,52.4445163],[13.2437709,52.444927]]},"properties":{"osmId":60360606,"osmType":"way","electrified":"rail","electrified:rail":"top","frequency":"0","gauge":"1435","layer":"-1","level":"-1","loading_gauge":"Kleinprofil","maxspeed":"30","name":"U3","operator":"Berliner Verkehrsbetriebe","railway":"subway","ref":"U3","service":"crossover","tunnel":"no","usage":"main","voltage":"750"},"id":60360606},
{"type":"Feature","geometry":{"type":"LineString","coordinates":[[13.3510073,52.5531709],[13.3510904,52.5529589]]},"properties":{"osmId":60603050,"osmType":"way","electrified":"rail","frequency":"0","gauge":"1435","layer":"-1","loading_gauge":"Großprofil","operator":"Berliner Verkehrsbetriebe","railway":"subway","service":"yard","voltage":"750"},"id":60603050},
{"type":"Feature","geometry":{"type":"MultiLineString","coordinates":[[[13.3514008,52.5527876],[13.3510987,52.5524046]],[[13.3510987,52.5524046],[13.3509216,52.5522761]]]},"properties":{"osmId":60603052,"osmType":"way","electrified":"rail","frequency":"0","gauge":"1435","layer":"-1","loading_gauge":"Großprofil","name":"4","operator":"Berliner Verkehrsbetriebe","railway":"subway","service":"yard","tunnel":"yes","voltage":"750"},"id":60603052},
{"type":"Feature","geometry":{"type":"MultiLineString","coordinates":[[[13.3497058,52.5545893],[13.3507571,52.5539601],[13.3509254,52.5536989]],[[13.3509254,52.5536989],[13.3509578,52.5535183]],[[13.3509578,52.5535183],[13.3509818,52.5533539]]]},"properties":{"osmId":60603054,"osmType":"way","electrified":"rail","frequency":"0","gauge":"1435","loading_gauge":"Großprofil","name":"25","operator":"Berliner Verkehrsbetriebe","railway":"subway","service":"yard","voltage":"750"},"id":60603054},
{"type":"Feature","geometry":{"type":"LineString","coordinates":[[13.3511745,52.5537032],[13.3512082,52.5539331]]},"properties":{"osmId":60603056,"osmType":"way","electrified":"rail","frequency":"0","gauge":"1435","loading_gauge":"Großprofil","operator":"Berliner Verkehrsbetriebe","railway":"subway","service":"yard","voltage":"750"},"id":60603056},
{"type":"Feature","geometry":{"type":"LineString","coordinates":[[13.3511561,52.5525346],[13.3510987,52.5524046]]},"properties":{"osmId":60603058,"osmType":"way","electrified":"rail","frequency":"0","gauge":"1435","loading_gauge":"Großprofil","operator":"Berliner Verkehrsbetriebe","railway":"subway","service":"yard","tunnel":"yes","voltage":"750"},"id":60603058},
{"type":"Feature","geometry":{"type":"LineString","coordinates":[[13.3499241,52.5547357],[13.3509363,52.5541907],[13.3511318,52.5539144],[13.3510009,52.5534871]]},"properties":{"osmId":60603059,"osmType":"way","electrified":"rail","frequency":"0","gauge":"1435","loading_gauge":"Großprofil","name":"30","operator":"Berliner Verkehrsbetriebe","railway":"subway","service":"yard","voltage":"750"},"id":60603059},
{"type":"Feature","geometry":{"type":"LineString","coordinates":[[13.3514008,52.5527876],[13.3510234,52.5522196]]},"properties":{"osmId":60603060,"osmType":"way","electrified":"rail","frequency":"0","gauge":"1435","layer":"-1","loading_gauge":"Großprofil","name":"6","operator":"Berliner Verkehrsbetriebe","railway":"subway","service":"yard","tunnel":"yes","voltage":"750"},"id":60603060},
{"type":"Feature","geometry":{"type":"LineString","coordinates":[[13.3509275,52.5529989],[13.3509784,52.5528902]]},"properties":{"osmId":60603062,"osmType":"way","electrified":"rail","gauge":"1435","layer":"-1","loading_gauge":"Großprofil","name":"7","operator":"Berliner Verkehrsbetriebe","railway":"subway","service":"yard"},"id":60603062},
{"type":"Feature","geometry":{"type":"LineString","coordinates":[[13.3509563,52.5542383],[13.3512082,52.5539331]]},"properties":{"osmId":60603063,"osmType":"way","electrified":"rail","frequency":"0","gauge":"1435","loading_gauge":"Großprofil","name":"31","operator":"Berliner Verkehrsbetriebe","railway":"subway","service":"yard","voltage":"750"},"id":60603063},
{"type":"Feature","geometry":{"type":"LineString","coordinates":[[13.3509588,52.553686],[13.3509358,52.5538482],[13.3507452,52.5540816],[13.3497882,52.5546446]]},"properties":{"osmId":60603064,"osmType":"way","electrified":"rail","frequency":"0","gauge":"1435","loading_gauge":"Großprofil","name":"27","operator":"Berliner Verkehrsbetriebe","railway":"subway","service":"yard","voltage":"750"},"id":60603064},
{"type":"Feature","geometry":{"type":"MultiLineString","coordinates":[[[13.3498784,52.554705],[13.35085,52.5541542],[13.3510645,52.553816],[13.3510009,52.5534871]],[[13.3510009,52.5534871],[13.3509818,52.5533539]],[[13.3509818,52.5533539],[13.3509869,52.5532233]]]},"properties":{"osmId":60603066,"osmType":"way","electrified":"rail","frequency":"0","gauge":"1435","loading_gauge":"Großprofil","name":"29","operator":"Berliner Verkehrsbetriebe","railway":"subway","service":"yard","voltage":"750"},"id":60603066},
{"type":"Feature","geometry":{"type":"LineString","coordinates":[[13.3512082,52.5539331],[13.351347,52.553175]]},"properties":{"osmId":60603068,"osmType":"way","electrified":"rail","frequency":"0","gauge":"1435","layer":"-1","loading_gauge":"Großprofil","name":"Prüfgleis","operator":"Berliner Verkehrsbetriebe","railway":"subway","service":"yard","voltage":"750"},"id":60603068},
{"type":"Feature","geometry":{"type":"MultiLineString","coordinates":[[[13.3510073,52.5531709],[13.3510158,52.5530724]],[[13.3510158,52.5530724],[13.3510352,52.5529097]]]},"properties":{"osmId":60603070,"osmType":"way","electrified":"rail","frequency":"0","gauge":"1435","layer":"0","loading_gauge":"Großprofil","operator":"Berliner Verkehrsbetriebe","railway":"subway","service":"yard","voltage":"750"},"id":60603070},
{"type":"Feature","geometry":{"type":"MultiLineString","coordinates":[[[13.3509396,52.5531883],[13.3510158,52.5530724]],[[13.3510158,52.5530724],[13.3510904,52.5529589]]]},"properties":{"osmId":60603071,"osmType":"way","electrified":"rail","frequency":"0","gauge":"1435","loading_gauge":"Großprofil","operator":"Berliner Verkehrsbetriebe","railway":"subway","service":"yard","voltage":"750"},"id":60603071},
{"type":"Feature","geometry":{"type":"MultiLineString","coordinates":[[[13.3510352,52.5529097],[13.3509848,52.5526667]],[[13.3509848,52.5526667],[13.3506441,52.5524258]]]},"properties":{"osmId":60603072,"osmType":"way","electrified":"rail","frequency":"0","gauge":"1435","layer":"-1","loading_gauge":"Großprofil","name":"3","operator":"Berliner Verkehrsbetriebe","railway":"subway","service":"yard","tunnel":"yes","voltage":"750"},"id":60603072},
{"type":"Feature","geometry":{"type":"LineString","coordinates":[[13.3509811,52.5528351],[13.3509848,52.5526667]]},"properties":{"osmId":60603073,"osmType":"way","electrified":"rail","frequency":"0","gauge":"1435","layer":"-1","loading_gauge":"Großprofil","operator":"Berliner Verkehrsbetriebe","railway":"subway","service":"yard","voltage":"750"},"id":60603073},
{"type":"Feature","geometry":{"type":"LineString","coordinates":[[13.3497458,52.5546162],[13.3508156,52.5539724],[13.3509254,52.5536989]]},"properties":{"osmId":60603075,"osmType":"way","electrified":"rail","frequency":"0","gauge":"1435","loading_gauge":"Großprofil","name":"26","operator":"Berliner Verkehrsbetriebe","railway":"subway","service":"yard","voltage":"750"},"id":60603075},
{"type":"Feature","geometry":{"type":"LineString","coordinates":[[13.3509588,52.553686],[13.3509578,52.5535183]]},"properties":{"osmId":60603079,"osmType":"way","electrified":"rail","frequency":"0","gauge":"1435","loading_gauge":"Großprofil","operator":"Berliner Verkehrsbetriebe","railway":"subway","service":"yard","voltage":"750"},"id":60603079},
{"type":"Feature","geometry":{"type":"MultiLineString","coordinates":[[[13.3511059,52.5528998],[13.3510216,52.5525555],[13.3502833,52.5518786],[13.3501861,52.551621],[13.3502307,52.5514862],[13.350267984236696,52.55143375986788]],[[13.350267984236696,52.55143375986788],[13.3503323,52.5513433],[13.3504135,52.5512751],[13.3513651,52.5507296]],[[13.3513651,52.5507296],[13.3523363,52.5502274]]]},"properties":{"osmId":60603081,"osmType":"way","electrified":"rail","electrified:rail":"bottom","frequency":"0","gauge":"1435","layer":"-1","loading_gauge":"Großprofil","name":"3","operator":"Berliner Verkehrsbetriebe","railway":"subway","service":"yard","tunnel":"yes","voltage":"750"},"id":60603081},
{"type":"Feature","geometry":{"type":"MultiLineString","coordinates":[[[13.3510352,52.5529097],[13.3509396,52.5531883]],[[13.3509396,52.5531883],[13.3508803,52.5533377]]]},"properties":{"osmId":60603082,"osmType":"way","electrified":"rail","frequency":"0","gauge":"1435","loading_gauge":"Großprofil","operator":"Berliner Verkehrsbetriebe","railway":"subway","service":"yard","voltage":"750"},"id":60603082},
{"type":"Feature","geometry":{"type":"MultiLineString","coordinates":[[[13.3508451,52.5535632],[13.3509391,52.5533462]],[[13.3509391,52.5533462],[13.3509869,52.5532233]],[[13.3509869,52.5532233],[13.3510073,52.5531709]]]},"properties":{"osmId":60603083,"osmType":"way","electrified":"rail","frequency":"0","gauge":"1435","loading_gauge":"Großprofil","operator":"Berliner Verkehrsbetriebe","railway":"subway","service":"yard","voltage":"750"},"id":60603083},
{"type":"Feature","geometry":{"type":"MultiLineString","coordinates":[[[13.4495139,52.5053646],[13.4485334,52.5042665]],[[13.4485334,52.5042665],[13.4482627,52.5039897]],[[13.4482627,52.5039897],[13.448014,52.5037578]]]},"properties":{"osmId":67026053,"osmType":"way","bridge":"yes","electrified":"rail","electrified:rail":"top","frequency":"0","gauge":"1435","layer":"1","level":"1","loading_gauge":"Kleinprofil","operator":"Berliner Verkehrsbetriebe","railway":"subway","railway:track_ref":"3","service":"siding","voltage":"750"},"id":67026053},
{"type":"Feature","geometry":{"type":"LineString","coordinates":[[13.3803754,52.5166316],[13.3781057,52.5167511],[13.3767627,52.5170115],[13.3760836,52.5172274],[13.3750893,52.5176976],[13.374521,52.5180786],[13.3737192,52.5189234],[13.3732924,52.5197345]]},"properties":{"osmId":70268945,"osmType":"way","electrified":"rail","electrified:rail":"bottom","frequency":"0","gauge":"1435","layer":"-3","level":"-3","loading_gauge":"Großprofil","maxspeed":"70","maxspeed:note":"Kein Limit - Maximalgeschwindigkeit der eingesetzten Fahrzeuge","operator":"Berliner Verkehrsbetriebe","passenger_lines":"1","railway":"subway","ref":"C","start_date":"2009-08-09","tunnel":"yes","tunnel:construction_method":"shield_tunneling","voltage":"750","workrules":"DE:BOStrab"},"id":70268945},
{"type":"Feature","geometry":{"type":"LineString","coordinates":[[13.3702857,52.5252589],[13.3699422,52.5257348]]},"properties":{"osmId":70270903,"osmType":"way","electrified":"rail","electrified:rail":"bottom","frequency":"0","gauge":"1435","layer":"-2","level":"-2","loading_gauge":"Großprofil","maxspeed":"70","maxspeed:note":"Kein Limit - Maximalgeschwindigkeit der eingesetzten Fahrzeuge","operator":"Berliner Verkehrsbetriebe","railway":"subway","start_date":"2009-08-09","tunnel":"yes","voltage":"750","workrules":"DE:BOStrab"},"id":70270903},
{"type":"Feature","geometry":{"type":"MultiLineString","coordinates":[[[13.3957057,52.517587],[13.3947466,52.5175389],[13.3917372,52.5172361],[13.389952,52.5170925],[13.388830687284905,52.51702378638606]],[[13.388830687284905,52.51702378638606],[13.388778674055912,52.5170205990353]],[[13.388778674055912,52.5170205990353],[13.3886563,52.5170131],[13.3880872,52.5169792],[13.3872391,52.5169243],[13.3833361,52.516813]]]},"properties":{"osmId":71326270,"osmType":"way","check_date":"2020-08-24","electrified":"rail","frequency":"0","gauge":"1435","layer":"-4","level":"-2","loading_gauge":"Großprofil","maxspeed":"70","opening_date":"2020-12-04","operator":"Berliner Verkehrsbetriebe","railway":"subway","ref":"C","tunnel":"yes","voltage":"750"},"id":71326270},
{"type":"Feature","geometry":{"type":"LineString","coordinates":[[13.2487255,52.5194791],[13.2486312,52.519895],[13.248814,52.520144],[13.249327,52.5204025]]},"properties":{"osmId":75039818,"osmType":"way","electrified":"rail","electrified:rail":"top","frequency":"0","gauge":"1435","loading_gauge":"Kleinprofil","operator":"Berliner Verkehrsbetriebe","railway":"subway","ref":"307","service":"yard","voltage":"750"},"id":75039818},
{"type":"Feature","geometry":{"type":"LineString","coordinates":[[13.2481177,52.5204478],[13.2481445,52.5207108],[13.2485409,52.5210256]]},"properties":{"osmId":75039821,"osmType":"way","electrified":"rail","electrified:rail":"top","frequency":"0","gauge":"1435","loading_gauge":"Kleinprofil","operator":"Berliner Verkehrsbetriebe","railway":"subway","ref":"416","service":"yard","voltage":"750"},"id":75039821},
{"type":"Feature","geometry":{"type":"LineString","coordinates":[[13.2488209,52.5193529],[13.2486779,52.5196915],[13.2488799,52.5201079],[13.2493854,52.5203558]]},"properties":{"osmId":75039822,"osmType":"way","electrified":"rail","electrified:rail":"top","frequency":"0","gauge":"1435","loading_gauge":"Kleinprofil","operator":"Berliner Verkehrsbetriebe","railway":"subway","ref":"306","service":"yard","voltage":"750"},"id":75039822},
{"type":"Feature","geometry":{"type":"LineString","coordinates":[[13.2484912,52.5200252],[13.2491523,52.5205426]]},"properties":{"osmId":75039824,"osmType":"way","electrified":"rail","electrified:rail":"top","frequency":"0","gauge":"1435","loading_gauge":"Kleinprofil","operator":"Berliner Verkehrsbetriebe","railway":"subway","service":"yard","voltage":"750"},"id":75039824},
{"type":"Feature","geometry":{"type":"MultiLineString","coordinates":[[[13.2485284,52.5196415],[13.2484591,52.5198271]],[[13.2484591,52.5198271],[13.2484912,52.5200252]]]},"properties":{"osmId":75039826,"osmType":"way","electrified":"rail","electrified:rail":"top","frequency":"0","gauge":"1435","loading_gauge":"Kleinprofil","operator":"Berliner Verkehrsbetriebe","railway":"subway","service":"yard","voltage":"750"},"id":75039826},
{"type":"Feature","geometry":{"type":"MultiLineString","coordinates":[[[13.249335,52.5187012],[13.2494181,52.5185088]],[[13.2494181,52.5185088],[13.2494471,52.5184347]],[[13.2494471,52.5184347],[13.2494857,52.5183478]],[[13.2494857,52.5183478],[13.2495718,52.5181459]]]},"properties":{"osmId":75040016,"osmType":"way","electrified":"rail","electrified:rail":"top","frequency":"0","gauge":"1435","loading_gauge":"Kleinprofil","operator":"Berliner Verkehrsbetriebe","railway":"subway","service":"yard","voltage":"750"},"id":75040016},
{"type":"Feature","geometry":{"type":"LineString","coordinates":[[13.2492323,52.518828],[13.2491745,52.5191127],[13.249467,52.5194446]]},"properties":{"osmId":75040018,"osmType":"way","electrified":"rail","electrified:rail":"top","frequency":"0","gauge":"1435","loading_gauge":"Kleinprofil","operator":"Berliner Verkehrsbetriebe","railway":"subway","service":"yard","voltage":"750"},"id":75040018},
{"type":"Feature","geometry":{"type":"MultiLineString","coordinates":[[[13.2493521,52.5185181],[13.2494471,52.5184347]],[[13.2494471,52.5184347],[13.2495406,52.5183589]],[[13.2495406,52.5183589],[13.2496342,52.5182827]],[[13.2496342,52.5182827],[13.249724,52.51821]]]},"properties":{"osmId":75040020,"osmType":"way","electrified":"rail","electrified:rail":"top","frequency":"0","gauge":"1435","loading_gauge":"Kleinprofil","operator":"Berliner Verkehrsbetriebe","railway":"subway","service":"yard","voltage":"750"},"id":75040020},
{"type":"Feature","geometry":{"type":"LineString","coordinates":[[13.249335,52.5187012],[13.2495135,52.5184769]]},"properties":{"osmId":75040021,"osmType":"way","electrified":"rail","electrified:rail":"top","frequency":"0","gauge":"1435","loading_gauge":"Kleinprofil","operator":"Berliner Verkehrsbetriebe","railway":"subway","service":"yard","voltage":"750"},"id":75040021},
{"type":"Feature","geometry":{"type":"LineString","coordinates":[[13.2495135,52.5184769],[13.2493601,52.519012],[13.2496724,52.5192607]]},"properties":{"osmId":75040022,"osmType":"way","electrified":"rail","electrified:rail":"top","frequency":"0","gauge":"1435","loading_gauge":"Kleinprofil","operator":"Berliner Verkehrsbetriebe","railway":"subway","service":"yard","voltage":"750"},"id":75040022},
{"type":"Feature","geometry":{"type":"MultiLineString","coordinates":[[[13.2511943,52.5168907],[13.250676,52.5173221]],[[13.250676,52.5173221],[13.2502848,52.517743]]]},"properties":{"osmId":75041039,"osmType":"way","electrified":"no","gauge":"1435","loading_gauge":"Kleinprofil","note":"Gleis49","operator":"Berliner Verkehrsbetriebe","railway":"subway","service":"yard","voltage":"750"},"id":75041039},
{"type":"Feature","geometry":{"type":"MultiLineString","coordinates":[[[13.2497576,52.5180052],[13.2496667,52.5182018]],[[13.2496667,52.5182018],[13.2496342,52.5182827]],[[13.2496342,52.5182827],[13.2495649,52.5184095]]]},"properties":{"osmId":75041691,"osmType":"way","electrified":"rail","electrified:rail":"top","frequency":"0","gauge":"1435","loading_gauge":"Kleinprofil","operator":"Berliner Verkehrsbetriebe","railway":"subway","service":"yard","voltage":"750"},"id":75041691},
{"type":"Feature","geometry":{"type":"LineString","coordinates":[[13.2514506,52.5166879],[13.2525659,52.5162996]]},"properties":{"osmId":75041692,"osmType":"way","electrified":"no","gauge":"1435","loading_gauge":"Kleinprofil","operator":"Berliner Verkehrsbetriebe","railway":"subway","ref":"18","service":"yard","voltage":"750"},"id":75041692},
{"type":"Feature","geometry":{"type":"LineString","coordinates":[[13.2517429,52.516495],[13.2523593,52.5163182],[13.2533309,52.516123]]},"properties":{"osmId":75041693,"osmType":"way","electrified":"rail","electrified:rail":"top","frequency":"0","gauge":"1435","loading_gauge":"Kleinprofil","operator":"Berliner Verkehrsbetriebe","railway":"subway","ref":"17","service":"yard","voltage":"750"},"id":75041693},
{"type":"Feature","geometry":{"type":"MultiLineString","coordinates":[[[13.2517429,52.516495],[13.2514506,52.5166879]],[[13.2514506,52.5166879],[13.2504387,52.5173666],[13.249724,52.51821]]]},"properties":{"osmId":75041694,"osmType":"way","electrified":"rail","electrified:rail":"top","frequency":"0","gauge":"1435","loading_gauge":"Kleinprofil","operator":"Berliner Verkehrsbetriebe","railway":"subway","service":"yard","source":"survey","voltage":"750"},"id":75041694},
{"type":"Feature","geometry":{"type":"MultiLineString","coordinates":[[[13.2534286,52.5160822],[13.2524714,52.5162577]],[[13.2524714,52.5162577],[13.2514665,52.5165549],[13.250798,52.5168978],[13.250039,52.5175913]]]},"properties":{"osmId":75042735,"osmType":"way","electrified":"rail","electrified:rail":"top","frequency":"0","gauge":"1435","level":"1","loading_gauge":"Kleinprofil","operator":"Berliner Verkehrsbetriebe","railway":"subway","railway:track_ref":"1","source":"survey","voltage":"750"},"id":75042735},
{"type":"Feature","geometry":{"type":"LineString","coordinates":[[13.2457067,52.5223786],[13.245564,52.5225316]]},"properties":{"osmId":75042736,"osmType":"way","bridge":"yes","electrified":"rail","electrified:rail":"top","frequency":"0","gauge":"1435","layer":"1","level":"1","loading_gauge":"Kleinprofil","operator":"Berliner Verkehrsbetriebe","railway":"subway","railway:track_ref":"1","source":"survey","voltage":"750"},"id":75042736},
{"type":"Feature","geometry":{"type":"MultiLineString","coordinates":[[[13.2456695,52.5223638],[13.2464196,52.5217033],[13.2468149,52.5212563],[13.24698427791858,52.52102668187627]],[[13.24698427791858,52.52102668187627],[13.247348,52.5205336],[13.2490417,52.5183757]]]},"properties":{"osmId":75042737,"osmType":"way","electrified":"rail","electrified:rail":"top","frequency":"0","gauge":"1435","level":"1","loading_gauge":"Kleinprofil","operator":"Berliner Verkehrsbetriebe","railway":"subway","railway:track_ref":"2","source":"survey","voltage":"750"},"id":75042737},
{"type":"Feature","geometry":{"type":"LineString","coordinates":[[13.2455237,52.5225222],[13.2456695,52.5223638]]},"properties":{"osmId":75042739,"osmType":"way","bridge":"yes","electrified":"rail","electrified:rail":"top","frequency":"0","gauge":"1435","layer":"1","level":"1","loading_gauge":"Kleinprofil","operator":"Berliner Verkehrsbetriebe","railway":"subway","railway:track_ref":"2","source":"survey","voltage":"750"},"id":75042739},
{"type":"Feature","geometry":{"type":"LineString","coordinates":[[13.2481812,52.520239],[13.2481177,52.5204478]]},"properties":{"osmId":76344596,"osmType":"way","electrified":"rail","electrified:rail":"top","frequency":"0","gauge":"1435","loading_gauge":"Kleinprofil","railway":"subway","service":"yard","voltage":"750"},"id":76344596},
{"type":"Feature","geometry":{"type":"LineString","coordinates":[[13.2481177,52.5204478],[13.2485914,52.5209682]]},"properties":{"osmId":76344598,"osmType":"way","electrified":"rail","electrified:rail":"top","frequency":"0","gauge":"1435","loading_gauge":"Kleinprofil","operator":"Berliner Verkehrsbetriebe","railway":"subway","ref":"414","service":"yard","voltage":"750"},"id":76344598},
{"type":"Feature","geometry":{"type":"LineString","coordinates":[[13.2484912,52.5200252],[13.2492127,52.5204943]]},"properties":{"osmId":76344599,"osmType":"way","electrified":"rail","electrified:rail":"top","frequency":"0","gauge":"1435","loading_gauge":"Kleinprofil","operator":"Berliner Verkehrsbetriebe","railway":"subway","service":"yard","voltage":"750"},"id":76344599},
{"type":"Feature","geometry":{"type":"LineString","coordinates":[[13.2526065,52.5163398],[13.2529476,52.5162408]]},"properties":{"osmId":76344613,"osmType":"way","electrified":"no","gauge":"1435","loading_gauge":"Kleinprofil","operator":"Berliner Verkehrsbetriebe","railway":"subway","ref":"80","service":"yard","voltage":"750"},"id":76344613},
{"type":"Feature","geometry":{"type":"MultiLineString","coordinates":[[[13.3604035,52.5473599],[13.3599264,52.5471227],[13.3587743,52.5469839],[13.3579424,52.5471907],[13.3564187,52.548003]],[[13.3564187,52.548003],[13.3554896,52.5485346]]]},"properties":{"osmId":77649520,"osmType":"way","electrified":"rail","frequency":"0","gauge":"1435","layer":"-1","loading_gauge":"Großprofil","note":"Verbindung angedeutet","operator":"Berliner Verkehrsbetriebe","railway":"subway","service":"yard","tunnel":"yes","voltage":"750"},"id":77649520},
{"type":"Feature","geometry":{"type":"LineString","coordinates":[[13.5187501,52.5011172],[13.517158,52.5021374]]},"properties":{"osmId":92969041,"osmType":"way","electrified":"rail","electrified:rail":"bottom","gauge":"1435","loading_gauge":"Großprofil","operator":"Berliner Verkehrsbetriebe","railway":"subway","service":"yard"},"id":92969041},
{"type":"Feature","geometry":{"type":"LineString","coordinates":[[13.5186876,52.4999108],[13.5180484,52.5006369]]},"properties":{"osmId":92969046,"osmType":"way","electrified":"no","gauge":"1435","loading_gauge":"Großprofil","operator":"Berliner Verkehrsbetriebe","railway":"subway","service":"yard"},"id":92969046},
{"type":"Feature","geometry":{"type":"LineString","coordinates":[[13.5160185,52.502897],[13.5164463,52.5021799],[13.5164505,52.5016294]]},"properties":{"osmId":92969047,"osmType":"way","electrified":"no","gauge":"1435","loading_gauge":"Großprofil","operator":"Berliner Verkehrsbetriebe","railway":"subway","service":"yard"},"id":92969047},
{"type":"Feature","geometry":{"type":"LineString","coordinates":[[13.51862,52.4999],[13.5184054,52.5001456]]},"properties":{"osmId":92969048,"osmType":"way","electrified":"rail","electrified:rail":"bottom","gauge":"1435","loading_gauge":"Großprofil","operator":"Berliner Verkehrsbetriebe","railway":"subway","service":"yard"},"id":92969048},
{"type":"Feature","geometry":{"type":"MultiLineString","coordinates":[[[13.5192842,52.4998617],[13.5180484,52.5006369]],[[13.5180484,52.5006369],[13.5177195,52.5009284]]]},"properties":{"osmId":92969053,"osmType":"way","electrified":"no","gauge":"1435","loading_gauge":"Großprofil","operator":"Berliner Verkehrsbetriebe","railway":"subway","service":"yard"},"id":92969053},
{"type":"Feature","geometry":{"type":"LineString","coordinates":[[13.5190184,52.500871],[13.5177989,52.5015634],[13.5171317,52.5020932]]},"properties":{"osmId":92969054,"osmType":"way","electrified":"rail","electrified:rail":"bottom","gauge":"1435","loading_gauge":"Großprofil","operator":"Berliner Verkehrsbetriebe","railway":"subway","service":"yard"},"id":92969054},
{"type":"Feature","geometry":{"type":"LineString","coordinates":[[13.5201007,52.4998653],[13.5196588,52.5000379],[13.5180623,52.5009453],[13.5177195,52.5011933]]},"properties":{"osmId":92969059,"osmType":"way","electrified":"no","gauge":"1435","loading_gauge":"Großprofil","operator":"Berliner Verkehrsbetriebe","railway":"subway","service":"yard"},"id":92969059},
{"type":"Feature","geometry":{"type":"LineString","coordinates":[[13.5179223,52.5012438],[13.5193163,52.5004342]]},"properties":{"osmId":92969061,"osmType":"way","electrified":"rail","electrified:rail":"bottom","gauge":"1435","loading_gauge":"Großprofil","operator":"Berliner Verkehrsbetriebe","railway":"subway","service":"yard"},"id":92969061},
{"type":"Feature","geometry":{"type":"MultiLineString","coordinates":[[[13.5161862,52.5032071],[13.5163937,52.5030798],[13.516480394115796,52.50303282239382]],[[13.516480394115796,52.50303282239382],[13.5181906,52.5021061],[13.518456511997377,52.50192487678166]],[[13.518456511997377,52.50192487678166],[13.5185363,52.5018705],[13.518698521595107,52.501743780855826]],[[13.518698521595107,52.501743780855826],[13.5187209,52.5017263],[13.5193026,52.5010722]]]},"properties":{"osmId":92969062,"osmType":"way","electrified":"rail","electrified:rail":"bottom","gauge":"1435","loading_gauge":"Großprofil","operator":"Berliner Verkehrsbetriebe","railway":"subway","service":"yard"},"id":92969062},
{"type":"Feature","geometry":{"type":"LineString","coordinates":[[13.519235,52.5003752],[13.5174544,52.5013911]]},"properties":{"osmId":92969063,"osmType":"way","electrified":"rail","electrified:rail":"bottom","gauge":"1435","loading_gauge":"Großprofil","operator":"Berliner Verkehrsbetriebe","railway":"subway","service":"yard"},"id":92969063},
{"type":"Feature","geometry":{"type":"LineString","coordinates":[[13.5189421,52.5008171],[13.5176573,52.501535],[13.5170747,52.5020884]]},"properties":{"osmId":92969068,"osmType":"way","electrified":"rail","electrified:rail":"bottom","gauge":"1435","loading_gauge":"Großprofil","operator":"Berliner Verkehrsbetriebe","railway":"subway","service":"yard"},"id":92969068},
{"type":"Feature","geometry":{"type":"MultiLineString","coordinates":[[[13.5192742,52.5004024],[13.5175822,52.5013848]],[[13.5175822,52.5013848],[13.5170377,52.5018126]]]},"properties":{"osmId":92969071,"osmType":"way","electrified":"rail","electrified:rail":"bottom","gauge":"1435","loading_gauge":"Großprofil","operator":"Berliner Verkehrsbetriebe","railway":"subway","service":"yard"},"id":92969071},
{"type":"Feature","geometry":{"type":"MultiLineString","coordinates":[[[13.5193551,52.5004569],[13.5179223,52.5012438]],[[13.5179223,52.5012438],[13.5175822,52.5013848]]]},"properties":{"osmId":92969079,"osmType":"way","electrified":"rail","electrified:rail":"bottom","gauge":"1435","loading_gauge":"Großprofil","operator":"Berliner Verkehrsbetriebe","railway":"subway","service":"yard"},"id":92969079},
{"type":"Feature","geometry":{"type":"LineString","coordinates":[[13.5175714,52.5001047],[13.5176816,52.5005549]]},"properties":{"osmId":92969081,"osmType":"way","electrified":"rail","electrified:rail":"bottom","gauge":"1435","layer":"-1","loading_gauge":"Großprofil","operator":"Berliner Verkehrsbetriebe","railway":"subway","service":"yard","tunnel":"building_passage"},"id":92969081},
{"type":"Feature","geometry":{"type":"MultiLineString","coordinates":[[[13.3876885,52.4927931],[13.3879586,52.4931062],[13.388050496729635,52.49322271937745]],[[13.388050496729635,52.49322271937745],[13.388113170405267,52.493302185727295]],[[13.388113170405267,52.493302185727295],[13.3881788,52.4933854]]]},"properties":{"osmId":98960739,"osmType":"way","electrified":"rail","electrified:rail":"bottom","frequency":"0","gauge":"1435","layer":"-1","level":"-3","loading_gauge":"Großprofil","name":"U6","operator":"Berliner Verkehrsbetriebe","railway":"subway","tunnel":"yes","voltage":"750"},"id":98960739},
{"type":"Feature","geometry":{"type":"LineString","coordinates":[[13.2656638,52.5367983],[13.2640715,52.5368228],[13.2611413,52.5370018],[13.2532612,52.5375507],[13.2495428,52.5378501],[13.2480174,52.5378936],[13.2440122,52.5382272],[13.239685,52.5387814],[13.2375804,52.5389555],[13.2362806,52.5389739],[13.2344856,52.5388452],[13.2317742,52.5384256],[13.2272721,52.5376873],[13.224546,52.5372958],[13.2227569,52.537],[13.2209453,52.5369098],[13.2191939,52.5371279],[13.2182953,52.5373712],[13.2162986,52.538025],[13.2147791,52.5383495],[13.2135126,52.5384114],[13.2127464,52.5383637],[13.2108855,52.538105],[13.2096913,52.5380888],[13.2085482,52.538212],[13.2072203,52.538509],[13.2055259,52.5389737],[13.2047661,52.5391084],[13.2035813,52.5391209],[13.2028002,52.5390062],[13.2019512,52.5387459],[13.2009385,52.5381386],[13.2004951,52.5376275],[13.2003101,52.5372245],[13.2001504,52.5361184],[13.1999509,52.5354269]]},"properties":{"osmId":98960743,"osmType":"way","electrified":"rail","electrified:rail":"bottom","frequency":"0","gauge":"1435","layer":"-2","level":"-2","loading_gauge":"Großprofil","name":"U7","operator":"Berliner Verkehrsbetriebe","railway":"subway","tunnel":"yes","voltage":"750"},"id":98960743},
{"type":"Feature","geometry":{"type":"LineString","coordinates":[[13.3920879,52.4977808],[13.3942956,52.4980049],[13.395434,52.4982077],[13.3968116,52.4983169],[13.4044386,52.4983692]]},"properties":{"osmId":107232705,"osmType":"way","bridge":"viaduct","electrified":"rail","electrified:rail":"top","frequency":"0","gauge":"1435","layer":"2","level":"1","loading_gauge":"Kleinprofil","name":"U1","operator":"Berliner Verkehrsbetriebe","railway":"subway","tunnel":"no","voltage":"750"},"id":107232705},
{"type":"Feature","geometry":{"type":"LineString","coordinates":[[13.2808684,52.4507255],[13.280727,52.4506648]]},"properties":{"osmId":110389115,"osmType":"way","electrified":"rail","electrified:rail":"top","frequency":"0","gauge":"1435","layer":"-1","level":"-1","loading_gauge":"Kleinprofil","maxspeed":"60","name":"U3","operator":"Berliner Verkehrsbetriebe","railway":"subway","tunnel":"yes","usage":"main","voltage":"750"},"id":110389115},
{"type":"Feature","geometry":{"type":"LineString","coordinates":[[13.2808168,52.4506015],[13.2809517,52.4506531]]},"properties":{"osmId":110389116,"osmType":"way","electrified":"rail","electrified:rail":"top","frequency":"0","gauge":"1435","layer":"-1","level":"-1","loading_gauge":"Kleinprofil","maxspeed":"60","name":"U3","operator":"Berliner Verkehrsbetriebe","railway":"subway","tunnel":"yes","usage":"main","voltage":"750"},"id":110389116},
{"type":"Feature","geometry":{"type":"LineString","coordinates":[[13.2809517,52.4506531],[13.2825117,52.4513325]]},"properties":{"osmId":110389117,"osmType":"way","cutting":"yes","electrified":"rail","electrified:rail":"top","frequency":"0","gauge":"1435","level":"-1","loading_gauge":"Kleinprofil","maxspeed":"60","name":"U3","operator":"Berliner Verkehrsbetriebe","railway":"subway","tunnel":"no","usage":"main","voltage":"750"},"id":110389117},
{"type":"Feature","geometry":{"type":"LineString","coordinates":[[13.2824452,52.4513873],[13.2808684,52.4507255]]},"properties":{"osmId":110389118,"osmType":"way","cutting":"yes","electrified":"rail","electrified:rail":"top","frequency":"0","gauge":"1435","level":"-1","loading_gauge":"Kleinprofil","maxspeed":"60","name":"U3","operator":"Berliner Verkehrsbetriebe","railway":"subway","tunnel":"no","usage":"main","voltage":"750"},"id":110389118},
{"type":"Feature","geometry":{"type":"LineString","coordinates":[[13.2827897,52.4514574],[13.2847427,52.4523319],[13.2854394,52.4527594],[13.2860989,52.4533507],[13.2888185,52.4563836],[13.2892743,52.4568299]]},"properties":{"osmId":110389119,"osmType":"way","cutting":"yes","electrified":"rail","electrified:rail":"top","frequency":"0","gauge":"1435","level":"-1","loading_gauge":"Kleinprofil","maxspeed":"60","name":"U3","operator":"Berliner Verkehrsbetriebe","railway":"subway","tunnel":"no","usage":"main","voltage":"750"},"id":110389119},
{"type":"Feature","geometry":{"type":"LineString","coordinates":[[13.2825117,52.4513325],[13.2827897,52.4514574]]},"properties":{"osmId":110389120,"osmType":"way","electrified":"rail","electrified:rail":"top","frequency":"0","gauge":"1435","layer":"-1","level":"-1","loading_gauge":"Kleinprofil","maxspeed":"60","name":"U3","operator":"Berliner Verkehrsbetriebe","railway":"subway","tunnel":"yes","usage":"main","voltage":"750"},"id":110389120},
{"type":"Feature","geometry":{"type":"LineString","coordinates":[[13.2827325,52.4515195],[13.2824452,52.4513873]]},"properties":{"osmId":110389122,"osmType":"way","electrified":"rail","electrified:rail":"top","frequency":"0","gauge":"1435","layer":"-1","level":"-1","loading_gauge":"Kleinprofil","maxspeed":"60","name":"U3","operator":"Berliner Verkehrsbetriebe","railway":"subway","tunnel":"yes","usage":"main","voltage":"750"},"id":110389122},
{"type":"Feature","geometry":{"type":"LineString","coordinates":[[13.2900028,52.4576455],[13.2904421,52.4581903]]},"properties":{"osmId":110553272,"osmType":"way","electrified":"rail","electrified:rail":"top","frequency":"0","gauge":"1435","layer":"-1","level":"-1","loading_gauge":"Kleinprofil","maxspeed":"60","name":"U3","operator":"Berliner Verkehrsbetriebe","railway":"subway","tunnel":"yes","usage":"main","voltage":"750"},"id":110553272},
{"type":"Feature","geometry":{"type":"LineString","coordinates":[[13.2904421,52.4581903],[13.2908117,52.4587499],[13.2921394,52.4617783],[13.2927366,52.4625461],[13.2938356,52.463323],[13.2943291,52.46355],[13.2965526,52.4643416]]},"properties":{"osmId":110553273,"osmType":"way","cutting":"yes","electrified":"rail","electrified:rail":"top","frequency":"0","gauge":"1435","level":"-1","loading_gauge":"Kleinprofil","maxspeed":"60","name":"U3","operator":"Berliner Verkehrsbetriebe","railway":"subway","tunnel":"no","usage":"main","voltage":"750"},"id":110553273},
{"type":"Feature","geometry":{"type":"LineString","coordinates":[[13.2964582,52.464418],[13.2951491,52.4639457],[13.2938017,52.4633474],[13.2930543,52.4628639],[13.2923788,52.4621965],[13.2920948,52.4617855],[13.290759,52.4587337],[13.2904048,52.4582175]]},"properties":{"osmId":110553274,"osmType":"way","cutting":"yes","electrified":"rail","electrified:rail":"top","frequency":"0","gauge":"1435","level":"-1","loading_gauge":"Kleinprofil","maxspeed":"60","name":"U3","operator":"Berliner Verkehrsbetriebe","railway":"subway","tunnel":"no","usage":"main","voltage":"750"},"id":110553274},
{"type":"Feature","geometry":{"type":"LineString","coordinates":[[13.2904048,52.4582175],[13.2898977,52.4576925]]},"properties":{"osmId":110553276,"osmType":"way","electrified":"rail","electrified:rail":"top","frequency":"0","gauge":"1435","layer":"-1","level":"-1","loading_gauge":"Kleinprofil","maxspeed":"60","name":"U3","operator":"Berliner Verkehrsbetriebe","railway":"subway","tunnel":"yes","usage":"main","voltage":"750"},"id":110553276},
{"type":"Feature","geometry":{"type":"LineString","coordinates":[[13.2892743,52.4568299],[13.2900028,52.4576455]]},"properties":{"osmId":110553280,"osmType":"way","cutting":"yes","electrified":"rail","electrified:rail":"top","frequency":"0","gauge":"1435","layer":"-1","level":"-1","loading_gauge":"Kleinprofil","maxspeed":"60","name":"U3","operator":"Berliner Verkehrsbetriebe","railway":"subway","tunnel":"no","usage":"main","voltage":"750"},"id":110553280},
{"type":"Feature","geometry":{"type":"LineString","coordinates":[[13.2889428,52.4565927],[13.2860674,52.4533728],[13.2855075,52.4528591],[13.2847144,52.4523575],[13.2827325,52.4515195]]},"properties":{"osmId":110553281,"osmType":"way","cutting":"yes","electrified":"rail","electrified:rail":"top","frequency":"0","gauge":"1435","layer":"-1","level":"-1","loading_gauge":"Kleinprofil","maxspeed":"60","name":"U3","operator":"Berliner Verkehrsbetriebe","railway":"subway","tunnel":"no","usage":"main","voltage":"750"},"id":110553281},
{"type":"Feature","geometry":{"type":"MultiLineString","coordinates":[[[13.3226715,52.5643754],[13.325275,52.5636779]],[[13.325275,52.5636779],[13.3255316,52.5636341]],[[13.3255316,52.5636341],[13.3257838,52.5635911]],[[13.3257838,52.5635911],[13.326246,52.5635095]]]},"properties":{"osmId":113631635,"osmType":"way","electrified":"rail","frequency":"0","gauge":"1435","layer":"-3","level":"-1","loading_gauge":"Großprofil","name":"U6","operator":"Berliner Verkehrsbetriebe","railway":"subway","service":"siding","tunnel":"yes","voltage":"750"},"id":113631635},
{"type":"Feature","geometry":{"type":"MultiLineString","coordinates":[[[13.3261885,52.5634259],[13.3257559,52.5635593]],[[13.3257559,52.5635593],[13.3255316,52.5636341]],[[13.3255316,52.5636341],[13.3252986,52.5637118]],[[13.3252986,52.5637118],[13.3226897,52.5644054]]]},"properties":{"osmId":113631691,"osmType":"way","electrified":"rail","frequency":"0","gauge":"1435","layer":"-3","level":"-1","loading_gauge":"Großprofil","name":"U6","operator":"Berliner Verkehrsbetriebe","railway":"subway","service":"siding","tunnel":"yes","voltage":"750"},"id":113631691},
{"type":"Feature","geometry":{"type":"LineString","coordinates":[[13.3295634,52.562572],[13.3310351,52.5621784],[13.3337963,52.5606287]]},"properties":{"osmId":114714170,"osmType":"way","electrified":"rail","electrified:rail":"bottom","frequency":"0","gauge":"1435","layer":"-2","level":"-2","loading_gauge":"Großprofil","name":"U6","operator":"Berliner Verkehrsbetriebe","railway":"subway","tunnel":"yes","voltage":"750"},"id":114714170},
{"type":"Feature","geometry":{"type":"LineString","coordinates":[[13.5169189,52.5023522],[13.5184901,52.5013976],[13.5193065,52.5007152],[13.5195208,52.5001635]]},"properties":{"osmId":117064909,"osmType":"way","electrified":"rail","electrified:rail":"bottom","gauge":"1435","loading_gauge":"Großprofil","operator":"Berliner Verkehrsbetriebe","railway":"subway","service":"yard"},"id":117064909},
{"type":"Feature","geometry":{"type":"MultiLineString","coordinates":[[[13.5161862,52.5032071],[13.5157951,52.5035296]],[[13.5157951,52.5035296],[13.5155706,52.503733]],[[13.5155706,52.503733],[13.5144227,52.5047959]]]},"properties":{"osmId":117064911,"osmType":"way","electrified":"rail","electrified:rail":"bottom","gauge":"1435","loading_gauge":"Großprofil","operator":"Berliner Verkehrsbetriebe","railway":"subway","service":"yard"},"id":117064911},
{"type":"Feature","geometry":{"type":"LineString","coordinates":[[13.3740042,52.4986514],[13.3743836,52.4991797],[13.3750667,52.4994209],[13.3761879,52.4993989]]},"properties":{"osmId":125736127,"osmType":"way","abandoned:railway":"subway","bridge":"viaduct","check_date":"2022-11-24","electrified":"rail","frequency":"0","gauge":"1435","note":"Keine Signalführung auf diesem Streckenabschnitt","opening_date":"2023","railway":"subway","railway:etcs":"no","railway:gnt":"no","railway:lzb":"no","railway:pzb":"no","service":"yard","source":"https://www.nd-aktuell.de/artikel/1195698.nollendorfplatz-broeckelnder-beton-vier-monate-grosssperrung-bei-der-u-bahn.html","usage":"branch","voltage":"750"},"id":125736127},
{"type":"Feature","geometry":{"type":"LineString","coordinates":[[13.604164,52.5359427],[13.6026767,52.5356414]]},"properties":{"osmId":140166840,"osmType":"way","cutting":"yes","electrified":"rail","electrified:rail":"bottom","frequency":"0","gauge":"1435","layer":"-1","loading_gauge":"Großprofil","operator":"Berliner Verkehrsbetriebe","railway":"subway","service":"crossover","voltage":"750"},"id":140166840},
{"type":"Feature","geometry":{"type":"LineString","coordinates":[[13.6092654,52.5372613],[13.6149074,52.5384399],[13.6168936,52.5387225],[13.6202237,52.5391468]]},"properties":{"osmId":140166841,"osmType":"way","cutting":"yes","electrified":"rail","electrified:rail":"bottom","frequency":"0","gauge":"1435","layer":"0","level":"-1","loading_gauge":"Großprofil","maxspeed":"60","operator":"Berliner Verkehrsbetriebe","railway":"subway","voltage":"750"},"id":140166841},
{"type":"Feature","geometry":{"type":"LineString","coordinates":[[13.604164,52.5359427],[13.6092654,52.5372613]]},"properties":{"osmId":140166842,"osmType":"way","cutting":"yes","electrified":"rail","electrified:rail":"bottom","frequency":"0","gauge":"1435","layer":"-1","level":"-1","loading_gauge":"Großprofil","maxspeed":"60","operator":"Berliner Verkehrsbetriebe","railway":"subway","voltage":"750"},"id":140166842},
{"type":"Feature","geometry":{"type":"LineString","coordinates":[[13.4490989,52.5047165],[13.4493657,52.5048966],[13.4498052,52.5049986],[13.4501067,52.5049712]]},"properties":{"osmId":142925471,"osmType":"way","bridge":"yes","electrified":"rail","electrified:rail":"top","frequency":"0","gauge":"1435","layer":"1","loading_gauge":"Kleinprofil","operator":"Berliner Verkehrsbetriebe","railway":"subway","railway:electricity:ref":"WA2","service":"yard","voltage":"750"},"id":142925471},
{"type":"Feature","geometry":{"type":"MultiLineString","coordinates":[[[13.4488565,52.5044772],[13.4490374,52.5045976]],[[13.4490374,52.5045976],[13.4499653,52.5047881]]]},"properties":{"osmId":142925472,"osmType":"way","bridge":"yes","electrified":"rail","electrified:rail":"top","frequency":"0","gauge":"1435","layer":"1","loading_gauge":"Kleinprofil","operator":"Berliner Verkehrsbetriebe","railway":"subway","railway:electricity:ref":"WA2","service":"yard","voltage":"750"},"id":142925472},
{"type":"Feature","geometry":{"type":"MultiLineString","coordinates":[[[13.5588394,52.5039367],[13.5579709,52.5034312],[13.5567618,52.5028424],[13.5553562,52.5022447],[13.5537618,52.5016606],[13.5502709,52.5006912]],[[13.5502709,52.5006912],[13.5479135,52.5000542]]]},"properties":{"osmId":152796044,"osmType":"way","detail":"track","electrified":"rail","electrified:rail":"bottom","frequency":"0","gauge":"1435","loading_gauge":"Großprofil","maxspeed":"60","operator":"Berliner Verkehrsbetriebe","passenger_lines":"2","railway":"subway","usage":"main","voltage":"750","workrules":"DE:BOStrab"},"id":152796044},
{"type":"Feature","geometry":{"type":"LineString","coordinates":[[13.55951,52.5042302],[13.5615231,52.5056914]]},"properties":{"osmId":152796065,"osmType":"way","detail":"track","electrified":"rail","electrified:rail":"bottom","embankment":"yes","frequency":"0","gauge":"1435","level":"1","loading_gauge":"Großprofil","maxspeed":"60","operator":"Berliner Verkehrsbetriebe","passenger_lines":"2","railway":"subway","voltage":"750","workrules":"DE:BOStrab"},"id":152796065},
{"type":"Feature","geometry":{"type":"LineString","coordinates":[[13.4450657,52.5011587],[13.4445204,52.5009268],[13.4439867,52.5008987],[13.442648,52.5011039]]},"properties":{"osmId":155667501,"osmType":"way","bridge":"viaduct","electrified":"rail","electrified:rail":"top","frequency":"0","gauge":"1435","height":"6","layer":"2","level":"1","loading_gauge":"Kleinprofil","name":"U1","operator":"Berliner Verkehrsbetriebe","railway":"subway","tunnel":"no","voltage":"750"},"id":155667501},
{"type":"Feature","geometry":{"type":"LineString","coordinates":[[13.4425924,52.5010793],[13.4437842,52.5008974],[13.4442893,52.5008683],[13.4446045,52.5009171],[13.4450995,52.5011428]]},"properties":{"osmId":155667505,"osmType":"way","bridge":"viaduct","electrified":"rail","electrified:rail":"top","frequency":"0","gauge":"1435","height":"6","layer":"2","level":"1","loading_gauge":"Kleinprofil","name":"U1","operator":"Berliner Verkehrsbetriebe","railway":"subway","tunnel":"no","voltage":"750"},"id":155667505},
{"type":"Feature","geometry":{"type":"LineString","coordinates":[[13.446937,52.5025611],[13.4471833,52.5027588]]},"properties":{"osmId":155667507,"osmType":"way","bridge":"viaduct","electrified":"rail","electrified:rail":"top","frequency":"0","gauge":"1435","height":"6","layer":"2","level":"1","loading_gauge":"Kleinprofil","name":"U1","operator":"Berliner Verkehrsbetriebe","railway":"subway","tunnel":"no","voltage":"750"},"id":155667507},
{"type":"Feature","geometry":{"type":"LineString","coordinates":[[13.3640001,52.4996413],[13.3649296,52.499907],[13.3657593,52.5000178]]},"properties":{"osmId":155667513,"osmType":"way","electrified":"rail","electrified:rail":"top","frequency":"0","gauge":"1435","layer":"-1","level":"-1","loading_gauge":"Kleinprofil","name":"U1","operator":"Berliner Verkehrsbetriebe","railway":"subway","tunnel":"yes","voltage":"750"},"id":155667513},
{"type":"Feature","geometry":{"type":"LineString","coordinates":[[13.3657823,52.500042],[13.365021,52.4999933],[13.3635892,52.4996707]]},"properties":{"osmId":155667519,"osmType":"way","electrified":"rail","electrified:rail":"top","frequency":"0","gauge":"1435","layer":"-1","level":"-1","loading_gauge":"Kleinprofil","name":"U1","operator":"Berliner Verkehrsbetriebe","railway":"subway","tunnel":"yes","voltage":"750"},"id":155667519},
{"type":"Feature","geometry":{"type":"MultiLineString","coordinates":[[[13.4271661,52.4992274],[13.4250141,52.4991551],[13.4196313,52.4990984]],[[13.4196313,52.4990984],[13.4181784,52.4990392],[13.418004403940696,52.499023783392936]],[[13.418004403940696,52.499023783392936],[13.4178906,52.4990137],[13.417686304815687,52.49899187649194]],[[13.417686304815687,52.49899187649194],[13.4174993,52.4989719],[13.4165691,52.4988512],[13.4145429,52.4985563],[13.4140562,52.4985231]]]},"properties":{"osmId":155667522,"osmType":"way","bridge":"viaduct","electrified":"rail","electrified:rail":"top","frequency":"0","gauge":"1435","height":"6","layer":"2","level":"1","loading_gauge":"Kleinprofil","name":"U1","operator":"Berliner Verkehrsbetriebe","railway":"subway","tunnel":"no","voltage":"750"},"id":155667522},
{"type":"Feature","geometry":{"type":"MultiLineString","coordinates":[[[13.4140527,52.4984966],[13.4145507,52.4985337],[13.4165898,52.498828],[13.4173,52.4988971],[13.417521,52.4989036],[13.417811187958472,52.49890991224562]],[[13.417811187958472,52.49890991224562],[13.417852,52.4989108],[13.4181308,52.4989193],[13.41815716688691,52.498920457325184]],[[13.41815716688691,52.498920457325184],[13.4184452,52.4989331],[13.4199316,52.4990475]],[[13.4199316,52.4990475],[13.4250142,52.4991276],[13.427171,52.4992003]]]},"properties":{"osmId":155667526,"osmType":"way","bridge":"viaduct","electrified":"rail","electrified:rail":"top","frequency":"0","gauge":"1435","height":"6","layer":"2","level":"1","loading_gauge":"Kleinprofil","name":"U1","operator":"Berliner Verkehrsbetriebe","railway":"subway","tunnel":"no","voltage":"750"},"id":155667526},
{"type":"Feature","geometry":{"type":"LineString","coordinates":[[13.4450995,52.5011428],[13.446937,52.5025611]]},"properties":{"osmId":155667532,"osmType":"way","bridge":"viaduct","electrified":"rail","electrified:rail":"top","frequency":"0","gauge":"1435","height":"6","layer":"3","level":"2","loading_gauge":"Kleinprofil","name":"U1","operator":"Berliner Verkehrsbetriebe","railway":"subway","tunnel":"no","voltage":"750"},"id":155667532},
{"type":"Feature","geometry":{"type":"LineString","coordinates":[[13.4469014,52.5025766],[13.4450657,52.5011587]]},"properties":{"osmId":155667537,"osmType":"way","bridge":"viaduct","electrified":"rail","electrified:rail":"top","frequency":"0","gauge":"1435","height":"6","layer":"3","level":"2","loading_gauge":"Kleinprofil","name":"U1","operator":"Berliner Verkehrsbetriebe","railway":"subway","tunnel":"no","voltage":"750"},"id":155667537},
{"type":"Feature","geometry":{"type":"LineString","coordinates":[[13.4044352,52.4983963],[13.3968806,52.498353],[13.3953124,52.4982275],[13.394178,52.4980302],[13.3920929,52.4978246]]},"properties":{"osmId":155667540,"osmType":"way","bridge":"viaduct","electrified":"rail","electrified:rail":"top","frequency":"0","gauge":"1435","layer":"2","level":"1","loading_gauge":"Kleinprofil","name":"U1","operator":"Berliner Verkehrsbetriebe","railway":"subway","tunnel":"no","voltage":"750"},"id":155667540},
{"type":"Feature","geometry":{"type":"MultiLineString","coordinates":[[[13.3759001,52.5603801],[13.3751749,52.5597058],[13.3739093,52.5580232]],[[13.3739093,52.5580232],[13.3737226,52.5577218]]]},"properties":{"osmId":158084892,"osmType":"way","electrified":"rail","electrified:rail":"bottom","frequency":"0","gauge":"1435","layer":"-1","level":"-2","loading_gauge":"Großprofil","name":"U9","operator":"Berliner Verkehrsbetriebe","railway":"subway","source":"Geoportal Berlin / K5","tunnel":"yes","voltage":"750"},"id":158084892},
{"type":"Feature","geometry":{"type":"MultiLineString","coordinates":[[[13.3896127,52.5124449],[13.3893233,52.5142957],[13.3890244,52.51583],[13.388855677107392,52.51686719772475]],[[13.388855677107392,52.51686719772475],[13.3888493,52.5169064],[13.388830687284905,52.51702378638606]],[[13.388830687284905,52.51702378638606],[13.3888154,52.5171202],[13.3887717,52.5173947]],[[13.3887717,52.5173947],[13.3887291,52.5176669]],[[13.3887291,52.5176669],[13.3885693,52.518642]]]},"properties":{"osmId":169724406,"osmType":"way","electrified":"rail","electrified:rail":"bottom","frequency":"0","gauge":"1435","layer":"-1","level":"-1","loading_gauge":"Großprofil","name":"U6","network":"BVG","operator":"Berliner Verkehrsbetriebe","passenger_lines":"2","railway":"subway","ref":"C","tunnel":"yes","voltage":"750"},"id":169724406},
{"type":"Feature","geometry":{"type":"LineString","coordinates":[[13.2858065,52.5102711],[13.2846358,52.5102053]]},"properties":{"osmId":170869849,"osmType":"way","bridge":"yes","destination":"Ringbahnüberführung unter der Fahrbahn des Kaiserdamms eingehängt","electrified":"rail","electrified:rail":"top","frequency":"0","gauge":"1435","layer":"1","level":"-2","loading_gauge":"Kleinprofil","operator":"Berliner Verkehrsbetriebe","railway":"subway","tunnel":"no","voltage":"750"},"id":170869849},
{"type":"Feature","geometry":{"type":"LineString","coordinates":[[13.3227765,52.5112457],[13.3253673,52.5094089],[13.3258822,52.5090896],[13.3308342,52.5067973]]},"properties":{"osmId":170869850,"osmType":"way","electrified":"rail","electrified:rail":"top","frequency":"0","gauge":"1435","layer":"-2","level":"-2","loading_gauge":"Kleinprofil","operator":"Berliner Verkehrsbetriebe","railway":"subway","tunnel":"yes","voltage":"750"},"id":170869850},
{"type":"Feature","geometry":{"type":"MultiLineString","coordinates":[[[13.5000112,52.5107604],[13.5103624,52.5075269],[13.5115243,52.5071378],[13.5119051,52.5069093],[13.5137596,52.5051858]],[[13.5137596,52.5051858],[13.5145125,52.5044699],[13.51462413018858,52.5043761752412]],[[13.51462413018858,52.5043761752412],[13.515355254856738,52.50376232262616]],[[13.515355254856738,52.50376232262616],[13.5157039,52.5034696],[13.51577943205809,52.50341013634335]],[[13.51577943205809,52.50341013634335],[13.5158468,52.5033571],[13.516071095131382,52.503198407081555]],[[13.516071095131382,52.503198407081555],[13.516174,52.5031256],[13.5166406,52.5028265],[13.5180632,52.50204],[13.518698521595107,52.501743780855826]],[[13.518698521595107,52.501743780855826],[13.518937696312996,52.501632265474036]],[[13.518937696312996,52.501632265474036],[13.5198262,52.501218],[13.5207262,52.5006962],[13.5212421,52.5002572],[13.52176,52.4995661]]]},"properties":{"osmId":172093540,"osmType":"way","detail":"track","electrified":"rail","electrified:rail":"bottom","frequency":"0","gauge":"1435","layer":"-2","level":"-1","loading_gauge":"Großprofil","maxspeed":"70","operator":"Berliner Verkehrsbetriebe","passenger_lines":"2","railway":"subway","tunnel":"yes","voltage":"750","workrules":"DE:BOStrab"},"id":172093540},
{"type":"Feature","geometry":{"type":"LineString","coordinates":[[13.3596934,52.546066],[13.3616182,52.5449771],[13.3656232,52.5426648],[13.3691948,52.540636],[13.3717025,52.5390761],[13.3752544,52.5367407],[13.3759723,52.5362296]]},"properties":{"osmId":176339603,"osmType":"way","electrified":"rail","electrified:rail":"bottom","frequency":"0","gauge":"1435","layer":"-1","level":"-1","loading_gauge":"Großprofil","name":"U6","operator":"Berliner Verkehrsbetriebe","railway":"subway","tunnel":"yes","voltage":"750"},"id":176339603},
{"type":"Feature","geometry":{"type":"LineString","coordinates":[[13.249669,52.5177193],[13.2498851,52.5173037]]},"properties":{"osmId":177187760,"osmType":"way","electrified":"rail","electrified:rail":"top","frequency":"0","gauge":"1435","loading_gauge":"Kleinprofil","operator":"Berliner Verkehrsbetriebe","railway":"subway","service":"siding","voltage":"750"},"id":177187760},
{"type":"Feature","geometry":{"type":"MultiLineString","coordinates":[[[13.4121936,52.5148619],[13.4123509,52.5161046],[13.4124993,52.5166369],[13.4124884,52.5173842],[13.4120809,52.5180065]],[[13.4120809,52.5180065],[13.4115222,52.5185378],[13.4115539,52.5191547],[13.4118646,52.5193856],[13.412110618937124,52.519505688921825]],[[13.412110618937124,52.519505688921825],[13.4121131,52.5195069],[13.413444,52.5200505],[13.413687608521496,52.52013588631024]],[[13.413687608521496,52.52013588631024],[13.413758041354695,52.520160573458746]],[[13.413758041354695,52.520160573458746],[13.4137798,52.5201682],[13.4141644,52.5202952],[13.4144438,52.5204183],[13.4147951,52.5209782]]]},"properties":{"osmId":177195505,"osmType":"way","electrified":"rail","electrified:rail":"top","frequency":"0","gauge":"1435","layer":"-1","level":"-1","loading_gauge":"Kleinprofil","operator":"Berliner Verkehrsbetriebe","railway":"subway","tunnel":"yes","voltage":"750"},"id":177195505},
{"type":"Feature","geometry":{"type":"LineString","coordinates":[[13.2513284,52.4492917],[13.2502368,52.4488163],[13.2487484,52.448071],[13.2466404,52.4467838],[13.2450082,52.4456735],[13.2437709,52.444927]]},"properties":{"osmId":179233237,"osmType":"way","cutting":"yes","electrified":"rail","electrified:rail":"top","frequency":"0","gauge":"1435","layer":"-1","level":"-1","loading_gauge":"Kleinprofil","maxspeed":"60","name":"U3","operator":"Berliner Verkehrsbetriebe","railway":"subway","ref":"U3","tunnel":"no","usage":"main","voltage":"750"},"id":179233237},
{"type":"Feature","geometry":{"type":"LineString","coordinates":[[13.255216,52.4503984],[13.2567917,52.4506555],[13.2594411,52.4508577],[13.2615698,52.4508286],[13.2673345,52.4504511],[13.2695814,52.4502712],[13.2710344,52.4502111],[13.2767077,52.4498443],[13.2776896,52.4498634],[13.2787338,52.4499902]]},"properties":{"osmId":179233238,"osmType":"way","cutting":"yes","electrified":"rail","electrified:rail":"top","frequency":"0","gauge":"1435","layer":"-1","level":"-1","loading_gauge":"Kleinprofil","maxspeed":"60","name":"U3","operator":"Berliner Verkehrsbetriebe","railway":"subway","tunnel":"no","usage":"main","voltage":"750"},"id":179233238},
{"type":"Feature","geometry":{"type":"LineString","coordinates":[[13.2538095,52.450146],[13.2522677,52.4496801]]},"properties":{"osmId":179233239,"osmType":"way","cutting":"yes","electrified":"rail","electrified:rail":"top","frequency":"0","gauge":"1435","layer":"-1","level":"-1","loading_gauge":"Kleinprofil","maxspeed":"60","name":"U-Onkel-Toms-Hütte - U3","operator":"Berliner Verkehrsbetriebe","railway":"subway","tunnel":"no","usage":"main","voltage":"750","wikipedia":"en:Onkel Toms Hütte (Berlin U-Bahn)"},"id":179233239},
{"type":"Feature","geometry":{"type":"LineString","coordinates":[[13.2513544,52.4492478],[13.2523608,52.4495827]]},"properties":{"osmId":179233240,"osmType":"way","cutting":"yes","electrified":"rail","electrified:rail":"top","frequency":"0","gauge":"1435","layer":"-1","level":"-1","loading_gauge":"Kleinprofil","maxspeed":"60","name":"U3","operator":"Berliner Verkehrsbetriebe","railway":"subway","tunnel":"yes","usage":"main","voltage":"750"},"id":179233240},
{"type":"Feature","geometry":{"type":"LineString","coordinates":[[13.2522677,52.4496801],[13.2513284,52.4492917]]},"properties":{"osmId":179233241,"osmType":"way","cutting":"yes","electrified":"rail","electrified:rail":"top","frequency":"0","gauge":"1435","layer":"-1","level":"-1","loading_gauge":"Kleinprofil","maxspeed":"60","name":"U3","operator":"Berliner Verkehrsbetriebe","railway":"subway","tunnel":"yes","usage":"main","voltage":"750"},"id":179233241},
{"type":"Feature","geometry":{"type":"LineString","coordinates":[[13.2538798,52.4500504],[13.255216,52.4503984]]},"properties":{"osmId":179233242,"osmType":"way","cutting":"yes","electrified":"rail","electrified:rail":"top","frequency":"0","gauge":"1435","layer":"-1","level":"-1","loading_gauge":"Kleinprofil","maxspeed":"60","name":"U3","operator":"Berliner Verkehrsbetriebe","railway":"subway","tunnel":"yes","usage":"main","voltage":"750"},"id":179233242},
{"type":"Feature","geometry":{"type":"LineString","coordinates":[[13.2551981,52.4504423],[13.2538095,52.450146]]},"properties":{"osmId":179233243,"osmType":"way","cutting":"yes","electrified":"rail","electrified:rail":"top","frequency":"0","gauge":"1435","layer":"-1","level":"-1","loading_gauge":"Kleinprofil","maxspeed":"60","name":"U3","operator":"Berliner Verkehrsbetriebe","railway":"subway","tunnel":"yes","usage":"main","voltage":"750"},"id":179233243},
{"type":"Feature","geometry":{"type":"LineString","coordinates":[[13.2523608,52.4495827],[13.2538798,52.4500504]]},"properties":{"osmId":179233244,"osmType":"way","cutting":"yes","electrified":"rail","electrified:rail":"top","frequency":"0","gauge":"1435","layer":"-1","level":"-1","loading_gauge":"Kleinprofil","maxspeed":"60","name":"U3","operator":"Berliner Verkehrsbetriebe","railway":"subway","tunnel":"no","usage":"main","voltage":"750"},"id":179233244},
{"type":"Feature","geometry":{"type":"LineString","coordinates":[[13.3444479,52.5014914],[13.3499521,52.5003424]]},"properties":{"osmId":198739513,"osmType":"way","electrified":"rail","electrified:rail":"top","frequency":"0","gauge":"1435","layer":"-1","level":"-1","loading_gauge":"Kleinprofil","operator":"Berliner Verkehrsbetriebe","railway":"subway","tunnel":"yes","voltage":"750"},"id":198739513},
{"type":"Feature","geometry":{"type":"MultiLineString","coordinates":[[[13.3421601,52.5020415],[13.3419777,52.5021025]],[[13.3419777,52.5021025],[13.3417372,52.5021848]],[[13.3417372,52.5021848],[13.3401976,52.5027901]],[[13.3401976,52.5027901],[13.3366919,52.5042437],[13.336652685727955,52.504288289965906]],[[13.336652685727955,52.504288289965906],[13.3366226,52.5043225],[13.3362891,52.5047741],[13.336204,52.5048678],[13.3354184,52.505168],[13.3345172,52.5052694],[13.3340536,52.5054559]]]},"properties":{"osmId":198739514,"osmType":"way","electrified":"rail","electrified:rail":"top","frequency":"0","gauge":"1435","layer":"-1","level":"-2","loading_gauge":"Kleinprofil","note":"U2: Ruhleben","operator":"Berliner Verkehrsbetriebe","railway":"subway","tunnel":"yes","voltage":"750"},"id":198739514},
{"type":"Feature","geometry":{"type":"LineString","coordinates":[[13.3420074,52.5018556],[13.3424786,52.501687],[13.3436116,52.50148]]},"properties":{"osmId":198739515,"osmType":"way","electrified":"rail","electrified:rail":"top","frequency":"0","gauge":"1435","layer":"-1","level":"-2","loading_gauge":"Kleinprofil","name":"U1","note":"TODO: check where exactly it goes underground;U1: Warschauer Straße","operator":"Berliner Verkehrsbetriebe","railway":"subway","tunnel":"yes","voltage":"750"},"id":198739515},
{"type":"Feature","geometry":{"type":"LineString","coordinates":[[13.3420532,52.5019293],[13.3437512,52.5015446]]},"properties":{"osmId":198739516,"osmType":"way","electrified":"rail","electrified:rail":"top","frequency":"0","gauge":"1435","layer":"-1","level":"-2","loading_gauge":"Kleinprofil","note":"TODO: check where exactly it goes underground;U3: Nollendorfplatz","operator":"Berliner Verkehrsbetriebe","railway":"subway","tunnel":"yes","voltage":"750"},"id":198739516},
{"type":"Feature","geometry":{"type":"LineString","coordinates":[[13.3421508,52.5020051],[13.3444479,52.5014914]]},"properties":{"osmId":198739518,"osmType":"way","electrified":"rail","electrified:rail":"top","frequency":"0","gauge":"1435","layer":"-1","level":"-2","loading_gauge":"Kleinprofil","note":"U2: Pankow","operator":"Berliner Verkehrsbetriebe","railway":"subway","tunnel":"yes","voltage":"750"},"id":198739518},
{"type":"Feature","geometry":{"type":"MultiLineString","coordinates":[[[13.3158584,52.4908344],[13.3185816,52.4918424],[13.3215714,52.4928521],[13.3234261,52.4935823],[13.3241785,52.4938073],[13.3258201,52.4944124],[13.3270142,52.494917],[13.3277565,52.495102],[13.3300233,52.4953204],[13.3308583,52.4957215],[13.330870330590413,52.49574372132843]],[[13.330870330590413,52.49574372132843],[13.330959540228523,52.49590849766934]],[[13.330959540228523,52.49590849766934],[13.330976,52.4959389],[13.3311093,52.4961978],[13.3313123,52.4963972],[13.3335163,52.497704],[13.3343518,52.4983271],[13.3347258,52.4987543],[13.3359045,52.4998525]]]},"properties":{"osmId":198741530,"osmType":"way","electrified":"rail","electrified:rail":"top","frequency":"0","gauge":"1435","layer":"-1","level":"-1","loading_gauge":"Kleinprofil","maxspeed":"60","name":"U3","note":"TODO: check where exactly it goes underground","operator":"Berliner Verkehrsbetriebe","railway":"subway","ref":"U3","tunnel":"yes","usage":"main","voltage":"750"},"id":198741530},
{"type":"Feature","geometry":{"type":"MultiLineString","coordinates":[[[13.3286227,52.5031569],[13.329268,52.5033032],[13.331349346549013,52.50377756516775]],[[13.331349346549013,52.50377756516775],[13.331501973064137,52.50381235067835]],[[13.331501973064137,52.50381235067835],[13.3318181,52.5038844],[13.3346467,52.5043911],[13.3352201,52.5044066],[13.3361001,52.5042797],[13.3368682,52.5040118]]]},"properties":{"osmId":198741537,"osmType":"way","electrified":"rail","electrified:rail":"top","frequency":"0","gauge":"1435","layer":"-1","level":"-1","loading_gauge":"Kleinprofil","name":"U1","note":"TODO: check where exactly it goes underground","operator":"Berliner Verkehrsbetriebe","passenger_lines":"2","railway":"subway","ref":"BII","start_date":"1913-10-12","tunnel":"yes","voltage":"750","workrules":"DE:BOStrab"},"id":198741537},
{"type":"Feature","geometry":{"type":"MultiLineString","coordinates":[[[13.3607559,52.5003669],[13.3588917,52.5009058],[13.3582189,52.5010043],[13.3580347,52.5010019],[13.357963413703708,52.500994942914936]],[[13.357963413703708,52.500994942914936],[13.3579599,52.5009946],[13.3578837,52.5009832],[13.357781598401907,52.5009667494772]],[[13.357781598401907,52.5009667494772],[13.3576764,52.5009498],[13.3572107,52.5008312],[13.3546072,52.4999619],[13.3537315,52.4997955],[13.3525393,52.4998831]]]},"properties":{"osmId":198741541,"osmType":"way","electrified":"rail","electrified:rail":"top","frequency":"0","gauge":"1435","layer":"-2","level":"-2","loading_gauge":"Kleinprofil","name":"U1","operator":"Berliner Verkehrsbetriebe","railway":"subway","tunnel":"yes","voltage":"750"},"id":198741541},
{"type":"Feature","geometry":{"type":"LineString","coordinates":[[13.4401972,52.4369276],[13.4396669,52.4371823]]},"properties":{"osmId":199172588,"osmType":"way","electrified":"rail","electrified:rail":"bottom","gauge":"1435","loading_gauge":"Großprofil","operator":"Berliner Verkehrsbetriebe","railway":"subway","service":"yard"},"id":199172588},
{"type":"Feature","geometry":{"type":"LineString","coordinates":[[13.4432337,52.4352348],[13.4438393,52.4349962]]},"properties":{"osmId":199172589,"osmType":"way","electrified":"rail","electrified:rail":"bottom","gauge":"1435","loading_gauge":"Großprofil","operator":"Berliner Verkehrsbetriebe","railway":"subway","service":"yard"},"id":199172589},
{"type":"Feature","geometry":{"type":"LineString","coordinates":[[13.4466256,52.4347652],[13.4469936,52.4346693]]},"properties":{"osmId":199172590,"osmType":"way","electrified":"no","gauge":"1435","loading_gauge":"Großprofil","operator":"Berliner Verkehrsbetriebe","railway":"subway","service":"yard"},"id":199172590},
{"type":"Feature","geometry":{"type":"LineString","coordinates":[[13.4461439,52.4349544],[13.4458563,52.4351144]]},"properties":{"osmId":199172591,"osmType":"way","electrified":"no","gauge":"1435","loading_gauge":"Großprofil","operator":"Berliner Verkehrsbetriebe","railway":"subway","service":"yard"},"id":199172591},
{"type":"Feature","geometry":{"type":"MultiLineString","coordinates":[[[13.4438459,52.4349335],[13.4434394,52.4351149]],[[13.4434394,52.4351149],[13.4401347,52.4364151]]]},"properties":{"osmId":199172592,"osmType":"way","electrified":"rail","electrified:rail":"bottom","frequency":"0","gauge":"1435","loading_gauge":"Großprofil","operator":"Berliner Verkehrsbetriebe","railway":"subway","service":"yard","voltage":"750"},"id":199172592},
{"type":"Feature","geometry":{"type":"LineString","coordinates":[[13.4432597,52.4353753],[13.4424647,52.4358144],[13.4401688,52.436723]]},"properties":{"osmId":199172593,"osmType":"way","electrified":"rail","electrified:rail":"bottom","frequency":"0","gauge":"1435","loading_gauge":"Großprofil","operator":"Berliner Verkehrsbetriebe","railway":"subway","service":"yard","voltage":"750"},"id":199172593},
{"type":"Feature","geometry":{"type":"LineString","coordinates":[[13.4451129,52.4345431],[13.4438459,52.4349335]]},"properties":{"osmId":199172594,"osmType":"way","electrified":"rail","electrified:rail":"bottom","frequency":"0","gauge":"1435","loading_gauge":"Großprofil","operator":"Berliner Verkehrsbetriebe","railway":"subway","service":"yard","voltage":"750"},"id":199172594},
{"type":"Feature","geometry":{"type":"LineString","coordinates":[[13.4429114,52.4355222],[13.4424355,52.4357839],[13.4401384,52.4366894]]},"properties":{"osmId":199172595,"osmType":"way","electrified":"rail","electrified:rail":"bottom","gauge":"1435","loading_gauge":"Großprofil","operator":"Berliner Verkehrsbetriebe","railway":"subway","service":"yard"},"id":199172595},
{"type":"Feature","geometry":{"type":"MultiLineString","coordinates":[[[13.4434394,52.4351149],[13.4432337,52.4352348]],[[13.4432337,52.4352348],[13.4390259,52.4368956]]]},"properties":{"osmId":199172596,"osmType":"way","electrified":"rail","electrified:rail":"bottom","frequency":"0","gauge":"1435","loading_gauge":"Großprofil","operator":"Berliner Verkehrsbetriebe","railway":"subway","service":"yard","voltage":"750"},"id":199172596},
{"type":"Feature","geometry":{"type":"MultiLineString","coordinates":[[[13.445438,52.43515],[13.4461673,52.4348642]],[[13.4461673,52.4348642],[13.4464556,52.4347507]],[[13.4464556,52.4347507],[13.4482349,52.4340465]]]},"properties":{"osmId":199172597,"osmType":"way","electrified":"no","gauge":"1435","loading_gauge":"Großprofil","operator":"Berliner Verkehrsbetriebe","railway":"subway","service":"yard"},"id":199172597},
{"type":"Feature","geometry":{"type":"MultiLineString","coordinates":[[[13.4455354,52.4352422],[13.4458563,52.4351144]],[[13.4458563,52.4351144],[13.4469936,52.4346693]],[[13.4469936,52.4346693],[13.4483677,52.4341282]]]},"properties":{"osmId":199172598,"osmType":"way","electrified":"no","gauge":"1435","loading_gauge":"Großprofil","operator":"Berliner Verkehrsbetriebe","railway":"subway","service":"yard"},"id":199172598},
{"type":"Feature","geometry":{"type":"LineString","coordinates":[[13.4437445,52.4357465],[13.4447132,52.4355155]]},"properties":{"osmId":199172599,"osmType":"way","electrified":"no","gauge":"1435","loading_gauge":"Großprofil","operator":"Berliner Verkehrsbetriebe","railway":"subway","service":"yard"},"id":199172599},
{"type":"Feature","geometry":{"type":"LineString","coordinates":[[13.4434685,52.4354486],[13.4428809,52.4358194],[13.440291,52.4368415]]},"properties":{"osmId":199172600,"osmType":"way","electrified":"rail","electrified:rail":"bottom","gauge":"1435","loading_gauge":"Großprofil","operator":"Berliner Verkehrsbetriebe","railway":"subway","service":"yard"},"id":199172600},
{"type":"Feature","geometry":{"type":"MultiLineString","coordinates":[[[13.4477967,52.4338435],[13.4455907,52.4348069],[13.4448228,52.4352207]],[[13.4448228,52.4352207],[13.4430711,52.4359169]],[[13.4430711,52.4359169],[13.4406331,52.4368396],[13.4402094,52.4369661]]]},"properties":{"osmId":199172601,"osmType":"way","electrified":"no","gauge":"1435","loading_gauge":"Großprofil","operator":"Berliner Verkehrsbetriebe","railway":"subway","service":"yard"},"id":199172601},
{"type":"Feature","geometry":{"type":"MultiLineString","coordinates":[[[13.4430711,52.4359169],[13.4437445,52.4357465]],[[13.4437445,52.4357465],[13.4446549,52.4354604]]]},"properties":{"osmId":199172602,"osmType":"way","electrified":"no","gauge":"1435","loading_gauge":"Großprofil","operator":"Berliner Verkehrsbetriebe","railway":"subway","service":"yard"},"id":199172602},
{"type":"Feature","geometry":{"type":"MultiLineString","coordinates":[[[13.4483264,52.4340908],[13.4470912,52.4345768]],[[13.4470912,52.4345768],[13.4466256,52.4347652]],[[13.4466256,52.4347652],[13.4461439,52.4349544]],[[13.4461439,52.4349544],[13.4454943,52.4352033]]]},"properties":{"osmId":199172603,"osmType":"way","electrified":"no","gauge":"1435","loading_gauge":"Großprofil","operator":"Berliner Verkehrsbetriebe","railway":"subway","service":"yard"},"id":199172603},
{"type":"Feature","geometry":{"type":"MultiLineString","coordinates":[[[13.4380655,52.437814],[13.4396669,52.4371823]],[[13.4396669,52.4371823],[13.4402094,52.4369661]],[[13.4402094,52.4369661],[13.443293,52.4357535],[13.4477095,52.4338279]]]},"properties":{"osmId":199172604,"osmType":"way","electrified":"rail","electrified:rail":"bottom","frequency":"0","gauge":"1435","loading_gauge":"Großprofil","operator":"Berliner Verkehrsbetriebe","railway":"subway","service":"yard","voltage":"750"},"id":199172604},
{"type":"Feature","geometry":{"type":"LineString","coordinates":[[13.4448228,52.4352207],[13.4461673,52.4348642]]},"properties":{"osmId":199172605,"osmType":"way","electrified":"no","gauge":"1435","loading_gauge":"Großprofil","operator":"Berliner Verkehrsbetriebe","railway":"subway","service":"yard"},"id":199172605},
{"type":"Feature","geometry":{"type":"MultiLineString","coordinates":[[[13.4088214,52.519092],[13.4106211,52.5199279]],[[13.4106211,52.5199279],[13.4108477,52.5200272]],[[13.4108477,52.5200272],[13.4117419,52.520457]],[[13.4117419,52.520457],[13.4124298,52.5207975],[13.4125721,52.5208539],[13.412635046243908,52.520873246028295]],[[13.412635046243908,52.520873246028295],[13.412923279211608,52.52096183214245]],[[13.412923279211608,52.52096183214245],[13.4129235,52.5209619],[13.4137002,52.5212903],[13.414168264562885,52.52153730274523]],[[13.414168264562885,52.52153730274523],[13.414370669723308,52.52164411414314]],[[13.414370669723308,52.52164411414314],[13.4145717,52.5217502],[13.4150296,52.521973]]]},"properties":{"osmId":199425790,"osmType":"way","electrified":"rail","electrified:rail":"bottom","frequency":"0","gauge":"1435","layer":"-5","level":"-5","loading_gauge":"Großprofil","maxspeed":"70","operator":"Berliner Verkehrsbetriebe","railway":"subway","service":"siding","subway":"yes","tunnel":"yes","voltage":"750"},"id":199425790},
{"type":"Feature","geometry":{"type":"LineString","coordinates":[[13.4121242,52.5207037],[13.4117419,52.520457]]},"properties":{"osmId":199425792,"osmType":"way","electrified":"rail","electrified:rail":"bottom","frequency":"0","gauge":"1435","layer":"-2","level":"-5","loading_gauge":"Großprofil","maxspeed":"70","operator":"Berliner Verkehrsbetriebe","railway":"subway","service":"siding","tunnel":"yes","voltage":"750"},"id":199425792},
{"type":"Feature","geometry":{"type":"MultiLineString","coordinates":[[[13.4125656,52.520984],[13.412523372241624,52.52095410274707]],[[13.412523372241624,52.52095410274707],[13.4125156,52.5209486],[13.4123719,52.520832],[13.4123164,52.5207984]]]},"properties":{"osmId":199425794,"osmType":"way","electrified":"rail","electrified:rail":"bottom","frequency":"0","gauge":"1435","layer":"-2","level":"-5","loading_gauge":"Großprofil","maxspeed":"70","operator":"Berliner Verkehrsbetriebe","railway":"subway","service":"crossover","tunnel":"yes","voltage":"750"},"id":199425794},
{"type":"Feature","geometry":{"type":"MultiLineString","coordinates":[[[13.4087232,52.5191629],[13.4111624,52.5202931]],[[13.4111624,52.5202931],[13.4115121,52.5204605]],[[13.4115121,52.5204605],[13.4117596,52.5205875]],[[13.4117596,52.5205875],[13.41251586888166,52.520959535498235]],[[13.41251586888166,52.520959535498235],[13.4125656,52.520984]],[[13.4125656,52.520984],[13.41276019175327,52.52107957713227]],[[13.41276019175327,52.52107957713227],[13.412826,52.5211119]]]},"properties":{"osmId":199425795,"osmType":"way","electrified":"rail","electrified:rail":"bottom","frequency":"0","gauge":"1435","layer":"-2","level":"-5","loading_gauge":"Großprofil","maxspeed":"70","operator":"Berliner Verkehrsbetriebe","railway":"subway","tunnel":"yes","voltage":"750"},"id":199425795},
{"type":"Feature","geometry":{"type":"LineString","coordinates":[[13.4109274,52.522183],[13.4099316,52.5225357],[13.4095015,52.5229722],[13.4092524,52.5237607],[13.409002,52.5240799],[13.4085225,52.5243201],[13.4073676,52.5247389],[13.406124,52.525047]]},"properties":{"osmId":199425798,"osmType":"way","electrified":"rail","frequency":"0","gauge":"1435","layer":"-2","level":"-2","loading_gauge":"Großprofil","name":"U8","operator":"Berliner Verkehrsbetriebe","railway":"subway","tunnel":"yes","voltage":"750"},"id":199425798},
{"type":"Feature","geometry":{"type":"MultiLineString","coordinates":[[[13.4143709,52.5218396],[13.41422090306703,52.521769048038756]],[[13.41422090306703,52.521769048038756],[13.41400553430088,52.521667748041864]],[[13.41400553430088,52.521667748041864],[13.4130283,52.5212081]]]},"properties":{"osmId":199425808,"osmType":"way","electrified":"rail","electrified:rail":"bottom","frequency":"0","gauge":"1435","layer":"-5","level":"-5","loading_gauge":"Großprofil","maxspeed":"70","operator":"Berliner Verkehrsbetriebe","railway":"subway","subway":"yes","tunnel":"yes","voltage":"750"},"id":199425808},
{"type":"Feature","geometry":{"type":"LineString","coordinates":[[13.4116062,52.5667564],[13.4121138,52.5660926],[13.4123275,52.565514],[13.4127937,52.5626431],[13.4130053,52.561156],[13.4131399,52.5598155]]},"properties":{"osmId":199425810,"osmType":"way","electrified":"rail","electrified:rail":"top","frequency":"0","gauge":"1435","layer":"-2","level":"-2","loading_gauge":"Kleinprofil","operator":"Berliner Verkehrsbetriebe","railway":"subway","tunnel":"yes","voltage":"750"},"id":199425810},
{"type":"Feature","geometry":{"type":"MultiLineString","coordinates":[[[13.4150296,52.521973],[13.4153081,52.5221462],[13.415342858525172,52.522177756647736]],[[13.415342858525172,52.522177756647736],[13.415405512803094,52.522234639354]],[[13.415405512803094,52.522234639354],[13.4154134,52.5222418],[13.4155205,52.5223681],[13.4157389,52.5227737]]]},"properties":{"osmId":199426994,"osmType":"way","electrified":"rail","frequency":"0","gauge":"1435","layer":"-3","loading_gauge":"Großprofil","maxspeed":"70","operator":"Berliner Verkehrsbetriebe","railway":"subway","service":"siding","tunnel":"yes","voltage":"750"},"id":199426994},
{"type":"Feature","geometry":{"type":"MultiLineString","coordinates":[[[13.3420226,52.5021366],[13.3418586,52.502165]],[[13.3418586,52.502165],[13.3417372,52.5021848]]]},"properties":{"osmId":199528711,"osmType":"way","electrified":"rail","frequency":"0","gauge":"1435","layer":"-1","level":"-2","loading_gauge":"Kleinprofil","operator":"Berliner Verkehrsbetriebe","railway":"subway","service":"crossover","tunnel":"yes","voltage":"750"},"id":199528711},
{"type":"Feature","geometry":{"type":"LineString","coordinates":[[13.3406311,52.5025276],[13.3415871,52.5021469]]},"properties":{"osmId":199544339,"osmType":"way","electrified":"rail","electrified:rail":"top","frequency":"0","gauge":"1435","layer":"-1","level":"-2","loading_gauge":"Kleinprofil","name":"U3","note":"TODO: check where exactly it goes underground","operator":"Berliner Verkehrsbetriebe","railway":"subway","ref":"U3","tunnel":"yes","usage":"main","voltage":"750"},"id":199544339},
{"type":"Feature","geometry":{"type":"MultiLineString","coordinates":[[[13.3389506,52.5026184],[13.3392981,52.5027025],[13.3401669,52.5026439]],[[13.3401669,52.5026439],[13.3406311,52.5025276]]]},"properties":{"osmId":199544340,"osmType":"way","electrified":"rail","electrified:rail":"top","frequency":"0","gauge":"1435","layer":"-2","level":"-2","loading_gauge":"Kleinprofil","name":"U3","note":"TODO: check where exactly it goes underground","operator":"Berliner Verkehrsbetriebe","railway":"subway","ref":"U3","tunnel":"yes","usage":"main","voltage":"750"},"id":199544340},
{"type":"Feature","geometry":{"type":"LineString","coordinates":[[13.3508664,52.5001493],[13.35171,52.4999696]]},"properties":{"osmId":199544341,"osmType":"way","electrified":"rail","electrified:rail":"top","frequency":"0","gauge":"1435","loading_gauge":"Kleinprofil","operator":"Berliner Verkehrsbetriebe","railway":"subway","voltage":"750"},"id":199544341},
{"type":"Feature","geometry":{"type":"LineString","coordinates":[[13.3517255,52.4999963],[13.350879,52.5001723]]},"properties":{"osmId":199544342,"osmType":"way","electrified":"rail","electrified:rail":"top","frequency":"0","gauge":"1435","loading_gauge":"Kleinprofil","operator":"Berliner Verkehrsbetriebe","railway":"subway","voltage":"750"},"id":199544342},
{"type":"Feature","geometry":{"type":"LineString","coordinates":[[13.3525433,52.4998219],[13.3517255,52.4999963]]},"properties":{"osmId":199544345,"osmType":"way","electrified":"rail","electrified:rail":"top","frequency":"0","gauge":"1435","layer":"1","loading_gauge":"Kleinprofil","operator":"Berliner Verkehrsbetriebe","railway":"subway","voltage":"750"},"id":199544345},
{"type":"Feature","geometry":{"type":"LineString","coordinates":[[13.350879,52.5001723],[13.3499658,52.5003676]]},"properties":{"osmId":199544348,"osmType":"way","electrified":"rail","electrified:rail":"top","frequency":"0","gauge":"1435","layer":"1","loading_gauge":"Kleinprofil","operator":"Berliner Verkehrsbetriebe","railway":"subway","voltage":"750"},"id":199544348},
{"type":"Feature","geometry":{"type":"LineString","coordinates":[[13.35171,52.4999696],[13.3525281,52.4997955]]},"properties":{"osmId":199544351,"osmType":"way","electrified":"rail","electrified:rail":"top","frequency":"0","gauge":"1435","layer":"1","loading_gauge":"Kleinprofil","operator":"Berliner Verkehrsbetriebe","railway":"subway","voltage":"750"},"id":199544351},
{"type":"Feature","geometry":{"type":"MultiLineString","coordinates":[[[13.3419777,52.5021025],[13.3418586,52.502165]],[[13.3418586,52.502165],[13.3418002,52.5021957]]]},"properties":{"osmId":199544354,"osmType":"way","electrified":"rail","frequency":"0","gauge":"1435","layer":"-1","level":"-2","loading_gauge":"Kleinprofil","operator":"Berliner Verkehrsbetriebe","railway":"subway","service":"crossover","tunnel":"yes","voltage":"750"},"id":199544354},
{"type":"Feature","geometry":{"type":"LineString","coordinates":[[13.3389411,52.502717],[13.3384763,52.5024298],[13.336878,52.5008779]]},"properties":{"osmId":199544357,"osmType":"way","electrified":"rail","electrified:rail":"top","frequency":"0","gauge":"1435","layer":"-1","level":"-1","loading_gauge":"Kleinprofil","maxspeed":"60","name":"U3","note":"U3: Nollendorfplatz; U1: Warschauer Straße","operator":"Berliner Verkehrsbetriebe","railway":"subway","tunnel":"yes","usage":"main","voltage":"750"},"id":199544357},
{"type":"Feature","geometry":{"type":"LineString","coordinates":[[13.3415694,52.5023049],[13.3395198,52.5031073],[13.3370147,52.5041686]]},"properties":{"osmId":199544360,"osmType":"way","electrified":"rail","electrified:rail":"top","frequency":"0","gauge":"1435","layer":"-1","level":"-2","loading_gauge":"Kleinprofil","name":"U1","note":"U3: Nollendorfplatz; U1: Warschauer Straße","operator":"Berliner Verkehrsbetriebe","railway":"subway","tunnel":"yes","voltage":"750"},"id":199544360},
{"type":"Feature","geometry":{"type":"MultiLineString","coordinates":[[[13.3370147,52.5041686],[13.3368417,52.5042329],[13.3366709,52.5042837],[13.336652685727955,52.504288289965906]],[[13.336652685727955,52.504288289965906],[13.336528943757079,52.50431947273433]],[[13.336528943757079,52.50431947273433],[13.3364332,52.5043436],[13.3360113,52.5044163]]]},"properties":{"osmId":199544364,"osmType":"way","electrified":"rail","electrified:rail":"top","frequency":"0","gauge":"1435","layer":"-2","level":"-1","loading_gauge":"Kleinprofil","name":"U1","note":"U3: Nollendorfplatz; U1: Warschauer Straße","operator":"Berliner Verkehrsbetriebe","railway":"subway","tunnel":"yes","voltage":"750"},"id":199544364},
{"type":"Feature","geometry":{"type":"LineString","coordinates":[[13.3415694,52.5023049],[13.34051,52.5027073]]},"properties":{"osmId":199544366,"osmType":"way","electrified":"rail","electrified:rail":"top","frequency":"0","gauge":"1435","layer":"-1","level":"-2","loading_gauge":"Kleinprofil","name":"U3","note":"U3: Nollendorfplatz; U1: Warschauer Straße","operator":"Berliner Verkehrsbetriebe","railway":"subway","tunnel":"yes","usage":"main","voltage":"750"},"id":199544366},
{"type":"Feature","geometry":{"type":"MultiLineString","coordinates":[[[13.3360113,52.5044163],[13.334999,52.5044616],[13.3338745,52.5042914],[13.331508478076884,52.50385673421143]],[[13.331508478076884,52.50385673421143],[13.3314691,52.5038495],[13.33136028791702,52.50382684761628]],[[13.33136028791702,52.50382684761628],[13.3292292,52.5033832],[13.3275115,52.5030185]]]},"properties":{"osmId":199544367,"osmType":"way","electrified":"rail","electrified:rail":"top","frequency":"0","gauge":"1435","layer":"-1","level":"-1","loading_gauge":"Kleinprofil","name":"U1","note":"U3: Nollendorfplatz; U1: Warschauer Straße","operator":"Berliner Verkehrsbetriebe","passenger_lines":"2","railway":"subway","ref":"BII","start_date":"1913-10-12","tunnel":"yes","voltage":"750","workrules":"DE:BOStrab"},"id":199544367},
{"type":"Feature","geometry":{"type":"MultiLineString","coordinates":[[[13.34051,52.5027073],[13.3401976,52.5027901]],[[13.3401976,52.5027901],[13.3400907,52.5028079],[13.340042753622738,52.50281505704418]],[[13.340042753622738,52.50281505704418],[13.3398435,52.5028448],[13.339721,52.5028586]],[[13.339721,52.5028586],[13.3389411,52.502717]]]},"properties":{"osmId":199544368,"osmType":"way","electrified":"rail","electrified:rail":"top","frequency":"0","gauge":"1435","layer":"-2","level":"-3","loading_gauge":"Kleinprofil","name":"U3","note":"U3: Nollendorfplatz; U1: Warschauer Straße","operator":"Berliner Verkehrsbetriebe","railway":"subway","tunnel":"yes","usage":"main","voltage":"750"},"id":199544368},
{"type":"Feature","geometry":{"type":"MultiLineString","coordinates":[[[13.3562801,52.5004705],[13.3572478,52.5007945],[13.3574644,52.5008454],[13.357619721746229,52.5008850653165]],[[13.357619721746229,52.5008850653165],[13.3576923,52.5009036],[13.357818443332478,52.50092107069884]],[[13.357818443332478,52.50092107069884],[13.3578988,52.5009322],[13.3580553,52.5009443],[13.3584793,52.5009371],[13.3587927,52.5008762]]]},"properties":{"osmId":199545399,"osmType":"way","electrified":"rail","electrified:rail":"top","frequency":"0","gauge":"1435","layer":"-2","level":"-2","loading_gauge":"Kleinprofil","name":"U1","operator":"Berliner Verkehrsbetriebe","railway":"subway","tunnel":"yes","voltage":"750"},"id":199545399},
{"type":"Feature","geometry":{"type":"MultiLineString","coordinates":[[[13.3308342,52.5067973],[13.3311642,52.5066989]],[[13.3311642,52.5066989],[13.3312918,52.5066736]],[[13.3312918,52.5066736],[13.3318628,52.5064119]]]},"properties":{"osmId":199548096,"osmType":"way","electrified":"rail","electrified:rail":"top","frequency":"0","gauge":"1435","layer":"-1","level":"-2","loading_gauge":"Kleinprofil","operator":"Berliner Verkehrsbetriebe","railway":"subway","tunnel":"yes","voltage":"750"},"id":199548096},
{"type":"Feature","geometry":{"type":"MultiLineString","coordinates":[[[13.413097,52.5221892],[13.4129932,52.5222666]],[[13.4129932,52.5222666],[13.4127582,52.5223902]],[[13.4127582,52.5223902],[13.4116848,52.5228898],[13.411227642406216,52.523215735277645]],[[13.411227642406216,52.523215735277645],[13.4109518,52.5234124],[13.410378,52.5237297]]]},"properties":{"osmId":199579024,"osmType":"way","electrified":"rail","frequency":"0","gauge":"1435","layer":"-1","level":"-1","loading_gauge":"Kleinprofil","operator":"Berliner Verkehrsbetriebe","railway":"subway","service":"siding","tunnel":"yes","voltage":"750"},"id":199579024},
{"type":"Feature","geometry":{"type":"MultiLineString","coordinates":[[[13.4129932,52.5222666],[13.4129066,52.5223428]],[[13.4129066,52.5223428],[13.4127967,52.5224137]]]},"properties":{"osmId":199579025,"osmType":"way","electrified":"rail","frequency":"0","gauge":"1435","layer":"-1","level":"-1","loading_gauge":"Kleinprofil","operator":"Berliner Verkehrsbetriebe","railway":"subway","service":"crossover","tunnel":"yes","voltage":"750"},"id":199579025},
{"type":"Feature","geometry":{"type":"MultiLineString","coordinates":[[[13.4130621,52.5223065],[13.4129066,52.5223428]],[[13.4129066,52.5223428],[13.4127582,52.5223902]]]},"properties":{"osmId":199579026,"osmType":"way","electrified":"rail","frequency":"0","gauge":"1435","layer":"-1","level":"-1","loading_gauge":"Kleinprofil","operator":"Berliner Verkehrsbetriebe","railway":"subway","service":"crossover","tunnel":"yes","voltage":"750"},"id":199579026},
{"type":"Feature","geometry":{"type":"LineString","coordinates":[[13.4118704,52.5131974],[13.4116949,52.5130159],[13.4113363,52.512802]]},"properties":{"osmId":199579027,"osmType":"way","electrified":"rail","frequency":"0","gauge":"1435","layer":"-1","level":"-1","loading_gauge":"Kleinprofil","operator":"Berliner Verkehrsbetriebe","railway":"subway","service":"crossover","tunnel":"yes","voltage":"750"},"id":199579027},
{"type":"Feature","geometry":{"type":"MultiLineString","coordinates":[[[13.4132179,52.5222623],[13.4130621,52.5223065]],[[13.4130621,52.5223065],[13.4127967,52.5224137]],[[13.4127967,52.5224137],[13.4117179,52.5229162],[13.4114659,52.5230713],[13.411227642406216,52.523215735277645]],[[13.411227642406216,52.523215735277645],[13.4109156,52.5234049]]]},"properties":{"osmId":199579028,"osmType":"way","electrified":"rail","frequency":"0","gauge":"1435","layer":"-1","level":"-1","loading_gauge":"Kleinprofil","operator":"Berliner Verkehrsbetriebe","railway":"subway","service":"siding","tunnel":"yes","voltage":"750"},"id":199579028},
{"type":"Feature","geometry":{"type":"MultiLineString","coordinates":[[[13.4114396,52.5674821],[13.4112672,52.5676411]],[[13.4112672,52.5676411],[13.4111116,52.5678026]]]},"properties":{"osmId":199642452,"osmType":"way","electrified":"rail","frequency":"0","gauge":"1435","layer":"-1","loading_gauge":"Kleinprofil","operator":"Berliner Verkehrsbetriebe","railway":"subway","service":"crossover","tunnel":"yes","voltage":"750"},"id":199642452},
{"type":"Feature","geometry":{"type":"MultiLineString","coordinates":[[[13.4112761,52.5674509],[13.4112672,52.5676411]],[[13.4112672,52.5676411],[13.4112428,52.5678297]]]},"properties":{"osmId":199642453,"osmType":"way","electrified":"rail","frequency":"0","gauge":"1435","layer":"-1","loading_gauge":"Kleinprofil","operator":"Berliner Verkehrsbetriebe","railway":"subway","service":"crossover","tunnel":"yes","voltage":"750"},"id":199642453},
{"type":"Feature","geometry":{"type":"LineString","coordinates":[[13.3403421,52.4887279],[13.3404274,52.4894319],[13.3405894,52.4898282],[13.3417134,52.4907016],[13.3419988,52.4914201],[13.3418292,52.4942044],[13.3418608,52.4950855],[13.342128,52.4956019],[13.3426196,52.4959158]]},"properties":{"osmId":199742061,"osmType":"way","electrified":"rail","electrified:rail":"top","frequency":"0","gauge":"1435","layer":"-1","level":"-1","loading_gauge":"Kleinprofil","maxspeed":"60","name":"U4","operator":"Berliner Verkehrsbetriebe","railway":"subway","tunnel":"yes","voltage":"750"},"id":199742061},
{"type":"Feature","geometry":{"type":"LineString","coordinates":[[13.3525393,52.4998831],[13.3451403,52.501429],[13.3443388,52.5016105]]},"properties":{"osmId":199742067,"osmType":"way","electrified":"rail","electrified:rail":"top","frequency":"0","gauge":"1435","layer":"-1","level":"-1","loading_gauge":"Kleinprofil","name":"U1","note":"U3: Krummelanke; U1: Uhlandstraße","operator":"Berliner Verkehrsbetriebe","railway":"subway","tunnel":"yes","voltage":"750"},"id":199742067},
{"type":"Feature","geometry":{"type":"MultiLineString","coordinates":[[[13.3541023,52.4997447],[13.3536523,52.4997131],[13.353597338831417,52.49971486998766]],[[13.353597338831417,52.49971486998766],[13.3534722,52.4997189],[13.3532607,52.4997499],[13.3525393,52.4998831]]]},"properties":{"osmId":199742068,"osmType":"way","electrified":"rail","electrified:rail":"top","frequency":"0","gauge":"1435","layer":"-2","level":"-2","loading_gauge":"Kleinprofil","note":"U3: Krummelanke; U1: Uhlandstraße","operator":"Berliner Verkehrsbetriebe","railway":"subway","tunnel":"yes","voltage":"750"},"id":199742068},
{"type":"Feature","geometry":{"type":"MultiLineString","coordinates":[[[13.3552895,52.5001454],[13.3554935,52.5001834],[13.355663413425146,52.50020931332984]],[[13.355663413425146,52.50020931332984],[13.3557984,52.5002299],[13.356,52.5002681]]]},"properties":{"osmId":199742069,"osmType":"way","electrified":"rail","electrified:rail":"top","frequency":"0","gauge":"1435","layer":"-1","level":"-1","loading_gauge":"Kleinprofil","operator":"Berliner Verkehrsbetriebe","railway":"subway","service":"crossover","tunnel":"yes","voltage":"750"},"id":199742069},
{"type":"Feature","geometry":{"type":"LineString","coordinates":[[13.3606888,52.500279],[13.3624677,52.4997645]]},"properties":{"osmId":199742070,"osmType":"way","electrified":"rail","electrified:rail":"top","frequency":"0","gauge":"1435","layer":"-1","level":"-1","loading_gauge":"Kleinprofil","name":"U1","operator":"Berliner Verkehrsbetriebe","railway":"subway","railway:track_ref":"2","tunnel":"yes","voltage":"750"},"id":199742070},
{"type":"Feature","geometry":{"type":"LineString","coordinates":[[13.3370889,52.5009998],[13.3386235,52.5024605],[13.3389506,52.5026184]]},"properties":{"osmId":199786531,"osmType":"way","electrified":"rail","electrified:rail":"top","frequency":"0","gauge":"1435","layer":"-1","level":"-1","loading_gauge":"Kleinprofil","maxspeed":"60","name":"U3","note":"TODO: check where exactly it goes underground","operator":"Berliner Verkehrsbetriebe","railway":"subway","ref":"U3","tunnel":"yes","usage":"main","voltage":"750"},"id":199786531},
{"type":"Feature","geometry":{"type":"MultiLineString","coordinates":[[[13.3879612,52.5119958],[13.3882278,52.5120269]],[[13.3882278,52.5120269],[13.3886579,52.5120779]]]},"properties":{"osmId":199847307,"osmType":"way","detail":"track","electrified":"rail","frequency":"0","gauge":"1435","layer":"-2","level":"-1","loading_gauge":"Kleinprofil","operator":"Berliner Verkehrsbetriebe","railway":"subway","service":"crossover","tunnel":"yes","voltage":"750"},"id":199847307},
{"type":"Feature","geometry":{"type":"MultiLineString","coordinates":[[[13.388661,52.5120236],[13.3882278,52.5120269]],[[13.3882278,52.5120269],[13.3879552,52.512027]]]},"properties":{"osmId":199847311,"osmType":"way","detail":"track","electrified":"rail","frequency":"0","gauge":"1435","layer":"-2","level":"-1","loading_gauge":"Kleinprofil","operator":"Berliner Verkehrsbetriebe","railway":"subway","service":"crossover","tunnel":"yes","voltage":"750"},"id":199847311},
{"type":"Feature","geometry":{"type":"LineString","coordinates":[[13.3836704,52.5115389],[13.3823838,52.5112581],[13.3804911,52.5109666],[13.3799746,52.5106733],[13.3788159,52.5095617],[13.3780164,52.5091378],[13.3774057,52.5086813]]},"properties":{"osmId":199847315,"osmType":"way","detail":"track","electrified":"rail","electrified:rail":"top","frequency":"0","gauge":"1435","layer":"-1","level":"-1","loading_gauge":"Kleinprofil","name":"U2","operator":"Berliner Verkehrsbetriebe","railway":"subway","tunnel":"yes","voltage":"750"},"id":199847315},
{"type":"Feature","geometry":{"type":"LineString","coordinates":[[13.3923566,52.512316],[13.3897679,52.5121567]]},"properties":{"osmId":199847319,"osmType":"way","detail":"track","electrified":"rail","electrified:rail":"top","frequency":"0","gauge":"1435","layer":"-1","level":"-1","loading_gauge":"Kleinprofil","operator":"Berliner Verkehrsbetriebe","railway":"subway","tunnel":"yes","voltage":"750"},"id":199847319},
{"type":"Feature","geometry":{"type":"LineString","coordinates":[[13.3771941,52.5082646],[13.3773552,52.5086256]]},"properties":{"osmId":199847326,"osmType":"way","electrified":"rail","frequency":"0","gauge":"1435","layer":"-2","level":"-1","loading_gauge":"Kleinprofil","operator":"Berliner Verkehrsbetriebe","railway":"subway","service":"siding","tunnel":"yes","voltage":"750"},"id":199847326},
{"type":"Feature","geometry":{"type":"LineString","coordinates":[[13.4056498,52.5112541],[13.4052553,52.5112989]]},"properties":{"osmId":199847336,"osmType":"way","electrified":"rail","frequency":"0","gauge":"1435","layer":"-2","loading_gauge":"Kleinprofil","operator":"Berliner Verkehrsbetriebe","railway":"subway","service":"yard","tunnel":"yes","voltage":"750"},"id":199847336},
{"type":"Feature","geometry":{"type":"LineString","coordinates":[[13.3923822,52.5122333],[13.392928,52.5124387],[13.3935584,52.5130638],[13.3939856,52.5132487]]},"properties":{"osmId":199847339,"osmType":"way","detail":"track","electrified":"rail","electrified:rail":"top","frequency":"0","gauge":"1435","layer":"-2","level":"-1","loading_gauge":"Kleinprofil","operator":"Berliner Verkehrsbetriebe","railway":"subway","tunnel":"yes","voltage":"750"},"id":199847339},
{"type":"Feature","geometry":{"type":"MultiLineString","coordinates":[[[13.3887341,52.512024],[13.3892815,52.5120402],[13.389547407812328,52.51205460879771]],[[13.389547407812328,52.51205460879771],[13.389678801977283,52.512061728678574]],[[13.389678801977283,52.512061728678574],[13.3897281,52.5120644],[13.3897779,52.5120671],[13.3922072,52.5122095],[13.3923822,52.5122333]]]},"properties":{"osmId":199847347,"osmType":"way","detail":"track","electrified":"rail","electrified:rail":"top","frequency":"0","gauge":"1435","layer":"-1","level":"-1","loading_gauge":"Kleinprofil","operator":"Berliner Verkehrsbetriebe","railway":"subway","tunnel":"yes","voltage":"750"},"id":199847347},
{"type":"Feature","geometry":{"type":"MultiLineString","coordinates":[[[13.3765193,52.5070594],[13.3771941,52.5082646]],[[13.3771941,52.5082646],[13.377442,52.5085015]]]},"properties":{"osmId":199847349,"osmType":"way","electrified":"rail","frequency":"0","gauge":"1435","layer":"-2","level":"-1","loading_gauge":"Kleinprofil","operator":"Berliner Verkehrsbetriebe","railway":"subway","ref":"6","service":"siding","tunnel":"yes","voltage":"750"},"id":199847349},
{"type":"Feature","geometry":{"type":"MultiLineString","coordinates":[[[13.4052044,52.5112213],[13.4056498,52.5112541]],[[13.4056498,52.5112541],[13.4069276,52.5114159],[13.4087633,52.5119749]]]},"properties":{"osmId":199847350,"osmType":"way","electrified":"rail","frequency":"0","gauge":"1435","layer":"-2","loading_gauge":"Kleinprofil","operator":"Berliner Verkehrsbetriebe","railway":"subway","service":"yard","tunnel":"yes","voltage":"750"},"id":199847350},
{"type":"Feature","geometry":{"type":"LineString","coordinates":[[13.3286227,52.5031569],[13.3275115,52.5030185]]},"properties":{"osmId":199882644,"osmType":"way","electrified":"rail","electrified:rail":"top","frequency":"0","gauge":"1435","layer":"-1","loading_gauge":"Kleinprofil","note":"TODO: check where exactly it goes underground","operator":"Berliner Verkehrsbetriebe","railway":"subway","service":"crossover","tunnel":"yes","voltage":"750","workrules":"DE:BOStrab"},"id":199882644},
{"type":"Feature","geometry":{"type":"LineString","coordinates":[[13.3269569,52.5028079],[13.3286227,52.5031569]]},"properties":{"osmId":199882645,"osmType":"way","electrified":"rail","frequency":"0","gauge":"1435","layer":"-1","level":"-1","loading_gauge":"Kleinprofil","name":"U1","note":"TODO: check where exactly it goes underground","operator":"Berliner Verkehrsbetriebe","passenger_lines":"2","railway":"subway","ref":"BII","start_date":"1913-10-12","tunnel":"yes","voltage":"750","workrules":"DE:BOStrab"},"id":199882645},
{"type":"Feature","geometry":{"type":"LineString","coordinates":[[13.3275115,52.5030185],[13.3264501,52.5028059]]},"properties":{"osmId":199882646,"osmType":"way","electrified":"rail","electrified:rail":"top","frequency":"0","gauge":"1435","layer":"-1","level":"-1","loading_gauge":"Kleinprofil","name":"U1","note":"U3: Nollendorfplatz; U1: Warschauer Straße","operator":"Berliner Verkehrsbetriebe","passenger_lines":"2","railway":"subway","ref":"BII","start_date":"1913-10-12","tunnel":"yes","voltage":"750","workrules":"DE:BOStrab"},"id":199882646},
{"type":"Feature","geometry":{"type":"MultiLineString","coordinates":[[[13.4478169,52.5035167],[13.4476374,52.5033209]],[[13.4476374,52.5033209],[13.447454,52.5031206]]]},"properties":{"osmId":199887587,"osmType":"way","electrified":"rail","electrified:rail":"top","frequency":"0","gauge":"1435","layer":"2","loading_gauge":"Kleinprofil","operator":"Berliner Verkehrsbetriebe","railway":"subway","service":"crossover","tunnel":"no","voltage":"750"},"id":199887587},
{"type":"Feature","geometry":{"type":"MultiLineString","coordinates":[[[13.4474998,52.5031066],[13.4476374,52.5033209]],[[13.4476374,52.5033209],[13.4477699,52.5035292]]]},"properties":{"osmId":199887588,"osmType":"way","electrified":"rail","electrified:rail":"top","frequency":"0","gauge":"1435","layer":"2","loading_gauge":"Kleinprofil","operator":"Berliner Verkehrsbetriebe","railway":"subway","service":"crossover","tunnel":"no","voltage":"750"},"id":199887588},
{"type":"Feature","geometry":{"type":"LineString","coordinates":[[13.4477699,52.5035292],[13.447454,52.5031206]]},"properties":{"osmId":199887589,"osmType":"way","electrified":"rail","electrified:rail":"top","frequency":"0","gauge":"1435","layer":"2","level":"1","loading_gauge":"Kleinprofil","name":"U1","operator":"Berliner Verkehrsbetriebe","railway":"subway","tunnel":"no","voltage":"750"},"id":199887589},
{"type":"Feature","geometry":{"type":"LineString","coordinates":[[13.4474998,52.5031066],[13.4478169,52.5035167]]},"properties":{"osmId":199887590,"osmType":"way","electrified":"rail","electrified:rail":"top","frequency":"0","gauge":"1435","layer":"2","level":"1","loading_gauge":"Kleinprofil","name":"U1","operator":"Berliner Verkehrsbetriebe","railway":"subway","tunnel":"no","voltage":"750"},"id":199887590},
{"type":"Feature","geometry":{"type":"LineString","coordinates":[[13.447454,52.5031206],[13.447141,52.5027707]]},"properties":{"osmId":199887591,"osmType":"way","electrified":"rail","electrified:rail":"top","frequency":"0","gauge":"1435","height":"6","layer":"2","level":"1","loading_gauge":"Kleinprofil","name":"U1","operator":"Berliner Verkehrsbetriebe","railway":"subway","tunnel":"no","voltage":"750"},"id":199887591},
{"type":"Feature","geometry":{"type":"LineString","coordinates":[[13.448256,52.504075],[13.448927,52.5047896]]},"properties":{"osmId":199887592,"osmType":"way","electrified":"rail","electrified:rail":"top","frequency":"0","gauge":"1435","layer":"2","level":"1","loading_gauge":"Kleinprofil","name":"U1","operator":"Berliner Verkehrsbetriebe","railway":"subway","railway:track_ref":"2","tunnel":"no","voltage":"750"},"id":199887592},
{"type":"Feature","geometry":{"type":"MultiLineString","coordinates":[[[13.4131383,52.5599955],[13.413182,52.5601407]],[[13.413182,52.5601407],[13.4132236,52.5602751]]]},"properties":{"osmId":200422079,"osmType":"way","electrified":"rail","frequency":"0","gauge":"1435","layer":"-1","loading_gauge":"Kleinprofil","operator":"Berliner Verkehrsbetriebe","railway":"subway","service":"crossover","tunnel":"yes","voltage":"750"},"id":200422079},
{"type":"Feature","geometry":{"type":"MultiLineString","coordinates":[[[13.4115492,52.5673002],[13.4114396,52.5674821]],[[13.4114396,52.5674821],[13.4112428,52.5678297]],[[13.4112428,52.5678297],[13.4102828,52.5696055]]]},"properties":{"osmId":200422083,"osmType":"way","electrified":"rail","electrified:rail":"top","frequency":"0","gauge":"1435","layer":"-1","level":"-2","loading_gauge":"Kleinprofil","operator":"Berliner Verkehrsbetriebe","railway":"subway","tunnel":"yes","voltage":"750"},"id":200422083},
{"type":"Feature","geometry":{"type":"MultiLineString","coordinates":[[[13.4132466,52.5600015],[13.413182,52.5601407]],[[13.413182,52.5601407],[13.4131229,52.5602719]]]},"properties":{"osmId":200422084,"osmType":"way","electrified":"rail","frequency":"0","gauge":"1435","layer":"-1","loading_gauge":"Kleinprofil","operator":"Berliner Verkehrsbetriebe","railway":"subway","service":"crossover","tunnel":"yes","voltage":"750"},"id":200422084},
{"type":"Feature","geometry":{"type":"MultiLineString","coordinates":[[[13.4125794,52.565273],[13.4125496,52.565395],[13.412523400831056,52.56546764172917]],[[13.412523400831056,52.56546764172917],[13.41247570271619,52.56559989300588]],[[13.41247570271619,52.56559989300588],[13.412382,52.5658597],[13.412254,52.5661263]]]},"properties":{"osmId":200422085,"osmType":"way","electrified":"rail","electrified:rail":"top","frequency":"0","gauge":"1435","layer":"-2","level":"-2","loading_gauge":"Kleinprofil","operator":"Berliner Verkehrsbetriebe","railway":"subway","tunnel":"yes","voltage":"750"},"id":200422085},
{"type":"Feature","geometry":{"type":"LineString","coordinates":[[13.4125823,52.5648585],[13.4125794,52.565273]]},"properties":{"osmId":200422086,"osmType":"way","electrified":"rail","frequency":"0","gauge":"1435","layer":"-1","loading_gauge":"Kleinprofil","operator":"Berliner Verkehrsbetriebe","railway":"subway","service":"crossover","tunnel":"yes","voltage":"750"},"id":200422086},
{"type":"Feature","geometry":{"type":"MultiLineString","coordinates":[[[13.4132867,52.5598158],[13.4132466,52.5600015]],[[13.4132466,52.5600015],[13.4132236,52.5602751]],[[13.4132236,52.5602751],[13.4125823,52.5648585]],[[13.4125823,52.5648585],[13.4125163,52.5654174],[13.412523400831056,52.56546764172917]],[[13.412523400831056,52.56546764172917],[13.412564,52.5657549],[13.4126249,52.5659956],[13.4127588,52.5662169]]]},"properties":{"osmId":200422087,"osmType":"way","electrified":"rail","frequency":"0","gauge":"1435","layer":"-1","loading_gauge":"Kleinprofil","maxspeed":"20","operator":"Berliner Verkehrsbetriebe","railway":"subway","service":"siding","tunnel":"yes","voltage":"750"},"id":200422087},
{"type":"Feature","geometry":{"type":"MultiLineString","coordinates":[[[13.4131399,52.5598155],[13.4131383,52.5599955]],[[13.4131383,52.5599955],[13.4131229,52.5602719]],[[13.4131229,52.5602719],[13.4130586,52.5611495],[13.4125013,52.5648521],[13.4124455,52.5654481],[13.41247570271619,52.56559989300588]],[[13.41247570271619,52.56559989300588],[13.4125075,52.5657597],[13.4125608,52.5660064],[13.4126893,52.5662207]]]},"properties":{"osmId":200422088,"osmType":"way","electrified":"rail","frequency":"0","gauge":"1435","layer":"-1","loading_gauge":"Kleinprofil","maxspeed":"20","operator":"Berliner Verkehrsbetriebe","railway":"subway","service":"siding","tunnel":"yes","voltage":"750"},"id":200422088},
{"type":"Feature","geometry":{"type":"LineString","coordinates":[[13.4144501,52.5558812],[13.4146249,52.5547233],[13.4145543,52.5540185],[13.4137729,52.5500833]]},"properties":{"osmId":200422334,"osmType":"way","bridge":"viaduct","electrified":"rail","electrified:rail":"top","frequency":"0","gauge":"1435","layer":"1","level":"1","loading_gauge":"Kleinprofil","operator":"Berliner Verkehrsbetriebe","railway":"subway","voltage":"750"},"id":200422334},
{"type":"Feature","geometry":{"type":"MultiLineString","coordinates":[[[13.4124311,52.5317721],[13.4120633,52.5312552],[13.410852,52.5304189],[13.4098718,52.5294753],[13.4097531,52.5289963],[13.410683,52.5270668],[13.4111114,52.5262916],[13.4109892,52.5258732],[13.4099649,52.5245241],[13.4099556,52.5240644],[13.4101917,52.5238103],[13.4108389,52.5234565],[13.4119695,52.522693],[13.413097,52.5221892]],[[13.413097,52.5221892],[13.4133459,52.522069]]]},"properties":{"osmId":200422335,"osmType":"way","detail":"track","electrified":"rail","electrified:rail":"top","frequency":"0","gauge":"1435","layer":"-2","level":"-1","loading_gauge":"Kleinprofil","operator":"Berliner Verkehrsbetriebe","railway":"subway","tunnel":"yes","voltage":"750"},"id":200422335},
{"type":"Feature","geometry":{"type":"MultiLineString","coordinates":[[[13.1968091,52.5310925],[13.1982646,52.5327474],[13.1986829,52.5333923]],[[13.1986829,52.5333923],[13.1987886,52.533539]],[[13.1987886,52.533539],[13.1988777,52.5338647]]]},"properties":{"osmId":201195204,"osmType":"way","electrified":"rail","frequency":"0","gauge":"1435","layer":"-2","loading_gauge":"Großprofil","operator":"Berliner Verkehrsbetriebe","railway":"subway","tunnel":"yes","voltage":"750"},"id":201195204},
{"type":"Feature","geometry":{"type":"LineString","coordinates":[[13.1968953,52.531062],[13.1976914,52.5319918],[13.1984526,52.5326882],[13.1989584,52.5335098],[13.1990571,52.5338821]]},"properties":{"osmId":201195207,"osmType":"way","electrified":"rail","frequency":"0","gauge":"1435","layer":"-2","loading_gauge":"Großprofil","operator":"Berliner Verkehrsbetriebe","railway":"subway","tunnel":"yes","voltage":"750"},"id":201195207},
{"type":"Feature","geometry":{"type":"LineString","coordinates":[[13.3583142,52.5012486],[13.3584608,52.5014652]]},"properties":{"osmId":205333611,"osmType":"way","electrified":"rail","electrified:rail":"top","frequency":"0","gauge":"1435","layer":"-1","level":"-1","loading_gauge":"Kleinprofil","operator":"Berliner Verkehrsbetriebe","railway":"subway","service":"siding","tunnel":"yes","voltage":"750"},"id":205333611},
{"type":"Feature","geometry":{"type":"LineString","coordinates":[[13.3584608,52.5014652],[13.3596306,52.5038727]]},"properties":{"osmId":205333616,"osmType":"way","electrified":"rail","electrified:rail":"top","frequency":"0","gauge":"1435","layer":"-1","loading_gauge":"Kleinprofil","operator":"Berliner Verkehrsbetriebe","railway":"subway","service":"siding","tunnel":"yes","voltage":"750"},"id":205333616},
{"type":"Feature","geometry":{"type":"MultiLineString","coordinates":[[[13.356,52.5002681],[13.3573913,52.500742],[13.3577088,52.5008652],[13.357818443332478,52.50092107069884]],[[13.357818443332478,52.50092107069884],[13.357963413703708,52.500994942914936]],[[13.357963413703708,52.500994942914936],[13.357991,52.501009],[13.3583142,52.5012486]]]},"properties":{"osmId":205333621,"osmType":"way","electrified":"rail","electrified:rail":"top","frequency":"0","gauge":"1435","layer":"-1","level":"-1","loading_gauge":"Kleinprofil","operator":"Berliner Verkehrsbetriebe","railway":"subway","service":"siding","tunnel":"yes","voltage":"750"},"id":205333621},
{"type":"Feature","geometry":{"type":"LineString","coordinates":[[13.3583721,52.5015225],[13.3582173,52.5012546]]},"properties":{"osmId":205333624,"osmType":"way","electrified":"rail","electrified:rail":"top","frequency":"0","gauge":"1435","layer":"-1","level":"-1","loading_gauge":"Kleinprofil","operator":"Berliner Verkehrsbetriebe","railway":"subway","service":"siding","tunnel":"yes","voltage":"750"},"id":205333624},
{"type":"Feature","geometry":{"type":"LineString","coordinates":[[13.3552895,52.5001454],[13.3562801,52.5004705]]},"properties":{"osmId":205333626,"osmType":"way","electrified":"rail","electrified:rail":"top","frequency":"0","gauge":"1435","layer":"-1","level":"-1","loading_gauge":"Kleinprofil","name":"U1","operator":"Berliner Verkehrsbetriebe","railway":"subway","tunnel":"yes","voltage":"750"},"id":205333626},
{"type":"Feature","geometry":{"type":"MultiLineString","coordinates":[[[13.3583142,52.5012486],[13.3583344,52.5013044],[13.358343045973093,52.50135297100715]],[[13.358343045973093,52.50135297100715],[13.3583603,52.5014499],[13.3583721,52.5015225]]]},"properties":{"osmId":205333627,"osmType":"way","electrified":"rail","electrified:rail":"top","frequency":"0","gauge":"1435","layer":"-1","loading_gauge":"Kleinprofil","operator":"Berliner Verkehrsbetriebe","railway":"subway","service":"crossover","tunnel":"yes","voltage":"750"},"id":205333627},
{"type":"Feature","geometry":{"type":"MultiLineString","coordinates":[[[13.3584608,52.5014652],[13.3584311,52.5014377],[13.358343045973093,52.50135297100715]],[[13.358343045973093,52.50135297100715],[13.3582828,52.501295],[13.3582173,52.5012546]]]},"properties":{"osmId":205333629,"osmType":"way","electrified":"rail","electrified:rail":"top","frequency":"0","gauge":"1435","layer":"-1","loading_gauge":"Kleinprofil","operator":"Berliner Verkehrsbetriebe","railway":"subway","service":"crossover","tunnel":"yes","voltage":"750"},"id":205333629},
{"type":"Feature","geometry":{"type":"MultiLineString","coordinates":[[[13.3582173,52.5012546],[13.3580529,52.5011234],[13.3579203,52.5010438],[13.357781598401907,52.5009667494772]],[[13.357781598401907,52.5009667494772],[13.35766,52.5008992],[13.357619721746229,52.5008850653165]],[[13.357619721746229,52.5008850653165],[13.357336,52.5007855],[13.3563138,52.5004325]]]},"properties":{"osmId":205333631,"osmType":"way","electrified":"rail","electrified:rail":"top","frequency":"0","gauge":"1435","layer":"-1","level":"-1","loading_gauge":"Kleinprofil","operator":"Berliner Verkehrsbetriebe","railway":"subway","service":"siding","tunnel":"yes","voltage":"750"},"id":205333631},
{"type":"Feature","geometry":{"type":"LineString","coordinates":[[13.448256,52.504075],[13.4480414,52.5038766]]},"properties":{"osmId":206804828,"osmType":"way","electrified":"rail","electrified:rail":"top","frequency":"0","gauge":"1435","layer":"2","loading_gauge":"Kleinprofil","operator":"Berliner Verkehrsbetriebe","railway":"subway","service":"crossover","tunnel":"no","voltage":"750"},"id":206804828},
{"type":"Feature","geometry":{"type":"MultiLineString","coordinates":[[[13.3699422,52.5257348],[13.3698476,52.5258663]],[[13.3698476,52.5258663],[13.3683637,52.5276693],[13.367681,52.5283812],[13.3669164,52.528914],[13.3656606,52.5293294]]]},"properties":{"osmId":207993048,"osmType":"way","electrified":"rail","electrified:rail":"bottom","frequency":"0","gauge":"1435","layer":"-3","level":"-2","loading_gauge":"Großprofil","maxspeed":"70","operator":"Berliner Verkehrsbetriebe","railway":"subway","service":"yard","start_date":"2009-08-09","tunnel":"yes","voltage":"750","workrules":"DE:BOStrab"},"id":207993048},
{"type":"Feature","geometry":{"type":"MultiLineString","coordinates":[[[13.3897679,52.5121567],[13.389663523195399,52.51215029472886]],[[13.389663523195399,52.51215029472886],[13.389535772863033,52.51214245509898]],[[13.389535772863033,52.51214245509898],[13.3891226,52.5121171],[13.3887098,52.5120833]]]},"properties":{"osmId":207993050,"osmType":"way","detail":"track","electrified":"rail","electrified:rail":"top","frequency":"0","gauge":"1435","layer":"-1","level":"-1","loading_gauge":"Kleinprofil","maxspeed":"60","maxspeed:note":"Kein Limit - Maximalgeschwindigkeit der eingesetzten Fahrzeuge","operator":"Berliner Verkehrsbetriebe","railway":"subway","tunnel":"yes","voltage":"750"},"id":207993050},
{"type":"Feature","geometry":{"type":"LineString","coordinates":[[13.3698476,52.5258663],[13.369308,52.5262507]]},"properties":{"osmId":207993053,"osmType":"way","electrified":"rail","electrified:rail":"bottom","fixme":"doublecheck this connection. You can see the switch from the platform, but I'm not sure if this is really a crossover or a third rail","frequency":"0","gauge":"1435","layer":"-2","level":"-2","loading_gauge":"Großprofil","maxspeed":"40","operator":"Berliner Verkehrsbetriebe","railway":"subway","service":"yard","start_date":"2009-08-09","tunnel":"yes","voltage":"750","workrules":"DE:BOStrab"},"id":207993053},
{"type":"Feature","geometry":{"type":"LineString","coordinates":[[13.5697424,52.5113899],[13.5687613,52.5108965]]},"properties":{"osmId":221009436,"osmType":"way","detail":"track","electrified":"rail","electrified:rail":"bottom","frequency":"0","gauge":"1435","loading_gauge":"Großprofil","operator":"Berliner Verkehrsbetriebe","railway":"subway","service":"yard","voltage":"750","workrules":"DE:BOStrab"},"id":221009436},
{"type":"Feature","geometry":{"type":"LineString","coordinates":[[13.5690298,52.5111068],[13.5706238,52.5120253],[13.571308,52.5122942]]},"properties":{"osmId":221009437,"osmType":"way","detail":"track","electrified":"rail","electrified:rail":"bottom","frequency":"0","gauge":"1435","layer":"-1","loading_gauge":"Großprofil","maxspeed":"60","operator":"Berliner Verkehrsbetriebe","passenger_lines":"2","railway":"subway","voltage":"750","workrules":"DE:BOStrab"},"id":221009437},
{"type":"Feature","geometry":{"type":"MultiLineString","coordinates":[[[13.3923395,52.5430658],[13.3914971,52.544107],[13.3901919,52.5451206],[13.3895528,52.5459432],[13.3894762,52.5470635],[13.3893494,52.5477316],[13.3889192,52.5484002],[13.3879739,52.5491305],[13.3874789,52.5493635]],[[13.3874789,52.5493635],[13.387195,52.5494667]]]},"properties":{"osmId":228966785,"osmType":"way","electrified":"rail","electrified:rail":"bottom","frequency":"0","gauge":"1435","layer":"-3","level":"-3","loading_gauge":"Großprofil","name":"U8","operator":"Berliner Verkehrsbetriebe","railway":"subway","tunnel":"yes","voltage":"750"},"id":228966785},
{"type":"Feature","geometry":{"type":"MultiLineString","coordinates":[[[13.3871421,52.5493657],[13.3873672,52.5492667]],[[13.3873672,52.5492667],[13.3885369,52.5484726],[13.3891911,52.5477959]]]},"properties":{"osmId":228992090,"osmType":"way","electrified":"rail","electrified:rail":"bottom","frequency":"0","gauge":"1435","layer":"-3","level":"-3","loading_gauge":"Großprofil","name":"U8","operator":"Berliner Verkehrsbetriebe","railway":"subway","tunnel":"yes","voltage":"750"},"id":228992090},
{"type":"Feature","geometry":{"type":"LineString","coordinates":[[13.3210222,52.4567758],[13.3214552,52.4574448],[13.321976,52.4580281],[13.323266,52.4593037],[13.3263866,52.4625564],[13.3276224,52.4640169]]},"properties":{"osmId":229155496,"osmType":"way","colour":"gray","electrified":"rail","electrified:rail":"bottom","frequency":"0","gauge":"1435","historic":"railway","layer":"-2","level":"-2","loading_gauge":"Großprofil","maxspeed":"70","name":"U9","operator":"Berliner Verkehrsbetriebe","railway":"subway","start_date":"1974","tunnel":"yes","usage":"main","voltage":"750"},"id":229155496},
{"type":"Feature","geometry":{"type":"MultiLineString","coordinates":[[[13.3175081,52.4525168],[13.3188271,52.4534047],[13.3192442,52.4538067]],[[13.3192442,52.4538067],[13.3197477,52.4544078],[13.3203345,52.4554674]]]},"properties":{"osmId":229155497,"osmType":"way","colour":"gray","electrified":"rail","frequency":"0","gauge":"1435","historic":"railway","layer":"-1","loading_gauge":"Großprofil","maxspeed":"70","name":"Kehranlage U9 auf Trasse U10","note":"Trasse U10 provisorisch für Kehranlage U9 benutzt","operator":"Berliner Verkehrsbetriebe","railway":"subway","service":"siding","start_date":"1974","tunnel":"yes","usage":"main","voltage":"750"},"id":229155497},
{"type":"Feature","geometry":{"type":"LineString","coordinates":[[13.325275,52.5636779],[13.3257559,52.5635593]]},"properties":{"osmId":241929197,"osmType":"way","electrified":"rail","frequency":"0","gauge":"1435","layer":"-3","level":"-1","loading_gauge":"Großprofil","operator":"Berliner Verkehrsbetriebe","railway":"subway","service":"siding","tunnel":"yes","voltage":"750"},"id":241929197},
{"type":"Feature","geometry":{"type":"LineString","coordinates":[[13.3252986,52.5637118],[13.3257838,52.5635911]]},"properties":{"osmId":241929198,"osmType":"way","electrified":"rail","frequency":"0","gauge":"1435","layer":"-3","level":"-1","loading_gauge":"Großprofil","operator":"Berliner Verkehrsbetriebe","railway":"subway","service":"siding","tunnel":"yes","voltage":"750"},"id":241929198},
{"type":"Feature","geometry":{"type":"LineString","coordinates":[[13.3736396,52.4979553],[13.3739098,52.4983874]]},"properties":{"osmId":243900031,"osmType":"way","bridge":"yes","electrified":"rail","frequency":"0","gauge":"1435","layer":"1","loading_gauge":"Kleinprofil","operator":"Berliner Verkehrsbetriebe","railway":"subway","service":"crossover","voltage":"750"},"id":243900031},
{"type":"Feature","geometry":{"type":"LineString","coordinates":[[13.3731862,52.4995785],[13.3727075,52.4995559]]},"properties":{"osmId":243900032,"osmType":"way","bridge":"yes","electrified":"rail","frequency":"0","gauge":"1435","layer":"2","loading_gauge":"Kleinprofil","operator":"Berliner Verkehrsbetriebe","railway":"subway","service":"yard","tunnel":"no","voltage":"750"},"id":243900032},
{"type":"Feature","geometry":{"type":"MultiLineString","coordinates":[[[13.3732852,52.4995024],[13.3727075,52.4995559]],[[13.3727075,52.4995559],[13.3708818,52.4995903]]]},"properties":{"osmId":243900033,"osmType":"way","bridge":"yes","electrified":"rail","frequency":"0","gauge":"1435","layer":"2","loading_gauge":"Kleinprofil","operator":"Berliner Verkehrsbetriebe","railway":"subway","ref":"8","service":"yard","voltage":"750"},"id":243900033},
{"type":"Feature","geometry":{"type":"LineString","coordinates":[[13.3871214,52.498408],[13.3866642,52.4985438]]},"properties":{"osmId":243900419,"osmType":"way","bridge":"yes","electrified":"rail","frequency":"0","gauge":"1435","layer":"2","loading_gauge":"Kleinprofil","name":"Östliche Stammstrecke","operator":"Berliner Verkehrsbetriebe","railway":"subway","service":"crossover","tunnel":"no","voltage":"750"},"id":243900419},
{"type":"Feature","geometry":{"type":"MultiLineString","coordinates":[[[13.4221226,52.4991117],[13.420455,52.4990923]],[[13.420455,52.4990923],[13.4196313,52.4990984]]]},"properties":{"osmId":243900844,"osmType":"way","bridge":"viaduct","electrified":"rail","frequency":"0","gauge":"1435","layer":"2","loading_gauge":"Kleinprofil","name":"Hochbahn Skalitzerstraße","operator":"Berliner Verkehrsbetriebe","railway":"subway","service":"yard","tunnel":"no","voltage":"750"},"id":243900844},
{"type":"Feature","geometry":{"type":"LineString","coordinates":[[13.420455,52.4990923],[13.4199316,52.4990475]]},"properties":{"osmId":243900845,"osmType":"way","bridge":"viaduct","electrified":"rail","frequency":"0","gauge":"1435","layer":"2","loading_gauge":"Kleinprofil","name":"Hochbahn Skalitzerstraße","operator":"Berliner Verkehrsbetriebe","railway":"subway","service":"yard","tunnel":"no","voltage":"750"},"id":243900845},
{"type":"Feature","geometry":{"type":"LineString","coordinates":[[13.4388792,52.5004227],[13.4392593,52.5004472]]},"properties":{"osmId":243900874,"osmType":"way","bridge":"viaduct","electrified":"rail","frequency":"0","gauge":"1435","height":"6","layer":"2","loading_gauge":"Kleinprofil","name":"Hochbahn Skalitzerstraße","operator":"Berliner Verkehrsbetriebe","railway":"subway","service":"crossover","tunnel":"no","voltage":"750"},"id":243900874},
{"type":"Feature","geometry":{"type":"LineString","coordinates":[[13.449317,52.5048038],[13.4500288,52.5048726]]},"properties":{"osmId":243902726,"osmType":"way","bridge":"yes","electrified":"rail","electrified:rail":"top","frequency":"0","gauge":"1435","layer":"1","loading_gauge":"Kleinprofil","operator":"Berliner Verkehrsbetriebe","railway":"subway","railway:electricity:ref":"WA2","service":"yard","voltage":"750"},"id":243902726},
{"type":"Feature","geometry":{"type":"MultiLineString","coordinates":[[[13.4490374,52.5045976],[13.4492534,52.5047245]],[[13.4492534,52.5047245],[13.4500063,52.5048416]]]},"properties":{"osmId":243902727,"osmType":"way","bridge":"yes","electrified":"rail","electrified:rail":"top","frequency":"0","gauge":"1435","layer":"1","loading_gauge":"Kleinprofil","operator":"Berliner Verkehrsbetriebe","railway":"subway","railway:electricity:ref":"WA2","service":"yard","voltage":"750"},"id":243902727},
{"type":"Feature","geometry":{"type":"MultiLineString","coordinates":[[[13.4491302,52.5046985],[13.449317,52.5048038]],[[13.449317,52.5048038],[13.4500524,52.5049028]]]},"properties":{"osmId":243902728,"osmType":"way","bridge":"yes","electrified":"rail","electrified:rail":"top","frequency":"0","gauge":"1435","layer":"1","loading_gauge":"Kleinprofil","operator":"Berliner Verkehrsbetriebe","railway":"subway","railway:electricity:ref":"WA2","service":"yard","voltage":"750"},"id":243902728},
{"type":"Feature","geometry":{"type":"LineString","coordinates":[[13.3825012,52.5166311],[13.3850693,52.5167464]]},"properties":{"osmId":248099627,"osmType":"way","check_date":"2020-08-24","electrified":"rail","frequency":"0","gauge":"1435","layer":"-4","loading_gauge":"Großprofil","opening_date":"2020-12-04","operator":"Berliner Verkehrsbetriebe","railway":"subway","ref":"C","tunnel":"yes","voltage":"750"},"id":248099627},
{"type":"Feature","geometry":{"type":"LineString","coordinates":[[13.4021298,52.5171403],[13.4034678,52.5173993],[13.4064923,52.5182303],[13.4074136,52.5185332],[13.4087705,52.5191234]]},"properties":{"osmId":248099628,"osmType":"way","check_date":"2020-08-24","electrified":"rail","frequency":"0","gauge":"1435","layer":"-2","level":"-2","loading_gauge":"Großprofil","maxspeed":"70","opening_date":"2020-12-04","operator":"Berliner Verkehrsbetriebe","railway":"subway","ref":"C","tunnel":"yes","voltage":"750"},"id":248099628},
{"type":"Feature","geometry":{"type":"LineString","coordinates":[[13.4060891,52.5249771],[13.4073413,52.5247029],[13.4084701,52.5242966],[13.408888,52.5240504],[13.4091802,52.5236267],[13.4095473,52.5227216],[13.4099521,52.522431],[13.4108914,52.5221097]]},"properties":{"osmId":252254904,"osmType":"way","electrified":"rail","electrified:rail":"bottom","frequency":"0","gauge":"1435","layer":"-2","level":"-2","loading_gauge":"Großprofil","name":"U8","operator":"Berliner Verkehrsbetriebe","railway":"subway","tunnel":"yes","voltage":"750"},"id":252254904},
{"type":"Feature","geometry":{"type":"MultiLineString","coordinates":[[[13.4108914,52.5221097],[13.4114755,52.5217982],[13.4124162,52.5210317],[13.412427032625503,52.52102385671924]],[[13.412427032625503,52.52102385671924],[13.41251586888166,52.520959535498235]],[[13.41251586888166,52.520959535498235],[13.412523372241624,52.52095410274707]],[[13.412523372241624,52.52095410274707],[13.412568474715806,52.52092144664093]],[[13.412568474715806,52.52092144664093],[13.412635046243908,52.520873246028295]],[[13.412635046243908,52.520873246028295],[13.4128496,52.5207179],[13.4131624,52.5204967]]]},"properties":{"osmId":272760865,"osmType":"way","electrified":"rail","electrified:rail":"bottom","frequency":"0","gauge":"1435","layer":"-2","level":"-3","loading_gauge":"Großprofil","name":"U8","operator":"Berliner Verkehrsbetriebe","railway":"subway","tunnel":"yes","voltage":"750"},"id":272760865},
{"type":"Feature","geometry":{"type":"LineString","coordinates":[[13.4155104,52.5181736],[13.4159204,52.5175775],[13.4163518,52.5172998],[13.417548,52.516783],[13.4179781,52.5164538],[13.4181164,52.5161429],[13.4180221,52.5150525]]},"properties":{"osmId":272760867,"osmType":"way","electrified":"rail","electrified:rail":"bottom","frequency":"0","gauge":"1435","layer":"-2","level":"-2","loading_gauge":"Großprofil","name":"U8","operator":"Berliner Verkehrsbetriebe","railway":"subway","tunnel":"yes","voltage":"750"},"id":272760867},
{"type":"Feature","geometry":{"type":"MultiLineString","coordinates":[[[13.4134925,52.5221423],[13.4132179,52.5222623]],[[13.4132179,52.5222623],[13.4117531,52.5229398],[13.4103116,52.5237977],[13.4099961,52.5241624],[13.4100549,52.5245651],[13.4110448,52.5258601],[13.4111671,52.5261777],[13.4111047,52.5265091],[13.4098793,52.5291098],[13.4103644,52.5298185],[13.4109885,52.5303979],[13.4121802,52.5312176],[13.4126268,52.5317442]]]},"properties":{"osmId":272795470,"osmType":"way","electrified":"rail","electrified:rail":"top","frequency":"0","gauge":"1435","layer":"-2","level":"-1","loading_gauge":"Kleinprofil","operator":"Berliner Verkehrsbetriebe","railway":"subway","tunnel":"yes","voltage":"750"},"id":272795470},
{"type":"Feature","geometry":{"type":"MultiLineString","coordinates":[[[13.4133459,52.522069],[13.4136515,52.5219007],[13.413854,52.5217734],[13.413875458380325,52.52175870247923]],[[13.413875458380325,52.52175870247923],[13.4139562,52.5217034],[13.41400553430088,52.521667748041864]],[[13.41400553430088,52.521667748041864],[13.4140449,52.5216393],[13.41405786607766,52.52162857970646]],[[13.41405786607766,52.52162857970646],[13.414168264562885,52.52153730274523]],[[13.414168264562885,52.52153730274523],[13.4142106,52.5215023],[13.4144001,52.5212957]]]},"properties":{"osmId":272795471,"osmType":"way","detail":"track","electrified":"rail","electrified:rail":"top","frequency":"0","gauge":"1435","layer":"-1","level":"-1","loading_gauge":"Kleinprofil","operator":"Berliner Verkehrsbetriebe","railway":"subway","tunnel":"yes","voltage":"750"},"id":272795471},
{"type":"Feature","geometry":{"type":"LineString","coordinates":[[13.397183,52.5131941],[13.3955842,52.5133905],[13.3939632,52.5132968]]},"properties":{"osmId":272795472,"osmType":"way","detail":"track","electrified":"rail","electrified:rail":"top","frequency":"0","gauge":"1435","layer":"-2","level":"-1","loading_gauge":"Kleinprofil","operator":"Berliner Verkehrsbetriebe","railway":"subway","tunnel":"yes","voltage":"750"},"id":272795472},
{"type":"Feature","geometry":{"type":"MultiLineString","coordinates":[[[13.4147951,52.5209782],[13.414482,52.5215401],[13.4143854,52.5216313],[13.414370669723308,52.52164411414314]],[[13.414370669723308,52.52164411414314],[13.4142624,52.5217383],[13.414253895374873,52.52174460168363]],[[13.414253895374873,52.52174460168363],[13.41422090306703,52.521769048038756]],[[13.41422090306703,52.521769048038756],[13.4141821,52.5217978],[13.414104529617454,52.52184900884171]],[[13.414104529617454,52.52184900884171],[13.4140694,52.5218722],[13.4134925,52.5221423]]]},"properties":{"osmId":272795474,"osmType":"way","electrified":"rail","electrified:rail":"top","frequency":"0","gauge":"1435","layer":"-1","level":"-1","loading_gauge":"Kleinprofil","operator":"Berliner Verkehrsbetriebe","railway":"subway","tunnel":"yes","voltage":"750"},"id":272795474},
{"type":"Feature","geometry":{"type":"MultiLineString","coordinates":[[[13.3340536,52.5054559],[13.3325741,52.5061408],[13.33248997649729,52.50617868123877]],[[13.33248997649729,52.50617868123877],[13.332351324454477,52.50624111695496]],[[13.332351324454477,52.50624111695496],[13.332066,52.5063696],[13.3319111,52.5064419]]]},"properties":{"osmId":274269220,"osmType":"way","electrified":"rail","electrified:rail":"top","frequency":"0","gauge":"1435","layer":"-1","level":"-1","loading_gauge":"Kleinprofil","note":"U2: Ruhleben","operator":"Berliner Verkehrsbetriebe","railway":"subway","tunnel":"yes","voltage":"750"},"id":274269220},
{"type":"Feature","geometry":{"type":"MultiLineString","coordinates":[[[13.3318628,52.5064119],[13.332328883942981,52.50621713075313]],[[13.332328883942981,52.50621713075313],[13.3324376,52.5061717],[13.332467508259635,52.506157812616486]],[[13.332467508259635,52.506157812616486],[13.3335773,52.5056425],[13.3338574,52.505512],[13.3340072,52.5054172]]]},"properties":{"osmId":274269221,"osmType":"way","electrified":"rail","electrified:rail":"top","frequency":"0","gauge":"1435","layer":"-1","level":"-1","loading_gauge":"Kleinprofil","operator":"Berliner Verkehrsbetriebe","railway":"subway","tunnel":"yes","voltage":"750"},"id":274269221},
{"type":"Feature","geometry":{"type":"MultiLineString","coordinates":[[[13.3341589,52.5087972],[13.3332203,52.5073994]],[[13.3332203,52.5073994],[13.332485,52.506384],[13.332351324454477,52.50624111695496]],[[13.332351324454477,52.50624111695496],[13.332328883942981,52.50621713075313]],[[13.332328883942981,52.50621713075313],[13.3320843,52.5059557]]]},"properties":{"osmId":274269224,"osmType":"way","electrified":"rail","electrified:rail":"bottom","frequency":"0","gauge":"1435","layer":"-1","level":"-3","loading_gauge":"Großprofil","operator":"Berliner Verkehrsbetriebe","railway":"subway","tunnel":"yes","voltage":"750"},"id":274269224},
{"type":"Feature","geometry":{"type":"LineString","coordinates":[[13.334326,52.5087674],[13.335085,52.509644],[13.3363135,52.510599],[13.3389634,52.5120552],[13.3396742,52.512486],[13.3404414,52.5130721],[13.3414136,52.5141371],[13.3419299,52.5149902],[13.3422236,52.5158344],[13.3423159,52.517014]]},"properties":{"osmId":274269226,"osmType":"way","electrified":"rail","electrified:rail":"bottom","frequency":"0","gauge":"1435","layer":"-1","level":"-2","loading_gauge":"Großprofil","operator":"Berliner Verkehrsbetriebe","railway":"subway","tunnel":"yes","voltage":"750"},"id":274269226},
{"type":"Feature","geometry":{"type":"MultiLineString","coordinates":[[[13.3361111,52.5957864],[13.338195,52.5958922]],[[13.338195,52.5958922],[13.3415994,52.5960369]]]},"properties":{"osmId":276613514,"osmType":"way","electrified":"rail","electrified:rail":"bottom","frequency":"0","gauge":"1435","layer":"-1","loading_gauge":"Großprofil","name":"Abstellanlage der U8","operator":"Berliner Verkehrsbetriebe","railway":"subway","service":"siding","tunnel":"yes","voltage":"750"},"id":276613514},
{"type":"Feature","geometry":{"type":"LineString","coordinates":[[13.2518396,52.5163819],[13.2529904,52.5161074]]},"properties":{"osmId":277303639,"osmType":"way","electrified":"rail","electrified:rail":"top","frequency":"0","gauge":"1435","loading_gauge":"Kleinprofil","note":"Gleis3","operator":"Berliner Verkehrsbetriebe","railway":"subway","ref":"3","service":"siding","voltage":"750"},"id":277303639},
{"type":"Feature","geometry":{"type":"LineString","coordinates":[[13.3873535,52.5260112],[13.3871981,52.526891],[13.3869095,52.5274738],[13.3865011,52.5278677],[13.3848373,52.529182],[13.3828762,52.5307827]]},"properties":{"osmId":278240007,"osmType":"way","electrified":"rail","electrified:rail":"bottom","frequency":"0","gauge":"1435","level":"-1","loading_gauge":"Großprofil","name":"U6","operator":"Berliner Verkehrsbetriebe","railway":"subway","tunnel":"yes","voltage":"750"},"id":278240007},
{"type":"Feature","geometry":{"type":"LineString","coordinates":[[13.5697424,52.5113899],[13.5699922,52.5114777]]},"properties":{"osmId":279087837,"osmType":"way","detail":"track","electrified":"rail","electrified:rail":"bottom","frequency":"0","gauge":"1435","loading_gauge":"Großprofil","operator":"Berliner Verkehrsbetriebe","railway":"subway","service":"yard","voltage":"750","workrules":"DE:BOStrab"},"id":279087837},
{"type":"Feature","geometry":{"type":"LineString","coordinates":[[13.5699922,52.5114777],[13.5706662,52.5117065],[13.5720737,52.5120588]]},"properties":{"osmId":279087838,"osmType":"way","detail":"track","electrified":"rail","electrified:rail":"bottom","frequency":"0","gauge":"1435","loading_gauge":"Großprofil","maxspeed":"25","operator":"Berliner Verkehrsbetriebe","railway":"subway","service":"yard","voltage":"750","workrules":"DE:BOStrab"},"id":279087838},
{"type":"Feature","geometry":{"type":"LineString","coordinates":[[13.5703955,52.5116534],[13.5699922,52.5114777]]},"properties":{"osmId":279087883,"osmType":"way","detail":"track","electrified":"rail","electrified:rail":"bottom","frequency":"0","gauge":"1435","loading_gauge":"Großprofil","maxspeed":"25","operator":"Berliner Verkehrsbetriebe","railway":"subway","service":"yard","voltage":"750","workrules":"DE:BOStrab"},"id":279087883},
{"type":"Feature","geometry":{"type":"LineString","coordinates":[[13.5686554,52.5108898],[13.5690298,52.5111068]]},"properties":{"osmId":279092738,"osmType":"way","detail":"track","electrified":"rail","electrified:rail":"bottom","frequency":"0","gauge":"1435","layer":"-1","loading_gauge":"Großprofil","maxspeed":"60","operator":"Berliner Verkehrsbetriebe","passenger_lines":"2","railway":"subway","voltage":"750","workrules":"DE:BOStrab"},"id":279092738},
{"type":"Feature","geometry":{"type":"LineString","coordinates":[[13.4968975,52.5114737],[13.4950807,52.5117971],[13.4928198,52.5119036],[13.4886625,52.5123281],[13.4872449,52.5125069],[13.4852318,52.512675],[13.4806983,52.5131372],[13.4796814,52.5132751],[13.4764707,52.513603],[13.4754354,52.5137406],[13.4702733,52.5141898],[13.4660866,52.5146113],[13.4635043,52.5148957],[13.4629078,52.5149279],[13.455694,52.515656],[13.4532085,52.5159536],[13.4520294,52.5160244],[13.4464444,52.5165863],[13.4458699,52.5166708]]},"properties":{"osmId":288200093,"osmType":"way","electrified":"rail","electrified:rail":"bottom","frequency":"0","gauge":"1435","layer":"-2","level":"-2","loading_gauge":"Großprofil","maxspeed":"70","operator":"Berliner Verkehrsbetriebe","railway":"subway","tunnel":"yes","voltage":"750"},"id":288200093},
{"type":"Feature","geometry":{"type":"LineString","coordinates":[[13.6313447,52.5387571],[13.6318926,52.5386341]]},"properties":{"osmId":290323869,"osmType":"way","electrified":"rail","electrified:rail":"bottom","frequency":"0","gauge":"1435","loading_gauge":"Großprofil","maxspeed":"60","operator":"Berliner Verkehrsbetriebe","railway":"subway","subway":"yes","voltage":"750"},"id":290323869},
{"type":"Feature","geometry":{"type":"LineString","coordinates":[[13.6319229,52.5385898],[13.6344246,52.5380439]]},"properties":{"osmId":290323870,"osmType":"way","electrified":"rail","gauge":"1435","loading_gauge":"Großprofil","operator":"Berliner Verkehrsbetriebe","railway":"subway","ref":"3","service":"siding"},"id":290323870},
{"type":"Feature","geometry":{"type":"LineString","coordinates":[[13.6336218,52.5382584],[13.634444,52.5380793]]},"properties":{"osmId":290323871,"osmType":"way","electrified":"rail","electrified:rail":"bottom","frequency":"0","gauge":"1435","loading_gauge":"Großprofil","maxspeed":"60","operator":"Berliner Verkehrsbetriebe","railway":"subway","railway:track_ref":"2","voltage":"750"},"id":290323871},
{"type":"Feature","geometry":{"type":"MultiLineString","coordinates":[[[13.6319811,52.5387284],[13.6301614,52.5390477],[13.6289563,52.5391982]],[[13.6289563,52.5391982],[13.6267301,52.5393737],[13.6228366,52.5394819],[13.6217078,52.5394495],[13.6202099,52.5392772]]]},"properties":{"osmId":290323872,"osmType":"way","electrified":"rail","electrified:rail":"bottom","frequency":"0","gauge":"1435","loading_gauge":"Großprofil","maxspeed":"60","operator":"Berliner Verkehrsbetriebe","railway":"subway","railway:track_ref":"1","voltage":"750"},"id":290323872},
{"type":"Feature","geometry":{"type":"LineString","coordinates":[[13.6312642,52.5387349],[13.6319229,52.5385898]]},"properties":{"osmId":290323873,"osmType":"way","electrified":"rail","gauge":"1435","loading_gauge":"Großprofil","operator":"Berliner Verkehrsbetriebe","railway":"subway","service":"siding","subway":"yes"},"id":290323873},
{"type":"Feature","geometry":{"type":"LineString","coordinates":[[13.630958,52.5387893],[13.6312642,52.5387349]]},"properties":{"osmId":290323893,"osmType":"way","electrified":"rail","gauge":"1435","loading_gauge":"Großprofil","operator":"Berliner Verkehrsbetriebe","railway":"subway","service":"siding","subway":"yes"},"id":290323893},
{"type":"Feature","geometry":{"type":"LineString","coordinates":[[13.630798,52.538872],[13.6313447,52.5387571]]},"properties":{"osmId":290323894,"osmType":"way","cutting":"yes","electrified":"rail","electrified:rail":"bottom","frequency":"0","gauge":"1435","loading_gauge":"Großprofil","maxspeed":"60","operator":"Berliner Verkehrsbetriebe","railway":"subway","subway":"yes","voltage":"750"},"id":290323894},
{"type":"Feature","geometry":{"type":"LineString","coordinates":[[13.6304582,52.5388489],[13.630958,52.5387893]]},"properties":{"osmId":290323895,"osmType":"way","electrified":"rail","gauge":"1435","loading_gauge":"Großprofil","operator":"Berliner Verkehrsbetriebe","railway":"subway","service":"yard","subway":"yes"},"id":290323895},
{"type":"Feature","geometry":{"type":"LineString","coordinates":[[13.6208488,52.5393141],[13.6220937,52.5394304],[13.6234658,52.5394194]]},"properties":{"osmId":290324135,"osmType":"way","electrified":"rail","gauge":"1435","loading_gauge":"Großprofil","operator":"Berliner Verkehrsbetriebe","railway":"subway","ref":"7","service":"siding"},"id":290324135},
{"type":"Feature","geometry":{"type":"LineString","coordinates":[[13.624707,52.5392473],[13.6250374,52.5392405]]},"properties":{"osmId":290324136,"osmType":"way","electrified":"rail","gauge":"1435","loading_gauge":"Großprofil","operator":"Berliner Verkehrsbetriebe","railway":"subway","service":"yard"},"id":290324136},
{"type":"Feature","geometry":{"type":"MultiLineString","coordinates":[[[13.6202237,52.5391468],[13.6224381,52.5393701],[13.6241071,52.5393655]],[[13.6241071,52.5393655],[13.6246448,52.5393588]],[[13.6246448,52.5393588],[13.6267295,52.539333],[13.6286931,52.5391924],[13.6297099,52.5390707]]]},"properties":{"osmId":290324137,"osmType":"way","electrified":"rail","electrified:rail":"bottom","frequency":"0","gauge":"1435","loading_gauge":"Großprofil","maxspeed":"60","operator":"Berliner Verkehrsbetriebe","railway":"subway","voltage":"750"},"id":290324137},
{"type":"Feature","geometry":{"type":"LineString","coordinates":[[13.6209964,52.5391898],[13.6225523,52.5392759],[13.624707,52.5392473]]},"properties":{"osmId":290324138,"osmType":"way","electrified":"rail","gauge":"1435","loading_gauge":"Großprofil","operator":"Berliner Verkehrsbetriebe","railway":"subway","service":"yard"},"id":290324138},
{"type":"Feature","geometry":{"type":"MultiLineString","coordinates":[[[13.5930351,52.5324607],[13.5924391,52.531933],[13.5917652,52.530936],[13.5900844,52.5278154],[13.5896266,52.5268115],[13.5889093,52.5247524],[13.5886656,52.5234965],[13.5886656,52.522542],[13.5887555,52.5218086]],[[13.5887555,52.5218086],[13.5889868,52.519342]]]},"properties":{"osmId":290324139,"osmType":"way","cutting":"yes","electrified":"rail","electrified:rail":"bottom","frequency":"0","gauge":"1435","level":"-1","loading_gauge":"Großprofil","maxspeed":"60","operator":"Berliner Verkehrsbetriebe","railway":"subway","voltage":"750"},"id":290324139},
{"type":"Feature","geometry":{"type":"LineString","coordinates":[[13.6272571,52.5390187],[13.6277447,52.5388905]]},"properties":{"osmId":290324205,"osmType":"way","electrified":"rail","gauge":"1435","loading_gauge":"Großprofil","operator":"Berliner Verkehrsbetriebe","railway":"subway","service":"yard","subway":"yes"},"id":290324205},
{"type":"Feature","geometry":{"type":"LineString","coordinates":[[13.6277447,52.5388905],[13.6282112,52.5387702]]},"properties":{"osmId":290324206,"osmType":"way","electrified":"rail","gauge":"1435","loading_gauge":"Großprofil","operator":"Berliner Verkehrsbetriebe","railway":"subway","service":"yard","subway":"yes"},"id":290324206},
{"type":"Feature","geometry":{"type":"LineString","coordinates":[[13.6267686,52.5391421],[13.6294342,52.5386564]]},"properties":{"osmId":290324207,"osmType":"way","electrified":"rail","gauge":"1435","loading_gauge":"Großprofil","operator":"Berliner Verkehrsbetriebe","railway":"subway","service":"yard","subway":"yes"},"id":290324207},
{"type":"Feature","geometry":{"type":"LineString","coordinates":[[13.6257453,52.5392611],[13.6250972,52.5392744]]},"properties":{"osmId":290324208,"osmType":"way","electrified":"rail","gauge":"1435","loading_gauge":"Großprofil","operator":"Berliner Verkehrsbetriebe","railway":"subway","service":"yard"},"id":290324208},
{"type":"Feature","geometry":{"type":"LineString","coordinates":[[13.6258959,52.539258],[13.6257453,52.5392611]]},"properties":{"osmId":290324209,"osmType":"way","electrified":"rail","gauge":"1435","loading_gauge":"Großprofil","operator":"Berliner Verkehrsbetriebe","railway":"subway","service":"yard","subway":"yes"},"id":290324209},
{"type":"Feature","geometry":{"type":"LineString","coordinates":[[13.6282112,52.5387702],[13.6305808,52.5382981]]},"properties":{"osmId":290324210,"osmType":"way","electrified":"rail","gauge":"1435","loading_gauge":"Großprofil","operator":"Berliner Verkehrsbetriebe","railway":"subway","service":"yard","subway":"yes"},"id":290324210},
{"type":"Feature","geometry":{"type":"LineString","coordinates":[[13.6234658,52.5394194],[13.6239909,52.5394091]]},"properties":{"osmId":290324229,"osmType":"way","electrified":"rail","gauge":"1435","loading_gauge":"Großprofil","operator":"Berliner Verkehrsbetriebe","railway":"subway","service":"siding"},"id":290324229},
{"type":"Feature","geometry":{"type":"MultiLineString","coordinates":[[[13.2518916,52.5165477],[13.2512255,52.5168662]],[[13.2512255,52.5168662],[13.2511943,52.5168907]],[[13.2511943,52.5168907],[13.250536,52.5173879],[13.2501533,52.5178373]],[[13.2501533,52.5178373],[13.249724,52.51821]]]},"properties":{"osmId":290328133,"osmType":"way","electrified":"no","gauge":"1435","loading_gauge":"Kleinprofil","operator":"Berliner Verkehrsbetriebe","railway":"subway","service":"yard","voltage":"750"},"id":290328133},
{"type":"Feature","geometry":{"type":"LineString","coordinates":[[13.2521926,52.5164791],[13.2523654,52.5164057]]},"properties":{"osmId":290328134,"osmType":"way","electrified":"no","gauge":"1435","loading_gauge":"Kleinprofil","note":"Gleis44","operator":"Berliner Verkehrsbetriebe","railway":"subway","service":"yard","source":"Yahoo WMS","voltage":"750"},"id":290328134},
{"type":"Feature","geometry":{"type":"LineString","coordinates":[[13.2529476,52.5162408],[13.2533331,52.5161466]]},"properties":{"osmId":290328135,"osmType":"way","electrified":"no","gauge":"1435","loading_gauge":"Kleinprofil","operator":"Berliner Verkehrsbetriebe","railway":"subway","ref":"80","service":"yard","voltage":"750"},"id":290328135},
{"type":"Feature","geometry":{"type":"LineString","coordinates":[[13.2519508,52.5166058],[13.2521926,52.5164791]]},"properties":{"osmId":290328136,"osmType":"way","electrified":"no","gauge":"1435","loading_gauge":"Kleinprofil","note":"Gleis44","operator":"Berliner Verkehrsbetriebe","railway":"subway","service":"yard","source":"Yahoo WMS","voltage":"750"},"id":290328136},
{"type":"Feature","geometry":{"type":"LineString","coordinates":[[13.2523654,52.5164057],[13.2518916,52.5165477]]},"properties":{"osmId":290328137,"osmType":"way","electrified":"no","gauge":"1435","loading_gauge":"Kleinprofil","operator":"Berliner Verkehrsbetriebe","railway":"subway","service":"yard","voltage":"750"},"id":290328137},
{"type":"Feature","geometry":{"type":"LineString","coordinates":[[13.2499242,52.5197345],[13.2498204,52.5196878]]},"properties":{"osmId":290333365,"osmType":"way","electrified":"rail","electrified:rail":"top","frequency":"0","gauge":"1435","loading_gauge":"Kleinprofil","operator":"Berliner Verkehrsbetriebe","railway":"subway","service":"yard","voltage":"750"},"id":290333365},
{"type":"Feature","geometry":{"type":"LineString","coordinates":[[13.2498141,52.51942],[13.25013,52.5195689]]},"properties":{"osmId":290333367,"osmType":"way","electrified":"rail","electrified:rail":"top","frequency":"0","gauge":"1435","loading_gauge":"Kleinprofil","operator":"Berliner Verkehrsbetriebe","railway":"subway","service":"yard","voltage":"750"},"id":290333367},
{"type":"Feature","geometry":{"type":"LineString","coordinates":[[13.2500181,52.5196589],[13.2512585,52.5202335]]},"properties":{"osmId":290333368,"osmType":"way","covered":"yes","electrified":"rail","electrified:rail":"top","frequency":"0","gauge":"1435","loading_gauge":"Kleinprofil","operator":"Berliner Verkehrsbetriebe","railway":"subway","service":"yard","voltage":"750"},"id":290333368},
{"type":"Feature","geometry":{"type":"LineString","coordinates":[[13.2499865,52.5196844],[13.2512318,52.5202537]]},"properties":{"osmId":290333370,"osmType":"way","covered":"yes","electrified":"rail","electrified:rail":"top","frequency":"0","gauge":"1435","loading_gauge":"Kleinprofil","operator":"Berliner Verkehrsbetriebe","railway":"subway","service":"yard","voltage":"750"},"id":290333370},
{"type":"Feature","geometry":{"type":"LineString","coordinates":[[13.250272,52.5194516],[13.2515465,52.5200162]]},"properties":{"osmId":290333371,"osmType":"way","covered":"yes","electrified":"rail","electrified:rail":"top","frequency":"0","gauge":"1435","loading_gauge":"Kleinprofil","operator":"Berliner Verkehrsbetriebe","railway":"subway","service":"yard","voltage":"750"},"id":290333371},
{"type":"Feature","geometry":{"type":"LineString","coordinates":[[13.2500647,52.5196215],[13.2497622,52.519442]]},"properties":{"osmId":290333373,"osmType":"way","electrified":"rail","electrified:rail":"top","frequency":"0","gauge":"1435","loading_gauge":"Kleinprofil","operator":"Berliner Verkehrsbetriebe","railway":"subway","service":"yard","voltage":"750"},"id":290333373},
{"type":"Feature","geometry":{"type":"LineString","coordinates":[[13.2501632,52.5195422],[13.2514447,52.520093]]},"properties":{"osmId":290333374,"osmType":"way","covered":"yes","electrified":"rail","electrified:rail":"top","frequency":"0","gauge":"1435","loading_gauge":"Kleinprofil","operator":"Berliner Verkehrsbetriebe","railway":"subway","service":"yard","voltage":"750"},"id":290333374},
{"type":"Feature","geometry":{"type":"LineString","coordinates":[[13.249692,52.5195477],[13.2500181,52.5196589]]},"properties":{"osmId":290333375,"osmType":"way","electrified":"rail","electrified:rail":"top","frequency":"0","gauge":"1435","loading_gauge":"Kleinprofil","operator":"Berliner Verkehrsbetriebe","railway":"subway","service":"yard","voltage":"750"},"id":290333375},
{"type":"Feature","geometry":{"type":"LineString","coordinates":[[13.2500954,52.5195967],[13.2513565,52.5201596]]},"properties":{"osmId":290333377,"osmType":"way","covered":"yes","electrified":"rail","electrified:rail":"top","frequency":"0","gauge":"1435","loading_gauge":"Kleinprofil","operator":"Berliner Verkehrsbetriebe","railway":"subway","service":"yard","voltage":"750"},"id":290333377},
{"type":"Feature","geometry":{"type":"LineString","coordinates":[[13.2502096,52.5195048],[13.2496724,52.5192607]]},"properties":{"osmId":290333378,"osmType":"way","electrified":"rail","electrified:rail":"top","frequency":"0","gauge":"1435","loading_gauge":"Kleinprofil","operator":"Berliner Verkehrsbetriebe","railway":"subway","service":"yard","voltage":"750"},"id":290333378},
{"type":"Feature","geometry":{"type":"LineString","coordinates":[[13.249467,52.5194446],[13.249692,52.5195477]]},"properties":{"osmId":290333380,"osmType":"way","electrified":"rail","electrified:rail":"top","frequency":"0","gauge":"1435","loading_gauge":"Kleinprofil","operator":"Berliner Verkehrsbetriebe","railway":"subway","service":"yard","voltage":"750"},"id":290333380},
{"type":"Feature","geometry":{"type":"LineString","coordinates":[[13.25013,52.5195689],[13.2514046,52.5201233]]},"properties":{"osmId":290333381,"osmType":"way","covered":"yes","electrified":"rail","electrified:rail":"top","frequency":"0","gauge":"1435","loading_gauge":"Kleinprofil","operator":"Berliner Verkehrsbetriebe","railway":"subway","service":"yard","voltage":"750"},"id":290333381},
{"type":"Feature","geometry":{"type":"LineString","coordinates":[[13.249566,52.519307],[13.2498141,52.51942]]},"properties":{"osmId":290333383,"osmType":"way","electrified":"rail","electrified:rail":"top","frequency":"0","gauge":"1435","loading_gauge":"Kleinprofil","operator":"Berliner Verkehrsbetriebe","railway":"subway","service":"yard","voltage":"750"},"id":290333383},
{"type":"Feature","geometry":{"type":"LineString","coordinates":[[13.2496569,52.5195763],[13.249467,52.5194446]]},"properties":{"osmId":290333384,"osmType":"way","electrified":"rail","electrified:rail":"top","frequency":"0","gauge":"1435","loading_gauge":"Kleinprofil","operator":"Berliner Verkehrsbetriebe","railway":"subway","service":"yard","voltage":"750"},"id":290333384},
{"type":"Feature","geometry":{"type":"LineString","coordinates":[[13.2496724,52.5192607],[13.250272,52.5194516]]},"properties":{"osmId":290333386,"osmType":"way","electrified":"rail","electrified:rail":"top","frequency":"0","gauge":"1435","loading_gauge":"Kleinprofil","operator":"Berliner Verkehrsbetriebe","railway":"subway","service":"yard","voltage":"750"},"id":290333386},
{"type":"Feature","geometry":{"type":"LineString","coordinates":[[13.2499521,52.5197121],[13.2512009,52.520277]]},"properties":{"osmId":290333387,"osmType":"way","covered":"yes","electrified":"rail","electrified:rail":"top","frequency":"0","gauge":"1435","loading_gauge":"Kleinprofil","operator":"Berliner Verkehrsbetriebe","railway":"subway","service":"yard","voltage":"750"},"id":290333387},
{"type":"Feature","geometry":{"type":"LineString","coordinates":[[13.2497622,52.519442],[13.249566,52.519307]]},"properties":{"osmId":290333389,"osmType":"way","electrified":"rail","electrified:rail":"top","frequency":"0","gauge":"1435","loading_gauge":"Kleinprofil","operator":"Berliner Verkehrsbetriebe","railway":"subway","service":"yard","voltage":"750"},"id":290333389},
{"type":"Feature","geometry":{"type":"LineString","coordinates":[[13.2498543,52.5184931],[13.2496623,52.5188618]]},"properties":{"osmId":290335098,"osmType":"way","electrified":"no","gauge":"1435","loading_gauge":"Kleinprofil","note":"Gleis46","operator":"Berliner Verkehrsbetriebe","railway":"subway","service":"yard","tunnel":"building_passage","voltage":"750"},"id":290335098},
{"type":"Feature","geometry":{"type":"MultiLineString","coordinates":[[[13.2498034,52.5184823],[13.2501464,52.5179293]],[[13.2501464,52.5179293],[13.2502848,52.517743]]]},"properties":{"osmId":290335100,"osmType":"way","electrified":"no","gauge":"1435","loading_gauge":"Kleinprofil","note":"Gleis45","operator":"Berliner Verkehrsbetriebe","railway":"subway","service":"yard","voltage":"750"},"id":290335100},
{"type":"Feature","geometry":{"type":"LineString","coordinates":[[13.2497374,52.5184677],[13.2501533,52.5178373]]},"properties":{"osmId":290335102,"osmType":"way","electrified":"no","gauge":"1435","loading_gauge":"Kleinprofil","note":"Gleis44","operator":"Berliner Verkehrsbetriebe","railway":"subway","service":"yard","voltage":"750"},"id":290335102},
{"type":"Feature","geometry":{"type":"LineString","coordinates":[[13.2498987,52.5185024],[13.2501714,52.5180587]]},"properties":{"osmId":290335104,"osmType":"way","electrified":"no","gauge":"1435","loading_gauge":"Kleinprofil","note":"Gleis47","operator":"Berliner Verkehrsbetriebe","railway":"subway","service":"yard","voltage":"750"},"id":290335104},
{"type":"Feature","geometry":{"type":"LineString","coordinates":[[13.3840629,52.4557692],[13.3839892,52.4565156],[13.3840982,52.4575033],[13.384594,52.459521]]},"properties":{"osmId":295250354,"osmType":"way","electrified":"rail","electrified:rail":"bottom","frequency":"0","gauge":"1435","layer":"-2","level":"-2","loading_gauge":"Großprofil","name":"U6","network":"BVG","operator":"Berliner Verkehrsbetriebe","railway":"subway","tunnel":"yes","voltage":"750"},"id":295250354},
{"type":"Feature","geometry":{"type":"MultiLineString","coordinates":[[[13.3906153,52.5055012],[13.3907533,52.5049874],[13.3912499,52.5015284],[13.3916035,52.4994226],[13.3916415,52.4981833],[13.391544625239181,52.49778646898435]],[[13.391544625239181,52.49778646898435],[13.391536089095128,52.49775150211904]],[[13.391536089095128,52.49775150211904],[13.3915325,52.4977368],[13.391351,52.497154],[13.3910397,52.4967435],[13.3897411,52.4957505]]]},"properties":{"osmId":295250358,"osmType":"way","electrified":"rail","electrified:rail":"bottom","frequency":"0","gauge":"1435","layer":"-2","level":"-2","loading_gauge":"Großprofil","name":"U6","operator":"Berliner Verkehrsbetriebe","railway":"subway","tunnel":"yes","voltage":"750"},"id":295250358},
{"type":"Feature","geometry":{"type":"LineString","coordinates":[[13.3856951,52.4648638],[13.3857751,52.4665249]]},"properties":{"osmId":295250359,"osmType":"way","electrified":"rail","electrified:rail":"bottom","frequency":"0","gauge":"1435","layer":"-2","level":"-2","loading_gauge":"Großprofil","name":"U6","network":"BVG","operator":"Berliner Verkehrsbetriebe","railway":"subway","tunnel":"yes","voltage":"750"},"id":295250359},
{"type":"Feature","geometry":{"type":"LineString","coordinates":[[13.3857981,52.468611],[13.3856457,52.4706935]]},"properties":{"osmId":295250360,"osmType":"way","electrified":"rail","electrified:rail":"bottom","frequency":"0","gauge":"1435","layer":"-2","level":"-2","loading_gauge":"Großprofil","name":"U6","network":"BVG","operator":"Berliner Verkehrsbetriebe","railway":"subway","tunnel":"yes","voltage":"750"},"id":295250360},
{"type":"Feature","geometry":{"type":"MultiLineString","coordinates":[[[13.3883201,52.5196643],[13.3886736,52.5176614]],[[13.3886736,52.5176614],[13.3887186,52.5173944]],[[13.3887186,52.5173944],[13.388778674055912,52.5170205990353]],[[13.388778674055912,52.5170205990353],[13.388803876572178,52.51686378050939]],[[13.388803876572178,52.51686378050939],[13.3889138,52.5161798],[13.3889962,52.5156404],[13.3890272,52.515226],[13.3892953,52.5138406],[13.389489,52.5124956]]]},"properties":{"osmId":295255789,"osmType":"way","electrified":"rail","electrified:rail":"bottom","frequency":"0","gauge":"1435","layer":"-1","level":"-1","loading_gauge":"Großprofil","name":"U6","network":"BVG","operator":"Berliner Verkehrsbetriebe","passenger_lines":"2","railway":"subway","ref":"C","tunnel":"yes","voltage":"750"},"id":295255789},
{"type":"Feature","geometry":{"type":"LineString","coordinates":[[13.3895846,52.5117738],[13.389843,52.5102192],[13.3902263,52.5082314]]},"properties":{"osmId":295255792,"osmType":"way","electrified":"rail","electrified:rail":"bottom","frequency":"0","gauge":"1435","layer":"-2","level":"-1","loading_gauge":"Großprofil","name":"U6","operator":"Berliner Verkehrsbetriebe","railway":"subway","tunnel":"yes","voltage":"750"},"id":295255792},
{"type":"Feature","geometry":{"type":"LineString","coordinates":[[13.3906375,52.5063798],[13.3900958,52.5093784],[13.3897268,52.5117835]]},"properties":{"osmId":295255796,"osmType":"way","electrified":"rail","electrified:rail":"bottom","frequency":"0","gauge":"1435","layer":"-2","level":"-1","loading_gauge":"Großprofil","name":"U6","network":"BVG","operator":"Berliner Verkehrsbetriebe","railway":"subway","tunnel":"yes","voltage":"750"},"id":295255796},
{"type":"Feature","geometry":{"type":"LineString","coordinates":[[13.3885693,52.518642],[13.3884146,52.5196712]]},"properties":{"osmId":295376548,"osmType":"way","electrified":"rail","electrified:rail":"bottom","frequency":"0","gauge":"1435","layer":"-2","level":"-2","loading_gauge":"Großprofil","name":"U6","operator":"Berliner Verkehrsbetriebe","railway":"subway","tunnel":"yes","voltage":"750"},"id":295376548},
{"type":"Feature","geometry":{"type":"MultiLineString","coordinates":[[[13.3900944,52.4956687],[13.3901516,52.4957235]],[[13.3901516,52.4957235],[13.391172,52.4967019],[13.3914903,52.4972934],[13.3916064,52.4977295],[13.391613298032892,52.49775560145496]],[[13.391613298032892,52.49775560145496],[13.391622894200507,52.49779191237734]],[[13.391622894200507,52.49779191237734],[13.3917244,52.498176],[13.3917984,52.4984977],[13.3918069,52.4990463],[13.3911278,52.5031767]]]},"properties":{"osmId":300288110,"osmType":"way","electrified":"rail","electrified:rail":"bottom","frequency":"0","gauge":"1435","layer":"-2","level":"-2","loading_gauge":"Großprofil","name":"U6","operator":"Berliner Verkehrsbetriebe","railway":"subway","tunnel":"yes","voltage":"750"},"id":300288110},
{"type":"Feature","geometry":{"type":"LineString","coordinates":[[13.3864101,52.4904369],[13.3861267,52.4893219],[13.3858872,52.4875385],[13.3858245,52.4866259],[13.3858008,52.4843437],[13.3861461,52.4833346],[13.3863317,52.4824612],[13.3862655,52.4793435],[13.3861813,52.4785909],[13.3862072,52.477038],[13.3861032,52.4729296],[13.3859241,52.4721128],[13.3855259,52.4712066],[13.3854793,52.4707488]]},"properties":{"osmId":300288111,"osmType":"way","electrified":"rail","electrified:rail":"bottom","frequency":"0","gauge":"1435","layer":"-2","level":"-2","loading_gauge":"Großprofil","name":"U6","operator":"Berliner Verkehrsbetriebe","railway":"subway","ref":"C","tunnel":"yes","voltage":"750"},"id":300288111},
{"type":"Feature","geometry":{"type":"MultiLineString","coordinates":[[[13.3874027,52.440287],[13.3869754,52.4413174]],[[13.3869754,52.4413174],[13.3868645,52.4416281]],[[13.3868645,52.4416281],[13.3863827,52.4430346]]]},"properties":{"osmId":300295481,"osmType":"way","electrified":"rail","electrified:rail":"bottom","frequency":"0","gauge":"1435","layer":"-2","level":"-2","loading_gauge":"Großprofil","name":"U6","network":"BVG","operator":"Berliner Verkehrsbetriebe","railway":"subway","tunnel":"yes","voltage":"750"},"id":300295481},
{"type":"Feature","geometry":{"type":"LineString","coordinates":[[13.3872057,52.4404519],[13.387414,52.4396554]]},"properties":{"osmId":300526958,"osmType":"way","electrified":"rail","frequency":"0","gauge":"1435","layer":"-2","level":"-2","loading_gauge":"Großprofil","name":"U6","network":"BVG","operator":"Berliner Verkehrsbetriebe","railway":"subway","tunnel":"yes","voltage":"750"},"id":300526958},
{"type":"Feature","geometry":{"type":"LineString","coordinates":[[13.3876195,52.43965],[13.3874027,52.440287]]},"properties":{"osmId":300526959,"osmType":"way","electrified":"rail","electrified:rail":"bottom","frequency":"0","gauge":"1435","layer":"-2","level":"-2","loading_gauge":"Großprofil","name":"U6","network":"BVG","operator":"Berliner Verkehrsbetriebe","railway":"subway","tunnel":"yes","voltage":"750"},"id":300526959},
{"type":"Feature","geometry":{"type":"LineString","coordinates":[[13.3319111,52.5064419],[13.3289758,52.5077929],[13.3278489,52.5082193],[13.3266365,52.5087624],[13.3254738,52.5094002],[13.3228299,52.5112699]]},"properties":{"osmId":311750067,"osmType":"way","electrified":"rail","electrified:rail":"top","frequency":"0","gauge":"1435","layer":"-1","level":"-2","loading_gauge":"Kleinprofil","operator":"Berliner Verkehrsbetriebe","railway":"subway","tunnel":"yes","voltage":"750"},"id":311750067},
{"type":"Feature","geometry":{"type":"LineString","coordinates":[[13.2499697,52.5174255],[13.2505177,52.5169071],[13.2510816,52.5166094],[13.2518396,52.5163819]]},"properties":{"osmId":315476022,"osmType":"way","electrified":"rail","electrified:rail":"top","frequency":"0","gauge":"1435","loading_gauge":"Kleinprofil","note":"Gleis3","operator":"Berliner Verkehrsbetriebe","railway":"subway","ref":"3","service":"siding","voltage":"750"},"id":315476022},
{"type":"Feature","geometry":{"type":"LineString","coordinates":[[13.43034,52.518207],[13.4326762,52.517915],[13.433153,52.5178955],[13.4427743,52.5169075],[13.4458443,52.5165773]]},"properties":{"osmId":317769294,"osmType":"way","electrified":"rail","electrified:rail":"bottom","frequency":"0","gauge":"1435","layer":"-2","level":"-2","loading_gauge":"Großprofil","maxspeed":"70","operator":"Berliner Verkehrsbetriebe","railway":"subway","tunnel":"yes","voltage":"750"},"id":317769294},
{"type":"Feature","geometry":{"type":"MultiLineString","coordinates":[[[13.3509784,52.5528902],[13.3509811,52.5528351]],[[13.3509811,52.5528351],[13.3505595,52.5524716]]]},"properties":{"osmId":317892214,"osmType":"way","electrified":"rail","gauge":"1435","layer":"-1","loading_gauge":"Großprofil","name":"7","operator":"Berliner Verkehrsbetriebe","railway":"subway","service":"yard","tunnel":"yes"},"id":317892214},
{"type":"Feature","geometry":{"type":"MultiLineString","coordinates":[[[13.3510904,52.5529589],[13.3511059,52.5528998]],[[13.3511059,52.5528998],[13.3511561,52.5525346]]]},"properties":{"osmId":317892217,"osmType":"way","electrified":"rail","frequency":"0","gauge":"1435","layer":"-1","loading_gauge":"Großprofil","operator":"Berliner Verkehrsbetriebe","railway":"subway","service":"yard","tunnel":"yes","voltage":"750"},"id":317892217},
{"type":"Feature","geometry":{"type":"LineString","coordinates":[[13.3278532,52.5630904],[13.326246,52.5635095]]},"properties":{"osmId":317892218,"osmType":"way","electrified":"rail","electrified:rail":"bottom","frequency":"0","gauge":"1435","layer":"-3","level":"-2","loading_gauge":"Großprofil","name":"U6","operator":"Berliner Verkehrsbetriebe","railway":"subway","tunnel":"yes","voltage":"750"},"id":317892218},
{"type":"Feature","geometry":{"type":"LineString","coordinates":[[13.351347,52.553175],[13.3514008,52.5527876]]},"properties":{"osmId":317892219,"osmType":"way","electrified":"rail","frequency":"0","gauge":"1435","layer":"-1","loading_gauge":"Großprofil","name":"Prüfgleis","operator":"Berliner Verkehrsbetriebe","railway":"subway","service":"yard","tunnel":"yes","voltage":"750"},"id":317892219},
{"type":"Feature","geometry":{"type":"LineString","coordinates":[[13.6289563,52.5391982],[13.6297099,52.5390707]]},"properties":{"osmId":320104924,"osmType":"way","cutting":"yes","electrified":"rail","electrified:rail":"bottom","frequency":"0","gauge":"1435","loading_gauge":"Großprofil","operator":"Berliner Verkehrsbetriebe","railway":"subway","service":"crossover","subway":"yes","voltage":"750"},"id":320104924},
{"type":"Feature","geometry":{"type":"LineString","coordinates":[[13.4446549,52.4354604],[13.445438,52.43515]]},"properties":{"osmId":320744678,"osmType":"way","electrified":"no","gauge":"1435","loading_gauge":"Großprofil","operator":"Berliner Verkehrsbetriebe","railway":"subway","service":"yard","tunnel":"building_passage"},"id":320744678},
{"type":"Feature","geometry":{"type":"LineString","coordinates":[[13.444832,52.4355196],[13.4455354,52.4352422]]},"properties":{"osmId":320744679,"osmType":"way","electrified":"no","gauge":"1435","loading_gauge":"Großprofil","operator":"Berliner Verkehrsbetriebe","railway":"subway","service":"yard","tunnel":"building_passage"},"id":320744679},
{"type":"Feature","geometry":{"type":"LineString","coordinates":[[13.4404934,52.4361319],[13.4420829,52.4355168]]},"properties":{"osmId":320744680,"osmType":"way","electrified":"rail","electrified:rail":"bottom","frequency":"0","gauge":"1435","loading_gauge":"Großprofil","operator":"Berliner Verkehrsbetriebe","railway":"subway","service":"yard","tunnel":"building_passage","voltage":"750"},"id":320744680},
{"type":"Feature","geometry":{"type":"LineString","coordinates":[[13.4454943,52.4352033],[13.4447132,52.4355155]]},"properties":{"osmId":320744681,"osmType":"way","electrified":"no","gauge":"1435","loading_gauge":"Großprofil","operator":"Berliner Verkehrsbetriebe","railway":"subway","service":"yard","tunnel":"building_passage"},"id":320744681},
{"type":"Feature","geometry":{"type":"LineString","coordinates":[[13.4486784,52.4362049],[13.4489671,52.4351399]]},"properties":{"osmId":320744683,"osmType":"way","electrified":"rail","electrified:rail":"bottom","frequency":"0","gauge":"1435","loading_gauge":"Großprofil","operator":"Berliner Verkehrsbetriebe","railway":"subway","service":"yard","tunnel":"yes","voltage":"750"},"id":320744683},
{"type":"Feature","geometry":{"type":"LineString","coordinates":[[13.4464556,52.4347507],[13.4470912,52.4345768]]},"properties":{"osmId":320744684,"osmType":"way","electrified":"no","gauge":"1435","loading_gauge":"Großprofil","operator":"Berliner Verkehrsbetriebe","railway":"subway","service":"yard"},"id":320744684},
{"type":"Feature","geometry":{"type":"MultiLineString","coordinates":[[[13.4420829,52.4355168],[13.4434388,52.4350682]],[[13.4434388,52.4350682],[13.4438459,52.4349335]],[[13.4438459,52.4349335],[13.4442148,52.4348069]],[[13.4442148,52.4348069],[13.4446731,52.4346272]],[[13.4446731,52.4346272],[13.4452978,52.4344483]],[[13.4452978,52.4344483],[13.4473117,52.4336285],[13.4478803,52.4334479],[13.4487486,52.4334263],[13.4494448,52.4336815],[13.4495611,52.4337718],[13.449594186459503,52.4338047956458]],[[13.449594186459503,52.4338047956458],[13.4496704,52.4338808],[13.44967331080814,52.43388459324261]],[[13.44967331080814,52.43388459324261],[13.4497179,52.4339427],[13.4497669,52.4340175],[13.4498209,52.4344487],[13.4494777,52.4350727]]]},"properties":{"osmId":320744685,"osmType":"way","electrified":"rail","electrified:rail":"bottom","frequency":"0","gauge":"1435","loading_gauge":"Großprofil","operator":"Berliner Verkehrsbetriebe","railway":"subway","service":"yard","voltage":"750"},"id":320744685},
{"type":"Feature","geometry":{"type":"LineString","coordinates":[[13.4398922,52.4363715],[13.4406577,52.4361599],[13.4434388,52.4350682]]},"properties":{"osmId":320744686,"osmType":"way","electrified":"rail","electrified:rail":"bottom","frequency":"0","gauge":"1435","loading_gauge":"Großprofil","operator":"Berliner Verkehrsbetriebe","railway":"subway","service":"yard","voltage":"750"},"id":320744686},
{"type":"Feature","geometry":{"type":"LineString","coordinates":[[13.4416446,52.4350958],[13.4402614,52.435631]]},"properties":{"osmId":320748980,"osmType":"way","electrified":"rail","electrified:rail":"bottom","frequency":"0","gauge":"1435","loading_gauge":"Großprofil","operator":"Berliner Verkehrsbetriebe","railway":"subway","service":"yard","tunnel":"building_passage","voltage":"750"},"id":320748980},
{"type":"Feature","geometry":{"type":"LineString","coordinates":[[13.4415806,52.4350344],[13.4401964,52.43557]]},"properties":{"osmId":320748981,"osmType":"way","electrified":"rail","electrified:rail":"bottom","frequency":"0","gauge":"1435","loading_gauge":"Großprofil","operator":"Berliner Verkehrsbetriebe","railway":"subway","service":"yard","tunnel":"building_passage","voltage":"750"},"id":320748981},
{"type":"Feature","geometry":{"type":"LineString","coordinates":[[13.4418816,52.4353234],[13.4405024,52.4358571]]},"properties":{"osmId":320748982,"osmType":"way","electrified":"rail","electrified:rail":"bottom","frequency":"0","gauge":"1435","loading_gauge":"Großprofil","operator":"Berliner Verkehrsbetriebe","railway":"subway","service":"yard","tunnel":"building_passage","voltage":"750"},"id":320748982},
{"type":"Feature","geometry":{"type":"LineString","coordinates":[[13.4419109,52.4353516],[13.4405322,52.4358851]]},"properties":{"osmId":320748983,"osmType":"way","electrified":"rail","electrified:rail":"bottom","frequency":"0","gauge":"1435","loading_gauge":"Großprofil","operator":"Berliner Verkehrsbetriebe","railway":"subway","service":"yard","tunnel":"building_passage","voltage":"750"},"id":320748983},
{"type":"Feature","geometry":{"type":"LineString","coordinates":[[13.4417176,52.4351659],[13.4403357,52.4357007]]},"properties":{"osmId":320748984,"osmType":"way","electrified":"rail","electrified:rail":"bottom","frequency":"0","gauge":"1435","loading_gauge":"Großprofil","operator":"Berliner Verkehrsbetriebe","railway":"subway","service":"yard","tunnel":"building_passage","voltage":"750"},"id":320748984},
{"type":"Feature","geometry":{"type":"LineString","coordinates":[[13.4419756,52.4354137],[13.440598,52.4359468]]},"properties":{"osmId":320748985,"osmType":"way","electrified":"rail","electrified:rail":"bottom","frequency":"0","gauge":"1435","loading_gauge":"Großprofil","operator":"Berliner Verkehrsbetriebe","railway":"subway","service":"yard","tunnel":"building_passage","voltage":"750"},"id":320748985},
{"type":"Feature","geometry":{"type":"LineString","coordinates":[[13.4417831,52.4352288],[13.4404022,52.4357631]]},"properties":{"osmId":320748986,"osmType":"way","electrified":"rail","electrified:rail":"bottom","frequency":"0","gauge":"1435","loading_gauge":"Großprofil","operator":"Berliner Verkehrsbetriebe","railway":"subway","service":"yard","tunnel":"building_passage","voltage":"750"},"id":320748986},
{"type":"Feature","geometry":{"type":"LineString","coordinates":[[13.4416137,52.4350661],[13.44023,52.4356016]]},"properties":{"osmId":320748987,"osmType":"way","electrified":"rail","electrified:rail":"bottom","frequency":"0","gauge":"1435","loading_gauge":"Großprofil","operator":"Berliner Verkehrsbetriebe","railway":"subway","service":"yard","tunnel":"building_passage","voltage":"750"},"id":320748987},
{"type":"Feature","geometry":{"type":"LineString","coordinates":[[13.4419417,52.4353812],[13.4405635,52.4359145]]},"properties":{"osmId":320748988,"osmType":"way","electrified":"rail","electrified:rail":"bottom","frequency":"0","gauge":"1435","loading_gauge":"Großprofil","operator":"Berliner Verkehrsbetriebe","railway":"subway","service":"yard","tunnel":"building_passage","voltage":"750"},"id":320748988},
{"type":"Feature","geometry":{"type":"LineString","coordinates":[[13.4417491,52.4351962],[13.4403677,52.4357307]]},"properties":{"osmId":320748989,"osmType":"way","electrified":"rail","electrified:rail":"bottom","frequency":"0","gauge":"1435","loading_gauge":"Großprofil","operator":"Berliner Verkehrsbetriebe","railway":"subway","service":"yard","tunnel":"building_passage","voltage":"750"},"id":320748989},
{"type":"Feature","geometry":{"type":"LineString","coordinates":[[13.4418248,52.4352689],[13.4404447,52.435803]]},"properties":{"osmId":320748990,"osmType":"way","electrified":"rail","electrified:rail":"bottom","frequency":"0","gauge":"1435","loading_gauge":"Großprofil","operator":"Berliner Verkehrsbetriebe","railway":"subway","service":"yard","tunnel":"building_passage","voltage":"750"},"id":320748990},
{"type":"Feature","geometry":{"type":"LineString","coordinates":[[13.4416786,52.4351285],[13.440296,52.4356634]]},"properties":{"osmId":320748991,"osmType":"way","electrified":"rail","electrified:rail":"bottom","frequency":"0","gauge":"1435","loading_gauge":"Großprofil","operator":"Berliner Verkehrsbetriebe","railway":"subway","service":"yard","tunnel":"building_passage","voltage":"750"},"id":320748991},
{"type":"Feature","geometry":{"type":"LineString","coordinates":[[13.4420152,52.4354518],[13.4406383,52.4359846]]},"properties":{"osmId":320748992,"osmType":"way","electrified":"rail","electrified:rail":"bottom","frequency":"0","gauge":"1435","loading_gauge":"Großprofil","operator":"Berliner Verkehrsbetriebe","railway":"subway","service":"yard","tunnel":"building_passage","voltage":"750"},"id":320748992},
{"type":"Feature","geometry":{"type":"MultiLineString","coordinates":[[[13.6297099,52.5390707],[13.6302529,52.5389706]],[[13.6302529,52.5389706],[13.630798,52.538872]]]},"properties":{"osmId":321008735,"osmType":"way","electrified":"rail","electrified:rail":"bottom","frequency":"0","gauge":"1435","loading_gauge":"Großprofil","maxspeed":"60","operator":"Berliner Verkehrsbetriebe","railway":"subway","subway":"yes","voltage":"750"},"id":321008735},
{"type":"Feature","geometry":{"type":"MultiLineString","coordinates":[[[13.4126533,52.5211679],[13.4134497,52.5215837],[13.4137367,52.521704],[13.413875458380325,52.52175870247923]],[[13.413875458380325,52.52175870247923],[13.414104529617454,52.52184900884171]],[[13.414104529617454,52.52184900884171],[13.4141248,52.521857],[13.4141551,52.5218721]]]},"properties":{"osmId":321754182,"osmType":"way","electrified":"rail","electrified:rail":"bottom","frequency":"0","gauge":"1435","layer":"-5","level":"-5","loading_gauge":"Großprofil","maxspeed":"70","operator":"Berliner Verkehrsbetriebe","railway":"subway","service":"siding","subway":"yes","tunnel":"yes","voltage":"750"},"id":321754182},
{"type":"Feature","geometry":{"type":"LineString","coordinates":[[13.4945615,52.4165722],[13.493978,52.4169417],[13.4927606,52.4178993],[13.4878389,52.421676],[13.4873394,52.4219986],[13.4858145,52.4227041],[13.4838027,52.4233406],[13.4824119,52.4235557],[13.4815191,52.4235863],[13.4787072,52.4234861],[13.4750041,52.4232768],[13.4723862,52.4232794],[13.4709468,52.4233351],[13.4693059,52.4235305],[13.4671543,52.4236755],[13.4650211,52.4239933],[13.4632448,52.4244037]]},"properties":{"osmId":325039614,"osmType":"way","electrified":"rail","electrified:rail":"bottom","frequency":"0","gauge":"1435","layer":"-1","level":"-2","loading_gauge":"Großprofil","name":"U7","operator":"Berliner Verkehrsbetriebe","railway":"subway","tunnel":"yes","voltage":"750"},"id":325039614},
{"type":"Feature","geometry":{"type":"LineString","coordinates":[[13.3530291,52.4994838],[13.3511885,52.4987984]]},"properties":{"osmId":327417303,"osmType":"way","electrified":"rail","electrified:rail":"top","frequency":"0","gauge":"1435","layer":"-1","level":"-1","loading_gauge":"Kleinprofil","name":"U4","operator":"Berliner Verkehrsbetriebe","railway":"subway","tunnel":"yes","voltage":"750"},"id":327417303},
{"type":"Feature","geometry":{"type":"LineString","coordinates":[[13.4166853,52.5114816],[13.415644,52.5100455]]},"properties":{"osmId":328426268,"osmType":"way","electrified":"rail","electrified:rail":"bottom","frequency":"0","gauge":"1435","layer":"-2","level":"-2","loading_gauge":"Großprofil","name":"U8","operator":"Berliner Verkehrsbetriebe","railway":"subway","tunnel":"yes","voltage":"750"},"id":328426268},
{"type":"Feature","geometry":{"type":"LineString","coordinates":[[13.411394,52.5044411],[13.4128193,52.5063355],[13.4147829,52.5088504],[13.4153235,52.5094213],[13.4165139,52.5109945],[13.4167528,52.5114901]]},"properties":{"osmId":328426271,"osmType":"way","electrified":"rail","electrified:rail":"bottom","frequency":"0","gauge":"1435","layer":"-2","level":"-2","loading_gauge":"Großprofil","name":"U8","operator":"Berliner Verkehrsbetriebe","railway":"subway","tunnel":"yes","voltage":"750"},"id":328426271},
{"type":"Feature","geometry":{"type":"MultiLineString","coordinates":[[[13.4222706,52.4925653],[13.4230773,52.4911537],[13.4242557,52.489285],[13.4249501,52.4883314]],[[13.4249501,52.4883314],[13.4251553,52.4877023],[13.4249412,52.4873604]]]},"properties":{"osmId":328426277,"osmType":"way","electrified":"rail","electrified:rail":"bottom","frequency":"0","gauge":"1435","layer":"-2","level":"-2","loading_gauge":"Großprofil","name":"U8","operator":"Berliner Verkehrsbetriebe","railway":"subway","tunnel":"yes","voltage":"750"},"id":328426277},
{"type":"Feature","geometry":{"type":"LineString","coordinates":[[13.4203711,52.4873476],[13.4194058,52.4875033],[13.4095036,52.4888076],[13.4085726,52.4889687],[13.4067498,52.4894787],[13.4060859,52.4895638],[13.4045284,52.4895571],[13.4038553,52.4896497],[13.3974333,52.4909446],[13.3966441,52.4910781],[13.3912401,52.4921907],[13.3892407,52.4923901],[13.3886327,52.4925518]]},"properties":{"osmId":328644722,"osmType":"way","electrified":"rail","electrified:rail":"bottom","frequency":"0","gauge":"1435","layer":"-3","level":"-1","loading_gauge":"Großprofil","name":"U7","operator":"Berliner Verkehrsbetriebe","railway":"subway","ref":"C'","tunnel":"yes","voltage":"750"},"id":328644722},
{"type":"Feature","geometry":{"type":"LineString","coordinates":[[13.4348832,52.4811886],[13.4336979,52.4820545]]},"properties":{"osmId":328644723,"osmType":"way","electrified":"rail","electrified:rail":"bottom","frequency":"0","gauge":"1435","layer":"-2","level":"-1","loading_gauge":"Großprofil","name":"U7","operator":"Berliner Verkehrsbetriebe","railway":"subway","tunnel":"yes","voltage":"750"},"id":328644723},
{"type":"Feature","geometry":{"type":"LineString","coordinates":[[13.4348382,52.4811639],[13.433477,52.4821034]]},"properties":{"osmId":328644724,"osmType":"way","electrified":"rail","electrified:rail":"bottom","frequency":"0","gauge":"1435","layer":"-2","level":"-1","loading_gauge":"Großprofil","name":"U7","operator":"Berliner Verkehrsbetriebe","railway":"subway","tunnel":"yes","voltage":"750"},"id":328644724},
{"type":"Feature","geometry":{"type":"MultiLineString","coordinates":[[[13.4256815,52.4791976],[13.4255217,52.4795775]],[[13.4255217,52.4795775],[13.4250477,52.4810272]]]},"properties":{"osmId":328814240,"osmType":"way","electrified":"rail","electrified:rail":"bottom","frequency":"0","gauge":"1435","layer":"-2","level":"-1","loading_gauge":"Großprofil","name":"U8","operator":"Berliner Verkehrsbetriebe","railway":"subway","tunnel":"yes","voltage":"750"},"id":328814240},
{"type":"Feature","geometry":{"type":"MultiLineString","coordinates":[[[13.4249572,52.4810227],[13.4254162,52.4795655]],[[13.4254162,52.4795655],[13.4255161,52.4791728]]]},"properties":{"osmId":328814248,"osmType":"way","electrified":"rail","electrified:rail":"bottom","frequency":"0","gauge":"1435","layer":"-2","level":"-1","loading_gauge":"Großprofil","name":"U8","operator":"Berliner Verkehrsbetriebe","railway":"subway","tunnel":"yes","voltage":"750"},"id":328814248},
{"type":"Feature","geometry":{"type":"LineString","coordinates":[[13.4255161,52.4791728],[13.4260731,52.4777338],[13.4276282,52.4742987]]},"properties":{"osmId":328814252,"osmType":"way","electrified":"rail","electrified:rail":"bottom","frequency":"0","gauge":"1435","layer":"-2","level":"-2","loading_gauge":"Großprofil","name":"U8","operator":"Berliner Verkehrsbetriebe","railway":"subway","tunnel":"yes","voltage":"750"},"id":328814252},
{"type":"Feature","geometry":{"type":"LineString","coordinates":[[13.3748383,52.5036094],[13.375147,52.5043034],[13.3759017,52.5055949]]},"properties":{"osmId":330839874,"osmType":"way","electrified":"rail","electrified:rail":"top","frequency":"0","gauge":"1435","layer":"1","level":"1","loading_gauge":"Kleinprofil","maxspeed":"60","maxspeed:note":"Kein Limit - Maximalgeschwindigkeit der eingesetzten Fahrzeuge","name":"U2","operator":"Berliner Verkehrsbetriebe","railway":"subway","tunnel":"yes","voltage":"750"},"id":330839874},
{"type":"Feature","geometry":{"type":"LineString","coordinates":[[13.3758556,52.5056063],[13.3751045,52.5043095],[13.3747921,52.5036196]]},"properties":{"osmId":330839875,"osmType":"way","electrified":"rail","electrified:rail":"top","frequency":"0","gauge":"1435","layer":"1","level":"1","loading_gauge":"Kleinprofil","maxspeed":"60","maxspeed:note":"Kein Limit - Maximalgeschwindigkeit der eingesetzten Fahrzeuge","name":"U2","operator":"Berliner Verkehrsbetriebe","railway":"subway","tunnel":"yes","voltage":"750"},"id":330839875},
{"type":"Feature","geometry":{"type":"LineString","coordinates":[[13.3880521,52.521111],[13.3883201,52.5196643]]},"properties":{"osmId":335043669,"osmType":"way","electrified":"rail","electrified:rail":"bottom","frequency":"0","gauge":"1435","layer":"-2","level":"-2","loading_gauge":"Großprofil","name":"U6","operator":"Berliner Verkehrsbetriebe","railway":"subway","tunnel":"yes","voltage":"750"},"id":335043669},
{"type":"Feature","geometry":{"type":"LineString","coordinates":[[13.3884146,52.5196712],[13.3876401,52.5240336],[13.3875308,52.5249648]]},"properties":{"osmId":335043672,"osmType":"way","electrified":"rail","electrified:rail":"bottom","frequency":"0","gauge":"1435","layer":"-2","level":"-2","loading_gauge":"Großprofil","name":"U6","operator":"Berliner Verkehrsbetriebe","railway":"subway","tunnel":"yes","voltage":"750"},"id":335043672},
{"type":"Feature","geometry":{"type":"MultiLineString","coordinates":[[[13.4483418,52.50396],[13.4486117,52.5042429]],[[13.4486117,52.5042429],[13.4487029,52.5043295]],[[13.4487029,52.5043295],[13.4488565,52.5044772]],[[13.4488565,52.5044772],[13.4489795,52.5046044]],[[13.4489795,52.5046044],[13.4491302,52.5046985]],[[13.4491302,52.5046985],[13.4495206,52.5049263],[13.4500802,52.5049367]]]},"properties":{"osmId":335239801,"osmType":"way","bridge":"yes","electrified":"rail","electrified:rail":"top","frequency":"0","gauge":"1435","layer":"1","loading_gauge":"Kleinprofil","operator":"Berliner Verkehrsbetriebe","railway":"subway","railway:electricity:ref":"WA2","service":"yard","voltage":"750"},"id":335239801},
{"type":"Feature","geometry":{"type":"LineString","coordinates":[[13.4501067,52.5049712],[13.4521992,52.5043912]]},"properties":{"osmId":335239809,"osmType":"way","covered":"yes","electrified":"rail","electrified:rail":"top","gauge":"1435","layer":"2","loading_gauge":"Kleinprofil","operator":"Berliner Verkehrsbetriebe","railway":"subway","railway:electricity:ref":"WA2","service":"yard"},"id":335239809},
{"type":"Feature","geometry":{"type":"LineString","coordinates":[[13.449986,52.5048153],[13.452078,52.5042293]]},"properties":{"osmId":335239814,"osmType":"way","covered":"yes","electrified":"rail","electrified:rail":"top","gauge":"1435","layer":"2","loading_gauge":"Kleinprofil","operator":"Berliner Verkehrsbetriebe","railway":"subway","railway:electricity:ref":"WA2","service":"yard"},"id":335239814},
{"type":"Feature","geometry":{"type":"LineString","coordinates":[[13.4500802,52.5049367],[13.4521748,52.5043585]]},"properties":{"osmId":335239818,"osmType":"way","covered":"yes","electrified":"rail","electrified:rail":"top","gauge":"1435","layer":"2","loading_gauge":"Kleinprofil","operator":"Berliner Verkehrsbetriebe","railway":"subway","railway:electricity:ref":"WA2","service":"yard"},"id":335239818},
{"type":"Feature","geometry":{"type":"LineString","coordinates":[[13.4500288,52.5048726],[13.4521234,52.5042899]]},"properties":{"osmId":335239820,"osmType":"way","covered":"yes","electrified":"rail","electrified:rail":"top","gauge":"1435","layer":"2","loading_gauge":"Kleinprofil","operator":"Berliner Verkehrsbetriebe","railway":"subway","railway:electricity:ref":"WA2","service":"yard"},"id":335239820},
{"type":"Feature","geometry":{"type":"LineString","coordinates":[[13.4499653,52.5047881],[13.4520578,52.5042024]]},"properties":{"osmId":335239821,"osmType":"way","covered":"yes","electrified":"rail","electrified:rail":"top","gauge":"1435","layer":"2","loading_gauge":"Kleinprofil","operator":"Berliner Verkehrsbetriebe","railway":"subway","railway:electricity:ref":"WA2","service":"yard"},"id":335239821},
{"type":"Feature","geometry":{"type":"LineString","coordinates":[[13.4500524,52.5049028],[13.452149,52.5043241]]},"properties":{"osmId":335239825,"osmType":"way","covered":"yes","electrified":"rail","electrified:rail":"top","gauge":"1435","layer":"2","loading_gauge":"Kleinprofil","operator":"Berliner Verkehrsbetriebe","railway":"subway","railway:electricity:ref":"WA2","service":"yard"},"id":335239825},
{"type":"Feature","geometry":{"type":"LineString","coordinates":[[13.4500063,52.5048416],[13.4521006,52.5042595]]},"properties":{"osmId":335239828,"osmType":"way","covered":"yes","electrified":"rail","electrified:rail":"top","gauge":"1435","layer":"2","loading_gauge":"Kleinprofil","operator":"Berliner Verkehrsbetriebe","railway":"subway","railway:electricity:ref":"WA2","service":"yard"},"id":335239828},
{"type":"Feature","geometry":{"type":"LineString","coordinates":[[13.4501313,52.5050038],[13.4522192,52.5044179]]},"properties":{"osmId":335239831,"osmType":"way","covered":"yes","electrified":"rail","electrified:rail":"top","gauge":"1435","layer":"2","loading_gauge":"Kleinprofil","operator":"Berliner Verkehrsbetriebe","railway":"subway","railway:electricity:ref":"WA2","service":"yard"},"id":335239831},
{"type":"Feature","geometry":{"type":"MultiLineString","coordinates":[[[13.4483418,52.50396],[13.4484443,52.5041275]],[[13.4484443,52.5041275],[13.4485334,52.5042665]]]},"properties":{"osmId":335239834,"osmType":"way","electrified":"rail","electrified:rail":"top","frequency":"0","gauge":"1435","layer":"2","loading_gauge":"Kleinprofil","operator":"Berliner Verkehrsbetriebe","railway":"subway","service":"yard","tunnel":"no","voltage":"750"},"id":335239834},
{"type":"Feature","geometry":{"type":"LineString","coordinates":[[13.4471833,52.5027588],[13.4474998,52.5031066]]},"properties":{"osmId":335239838,"osmType":"way","electrified":"rail","electrified:rail":"top","frequency":"0","gauge":"1435","height":"6","layer":"2","level":"1","loading_gauge":"Kleinprofil","name":"U1","operator":"Berliner Verkehrsbetriebe","railway":"subway","tunnel":"no","voltage":"750"},"id":335239838},
{"type":"Feature","geometry":{"type":"LineString","coordinates":[[13.447141,52.5027707],[13.4469014,52.5025766]]},"properties":{"osmId":335239842,"osmType":"way","bridge":"viaduct","electrified":"rail","electrified:rail":"top","frequency":"0","gauge":"1435","height":"6","layer":"2","level":"1","loading_gauge":"Kleinprofil","name":"U1","operator":"Berliner Verkehrsbetriebe","railway":"subway","tunnel":"no","voltage":"750"},"id":335239842},
{"type":"Feature","geometry":{"type":"LineString","coordinates":[[13.448927,52.5047896],[13.4491897,52.5051277]]},"properties":{"osmId":345088357,"osmType":"way","covered":"yes","electrified":"rail","electrified:rail":"top","frequency":"0","gauge":"1435","layer":"2","level":"1","loading_gauge":"Kleinprofil","name":"U1","operator":"Berliner Verkehrsbetriebe","railway":"subway","railway:track_ref":"2","voltage":"750"},"id":345088357},
{"type":"Feature","geometry":{"type":"MultiLineString","coordinates":[[[13.4486117,52.5042429],[13.4484443,52.5041275]],[[13.4484443,52.5041275],[13.4482627,52.5039897]]]},"properties":{"osmId":345088358,"osmType":"way","electrified":"rail","electrified:rail":"top","frequency":"0","gauge":"1435","layer":"2","loading_gauge":"Kleinprofil","operator":"Berliner Verkehrsbetriebe","railway":"subway","service":"yard","tunnel":"no","voltage":"750"},"id":345088358},
{"type":"Feature","geometry":{"type":"LineString","coordinates":[[13.4487787,52.5048302],[13.4480414,52.5038766]]},"properties":{"osmId":345088360,"osmType":"way","electrified":"rail","electrified:rail":"top","frequency":"0","gauge":"1435","layer":"2","level":"1","loading_gauge":"Kleinprofil","name":"U1","operator":"Berliner Verkehrsbetriebe","railway":"subway","railway:track_ref":"1","tunnel":"no","voltage":"750"},"id":345088360},
{"type":"Feature","geometry":{"type":"LineString","coordinates":[[13.3730503,52.5196945],[13.3736403,52.5186655],[13.3743962,52.5179301],[13.3748921,52.5175997],[13.3759092,52.5171149],[13.3768778,52.5168142],[13.3786111,52.5165571],[13.3805523,52.5165117]]},"properties":{"osmId":360588975,"osmType":"way","electrified":"rail","electrified:rail":"bottom","frequency":"0","gauge":"1435","layer":"-3","level":"-3","loading_gauge":"Großprofil","maxspeed":"70","operator":"Berliner Verkehrsbetriebe","railway":"subway","ref":"C","start_date":"2020-12-04","tunnel":"yes","tunnel:construction_method":"shield_tunneling","voltage":"750"},"id":360588975},
{"type":"Feature","geometry":{"type":"LineString","coordinates":[[13.516415,52.5009886],[13.5161659,52.4999338]]},"properties":{"osmId":365890522,"osmType":"way","electrified":"rail","electrified:rail":"bottom","gauge":"1435","layer":"-1","loading_gauge":"Großprofil","operator":"Berliner Verkehrsbetriebe","railway":"subway","service":"yard","tunnel":"building_passage"},"id":365890522},
{"type":"Feature","geometry":{"type":"LineString","coordinates":[[13.5167205,52.5009651],[13.5165257,52.4999086]]},"properties":{"osmId":365890523,"osmType":"way","electrified":"rail","electrified:rail":"bottom","gauge":"1435","layer":"-1","loading_gauge":"Großprofil","operator":"Berliner Verkehrsbetriebe","railway":"subway","service":"yard","tunnel":"building_passage"},"id":365890523},
{"type":"Feature","geometry":{"type":"LineString","coordinates":[[13.5165576,52.5009776],[13.5163397,52.4999216]]},"properties":{"osmId":365890524,"osmType":"way","electrified":"rail","electrified:rail":"bottom","gauge":"1435","layer":"-1","loading_gauge":"Großprofil","operator":"Berliner Verkehrsbetriebe","railway":"subway","service":"yard","tunnel":"building_passage"},"id":365890524},
{"type":"Feature","geometry":{"type":"LineString","coordinates":[[13.5171239,52.5009341],[13.5169186,52.499881]]},"properties":{"osmId":365890526,"osmType":"way","electrified":"rail","electrified:rail":"bottom","gauge":"1435","layer":"-1","loading_gauge":"Großprofil","operator":"Berliner Verkehrsbetriebe","railway":"subway","service":"yard","tunnel":"building_passage"},"id":365890526},
{"type":"Feature","geometry":{"type":"LineString","coordinates":[[13.5169395,52.5009482],[13.5167333,52.499894]]},"properties":{"osmId":365890527,"osmType":"way","electrified":"rail","electrified:rail":"bottom","gauge":"1435","layer":"-1","loading_gauge":"Großprofil","operator":"Berliner Verkehrsbetriebe","railway":"subway","service":"yard","tunnel":"building_passage"},"id":365890527},
{"type":"Feature","geometry":{"type":"LineString","coordinates":[[13.5171961,52.5009285],[13.5169921,52.4999022]]},"properties":{"osmId":365890528,"osmType":"way","electrified":"no","gauge":"1435","layer":"-1","loading_gauge":"Großprofil","operator":"Berliner Verkehrsbetriebe","railway":"subway","service":"yard","tunnel":"building_passage"},"id":365890528},
{"type":"Feature","geometry":{"type":"LineString","coordinates":[[13.5176816,52.5005549],[13.5175603,52.5010532]]},"properties":{"osmId":365890530,"osmType":"way","electrified":"rail","electrified:rail":"bottom","gauge":"1435","loading_gauge":"Großprofil","operator":"Berliner Verkehrsbetriebe","railway":"subway","service":"yard"},"id":365890530},
{"type":"Feature","geometry":{"type":"LineString","coordinates":[[13.5166166,52.5009731],[13.5167348,52.5018981]]},"properties":{"osmId":365890532,"osmType":"way","electrified":"rail","electrified:rail":"bottom","gauge":"1435","loading_gauge":"Großprofil","operator":"Berliner Verkehrsbetriebe","railway":"subway","service":"yard"},"id":365890532},
{"type":"Feature","geometry":{"type":"LineString","coordinates":[[13.5170629,52.5009388],[13.5170742,52.5014511]]},"properties":{"osmId":365890533,"osmType":"way","electrified":"rail","electrified:rail":"bottom","gauge":"1435","loading_gauge":"Großprofil","operator":"Berliner Verkehrsbetriebe","railway":"subway","service":"yard"},"id":365890533},
{"type":"Feature","geometry":{"type":"LineString","coordinates":[[13.5164877,52.500983],[13.5166453,52.5020791]]},"properties":{"osmId":365890534,"osmType":"way","electrified":"rail","electrified:rail":"bottom","gauge":"1435","loading_gauge":"Großprofil","operator":"Berliner Verkehrsbetriebe","railway":"subway","service":"yard"},"id":365890534},
{"type":"Feature","geometry":{"type":"LineString","coordinates":[[13.5168687,52.5009537],[13.5169281,52.5015991]]},"properties":{"osmId":365890535,"osmType":"way","electrified":"rail","electrified:rail":"bottom","gauge":"1435","loading_gauge":"Großprofil","operator":"Berliner Verkehrsbetriebe","railway":"subway","service":"yard"},"id":365890535},
{"type":"Feature","geometry":{"type":"LineString","coordinates":[[13.5169969,52.5009438],[13.5170159,52.5014174]]},"properties":{"osmId":365890536,"osmType":"way","electrified":"rail","electrified:rail":"bottom","gauge":"1435","loading_gauge":"Großprofil","operator":"Berliner Verkehrsbetriebe","railway":"subway","service":"yard"},"id":365890536},
{"type":"Feature","geometry":{"type":"MultiLineString","coordinates":[[[13.5168138,52.5009579],[13.5169281,52.5015991]],[[13.5169281,52.5015991],[13.5168878,52.5018921]]]},"properties":{"osmId":365890537,"osmType":"way","electrified":"rail","electrified:rail":"bottom","gauge":"1435","loading_gauge":"Großprofil","operator":"Berliner Verkehrsbetriebe","railway":"subway","service":"yard"},"id":365890537},
{"type":"Feature","geometry":{"type":"MultiLineString","coordinates":[[[13.2424424,52.525377],[13.2427602,52.5252574]],[[13.2427602,52.5252574],[13.2429421,52.5251915]]]},"properties":{"osmId":373367040,"osmType":"way","electrified":"rail","electrified:rail":"top","frequency":"0","gauge":"1435","layer":"1","level":"1","loading_gauge":"Kleinprofil","operator":"Berliner Verkehrsbetriebe","railway":"subway","voltage":"750"},"id":373367040},
{"type":"Feature","geometry":{"type":"MultiLineString","coordinates":[[[13.242963,52.5252174],[13.2427602,52.5252574]],[[13.2427602,52.5252574],[13.2424167,52.5253237]]]},"properties":{"osmId":373367041,"osmType":"way","electrified":"rail","electrified:rail":"top","frequency":"0","gauge":"1435","layer":"1","level":"1","loading_gauge":"Kleinprofil","operator":"Berliner Verkehrsbetriebe","railway":"subway","voltage":"750"},"id":373367041},
{"type":"Feature","geometry":{"type":"LineString","coordinates":[[13.3282881,52.475562],[13.3283856,52.4738856],[13.328596,52.4727425],[13.3286396,52.4721004],[13.3285561,52.471317],[13.3282776,52.470351],[13.328205,52.4689557],[13.3281741,52.4653787],[13.3280365,52.4647999],[13.3276724,52.4642397]]},"properties":{"osmId":374919447,"osmType":"way","electrified":"rail","electrified:rail":"bottom","frequency":"0","gauge":"1435","layer":"-1","level":"-2","loading_gauge":"Großprofil","operator":"Berliner Verkehrsbetriebe","railway":"subway","tunnel":"yes","voltage":"750"},"id":374919447},
{"type":"Feature","geometry":{"type":"LineString","coordinates":[[13.3276224,52.4640169],[13.3280074,52.4644327],[13.3283487,52.4653816],[13.3283579,52.4689622],[13.3284143,52.4703493],[13.3287627,52.4715153],[13.3288529,52.4722475],[13.3285565,52.4734128],[13.328492,52.4744145],[13.3286184,52.4755551],[13.3286557,52.4766314],[13.3286346,52.4783738],[13.3287661,52.479967]]},"properties":{"osmId":374919448,"osmType":"way","electrified":"rail","electrified:rail":"bottom","frequency":"0","gauge":"1435","layer":"-2","level":"-2","loading_gauge":"Großprofil","operator":"Berliner Verkehrsbetriebe","railway":"subway","tunnel":"yes","voltage":"750"},"id":374919448},
{"type":"Feature","geometry":{"type":"LineString","coordinates":[[13.3283034,52.4799704],[13.3282908,52.4790288],[13.3283875,52.4784593],[13.3282936,52.476638],[13.3282881,52.475562]]},"properties":{"osmId":374919449,"osmType":"way","electrified":"rail","electrified:rail":"bottom","frequency":"0","gauge":"1435","layer":"-2","level":"-2","loading_gauge":"Großprofil","operator":"Berliner Verkehrsbetriebe","railway":"subway","tunnel":"yes","voltage":"750"},"id":374919449},
{"type":"Feature","geometry":{"type":"LineString","coordinates":[[13.3135221,52.4812913],[13.3136767,52.4838163]]},"properties":{"osmId":374930731,"osmType":"way","electrified":"rail","electrified:rail":"top","frequency":"0","gauge":"1435","layer":"-1","level":"-2","loading_gauge":"Kleinprofil","maxspeed":"60","name":"U3","operator":"Berliner Verkehrsbetriebe","railway":"subway","tunnel":"yes","usage":"main","voltage":"750"},"id":374930731},
{"type":"Feature","geometry":{"type":"LineString","coordinates":[[13.312512,52.4789098],[13.3126643,52.4793144],[13.3133849,52.4805356],[13.3135221,52.4812913]]},"properties":{"osmId":374930732,"osmType":"way","electrified":"rail","frequency":"0","gauge":"1435","layer":"-1","level":"-2","loading_gauge":"Kleinprofil","maxspeed":"60","name":"U3","operator":"Berliner Verkehrsbetriebe","railway":"subway","railway:track_ref":"2","tunnel":"yes","usage":"main","voltage":"750"},"id":374930732},
{"type":"Feature","geometry":{"type":"LineString","coordinates":[[13.3126628,52.4795953],[13.3124588,52.4792204],[13.3124328,52.4787764]]},"properties":{"osmId":374930733,"osmType":"way","electrified":"rail","electrified:rail":"top","frequency":"0","gauge":"1435","layer":"-1","level":"-2","loading_gauge":"Kleinprofil","maxspeed":"60","name":"U3","operator":"Berliner Verkehrsbetriebe","railway":"subway","tunnel":"yes","usage":"main","voltage":"750"},"id":374930733},
{"type":"Feature","geometry":{"type":"LineString","coordinates":[[13.4138619,52.5500786],[13.4142111,52.5521488],[13.4146003,52.5540172],[13.4146687,52.5547222],[13.4145062,52.5558836]]},"properties":{"osmId":375386235,"osmType":"way","bridge":"viaduct","electrified":"rail","electrified:rail":"top","frequency":"0","gauge":"1435","layer":"1","level":"1","loading_gauge":"Kleinprofil","operator":"Berliner Verkehrsbetriebe","railway":"subway","voltage":"750"},"id":375386235},
{"type":"Feature","geometry":{"type":"LineString","coordinates":[[13.4134946,52.548567],[13.4134216,52.5478466],[13.4123679,52.5438916],[13.4122401,52.542784]]},"properties":{"osmId":375386236,"osmType":"way","bridge":"viaduct","electrified":"rail","electrified:rail":"top","frequency":"0","gauge":"1435","layer":"1","loading_gauge":"Kleinprofil","operator":"Berliner Verkehrsbetriebe","railway":"subway","voltage":"750"},"id":375386236},
{"type":"Feature","geometry":{"type":"LineString","coordinates":[[13.4137729,52.5500833],[13.4134946,52.548567]]},"properties":{"osmId":375386237,"osmType":"way","bridge":"viaduct","electrified":"rail","electrified:rail":"top","frequency":"0","gauge":"1435","layer":"1","level":"1","loading_gauge":"Kleinprofil","operator":"Berliner Verkehrsbetriebe","railway":"subway","railway:track_ref":"1","voltage":"750"},"id":375386237},
{"type":"Feature","geometry":{"type":"LineString","coordinates":[[13.4136287,52.5485556],[13.4138619,52.5500786]]},"properties":{"osmId":375386238,"osmType":"way","bridge":"viaduct","electrified":"rail","electrified:rail":"top","frequency":"0","gauge":"1435","layer":"1","level":"1","loading_gauge":"Kleinprofil","operator":"Berliner Verkehrsbetriebe","railway":"subway","railway:track_ref":"2","voltage":"750"},"id":375386238},
{"type":"Feature","geometry":{"type":"LineString","coordinates":[[13.4416287,52.4697267],[13.4415479,52.4692369],[13.4416734,52.4685723],[13.4419386,52.4678491]]},"properties":{"osmId":375522054,"osmType":"way","electrified":"rail","electrified:rail":"bottom","frequency":"0","gauge":"1435","layer":"-2","level":"-2","loading_gauge":"Großprofil","name":"U7","operator":"Berliner Verkehrsbetriebe","railway":"subway","tunnel":"yes","voltage":"750"},"id":375522054},
{"type":"Feature","geometry":{"type":"LineString","coordinates":[[13.4420125,52.4678565],[13.4420394,52.4680897],[13.4417123,52.4695898]]},"properties":{"osmId":375522057,"osmType":"way","electrified":"rail","electrified:rail":"bottom","frequency":"0","gauge":"1435","layer":"-2","level":"-2","loading_gauge":"Großprofil","name":"U7","operator":"Berliner Verkehrsbetriebe","railway":"subway","tunnel":"yes","voltage":"750"},"id":375522057},
{"type":"Feature","geometry":{"type":"LineString","coordinates":[[13.4396821,52.4754695],[13.4387185,52.4773419]]},"properties":{"osmId":375522060,"osmType":"way","electrified":"rail","electrified:rail":"bottom","frequency":"0","gauge":"1435","layer":"-2","level":"-1","loading_gauge":"Großprofil","name":"U7","operator":"Berliner Verkehrsbetriebe","railway":"subway","tunnel":"yes","voltage":"750"},"id":375522060},
{"type":"Feature","geometry":{"type":"LineString","coordinates":[[13.3856457,52.4706935],[13.385683,52.471195],[13.3860608,52.4721032],[13.3861514,52.4726399],[13.3862663,52.477039],[13.3863648,52.4776878],[13.3863227,52.479346],[13.3863928,52.4824663],[13.386366,52.4831357],[13.386057,52.4839482],[13.3859357,52.4847188],[13.3859859,52.4864549],[13.3859213,52.4871079],[13.3860153,52.4881065],[13.3863041,52.489694],[13.3865002,52.4904229]]},"properties":{"osmId":375542990,"osmType":"way","electrified":"rail","electrified:rail":"bottom","frequency":"0","gauge":"1435","layer":"-2","level":"-2","loading_gauge":"Großprofil","name":"U6","operator":"Berliner Verkehrsbetriebe","railway":"subway","ref":"C","tunnel":"yes","voltage":"750"},"id":375542990},
{"type":"Feature","geometry":{"type":"LineString","coordinates":[[13.3844492,52.4595335],[13.3843601,52.4588299],[13.3840453,52.4575053],[13.3839318,52.4565119],[13.3840087,52.4557594],[13.3845712,52.4526906],[13.3846247,52.4519669],[13.3854253,52.4477058],[13.3854665,52.4472529]]},"properties":{"osmId":375542991,"osmType":"way","electrified":"rail","electrified:rail":"bottom","frequency":"0","gauge":"1435","layer":"-2","level":"-2","loading_gauge":"Großprofil","name":"U6","network":"BVG","operator":"Berliner Verkehrsbetriebe","railway":"subway","tunnel":"yes","voltage":"750"},"id":375542991},
{"type":"Feature","geometry":{"type":"LineString","coordinates":[[13.3854793,52.4707488],[13.3854713,52.4703421],[13.3856378,52.4685993]]},"properties":{"osmId":375542992,"osmType":"way","electrified":"rail","electrified:rail":"bottom","frequency":"0","gauge":"1435","layer":"-2","level":"-2","loading_gauge":"Großprofil","name":"U6","network":"BVG","operator":"Berliner Verkehrsbetriebe","railway":"subway","tunnel":"yes","voltage":"750"},"id":375542992},
{"type":"Feature","geometry":{"type":"MultiLineString","coordinates":[[[13.2612578,52.5159093],[13.2621867,52.5155255],[13.2682039,52.511977],[13.2699211,52.5107325],[13.27059,52.5103488],[13.2714229,52.5100917]],[[13.2714229,52.5100917],[13.2744169,52.5095917],[13.2753489,52.5095627],[13.2817472,52.5099793]]]},"properties":{"osmId":375887589,"osmType":"way","electrified":"rail","electrified:rail":"top","frequency":"0","gauge":"1435","layer":"-2","level":"-1","loading_gauge":"Kleinprofil","operator":"Berliner Verkehrsbetriebe","railway":"subway","tunnel":"yes","voltage":"750"},"id":375887589},
{"type":"Feature","geometry":{"type":"MultiLineString","coordinates":[[[13.2817393,52.5100197],[13.2755049,52.5096123],[13.2747955,52.5096004],[13.2738991,52.5097125],[13.2716009,52.5101366]],[[13.2716009,52.5101366],[13.2707467,52.5104858],[13.2693203,52.5112695],[13.268256,52.5120139],[13.2621445,52.5156219],[13.2614915,52.515922]]]},"properties":{"osmId":375892503,"osmType":"way","electrified":"rail","electrified:rail":"top","frequency":"0","gauge":"1435","layer":"-2","level":"-1","loading_gauge":"Kleinprofil","operator":"Berliner Verkehrsbetriebe","railway":"subway","tunnel":"yes","voltage":"750"},"id":375892503},
{"type":"Feature","geometry":{"type":"LineString","coordinates":[[13.3433332,52.4795989],[13.3436641,52.4788266]]},"properties":{"osmId":375935979,"osmType":"way","electrified":"rail","electrified:rail":"top","frequency":"0","gauge":"1435","layer":"-1","level":"-1","loading_gauge":"Kleinprofil","name":"U4","operator":"Berliner Verkehrsbetriebe","railway":"subway","source":"BVG","tunnel":"yes","voltage":"750"},"id":375935979},
{"type":"Feature","geometry":{"type":"LineString","coordinates":[[13.3437459,52.479016],[13.3434098,52.4796152]]},"properties":{"osmId":375935981,"osmType":"way","electrified":"rail","electrified:rail":"top","frequency":"0","gauge":"1435","layer":"-1","level":"-1","loading_gauge":"Kleinprofil","name":"U4","operator":"Berliner Verkehrsbetriebe","railway":"subway","tunnel":"yes","voltage":"750"},"id":375935981},
{"type":"Feature","geometry":{"type":"LineString","coordinates":[[13.284599,52.5101464],[13.2857842,52.5102263]]},"properties":{"osmId":376033745,"osmType":"way","bridge":"yes","destination":"Ringbahnüberführung unter der Fahrbahn des Kaiserdamms eingehängt","electrified":"rail","electrified:rail":"top","frequency":"0","gauge":"1435","layer":"1","level":"-2","loading_gauge":"Kleinprofil","operator":"Berliner Verkehrsbetriebe","railway":"subway","tunnel":"no","voltage":"750"},"id":376033745},
{"type":"Feature","geometry":{"type":"MultiLineString","coordinates":[[[13.3051654,52.5120741],[13.305193,52.5119125],[13.3052561,52.5116953],[13.305296697745428,52.51152628982066]],[[13.305296697745428,52.51152628982066],[13.30530649642967,52.51148549747213]],[[13.30530649642967,52.51148549747213],[13.3054217,52.5110059],[13.3055695,52.5103649],[13.306315,52.5078685],[13.3065973,52.5071537],[13.3071698,52.5051461],[13.3077836,52.5032231],[13.3078734,52.502744],[13.3078271,52.5020983],[13.3074294,52.5007182]]]},"properties":{"osmId":376033746,"osmType":"way","electrified":"rail","electrified:rail":"bottom","frequency":"0","gauge":"1435","layer":"-2","level":"-2","loading_gauge":"Großprofil","name":"U7","operator":"Berliner Verkehrsbetriebe","railway":"subway","tunnel":"yes","voltage":"750"},"id":376033746},
{"type":"Feature","geometry":{"type":"MultiLineString","coordinates":[[[13.2857842,52.5102263],[13.2918766,52.5105985],[13.2969006,52.5109188],[13.3028189,52.5113209]],[[13.3028189,52.5113209],[13.3044209,52.5114298]]]},"properties":{"osmId":376033747,"osmType":"way","electrified":"rail","electrified:rail":"top","frequency":"0","gauge":"1435","layer":"-2","level":"-1","loading_gauge":"Kleinprofil","operator":"Berliner Verkehrsbetriebe","railway":"subway","tunnel":"yes","voltage":"750"},"id":376033747},
{"type":"Feature","geometry":{"type":"LineString","coordinates":[[13.4147283,52.521998],[13.4143709,52.5218396]]},"properties":{"osmId":377634131,"osmType":"way","electrified":"rail","electrified:rail":"bottom","frequency":"0","gauge":"1435","layer":"-5","level":"-5","loading_gauge":"Großprofil","maxspeed":"70","operator":"Berliner Verkehrsbetriebe","railway":"subway","tunnel":"yes","voltage":"750"},"id":377634131},
{"type":"Feature","geometry":{"type":"MultiLineString","coordinates":[[[13.4131624,52.5204967],[13.413642952963775,52.52016656429031]],[[13.413642952963775,52.52016656429031],[13.413687608521496,52.52013588631024]],[[13.413687608521496,52.52013588631024],[13.4138873,52.5199987],[13.4142501,52.519748]]]},"properties":{"osmId":377634132,"osmType":"way","electrified":"rail","electrified:rail":"bottom","frequency":"0","gauge":"1435","layer":"-3","level":"-3","loading_gauge":"Großprofil","name":"U8","operator":"Berliner Verkehrsbetriebe","railway":"subway","tunnel":"yes","voltage":"750"},"id":377634132},
{"type":"Feature","geometry":{"type":"LineString","coordinates":[[13.4144001,52.5212957],[13.4145683,52.5208784]]},"properties":{"osmId":377634133,"osmType":"way","detail":"track","electrified":"rail","electrified:rail":"top","frequency":"0","gauge":"1435","layer":"-1","level":"-1","loading_gauge":"Kleinprofil","operator":"Berliner Verkehrsbetriebe","railway":"subway","tunnel":"yes","voltage":"750"},"id":377634133},
{"type":"Feature","geometry":{"type":"MultiLineString","coordinates":[[[13.4086961,52.5191944],[13.4108219,52.5201785]],[[13.4108219,52.5201785],[13.4119801,52.5207597]],[[13.4119801,52.5207597],[13.4123703,52.5209687],[13.412427032625503,52.52102385671924]],[[13.412427032625503,52.52102385671924],[13.4124675,52.5210632],[13.41264379937977,52.521162546313576]],[[13.41264379937977,52.521162546313576],[13.4126533,52.5211679]]]},"properties":{"osmId":377634137,"osmType":"way","electrified":"rail","electrified:rail":"bottom","frequency":"0","gauge":"1435","layer":"-5","level":"-5","loading_gauge":"Großprofil","maxspeed":"70","operator":"Berliner Verkehrsbetriebe","railway":"subway","service":"siding","tunnel":"yes","voltage":"750"},"id":377634137},
{"type":"Feature","geometry":{"type":"LineString","coordinates":[[13.3875308,52.5249648],[13.3874814,52.5252572]]},"properties":{"osmId":378659150,"osmType":"way","electrified":"rail","electrified:rail":"bottom","frequency":"0","gauge":"1435","layer":"-2","level":"-1","loading_gauge":"Großprofil","name":"U6","operator":"Berliner Verkehrsbetriebe","railway":"subway","tunnel":"yes","voltage":"750"},"id":378659150},
{"type":"Feature","geometry":{"type":"LineString","coordinates":[[13.3874814,52.5252572],[13.3873535,52.5260112]]},"properties":{"osmId":378659151,"osmType":"way","electrified":"rail","electrified:rail":"bottom","frequency":"0","gauge":"1435","level":"-1","loading_gauge":"Großprofil","name":"U6","operator":"Berliner Verkehrsbetriebe","railway":"subway","tunnel":"yes","voltage":"750"},"id":378659151},
{"type":"Feature","geometry":{"type":"LineString","coordinates":[[13.3872079,52.5260496],[13.3873866,52.5249546]]},"properties":{"osmId":378659152,"osmType":"way","electrified":"rail","electrified:rail":"bottom","frequency":"0","gauge":"1435","layer":"-2","level":"-1","loading_gauge":"Großprofil","name":"U6","operator":"Berliner Verkehrsbetriebe","railway":"subway","tunnel":"yes","voltage":"750"},"id":378659152},
{"type":"Feature","geometry":{"type":"LineString","coordinates":[[13.3873866,52.5249546],[13.3875132,52.5244784],[13.387997,52.521635],[13.3880521,52.521111]]},"properties":{"osmId":378659153,"osmType":"way","electrified":"rail","electrified:rail":"bottom","frequency":"0","gauge":"1435","layer":"-2","level":"-2","loading_gauge":"Großprofil","name":"U6","operator":"Berliner Verkehrsbetriebe","railway":"subway","tunnel":"yes","voltage":"750"},"id":378659153},
{"type":"Feature","geometry":{"type":"LineString","coordinates":[[13.3828762,52.5307827],[13.3816632,52.5317507]]},"properties":{"osmId":378664953,"osmType":"way","electrified":"rail","electrified:rail":"bottom","frequency":"0","gauge":"1435","level":"-1","loading_gauge":"Großprofil","name":"U6","operator":"Berliner Verkehrsbetriebe","railway":"subway","tunnel":"yes","voltage":"750"},"id":378664953},
{"type":"Feature","geometry":{"type":"LineString","coordinates":[[13.3827767,52.5307384],[13.3831104,52.5305084],[13.386438,52.5278455],[13.3869388,52.5273362],[13.3871126,52.5269471],[13.3872079,52.5260496]]},"properties":{"osmId":378664954,"osmType":"way","electrified":"rail","electrified:rail":"bottom","frequency":"0","gauge":"1435","layer":"-2","level":"-1","loading_gauge":"Großprofil","name":"U6","operator":"Berliner Verkehrsbetriebe","railway":"subway","tunnel":"yes","voltage":"750"},"id":378664954},
{"type":"Feature","geometry":{"type":"LineString","coordinates":[[13.3815535,52.5316981],[13.3827767,52.5307384]]},"properties":{"osmId":378664955,"osmType":"way","electrified":"rail","electrified:rail":"bottom","frequency":"0","gauge":"1435","layer":"-2","level":"-1","loading_gauge":"Großprofil","name":"U6","operator":"Berliner Verkehrsbetriebe","railway":"subway","tunnel":"yes","voltage":"750"},"id":378664955},
{"type":"Feature","geometry":{"type":"LineString","coordinates":[[13.3775864,52.5350155],[13.376046,52.536258]]},"properties":{"osmId":378664956,"osmType":"way","electrified":"rail","electrified:rail":"bottom","frequency":"0","gauge":"1435","level":"-1","loading_gauge":"Großprofil","name":"U6","operator":"Berliner Verkehrsbetriebe","railway":"subway","tunnel":"yes","voltage":"750"},"id":378664956},
{"type":"Feature","geometry":{"type":"LineString","coordinates":[[13.4167528,52.5114901],[13.4174864,52.512971],[13.4182414,52.5152004],[13.4182567,52.5161513],[13.4180804,52.5164942],[13.417576,52.5168194],[13.4163934,52.5173267],[13.4157471,52.5178509],[13.4152125,52.5189222],[13.414272,52.5197789]]},"properties":{"osmId":379102293,"osmType":"way","electrified":"rail","frequency":"0","gauge":"1435","layer":"-2","level":"-2","loading_gauge":"Großprofil","name":"U8","operator":"Berliner Verkehrsbetriebe","railway":"subway","tunnel":"yes","voltage":"750"},"id":379102293},
{"type":"Feature","geometry":{"type":"LineString","coordinates":[[13.4180221,52.5150525],[13.4177734,52.51401],[13.4174693,52.5130573],[13.4166853,52.5114816]]},"properties":{"osmId":380085534,"osmType":"way","electrified":"rail","electrified:rail":"bottom","frequency":"0","gauge":"1435","layer":"-2","level":"-2","loading_gauge":"Großprofil","name":"U8","operator":"Berliner Verkehrsbetriebe","railway":"subway","tunnel":"yes","voltage":"750"},"id":380085534},
{"type":"Feature","geometry":{"type":"LineString","coordinates":[[13.2490417,52.5183757],[13.2498851,52.5173037]]},"properties":{"osmId":380391921,"osmType":"way","electrified":"rail","electrified:rail":"top","frequency":"0","gauge":"1435","level":"1","loading_gauge":"Kleinprofil","operator":"Berliner Verkehrsbetriebe","railway":"subway","railway:track_ref":"2","source":"survey","voltage":"750"},"id":380391921},
{"type":"Feature","geometry":{"type":"MultiLineString","coordinates":[[[13.2495718,52.5181459],[13.247925,52.5202529],[13.247556,52.5205887],[13.2472962,52.5208045],[13.247195673525646,52.52090412829967]],[[13.247195673525646,52.52090412829967],[13.2471507,52.5209487],[13.2464612,52.5217136],[13.2457067,52.5223786]]]},"properties":{"osmId":380391922,"osmType":"way","electrified":"rail","electrified:rail":"top","frequency":"0","gauge":"1435","level":"1","loading_gauge":"Kleinprofil","operator":"Berliner Verkehrsbetriebe","railway":"subway","railway:track_ref":"1","source":"survey","voltage":"750"},"id":380391922},
{"type":"Feature","geometry":{"type":"LineString","coordinates":[[13.250039,52.5175913],[13.2496932,52.5179932]]},"properties":{"osmId":380391923,"osmType":"way","electrified":"rail","electrified:rail":"top","frequency":"0","gauge":"1435","level":"1","loading_gauge":"Kleinprofil","operator":"Berliner Verkehrsbetriebe","railway":"subway","railway:track_ref":"1","source":"survey","voltage":"750"},"id":380391923},
{"type":"Feature","geometry":{"type":"MultiLineString","coordinates":[[[13.2498851,52.5173037],[13.250141,52.5170054],[13.2509193,52.5165664],[13.2520121,52.5162676],[13.2529904,52.5161074]],[[13.2529904,52.5161074],[13.2534137,52.51605]]]},"properties":{"osmId":380391924,"osmType":"way","electrified":"rail","electrified:rail":"top","frequency":"0","gauge":"1435","level":"1","loading_gauge":"Kleinprofil","operator":"Berliner Verkehrsbetriebe","railway":"subway","railway:track_ref":"2","source":"survey","voltage":"750"},"id":380391924},
{"type":"Feature","geometry":{"type":"LineString","coordinates":[[13.2496932,52.5179932],[13.2495718,52.5181459]]},"properties":{"osmId":380391925,"osmType":"way","electrified":"rail","electrified:rail":"top","frequency":"0","gauge":"1435","level":"1","loading_gauge":"Kleinprofil","operator":"Berliner Verkehrsbetriebe","railway":"subway","railway:track_ref":"1","source":"survey","voltage":"750"},"id":380391925},
{"type":"Feature","geometry":{"type":"LineString","coordinates":[[13.2424424,52.525377],[13.2414191,52.5256744],[13.2401617,52.5259541]]},"properties":{"osmId":380391926,"osmType":"way","electrified":"rail","electrified:rail":"top","frequency":"0","gauge":"1435","layer":"1","level":"1","loading_gauge":"Kleinprofil","operator":"Berliner Verkehrsbetriebe","railway":"subway","railway:track_ref":"1","voltage":"750"},"id":380391926},
{"type":"Feature","geometry":{"type":"LineString","coordinates":[[13.2429421,52.5251915],[13.2440158,52.5247739],[13.2445561,52.5243555]]},"properties":{"osmId":380391927,"osmType":"way","electrified":"rail","electrified:rail":"top","fixme":"Müsste vor U Ruhleben nicht noch ein Gleiswechsel (service=crossover) sein?","frequency":"0","gauge":"1435","layer":"1","level":"1","loading_gauge":"Kleinprofil","operator":"Berliner Verkehrsbetriebe","railway":"subway","railway:track_ref":"2","source":"survey","voltage":"750"},"id":380391927},
{"type":"Feature","geometry":{"type":"LineString","coordinates":[[13.242963,52.5252174],[13.2424424,52.525377]]},"properties":{"osmId":380391928,"osmType":"way","electrified":"rail","electrified:rail":"top","fixme":"Müsste vor U Ruhleben nicht noch ein Gleiswechsel (service=crossover) sein?","frequency":"0","gauge":"1435","layer":"1","level":"1","loading_gauge":"Kleinprofil","operator":"Berliner Verkehrsbetriebe","railway":"subway","railway:track_ref":"1","voltage":"750"},"id":380391928},
{"type":"Feature","geometry":{"type":"LineString","coordinates":[[13.2424167,52.5253237],[13.2429421,52.5251915]]},"properties":{"osmId":380391931,"osmType":"way","electrified":"rail","electrified:rail":"top","fixme":"Müsste vor U Ruhleben nicht noch ein Gleiswechsel (service=crossover) sein?","frequency":"0","gauge":"1435","layer":"1","level":"1","loading_gauge":"Kleinprofil","operator":"Berliner Verkehrsbetriebe","railway":"subway","railway:track_ref":"2","source":"survey","voltage":"750"},"id":380391931},
{"type":"Feature","geometry":{"type":"MultiLineString","coordinates":[[[13.3420091,52.5186099],[13.3418776,52.5190331],[13.3412529,52.5221181],[13.3409798,52.5238743],[13.3410052,52.5245515],[13.3412987,52.5255829],[13.3414103,52.5264047],[13.3413801,52.5278293]],[[13.3413801,52.5278293],[13.3413682,52.5314165]]]},"properties":{"osmId":380967342,"osmType":"way","electrified":"rail","electrified:rail":"bottom","frequency":"0","gauge":"1435","layer":"-1","level":"-2","loading_gauge":"Großprofil","name":"U9","operator":"Berliner Verkehrsbetriebe","railway":"subway","source":"Geoportal Berlin / K5","tunnel":"yes","usage":"main","voltage":"750"},"id":380967342},
{"type":"Feature","geometry":{"type":"LineString","coordinates":[[13.3489639,52.5419354],[13.3478397,52.5413435],[13.3438676,52.5386825],[13.3434293,52.5383021],[13.3429105,52.5376564],[13.3415035,52.5347295],[13.3412809,52.5340426],[13.3412387,52.5328167]]},"properties":{"osmId":380967343,"osmType":"way","electrified":"rail","electrified:rail":"bottom","frequency":"0","gauge":"1435","layer":"-1","level":"-2","loading_gauge":"Großprofil","name":"U9","operator":"Berliner Verkehrsbetriebe","railway":"subway","source":"Geoportal Berlin / K5","tunnel":"yes","voltage":"750"},"id":380967343},
{"type":"Feature","geometry":{"type":"LineString","coordinates":[[13.3422326,52.5359568],[13.3430639,52.53764],[13.3434989,52.5382825]]},"properties":{"osmId":380967344,"osmType":"way","electrified":"rail","electrified:rail":"bottom","frequency":"0","gauge":"1435","layer":"-1","level":"-2","loading_gauge":"Großprofil","name":"U9","operator":"Berliner Verkehrsbetriebe","railway":"subway","source":"Geoportal Berlin / K5","tunnel":"yes","voltage":"750"},"id":380967344},
{"type":"Feature","geometry":{"type":"LineString","coordinates":[[13.4120969,52.5411234],[13.4121705,52.5389089]]},"properties":{"osmId":380981358,"osmType":"way","bridge":"viaduct","electrified":"rail","electrified:rail":"top","frequency":"0","gauge":"1435","layer":"1","level":"1","loading_gauge":"Kleinprofil","operator":"Berliner Verkehrsbetriebe","railway":"subway","tunnel":"no","voltage":"750"},"id":380981358},
{"type":"Feature","geometry":{"type":"LineString","coordinates":[[13.4122234,52.5389059],[13.4122112,52.541103]]},"properties":{"osmId":380981360,"osmType":"way","bridge":"viaduct","electrified":"rail","electrified:rail":"top","frequency":"0","gauge":"1435","layer":"1","level":"1","loading_gauge":"Kleinprofil","operator":"Berliner Verkehrsbetriebe","railway":"subway","tunnel":"no","voltage":"750"},"id":380981360},
{"type":"Feature","geometry":{"type":"LineString","coordinates":[[13.4122401,52.542784],[13.4120969,52.5411234]]},"properties":{"osmId":380981362,"osmType":"way","bridge":"viaduct","electrified":"rail","electrified:rail":"top","frequency":"0","gauge":"1435","layer":"1","level":"1","loading_gauge":"Kleinprofil","operator":"Berliner Verkehrsbetriebe","railway":"subway","tunnel":"no","voltage":"750"},"id":380981362},
{"type":"Feature","geometry":{"type":"LineString","coordinates":[[13.4122112,52.541103],[13.4123107,52.5427834]]},"properties":{"osmId":380981363,"osmType":"way","bridge":"viaduct","electrified":"rail","electrified:rail":"top","frequency":"0","gauge":"1435","layer":"1","level":"1","loading_gauge":"Kleinprofil","operator":"Berliner Verkehrsbetriebe","railway":"subway","tunnel":"no","voltage":"750"},"id":380981363},
{"type":"Feature","geometry":{"type":"LineString","coordinates":[[13.3434989,52.5382825],[13.343897,52.5386623],[13.3478769,52.5413149],[13.3490327,52.5418676]]},"properties":{"osmId":380985924,"osmType":"way","electrified":"rail","electrified:rail":"bottom","frequency":"0","gauge":"1435","layer":"-1","level":"-2","loading_gauge":"Großprofil","name":"U9","operator":"Berliner Verkehrsbetriebe","railway":"subway","source":"Geoportal Berlin / K5","tunnel":"yes","voltage":"750"},"id":380985924},
{"type":"Feature","geometry":{"type":"LineString","coordinates":[[13.3584501,52.546043],[13.35758,52.5454268],[13.3560912,52.5446569],[13.3537198,52.5436429],[13.3518794,52.5429667],[13.3511685,52.5427577],[13.3489639,52.5419354]]},"properties":{"osmId":380985925,"osmType":"way","electrified":"rail","electrified:rail":"bottom","frequency":"0","gauge":"1435","layer":"-1","level":"-2","loading_gauge":"Großprofil","name":"U9","operator":"Berliner Verkehrsbetriebe","railway":"subway","source":"Geoportal Berlin / K5","tunnel":"yes","voltage":"750"},"id":380985925},
{"type":"Feature","geometry":{"type":"LineString","coordinates":[[13.3490327,52.5418676],[13.3512195,52.5426744]]},"properties":{"osmId":380985926,"osmType":"way","electrified":"rail","electrified:rail":"bottom","frequency":"0","gauge":"1435","layer":"-1","level":"-2","loading_gauge":"Großprofil","name":"U9","operator":"Berliner Verkehrsbetriebe","railway":"subway","source":"Geoportal Berlin / K5","tunnel":"yes","voltage":"750"},"id":380985926},
{"type":"Feature","geometry":{"type":"LineString","coordinates":[[13.3891911,52.5477959],[13.3893709,52.5473608],[13.3893754,52.5464636],[13.3894717,52.5459362],[13.3901328,52.5450925],[13.3914598,52.5440877],[13.392222,52.5430102]]},"properties":{"osmId":381187755,"osmType":"way","electrified":"rail","electrified:rail":"bottom","frequency":"0","gauge":"1435","layer":"-2","level":"-3","loading_gauge":"Großprofil","name":"U8","operator":"Berliner Verkehrsbetriebe","railway":"subway","tunnel":"yes","voltage":"750"},"id":381187755},
{"type":"Feature","geometry":{"type":"LineString","coordinates":[[13.3957893,52.538528],[13.3961009,52.5380053],[13.3973387,52.536391]]},"properties":{"osmId":381187758,"osmType":"way","electrified":"rail","frequency":"0","gauge":"1435","layer":"-2","level":"-1","loading_gauge":"Großprofil","name":"U8","operator":"Berliner Verkehrsbetriebe","railway":"subway","tunnel":"yes","voltage":"750"},"id":381187758},
{"type":"Feature","geometry":{"type":"MultiLineString","coordinates":[[[13.4039614,52.5260126],[13.4035763,52.5264111],[13.4031513,52.5274695],[13.4014605,52.5296021],[13.399234,52.5322384],[13.3988117,52.5329029],[13.3976004,52.5361761]],[[13.3976004,52.5361761],[13.3974208,52.5365688],[13.3958178,52.5385658],[13.3939005,52.5410611]],[[13.3939005,52.5410611],[13.3937867,52.5412302]]]},"properties":{"osmId":381187763,"osmType":"way","electrified":"rail","electrified:rail":"bottom","frequency":"0","gauge":"1435","layer":"-2","level":"-1","loading_gauge":"Großprofil","name":"U8","operator":"Berliner Verkehrsbetriebe","railway":"subway","tunnel":"yes","voltage":"750"},"id":381187763},
{"type":"Feature","geometry":{"type":"MultiLineString","coordinates":[[[13.393667,52.5411895],[13.3942064,52.5405759]],[[13.3942064,52.5405759],[13.3957893,52.538528]]]},"properties":{"osmId":381196082,"osmType":"way","electrified":"rail","electrified:rail":"bottom","frequency":"0","gauge":"1435","layer":"-2","level":"-1","loading_gauge":"Großprofil","name":"U8","operator":"Berliner Verkehrsbetriebe","railway":"subway","tunnel":"yes","voltage":"750"},"id":381196082},
{"type":"Feature","geometry":{"type":"LineString","coordinates":[[13.3937867,52.5412302],[13.3923395,52.5430658]]},"properties":{"osmId":381196083,"osmType":"way","electrified":"rail","electrified:rail":"bottom","frequency":"0","gauge":"1435","layer":"-2","level":"-1","loading_gauge":"Großprofil","name":"U8","operator":"Berliner Verkehrsbetriebe","railway":"subway","tunnel":"yes","voltage":"750"},"id":381196083},
{"type":"Feature","geometry":{"type":"LineString","coordinates":[[13.392222,52.5430102],[13.393667,52.5411895]]},"properties":{"osmId":381196084,"osmType":"way","electrified":"rail","frequency":"0","gauge":"1435","layer":"-2","level":"-1","loading_gauge":"Großprofil","name":"U8","operator":"Berliner Verkehrsbetriebe","railway":"subway","tunnel":"yes","voltage":"750"},"id":381196084},
{"type":"Feature","geometry":{"type":"MultiLineString","coordinates":[[[13.3973387,52.536391],[13.3976534,52.5358318]],[[13.3976534,52.5358318],[13.3989254,52.5324993],[13.4002083,52.5308725],[13.4025167,52.5280948],[13.4030777,52.5274619],[13.4034911,52.5263839],[13.4038835,52.5259461]]]},"properties":{"osmId":381201610,"osmType":"way","electrified":"rail","electrified:rail":"bottom","frequency":"0","gauge":"1435","layer":"-2","level":"-1","loading_gauge":"Großprofil","name":"U8","operator":"Berliner Verkehrsbetriebe","railway":"subway","tunnel":"yes","voltage":"750"},"id":381201610},
{"type":"Feature","geometry":{"type":"LineString","coordinates":[[13.4038835,52.5259461],[13.4060891,52.5249771]]},"properties":{"osmId":381201611,"osmType":"way","electrified":"rail","electrified:rail":"bottom","frequency":"0","gauge":"1435","layer":"-2","level":"-2","loading_gauge":"Großprofil","name":"U8","operator":"Berliner Verkehrsbetriebe","railway":"subway","tunnel":"yes","voltage":"750"},"id":381201611},
{"type":"Feature","geometry":{"type":"LineString","coordinates":[[13.406124,52.525047],[13.4039614,52.5260126]]},"properties":{"osmId":381201612,"osmType":"way","electrified":"rail","electrified:rail":"bottom","frequency":"0","gauge":"1435","layer":"-2","level":"-2","loading_gauge":"Großprofil","name":"U8","operator":"Berliner Verkehrsbetriebe","railway":"subway","tunnel":"yes","voltage":"750"},"id":381201612},
{"type":"Feature","geometry":{"type":"MultiLineString","coordinates":[[[13.4216074,52.4938898],[13.420856,52.4951178],[13.4206165,52.4959283],[13.4196043,52.4968337],[13.4193341,52.4971768],[13.4187817,52.4983702]],[[13.4187817,52.4983702],[13.4186493,52.49855],[13.4183056,52.4988199],[13.4182435,52.4988617],[13.41815716688691,52.498920457325184]],[[13.41815716688691,52.498920457325184],[13.4180328,52.4990051],[13.418004403940696,52.499023783392936]],[[13.418004403940696,52.499023783392936],[13.4179486,52.4990605],[13.4173231,52.4994087],[13.4117813,52.5010197],[13.4104882,52.5013741],[13.4099506,52.50171],[13.4097825,52.5023785],[13.4107871,52.5036106],[13.411394,52.5044411]]]},"properties":{"osmId":381209264,"osmType":"way","electrified":"rail","electrified:rail":"bottom","frequency":"0","gauge":"1435","layer":"-2","level":"-2","loading_gauge":"Großprofil","name":"U8","operator":"Berliner Verkehrsbetriebe","railway":"subway","tunnel":"yes","voltage":"750"},"id":381209264},
{"type":"Feature","geometry":{"type":"LineString","coordinates":[[13.4112993,52.5044744],[13.4107201,52.5038125],[13.4101179,52.5029665]]},"properties":{"osmId":381209265,"osmType":"way","electrified":"rail","electrified:rail":"bottom","frequency":"0","gauge":"1435","layer":"-2","level":"-2","loading_gauge":"Großprofil","name":"U8","operator":"Berliner Verkehrsbetriebe","railway":"subway","tunnel":"yes","voltage":"750"},"id":381209265},
{"type":"Feature","geometry":{"type":"MultiLineString","coordinates":[[[13.4101179,52.5029665],[13.4097176,52.5023922],[13.4098129,52.5017836],[13.4104613,52.5013308],[13.411783,52.5009761],[13.4164366,52.4996097],[13.4171808,52.4993044],[13.4176657,52.4990054],[13.417686304815687,52.49899187649194]],[[13.417686304815687,52.49899187649194],[13.417811187958472,52.49890991224562]],[[13.417811187958472,52.49890991224562],[13.4179881,52.4987938],[13.4184441,52.4984708],[13.4186172,52.4982791]],[[13.4186172,52.4982791],[13.4191925,52.4971641],[13.4194478,52.4968444],[13.4204644,52.4960306],[13.4208447,52.4949445],[13.4211868,52.4943057]]]},"properties":{"osmId":381214594,"osmType":"way","electrified":"rail","electrified:rail":"bottom","frequency":"0","gauge":"1435","layer":"-2","level":"-2","loading_gauge":"Großprofil","name":"U8","operator":"Berliner Verkehrsbetriebe","railway":"subway","tunnel":"yes","voltage":"750"},"id":381214594},
{"type":"Feature","geometry":{"type":"LineString","coordinates":[[13.4211868,52.4943057],[13.4222706,52.4925653]]},"properties":{"osmId":381214599,"osmType":"way","electrified":"rail","frequency":"0","gauge":"1435","layer":"-2","level":"-2","loading_gauge":"Großprofil","name":"U8","operator":"Berliner Verkehrsbetriebe","railway":"subway","tunnel":"yes","voltage":"750"},"id":381214599},
{"type":"Feature","geometry":{"type":"LineString","coordinates":[[13.422175,52.4929822],[13.4216074,52.4938898]]},"properties":{"osmId":381214603,"osmType":"way","electrified":"rail","electrified:rail":"bottom","frequency":"0","gauge":"1435","layer":"-2","level":"-2","loading_gauge":"Großprofil","name":"U8","operator":"Berliner Verkehrsbetriebe","railway":"subway","tunnel":"yes","voltage":"750"},"id":381214603},
{"type":"Feature","geometry":{"type":"MultiLineString","coordinates":[[[13.4249412,52.4873604],[13.4245155,52.4867173],[13.42434788323545,52.48640641501143]],[[13.42434788323545,52.48640641501143],[13.4243255,52.4863649],[13.424305108284646,52.48632174127058]],[[13.424305108284646,52.48632174127058],[13.4242345,52.4861723],[13.4241823,52.4858792]],[[13.4241823,52.4858792],[13.4241964,52.4853946]]]},"properties":{"osmId":381233442,"osmType":"way","electrified":"rail","electrified:rail":"bottom","frequency":"0","gauge":"1435","layer":"-2","level":"-2","loading_gauge":"Großprofil","name":"U8","operator":"Berliner Verkehrsbetriebe","railway":"subway","tunnel":"yes","voltage":"750"},"id":381233442},
{"type":"Feature","geometry":{"type":"LineString","coordinates":[[13.4241964,52.4853946],[13.4246916,52.4838889],[13.4247984,52.4822237],[13.4249572,52.4810227]]},"properties":{"osmId":381233443,"osmType":"way","electrified":"rail","electrified:rail":"bottom","frequency":"0","gauge":"1435","layer":"-2","level":"-2","loading_gauge":"Großprofil","name":"U8","operator":"Berliner Verkehrsbetriebe","railway":"subway","tunnel":"yes","voltage":"750"},"id":381233443},
{"type":"Feature","geometry":{"type":"MultiLineString","coordinates":[[[13.4286218,52.4724103],[13.4306536,52.4685785]],[[13.4306536,52.4685785],[13.4308364,52.4681858]]]},"properties":{"osmId":381445436,"osmType":"way","electrified":"rail","electrified:rail":"bottom","frequency":"0","gauge":"1435","layer":"-2","level":"-2","loading_gauge":"Großprofil","name":"U8","operator":"Berliner Verkehrsbetriebe","railway":"subway","tunnel":"yes","voltage":"750"},"id":381445436},
{"type":"Feature","geometry":{"type":"LineString","coordinates":[[13.4276282,52.4742987],[13.4286218,52.4724103]]},"properties":{"osmId":381445437,"osmType":"way","electrified":"rail","frequency":"0","gauge":"1435","layer":"-2","level":"-2","loading_gauge":"Großprofil","name":"U8","operator":"Berliner Verkehrsbetriebe","railway":"subway","tunnel":"yes","voltage":"750"},"id":381445437},
{"type":"Feature","geometry":{"type":"MultiLineString","coordinates":[[[13.4312136,52.467777],[13.4307911,52.4684096]],[[13.4307911,52.4684096],[13.4286695,52.4724176],[13.4278937,52.4740168],[13.4276878,52.4743177],[13.426124,52.4777567],[13.4256815,52.4791976]]]},"properties":{"osmId":381445438,"osmType":"way","electrified":"rail","electrified:rail":"bottom","frequency":"0","gauge":"1435","layer":"-2","level":"-2","loading_gauge":"Großprofil","name":"U8","operator":"Berliner Verkehrsbetriebe","railway":"subway","tunnel":"yes","voltage":"750"},"id":381445438},
{"type":"Feature","geometry":{"type":"LineString","coordinates":[[13.4458443,52.5165773],[13.4464652,52.5165358],[13.4520765,52.5159708],[13.4534934,52.5157792],[13.4555782,52.5156164],[13.4629077,52.5148797],[13.4653954,52.5145978],[13.4662539,52.5145424],[13.4697463,52.5141981],[13.4743848,52.5136844],[13.4795786,52.5131695],[13.4804019,52.5131175],[13.4853123,52.5126149],[13.486924,52.5124195],[13.4888321,52.5122636],[13.4925819,52.5118809],[13.4946377,52.5118001],[13.4957323,52.5116513],[13.4968604,52.5114026]]},"properties":{"osmId":381471709,"osmType":"way","electrified":"rail","electrified:rail":"bottom","frequency":"0","gauge":"1435","layer":"-2","level":"-2","loading_gauge":"Großprofil","maxspeed":"70","operator":"Berliner Verkehrsbetriebe","railway":"subway","tunnel":"yes","voltage":"750"},"id":381471709},
{"type":"Feature","geometry":{"type":"LineString","coordinates":[[13.4452094,52.4621832],[13.4443655,52.4634094]]},"properties":{"osmId":381943203,"osmType":"way","electrified":"rail","electrified:rail":"bottom","frequency":"0","gauge":"1435","layer":"-2","level":"-2","loading_gauge":"Großprofil","name":"U7","operator":"Berliner Verkehrsbetriebe","railway":"subway","tunnel":"yes","voltage":"750"},"id":381943203},
{"type":"Feature","geometry":{"type":"LineString","coordinates":[[13.4443655,52.4634094],[13.4439166,52.4639341],[13.4425882,52.4652847],[13.4423584,52.4656701],[13.4419386,52.4678491]]},"properties":{"osmId":381943204,"osmType":"way","electrified":"rail","electrified:rail":"bottom","frequency":"0","gauge":"1435","layer":"-2","level":"-2","loading_gauge":"Großprofil","name":"U7","operator":"Berliner Verkehrsbetriebe","railway":"subway","tunnel":"yes","voltage":"750"},"id":381943204},
{"type":"Feature","geometry":{"type":"LineString","coordinates":[[13.4444501,52.4634174],[13.4452832,52.4622085]]},"properties":{"osmId":381943205,"osmType":"way","electrified":"rail","electrified:rail":"bottom","frequency":"0","gauge":"1435","layer":"-2","level":"-2","loading_gauge":"Großprofil","name":"U7","operator":"Berliner Verkehrsbetriebe","railway":"subway","tunnel":"yes","voltage":"750"},"id":381943205},
{"type":"Feature","geometry":{"type":"MultiLineString","coordinates":[[[13.3523363,52.5502274],[13.3538918,52.5493504]],[[13.3538918,52.5493504],[13.3542359,52.5491948]]]},"properties":{"osmId":382211949,"osmType":"way","electrified":"rail","frequency":"0","gauge":"1435","layer":"-1","loading_gauge":"Großprofil","name":"3","operator":"Berliner Verkehrsbetriebe","railway":"subway","tunnel":"yes","voltage":"750"},"id":382211949},
{"type":"Feature","geometry":{"type":"LineString","coordinates":[[13.376046,52.536258],[13.3695882,52.540531],[13.3665387,52.5422262],[13.3654986,52.5428602],[13.3624652,52.5445761],[13.3597307,52.5460903]]},"properties":{"osmId":382211951,"osmType":"way","electrified":"rail","electrified:rail":"bottom","frequency":"0","gauge":"1435","layer":"-1","level":"-1","loading_gauge":"Großprofil","name":"U6","operator":"Berliner Verkehrsbetriebe","railway":"subway","tunnel":"yes","voltage":"750"},"id":382211951},
{"type":"Feature","geometry":{"type":"LineString","coordinates":[[13.3523229,52.5501194],[13.3536646,52.5493567],[13.3547305,52.5488776]]},"properties":{"osmId":382211952,"osmType":"way","electrified":"rail","electrified:rail":"bottom","frequency":"0","gauge":"1435","layer":"-2","level":"-1","loading_gauge":"Großprofil","name":"U6","operator":"Berliner Verkehrsbetriebe","railway":"subway","tunnel":"yes","voltage":"750"},"id":382211952},
{"type":"Feature","geometry":{"type":"LineString","coordinates":[[13.3542359,52.5491948],[13.352368,52.5502498]]},"properties":{"osmId":382211953,"osmType":"way","electrified":"rail","electrified:rail":"bottom","frequency":"0","gauge":"1435","layer":"-2","level":"-1","loading_gauge":"Großprofil","name":"U6","operator":"Berliner Verkehrsbetriebe","railway":"subway","tunnel":"yes","voltage":"750"},"id":382211953},
{"type":"Feature","geometry":{"type":"MultiLineString","coordinates":[[[13.3424348,52.5557378],[13.3480543,52.5525797],[13.3491666,52.5519963],[13.3510085,52.5508862]],[[13.3510085,52.5508862],[13.3523229,52.5501194]]]},"properties":{"osmId":382225682,"osmType":"way","electrified":"rail","electrified:rail":"bottom","frequency":"0","gauge":"1435","layer":"-2","level":"-1","loading_gauge":"Großprofil","maxspeed":"70","name":"U6","operator":"Berliner Verkehrsbetriebe","railway":"subway","tunnel":"yes","voltage":"750"},"id":382225682},
{"type":"Feature","geometry":{"type":"LineString","coordinates":[[13.339903,52.5571776],[13.3424348,52.5557378]]},"properties":{"osmId":382225683,"osmType":"way","electrified":"rail","electrified:rail":"bottom","frequency":"0","gauge":"1435","layer":"-2","level":"-2","loading_gauge":"Großprofil","maxspeed":"70","name":"U6","operator":"Berliner Verkehrsbetriebe","railway":"subway","tunnel":"yes","voltage":"750"},"id":382225683},
{"type":"Feature","geometry":{"type":"LineString","coordinates":[[13.3425006,52.5557792],[13.3417119,52.5562973],[13.3400009,52.5572407]]},"properties":{"osmId":382225684,"osmType":"way","electrified":"rail","electrified:rail":"bottom","frequency":"0","gauge":"1435","layer":"-2","level":"-2","loading_gauge":"Großprofil","maxspeed":"70","name":"U6","operator":"Berliner Verkehrsbetriebe","railway":"subway","tunnel":"yes","voltage":"750"},"id":382225684},
{"type":"Feature","geometry":{"type":"MultiLineString","coordinates":[[[13.352368,52.5502498],[13.3514585,52.5507629]],[[13.3514585,52.5507629],[13.3504552,52.5513272],[13.350267984236696,52.55143375986788]],[[13.350267984236696,52.55143375986788],[13.3492215,52.5520294],[13.3470954,52.5531566],[13.3428669,52.555546],[13.3425006,52.5557792]]]},"properties":{"osmId":382225685,"osmType":"way","electrified":"rail","electrified:rail":"bottom","frequency":"0","gauge":"1435","layer":"-2","level":"-1","loading_gauge":"Großprofil","maxspeed":"70","name":"U6","operator":"Berliner Verkehrsbetriebe","railway":"subway","tunnel":"yes","voltage":"750"},"id":382225685},
{"type":"Feature","geometry":{"type":"MultiLineString","coordinates":[[[13.4527136,52.4297433],[13.4514378,52.4310679],[13.4507732,52.4318434],[13.4502083,52.4326414],[13.4499451,52.4330874],[13.449594186459503,52.4338047956458]],[[13.449594186459503,52.4338047956458],[13.4495777,52.4338385],[13.4486784,52.4362049]],[[13.4486784,52.4362049],[13.4485453,52.4367372],[13.4476205,52.4388853]]]},"properties":{"osmId":382455308,"osmType":"way","electrified":"rail","electrified:rail":"bottom","frequency":"0","gauge":"1435","layer":"-1","level":"-1","loading_gauge":"Großprofil","name":"U7","operator":"Berliner Verkehrsbetriebe","railway":"subway","railway:preferred_direction":"forward","tunnel":"yes","voltage":"750"},"id":382455308},
{"type":"Feature","geometry":{"type":"LineString","coordinates":[[13.4946115,52.416635],[13.4940669,52.4170037],[13.4928968,52.4179547],[13.4879532,52.421729],[13.48664,52.4224547],[13.4853175,52.4229889],[13.483881,52.4234514],[13.4824017,52.4236762],[13.4805485,52.4236392],[13.4757409,52.4234192],[13.4724299,52.4233773],[13.4709382,52.4234685],[13.4693433,52.4236738],[13.4672213,52.4238771],[13.4651197,52.4241736],[13.4632009,52.4245207]]},"properties":{"osmId":382455320,"osmType":"way","electrified":"rail","electrified:rail":"bottom","frequency":"0","gauge":"1435","layer":"-1","level":"-2","loading_gauge":"Großprofil","name":"U7","operator":"Berliner Verkehrsbetriebe","railway":"subway","tunnel":"yes","voltage":"750"},"id":382455320},
{"type":"Feature","geometry":{"type":"LineString","coordinates":[[13.3355164,52.5596594],[13.339903,52.5571776]]},"properties":{"osmId":382640776,"osmType":"way","electrified":"rail","electrified:rail":"bottom","frequency":"0","gauge":"1435","layer":"-2","level":"-2","loading_gauge":"Großprofil","maxspeed":"70","name":"U6","operator":"Berliner Verkehrsbetriebe","railway":"subway","tunnel":"yes","voltage":"750"},"id":382640776},
{"type":"Feature","geometry":{"type":"LineString","coordinates":[[13.335618,52.5597325],[13.3339048,52.5607038]]},"properties":{"osmId":382640777,"osmType":"way","electrified":"rail","electrified:rail":"bottom","frequency":"0","gauge":"1435","layer":"-2","level":"-2","loading_gauge":"Großprofil","name":"U6","operator":"Berliner Verkehrsbetriebe","railway":"subway","tunnel":"yes","voltage":"750"},"id":382640777},
{"type":"Feature","geometry":{"type":"LineString","coordinates":[[13.3337963,52.5606287],[13.3355164,52.5596594]]},"properties":{"osmId":382640778,"osmType":"way","electrified":"rail","electrified:rail":"bottom","frequency":"0","gauge":"1435","layer":"-2","level":"-2","loading_gauge":"Großprofil","name":"U6","operator":"Berliner Verkehrsbetriebe","railway":"subway","tunnel":"yes","voltage":"750"},"id":382640778},
{"type":"Feature","geometry":{"type":"LineString","coordinates":[[13.3339048,52.5607038],[13.3329123,52.5611819],[13.3310674,52.562227],[13.3296043,52.562639]]},"properties":{"osmId":382640779,"osmType":"way","electrified":"rail","electrified:rail":"bottom","frequency":"0","gauge":"1435","layer":"-2","level":"-2","loading_gauge":"Großprofil","name":"U6","operator":"Berliner Verkehrsbetriebe","railway":"subway","tunnel":"yes","voltage":"750"},"id":382640779},
{"type":"Feature","geometry":{"type":"LineString","coordinates":[[13.3296043,52.562639],[13.3278532,52.5630904]]},"properties":{"osmId":382642377,"osmType":"way","electrified":"rail","electrified:rail":"bottom","frequency":"0","gauge":"1435","layer":"-3","level":"-2","loading_gauge":"Großprofil","name":"U6","operator":"Berliner Verkehrsbetriebe","railway":"subway","tunnel":"yes","voltage":"750"},"id":382642377},
{"type":"Feature","geometry":{"type":"LineString","coordinates":[[13.3277969,52.5630068],[13.3295634,52.562572]]},"properties":{"osmId":382642380,"osmType":"way","electrified":"rail","electrified:rail":"bottom","frequency":"0","gauge":"1435","layer":"-3","level":"-2","loading_gauge":"Großprofil","name":"U6","operator":"Berliner Verkehrsbetriebe","railway":"subway","tunnel":"yes","voltage":"750"},"id":382642380},
{"type":"Feature","geometry":{"type":"LineString","coordinates":[[13.3415871,52.5021469],[13.3420532,52.5019293]]},"properties":{"osmId":383591841,"osmType":"way","electrified":"rail","electrified:rail":"top","frequency":"0","gauge":"1435","layer":"-1","level":"-2","loading_gauge":"Kleinprofil","note":"TODO: check where exactly it goes underground","operator":"Berliner Verkehrsbetriebe","railway":"subway","tunnel":"yes","voltage":"750"},"id":383591841},
{"type":"Feature","geometry":{"type":"LineString","coordinates":[[13.3444654,52.5015218],[13.3421601,52.5020415]]},"properties":{"osmId":383591842,"osmType":"way","electrified":"rail","electrified:rail":"top","frequency":"0","gauge":"1435","layer":"-1","level":"-2","loading_gauge":"Kleinprofil","note":"U2: Ruhleben","operator":"Berliner Verkehrsbetriebe","railway":"subway","tunnel":"yes","voltage":"750"},"id":383591842},
{"type":"Feature","geometry":{"type":"MultiLineString","coordinates":[[[13.3340072,52.5054172],[13.3347203,52.505186],[13.3353912,52.5051279],[13.3361526,52.5048313],[13.3362505,52.5047184],[13.3364869,52.5043882],[13.336528943757079,52.50431947273433]],[[13.336528943757079,52.50431947273433],[13.3365296,52.5043184],[13.3366371,52.5042051],[13.3367054,52.5041592],[13.3369094,52.5040632],[13.3394551,52.5030472],[13.340042753622738,52.50281505704418]],[[13.340042753622738,52.50281505704418],[13.3416096,52.5021961],[13.3421508,52.5020051]]]},"properties":{"osmId":383591843,"osmType":"way","electrified":"rail","electrified:rail":"top","frequency":"0","gauge":"1435","layer":"-1","level":"-2","loading_gauge":"Kleinprofil","note":"U2: Pankow","operator":"Berliner Verkehrsbetriebe","railway":"subway","tunnel":"yes","voltage":"750"},"id":383591843},
{"type":"Feature","geometry":{"type":"LineString","coordinates":[[13.3437512,52.5015446],[13.3446601,52.5014121]]},"properties":{"osmId":383591844,"osmType":"way","electrified":"rail","electrified:rail":"top","frequency":"0","gauge":"1435","layer":"-1","level":"-2","loading_gauge":"Kleinprofil","note":"U3: Nollendorfplatz","operator":"Berliner Verkehrsbetriebe","railway":"subway","tunnel":"yes","voltage":"750"},"id":383591844},
{"type":"Feature","geometry":{"type":"LineString","coordinates":[[13.3438772,52.5017419],[13.3421996,52.5021001]]},"properties":{"osmId":383591845,"osmType":"way","electrified":"rail","electrified:rail":"top","frequency":"0","gauge":"1435","layer":"-1","level":"-2","loading_gauge":"Kleinprofil","name":"U1","note":"U3: Krummelanke; U1: Uhlandstraße","operator":"Berliner Verkehrsbetriebe","railway":"subway","tunnel":"yes","voltage":"750"},"id":383591845},
{"type":"Feature","geometry":{"type":"LineString","coordinates":[[13.3436116,52.50148],[13.3446601,52.5014121]]},"properties":{"osmId":383591846,"osmType":"way","electrified":"rail","electrified:rail":"top","frequency":"0","gauge":"1435","layer":"-1","level":"-2","loading_gauge":"Kleinprofil","name":"U1","note":"U1: Warschauer Straße","operator":"Berliner Verkehrsbetriebe","railway":"subway","tunnel":"yes","voltage":"750"},"id":383591846},
{"type":"Feature","geometry":{"type":"MultiLineString","coordinates":[[[13.3421996,52.5021001],[13.3420226,52.5021366]],[[13.3420226,52.5021366],[13.3418002,52.5021957]],[[13.3418002,52.5021957],[13.3415694,52.5023049]]]},"properties":{"osmId":383591848,"osmType":"way","electrified":"rail","electrified:rail":"top","frequency":"0","gauge":"1435","layer":"-1","level":"-2","loading_gauge":"Kleinprofil","name":"U1","note":"U3: Krummelanke; U1: Uhlandstraße","operator":"Berliner Verkehrsbetriebe","railway":"subway","tunnel":"yes","voltage":"750"},"id":383591848},
{"type":"Feature","geometry":{"type":"MultiLineString","coordinates":[[[13.4145683,52.5208784],[13.414106,52.5203569],[13.4137418,52.5202064],[13.41372302220099,52.52019883247973]],[[13.41372302220099,52.52019883247973],[13.413642952963775,52.52016656429031]],[[13.413642952963775,52.52016656429031],[13.413016,52.5199139],[13.412084375427728,52.51953069963825]],[[13.412084375427728,52.51953069963825],[13.4118257,52.5194243],[13.4114465,52.5191883],[13.4113002,52.5187859],[13.4119077,52.5179794],[13.41228,52.5173402],[13.4122902,52.5161049],[13.4119456,52.5135124],[13.4118146,52.5132098],[13.4114904,52.5128959]]]},"properties":{"osmId":384294420,"osmType":"way","detail":"track","electrified":"rail","electrified:rail":"top","frequency":"0","gauge":"1435","layer":"-2","level":"-1","loading_gauge":"Kleinprofil","operator":"Berliner Verkehrsbetriebe","railway":"subway","tunnel":"yes","voltage":"750"},"id":384294420},
{"type":"Feature","geometry":{"type":"LineString","coordinates":[[13.4089147,52.5119663],[13.4095956,52.5121171],[13.4109662,52.5125513],[13.4115325,52.512842]]},"properties":{"osmId":384294421,"osmType":"way","detail":"track","electrified":"rail","electrified:rail":"top","frequency":"0","gauge":"1435","layer":"-2","level":"-2","loading_gauge":"Kleinprofil","operator":"Berliner Verkehrsbetriebe","railway":"subway","tunnel":"yes","voltage":"750"},"id":384294421},
{"type":"Feature","geometry":{"type":"MultiLineString","coordinates":[[[13.4114904,52.5128959],[13.4113363,52.512802]],[[13.4113363,52.512802],[13.4097962,52.5122786],[13.4088593,52.5120432]]]},"properties":{"osmId":384294422,"osmType":"way","detail":"track","electrified":"rail","electrified:rail":"top","frequency":"0","gauge":"1435","layer":"-2","level":"-2","loading_gauge":"Kleinprofil","operator":"Berliner Verkehrsbetriebe","railway":"subway","tunnel":"yes","voltage":"750"},"id":384294422},
{"type":"Feature","geometry":{"type":"MultiLineString","coordinates":[[[13.4115325,52.512842],[13.4118704,52.5131974]],[[13.4118704,52.5131974],[13.4120031,52.513509],[13.4121936,52.5148619]]]},"properties":{"osmId":384294423,"osmType":"way","detail":"track","electrified":"rail","electrified:rail":"top","frequency":"0","gauge":"1435","layer":"-2","level":"-1","loading_gauge":"Kleinprofil","operator":"Berliner Verkehrsbetriebe","railway":"subway","tunnel":"yes","voltage":"750"},"id":384294423},
{"type":"Feature","geometry":{"type":"LineString","coordinates":[[13.4458699,52.5166708],[13.443808,52.516897],[13.442819,52.516951],[13.4332,52.517938],[13.4298771,52.5183514],[13.4290738,52.5184771],[13.4264785,52.5191461],[13.4227008,52.520288],[13.4213126,52.5207864],[13.4200448,52.5211712]]},"properties":{"osmId":384320720,"osmType":"way","electrified":"rail","electrified:rail":"bottom","frequency":"0","gauge":"1435","layer":"-2","level":"-2","loading_gauge":"Großprofil","maxspeed":"70","operator":"Berliner Verkehrsbetriebe","railway":"subway","tunnel":"yes","voltage":"750"},"id":384320720},
{"type":"Feature","geometry":{"type":"MultiLineString","coordinates":[[[13.4147613,52.5219725],[13.4151076,52.5221153],[13.4152971,52.5221682],[13.415342858525172,52.522177756647736]],[[13.415342858525172,52.522177756647736],[13.4154666,52.5222036],[13.4158755,52.5222358],[13.4171826,52.5219932],[13.4190541,52.5214313],[13.4199691,52.5210837]]]},"properties":{"osmId":384320732,"osmType":"way","electrified":"rail","electrified:rail":"bottom","frequency":"0","gauge":"1435","layer":"-2","level":"-3","loading_gauge":"Großprofil","maxspeed":"70","operator":"Berliner Verkehrsbetriebe","railway":"subway","tunnel":"yes","voltage":"750"},"id":384320732},
{"type":"Feature","geometry":{"type":"LineString","coordinates":[[13.4403597,52.5006086],[13.4413062,52.5007695],[13.4420153,52.5010059]]},"properties":{"osmId":384345627,"osmType":"way","bridge":"viaduct","electrified":"rail","electrified:rail":"top","frequency":"0","gauge":"1435","height":"6","layer":"2","level":"1","loading_gauge":"Kleinprofil","name":"U1","operator":"Berliner Verkehrsbetriebe","railway":"subway","railway:track_ref":"2","tunnel":"no","voltage":"750"},"id":384345627},
{"type":"Feature","geometry":{"type":"MultiLineString","coordinates":[[[13.4403497,52.5006351],[13.4388792,52.5004227]],[[13.4388792,52.5004227],[13.4316119,52.4993628],[13.4309363,52.4993226],[13.4303067,52.4993802],[13.4292332,52.4993499]]]},"properties":{"osmId":384345628,"osmType":"way","bridge":"viaduct","electrified":"rail","electrified:rail":"top","frequency":"0","gauge":"1435","height":"6","layer":"2","level":"1","loading_gauge":"Kleinprofil","name":"U1","operator":"Berliner Verkehrsbetriebe","railway":"subway","tunnel":"no","voltage":"750"},"id":384345628},
{"type":"Feature","geometry":{"type":"LineString","coordinates":[[13.4420075,52.5010344],[13.4412905,52.5007946],[13.4403497,52.5006351]]},"properties":{"osmId":384345629,"osmType":"way","bridge":"viaduct","electrified":"rail","electrified:rail":"top","frequency":"0","gauge":"1435","height":"6","layer":"2","level":"1","loading_gauge":"Kleinprofil","name":"U1","operator":"Berliner Verkehrsbetriebe","railway":"subway","railway:track_ref":"1","tunnel":"no","voltage":"750"},"id":384345629},
{"type":"Feature","geometry":{"type":"MultiLineString","coordinates":[[[13.4292364,52.4993223],[13.4299749,52.4993608],[13.4310779,52.4992883],[13.4316201,52.499336],[13.4392593,52.5004472]],[[13.4392593,52.5004472],[13.4403597,52.5006086]]]},"properties":{"osmId":384345630,"osmType":"way","bridge":"viaduct","electrified":"rail","electrified:rail":"top","frequency":"0","gauge":"1435","height":"6","layer":"2","level":"1","loading_gauge":"Kleinprofil","name":"U1","operator":"Berliner Verkehrsbetriebe","railway":"subway","tunnel":"no","voltage":"750"},"id":384345630},
{"type":"Feature","geometry":{"type":"LineString","coordinates":[[13.4292332,52.4993499],[13.4271661,52.4992274]]},"properties":{"osmId":384345631,"osmType":"way","bridge":"viaduct","electrified":"rail","electrified:rail":"top","frequency":"0","gauge":"1435","height":"6","layer":"2","level":"2","loading_gauge":"Kleinprofil","name":"U1","operator":"Berliner Verkehrsbetriebe","railway":"subway","tunnel":"no","voltage":"750"},"id":384345631},
{"type":"Feature","geometry":{"type":"LineString","coordinates":[[13.427171,52.4992003],[13.4292364,52.4993223]]},"properties":{"osmId":384345632,"osmType":"way","bridge":"viaduct","electrified":"rail","electrified:rail":"top","frequency":"0","gauge":"1435","height":"6","layer":"2","level":"2","loading_gauge":"Kleinprofil","name":"U1","operator":"Berliner Verkehrsbetriebe","railway":"subway","tunnel":"no","voltage":"750"},"id":384345632},
{"type":"Feature","geometry":{"type":"LineString","coordinates":[[13.442648,52.5011039],[13.4420075,52.5010344]]},"properties":{"osmId":384345633,"osmType":"way","bridge":"viaduct","electrified":"rail","electrified:rail":"top","frequency":"0","gauge":"1435","height":"6","layer":"2","level":"1","loading_gauge":"Kleinprofil","name":"U1","operator":"Berliner Verkehrsbetriebe","railway":"subway","tunnel":"no","voltage":"750"},"id":384345633},
{"type":"Feature","geometry":{"type":"LineString","coordinates":[[13.4420153,52.5010059],[13.4425924,52.5010793]]},"properties":{"osmId":384345634,"osmType":"way","bridge":"viaduct","electrified":"rail","electrified:rail":"top","frequency":"0","gauge":"1435","height":"6","layer":"2","level":"1","loading_gauge":"Kleinprofil","name":"U1","operator":"Berliner Verkehrsbetriebe","railway":"subway","tunnel":"no","voltage":"750"},"id":384345634},
{"type":"Feature","geometry":{"type":"LineString","coordinates":[[13.4063653,52.4983826],[13.4085196,52.4984083],[13.4121152,52.4985864],[13.4140527,52.4984966]]},"properties":{"osmId":384804026,"osmType":"way","bridge":"viaduct","electrified":"rail","electrified:rail":"top","frequency":"0","gauge":"1435","layer":"2","level":"1","loading_gauge":"Kleinprofil","name":"U1","operator":"Berliner Verkehrsbetriebe","railway":"subway","tunnel":"no","voltage":"750"},"id":384804026},
{"type":"Feature","geometry":{"type":"LineString","coordinates":[[13.4044386,52.4983692],[13.4063653,52.4983826]]},"properties":{"osmId":384804027,"osmType":"way","bridge":"viaduct","electrified":"rail","electrified:rail":"top","frequency":"0","gauge":"1435","layer":"2","level":"1","loading_gauge":"Kleinprofil","name":"U1","operator":"Berliner Verkehrsbetriebe","railway":"subway","railway:track_ref":"2","tunnel":"no","voltage":"750"},"id":384804027},
{"type":"Feature","geometry":{"type":"LineString","coordinates":[[13.4140562,52.4985231],[13.4121144,52.4986121],[13.4085106,52.4984359],[13.4063641,52.4984069]]},"properties":{"osmId":384804028,"osmType":"way","bridge":"viaduct","electrified":"rail","electrified:rail":"top","frequency":"0","gauge":"1435","layer":"2","level":"1","loading_gauge":"Kleinprofil","name":"U1","operator":"Berliner Verkehrsbetriebe","railway":"subway","tunnel":"no","voltage":"750"},"id":384804028},
{"type":"Feature","geometry":{"type":"LineString","coordinates":[[13.359929,52.5723987],[13.3594711,52.5730547],[13.3586875,52.5733499],[13.3570538,52.5734149],[13.3520232,52.5737744],[13.3508889,52.5739161],[13.3479372,52.5743668]]},"properties":{"osmId":386161713,"osmType":"way","electrified":"rail","electrified:rail":"bottom","frequency":"0","gauge":"1435","layer":"-2","level":"-2","loading_gauge":"Großprofil","name":"U8","operator":"Berliner Verkehrsbetriebe","railway":"subway","tunnel":"yes","voltage":"750"},"id":386161713},
{"type":"Feature","geometry":{"type":"LineString","coordinates":[[13.3478894,52.5742719],[13.3501491,52.5739362]]},"properties":{"osmId":386161718,"osmType":"way","electrified":"rail","frequency":"0","gauge":"1435","layer":"-2","level":"-2","loading_gauge":"Großprofil","name":"U8","operator":"Berliner Verkehrsbetriebe","railway":"subway","tunnel":"yes","voltage":"750"},"id":386161718},
{"type":"Feature","geometry":{"type":"LineString","coordinates":[[13.3681461,52.5610717],[13.3655336,52.5630235],[13.3648309,52.5636104],[13.3640021,52.5645519],[13.3635153,52.5654275],[13.3609645,52.570281],[13.3607794,52.5707992],[13.359929,52.5723987]]},"properties":{"osmId":386178011,"osmType":"way","electrified":"rail","frequency":"0","gauge":"1435","layer":"-2","level":"-2","loading_gauge":"Großprofil","name":"U8","operator":"Berliner Verkehrsbetriebe","railway":"subway","tunnel":"yes","voltage":"750"},"id":386178011},
{"type":"Feature","geometry":{"type":"LineString","coordinates":[[13.3501491,52.5739362],[13.3519683,52.5737084],[13.3570216,52.5733693],[13.3586738,52.5732838],[13.3593524,52.5730237],[13.3597628,52.5723847],[13.3609061,52.5702577],[13.3634237,52.5654276]]},"properties":{"osmId":386178012,"osmType":"way","electrified":"rail","electrified:rail":"bottom","frequency":"0","gauge":"1435","layer":"-2","level":"-2","loading_gauge":"Großprofil","name":"U8","operator":"Berliner Verkehrsbetriebe","railway":"subway","tunnel":"yes","voltage":"750"},"id":386178012},
{"type":"Feature","geometry":{"type":"LineString","coordinates":[[13.3634237,52.5654276],[13.3638451,52.5645265],[13.3647759,52.5635192]]},"properties":{"osmId":386196770,"osmType":"way","electrified":"rail","electrified:rail":"bottom","frequency":"0","gauge":"1435","layer":"-2","level":"-2","loading_gauge":"Großprofil","name":"U8","operator":"Berliner Verkehrsbetriebe","railway":"subway","tunnel":"yes","voltage":"750"},"id":386196770},
{"type":"Feature","geometry":{"type":"MultiLineString","coordinates":[[[13.3805068,52.5526528],[13.3790125,52.5530244],[13.3775566,52.5535991],[13.3766771,52.5542061],[13.3744784,52.5561435],[13.3736498,52.5569667],[13.373360072017787,52.557183955769005]],[[13.373360072017787,52.557183955769005],[13.3732896,52.5572368],[13.373208271746732,52.55729778674635]],[[13.373208271746732,52.55729778674635],[13.372859,52.5575597],[13.3727775,52.5576169]],[[13.3727775,52.5576169],[13.3716159,52.5584732]],[[13.3716159,52.5584732],[13.3681461,52.5610717]]]},"properties":{"osmId":386196771,"osmType":"way","destination":"Reinickendorf","electrified":"rail","frequency":"0","gauge":"1435","layer":"-2","level":"-3","loading_gauge":"Großprofil","name":"U8","operator":"Berliner Verkehrsbetriebe","railway":"subway","tunnel":"yes","voltage":"750"},"id":386196771},
{"type":"Feature","geometry":{"type":"LineString","coordinates":[[13.4132987,52.5585793],[13.4140606,52.5574733]]},"properties":{"osmId":386347068,"osmType":"way","electrified":"rail","electrified:rail":"top","frequency":"0","gauge":"1435","layer":"-2","level":"-1","loading_gauge":"Kleinprofil","operator":"Berliner Verkehrsbetriebe","railway":"subway","tunnel":"yes","voltage":"750"},"id":386347068},
{"type":"Feature","geometry":{"type":"LineString","coordinates":[[13.4132867,52.5598158],[13.4131712,52.561154],[13.4125794,52.565273]]},"properties":{"osmId":386347069,"osmType":"way","electrified":"rail","electrified:rail":"top","frequency":"0","gauge":"1435","layer":"-2","level":"-2","loading_gauge":"Kleinprofil","operator":"Berliner Verkehrsbetriebe","railway":"subway","tunnel":"yes","voltage":"750"},"id":386347069},
{"type":"Feature","geometry":{"type":"LineString","coordinates":[[13.4141108,52.5574862],[13.4134625,52.5585745]]},"properties":{"osmId":386347070,"osmType":"way","electrified":"rail","electrified:rail":"top","frequency":"0","gauge":"1435","layer":"-2","level":"-1","loading_gauge":"Kleinprofil","operator":"Berliner Verkehrsbetriebe","railway":"subway","tunnel":"yes","voltage":"750"},"id":386347070},
{"type":"Feature","geometry":{"type":"LineString","coordinates":[[13.4131399,52.5598155],[13.4131676,52.5590343],[13.4132987,52.5585793]]},"properties":{"osmId":386347071,"osmType":"way","electrified":"rail","electrified:rail":"top","frequency":"0","gauge":"1435","layer":"-2","level":"-2","loading_gauge":"Kleinprofil","operator":"Berliner Verkehrsbetriebe","railway":"subway","tunnel":"yes","voltage":"750"},"id":386347071},
{"type":"Feature","geometry":{"type":"LineString","coordinates":[[13.3855691,52.4648657],[13.3855541,52.4637261],[13.3849356,52.4611773],[13.3847119,52.4605829]]},"properties":{"osmId":386468277,"osmType":"way","electrified":"rail","electrified:rail":"bottom","frequency":"0","gauge":"1435","layer":"-2","level":"-2","loading_gauge":"Großprofil","name":"U6","network":"BVG","operator":"Berliner Verkehrsbetriebe","railway":"subway","tunnel":"yes","voltage":"750"},"id":386468277},
{"type":"Feature","geometry":{"type":"LineString","coordinates":[[13.3848532,52.4605701],[13.3854212,52.4628727],[13.3856489,52.4640441]]},"properties":{"osmId":386468281,"osmType":"way","electrified":"rail","electrified:rail":"bottom","frequency":"0","gauge":"1435","layer":"-2","level":"-2","loading_gauge":"Großprofil","name":"U6","network":"BVG","operator":"Berliner Verkehrsbetriebe","railway":"subway","tunnel":"yes","voltage":"750"},"id":386468281},
{"type":"Feature","geometry":{"type":"LineString","coordinates":[[13.3847119,52.4605829],[13.3844492,52.4595335]]},"properties":{"osmId":386468283,"osmType":"way","electrified":"rail","electrified:rail":"bottom","frequency":"0","gauge":"1435","layer":"-2","level":"-2","loading_gauge":"Großprofil","name":"U6","network":"BVG","operator":"Berliner Verkehrsbetriebe","railway":"subway","tunnel":"yes","voltage":"750"},"id":386468283},
{"type":"Feature","geometry":{"type":"LineString","coordinates":[[13.384594,52.459521],[13.3848532,52.4605701]]},"properties":{"osmId":386468285,"osmType":"way","electrified":"rail","electrified:rail":"bottom","frequency":"0","gauge":"1435","layer":"-2","level":"-2","loading_gauge":"Großprofil","name":"U6","network":"BVG","operator":"Berliner Verkehrsbetriebe","railway":"subway","tunnel":"yes","voltage":"750"},"id":386468285},
{"type":"Feature","geometry":{"type":"LineString","coordinates":[[13.3863827,52.4430346],[13.3858809,52.4455508]]},"properties":{"osmId":386496523,"osmType":"way","electrified":"rail","electrified:rail":"bottom","frequency":"0","gauge":"1435","layer":"-2","level":"-2","loading_gauge":"Großprofil","name":"U6","network":"BVG","operator":"Berliner Verkehrsbetriebe","railway":"subway","tunnel":"yes","voltage":"750"},"id":386496523},
{"type":"Feature","geometry":{"type":"LineString","coordinates":[[13.3854665,52.4472529],[13.3857731,52.4455353]]},"properties":{"osmId":386496524,"osmType":"way","electrified":"rail","electrified:rail":"bottom","frequency":"0","gauge":"1435","layer":"-2","level":"-2","loading_gauge":"Großprofil","name":"U6","network":"BVG","operator":"Berliner Verkehrsbetriebe","railway":"subway","tunnel":"yes","voltage":"750"},"id":386496524},
{"type":"Feature","geometry":{"type":"LineString","coordinates":[[13.3858809,52.4455508],[13.3855677,52.4472629]]},"properties":{"osmId":386496525,"osmType":"way","electrified":"rail","electrified:rail":"bottom","frequency":"0","gauge":"1435","layer":"-2","level":"-2","loading_gauge":"Großprofil","name":"U6","network":"BVG","operator":"Berliner Verkehrsbetriebe","railway":"subway","tunnel":"yes","voltage":"750"},"id":386496525},
{"type":"Feature","geometry":{"type":"MultiLineString","coordinates":[[[13.3857731,52.4455353],[13.3863402,52.4429797],[13.3868141,52.4416145]],[[13.3868141,52.4416145],[13.3869167,52.4413102]],[[13.3869167,52.4413102],[13.3872057,52.4404519]]]},"properties":{"osmId":386496527,"osmType":"way","electrified":"rail","electrified:rail":"bottom","frequency":"0","gauge":"1435","layer":"-2","level":"-2","loading_gauge":"Großprofil","name":"U6","network":"BVG","operator":"Berliner Verkehrsbetriebe","railway":"subway","tunnel":"yes","voltage":"750"},"id":386496527},
{"type":"Feature","geometry":{"type":"LineString","coordinates":[[13.2534137,52.51605],[13.2545247,52.5160242],[13.2563483,52.5162345],[13.25732,52.5162791]]},"properties":{"osmId":386702817,"osmType":"way","electrified":"rail","electrified:rail":"top","frequency":"0","gauge":"1435","layer":"-2","level":"-1","loading_gauge":"Kleinprofil","operator":"Berliner Verkehrsbetriebe","railway":"subway","tunnel":"yes","voltage":"750"},"id":386702817},
{"type":"Feature","geometry":{"type":"MultiLineString","coordinates":[[[13.3204533,52.512641],[13.317443,52.5123244],[13.3133583,52.5120592]],[[13.3133583,52.5120592],[13.3110899,52.5119875],[13.3083569,52.5118076]],[[13.3083569,52.5118076],[13.3081701,52.5117981]],[[13.3081701,52.5117981],[13.3059092,52.5115705]]]},"properties":{"osmId":386702818,"osmType":"way","electrified":"rail","electrified:rail":"top","frequency":"0","gauge":"1435","layer":"-2","level":"-2","loading_gauge":"Kleinprofil","operator":"Berliner Verkehrsbetriebe","railway":"subway","tunnel":"yes","voltage":"750"},"id":386702818},
{"type":"Feature","geometry":{"type":"LineString","coordinates":[[13.356,52.5002681],[13.3552052,52.5000113]]},"properties":{"osmId":386822740,"osmType":"way","electrified":"rail","electrified:rail":"top","frequency":"0","gauge":"1435","layer":"-1","level":"-1","loading_gauge":"Kleinprofil","operator":"Berliner Verkehrsbetriebe","railway":"subway","tunnel":"yes","voltage":"750"},"id":386822740},
{"type":"Feature","geometry":{"type":"LineString","coordinates":[[13.3421761,52.4828266],[13.3419865,52.483363]]},"properties":{"osmId":386822741,"osmType":"way","electrified":"rail","electrified:rail":"top","frequency":"0","gauge":"1435","layer":"-1","level":"-1","loading_gauge":"Kleinprofil","maxspeed":"60","name":"U4","operator":"Berliner Verkehrsbetriebe","railway":"subway","tunnel":"building_passage","voltage":"750"},"id":386822741},
{"type":"Feature","geometry":{"type":"LineString","coordinates":[[13.35314,52.4994556],[13.3523012,52.4990639]]},"properties":{"osmId":386822742,"osmType":"way","electrified":"rail","electrified:rail":"top","frequency":"0","gauge":"1435","layer":"-1","level":"-1","loading_gauge":"Kleinprofil","name":"U4","operator":"Berliner Verkehrsbetriebe","railway":"subway","tunnel":"yes","voltage":"750"},"id":386822742},
{"type":"Feature","geometry":{"type":"LineString","coordinates":[[13.3434098,52.4796152],[13.3433077,52.4797969]]},"properties":{"osmId":386822743,"osmType":"way","electrified":"rail","electrified:rail":"top","frequency":"0","gauge":"1435","layer":"-1","level":"-1","loading_gauge":"Kleinprofil","maxspeed":"60","name":"U4","operator":"Berliner Verkehrsbetriebe","railway":"subway","tunnel":"yes","voltage":"750"},"id":386822743},
{"type":"Feature","geometry":{"type":"LineString","coordinates":[[13.3420225,52.482805],[13.3428786,52.4805688],[13.3431613,52.4799845]]},"properties":{"osmId":386822744,"osmType":"way","electrified":"rail","electrified:rail":"top","frequency":"0","gauge":"1435","layer":"-1","level":"-1","loading_gauge":"Kleinprofil","name":"U4","operator":"Berliner Verkehrsbetriebe","railway":"subway","source":"BVG","tunnel":"yes","voltage":"750"},"id":386822744},
{"type":"Feature","geometry":{"type":"MultiLineString","coordinates":[[[13.3419865,52.483363],[13.3417088,52.4839829],[13.3403847,52.487662],[13.3402968,52.488037],[13.3402914,52.4883272],[13.34031319747491,52.48849947313996]],[[13.34031319747491,52.48849947313996],[13.340329297242631,52.4886267152884]],[[13.340329297242631,52.4886267152884],[13.3403421,52.4887279]]]},"properties":{"osmId":386822745,"osmType":"way","electrified":"rail","electrified:rail":"top","frequency":"0","gauge":"1435","layer":"-1","level":"-1","loading_gauge":"Kleinprofil","maxspeed":"60","name":"U4","operator":"Berliner Verkehrsbetriebe","railway":"subway","tunnel":"yes","voltage":"750"},"id":386822745},
{"type":"Feature","geometry":{"type":"MultiLineString","coordinates":[[[13.3563138,52.5004325],[13.355663413425146,52.50020931332984]],[[13.355663413425146,52.50020931332984],[13.3553233,52.5000926]]]},"properties":{"osmId":386822794,"osmType":"way","electrified":"rail","electrified:rail":"top","frequency":"0","gauge":"1435","layer":"-2","level":"-2","loading_gauge":"Kleinprofil","name":"U4","operator":"Berliner Verkehrsbetriebe","railway":"subway","tunnel":"yes","voltage":"750"},"id":386822794},
{"type":"Feature","geometry":{"type":"LineString","coordinates":[[13.3861345,52.5119248],[13.3853624,52.5118519],[13.3836704,52.5115389]]},"properties":{"osmId":387106269,"osmType":"way","detail":"track","electrified":"rail","electrified:rail":"top","frequency":"0","gauge":"1435","layer":"-1","level":"-1","loading_gauge":"Kleinprofil","name":"U2","operator":"Berliner Verkehrsbetriebe","railway":"subway","tunnel":"yes","voltage":"750"},"id":387106269},
{"type":"Feature","geometry":{"type":"MultiLineString","coordinates":[[[13.3887098,52.5120833],[13.3886579,52.5120779]],[[13.3886579,52.5120779],[13.3879552,52.512027]],[[13.3879552,52.512027],[13.3861345,52.5119248]]]},"properties":{"osmId":387106270,"osmType":"way","detail":"track","electrified":"rail","electrified:rail":"top","frequency":"0","gauge":"1435","layer":"-1","level":"-1","loading_gauge":"Kleinprofil","operator":"Berliner Verkehrsbetriebe","railway":"subway","tunnel":"yes","voltage":"750"},"id":387106270},
{"type":"Feature","geometry":{"type":"MultiLineString","coordinates":[[[13.3867324,52.5119123],[13.3879612,52.5119958]],[[13.3879612,52.5119958],[13.388661,52.5120236]],[[13.388661,52.5120236],[13.3887341,52.512024]]]},"properties":{"osmId":387106271,"osmType":"way","detail":"track","electrified":"rail","electrified:rail":"top","frequency":"0","gauge":"1435","layer":"-2","level":"-1","loading_gauge":"Kleinprofil","maxspeed":"60","maxspeed:note":"Kein Limit - Maximalgeschwindigkeit der eingesetzten Fahrzeuge","operator":"Berliner Verkehrsbetriebe","railway":"subway","tunnel":"yes","voltage":"750"},"id":387106271},
{"type":"Feature","geometry":{"type":"LineString","coordinates":[[13.3837054,52.5114702],[13.3851794,52.5117285],[13.3867324,52.5119123]]},"properties":{"osmId":387106272,"osmType":"way","detail":"track","electrified":"rail","electrified:rail":"top","frequency":"0","gauge":"1435","layer":"-2","level":"-1","loading_gauge":"Kleinprofil","maxspeed":"60","maxspeed:note":"Kein Limit - Maximalgeschwindigkeit der eingesetzten Fahrzeuge","name":"U2","operator":"Berliner Verkehrsbetriebe","railway":"subway","tunnel":"yes","voltage":"750"},"id":387106272},
{"type":"Feature","geometry":{"type":"LineString","coordinates":[[13.3902263,52.5082314],[13.3904721,52.50637]]},"properties":{"osmId":387118472,"osmType":"way","electrified":"rail","electrified:rail":"bottom","frequency":"0","gauge":"1435","layer":"-2","level":"-1","loading_gauge":"Großprofil","name":"U6","network":"BVG","operator":"Berliner Verkehrsbetriebe","railway":"subway","tunnel":"yes","voltage":"750"},"id":387118472},
{"type":"Feature","geometry":{"type":"LineString","coordinates":[[13.3907754,52.50551],[13.3906375,52.5063798]]},"properties":{"osmId":387118473,"osmType":"way","electrified":"rail","electrified:rail":"bottom","frequency":"0","gauge":"1435","layer":"-2","level":"-1","loading_gauge":"Großprofil","name":"U6","network":"BVG","operator":"Berliner Verkehrsbetriebe","railway":"subway","tunnel":"yes","voltage":"750"},"id":387118473},
{"type":"Feature","geometry":{"type":"LineString","coordinates":[[13.3904721,52.50637],[13.3906153,52.5055012]]},"properties":{"osmId":387118474,"osmType":"way","electrified":"rail","electrified:rail":"bottom","frequency":"0","gauge":"1435","layer":"-2","level":"-1","loading_gauge":"Großprofil","name":"U6","network":"BVG","operator":"Berliner Verkehrsbetriebe","railway":"subway","tunnel":"yes","voltage":"750"},"id":387118474},
{"type":"Feature","geometry":{"type":"LineString","coordinates":[[13.3911278,52.5031767],[13.3908184,52.5049898],[13.3907754,52.50551]]},"properties":{"osmId":387118475,"osmType":"way","electrified":"rail","electrified:rail":"bottom","frequency":"0","gauge":"1435","layer":"-2","level":"-2","loading_gauge":"Großprofil","name":"U6","network":"BVG","operator":"Berliner Verkehrsbetriebe","railway":"subway","tunnel":"yes","voltage":"750"},"id":387118475},
{"type":"Feature","geometry":{"type":"LineString","coordinates":[[13.4029249,52.511286],[13.4052044,52.5112213]]},"properties":{"osmId":387141732,"osmType":"way","detail":"track","electrified":"rail","electrified:rail":"top","frequency":"0","gauge":"1435","layer":"-2","level":"-1","loading_gauge":"Kleinprofil","operator":"Berliner Verkehrsbetriebe","railway":"subway","tunnel":"yes","voltage":"750"},"id":387141732},
{"type":"Feature","geometry":{"type":"LineString","coordinates":[[13.4052553,52.5112989],[13.4029323,52.51138]]},"properties":{"osmId":387141733,"osmType":"way","detail":"track","electrified":"rail","electrified:rail":"top","frequency":"0","gauge":"1435","layer":"-2","level":"-1","loading_gauge":"Kleinprofil","operator":"Berliner Verkehrsbetriebe","railway":"subway","tunnel":"yes","voltage":"750"},"id":387141733},
{"type":"Feature","geometry":{"type":"LineString","coordinates":[[13.4052044,52.5112213],[13.4058601,52.5112238],[13.4069566,52.5113893],[13.4089147,52.5119663]]},"properties":{"osmId":387141734,"osmType":"way","detail":"track","electrified":"rail","electrified:rail":"top","frequency":"0","gauge":"1435","layer":"-2","level":"-1","loading_gauge":"Kleinprofil","operator":"Berliner Verkehrsbetriebe","railway":"subway","tunnel":"yes","voltage":"750"},"id":387141734},
{"type":"Feature","geometry":{"type":"LineString","coordinates":[[13.4088593,52.5120432],[13.4069008,52.5114477],[13.4060638,52.5113131],[13.4052553,52.5112989]]},"properties":{"osmId":387141735,"osmType":"way","detail":"track","electrified":"rail","electrified:rail":"top","frequency":"0","gauge":"1435","layer":"-2","level":"-1","loading_gauge":"Kleinprofil","operator":"Berliner Verkehrsbetriebe","railway":"subway","tunnel":"yes","voltage":"750"},"id":387141735},
{"type":"Feature","geometry":{"type":"LineString","coordinates":[[13.3369323,52.5008534],[13.3370889,52.5009998]]},"properties":{"osmId":387329043,"osmType":"way","electrified":"rail","electrified:rail":"top","frequency":"0","gauge":"1435","layer":"-1","level":"-1","loading_gauge":"Kleinprofil","maxspeed":"60","name":"U3","note":"TODO: check where exactly it goes underground","operator":"Berliner Verkehrsbetriebe","railway":"subway","ref":"U3","tunnel":"yes","usage":"main","voltage":"750"},"id":387329043},
{"type":"Feature","geometry":{"type":"LineString","coordinates":[[13.336878,52.5008779],[13.334571,52.4987332]]},"properties":{"osmId":387329044,"osmType":"way","electrified":"rail","frequency":"0","gauge":"1435","layer":"-1","level":"-1","loading_gauge":"Kleinprofil","maxspeed":"60","name":"U3","note":"TODO: check where exactly it goes underground","operator":"Berliner Verkehrsbetriebe","railway":"subway","ref":"U3","tunnel":"yes","usage":"main","voltage":"750"},"id":387329044},
{"type":"Feature","geometry":{"type":"LineString","coordinates":[[13.3359045,52.4998525],[13.3369323,52.5008534]]},"properties":{"osmId":387329045,"osmType":"way","electrified":"rail","electrified:rail":"top","frequency":"0","gauge":"1435","layer":"-1","level":"-1","loading_gauge":"Kleinprofil","maxspeed":"60","name":"U3","note":"TODO: check where exactly it goes underground","operator":"Berliner Verkehrsbetriebe","railway":"subway","ref":"U3","tunnel":"yes","usage":"main","voltage":"750"},"id":387329045},
{"type":"Feature","geometry":{"type":"LineString","coordinates":[[13.3426196,52.4959158],[13.344365,52.4965154]]},"properties":{"osmId":387333018,"osmType":"way","electrified":"rail","electrified:rail":"top","frequency":"0","gauge":"1435","layer":"-1","level":"-1","loading_gauge":"Kleinprofil","maxspeed":"60","name":"U4","operator":"Berliner Verkehrsbetriebe","railway":"subway","tunnel":"yes","voltage":"750"},"id":387333018},
{"type":"Feature","geometry":{"type":"LineString","coordinates":[[13.3857751,52.4665249],[13.3857981,52.468611]]},"properties":{"osmId":387345819,"osmType":"way","electrified":"rail","electrified:rail":"bottom","frequency":"0","gauge":"1435","layer":"-2","level":"-2","loading_gauge":"Großprofil","name":"U6","network":"BVG","operator":"Berliner Verkehrsbetriebe","railway":"subway","tunnel":"yes","voltage":"750"},"id":387345819},
{"type":"Feature","geometry":{"type":"LineString","coordinates":[[13.3856489,52.4640441],[13.3856951,52.4648638]]},"properties":{"osmId":387345820,"osmType":"way","electrified":"rail","electrified:rail":"bottom","frequency":"0","gauge":"1435","layer":"-2","level":"-2","loading_gauge":"Großprofil","name":"U6","network":"BVG","operator":"Berliner Verkehrsbetriebe","railway":"subway","tunnel":"yes","voltage":"750"},"id":387345820},
{"type":"Feature","geometry":{"type":"LineString","coordinates":[[13.3856298,52.4665249],[13.3855691,52.4648657]]},"properties":{"osmId":387345821,"osmType":"way","electrified":"rail","electrified:rail":"bottom","frequency":"0","gauge":"1435","layer":"-2","level":"-2","loading_gauge":"Großprofil","name":"U6","network":"BVG","operator":"Berliner Verkehrsbetriebe","railway":"subway","tunnel":"yes","voltage":"750"},"id":387345821},
{"type":"Feature","geometry":{"type":"LineString","coordinates":[[13.3856378,52.4685993],[13.3856298,52.4665249]]},"properties":{"osmId":387345822,"osmType":"way","electrified":"rail","electrified:rail":"bottom","frequency":"0","gauge":"1435","layer":"-2","level":"-2","loading_gauge":"Großprofil","name":"U6","network":"BVG","operator":"Berliner Verkehrsbetriebe","railway":"subway","tunnel":"yes","voltage":"750"},"id":387345822},
{"type":"Feature","geometry":{"type":"LineString","coordinates":[[13.3587927,52.5008762],[13.3606888,52.500279]]},"properties":{"osmId":387362912,"osmType":"way","electrified":"rail","electrified:rail":"top","frequency":"0","gauge":"1435","layer":"-1","level":"-2","loading_gauge":"Kleinprofil","name":"U1","operator":"Berliner Verkehrsbetriebe","railway":"subway","tunnel":"yes","voltage":"750"},"id":387362912},
{"type":"Feature","geometry":{"type":"LineString","coordinates":[[13.3625597,52.4998522],[13.3607559,52.5003669]]},"properties":{"osmId":387362913,"osmType":"way","electrified":"rail","electrified:rail":"top","frequency":"0","gauge":"1435","layer":"-1","level":"-1","loading_gauge":"Kleinprofil","name":"U1","operator":"Berliner Verkehrsbetriebe","railway":"subway","railway:track_ref":"1","tunnel":"yes","voltage":"750"},"id":387362913},
{"type":"Feature","geometry":{"type":"LineString","coordinates":[[13.3635892,52.4996707],[13.3625597,52.4998522]]},"properties":{"osmId":387362914,"osmType":"way","electrified":"rail","electrified:rail":"top","frequency":"0","gauge":"1435","layer":"-2","level":"-1","loading_gauge":"Kleinprofil","name":"U1","operator":"Berliner Verkehrsbetriebe","railway":"subway","tunnel":"yes","voltage":"750"},"id":387362914},
{"type":"Feature","geometry":{"type":"LineString","coordinates":[[13.3624677,52.4997645],[13.3631107,52.4996369],[13.3640001,52.4996413]]},"properties":{"osmId":387362915,"osmType":"way","electrified":"rail","electrified:rail":"top","frequency":"0","gauge":"1435","layer":"-1","level":"-1","loading_gauge":"Kleinprofil","name":"U1","operator":"Berliner Verkehrsbetriebe","railway":"subway","tunnel":"yes","voltage":"750"},"id":387362915},
{"type":"Feature","geometry":{"type":"LineString","coordinates":[[13.3816632,52.5317507],[13.3775864,52.5350155]]},"properties":{"osmId":387370685,"osmType":"way","electrified":"rail","electrified:rail":"bottom","frequency":"0","gauge":"1435","level":"-1","loading_gauge":"Großprofil","name":"U6","operator":"Berliner Verkehrsbetriebe","railway":"subway","tunnel":"yes","voltage":"750"},"id":387370685},
{"type":"Feature","geometry":{"type":"LineString","coordinates":[[13.3774672,52.5349747],[13.3779977,52.5346369],[13.3792985,52.5335949],[13.3815535,52.5316981]]},"properties":{"osmId":387370686,"osmType":"way","electrified":"rail","electrified:rail":"bottom","frequency":"0","gauge":"1435","layer":"-2","level":"-1","loading_gauge":"Großprofil","name":"U6","operator":"Berliner Verkehrsbetriebe","railway":"subway","tunnel":"yes","voltage":"750"},"id":387370686},
{"type":"Feature","geometry":{"type":"LineString","coordinates":[[13.412187,52.5380962],[13.412354,52.5358815],[13.4127108,52.5338971],[13.4127564,52.533209]]},"properties":{"osmId":388432539,"osmType":"way","detail":"track","electrified":"rail","electrified:rail":"top","frequency":"0","gauge":"1435","layer":"-2","level":"-1","loading_gauge":"Kleinprofil","name":"U2","operator":"Berliner Verkehrsbetriebe","railway":"subway","tunnel":"yes","voltage":"750"},"id":388432539},
{"type":"Feature","geometry":{"type":"LineString","coordinates":[[13.4126268,52.5317442],[13.4129221,52.5332047]]},"properties":{"osmId":388432540,"osmType":"way","electrified":"rail","electrified:rail":"top","frequency":"0","gauge":"1435","layer":"-2","level":"-1","loading_gauge":"Kleinprofil","name":"U2","operator":"Berliner Verkehrsbetriebe","railway":"subway","tunnel":"yes","voltage":"750"},"id":388432540},
{"type":"Feature","geometry":{"type":"LineString","coordinates":[[13.4127564,52.533209],[13.4124311,52.5317721]]},"properties":{"osmId":388432541,"osmType":"way","detail":"track","electrified":"rail","electrified:rail":"top","frequency":"0","gauge":"1435","layer":"-2","level":"-1","loading_gauge":"Kleinprofil","name":"U2","operator":"Berliner Verkehrsbetriebe","railway":"subway","tunnel":"yes","voltage":"750"},"id":388432541},
{"type":"Feature","geometry":{"type":"LineString","coordinates":[[13.4129221,52.5332047],[13.4125048,52.5355105],[13.4122459,52.5380959]]},"properties":{"osmId":388432543,"osmType":"way","electrified":"rail","electrified:rail":"top","frequency":"0","gauge":"1435","layer":"-2","level":"-1","loading_gauge":"Kleinprofil","name":"U2","operator":"Berliner Verkehrsbetriebe","railway":"subway","tunnel":"yes","voltage":"750"},"id":388432543},
{"type":"Feature","geometry":{"type":"LineString","coordinates":[[13.3095684,52.4941343],[13.3091071,52.4946386],[13.3086254,52.4953727],[13.3082451,52.4962966],[13.3079304,52.4976317],[13.3074824,52.4989866]]},"properties":{"osmId":388689200,"osmType":"way","electrified":"rail","electrified:rail":"bottom","frequency":"0","gauge":"1435","layer":"-2","level":"-2","loading_gauge":"Großprofil","name":"U7","operator":"Berliner Verkehrsbetriebe","railway":"subway","tunnel":"yes","voltage":"750"},"id":388689200},
{"type":"Feature","geometry":{"type":"LineString","coordinates":[[13.3098116,52.493669],[13.3090149,52.4945046],[13.3085087,52.4953214]]},"properties":{"osmId":388689201,"osmType":"way","electrified":"rail","electrified:rail":"bottom","frequency":"0","gauge":"1435","layer":"-2","level":"-2","loading_gauge":"Großprofil","name":"U7","operator":"Berliner Verkehrsbetriebe","railway":"subway","tunnel":"yes","voltage":"750"},"id":388689201},
{"type":"Feature","geometry":{"type":"MultiLineString","coordinates":[[[13.3822629,52.4986214],[13.3808032,52.4986532],[13.3798779,52.4985786],[13.3787618,52.4983296],[13.3778543,52.4979435],[13.3771946,52.4975276],[13.3768356,52.4972128],[13.3765141,52.4967581],[13.3760856,52.495324],[13.3755148,52.4944921],[13.3744385,52.4937791],[13.3734742,52.4933238],[13.3725338,52.493056],[13.3715891,52.4929441],[13.3700756,52.4928982],[13.3689173,52.4927242],[13.3680449,52.4923302],[13.3668581,52.4914818],[13.3660064,52.4910462],[13.3644748,52.4906678],[13.3615272,52.4903184],[13.3605865,52.4902802],[13.3590822,52.4903828],[13.3578142,52.490342],[13.3523817,52.48979],[13.351137,52.4896042],[13.3482348,52.4893412],[13.343527,52.4888727],[13.3423243,52.4887019],[13.3403307,52.4885009],[13.34031319747491,52.48849947313996]],[[13.34031319747491,52.48849947313996],[13.340143686536365,52.488485654083426]],[[13.340143686536365,52.488485654083426],[13.3395297,52.4884356],[13.3383585,52.4883539],[13.3361244,52.4881295],[13.332463,52.4875028]]]},"properties":{"osmId":388689203,"osmType":"way","electrified":"rail","electrified:rail":"bottom","frequency":"0","gauge":"1435","layer":"-2","level":"-2","loading_gauge":"Großprofil","name":"U7","operator":"Berliner Verkehrsbetriebe","railway":"subway","tunnel":"yes","voltage":"750"},"id":388689203},
{"type":"Feature","geometry":{"type":"LineString","coordinates":[[13.4416287,52.4697267],[13.4411469,52.4725833],[13.44095,52.4731159],[13.4400971,52.4746162],[13.4396821,52.4754695]]},"properties":{"osmId":388706076,"osmType":"way","electrified":"rail","electrified:rail":"bottom","frequency":"0","gauge":"1435","layer":"-2","level":"-2","loading_gauge":"Großprofil","name":"U7","operator":"Berliner Verkehrsbetriebe","railway":"subway","tunnel":"yes","voltage":"750"},"id":388706076},
{"type":"Feature","geometry":{"type":"LineString","coordinates":[[13.4387185,52.4773419],[13.4372138,52.4794338],[13.4367942,52.4798283],[13.4348382,52.4811639]]},"properties":{"osmId":388706077,"osmType":"way","electrified":"rail","electrified:rail":"bottom","frequency":"0","gauge":"1435","layer":"-2","level":"-1","loading_gauge":"Großprofil","name":"U7","operator":"Berliner Verkehrsbetriebe","railway":"subway","tunnel":"yes","voltage":"750"},"id":388706077},
{"type":"Feature","geometry":{"type":"LineString","coordinates":[[13.4397358,52.4754805],[13.4391541,52.4767982],[13.4387784,52.4773565]]},"properties":{"osmId":388706078,"osmType":"way","electrified":"rail","frequency":"0","gauge":"1435","layer":"-2","level":"-1","loading_gauge":"Großprofil","name":"U7","operator":"Berliner Verkehrsbetriebe","railway":"subway","tunnel":"yes","voltage":"750"},"id":388706078},
{"type":"Feature","geometry":{"type":"LineString","coordinates":[[13.3074824,52.4989866],[13.307403,52.4995013],[13.3074294,52.5007182]]},"properties":{"osmId":390034350,"osmType":"way","electrified":"rail","electrified:rail":"bottom","frequency":"0","gauge":"1435","layer":"-2","level":"-2","loading_gauge":"Großprofil","name":"U7","operator":"Berliner Verkehrsbetriebe","railway":"subway","tunnel":"yes","voltage":"750"},"id":390034350},
{"type":"Feature","geometry":{"type":"LineString","coordinates":[[13.3074103,52.498975],[13.3072358,52.4995016],[13.3071717,52.5001843],[13.307577,52.5014713]]},"properties":{"osmId":390034351,"osmType":"way","electrified":"rail","electrified:rail":"bottom","frequency":"0","gauge":"1435","layer":"-2","level":"-2","loading_gauge":"Großprofil","name":"U7","operator":"Berliner Verkehrsbetriebe","railway":"subway","tunnel":"yes","voltage":"750"},"id":390034351},
{"type":"Feature","geometry":{"type":"LineString","coordinates":[[13.3085087,52.4953214],[13.3082542,52.495943],[13.307861,52.4976158],[13.3074103,52.498975]]},"properties":{"osmId":390034353,"osmType":"way","electrified":"rail","electrified:rail":"bottom","frequency":"0","gauge":"1435","layer":"-2","level":"-2","loading_gauge":"Großprofil","name":"U7","operator":"Berliner Verkehrsbetriebe","railway":"subway","tunnel":"yes","voltage":"750"},"id":390034353},
{"type":"Feature","geometry":{"type":"MultiLineString","coordinates":[[[13.3585441,52.5467586],[13.3560336,52.5481803]],[[13.3560336,52.5481803],[13.3542359,52.5491948]]]},"properties":{"osmId":390060702,"osmType":"way","electrified":"rail","electrified:rail":"bottom","frequency":"0","gauge":"1435","layer":"-1","level":"-1","loading_gauge":"Großprofil","name":"U6","operator":"Berliner Verkehrsbetriebe","railway":"subway","tunnel":"yes","voltage":"750"},"id":390060702},
{"type":"Feature","geometry":{"type":"MultiLineString","coordinates":[[[13.3597307,52.5460903],[13.35924624669954,52.54636305797379]],[[13.35924624669954,52.54636305797379],[13.3591682,52.546407]]]},"properties":{"osmId":390060707,"osmType":"way","electrified":"rail","electrified:rail":"bottom","frequency":"0","gauge":"1435","layer":"-1","level":"-1","loading_gauge":"Großprofil","name":"U6","operator":"Berliner Verkehrsbetriebe","railway":"subway","tunnel":"yes","voltage":"750"},"id":390060707},
{"type":"Feature","geometry":{"type":"LineString","coordinates":[[13.3599147,52.5468095],[13.3613151,52.5477189],[13.36372,52.5492223],[13.3660076,52.5507115],[13.3667909,52.5511384]]},"properties":{"osmId":390060715,"osmType":"way","electrified":"rail","electrified:rail":"bottom","frequency":"0","gauge":"1435","layer":"-1","level":"-2","loading_gauge":"Großprofil","name":"U9","operator":"Berliner Verkehrsbetriebe","railway":"subway","source":"Geoportal Berlin / K5","tunnel":"yes","voltage":"750"},"id":390060715},
{"type":"Feature","geometry":{"type":"MultiLineString","coordinates":[[[13.3586057,52.5459553],[13.3588594,52.5461132],[13.359209309948888,52.546338731645605]],[[13.359209309948888,52.546338731645605],[13.359224,52.5463482],[13.35924624669954,52.54636305797379]],[[13.35924624669954,52.54636305797379],[13.3599147,52.5468095]]]},"properties":{"osmId":390060720,"osmType":"way","electrified":"rail","electrified:rail":"bottom","frequency":"0","gauge":"1435","layer":"-2","level":"-2","loading_gauge":"Großprofil","name":"U9","operator":"Berliner Verkehrsbetriebe","railway":"subway","source":"Geoportal Berlin / K5","tunnel":"yes","voltage":"750"},"id":390060720},
{"type":"Feature","geometry":{"type":"LineString","coordinates":[[13.3512195,52.5426744],[13.3537504,52.5436117],[13.355001,52.5441212],[13.3571449,52.545135],[13.3586057,52.5459553]]},"properties":{"osmId":390060725,"osmType":"way","electrified":"rail","electrified:rail":"bottom","frequency":"0","gauge":"1435","layer":"-1","level":"-2","loading_gauge":"Großprofil","name":"U9","operator":"Berliner Verkehrsbetriebe","railway":"subway","source":"Geoportal Berlin / K5","tunnel":"yes","voltage":"750"},"id":390060725},
{"type":"Feature","geometry":{"type":"MultiLineString","coordinates":[[[13.366688,52.5512069],[13.3644507,52.5498015],[13.363545,52.5492727],[13.3607988,52.5475586]],[[13.3607988,52.5475586],[13.3604622,52.547347]],[[13.3604622,52.547347],[13.3597264,52.5468951]],[[13.3597264,52.5468951],[13.3592121,52.5465657],[13.35906063127483,52.54646760112766]],[[13.35906063127483,52.54646760112766],[13.3590333,52.5464499],[13.359023543797198,52.54644358979544]],[[13.359023543797198,52.54644358979544],[13.3587499,52.5462666],[13.3584501,52.546043]]]},"properties":{"osmId":390061859,"osmType":"way","electrified":"rail","electrified:rail":"bottom","frequency":"0","gauge":"1435","layer":"-2","level":"-2","loading_gauge":"Großprofil","name":"U9","operator":"Berliner Verkehrsbetriebe","railway":"subway","source":"Geoportal Berlin / K5","tunnel":"yes","voltage":"750"},"id":390061859},
{"type":"Feature","geometry":{"type":"LineString","coordinates":[[13.3667909,52.5511384],[13.3679623,52.5518496]]},"properties":{"osmId":390194960,"osmType":"way","electrified":"rail","electrified:rail":"bottom","frequency":"0","gauge":"1435","layer":"-1","level":"-2","loading_gauge":"Großprofil","name":"U9","operator":"Berliner Verkehrsbetriebe","railway":"subway","source":"Geoportal Berlin / K5","tunnel":"yes","voltage":"750"},"id":390194960},
{"type":"Feature","geometry":{"type":"MultiLineString","coordinates":[[[13.3758231,52.5603999],[13.3751069,52.5597199],[13.3738603,52.5580491]],[[13.3738603,52.5580491],[13.373617,52.5577486]]]},"properties":{"osmId":390194961,"osmType":"way","electrified":"rail","frequency":"0","gauge":"1435","layer":"-1","level":"-2","loading_gauge":"Großprofil","name":"U9","operator":"Berliner Verkehrsbetriebe","railway":"subway","source":"Geoportal Berlin / K5","tunnel":"yes","voltage":"750"},"id":390194961},
{"type":"Feature","geometry":{"type":"LineString","coordinates":[[13.2846358,52.5102053],[13.2817393,52.5100197]]},"properties":{"osmId":390211466,"osmType":"way","electrified":"rail","electrified:rail":"top","frequency":"0","gauge":"1435","layer":"-2","level":"-2","loading_gauge":"Kleinprofil","operator":"Berliner Verkehrsbetriebe","railway":"subway","tunnel":"yes","voltage":"750"},"id":390211466},
{"type":"Feature","geometry":{"type":"LineString","coordinates":[[13.2817472,52.5099793],[13.284599,52.5101464]]},"properties":{"osmId":390211467,"osmType":"way","electrified":"rail","electrified:rail":"top","frequency":"0","gauge":"1435","layer":"-2","level":"-2","loading_gauge":"Kleinprofil","operator":"Berliner Verkehrsbetriebe","railway":"subway","tunnel":"yes","voltage":"750"},"id":390211467},
{"type":"Feature","geometry":{"type":"LineString","coordinates":[[13.3891703,52.4968739],[13.3886765,52.4973235],[13.3876907,52.4978385],[13.3871011,52.4980216],[13.3852043,52.4984702],[13.3837993,52.4986423]]},"properties":{"osmId":390222707,"osmType":"way","electrified":"rail","electrified:rail":"bottom","frequency":"0","gauge":"1435","layer":"-1","level":"-2","loading_gauge":"Großprofil","name":"U7","operator":"Berliner Verkehrsbetriebe","railway":"subway","tunnel":"yes","voltage":"750"},"id":390222707},
{"type":"Feature","geometry":{"type":"LineString","coordinates":[[13.3804349,52.5525731],[13.3820697,52.5519492]]},"properties":{"osmId":390222708,"osmType":"way","electrified":"rail","frequency":"0","gauge":"1435","layer":"-2","level":"-2","loading_gauge":"Großprofil","name":"U8","operator":"Berliner Verkehrsbetriebe","railway":"subway","tunnel":"yes","voltage":"750"},"id":390222708},
{"type":"Feature","geometry":{"type":"LineString","coordinates":[[13.3834089,52.4987642],[13.3822603,52.4987387]]},"properties":{"osmId":390222709,"osmType":"way","electrified":"rail","frequency":"0","gauge":"1435","layer":"-2","level":"-2","loading_gauge":"Großprofil","name":"U7","operator":"Berliner Verkehrsbetriebe","railway":"subway","tunnel":"yes","voltage":"750"},"id":390222709},
{"type":"Feature","geometry":{"type":"LineString","coordinates":[[13.3837993,52.4986423],[13.3822629,52.4986214]]},"properties":{"osmId":390222710,"osmType":"way","electrified":"rail","electrified:rail":"bottom","frequency":"0","gauge":"1435","layer":"-2","level":"-2","loading_gauge":"Großprofil","name":"U7","operator":"Berliner Verkehrsbetriebe","railway":"subway","tunnel":"yes","voltage":"750"},"id":390222710},
{"type":"Feature","geometry":{"type":"LineString","coordinates":[[13.5589552,52.5038895],[13.55951,52.5042302]]},"properties":{"osmId":391356361,"osmType":"way","detail":"track","electrified":"rail","electrified:rail":"bottom","embankment":"yes","frequency":"0","gauge":"1435","loading_gauge":"Großprofil","maxspeed":"60","operator":"Berliner Verkehrsbetriebe","passenger_lines":"2","railway":"subway","voltage":"750","workrules":"DE:BOStrab"},"id":391356361},
{"type":"Feature","geometry":{"type":"LineString","coordinates":[[13.5593755,52.5042943],[13.5588394,52.5039367]]},"properties":{"osmId":391356362,"osmType":"way","detail":"track","electrified":"rail","electrified:rail":"bottom","embankment":"yes","frequency":"0","gauge":"1435","loading_gauge":"Großprofil","maxspeed":"60","operator":"Berliner Verkehrsbetriebe","passenger_lines":"2","railway":"subway","voltage":"750","workrules":"DE:BOStrab"},"id":391356362},
{"type":"Feature","geometry":{"type":"LineString","coordinates":[[13.3214057,52.5122636],[13.3227765,52.5112457]]},"properties":{"osmId":391364745,"osmType":"way","electrified":"rail","electrified:rail":"top","frequency":"0","gauge":"1435","layer":"-2","level":"-2","loading_gauge":"Kleinprofil","operator":"Berliner Verkehrsbetriebe","railway":"subway","tunnel":"yes","voltage":"750"},"id":391364745},
{"type":"Feature","geometry":{"type":"LineString","coordinates":[[13.3210439,52.5124676],[13.3214057,52.5122636]]},"properties":{"osmId":391364746,"osmType":"way","electrified":"rail","electrified:rail":"top","frequency":"0","gauge":"1435","layer":"-2","level":"-2","loading_gauge":"Kleinprofil","operator":"Berliner Verkehrsbetriebe","railway":"subway","tunnel":"yes","voltage":"750"},"id":391364746},
{"type":"Feature","geometry":{"type":"LineString","coordinates":[[13.3228299,52.5112699],[13.3214521,52.5122931]]},"properties":{"osmId":391364747,"osmType":"way","electrified":"rail","electrified:rail":"top","frequency":"0","gauge":"1435","layer":"-1","level":"-2","loading_gauge":"Kleinprofil","operator":"Berliner Verkehrsbetriebe","railway":"subway","tunnel":"yes","voltage":"750"},"id":391364747},
{"type":"Feature","geometry":{"type":"LineString","coordinates":[[13.3214521,52.5122931],[13.3210006,52.5125308],[13.3204533,52.512641]]},"properties":{"osmId":391364748,"osmType":"way","electrified":"rail","electrified:rail":"top","frequency":"0","gauge":"1435","layer":"-1","level":"-2","loading_gauge":"Kleinprofil","operator":"Berliner Verkehrsbetriebe","railway":"subway","tunnel":"yes","voltage":"750"},"id":391364748},
{"type":"Feature","geometry":{"type":"LineString","coordinates":[[13.3644393,52.49737],[13.3623326,52.4977659]]},"properties":{"osmId":391385378,"osmType":"way","bridge":"viaduct","electrified":"rail","electrified:rail":"top","frequency":"0","gauge":"1435","layer":"1","level":"1","loading_gauge":"Kleinprofil","operator":"Berliner Verkehrsbetriebe","railway":"subway","voltage":"750"},"id":391385378},
{"type":"Feature","geometry":{"type":"LineString","coordinates":[[13.3620548,52.4977916],[13.3644256,52.4973416]]},"properties":{"osmId":391385379,"osmType":"way","bridge":"viaduct","electrified":"rail","electrified:rail":"top","frequency":"0","gauge":"1435","layer":"1","level":"1","loading_gauge":"Kleinprofil","operator":"Berliner Verkehrsbetriebe","railway":"subway","voltage":"750"},"id":391385379},
{"type":"Feature","geometry":{"type":"MultiLineString","coordinates":[[[13.3525281,52.4997955],[13.353150802691859,52.49966405775659]],[[13.353150802691859,52.49966405775659],[13.35341684221651,52.499607901211235]],[[13.35341684221651,52.499607901211235],[13.353516741446482,52.49958681413538]],[[13.353516741446482,52.49958681413538],[13.354578,52.4993628],[13.3617188,52.4978568],[13.3620548,52.4977916]]]},"properties":{"osmId":391385380,"osmType":"way","bridge":"viaduct","electrified":"rail","electrified:rail":"top","frequency":"0","gauge":"1435","layer":"1","level":"1","loading_gauge":"Kleinprofil","operator":"Berliner Verkehrsbetriebe","railway":"subway","voltage":"750"},"id":391385380},
{"type":"Feature","geometry":{"type":"MultiLineString","coordinates":[[[13.3623326,52.4977659],[13.3617165,52.4978859],[13.354403,52.4994234],[13.353576199990977,52.49960056825488]],[[13.353576199990977,52.49960056825488],[13.353474632757898,52.49962233227186]],[[13.353474632757898,52.49962233227186],[13.353235129523386,52.49967365347364]],[[13.353235129523386,52.49967365347364],[13.3525433,52.4998219]]]},"properties":{"osmId":391385381,"osmType":"way","bridge":"viaduct","electrified":"rail","electrified:rail":"top","frequency":"0","gauge":"1435","layer":"1","level":"1","loading_gauge":"Kleinprofil","operator":"Berliner Verkehrsbetriebe","railway":"subway","voltage":"750"},"id":391385381},
{"type":"Feature","geometry":{"type":"LineString","coordinates":[[13.307577,52.5014713],[13.3077936,52.5024355],[13.3077093,52.5032077],[13.3070979,52.5051462],[13.306416,52.5071181],[13.3062421,52.5078548],[13.3054716,52.5103511]]},"properties":{"osmId":391391722,"osmType":"way","electrified":"rail","electrified:rail":"bottom","frequency":"0","gauge":"1435","layer":"-2","level":"-2","loading_gauge":"Großprofil","name":"U7","operator":"Berliner Verkehrsbetriebe","railway":"subway","tunnel":"yes","voltage":"750"},"id":391391722},
{"type":"Feature","geometry":{"type":"MultiLineString","coordinates":[[[13.3044209,52.5114298],[13.305072082033941,52.51147075453863]],[[13.305072082033941,52.51147075453863],[13.30530649642967,52.51148549747213]],[[13.30530649642967,52.51148549747213],[13.3057581,52.5115139],[13.3059215,52.5115252]]]},"properties":{"osmId":391391723,"osmType":"way","electrified":"rail","electrified:rail":"top","frequency":"0","gauge":"1435","layer":"-1","level":"-1","loading_gauge":"Kleinprofil","operator":"Berliner Verkehrsbetriebe","railway":"subway","tunnel":"yes","voltage":"750"},"id":391391723},
{"type":"Feature","geometry":{"type":"MultiLineString","coordinates":[[[13.3059092,52.5115705],[13.305296697745428,52.51152628982066]],[[13.305296697745428,52.51152628982066],[13.305062733731903,52.51150940238732]],[[13.305062733731903,52.51150940238732],[13.3046443,52.5114792],[13.3044156,52.5114667]]]},"properties":{"osmId":391391724,"osmType":"way","electrified":"rail","electrified:rail":"top","frequency":"0","gauge":"1435","layer":"-1","level":"-1","loading_gauge":"Kleinprofil","operator":"Berliner Verkehrsbetriebe","railway":"subway","tunnel":"yes","voltage":"750"},"id":391391724},
{"type":"Feature","geometry":{"type":"MultiLineString","coordinates":[[[13.3059215,52.5115252],[13.3083894,52.5116068],[13.311544,52.5118199],[13.3136944,52.5120119]],[[13.3136944,52.5120119],[13.3172329,52.512269],[13.3203964,52.5126016],[13.3210439,52.5124676]]]},"properties":{"osmId":391391725,"osmType":"way","electrified":"rail","electrified:rail":"top","frequency":"0","gauge":"1435","layer":"-2","level":"-2","loading_gauge":"Kleinprofil","operator":"Berliner Verkehrsbetriebe","railway":"subway","tunnel":"yes","voltage":"750"},"id":391391725},
{"type":"Feature","geometry":{"type":"MultiLineString","coordinates":[[[13.3044156,52.5114667],[13.3016308,52.5112811]],[[13.3016308,52.5112811],[13.296888,52.5109564],[13.2858065,52.5102711]]]},"properties":{"osmId":391391726,"osmType":"way","electrified":"rail","electrified:rail":"top","frequency":"0","gauge":"1435","layer":"-2","level":"-1","loading_gauge":"Kleinprofil","operator":"Berliner Verkehrsbetriebe","railway":"subway","tunnel":"yes","voltage":"750"},"id":391391726},
{"type":"Feature","geometry":{"type":"MultiLineString","coordinates":[[[13.3054716,52.5103511],[13.3050876,52.5114066],[13.305072082033941,52.51147075453863]],[[13.305072082033941,52.51147075453863],[13.305062733731903,52.51150940238732]],[[13.305062733731903,52.51150940238732],[13.3050496,52.5115637],[13.3050235,52.5117031],[13.3049959,52.5119006],[13.3049935,52.5127331]]]},"properties":{"osmId":391391727,"osmType":"way","electrified":"rail","electrified:rail":"bottom","frequency":"0","gauge":"1435","layer":"-2","level":"-2","loading_gauge":"Großprofil","name":"U7","operator":"Berliner Verkehrsbetriebe","railway":"subway","tunnel":"yes","voltage":"750"},"id":391391727},
{"type":"Feature","geometry":{"type":"LineString","coordinates":[[13.3939632,52.5132968],[13.3935098,52.5131005],[13.3929459,52.5125342],[13.3923566,52.512316]]},"properties":{"osmId":391559409,"osmType":"way","detail":"track","electrified":"rail","electrified:rail":"top","frequency":"0","gauge":"1435","layer":"-2","level":"-1","loading_gauge":"Kleinprofil","operator":"Berliner Verkehrsbetriebe","railway":"subway","tunnel":"yes","voltage":"750"},"id":391559409},
{"type":"Feature","geometry":{"type":"LineString","coordinates":[[13.3939856,52.5132487],[13.3955568,52.5133073],[13.3964077,52.5131555],[13.3971318,52.5131403]]},"properties":{"osmId":391559410,"osmType":"way","detail":"track","electrified":"rail","electrified:rail":"top","frequency":"0","gauge":"1435","layer":"-2","level":"-1","loading_gauge":"Kleinprofil","operator":"Berliner Verkehrsbetriebe","railway":"subway","tunnel":"yes","voltage":"750"},"id":391559410},
{"type":"Feature","geometry":{"type":"LineString","coordinates":[[13.4029323,52.51138],[13.4015555,52.5115037],[13.4011876,52.5116217],[13.397489,52.5131353],[13.397183,52.5131941]]},"properties":{"osmId":391559412,"osmType":"way","detail":"track","electrified":"rail","electrified:rail":"top","frequency":"0","gauge":"1435","layer":"-2","level":"-1","loading_gauge":"Kleinprofil","operator":"Berliner Verkehrsbetriebe","railway":"subway","tunnel":"yes","voltage":"750"},"id":391559412},
{"type":"Feature","geometry":{"type":"LineString","coordinates":[[13.3971318,52.5131403],[13.397467,52.5130944],[13.401163,52.5115917],[13.4022705,52.5113154],[13.4029249,52.511286]]},"properties":{"osmId":391559413,"osmType":"way","detail":"track","electrified":"rail","electrified:rail":"top","frequency":"0","gauge":"1435","layer":"-2","level":"-1","loading_gauge":"Kleinprofil","operator":"Berliner Verkehrsbetriebe","railway":"subway","tunnel":"yes","voltage":"750"},"id":391559413},
{"type":"Feature","geometry":{"type":"MultiLineString","coordinates":[[[13.3154248,52.4894793],[13.3147731,52.4899667],[13.314659540233263,52.490048596098084]],[[13.314659540233263,52.490048596098084],[13.314520072435432,52.49014917633684]],[[13.314520072435432,52.49014917633684],[13.3143976,52.4902375],[13.3137228,52.4907254]]]},"properties":{"osmId":391579242,"osmType":"way","electrified":"rail","electrified:rail":"bottom","frequency":"0","gauge":"1435","layer":"-2","level":"-2","loading_gauge":"Großprofil","name":"U7","operator":"Berliner Verkehrsbetriebe","railway":"subway","tunnel":"yes","voltage":"750"},"id":391579242},
{"type":"Feature","geometry":{"type":"MultiLineString","coordinates":[[[13.3137228,52.4907254],[13.313232,52.4910913]],[[13.313232,52.4910913],[13.3102821,52.4932844],[13.3098116,52.493669]]]},"properties":{"osmId":391579243,"osmType":"way","electrified":"rail","electrified:rail":"bottom","frequency":"0","gauge":"1435","layer":"-2","level":"-2","loading_gauge":"Großprofil","name":"U7","operator":"Berliner Verkehrsbetriebe","railway":"subway","tunnel":"yes","voltage":"750"},"id":391579243},
{"type":"Feature","geometry":{"type":"MultiLineString","coordinates":[[[13.3141917,52.4893091],[13.3145379,52.4899244],[13.314659540233263,52.490048596098084]],[[13.314659540233263,52.490048596098084],[13.314780941839444,52.49017254855513]],[[13.314780941839444,52.49017254855513],[13.3147949,52.4901868],[13.3158584,52.4908344]]]},"properties":{"osmId":391579250,"osmType":"way","electrified":"rail","electrified:rail":"top","frequency":"0","gauge":"1435","layer":"-1","level":"-1","loading_gauge":"Kleinprofil","maxspeed":"60","name":"U3","note":"TODO: check where exactly it goes underground","operator":"Berliner Verkehrsbetriebe","railway":"subway","ref":"U3","tunnel":"yes","usage":"main","voltage":"750"},"id":391579250},
{"type":"Feature","geometry":{"type":"LineString","coordinates":[[13.3136767,52.4838163],[13.3139652,52.488112],[13.3141917,52.4893091]]},"properties":{"osmId":391579251,"osmType":"way","electrified":"rail","electrified:rail":"top","frequency":"0","gauge":"1435","layer":"-1","level":"-1","loading_gauge":"Kleinprofil","maxspeed":"60","name":"U3","note":"TODO: check where exactly it goes underground","operator":"Berliner Verkehrsbetriebe","railway":"subway","ref":"U3","tunnel":"yes","usage":"main","voltage":"750"},"id":391579251},
{"type":"Feature","geometry":{"type":"LineString","coordinates":[[13.3821682,52.5520438],[13.3805068,52.5526528]]},"properties":{"osmId":391590318,"osmType":"way","electrified":"rail","electrified:rail":"bottom","frequency":"0","gauge":"1435","layer":"-2","level":"-2","loading_gauge":"Großprofil","name":"U8","operator":"Berliner Verkehrsbetriebe","railway":"subway","tunnel":"yes","voltage":"750"},"id":391590318},
{"type":"Feature","geometry":{"type":"LineString","coordinates":[[13.3820697,52.5519492],[13.3830135,52.5515291],[13.3857427,52.5499112],[13.3871421,52.5493657]]},"properties":{"osmId":391590319,"osmType":"way","electrified":"rail","electrified:rail":"bottom","frequency":"0","gauge":"1435","layer":"-2","level":"-2","loading_gauge":"Großprofil","name":"U8","operator":"Berliner Verkehrsbetriebe","railway":"subway","tunnel":"yes","voltage":"750"},"id":391590319},
{"type":"Feature","geometry":{"type":"LineString","coordinates":[[13.5256152,52.4950748],[13.5250404,52.4952909],[13.5242511,52.4958791],[13.5226772,52.4983911],[13.5217965,52.4996445]]},"properties":{"osmId":391866692,"osmType":"way","detail":"track","electrified":"rail","electrified:rail":"bottom","frequency":"0","gauge":"1435","layer":"-2","level":"-2","loading_gauge":"Großprofil","maxspeed":"70","operator":"Berliner Verkehrsbetriebe","passenger_lines":"2","railway":"subway","tunnel":"yes","voltage":"750","workrules":"DE:BOStrab"},"id":391866692},
{"type":"Feature","geometry":{"type":"LineString","coordinates":[[13.3421603,52.5170083],[13.3422132,52.5162122],[13.342058,52.5154949],[13.3416567,52.5146216],[13.3409951,52.5137158],[13.3403788,52.5131006],[13.3396128,52.5125118],[13.3389124,52.5120862],[13.3362535,52.5106519],[13.335596,52.5102617],[13.334926,52.5096932],[13.3341589,52.5087972]]},"properties":{"osmId":392577192,"osmType":"way","electrified":"rail","electrified:rail":"bottom","frequency":"0","gauge":"1435","layer":"-1","level":"-2","loading_gauge":"Großprofil","name":"Linie G","operator":"Berliner Verkehrsbetriebe","railway":"subway","source":"Geoportal Berlin / K5","tunnel":"yes","voltage":"750"},"id":392577192},
{"type":"Feature","geometry":{"type":"LineString","coordinates":[[13.3423159,52.517014],[13.3420091,52.5186099]]},"properties":{"osmId":392577193,"osmType":"way","electrified":"rail","electrified:rail":"bottom","frequency":"0","gauge":"1435","layer":"-1","level":"-1","loading_gauge":"Großprofil","name":"Linie G","operator":"Berliner Verkehrsbetriebe","railway":"subway","source":"Geoportal Berlin / K5","tunnel":"yes","voltage":"750"},"id":392577193},
{"type":"Feature","geometry":{"type":"MultiLineString","coordinates":[[[13.3413034,52.5314036],[13.341321,52.5273953]],[[13.341321,52.5273953],[13.3412819,52.5265939],[13.3409376,52.5245573],[13.3409215,52.5238687],[13.3411898,52.522111],[13.3418065,52.5190258],[13.3418486,52.518606]]]},"properties":{"osmId":392577194,"osmType":"way","electrified":"rail","electrified:rail":"bottom","frequency":"0","gauge":"1435","layer":"-1","level":"-2","loading_gauge":"Großprofil","name":"U9","operator":"Berliner Verkehrsbetriebe","railway":"subway","source":"Geoportal Berlin / K5","tunnel":"yes","voltage":"750"},"id":392577194},
{"type":"Feature","geometry":{"type":"MultiLineString","coordinates":[[[13.3049935,52.5127331],[13.3051884,52.5134426],[13.3054529,52.5139557],[13.3062473,52.5150966],[13.3064537,52.5155106],[13.3065515,52.5161578],[13.3064094,52.5174942]],[[13.3064094,52.5174942],[13.3062962,52.5185468]],[[13.3062962,52.5185468],[13.3062726,52.5190306],[13.3065216,52.520418],[13.3064501,52.5213185],[13.305978,52.5227072],[13.3060093,52.5242505],[13.3057733,52.5251375],[13.3053379,52.5257331],[13.3042918,52.5266005],[13.3030313,52.527412],[13.3022169,52.5280411],[13.3017748,52.5285087],[13.3014211,52.5290219],[13.3010675,52.5296274],[13.3009418,52.5298881]]]},"properties":{"osmId":392591721,"osmType":"way","electrified":"rail","electrified:rail":"bottom","frequency":"0","gauge":"1435","layer":"-2","level":"-2","loading_gauge":"Großprofil","maxspeed":"70","name":"U7","operator":"Berliner Verkehrsbetriebe","railway":"subway","tunnel":"yes","voltage":"750","workrules":"DE:EBO"},"id":392591721},
{"type":"Feature","geometry":{"type":"LineString","coordinates":[[13.2974666,52.5357263],[13.2968963,52.5358649],[13.2958494,52.5360378],[13.29446,52.5362193],[13.2906805,52.5365973],[13.2887466,52.5366964],[13.2843814,52.5366537],[13.2828793,52.5367108]]},"properties":{"osmId":392591722,"osmType":"way","electrified":"rail","electrified:rail":"bottom","frequency":"0","gauge":"1435","layer":"-2","level":"-1","loading_gauge":"Großprofil","name":"U7","operator":"Berliner Verkehrsbetriebe","railway":"subway","tunnel":"yes","voltage":"750","workrules":"DE:EBO"},"id":392591722},
{"type":"Feature","geometry":{"type":"LineString","coordinates":[[13.2975154,52.5356817],[13.2964415,52.5359248],[13.2955445,52.5360363],[13.2944358,52.5361094],[13.2925475,52.5363054]]},"properties":{"osmId":392591723,"osmType":"way","electrified":"rail","electrified:rail":"bottom","frequency":"0","gauge":"1435","layer":"-2","level":"-1","loading_gauge":"Großprofil","name":"U7","operator":"Berliner Verkehrsbetriebe","railway":"subway","tunnel":"yes","voltage":"750","workrules":"DE:EBO"},"id":392591723},
{"type":"Feature","geometry":{"type":"MultiLineString","coordinates":[[[13.4529859,52.429835],[13.4521569,52.4304279],[13.4508245,52.4318843],[13.4500315,52.4331115],[13.44967331080814,52.43388459324261]],[[13.44967331080814,52.43388459324261],[13.4496513,52.4339321],[13.4493982,52.4345328],[13.4488209,52.4362255]],[[13.4488209,52.4362255],[13.4484976,52.4373027],[13.4478094,52.4389105]]]},"properties":{"osmId":392602880,"osmType":"way","electrified":"rail","electrified:rail":"bottom","frequency":"0","gauge":"1435","layer":"-1","level":"-1","loading_gauge":"Großprofil","name":"U7","operator":"Berliner Verkehrsbetriebe","railway":"subway","railway:preferred_direction":"forward","tunnel":"yes","voltage":"750"},"id":392602880},
{"type":"Feature","geometry":{"type":"LineString","coordinates":[[13.4554882,52.4277596],[13.4541316,52.4287938],[13.4529859,52.429835]]},"properties":{"osmId":392602883,"osmType":"way","electrified":"rail","electrified:rail":"bottom","frequency":"0","gauge":"1435","layer":"-1","level":"-1","loading_gauge":"Großprofil","name":"U7","operator":"Berliner Verkehrsbetriebe","railway":"subway","tunnel":"yes","voltage":"750"},"id":392602883},
{"type":"Feature","geometry":{"type":"LineString","coordinates":[[13.4552319,52.4276369],[13.4538805,52.4286898],[13.4527136,52.4297433]]},"properties":{"osmId":392602887,"osmType":"way","electrified":"rail","electrified:rail":"bottom","frequency":"0","gauge":"1435","layer":"-1","level":"-1","loading_gauge":"Großprofil","name":"U7","operator":"Berliner Verkehrsbetriebe","railway":"subway","tunnel":"yes","voltage":"750"},"id":392602887},
{"type":"Feature","geometry":{"type":"LineString","coordinates":[[13.4612593,52.4250851],[13.4591672,52.4258296],[13.4569754,52.4269231],[13.4552319,52.4276369]]},"properties":{"osmId":392602893,"osmType":"way","electrified":"rail","electrified:rail":"bottom","frequency":"0","gauge":"1435","layer":"-1","level":"-1","loading_gauge":"Großprofil","name":"U7","operator":"Berliner Verkehrsbetriebe","railway":"subway","tunnel":"yes","voltage":"750"},"id":392602893},
{"type":"Feature","geometry":{"type":"LineString","coordinates":[[13.4632448,52.4244037],[13.4627234,52.4245831]]},"properties":{"osmId":392621996,"osmType":"way","electrified":"rail","electrified:rail":"bottom","frequency":"0","gauge":"1435","layer":"-1","level":"-1","loading_gauge":"Großprofil","name":"U7","operator":"Berliner Verkehrsbetriebe","railway":"subway","tunnel":"yes","voltage":"750"},"id":392621996},
{"type":"Feature","geometry":{"type":"LineString","coordinates":[[13.4632009,52.4245207],[13.4613517,52.4251569]]},"properties":{"osmId":392621997,"osmType":"way","electrified":"rail","electrified:rail":"bottom","frequency":"0","gauge":"1435","layer":"-1","level":"-1","loading_gauge":"Großprofil","name":"U7","operator":"Berliner Verkehrsbetriebe","railway":"subway","tunnel":"yes","voltage":"750"},"id":392621997},
{"type":"Feature","geometry":{"type":"LineString","coordinates":[[13.4613517,52.4251569],[13.4593727,52.4259329],[13.4572503,52.4270617],[13.4554882,52.4277596]]},"properties":{"osmId":392621998,"osmType":"way","electrified":"rail","electrified:rail":"bottom","frequency":"0","gauge":"1435","layer":"-1","level":"-1","loading_gauge":"Großprofil","name":"U7","operator":"Berliner Verkehrsbetriebe","railway":"subway","tunnel":"yes","voltage":"750"},"id":392621998},
{"type":"Feature","geometry":{"type":"LineString","coordinates":[[13.4627234,52.4245831],[13.4612593,52.4250851]]},"properties":{"osmId":392622013,"osmType":"way","electrified":"rail","electrified:rail":"bottom","frequency":"0","gauge":"1435","layer":"-1","level":"-1","loading_gauge":"Großprofil","name":"U7","operator":"Berliner Verkehrsbetriebe","railway":"subway","tunnel":"yes","voltage":"750"},"id":392622013},
{"type":"Feature","geometry":{"type":"LineString","coordinates":[[13.3413622,52.5328263],[13.3413063,52.5336675],[13.3415944,52.5347629]]},"properties":{"osmId":392733176,"osmType":"way","electrified":"rail","electrified:rail":"bottom","frequency":"0","gauge":"1435","layer":"-1","level":"-2","loading_gauge":"Großprofil","name":"U9","operator":"Berliner Verkehrsbetriebe","railway":"subway","source":"Geoportal Berlin / K5","tunnel":"yes","voltage":"750"},"id":392733176},
{"type":"Feature","geometry":{"type":"LineString","coordinates":[[13.3413682,52.5314165],[13.3413622,52.5328263]]},"properties":{"osmId":392733177,"osmType":"way","electrified":"rail","frequency":"0","gauge":"1435","layer":"-1","level":"-2","loading_gauge":"Großprofil","name":"U9","operator":"Berliner Verkehrsbetriebe","railway":"subway","source":"Geoportal Berlin / K5","tunnel":"yes","voltage":"750"},"id":392733177},
{"type":"Feature","geometry":{"type":"LineString","coordinates":[[13.3412387,52.5328167],[13.3413034,52.5314036]]},"properties":{"osmId":392733178,"osmType":"way","electrified":"rail","electrified:rail":"bottom","frequency":"0","gauge":"1435","layer":"-1","level":"-2","loading_gauge":"Großprofil","name":"U9","operator":"Berliner Verkehrsbetriebe","railway":"subway","source":"Geoportal Berlin / K5","tunnel":"yes","voltage":"750"},"id":392733178},
{"type":"Feature","geometry":{"type":"LineString","coordinates":[[13.4488406,52.4530522],[13.4482863,52.4550304],[13.4483209,52.4559819],[13.448502,52.4565721],[13.4485332,52.4574327]]},"properties":{"osmId":392754074,"osmType":"way","electrified":"rail","electrified:rail":"bottom","frequency":"0","gauge":"1435","layer":"-1","level":"-1","loading_gauge":"Großprofil","name":"U7","operator":"Berliner Verkehrsbetriebe","railway":"subway","tunnel":"yes","voltage":"750"},"id":392754074},
{"type":"Feature","geometry":{"type":"LineString","coordinates":[[13.4497935,52.4501541],[13.4491066,52.4526871],[13.4489265,52.453069]]},"properties":{"osmId":392754077,"osmType":"way","electrified":"rail","frequency":"0","gauge":"1435","layer":"-1","level":"-1","loading_gauge":"Großprofil","name":"U7","operator":"Berliner Verkehrsbetriebe","railway":"subway","tunnel":"yes","voltage":"750"},"id":392754077},
{"type":"Feature","geometry":{"type":"LineString","coordinates":[[13.4493534,52.4512369],[13.4488406,52.4530522]]},"properties":{"osmId":392754078,"osmType":"way","electrified":"rail","electrified:rail":"bottom","frequency":"0","gauge":"1435","layer":"-1","level":"-1","loading_gauge":"Großprofil","name":"U7","operator":"Berliner Verkehrsbetriebe","railway":"subway","tunnel":"yes","voltage":"750"},"id":392754078},
{"type":"Feature","geometry":{"type":"LineString","coordinates":[[13.3215914,52.4863441],[13.3209863,52.4864163],[13.3200424,52.486693],[13.3195131,52.4869734]]},"properties":{"osmId":392773514,"osmType":"way","electrified":"rail","electrified:rail":"bottom","frequency":"0","gauge":"1435","layer":"-2","level":"-2","loading_gauge":"Großprofil","name":"U7","operator":"Berliner Verkehrsbetriebe","railway":"subway","tunnel":"yes","voltage":"750"},"id":392773514},
{"type":"Feature","geometry":{"type":"MultiLineString","coordinates":[[[13.3213312,52.486486],[13.3207717,52.4865536],[13.319932,52.4868268],[13.3165801,52.4887709],[13.3157325,52.4893477],[13.3149339,52.4900475],[13.314780941839444,52.49017254855513]],[[13.314780941839444,52.49017254855513],[13.314651960242715,52.49027799544499]],[[13.314651960242715,52.49027799544499],[13.3145267,52.4903804],[13.3139135,52.4908189]],[[13.3139135,52.4908189],[13.3134193,52.4911722]],[[13.3134193,52.4911722],[13.3106662,52.4931982],[13.3095684,52.4941343]]]},"properties":{"osmId":392773515,"osmType":"way","electrified":"rail","electrified:rail":"bottom","frequency":"0","gauge":"1435","layer":"-2","level":"-2","loading_gauge":"Großprofil","name":"U7","operator":"Berliner Verkehrsbetriebe","railway":"subway","tunnel":"yes","voltage":"750"},"id":392773515},
{"type":"Feature","geometry":{"type":"LineString","coordinates":[[13.3195131,52.4869734],[13.3163924,52.4888043],[13.3154248,52.4894793]]},"properties":{"osmId":392773516,"osmType":"way","electrified":"rail","electrified:rail":"bottom","frequency":"0","gauge":"1435","layer":"-2","level":"-2","loading_gauge":"Großprofil","name":"U7","operator":"Berliner Verkehrsbetriebe","railway":"subway","tunnel":"yes","voltage":"750"},"id":392773516},
{"type":"Feature","geometry":{"type":"LineString","coordinates":[[13.3102002,52.4677171],[13.3106903,52.4680948],[13.3125558,52.4698396],[13.313223,52.4705657],[13.3140439,52.471696],[13.3144238,52.472512],[13.3145175,52.4742306],[13.314139,52.4756244],[13.3134173,52.4771595],[13.3126114,52.4784923],[13.312512,52.4789098]]},"properties":{"osmId":392799678,"osmType":"way","electrified":"rail","electrified:rail":"top","frequency":"0","gauge":"1435","layer":"-1","level":"-1","loading_gauge":"Kleinprofil","maxspeed":"60","name":"U3","operator":"Berliner Verkehrsbetriebe","railway":"subway","tunnel":"yes","usage":"main","voltage":"750"},"id":392799678},
{"type":"Feature","geometry":{"type":"LineString","coordinates":[[13.3100504,52.4677838],[13.3076019,52.4663696]]},"properties":{"osmId":392799679,"osmType":"way","electrified":"rail","frequency":"0","gauge":"1435","layer":"-1","level":"-1","loading_gauge":"Kleinprofil","maxspeed":"60","name":"U3","operator":"Berliner Verkehrsbetriebe","railway":"subway","tunnel":"yes","usage":"main","voltage":"750"},"id":392799679},
{"type":"Feature","geometry":{"type":"LineString","coordinates":[[13.3076465,52.4663452],[13.3080439,52.4665079],[13.3102002,52.4677171]]},"properties":{"osmId":392799680,"osmType":"way","electrified":"rail","electrified:rail":"top","frequency":"0","gauge":"1435","layer":"-1","level":"-1","loading_gauge":"Kleinprofil","maxspeed":"60","name":"U3","operator":"Berliner Verkehrsbetriebe","railway":"subway","tunnel":"yes","usage":"main","voltage":"750"},"id":392799680},
{"type":"Feature","geometry":{"type":"MultiLineString","coordinates":[[[13.3287661,52.479967],[13.3287889,52.4803318],[13.3291603,52.4811417],[13.3306271,52.4831592],[13.3309913,52.4838421],[13.3312359,52.4849886],[13.3312082,52.4867323],[13.331187505366316,52.4872690534463]],[[13.331187505366316,52.4872690534463],[13.331182565383859,52.487397180991266]],[[13.331182565383859,52.487397180991266],[13.3311797,52.4874715],[13.3311592,52.4879959],[13.331146,52.4883744]]]},"properties":{"osmId":394374234,"osmType":"way","electrified":"rail","electrified:rail":"bottom","frequency":"0","gauge":"1435","layer":"-2","level":"-2","loading_gauge":"Großprofil","operator":"Berliner Verkehrsbetriebe","railway":"subway","tunnel":"yes","voltage":"750"},"id":394374234},
{"type":"Feature","geometry":{"type":"MultiLineString","coordinates":[[[13.332463,52.4875028],[13.3319983,52.4873998],[13.3316065,52.4873366],[13.331187505366316,52.4872690534463]],[[13.331187505366316,52.4872690534463],[13.330815079909062,52.487209014357184]],[[13.330815079909062,52.487209014357184],[13.3300607,52.4870874]],[[13.3300607,52.4870874],[13.3287275,52.4868706]]]},"properties":{"osmId":394374244,"osmType":"way","electrified":"rail","electrified:rail":"bottom","frequency":"0","gauge":"1435","layer":"-3","level":"-3","loading_gauge":"Großprofil","name":"U7","operator":"Berliner Verkehrsbetriebe","railway":"subway","tunnel":"yes","voltage":"750"},"id":394374244},
{"type":"Feature","geometry":{"type":"MultiLineString","coordinates":[[[13.3822603,52.4987387],[13.3805311,52.4986709],[13.3796382,52.4985688],[13.3787367,52.4983552],[13.3778239,52.4979666],[13.3771534,52.4975486],[13.3768043,52.4972281],[13.3764671,52.4967704],[13.3760312,52.4953301],[13.3754713,52.4945126],[13.3747738,52.4940318],[13.3734017,52.4933994],[13.371869,52.4930749],[13.3696336,52.4929988],[13.3689356,52.492877],[13.367965,52.4924914],[13.3667877,52.4916191],[13.3654729,52.4909533],[13.3646804,52.4907548],[13.3621126,52.4904343],[13.3612861,52.4903933],[13.3594289,52.490468],[13.3580077,52.4904071],[13.3491148,52.4895008],[13.3479026,52.4893505],[13.3434821,52.4889101],[13.3422968,52.4888181],[13.3409909,52.4886909],[13.3406982,52.4886615],[13.340329297242631,52.4886267152884]],[[13.340329297242631,52.4886267152884],[13.340146804527487,52.48860950761961]],[[13.340146804527487,52.48860950761961],[13.3401393,52.4886088],[13.335846,52.4881415],[13.3324128,52.4875685]]]},"properties":{"osmId":394374247,"osmType":"way","electrified":"rail","frequency":"0","gauge":"1435","layer":"-2","level":"-2","loading_gauge":"Großprofil","name":"U7","operator":"Berliner Verkehrsbetriebe","railway":"subway","tunnel":"yes","voltage":"750"},"id":394374247},
{"type":"Feature","geometry":{"type":"LineString","coordinates":[[13.3287275,52.4868706],[13.3268266,52.4865167],[13.325663,52.4864472],[13.324544,52.4864529],[13.3222643,52.4863244],[13.3215914,52.4863441]]},"properties":{"osmId":394374253,"osmType":"way","electrified":"rail","electrified:rail":"bottom","frequency":"0","gauge":"1435","layer":"-2","level":"-3","loading_gauge":"Großprofil","name":"U7","operator":"Berliner Verkehrsbetriebe","railway":"subway","tunnel":"yes","voltage":"750"},"id":394374253},
{"type":"Feature","geometry":{"type":"LineString","coordinates":[[13.2898977,52.4576925],[13.2889428,52.4565927]]},"properties":{"osmId":394563357,"osmType":"way","cutting":"yes","electrified":"rail","electrified:rail":"top","frequency":"0","gauge":"1435","layer":"-1","level":"-1","loading_gauge":"Kleinprofil","maxspeed":"60","name":"U3","operator":"Berliner Verkehrsbetriebe","railway":"subway","tunnel":"no","usage":"main","voltage":"750"},"id":394563357},
{"type":"Feature","geometry":{"type":"LineString","coordinates":[[13.5739567,52.5126142],[13.5751654,52.512596]]},"properties":{"osmId":396007082,"osmType":"way","detail":"track","electrified":"rail","electrified:rail":"bottom","frequency":"0","gauge":"1435","layer":"-1","level":"1","loading_gauge":"Großprofil","maxspeed":"60","operator":"Berliner Verkehrsbetriebe","passenger_lines":"2","railway":"subway","voltage":"750","workrules":"DE:BOStrab"},"id":396007082},
{"type":"Feature","geometry":{"type":"LineString","coordinates":[[13.5751654,52.512596],[13.5763601,52.5125757]]},"properties":{"osmId":396007084,"osmType":"way","detail":"track","electrified":"rail","electrified:rail":"bottom","frequency":"0","gauge":"1435","layer":"-1","level":"1","loading_gauge":"Großprofil","maxspeed":"60","operator":"Berliner Verkehrsbetriebe","passenger_lines":"2","railway":"subway","railway:track_ref":"2","voltage":"750","workrules":"DE:BOStrab"},"id":396007084},
{"type":"Feature","geometry":{"type":"LineString","coordinates":[[13.5765949,52.512614],[13.57636,52.5126173]]},"properties":{"osmId":396007086,"osmType":"way","description":"U Wuhletal, Gleis","detail":"track","electrified":"rail","electrified:rail":"bottom","frequency":"0","gauge":"1435","layer":"-1","level":"1","loading_gauge":"Großprofil","maxspeed":"60","operator":"Berliner Verkehrsbetriebe","passenger_lines":"2","railway":"subway","voltage":"750","workrules":"DE:BOStrab"},"id":396007086},
{"type":"Feature","geometry":{"type":"LineString","coordinates":[[13.5740731,52.5126493],[13.5735722,52.5126509]]},"properties":{"osmId":396007087,"osmType":"way","detail":"track","electrified":"rail","electrified:rail":"bottom","frequency":"0","gauge":"1435","level":"1","loading_gauge":"Großprofil","maxspeed":"60","operator":"Berliner Verkehrsbetriebe","passenger_lines":"2","railway":"subway","voltage":"750","workrules":"DE:BOStrab"},"id":396007087},
{"type":"Feature","geometry":{"type":"LineString","coordinates":[[13.5000425,52.5108022],[13.498957,52.5111022],[13.4968975,52.5114737]]},"properties":{"osmId":396744561,"osmType":"way","electrified":"rail","electrified:rail":"bottom","frequency":"0","gauge":"1435","layer":"-2","level":"-2","loading_gauge":"Großprofil","maxspeed":"70","operator":"Berliner Verkehrsbetriebe","railway":"subway","tunnel":"yes","voltage":"750"},"id":396744561},
{"type":"Feature","geometry":{"type":"LineString","coordinates":[[13.4968604,52.5114026],[13.499605,52.5108692],[13.5000112,52.5107604]]},"properties":{"osmId":396744562,"osmType":"way","electrified":"rail","electrified:rail":"bottom","frequency":"0","gauge":"1435","layer":"-2","level":"-2","loading_gauge":"Großprofil","maxspeed":"70","operator":"Berliner Verkehrsbetriebe","railway":"subway","tunnel":"yes","voltage":"750"},"id":396744562},
{"type":"Feature","geometry":{"type":"MultiLineString","coordinates":[[[13.331146,52.4883744],[13.3311221,52.4912108]],[[13.3311221,52.4912108],[13.3310106,52.4954663],[13.3309597,52.4959072],[13.330959540228523,52.49590849766934]],[[13.330959540228523,52.49590849766934],[13.330936844816327,52.49609283057654]],[[13.330936844816327,52.49609283057654],[13.3309007,52.4963864],[13.3308283,52.498599],[13.3308947,52.500015],[13.3315005,52.5038023]]]},"properties":{"osmId":416531418,"osmType":"way","electrified":"rail","electrified:rail":"bottom","frequency":"0","gauge":"1435","layer":"-1","level":"-2","loading_gauge":"Großprofil","operator":"Berliner Verkehrsbetriebe","railway":"subway","tunnel":"yes","voltage":"750"},"id":416531418},
{"type":"Feature","geometry":{"type":"LineString","coordinates":[[13.5161962,52.503019],[13.5155253,52.5035209]]},"properties":{"osmId":416763073,"osmType":"way","electrified":"rail","frequency":"0","gauge":"1435","loading_gauge":"Großprofil","operator":"Berliner Verkehrsbetriebe","railway":"subway","service":"yard","voltage":"750"},"id":416763073},
{"type":"Feature","geometry":{"type":"MultiLineString","coordinates":[[[13.515861,52.5035419],[13.515696623529324,52.503650069227085]],[[13.515696623529324,52.503650069227085],[13.5155706,52.503733]]]},"properties":{"osmId":416763075,"osmType":"way","electrified":"rail","electrified:rail":"bottom","gauge":"1435","loading_gauge":"Großprofil","operator":"Berliner Verkehrsbetriebe","railway":"subway","service":"yard"},"id":416763075},
{"type":"Feature","geometry":{"type":"LineString","coordinates":[[13.5157951,52.5035296],[13.516004,52.5032619]]},"properties":{"osmId":416763079,"osmType":"way","electrified":"rail","frequency":"0","gauge":"1435","loading_gauge":"Großprofil","operator":"Berliner Verkehrsbetriebe","railway":"subway","service":"yard","voltage":"750"},"id":416763079},
{"type":"Feature","geometry":{"type":"MultiLineString","coordinates":[[[13.5137596,52.5051858],[13.5140968,52.5049926]],[[13.5140968,52.5049926],[13.5142291,52.5048346]]]},"properties":{"osmId":416763082,"osmType":"way","electrified":"rail","electrified:rail":"bottom","frequency":"0","gauge":"1435","layer":"-1","level":"-1","loading_gauge":"Großprofil","operator":"Berliner Verkehrsbetriebe","railway":"subway","service":"yard","tunnel":"yes","voltage":"750"},"id":416763082},
{"type":"Feature","geometry":{"type":"LineString","coordinates":[[13.5162182,52.5030592],[13.5163734,52.5028242]]},"properties":{"osmId":416763087,"osmType":"way","electrified":"rail","frequency":"0","gauge":"1435","loading_gauge":"Großprofil","operator":"Berliner Verkehrsbetriebe","railway":"subway","service":"yard","voltage":"750"},"id":416763087},
{"type":"Feature","geometry":{"type":"MultiLineString","coordinates":[[[13.5161962,52.503019],[13.51577943205809,52.50341013634335]],[[13.51577943205809,52.50341013634335],[13.5157458,52.5034417],[13.5155603,52.5036143]],[[13.5155603,52.5036143],[13.515264,52.5038899]]]},"properties":{"osmId":416763091,"osmType":"way","electrified":"rail","frequency":"0","gauge":"1435","loading_gauge":"Großprofil","operator":"Berliner Verkehrsbetriebe","railway":"subway","service":"yard","voltage":"750"},"id":416763091},
{"type":"Feature","geometry":{"type":"LineString","coordinates":[[13.5174306,52.5011765],[13.5180047,52.5008448]]},"properties":{"osmId":416763096,"osmType":"way","electrified":"rail","electrified:rail":"bottom","gauge":"1435","loading_gauge":"Großprofil","operator":"Berliner Verkehrsbetriebe","railway":"subway","service":"yard"},"id":416763096},
{"type":"Feature","geometry":{"type":"MultiLineString","coordinates":[[[13.5155642,52.5036694],[13.515264,52.5038899]],[[13.515264,52.5038899],[13.5142291,52.5048346]]]},"properties":{"osmId":416763101,"osmType":"way","electrified":"rail","frequency":"0","gauge":"1435","loading_gauge":"Großprofil","operator":"Berliner Verkehrsbetriebe","railway":"subway","service":"yard","voltage":"750"},"id":416763101},
{"type":"Feature","geometry":{"type":"LineString","coordinates":[[13.5490012,52.500308],[13.5479135,52.5000542]]},"properties":{"osmId":418365151,"osmType":"way","detail":"track","electrified":"rail","electrified:rail":"bottom","frequency":"0","gauge":"1435","loading_gauge":"Großprofil","operator":"Berliner Verkehrsbetriebe","railway":"subway","service":"crossover","voltage":"750","workrules":"DE:BOStrab"},"id":418365151},
{"type":"Feature","geometry":{"type":"LineString","coordinates":[[13.341814,52.4833909],[13.3420225,52.482805]]},"properties":{"osmId":420900704,"osmType":"way","electrified":"rail","electrified:rail":"top","frequency":"0","gauge":"1435","layer":"-1","level":"-1","loading_gauge":"Kleinprofil","name":"U4","operator":"Berliner Verkehrsbetriebe","railway":"subway","tunnel":"building_passage","voltage":"750"},"id":420900704},
{"type":"Feature","geometry":{"type":"MultiLineString","coordinates":[[[13.3728474,52.5206367],[13.3719613,52.5220185],[13.3713551,52.5234363]],[[13.3713551,52.5234363],[13.3709832,52.524229]],[[13.3709832,52.524229],[13.370609,52.524799]]]},"properties":{"osmId":421618229,"osmType":"way","electrified":"rail","electrified:rail":"bottom","frequency":"0","gauge":"1435","layer":"-3","level":"-2","loading_gauge":"Großprofil","maxspeed":"70","maxspeed:note":"Kein Limit - Maximalgeschwindigkeit der eingesetzten Fahrzeuge","operator":"Berliner Verkehrsbetriebe","passenger_lines":"1","railway":"subway","ref":"C","start_date":"2009-08-09","tunnel":"yes","voltage":"750","workrules":"DE:BOStrab"},"id":421618229},
{"type":"Feature","geometry":{"type":"LineString","coordinates":[[13.3820808,52.5167261],[13.3814226,52.5166806]]},"properties":{"osmId":421618230,"osmType":"way","electrified":"rail","electrified:rail":"bottom","frequency":"0","gauge":"1435","layer":"-3","level":"-3","loading_gauge":"Großprofil","maxspeed:backward":"15","maxspeed:forward":"70","maxspeed:forward:note":"Kein Limit - Maximalgeschwindigkeit der eingesetzten Fahrzeuge","operator":"Berliner Verkehrsbetriebe","passenger_lines":"1","railway":"subway","railway:track_ref":"1","ref":"C","start_date":"2009-08-09","tunnel":"yes","voltage":"750","workrules":"DE:BOStrab"},"id":421618230},
{"type":"Feature","geometry":{"type":"LineString","coordinates":[[13.370609,52.524799],[13.3702857,52.5252589]]},"properties":{"osmId":421618231,"osmType":"way","electrified":"rail","electrified:rail":"bottom","frequency":"0","gauge":"1435","layer":"-2","level":"-2","loading_gauge":"Großprofil","maxspeed":"70","maxspeed:note":"Kein Limit - Maximalgeschwindigkeit der eingesetzten Fahrzeuge","operator":"Berliner Verkehrsbetriebe","passenger_lines":"1","railway":"subway","railway:track_ref":"1","ref":"C","start_date":"2009-08-09","tunnel":"yes","voltage":"750","workrules":"DE:BOStrab"},"id":421618231},
{"type":"Feature","geometry":{"type":"LineString","coordinates":[[13.3726096,52.5205913],[13.3730503,52.5196945]]},"properties":{"osmId":421618232,"osmType":"way","electrified":"rail","electrified:rail":"bottom","frequency":"0","gauge":"1435","layer":"-3","level":"-2","loading_gauge":"Großprofil","maxspeed":"70","operator":"Berliner Verkehrsbetriebe","railway":"subway","railway:track_ref":"2","ref":"C","start_date":"2020-12-04","tunnel":"yes","voltage":"750","workrules":"DE:BOStrab"},"id":421618232},
{"type":"Feature","geometry":{"type":"LineString","coordinates":[[13.3696001,52.5258337],[13.3700843,52.5251423]]},"properties":{"osmId":421618233,"osmType":"way","electrified":"rail","electrified:rail":"bottom","frequency":"0","gauge":"1435","layer":"-2","level":"-2","loading_gauge":"Großprofil","maxspeed":"70","operator":"Berliner Verkehrsbetriebe","railway":"subway","railway:track_ref":"2","ref":"C","tunnel":"yes","voltage":"750"},"id":421618233},
{"type":"Feature","geometry":{"type":"LineString","coordinates":[[13.3811634,52.516664],[13.3803754,52.5166316]]},"properties":{"osmId":421618234,"osmType":"way","electrified":"rail","electrified:rail":"bottom","frequency":"0","gauge":"1435","layer":"-3","level":"-3","loading_gauge":"Großprofil","maxspeed":"70","maxspeed:note":"Kein Limit - Maximalgeschwindigkeit der eingesetzten Fahrzeuge","operator":"Berliner Verkehrsbetriebe","passenger_lines":"1","railway":"subway","railway:track_ref":"1","ref":"C","start_date":"2009-08-09","tunnel":"yes","voltage":"750","workrules":"DE:BOStrab"},"id":421618234},
{"type":"Feature","geometry":{"type":"LineString","coordinates":[[13.3732924,52.5197345],[13.3728474,52.5206367]]},"properties":{"osmId":421618235,"osmType":"way","electrified":"rail","electrified:rail":"bottom","frequency":"0","gauge":"1435","layer":"-3","level":"-2","loading_gauge":"Großprofil","maxspeed":"70","maxspeed:note":"Kein Limit - Maximalgeschwindigkeit der eingesetzten Fahrzeuge","operator":"Berliner Verkehrsbetriebe","passenger_lines":"1","railway":"subway","railway:track_ref":"1","ref":"C","start_date":"2009-08-09","tunnel":"yes","voltage":"750","workrules":"DE:BOStrab"},"id":421618235},
{"type":"Feature","geometry":{"type":"LineString","coordinates":[[13.3805523,52.5165117],[13.3825012,52.5166311]]},"properties":{"osmId":421618236,"osmType":"way","electrified":"rail","electrified:rail":"bottom","frequency":"0","gauge":"1435","layer":"-3","level":"-3","loading_gauge":"Großprofil","maxspeed":"70","railway":"subway","railway:track_ref":"2","ref":"C","start_date":"2020-12-04","tunnel":"yes","voltage":"750","workrules":"DE:BOStrab"},"id":421618236},
{"type":"Feature","geometry":{"type":"MultiLineString","coordinates":[[[13.3703803,52.5247387],[13.3706799,52.5242696]],[[13.3706799,52.5242696],[13.371217,52.5234012]],[[13.371217,52.5234012],[13.3726096,52.5205913]]]},"properties":{"osmId":421618237,"osmType":"way","electrified":"rail","electrified:rail":"bottom","frequency":"0","gauge":"1435","layer":"-3","level":"-2","loading_gauge":"Großprofil","maxspeed":"70","operator":"Berliner Verkehrsbetriebe","railway":"subway","ref":"C","tunnel":"yes","voltage":"750"},"id":421618237},
{"type":"Feature","geometry":{"type":"LineString","coordinates":[[13.369308,52.5262507],[13.3696001,52.5258337]]},"properties":{"osmId":421618248,"osmType":"way","disused":"yes","disused:railway":"subway","electrified":"rail","electrified:rail":"bottom","frequency":"0","gauge":"1435","layer":"-2","level":"-2","loading_gauge":"Großprofil","maxspeed":"70","note":"Zweites Gleis noch nicht in Betrieb, Bahnsteige mit Zäunen gesperrt","operator":"Berliner Verkehrsbetriebe","railway":"subway","service":"yard","tunnel":"yes","voltage":"750"},"id":421618248},
{"type":"Feature","geometry":{"type":"LineString","coordinates":[[13.326227,52.5027567],[13.3249665,52.5024641],[13.3235952,52.5022336]]},"properties":{"osmId":422677017,"osmType":"way","electrified":"rail","electrified:rail":"top","frequency":"0","gauge":"1435","layer":"-1","level":"-1","loading_gauge":"Kleinprofil","name":"U1","note":"U3: Nollendorfplatz; U1: Warschauer Straße","operator":"Berliner Verkehrsbetriebe","railway":"subway","service":"yard","start_date":"1913-10-12","tunnel":"yes","voltage":"750","workrules":"DE:BOStrab"},"id":422677017},
{"type":"Feature","geometry":{"type":"LineString","coordinates":[[13.3236323,52.5021443],[13.326295,52.5026605]]},"properties":{"osmId":422677018,"osmType":"way","electrified":"rail","frequency":"0","gauge":"1435","layer":"-1","level":"-1","loading_gauge":"Kleinprofil","name":"U1","note":"TODO: check where exactly it goes underground","operator":"Berliner Verkehrsbetriebe","railway":"subway","service":"yard","start_date":"1913-10-12","tunnel":"yes","voltage":"750","workrules":"DE:BOStrab"},"id":422677018},
{"type":"Feature","geometry":{"type":"LineString","coordinates":[[13.3076019,52.4663696],[13.3067252,52.4660004],[13.3056319,52.4657718],[13.2999961,52.4652954],[13.29818,52.4649961],[13.2964582,52.464418]]},"properties":{"osmId":434362588,"osmType":"way","electrified":"rail","electrified:rail":"top","frequency":"0","gauge":"1435","layer":"-1","level":"-1","loading_gauge":"Kleinprofil","maxspeed":"60","name":"U3","operator":"Berliner Verkehrsbetriebe","railway":"subway","tunnel":"yes","usage":"main","voltage":"750"},"id":434362588},
{"type":"Feature","geometry":{"type":"MultiLineString","coordinates":[[[13.4250477,52.4810272],[13.4248983,52.4816544],[13.4247534,52.4838956],[13.4243068,52.4854023],[13.4243643,52.4858727]],[[13.4243643,52.4858727],[13.4243894,52.4860355],[13.4244231,52.4861313],[13.4244512,52.4861917],[13.424482744520697,52.486254983460626]],[[13.424482744520697,52.486254983460626],[13.4245161,52.4863219],[13.424525170359779,52.48633788328055]],[[13.424525170359779,52.48633788328055],[13.4246952,52.4866375],[13.4250455,52.4872075],[13.4252369,52.4877297],[13.4251254,52.4883801],[13.4248612,52.4887314]],[[13.4248612,52.4887314],[13.4243588,52.4894119],[13.4225204,52.4922843],[13.422175,52.4929822]]]},"properties":{"osmId":434370951,"osmType":"way","electrified":"rail","electrified:rail":"bottom","frequency":"0","gauge":"1435","layer":"-2","level":"-2","loading_gauge":"Großprofil","name":"U8","operator":"Berliner Verkehrsbetriebe","railway":"subway","tunnel":"yes","voltage":"750"},"id":434370951},
{"type":"Feature","geometry":{"type":"LineString","coordinates":[[13.3276724,52.4642397],[13.3236803,52.4600347],[13.3217491,52.45808],[13.3208049,52.4568134]]},"properties":{"osmId":435864710,"osmType":"way","electrified":"rail","electrified:rail":"bottom","frequency":"0","gauge":"1435","layer":"-3","level":"-2","loading_gauge":"Großprofil","operator":"Berliner Verkehrsbetriebe","railway":"subway","tunnel":"yes","voltage":"750"},"id":435864710},
{"type":"Feature","geometry":{"type":"MultiLineString","coordinates":[[[13.331008,52.4912145],[13.3310104,52.491115]],[[13.3310104,52.491115],[13.3310113,52.4910753]],[[13.3310113,52.4910753],[13.3310724,52.4892987],[13.331032811818524,52.489184625687514]],[[13.331032811818524,52.489184625687514],[13.3309517,52.4889509],[13.3308176,52.4885621],[13.3301202,52.4876786],[13.3294336,52.4872441],[13.328763,52.4870089]],[[13.328763,52.4870089],[13.3267836,52.4866463],[13.3257,52.4866104]]]},"properties":{"osmId":435864711,"osmType":"way","electrified":"rail","electrified:rail":"bottom","frequency":"0","gauge":"1435","layer":"-2","loading_gauge":"Großprofil","operator":"Berliner Verkehrsbetriebe","railway":"subway","service":"siding","tunnel":"yes","voltage":"750"},"id":435864711},
{"type":"Feature","geometry":{"type":"LineString","coordinates":[[13.371293,52.5543707],[13.371362,52.5545861]]},"properties":{"osmId":435864713,"osmType":"way","electrified":"rail","frequency":"0","gauge":"1435","layer":"-3","loading_gauge":"Großprofil","operator":"Berliner Verkehrsbetriebe","railway":"subway","tunnel":"yes","voltage":"750"},"id":435864713},
{"type":"Feature","geometry":{"type":"LineString","coordinates":[[13.3300771,52.4872233],[13.3296106,52.4870742]]},"properties":{"osmId":435864714,"osmType":"way","electrified":"rail","electrified:rail":"bottom","frequency":"0","gauge":"1435","layer":"-2","loading_gauge":"Großprofil","operator":"Berliner Verkehrsbetriebe","railway":"subway","service":"siding","tunnel":"yes","voltage":"750"},"id":435864714},
{"type":"Feature","geometry":{"type":"MultiLineString","coordinates":[[[13.3308142,52.4879907],[13.3308127,52.4874539],[13.330813802103188,52.48734049682341]],[[13.330813802103188,52.48734049682341],[13.330815079909062,52.487209014357184]],[[13.330815079909062,52.487209014357184],[13.3308195,52.4867542],[13.3309168,52.4845131],[13.3308579,52.483863],[13.3305439,52.4831674],[13.3283756,52.4803457],[13.3283034,52.4799704]]]},"properties":{"osmId":435864715,"osmType":"way","electrified":"rail","frequency":"0","gauge":"1435","layer":"-2","level":"-2","loading_gauge":"Großprofil","operator":"Berliner Verkehrsbetriebe","railway":"subway","tunnel":"yes","voltage":"750"},"id":435864715},
{"type":"Feature","geometry":{"type":"LineString","coordinates":[[13.3538918,52.5493504],[13.3547305,52.5488776]]},"properties":{"osmId":435864717,"osmType":"way","electrified":"rail","frequency":"0","gauge":"1435","layer":"-1","loading_gauge":"Großprofil","operator":"Berliner Verkehrsbetriebe","railway":"subway","tunnel":"yes","voltage":"750"},"id":435864717},
{"type":"Feature","geometry":{"type":"LineString","coordinates":[[13.371362,52.5545861],[13.3711678,52.5543982]]},"properties":{"osmId":435864718,"osmType":"way","electrified":"rail","frequency":"0","gauge":"1435","layer":"-3","loading_gauge":"Großprofil","operator":"Berliner Verkehrsbetriebe","railway":"subway","tunnel":"yes","voltage":"750"},"id":435864718},
{"type":"Feature","geometry":{"type":"LineString","coordinates":[[13.3564187,52.548003],[13.3560336,52.5481803]]},"properties":{"osmId":435864720,"osmType":"way","electrified":"rail","frequency":"0","gauge":"1435","layer":"-1","level":"-1","loading_gauge":"Großprofil","operator":"Berliner Verkehrsbetriebe","railway":"subway","service":"yard","tunnel":"yes","voltage":"750"},"id":435864720},
{"type":"Feature","geometry":{"type":"LineString","coordinates":[[13.3523363,52.5502274],[13.3505435,52.5512463]]},"properties":{"osmId":435864721,"osmType":"way","electrified":"rail","frequency":"0","gauge":"1435","layer":"-1","loading_gauge":"Großprofil","operator":"Berliner Verkehrsbetriebe","railway":"subway","service":"siding","tunnel":"yes","voltage":"750"},"id":435864721},
{"type":"Feature","geometry":{"type":"LineString","coordinates":[[13.3028189,52.5113209],[13.3016308,52.5112811]]},"properties":{"osmId":435864723,"osmType":"way","electrified":"rail","frequency":"0","gauge":"1435","layer":"-2","loading_gauge":"Kleinprofil","operator":"Berliner Verkehrsbetriebe","railway":"subway","service":"siding","start_date":"1974","tunnel":"yes","voltage":"750"},"id":435864723},
{"type":"Feature","geometry":{"type":"MultiLineString","coordinates":[[[13.3051654,52.5120741],[13.305325,52.5132896],[13.30565,52.5139264],[13.3063182,52.5148455],[13.306752,52.5159244],[13.3065982,52.517477]],[[13.3065982,52.517477],[13.3064702,52.5187665],[13.3066917,52.5201151],[13.3066595,52.5211472],[13.3062747,52.5220681]]]},"properties":{"osmId":435864724,"osmType":"way","electrified":"rail","electrified:rail":"bottom","frequency":"0","gauge":"1435","layer":"-2","level":"-2","loading_gauge":"Großprofil","name":"U7","operator":"Berliner Verkehrsbetriebe","railway":"subway","tunnel":"yes","voltage":"750"},"id":435864724},
{"type":"Feature","geometry":{"type":"MultiLineString","coordinates":[[[13.3320843,52.5059557],[13.3316542,52.5050974],[13.3315489,52.5046764],[13.33136028791702,52.50382684761628]],[[13.33136028791702,52.50382684761628],[13.331349346549013,52.50377756516775]],[[13.331349346549013,52.50377756516775],[13.331348,52.5037715],[13.3308229,52.5000228],[13.3307157,52.4985859],[13.3307102,52.4965694],[13.3308484,52.4959032],[13.330849764143881,52.49589327998189]],[[13.330849764143881,52.49589327998189],[13.330870330590413,52.49574372132843]],[[13.330870330590413,52.49574372132843],[13.3309087,52.4954647],[13.3309598,52.4934143],[13.3309047,52.4926795],[13.3309189,52.4911643]],[[13.3309189,52.4911643],[13.3310361,52.4892328],[13.331032811818524,52.489184625687514]],[[13.331032811818524,52.489184625687514],[13.3310026,52.488742],[13.3308142,52.4879907]]]},"properties":{"osmId":435864725,"osmType":"way","electrified":"rail","electrified:rail":"bottom","frequency":"0","gauge":"1435","layer":"-1","level":"-2","loading_gauge":"Großprofil","operator":"Berliner Verkehrsbetriebe","railway":"subway","tunnel":"yes","voltage":"750"},"id":435864725},
{"type":"Feature","geometry":{"type":"MultiLineString","coordinates":[[[13.3199439,52.4549713],[13.3197218,52.4547212]],[[13.3197218,52.4547212],[13.3194504,52.4544156]]]},"properties":{"osmId":435864726,"osmType":"way","electrified":"rail","electrified:rail":"bottom","frequency":"0","gauge":"1435","layer":"-3","loading_gauge":"Großprofil","operator":"Berliner Verkehrsbetriebe","railway":"subway","service":"crossover","tunnel":"yes","voltage":"750"},"id":435864726},
{"type":"Feature","geometry":{"type":"LineString","coordinates":[[13.3599147,52.5468095],[13.3601726,52.5470465],[13.3636119,52.5492115]]},"properties":{"osmId":435864727,"osmType":"way","electrified":"rail","frequency":"0","gauge":"1435","layer":"-1","level":"-2","loading_gauge":"Großprofil","operator":"Berliner Verkehrsbetriebe","railway":"subway","service":"siding","tunnel":"yes","voltage":"750"},"id":435864727},
{"type":"Feature","geometry":{"type":"MultiLineString","coordinates":[[[13.328763,52.4870089],[13.3285365,52.4869306]],[[13.3285365,52.4869306],[13.3277133,52.4866909]]]},"properties":{"osmId":435864728,"osmType":"way","electrified":"rail","electrified:rail":"bottom","frequency":"0","gauge":"1435","layer":"-2","loading_gauge":"Großprofil","operator":"Berliner Verkehrsbetriebe","railway":"subway","service":"siding","tunnel":"yes","voltage":"750"},"id":435864728},
{"type":"Feature","geometry":{"type":"MultiLineString","coordinates":[[[13.3198152,52.4549877],[13.3197218,52.4547212]],[[13.3197218,52.4547212],[13.3196167,52.4544189]],[[13.3196167,52.4544189],[13.3192442,52.4538067]]]},"properties":{"osmId":435864733,"osmType":"way","electrified":"rail","electrified:rail":"bottom","frequency":"0","gauge":"1435","layer":"-3","loading_gauge":"Großprofil","operator":"Berliner Verkehrsbetriebe","railway":"subway","service":"crossover","tunnel":"yes","voltage":"750"},"id":435864733},
{"type":"Feature","geometry":{"type":"MultiLineString","coordinates":[[[13.3604035,52.5473599],[13.3607122,52.5475542]],[[13.3607122,52.5475542],[13.3619459,52.5483224]]]},"properties":{"osmId":435864734,"osmType":"way","electrified":"rail","frequency":"0","gauge":"1435","layer":"-1","level":"-2","loading_gauge":"Großprofil","operator":"Berliner Verkehrsbetriebe","railway":"subway","service":"siding","tunnel":"yes","voltage":"750"},"id":435864734},
{"type":"Feature","geometry":{"type":"MultiLineString","coordinates":[[[13.3064094,52.5174942],[13.3064305,52.5176686]],[[13.3064305,52.5176686],[13.3064584,52.5178474]],[[13.3064584,52.5178474],[13.3064676,52.5180639]]]},"properties":{"osmId":435864735,"osmType":"way","electrified":"rail","frequency":"0","gauge":"1435","layer":"-2","loading_gauge":"Großprofil","operator":"Berliner Verkehrsbetriebe","railway":"subway","service":"siding","start_date":"1974","tunnel":"yes","voltage":"750"},"id":435864735},
{"type":"Feature","geometry":{"type":"MultiLineString","coordinates":[[[13.3064305,52.5176686],[13.3064014,52.518067]],[[13.3064014,52.518067],[13.3063403,52.5187821],[13.3064876,52.5198184]]]},"properties":{"osmId":435864736,"osmType":"way","electrified":"rail","frequency":"0","gauge":"1435","layer":"-2","loading_gauge":"Großprofil","operator":"Berliner Verkehrsbetriebe","railway":"subway","service":"siding","start_date":"1974","tunnel":"yes","voltage":"750"},"id":435864736},
{"type":"Feature","geometry":{"type":"LineString","coordinates":[[13.3597264,52.5468951],[13.3601412,52.5470828],[13.3635742,52.5492405]]},"properties":{"osmId":435864737,"osmType":"way","electrified":"rail","frequency":"0","gauge":"1435","layer":"-1","level":"-2","loading_gauge":"Großprofil","operator":"Berliner Verkehrsbetriebe","railway":"subway","service":"siding","tunnel":"yes","voltage":"750"},"id":435864737},
{"type":"Feature","geometry":{"type":"MultiLineString","coordinates":[[[13.3065371,52.5176601],[13.3064676,52.5180639]],[[13.3064676,52.5180639],[13.3064052,52.5187743],[13.3065551,52.5198122]]]},"properties":{"osmId":435864738,"osmType":"way","electrified":"rail","frequency":"0","gauge":"1435","layer":"-2","loading_gauge":"Großprofil","operator":"Berliner Verkehrsbetriebe","railway":"subway","service":"siding","start_date":"1974","tunnel":"yes","voltage":"750"},"id":435864738},
{"type":"Feature","geometry":{"type":"MultiLineString","coordinates":[[[13.3201397,52.455496],[13.3198152,52.4549877]],[[13.3198152,52.4549877],[13.3194504,52.4544156]],[[13.3194504,52.4544156],[13.3188764,52.4536997],[13.3173046,52.4526111]]]},"properties":{"osmId":435864739,"osmType":"way","electrified":"rail","electrified:rail":"bottom","frequency":"0","gauge":"1435","layer":"-3","loading_gauge":"Großprofil","operator":"Berliner Verkehrsbetriebe","railway":"subway","service":"siding","tunnel":"yes","voltage":"750"},"id":435864739},
{"type":"Feature","geometry":{"type":"MultiLineString","coordinates":[[[13.3174173,52.4525718],[13.3187745,52.4534937],[13.3196167,52.4544189]],[[13.3196167,52.4544189],[13.3199439,52.4549713]],[[13.3199439,52.4549713],[13.3203345,52.4554674]]]},"properties":{"osmId":435864740,"osmType":"way","electrified":"rail","electrified:rail":"bottom","frequency":"0","gauge":"1435","layer":"-3","loading_gauge":"Großprofil","operator":"Berliner Verkehrsbetriebe","railway":"subway","service":"siding","tunnel":"yes","voltage":"750"},"id":435864740},
{"type":"Feature","geometry":{"type":"MultiLineString","coordinates":[[[13.3604622,52.547347],[13.3605864,52.5474501]],[[13.3605864,52.5474501],[13.3607122,52.5475542]]]},"properties":{"osmId":435864741,"osmType":"way","electrified":"rail","frequency":"0","gauge":"1435","layer":"-1","level":"-2","loading_gauge":"Großprofil","operator":"Berliner Verkehrsbetriebe","railway":"subway","service":"siding","tunnel":"yes","voltage":"750"},"id":435864741},
{"type":"Feature","geometry":{"type":"MultiLineString","coordinates":[[[13.3300607,52.4870874],[13.3296106,52.4870742]],[[13.3296106,52.4870742],[13.3277133,52.4866909]],[[13.3277133,52.4866909],[13.3270156,52.4865588],[13.3256654,52.4864645]]]},"properties":{"osmId":435864742,"osmType":"way","electrified":"rail","electrified:rail":"bottom","frequency":"0","gauge":"1435","layer":"-2","loading_gauge":"Großprofil","operator":"Berliner Verkehrsbetriebe","railway":"subway","service":"siding","tunnel":"yes","voltage":"750"},"id":435864742},
{"type":"Feature","geometry":{"type":"LineString","coordinates":[[13.3726277,52.5563641],[13.372861,52.5565582]]},"properties":{"osmId":435864743,"osmType":"way","electrified":"rail","frequency":"0","gauge":"1435","layer":"-1","level":"-2","loading_gauge":"Großprofil","operator":"Berliner Verkehrsbetriebe","railway":"subway","source":"Geoportal Berlin / K5","tunnel":"yes","voltage":"750"},"id":435864743},
{"type":"Feature","geometry":{"type":"MultiLineString","coordinates":[[[13.373617,52.5577486],[13.3737789,52.5578911]],[[13.3737789,52.5578911],[13.3739093,52.5580232]]]},"properties":{"osmId":435864744,"osmType":"way","electrified":"rail","frequency":"0","gauge":"1435","layer":"-1","level":"-2","loading_gauge":"Großprofil","name":"Linie G","operator":"Berliner Verkehrsbetriebe","railway":"subway","service":"crossover","source":"Geoportal Berlin / K5","tunnel":"yes","voltage":"750"},"id":435864744},
{"type":"Feature","geometry":{"type":"MultiLineString","coordinates":[[[13.3737226,52.5577218],[13.3737789,52.5578911]],[[13.3737789,52.5578911],[13.3738603,52.5580491]]]},"properties":{"osmId":435864745,"osmType":"way","electrified":"rail","frequency":"0","gauge":"1435","layer":"-1","level":"-2","loading_gauge":"Großprofil","name":"Linie G","operator":"Berliner Verkehrsbetriebe","railway":"subway","service":"crossover","source":"Geoportal Berlin / K5","tunnel":"yes","voltage":"750"},"id":435864745},
{"type":"Feature","geometry":{"type":"MultiLineString","coordinates":[[[13.3720057,52.5554635],[13.3726277,52.5563641]],[[13.3726277,52.5563641],[13.3727294,52.5566613]]]},"properties":{"osmId":435864746,"osmType":"way","electrified":"rail","frequency":"0","gauge":"1435","layer":"-1","level":"-2","loading_gauge":"Großprofil","operator":"Berliner Verkehrsbetriebe","railway":"subway","source":"Geoportal Berlin / K5","tunnel":"yes","voltage":"750"},"id":435864746},
{"type":"Feature","geometry":{"type":"MultiLineString","coordinates":[[[13.3122916,52.5119738],[13.3089847,52.5117634],[13.3083569,52.5118076]],[[13.3083569,52.5118076],[13.3075266,52.5122428],[13.3073704,52.5125281],[13.3071633,52.5136964]],[[13.3071633,52.5136964],[13.3069941,52.5143176]],[[13.3069941,52.5143176],[13.3068359,52.5156077]]]},"properties":{"osmId":435864748,"osmType":"way","electrified":"rail","frequency":"0","gauge":"1435","layer":"-2","level":"-2","loading_gauge":"Kleinprofil","name":"Verbindung U2-U7 (Service)","operator":"Berliner Verkehrsbetriebe","railway":"subway","service":"siding","start_date":"1974","tunnel":"yes","voltage":"750"},"id":435864748},
{"type":"Feature","geometry":{"type":"LineString","coordinates":[[13.3068494,52.5148532],[13.3069941,52.5143176]]},"properties":{"osmId":435864749,"osmType":"way","electrified":"rail","frequency":"0","gauge":"1435","layer":"-2","loading_gauge":"Kleinprofil","name":"Verbindung U2-U7 (Service)","operator":"Berliner Verkehrsbetriebe","railway":"subway","service":"siding","start_date":"1974","tunnel":"yes","voltage":"750"},"id":435864749},
{"type":"Feature","geometry":{"type":"MultiLineString","coordinates":[[[13.3071633,52.5136964],[13.3070464,52.5143274],[13.3066884,52.5171723]],[[13.3066884,52.5171723],[13.3066328,52.5176211]]]},"properties":{"osmId":435864750,"osmType":"way","electrified":"rail","frequency":"0","gauge":"1435","layer":"-2","loading_gauge":"Großprofil","name":"Verbindung U2-U7 (Service)","operator":"Berliner Verkehrsbetriebe","railway":"subway","service":"siding","start_date":"1974","tunnel":"yes","voltage":"750"},"id":435864750},
{"type":"Feature","geometry":{"type":"MultiLineString","coordinates":[[[13.3062962,52.5185468],[13.3064014,52.518067]],[[13.3064014,52.518067],[13.3064584,52.5178474]],[[13.3064584,52.5178474],[13.3065371,52.5176601]],[[13.3065371,52.5176601],[13.3065982,52.517477]],[[13.3065982,52.517477],[13.3066884,52.5171723]]]},"properties":{"osmId":435864751,"osmType":"way","electrified":"rail","frequency":"0","gauge":"1435","layer":"-2","loading_gauge":"Großprofil","name":"Verbindung U2-U7 (Service)","operator":"Berliner Verkehrsbetriebe","railway":"subway","service":"siding","start_date":"1974","tunnel":"yes","voltage":"750"},"id":435864751},
{"type":"Feature","geometry":{"type":"MultiLineString","coordinates":[[[13.3367066,52.5957196],[13.3371168,52.5957585]],[[13.3371168,52.5957585],[13.3374791,52.5958092]],[[13.3374791,52.5958092],[13.338195,52.5958922]]]},"properties":{"osmId":436121594,"osmType":"way","electrified":"rail","electrified:rail":"bottom","frequency":"0","gauge":"1435","layer":"-1","loading_gauge":"Großprofil","name":"Abstellanlage der U8","operator":"Berliner Verkehrsbetriebe","railway":"subway","service":"siding","tunnel":"yes","voltage":"750"},"id":436121594},
{"type":"Feature","geometry":{"type":"MultiLineString","coordinates":[[[13.3415936,52.5959624],[13.3374791,52.5958092]],[[13.3374791,52.5958092],[13.3367093,52.5957717]],[[13.3367093,52.5957717],[13.3361326,52.5957277]]]},"properties":{"osmId":436121596,"osmType":"way","electrified":"rail","electrified:rail":"bottom","frequency":"0","gauge":"1435","layer":"-1","loading_gauge":"Großprofil","name":"Abstellanlage der U8","operator":"Berliner Verkehrsbetriebe","railway":"subway","service":"siding","tunnel":"yes","voltage":"750"},"id":436121596},
{"type":"Feature","geometry":{"type":"MultiLineString","coordinates":[[[13.3382385,52.5957111],[13.3375011,52.595746]],[[13.3375011,52.595746],[13.3371168,52.5957585]],[[13.3371168,52.5957585],[13.3367093,52.5957717]],[[13.3367093,52.5957717],[13.3361111,52.5957864]]]},"properties":{"osmId":436121598,"osmType":"way","electrified":"rail","electrified:rail":"bottom","frequency":"0","gauge":"1435","layer":"-1","loading_gauge":"Großprofil","name":"Abstellanlage der U8","operator":"Berliner Verkehrsbetriebe","railway":"subway","service":"siding","tunnel":"yes","voltage":"750"},"id":436121598},
{"type":"Feature","geometry":{"type":"MultiLineString","coordinates":[[[13.3360879,52.59566],[13.3367066,52.5957196]],[[13.3367066,52.5957196],[13.3375011,52.595746]],[[13.3375011,52.595746],[13.3416365,52.5958972]]]},"properties":{"osmId":436121601,"osmType":"way","electrified":"rail","electrified:rail":"bottom","frequency":"0","gauge":"1435","layer":"-1","loading_gauge":"Großprofil","name":"Abstellanlage der U8","operator":"Berliner Verkehrsbetriebe","railway":"subway","service":"siding","tunnel":"yes","voltage":"750"},"id":436121601},
{"type":"Feature","geometry":{"type":"MultiLineString","coordinates":[[[13.3360879,52.59566],[13.3382385,52.5957111]],[[13.3382385,52.5957111],[13.3416606,52.5958442]]]},"properties":{"osmId":436121603,"osmType":"way","electrified":"rail","electrified:rail":"bottom","frequency":"0","gauge":"1435","layer":"-1","loading_gauge":"Großprofil","name":"Abstellanlage der U8","operator":"Berliner Verkehrsbetriebe","railway":"subway","service":"siding","tunnel":"yes","voltage":"750"},"id":436121603},
{"type":"Feature","geometry":{"type":"MultiLineString","coordinates":[[[13.4228638,52.4868212],[13.4235344,52.4868032],[13.4241396,52.4870719],[13.4249642,52.4881668]],[[13.4249642,52.4881668],[13.4249501,52.4883314]],[[13.4249501,52.4883314],[13.4248612,52.4887314]]]},"properties":{"osmId":436121606,"osmType":"way","electrified":"rail","frequency":"0","gauge":"1435","layer":"-1","level":"-2","loading_gauge":"Großprofil","name":"Verbindungsgleis U8 zur U7","operator":"Berliner Verkehrsbetriebe","railway":"subway","service":"siding","tunnel":"yes","voltage":"750"},"id":436121606},
{"type":"Feature","geometry":{"type":"LineString","coordinates":[[13.3891615,52.4969672],[13.388343,52.4975921],[13.3871231,52.4980583],[13.3845349,52.4986512],[13.3834089,52.4987642]]},"properties":{"osmId":436121608,"osmType":"way","electrified":"rail","electrified:rail":"bottom","frequency":"0","gauge":"1435","layer":"-1","level":"-2","loading_gauge":"Großprofil","name":"U7","operator":"Berliner Verkehrsbetriebe","railway":"subway","tunnel":"yes","voltage":"750"},"id":436121608},
{"type":"Feature","geometry":{"type":"LineString","coordinates":[[13.3347252,52.5955809],[13.3358152,52.5956442]]},"properties":{"osmId":436121612,"osmType":"way","electrified":"rail","electrified:rail":"bottom","frequency":"0","gauge":"1435","layer":"-2","level":"-2","loading_gauge":"Großprofil","maxspeed":"70","name":"U8","operator":"Berliner Verkehrsbetriebe","railway":"subway","tunnel":"yes","voltage":"750"},"id":436121612},
{"type":"Feature","geometry":{"type":"LineString","coordinates":[[13.4308364,52.4681858],[13.4307911,52.4684096]]},"properties":{"osmId":436121616,"osmType":"way","electrified":"rail","frequency":"0","gauge":"1435","layer":"-2","level":"-2","loading_gauge":"Großprofil","operator":"Berliner Verkehrsbetriebe","railway":"subway","service":"siding","tunnel":"yes","voltage":"750"},"id":436121616},
{"type":"Feature","geometry":{"type":"MultiLineString","coordinates":[[[13.414272,52.5197789],[13.4138708,52.5200532],[13.4137809,52.5201356],[13.413758041354695,52.520160573458746]],[[13.413758041354695,52.520160573458746],[13.41372302220099,52.52019883247973]],[[13.41372302220099,52.52019883247973],[13.4137074,52.5202159],[13.4133491,52.5205811]]]},"properties":{"osmId":436121618,"osmType":"way","electrified":"rail","frequency":"0","gauge":"1435","layer":"-2","level":"-3","loading_gauge":"Großprofil","name":"U8","operator":"Berliner Verkehrsbetriebe","railway":"subway","tunnel":"yes","voltage":"750"},"id":436121618},
{"type":"Feature","geometry":{"type":"LineString","coordinates":[[13.4307911,52.4684096],[13.4306536,52.4685785]]},"properties":{"osmId":436121621,"osmType":"way","electrified":"rail","frequency":"0","gauge":"1435","layer":"-1","level":"-2","loading_gauge":"Großprofil","operator":"Berliner Verkehrsbetriebe","railway":"subway","service":"siding","tunnel":"yes","voltage":"750"},"id":436121621},
{"type":"Feature","geometry":{"type":"LineString","coordinates":[[13.3942064,52.5405759],[13.3939005,52.5410611]]},"properties":{"osmId":436121622,"osmType":"way","electrified":"rail","frequency":"0","gauge":"1435","layer":"-1","loading_gauge":"Großprofil","operator":"Berliner Verkehrsbetriebe","railway":"subway","service":"siding","tunnel":"yes","voltage":"750"},"id":436121622},
{"type":"Feature","geometry":{"type":"LineString","coordinates":[[13.4242304,52.4855877],[13.4243643,52.4858727]]},"properties":{"osmId":436121625,"osmType":"way","electrified":"rail","frequency":"0","gauge":"1435","layer":"-1","level":"-2","loading_gauge":"Großprofil","operator":"Berliner Verkehrsbetriebe","railway":"subway","service":"siding","tunnel":"yes","voltage":"750"},"id":436121625},
{"type":"Feature","geometry":{"type":"LineString","coordinates":[[13.423073,52.4867335],[13.4234828,52.4866629]]},"properties":{"osmId":436121627,"osmType":"way","electrified":"rail","frequency":"0","gauge":"1435","layer":"-1","level":"-3","loading_gauge":"Großprofil","operator":"Berliner Verkehrsbetriebe","railway":"subway","service":"siding","tunnel":"yes","voltage":"750"},"id":436121627},
{"type":"Feature","geometry":{"type":"LineString","coordinates":[[13.4188264,52.4981171],[13.4186172,52.4982791]]},"properties":{"osmId":436121630,"osmType":"way","electrified":"rail","frequency":"0","gauge":"1435","layer":"-1","level":"-2","loading_gauge":"Großprofil","operator":"Berliner Verkehrsbetriebe","railway":"subway","service":"siding","tunnel":"yes","voltage":"750"},"id":436121630},
{"type":"Feature","geometry":{"type":"LineString","coordinates":[[13.3358117,52.5957701],[13.3347148,52.5957106]]},"properties":{"osmId":436121632,"osmType":"way","electrified":"rail","electrified:rail":"bottom","frequency":"0","gauge":"1435","layer":"-2","level":"-2","loading_gauge":"Großprofil","maxspeed":"70","name":"U8","operator":"Berliner Verkehrsbetriebe","railway":"subway","tunnel":"yes","voltage":"750"},"id":436121632},
{"type":"Feature","geometry":{"type":"MultiLineString","coordinates":[[[13.4255366,52.4793103],[13.4256135,52.4791569]],[[13.4256135,52.4791569],[13.4256894,52.4789992]]]},"properties":{"osmId":436121636,"osmType":"way","electrified":"rail","frequency":"0","gauge":"1435","layer":"-1","loading_gauge":"Großprofil","operator":"Berliner Verkehrsbetriebe","railway":"subway","service":"siding","tunnel":"yes","voltage":"750"},"id":436121636},
{"type":"Feature","geometry":{"type":"MultiLineString","coordinates":[[[13.3871185,52.549405],[13.3869572,52.549494]],[[13.3869572,52.549494],[13.3867652,52.5495783]]]},"properties":{"osmId":436121638,"osmType":"way","electrified":"rail","frequency":"0","gauge":"1435","layer":"-1","loading_gauge":"Großprofil","operator":"Berliner Verkehrsbetriebe","railway":"subway","service":"siding","tunnel":"yes","voltage":"750"},"id":436121638},
{"type":"Feature","geometry":{"type":"MultiLineString","coordinates":[[[13.4255863,52.4793144],[13.4256135,52.4791569]],[[13.4256135,52.4791569],[13.4256413,52.4789966]]]},"properties":{"osmId":436121641,"osmType":"way","electrified":"rail","frequency":"0","gauge":"1435","layer":"-1","loading_gauge":"Großprofil","operator":"Berliner Verkehrsbetriebe","railway":"subway","service":"siding","tunnel":"yes","voltage":"750"},"id":436121641},
{"type":"Feature","geometry":{"type":"MultiLineString","coordinates":[[[13.3470673,52.5744883],[13.3466838,52.5745243]],[[13.3466838,52.5745243],[13.3463203,52.5745584]]]},"properties":{"osmId":436121643,"osmType":"way","electrified":"rail","frequency":"0","gauge":"1435","layer":"-1","loading_gauge":"Großprofil","operator":"Berliner Verkehrsbetriebe","railway":"subway","service":"siding","tunnel":"yes","voltage":"750"},"id":436121643},
{"type":"Feature","geometry":{"type":"MultiLineString","coordinates":[[[13.4234231,52.4865888],[13.423073,52.4867335]],[[13.423073,52.4867335],[13.4213645,52.4872219]]]},"properties":{"osmId":436121645,"osmType":"way","electrified":"rail","frequency":"0","gauge":"1435","layer":"-1","level":"-3","loading_gauge":"Großprofil","operator":"Berliner Verkehrsbetriebe","railway":"subway","service":"siding","tunnel":"yes","voltage":"750"},"id":436121645},
{"type":"Feature","geometry":{"type":"LineString","coordinates":[[13.4314787,52.4670799],[13.4322288,52.4657412]]},"properties":{"osmId":436121648,"osmType":"way","electrified":"rail","frequency":"0","gauge":"1435","layer":"-1","loading_gauge":"Großprofil","operator":"Berliner Verkehrsbetriebe","railway":"subway","service":"siding","tunnel":"yes","voltage":"750"},"id":436121648},
{"type":"Feature","geometry":{"type":"MultiLineString","coordinates":[[[13.3871681,52.5494433],[13.3869572,52.549494]],[[13.3869572,52.549494],[13.3867168,52.5495545]]]},"properties":{"osmId":436121650,"osmType":"way","electrified":"rail","frequency":"0","gauge":"1435","layer":"-1","loading_gauge":"Großprofil","operator":"Berliner Verkehrsbetriebe","railway":"subway","service":"siding","tunnel":"yes","voltage":"750"},"id":436121650},
{"type":"Feature","geometry":{"type":"MultiLineString","coordinates":[[[13.4192285,52.4972412],[13.4188264,52.4981171]],[[13.4188264,52.4981171],[13.4187817,52.4983702]]]},"properties":{"osmId":436121653,"osmType":"way","electrified":"rail","frequency":"0","gauge":"1435","layer":"-1","level":"-2","loading_gauge":"Großprofil","operator":"Berliner Verkehrsbetriebe","railway":"subway","service":"siding","tunnel":"yes","voltage":"750"},"id":436121653},
{"type":"Feature","geometry":{"type":"MultiLineString","coordinates":[[[13.425428,52.4858491],[13.4255734,52.4858007]],[[13.4255734,52.4858007],[13.4257077,52.485756]]]},"properties":{"osmId":436121655,"osmType":"way","electrified":"rail","frequency":"0","gauge":"1435","layer":"-1","level":"-3","loading_gauge":"Großprofil","operator":"Berliner Verkehrsbetriebe","railway":"subway","service":"siding","tunnel":"yes","voltage":"750"},"id":436121655},
{"type":"Feature","geometry":{"type":"MultiLineString","coordinates":[[[13.3721637,52.5578871],[13.3719841,52.5579955]],[[13.3719841,52.5579955],[13.3717747,52.5581277]]]},"properties":{"osmId":436121658,"osmType":"way","electrified":"rail","frequency":"0","gauge":"1435","layer":"-1","loading_gauge":"Großprofil","operator":"Berliner Verkehrsbetriebe","railway":"subway","service":"siding","tunnel":"yes","voltage":"750"},"id":436121658},
{"type":"Feature","geometry":{"type":"LineString","coordinates":[[13.4308364,52.4681858],[13.4314625,52.467106]]},"properties":{"osmId":436121659,"osmType":"way","electrified":"rail","electrified:rail":"bottom","frequency":"0","gauge":"1435","layer":"-2","level":"-2","loading_gauge":"Großprofil","name":"U8","operator":"Berliner Verkehrsbetriebe","railway":"subway","tunnel":"yes","voltage":"750"},"id":436121659},
{"type":"Feature","geometry":{"type":"MultiLineString","coordinates":[[[13.4316494,52.4668736],[13.4317327,52.4667879]],[[13.4317327,52.4667879],[13.4318248,52.4666931]]]},"properties":{"osmId":436121662,"osmType":"way","electrified":"rail","frequency":"0","gauge":"1435","layer":"-1","loading_gauge":"Großprofil","operator":"Berliner Verkehrsbetriebe","railway":"subway","service":"siding","tunnel":"yes","voltage":"750"},"id":436121662},
{"type":"Feature","geometry":{"type":"MultiLineString","coordinates":[[[13.4254468,52.4858752],[13.4255734,52.4858007]],[[13.4255734,52.4858007],[13.4256829,52.4857327]]]},"properties":{"osmId":436121665,"osmType":"way","electrified":"rail","frequency":"0","gauge":"1435","layer":"-1","level":"-3","loading_gauge":"Großprofil","operator":"Berliner Verkehrsbetriebe","railway":"subway","service":"siding","tunnel":"yes","voltage":"750"},"id":436121665},
{"type":"Feature","geometry":{"type":"MultiLineString","coordinates":[[[13.3718545,52.5581797],[13.3720685,52.5580495]],[[13.3720685,52.5580495],[13.372254,52.5579405]]]},"properties":{"osmId":436121667,"osmType":"way","electrified":"rail","frequency":"0","gauge":"1435","layer":"-1","loading_gauge":"Großprofil","operator":"Berliner Verkehrsbetriebe","railway":"subway","service":"siding","tunnel":"yes","voltage":"750"},"id":436121667},
{"type":"Feature","geometry":{"type":"LineString","coordinates":[[13.333919,52.5956732],[13.3328914,52.5955679],[13.3322924,52.5953762],[13.3296316,52.5941943],[13.3280164,52.5933725],[13.3266544,52.5921613],[13.3257173,52.5907956],[13.3254467,52.5902016],[13.3253792,52.5898042],[13.3254249,52.5889162],[13.3258231,52.5879234],[13.3262683,52.5873033],[13.3266601,52.5869821],[13.3278661,52.5865262],[13.3288027,52.5860581],[13.3301564,52.5851112],[13.3307189,52.5845728],[13.3311165,52.5838859],[13.3320695,52.5819921],[13.3328378,52.5798974],[13.3332552,52.578983],[13.3336887,52.5777855],[13.3340751,52.577017],[13.3347543,52.5763703],[13.3358896,52.5758876],[13.3372786,52.5754965],[13.3419457,52.5750993],[13.3478894,52.5742719]]},"properties":{"osmId":436121669,"osmType":"way","electrified":"rail","electrified:rail":"bottom","frequency":"0","gauge":"1435","layer":"-2","level":"-2","loading_gauge":"Großprofil","maxspeed":"70","name":"U8","operator":"Berliner Verkehrsbetriebe","railway":"subway","tunnel":"yes","voltage":"750"},"id":436121669},
{"type":"Feature","geometry":{"type":"LineString","coordinates":[[13.3479372,52.5743668],[13.3470669,52.5745525],[13.3445085,52.5749627],[13.3419456,52.5752814],[13.3384282,52.575434],[13.3372736,52.5755289],[13.3359196,52.5759188],[13.3347978,52.5763957],[13.3341561,52.5770811],[13.3338483,52.5777743],[13.3334367,52.5790887],[13.3329895,52.5800586],[13.3322636,52.5820347],[13.3308849,52.5845773],[13.3302998,52.5851681],[13.3289587,52.586092],[13.3279668,52.5865889],[13.3268842,52.5870188],[13.3264713,52.5873324],[13.3259105,52.5882755],[13.3256015,52.5891843],[13.3255056,52.590197],[13.3257727,52.5907828],[13.3267103,52.5921529],[13.3280598,52.5933477],[13.329668,52.5941661],[13.3315992,52.5950254],[13.3321703,52.5952308],[13.3334451,52.5954952],[13.3347252,52.5955809]]},"properties":{"osmId":436121673,"osmType":"way","electrified":"rail","electrified:rail":"bottom","frequency":"0","gauge":"1435","layer":"-2","level":"-2","loading_gauge":"Großprofil","maxspeed":"70","name":"U8","operator":"Berliner Verkehrsbetriebe","railway":"subway","tunnel":"yes","voltage":"750"},"id":436121673},
{"type":"Feature","geometry":{"type":"MultiLineString","coordinates":[[[13.3716159,52.5584732],[13.3718974,52.5582077]],[[13.3718974,52.5582077],[13.3720685,52.5580495]],[[13.3720685,52.5580495],[13.3722081,52.5579134]]]},"properties":{"osmId":436121677,"osmType":"way","electrified":"rail","frequency":"0","gauge":"1435","layer":"-1","loading_gauge":"Großprofil","operator":"Berliner Verkehrsbetriebe","railway":"subway","service":"siding","tunnel":"yes","voltage":"750"},"id":436121677},
{"type":"Feature","geometry":{"type":"MultiLineString","coordinates":[[[13.4254162,52.4795655],[13.4255366,52.4793103]],[[13.4255366,52.4793103],[13.4256413,52.4789966]],[[13.4256413,52.4789966],[13.4258009,52.4785299]]]},"properties":{"osmId":436121680,"osmType":"way","electrified":"rail","frequency":"0","gauge":"1435","layer":"-1","loading_gauge":"Großprofil","operator":"Berliner Verkehrsbetriebe","railway":"subway","service":"siding","tunnel":"yes","voltage":"750"},"id":436121680},
{"type":"Feature","geometry":{"type":"MultiLineString","coordinates":[[[13.4314787,52.4670799],[13.4316494,52.4668736]],[[13.4316494,52.4668736],[13.4317594,52.4666862]],[[13.4317594,52.4666862],[13.4323012,52.4657625]]]},"properties":{"osmId":436121682,"osmType":"way","electrified":"rail","frequency":"0","gauge":"1435","layer":"-1","loading_gauge":"Großprofil","operator":"Berliner Verkehrsbetriebe","railway":"subway","service":"siding","tunnel":"yes","voltage":"750"},"id":436121682},
{"type":"Feature","geometry":{"type":"MultiLineString","coordinates":[[[13.3721222,52.5578624],[13.3719841,52.5579955]],[[13.3719841,52.5579955],[13.3718178,52.5581558]],[[13.3718178,52.5581558],[13.3715233,52.5584363]]]},"properties":{"osmId":436121683,"osmType":"way","electrified":"rail","frequency":"0","gauge":"1435","layer":"-3","loading_gauge":"Großprofil","operator":"Berliner Verkehrsbetriebe","railway":"subway","service":"siding","tunnel":"yes","voltage":"750"},"id":436121683},
{"type":"Feature","geometry":{"type":"MultiLineString","coordinates":[[[13.425848,52.4785362],[13.4256894,52.4789992]],[[13.4256894,52.4789992],[13.4255863,52.4793144]],[[13.4255863,52.4793144],[13.4255217,52.4795775]]]},"properties":{"osmId":436121686,"osmType":"way","electrified":"rail","frequency":"0","gauge":"1435","layer":"-1","loading_gauge":"Großprofil","operator":"Berliner Verkehrsbetriebe","railway":"subway","service":"siding","tunnel":"yes","voltage":"750"},"id":436121686},
{"type":"Feature","geometry":{"type":"MultiLineString","coordinates":[[[13.4316018,52.4671052],[13.4316378,52.4670457]],[[13.4316378,52.4670457],[13.4324138,52.4657804]]]},"properties":{"osmId":436121688,"osmType":"way","electrified":"rail","electrified:rail":"bottom","frequency":"0","gauge":"1435","layer":"-2","level":"-2","loading_gauge":"Großprofil","operator":"Berliner Verkehrsbetriebe","railway":"subway","service":"siding","tunnel":"yes","voltage":"750"},"id":436121688},
{"type":"Feature","geometry":{"type":"MultiLineString","coordinates":[[[13.4317594,52.4666862],[13.4317327,52.4667879]],[[13.4317327,52.4667879],[13.4317101,52.4668894]],[[13.4317101,52.4668894],[13.4316378,52.4670457]]]},"properties":{"osmId":436121692,"osmType":"way","electrified":"rail","frequency":"0","gauge":"1435","layer":"-1","loading_gauge":"Großprofil","operator":"Berliner Verkehrsbetriebe","railway":"subway","service":"siding","tunnel":"yes","voltage":"750"},"id":436121692},
{"type":"Feature","geometry":{"type":"MultiLineString","coordinates":[[[13.4323629,52.4657723],[13.4318248,52.4666931]],[[13.4318248,52.4666931],[13.4317101,52.4668894]],[[13.4317101,52.4668894],[13.431587,52.4670987]]]},"properties":{"osmId":436121697,"osmType":"way","electrified":"rail","frequency":"0","gauge":"1435","layer":"-1","loading_gauge":"Großprofil","operator":"Berliner Verkehrsbetriebe","railway":"subway","service":"siding","tunnel":"yes","voltage":"750"},"id":436121697},
{"type":"Feature","geometry":{"type":"MultiLineString","coordinates":[[[13.3136792,52.4909253],[13.3135406,52.4909688]],[[13.3135406,52.4909688],[13.3134219,52.4910088]],[[13.3134219,52.4910088],[13.313232,52.4910913]]]},"properties":{"osmId":436121699,"osmType":"way","electrified":"rail","frequency":"0","gauge":"1435","layer":"-1","loading_gauge":"Großprofil","operator":"Berliner Verkehrsbetriebe","railway":"subway","service":"siding","tunnel":"yes","voltage":"750"},"id":436121699},
{"type":"Feature","geometry":{"type":"MultiLineString","coordinates":[[[13.3478894,52.5742719],[13.3470441,52.5744516]],[[13.3470441,52.5744516],[13.3466838,52.5745243]],[[13.3466838,52.5745243],[13.3463341,52.5746002]]]},"properties":{"osmId":436121702,"osmType":"way","electrified":"rail","frequency":"0","gauge":"1435","layer":"-1","loading_gauge":"Großprofil","operator":"Berliner Verkehrsbetriebe","railway":"subway","service":"siding","tunnel":"yes","voltage":"750"},"id":436121702},
{"type":"Feature","geometry":{"type":"MultiLineString","coordinates":[[[13.3139135,52.4908189],[13.3136792,52.4909253]],[[13.3136792,52.4909253],[13.3134948,52.4910487]],[[13.3134948,52.4910487],[13.312173,52.4920039]]]},"properties":{"osmId":436121704,"osmType":"way","electrified":"rail","frequency":"0","gauge":"1435","layer":"-1","loading_gauge":"Großprofil","operator":"Berliner Verkehrsbetriebe","railway":"subway","service":"siding","tunnel":"yes","voltage":"750"},"id":436121704},
{"type":"Feature","geometry":{"type":"MultiLineString","coordinates":[[[13.3137228,52.4907254],[13.3136027,52.4908673]],[[13.3136027,52.4908673],[13.3135406,52.4909688]],[[13.3135406,52.4909688],[13.3134948,52.4910487]],[[13.3134948,52.4910487],[13.3134193,52.4911722]]]},"properties":{"osmId":436121706,"osmType":"way","electrified":"rail","frequency":"0","gauge":"1435","layer":"-1","loading_gauge":"Großprofil","operator":"Berliner Verkehrsbetriebe","railway":"subway","service":"siding","tunnel":"yes","voltage":"750"},"id":436121706},
{"type":"Feature","geometry":{"type":"MultiLineString","coordinates":[[[13.3121248,52.4919843],[13.3134219,52.4910088]],[[13.3134219,52.4910088],[13.3136027,52.4908673]],[[13.3136027,52.4908673],[13.3137609,52.490757]]]},"properties":{"osmId":436121708,"osmType":"way","electrified":"rail","frequency":"0","gauge":"1435","layer":"-1","loading_gauge":"Großprofil","operator":"Berliner Verkehrsbetriebe","railway":"subway","service":"siding","tunnel":"yes","voltage":"750"},"id":436121708},
{"type":"Feature","geometry":{"type":"MultiLineString","coordinates":[[[13.3874789,52.5493635],[13.3871681,52.5494433]],[[13.3871681,52.5494433],[13.3867652,52.5495783]],[[13.3867652,52.5495783],[13.3858158,52.5499607],[13.3844633,52.5507606]]]},"properties":{"osmId":436121711,"osmType":"way","electrified":"rail","frequency":"0","gauge":"1435","layer":"-1","loading_gauge":"Großprofil","operator":"Berliner Verkehrsbetriebe","railway":"subway","service":"siding","tunnel":"yes","voltage":"750"},"id":436121711},
{"type":"Feature","geometry":{"type":"MultiLineString","coordinates":[[[13.4241823,52.4858792],[13.4242304,52.4855877]],[[13.4242304,52.4855877],[13.4245281,52.4844966]]]},"properties":{"osmId":436121713,"osmType":"way","electrified":"rail","frequency":"0","gauge":"1435","layer":"-1","level":"-2","loading_gauge":"Großprofil","operator":"Berliner Verkehrsbetriebe","railway":"subway","service":"siding","tunnel":"yes","voltage":"750"},"id":436121713},
{"type":"Feature","geometry":{"type":"MultiLineString","coordinates":[[[13.4250257,52.4861194],[13.4254468,52.4858752]],[[13.4254468,52.4858752],[13.4257077,52.485756]],[[13.4257077,52.485756],[13.4271339,52.4851043]]]},"properties":{"osmId":436121716,"osmType":"way","electrified":"rail","frequency":"0","gauge":"1435","layer":"-1","level":"-3","loading_gauge":"Großprofil","operator":"Berliner Verkehrsbetriebe","railway":"subway","service":"siding","tunnel":"yes","voltage":"750"},"id":436121716},
{"type":"Feature","geometry":{"type":"MultiLineString","coordinates":[[[13.3479372,52.5743668],[13.3470673,52.5744883]],[[13.3470673,52.5744883],[13.3463341,52.5746002]],[[13.3463341,52.5746002],[13.3444709,52.5748844],[13.3419872,52.5752105]]]},"properties":{"osmId":436121718,"osmType":"way","electrified":"rail","frequency":"0","gauge":"1435","layer":"-1","loading_gauge":"Großprofil","operator":"Berliner Verkehrsbetriebe","railway":"subway","service":"siding","tunnel":"yes","voltage":"750"},"id":436121718},
{"type":"Feature","geometry":{"type":"MultiLineString","coordinates":[[[13.4249408,52.4860494],[13.425428,52.4858491]],[[13.425428,52.4858491],[13.4256829,52.4857327]],[[13.4256829,52.4857327],[13.4271124,52.4850781]]]},"properties":{"osmId":436121719,"osmType":"way","electrified":"rail","frequency":"0","gauge":"1435","layer":"-1","level":"-3","loading_gauge":"Großprofil","operator":"Berliner Verkehrsbetriebe","railway":"subway","service":"siding","tunnel":"yes","voltage":"750"},"id":436121719},
{"type":"Feature","geometry":{"type":"MultiLineString","coordinates":[[[13.3704321,52.5593068],[13.3718974,52.5582077]],[[13.3718974,52.5582077],[13.372254,52.5579405]],[[13.372254,52.5579405],[13.3727775,52.5576169]]]},"properties":{"osmId":436121721,"osmType":"way","electrified":"rail","frequency":"0","gauge":"1435","layer":"-1","loading_gauge":"Großprofil","operator":"Berliner Verkehrsbetriebe","railway":"subway","service":"siding","tunnel":"yes","voltage":"750"},"id":436121721},
{"type":"Feature","geometry":{"type":"MultiLineString","coordinates":[[[13.3432317,52.5749953],[13.3463203,52.5745584]],[[13.3463203,52.5745584],[13.3470441,52.5744516]],[[13.3470441,52.5744516],[13.3478666,52.5743302]]]},"properties":{"osmId":436121723,"osmType":"way","electrified":"rail","frequency":"0","gauge":"1435","layer":"-1","loading_gauge":"Großprofil","operator":"Berliner Verkehrsbetriebe","railway":"subway","service":"siding","tunnel":"yes","voltage":"750"},"id":436121723},
{"type":"Feature","geometry":{"type":"MultiLineString","coordinates":[[[13.3873672,52.5492667],[13.3871185,52.549405]],[[13.3871185,52.549405],[13.3867168,52.5495545]],[[13.3867168,52.5495545],[13.3857751,52.5499382],[13.3844288,52.5507356]]]},"properties":{"osmId":436121725,"osmType":"way","electrified":"rail","frequency":"0","gauge":"1435","layer":"-1","loading_gauge":"Großprofil","operator":"Berliner Verkehrsbetriebe","railway":"subway","service":"siding","tunnel":"yes","voltage":"750"},"id":436121725},
{"type":"Feature","geometry":{"type":"LineString","coordinates":[[13.4249412,52.4873604],[13.4250582,52.4877614],[13.4249642,52.4881668]]},"properties":{"osmId":436121727,"osmType":"way","electrified":"rail","frequency":"0","gauge":"1435","layer":"-1","level":"-2","loading_gauge":"Großprofil","operator":"Berliner Verkehrsbetriebe","railway":"subway","service":"siding","tunnel":"yes","voltage":"750"},"id":436121727},
{"type":"Feature","geometry":{"type":"MultiLineString","coordinates":[[[13.3726217,52.5575369],[13.3722081,52.5579134]],[[13.3722081,52.5579134],[13.3718545,52.5581797]],[[13.3718545,52.5581797],[13.3715233,52.5584363]],[[13.3715233,52.5584363],[13.3703629,52.5593267]]]},"properties":{"osmId":436121730,"osmType":"way","electrified":"rail","frequency":"0","gauge":"1435","layer":"-1","loading_gauge":"Großprofil","operator":"Berliner Verkehrsbetriebe","railway":"subway","service":"siding","tunnel":"yes","voltage":"750"},"id":436121730},
{"type":"Feature","geometry":{"type":"LineString","coordinates":[[13.4206916,52.487381],[13.4095118,52.4888492],[13.4087523,52.4890012],[13.4070468,52.4894985],[13.4063397,52.4896071],[13.4050824,52.4895746],[13.4038815,52.4896807],[13.3974485,52.4909786],[13.3966926,52.4911639],[13.3942707,52.4916195],[13.391245,52.4922242],[13.3892751,52.4924206],[13.3886381,52.4926147]]},"properties":{"osmId":436121731,"osmType":"way","electrified":"rail","frequency":"0","gauge":"1435","layer":"-1","level":"-1","loading_gauge":"Großprofil","name":"U7","operator":"Berliner Verkehrsbetriebe","railway":"subway","ref":"C'","tunnel":"yes","voltage":"750"},"id":436121731},
{"type":"Feature","geometry":{"type":"MultiLineString","coordinates":[[[13.5184054,52.5001456],[13.5177195,52.5009284]],[[13.5177195,52.5009284],[13.5175603,52.5010532]],[[13.5175603,52.5010532],[13.5174306,52.5011765]],[[13.5174306,52.5011765],[13.5170999,52.5015405],[13.5168955,52.5020302]]]},"properties":{"osmId":438349027,"osmType":"way","electrified":"rail","electrified:rail":"bottom","gauge":"1435","loading_gauge":"Großprofil","operator":"Berliner Verkehrsbetriebe","railway":"subway","service":"yard"},"id":438349027},
{"type":"Feature","geometry":{"type":"LineString","coordinates":[[13.3547305,52.5488776],[13.3585071,52.5467355]]},"properties":{"osmId":438426581,"osmType":"way","electrified":"rail","electrified:rail":"bottom","frequency":"0","gauge":"1435","layer":"-1","level":"-1","loading_gauge":"Großprofil","name":"U6","operator":"Berliner Verkehrsbetriebe","railway":"subway","tunnel":"yes","voltage":"750"},"id":438426581},
{"type":"Feature","geometry":{"type":"LineString","coordinates":[[13.3759723,52.5362296],[13.3774672,52.5349747]]},"properties":{"osmId":438426582,"osmType":"way","electrified":"rail","electrified:rail":"bottom","frequency":"0","gauge":"1435","layer":"-1","level":"-1","loading_gauge":"Großprofil","name":"U6","operator":"Berliner Verkehrsbetriebe","railway":"subway","tunnel":"yes","voltage":"750"},"id":438426582},
{"type":"Feature","geometry":{"type":"LineString","coordinates":[[13.387195,52.5494667],[13.3858563,52.5499867],[13.3835033,52.551377],[13.3821682,52.5520438]]},"properties":{"osmId":438860768,"osmType":"way","electrified":"rail","electrified:rail":"bottom","frequency":"0","gauge":"1435","layer":"-3","level":"-2","loading_gauge":"Großprofil","name":"U8","operator":"Berliner Verkehrsbetriebe","railway":"subway","tunnel":"yes","voltage":"750"},"id":438860768},
{"type":"Feature","geometry":{"type":"MultiLineString","coordinates":[[[13.4200448,52.5211712],[13.4171923,52.52203],[13.4161675,52.5222515],[13.4157989,52.5222715],[13.4154637,52.5222454],[13.415405512803094,52.522234639354]],[[13.415405512803094,52.522234639354],[13.4153177,52.5222184],[13.4151499,52.5221773],[13.4147283,52.521998]]]},"properties":{"osmId":438860770,"osmType":"way","electrified":"rail","electrified:rail":"bottom","frequency":"0","gauge":"1435","layer":"-2","level":"-3","loading_gauge":"Großprofil","maxspeed":"70","operator":"Berliner Verkehrsbetriebe","railway":"subway","tunnel":"yes","voltage":"750"},"id":438860770},
{"type":"Feature","geometry":{"type":"LineString","coordinates":[[13.3647759,52.5635192],[13.3681112,52.5610359]]},"properties":{"osmId":438860771,"osmType":"way","electrified":"rail","electrified:rail":"bottom","frequency":"0","gauge":"1435","layer":"-2","level":"-2","loading_gauge":"Großprofil","name":"U8","operator":"Berliner Verkehrsbetriebe","railway":"subway","tunnel":"yes","voltage":"750"},"id":438860771},
{"type":"Feature","geometry":{"type":"LineString","coordinates":[[13.3499658,52.5003676],[13.3444654,52.5015218]]},"properties":{"osmId":438860772,"osmType":"way","electrified":"rail","electrified:rail":"top","frequency":"0","gauge":"1435","layer":"-1","level":"-1","loading_gauge":"Kleinprofil","operator":"Berliner Verkehrsbetriebe","railway":"subway","tunnel":"yes","voltage":"750"},"id":438860772},
{"type":"Feature","geometry":{"type":"LineString","coordinates":[[13.4121705,52.5389089],[13.412187,52.5380962]]},"properties":{"osmId":438860773,"osmType":"way","electrified":"rail","electrified:rail":"top","frequency":"0","gauge":"1435","loading_gauge":"Kleinprofil","operator":"Berliner Verkehrsbetriebe","railway":"subway","voltage":"750"},"id":438860773},
{"type":"Feature","geometry":{"type":"LineString","coordinates":[[13.4122459,52.5380959],[13.4122234,52.5389059]]},"properties":{"osmId":438860774,"osmType":"way","electrified":"rail","electrified:rail":"top","frequency":"0","gauge":"1435","loading_gauge":"Kleinprofil","operator":"Berliner Verkehrsbetriebe","railway":"subway","voltage":"750"},"id":438860774},
{"type":"Feature","geometry":{"type":"LineString","coordinates":[[13.2925475,52.5363054],[13.2896955,52.5365899],[13.2881906,52.5366173],[13.2870361,52.5365781],[13.2849853,52.536582],[13.2828674,52.5366636]]},"properties":{"osmId":438860775,"osmType":"way","electrified":"rail","electrified:rail":"bottom","frequency":"0","gauge":"1435","layer":"-2","level":"-1","loading_gauge":"Großprofil","name":"U7","operator":"Berliner Verkehrsbetriebe","railway":"subway","tunnel":"yes","voltage":"750"},"id":438860775},
{"type":"Feature","geometry":{"type":"MultiLineString","coordinates":[[[13.3315005,52.5038023],[13.331501973064137,52.50381235067835]],[[13.331501973064137,52.50381235067835],[13.331508478076884,52.50385673421143]],[[13.331508478076884,52.50385673421143],[13.3316276,52.5046695],[13.3317296,52.5050859],[13.3322247,52.5059098]]]},"properties":{"osmId":438860777,"osmType":"way","electrified":"rail","electrified:rail":"bottom","frequency":"0","gauge":"1435","layer":"-1","level":"-2","loading_gauge":"Großprofil","operator":"Berliner Verkehrsbetriebe","railway":"subway","tunnel":"yes","voltage":"750"},"id":438860777},
{"type":"Feature","geometry":{"type":"MultiLineString","coordinates":[[[13.3322247,52.5059098],[13.3323243,52.5060248],[13.332467508259635,52.506157812616486]],[[13.332467508259635,52.506157812616486],[13.33248997649729,52.50617868123877]],[[13.33248997649729,52.50617868123877],[13.33266,52.5063366],[13.3334197,52.5073409]],[[13.3334197,52.5073409],[13.3338549,52.507923],[13.334326,52.5087674]]]},"properties":{"osmId":438860778,"osmType":"way","electrified":"rail","electrified:rail":"bottom","frequency":"0","gauge":"1435","layer":"-1","level":"-3","loading_gauge":"Großprofil","operator":"Berliner Verkehrsbetriebe","railway":"subway","tunnel":"yes","voltage":"750"},"id":438860778},
{"type":"Feature","geometry":{"type":"MultiLineString","coordinates":[[[13.4133491,52.5205811],[13.4129887,52.5209146],[13.412923279211608,52.52096183214245]],[[13.412923279211608,52.52096183214245],[13.41281353118139,52.521041067424136]],[[13.41281353118139,52.521041067424136],[13.41276019175327,52.52107957713227]],[[13.41276019175327,52.52107957713227],[13.4126747,52.5211413],[13.41264379937977,52.521162546313576]],[[13.41264379937977,52.521162546313576],[13.4124036,52.5213277],[13.4122393,52.5214344],[13.4112696,52.5220444],[13.4109274,52.522183]]]},"properties":{"osmId":438860779,"osmType":"way","electrified":"rail","frequency":"0","gauge":"1435","layer":"-2","level":"-3","loading_gauge":"Großprofil","name":"U8","operator":"Berliner Verkehrsbetriebe","railway":"subway","tunnel":"yes","voltage":"750"},"id":438860779},
{"type":"Feature","geometry":{"type":"LineString","coordinates":[[13.4199691,52.5210837],[13.4205703,52.5208871],[13.4264555,52.5191138],[13.4290465,52.5184451],[13.43034,52.518207]]},"properties":{"osmId":438860780,"osmType":"way","electrified":"rail","electrified:rail":"bottom","frequency":"0","gauge":"1435","layer":"-2","level":"-2","loading_gauge":"Großprofil","maxspeed":"70","operator":"Berliner Verkehrsbetriebe","railway":"subway","tunnel":"yes","voltage":"750"},"id":438860780},
{"type":"Feature","geometry":{"type":"LineString","coordinates":[[13.4336979,52.4820545],[13.4335425,52.4821325]]},"properties":{"osmId":438860781,"osmType":"way","electrified":"rail","frequency":"0","gauge":"1435","layer":"-1","level":"-1","loading_gauge":"Großprofil","name":"U7","operator":"Berliner Verkehrsbetriebe","railway":"subway","tunnel":"yes","voltage":"750"},"id":438860781},
{"type":"Feature","geometry":{"type":"LineString","coordinates":[[13.5434593,52.498897],[13.545711,52.4993206],[13.5474633,52.4997484],[13.549357,52.5003087]]},"properties":{"osmId":438957586,"osmType":"way","detail":"track","electrified":"rail","electrified:rail":"bottom","frequency":"0","gauge":"1435","loading_gauge":"Großprofil","maxspeed":"60","operator":"Berliner Verkehrsbetriebe","passenger_lines":"2","railway":"subway","usage":"main","voltage":"750","workrules":"DE:BOStrab"},"id":438957586},
{"type":"Feature","geometry":{"type":"LineString","coordinates":[[13.5490012,52.500308],[13.5492805,52.5003835]]},"properties":{"osmId":438957588,"osmType":"way","detail":"track","electrified":"rail","electrified:rail":"bottom","frequency":"0","gauge":"1435","loading_gauge":"Großprofil","operator":"Berliner Verkehrsbetriebe","railway":"subway","service":"siding","voltage":"750","workrules":"DE:BOStrab"},"id":438957588},
{"type":"Feature","geometry":{"type":"LineString","coordinates":[[13.5479135,52.5000542],[13.543667,52.4990027]]},"properties":{"osmId":438957590,"osmType":"way","detail":"track","electrified":"rail","electrified:rail":"bottom","frequency":"0","gauge":"1435","loading_gauge":"Großprofil","maxspeed":"60","operator":"Berliner Verkehrsbetriebe","passenger_lines":"2","railway":"subway","usage":"main","voltage":"750","workrules":"DE:BOStrab"},"id":438957590},
{"type":"Feature","geometry":{"type":"LineString","coordinates":[[13.3552052,52.5000113],[13.3547193,52.4998509]]},"properties":{"osmId":438957591,"osmType":"way","electrified":"rail","electrified:rail":"top","frequency":"0","gauge":"1435","layer":"-1","level":"-1","loading_gauge":"Kleinprofil","name":"U4","operator":"Berliner Verkehrsbetriebe","railway":"subway","tunnel":"yes","voltage":"750"},"id":438957591},
{"type":"Feature","geometry":{"type":"LineString","coordinates":[[13.4140606,52.5574733],[13.4143016,52.5568846],[13.4144501,52.5558812]]},"properties":{"osmId":438957592,"osmType":"way","electrified":"rail","electrified:rail":"top","frequency":"0","gauge":"1435","loading_gauge":"Kleinprofil","operator":"Berliner Verkehrsbetriebe","railway":"subway","voltage":"750"},"id":438957592},
{"type":"Feature","geometry":{"type":"LineString","coordinates":[[13.543667,52.4990027],[13.541935,52.4985746],[13.539107,52.4978278],[13.5284102,52.4951777]]},"properties":{"osmId":438957593,"osmType":"way","detail":"track","electrified":"rail","electrified:rail":"bottom","frequency":"0","gauge":"1435","loading_gauge":"Großprofil","maxspeed":"60","operator":"Berliner Verkehrsbetriebe","passenger_lines":"2","railway":"subway","usage":"main","voltage":"750","workrules":"DE:BOStrab"},"id":438957593},
{"type":"Feature","geometry":{"type":"LineString","coordinates":[[13.4145062,52.5558836],[13.4143511,52.5569004],[13.4141108,52.5574862]]},"properties":{"osmId":438957595,"osmType":"way","electrified":"rail","electrified:rail":"top","frequency":"0","gauge":"1435","loading_gauge":"Kleinprofil","operator":"Berliner Verkehrsbetriebe","railway":"subway","voltage":"750"},"id":438957595},
{"type":"Feature","geometry":{"type":"LineString","coordinates":[[13.5284318,52.4951437],[13.5391287,52.4977957],[13.5412729,52.4983633],[13.5434593,52.498897]]},"properties":{"osmId":438957596,"osmType":"way","detail":"track","electrified":"rail","electrified:rail":"bottom","frequency":"0","gauge":"1435","loading_gauge":"Großprofil","maxspeed":"60","operator":"Berliner Verkehrsbetriebe","passenger_lines":"2","railway":"subway","usage":"main","voltage":"750","workrules":"DE:BOStrab"},"id":438957596},
{"type":"Feature","geometry":{"type":"LineString","coordinates":[[13.3005486,52.531575],[13.3003649,52.5333206],[13.299927,52.5342279],[13.2994219,52.5347189],[13.2988532,52.5351044],[13.2975154,52.5356817]]},"properties":{"osmId":441142101,"osmType":"way","electrified":"rail","electrified:rail":"bottom","frequency":"0","gauge":"1435","layer":"-2","level":"-2","loading_gauge":"Großprofil","maxspeed":"70","name":"U7","operator":"Berliner Verkehrsbetriebe","railway":"subway","tunnel":"yes","voltage":"750","workrules":"DE:EBO"},"id":441142101},
{"type":"Feature","geometry":{"type":"MultiLineString","coordinates":[[[13.1987886,52.533539],[13.198788251025336,52.53346170211196]],[[13.198788251025336,52.53346170211196],[13.1987878,52.5333618]]]},"properties":{"osmId":441142102,"osmType":"way","electrified":"rail","frequency":"0","gauge":"1435","layer":"-2","loading_gauge":"Großprofil","operator":"Berliner Verkehrsbetriebe","railway":"subway","tunnel":"yes","voltage":"750"},"id":441142102},
{"type":"Feature","geometry":{"type":"MultiLineString","coordinates":[[[13.1988813,52.533523],[13.198788251025336,52.53346170211196]],[[13.198788251025336,52.53346170211196],[13.1986829,52.5333923]],[[13.1986829,52.5333923],[13.1984967,52.5332794]]]},"properties":{"osmId":441142103,"osmType":"way","electrified":"rail","frequency":"0","gauge":"1435","layer":"-2","loading_gauge":"Großprofil","operator":"Berliner Verkehrsbetriebe","railway":"subway","tunnel":"yes","voltage":"750"},"id":441142103},
{"type":"Feature","geometry":{"type":"MultiLineString","coordinates":[[[13.3062747,52.5220681],[13.3060202,52.5230086],[13.3060766,52.5244135],[13.3059735,52.5249117],[13.3055661,52.5256959],[13.305005,52.5262729],[13.3044473,52.5266767],[13.3033947,52.5272637],[13.3023633,52.5280271],[13.301931,52.5284582],[13.3010771,52.5296316],[13.3006301,52.5307879]],[[13.3006301,52.5307879],[13.3006001,52.5318272],[13.3004038,52.5333264],[13.3002054,52.5338836],[13.2997853,52.5344583],[13.2993494,52.5348318],[13.2984854,52.535347],[13.2974666,52.5357263]]]},"properties":{"osmId":441142104,"osmType":"way","electrified":"rail","electrified:rail":"bottom","frequency":"0","gauge":"1435","layer":"-3","level":"-2","loading_gauge":"Großprofil","maxspeed":"70","name":"U7","operator":"Berliner Verkehrsbetriebe","railway":"subway","tunnel":"yes","voltage":"750","workrules":"DE:EBO"},"id":441142104},
{"type":"Feature","geometry":{"type":"LineString","coordinates":[[13.2828793,52.5367108],[13.2768019,52.5369484],[13.2757144,52.5369649],[13.2718656,52.5367714],[13.2702361,52.5367459],[13.2659343,52.536844],[13.2644631,52.5369084],[13.2553594,52.5375354],[13.2526532,52.5376475],[13.2493144,52.5379058],[13.2473119,52.5380863],[13.2454797,52.5381742],[13.2439003,52.5382963],[13.2391959,52.5388928],[13.237854,52.539],[13.2363836,52.5390363],[13.2340343,52.5389155],[13.2331907,52.5388167],[13.2289951,52.5380318],[13.2273976,52.5377706],[13.2229055,52.5370921],[13.2217956,52.5369887],[13.2205562,52.5370111],[13.2196001,52.5371279],[13.2183373,52.5374197],[13.2162549,52.5381002],[13.2150297,52.5383863],[13.2141021,52.5384765],[13.2127595,52.5384336],[13.2113575,52.5382193],[13.209466,52.5381573],[13.208281,52.5383181],[13.2064266,52.5388991],[13.2049634,52.539223],[13.2042394,52.5392792],[13.203085,52.539198],[13.2023498,52.5390267],[13.2012836,52.5385612],[13.2005921,52.5379922],[13.2001422,52.537112],[13.2000128,52.5361274],[13.1997806,52.5353827]]},"properties":{"osmId":441142107,"osmType":"way","electrified":"rail","electrified:rail":"bottom","frequency":"0","gauge":"1435","layer":"-2","level":"-2","loading_gauge":"Großprofil","name":"U7","operator":"Berliner Verkehrsbetriebe","railway":"subway","tunnel":"yes","voltage":"750"},"id":441142107},
{"type":"Feature","geometry":{"type":"MultiLineString","coordinates":[[[13.3009418,52.5298881],[13.3006301,52.5307879]],[[13.3006301,52.5307879],[13.3005486,52.531575]]]},"properties":{"osmId":441142108,"osmType":"way","electrified":"rail","electrified:rail":"bottom","frequency":"0","gauge":"1435","layer":"-2","level":"-1","loading_gauge":"Großprofil","maxspeed":"70","operator":"Berliner Verkehrsbetriebe","railway":"subway","tunnel":"yes","voltage":"750","workrules":"DE:EBO"},"id":441142108},
{"type":"Feature","geometry":{"type":"MultiLineString","coordinates":[[[13.3591682,52.546407],[13.35906063127483,52.54646760112766]],[[13.35906063127483,52.54646760112766],[13.3585441,52.5467586]]]},"properties":{"osmId":441160915,"osmType":"way","electrified":"rail","electrified:rail":"bottom","frequency":"0","gauge":"1435","layer":"-1","level":"-1","loading_gauge":"Großprofil","name":"U6","operator":"Berliner Verkehrsbetriebe","railway":"subway","tunnel":"yes","voltage":"750"},"id":441160915},
{"type":"Feature","geometry":{"type":"MultiLineString","coordinates":[[[13.3585071,52.5467355],[13.359023543797198,52.54644358979544]],[[13.359023543797198,52.54644358979544],[13.3591318,52.5463824],[13.359209309948888,52.546338731645605]],[[13.359209309948888,52.546338731645605],[13.3596934,52.546066]]]},"properties":{"osmId":441160916,"osmType":"way","electrified":"rail","electrified:rail":"bottom","frequency":"0","gauge":"1435","layer":"-1","level":"-1","loading_gauge":"Großprofil","name":"U6","operator":"Berliner Verkehrsbetriebe","railway":"subway","tunnel":"yes","voltage":"750"},"id":441160916},
{"type":"Feature","geometry":{"type":"LineString","coordinates":[[13.3523012,52.4990639],[13.3511885,52.4987984]]},"properties":{"osmId":446918538,"osmType":"way","electrified":"rail","electrified:rail":"top","frequency":"0","gauge":"1435","layer":"-1","level":"-1","loading_gauge":"Kleinprofil","operator":"Berliner Verkehrsbetriebe","railway":"subway","service":"crossover","tunnel":"yes","voltage":"750"},"id":446918538},
{"type":"Feature","geometry":{"type":"LineString","coordinates":[[13.344365,52.4965154],[13.350457,52.498505],[13.3523012,52.4990639]]},"properties":{"osmId":446918539,"osmType":"way","electrified":"rail","electrified:rail":"top","frequency":"0","gauge":"1435","layer":"-1","level":"-1","loading_gauge":"Kleinprofil","maxspeed":"60","name":"U4","operator":"Berliner Verkehrsbetriebe","railway":"subway","tunnel":"yes","voltage":"750"},"id":446918539},
{"type":"Feature","geometry":{"type":"LineString","coordinates":[[13.3443388,52.5016105],[13.3438772,52.5017419]]},"properties":{"osmId":446918540,"osmType":"way","electrified":"rail","electrified:rail":"top","frequency":"0","gauge":"1435","layer":"-1","level":"-2","loading_gauge":"Kleinprofil","name":"U1","note":"U3: Krummelanke; U1: Uhlandstraße","operator":"Berliner Verkehrsbetriebe","railway":"subway","tunnel":"yes","voltage":"750"},"id":446918540},
{"type":"Feature","geometry":{"type":"MultiLineString","coordinates":[[[13.3541023,52.4997447],[13.3538134,52.4996972],[13.3535586,52.4996433],[13.353474632757898,52.49962233227186]],[[13.353474632757898,52.49962233227186],[13.35341684221651,52.499607901211235]],[[13.35341684221651,52.499607901211235],[13.3532971,52.499578],[13.3530291,52.4994838]]]},"properties":{"osmId":446918541,"osmType":"way","electrified":"rail","electrified:rail":"top","frequency":"0","gauge":"1435","layer":"-2","level":"-2","loading_gauge":"Kleinprofil","name":"U4","operator":"Berliner Verkehrsbetriebe","railway":"subway","tunnel":"yes","voltage":"750"},"id":446918541},
{"type":"Feature","geometry":{"type":"MultiLineString","coordinates":[[[13.3541971,52.4997327],[13.353693,52.4996265],[13.353576199990977,52.49960056825488]],[[13.353576199990977,52.49960056825488],[13.3535295,52.4995902],[13.353516741446482,52.49958681413538]],[[13.353516741446482,52.49958681413538],[13.3534466,52.4995682],[13.3533672,52.4995437],[13.35314,52.4994556]]]},"properties":{"osmId":446918542,"osmType":"way","electrified":"rail","electrified:rail":"top","frequency":"0","gauge":"1435","layer":"-1","level":"-1","loading_gauge":"Kleinprofil","name":"U4","operator":"Berliner Verkehrsbetriebe","railway":"subway","tunnel":"yes","voltage":"750"},"id":446918542},
{"type":"Feature","geometry":{"type":"MultiLineString","coordinates":[[[13.3511885,52.4987984],[13.3445108,52.4966287],[13.3427839,52.4961053],[13.3421069,52.4957352],[13.3417964,52.4952046],[13.3417616,52.4942356],[13.3419113,52.4914184],[13.3418509,52.4910589],[13.3413617,52.4904849],[13.3406232,52.4900193],[13.3402632,52.4894899],[13.340161,52.4887375],[13.3401469,52.4886133],[13.340146804527487,52.48860950761961]],[[13.340146804527487,52.48860950761961],[13.340143686536365,52.488485654083426]],[[13.340143686536365,52.488485654083426],[13.3401433,52.4884703],[13.3402541,52.4878199],[13.3416654,52.4839079],[13.341814,52.4833909]]]},"properties":{"osmId":446918543,"osmType":"way","electrified":"rail","electrified:rail":"top","frequency":"0","gauge":"1435","layer":"-1","level":"-1","loading_gauge":"Kleinprofil","maxspeed":"60","name":"U4","operator":"Berliner Verkehrsbetriebe","railway":"subway","tunnel":"yes","voltage":"750"},"id":446918543},
{"type":"Feature","geometry":{"type":"LineString","coordinates":[[13.3547193,52.4998509],[13.3541971,52.4997327]]},"properties":{"osmId":446923117,"osmType":"way","electrified":"rail","electrified:rail":"top","frequency":"0","gauge":"1435","layer":"-1","level":"-1","loading_gauge":"Kleinprofil","name":"U4","operator":"Berliner Verkehrsbetriebe","railway":"subway","tunnel":"yes","voltage":"750"},"id":446923117},
{"type":"Feature","geometry":{"type":"MultiLineString","coordinates":[[[13.3431613,52.4799845],[13.3432456,52.4798728]],[[13.3432456,52.4798728],[13.3433077,52.4797969]]]},"properties":{"osmId":454894412,"osmType":"way","electrified":"rail","electrified:rail":"top","frequency":"0","gauge":"1435","layer":"-1","level":"-1","loading_gauge":"Kleinprofil","operator":"Berliner Verkehrsbetriebe","railway":"subway","tunnel":"yes","voltage":"750"},"id":454894412},
{"type":"Feature","geometry":{"type":"MultiLineString","coordinates":[[[13.3432535,52.4797937],[13.3432456,52.4798728]],[[13.3432456,52.4798728],[13.3432136,52.4799965]]]},"properties":{"osmId":454894413,"osmType":"way","electrified":"rail","electrified:rail":"top","frequency":"0","gauge":"1435","layer":"-1","level":"-1","loading_gauge":"Kleinprofil","operator":"Berliner Verkehrsbetriebe","railway":"subway","tunnel":"yes","voltage":"750"},"id":454894413},
{"type":"Feature","geometry":{"type":"LineString","coordinates":[[13.4478135,52.4426309],[13.4489108,52.4436075],[13.4496504,52.4447638],[13.4498061,52.44536],[13.4500657,52.4475892],[13.4500554,52.4487543],[13.4497935,52.4501541]]},"properties":{"osmId":458254213,"osmType":"way","electrified":"rail","electrified:rail":"bottom","frequency":"0","gauge":"1435","layer":"-1","level":"-1","loading_gauge":"Großprofil","name":"U7","operator":"Berliner Verkehrsbetriebe","railway":"subway","railway:preferred_direction":"forward","tunnel":"yes","voltage":"750"},"id":458254213},
{"type":"Feature","geometry":{"type":"MultiLineString","coordinates":[[[13.373135,52.5572181],[13.373098442199838,52.55717073008325]],[[13.373098442199838,52.55717073008325],[13.3729301,52.5569526],[13.3727294,52.5566613]],[[13.3727294,52.5566613],[13.372688641030116,52.55660223133661]],[[13.372688641030116,52.55660223133661],[13.3711678,52.5543982]],[[13.3711678,52.5543982],[13.3707963,52.5539541],[13.3699748,52.5532388],[13.366688,52.5512069]]]},"properties":{"osmId":460222152,"osmType":"way","electrified":"rail","frequency":"0","gauge":"1435","layer":"-1","level":"-2","loading_gauge":"Großprofil","name":"U9","operator":"Berliner Verkehrsbetriebe","railway":"subway","source":"Geoportal Berlin / K5","tunnel":"yes","voltage":"750"},"id":460222152},
{"type":"Feature","geometry":{"type":"MultiLineString","coordinates":[[[13.3679623,52.5518496],[13.3700708,52.5531768],[13.3709215,52.5539],[13.371293,52.5543707]],[[13.371293,52.5543707],[13.372861,52.5565582]],[[13.372861,52.5565582],[13.372978,52.5567042],[13.3732551374386,52.55705046067183]],[[13.3732551374386,52.55705046067183],[13.373322,52.557134]]]},"properties":{"osmId":460222153,"osmType":"way","electrified":"rail","electrified:rail":"bottom","frequency":"0","gauge":"1435","layer":"-1","level":"-2","loading_gauge":"Großprofil","name":"U9","operator":"Berliner Verkehrsbetriebe","railway":"subway","source":"Geoportal Berlin / K5","tunnel":"yes","voltage":"750"},"id":460222153},
{"type":"Feature","geometry":{"type":"MultiLineString","coordinates":[[[13.3300771,52.4872233],[13.3285365,52.4869306]],[[13.3285365,52.4869306],[13.3268868,52.4866089],[13.3256272,52.4865232],[13.3223555,52.4864484],[13.3213312,52.486486]]]},"properties":{"osmId":462572439,"osmType":"way","electrified":"rail","electrified:rail":"bottom","frequency":"0","gauge":"1435","layer":"-2","level":"-3","loading_gauge":"Großprofil","name":"U7","operator":"Berliner Verkehrsbetriebe","railway":"subway","tunnel":"yes","voltage":"750"},"id":462572439},
{"type":"Feature","geometry":{"type":"MultiLineString","coordinates":[[[13.3324128,52.4875685],[13.3319492,52.4875164],[13.3317786,52.4874888],[13.331182565383859,52.487397180991266]],[[13.331182565383859,52.487397180991266],[13.330813802103188,52.48734049682341]],[[13.330813802103188,52.48734049682341],[13.3304957,52.4872916],[13.3300771,52.4872233]]]},"properties":{"osmId":462572440,"osmType":"way","electrified":"rail","frequency":"0","gauge":"1435","layer":"-3","level":"-3","loading_gauge":"Großprofil","name":"U7","operator":"Berliner Verkehrsbetriebe","railway":"subway","tunnel":"yes","voltage":"750"},"id":462572440},
{"type":"Feature","geometry":{"type":"LineString","coordinates":[[13.3418486,52.518606],[13.3421603,52.5170083]]},"properties":{"osmId":463418761,"osmType":"way","electrified":"rail","electrified:rail":"bottom","frequency":"0","gauge":"1435","layer":"-1","level":"-1","loading_gauge":"Großprofil","name":"Linie G","operator":"Berliner Verkehrsbetriebe","railway":"subway","source":"Geoportal Berlin / K5","tunnel":"yes","voltage":"750"},"id":463418761},
{"type":"Feature","geometry":{"type":"LineString","coordinates":[[13.3731862,52.4995785],[13.370486,52.4996299]]},"properties":{"osmId":463873973,"osmType":"way","bridge":"viaduct","electrified":"rail","electrified:rail":"top","frequency":"0","gauge":"1435","layer":"2","level":"1","loading_gauge":"Kleinprofil","name":"U1","operator":"Berliner Verkehrsbetriebe","railway":"subway","voltage":"750"},"id":463873973},
{"type":"Feature","geometry":{"type":"LineString","coordinates":[[13.3704105,52.4995722],[13.3732852,52.4995024]]},"properties":{"osmId":463873974,"osmType":"way","bridge":"viaduct","electrified":"rail","electrified:rail":"top","frequency":"0","gauge":"1435","layer":"2","level":"1","loading_gauge":"Kleinprofil","name":"U1","operator":"Berliner Verkehrsbetriebe","railway":"subway","voltage":"750"},"id":463873974},
{"type":"Feature","geometry":{"type":"LineString","coordinates":[[13.52176,52.4995661],[13.5224046,52.4984099],[13.5231967,52.4971497],[13.5240042,52.4960364],[13.5247529,52.4953982]]},"properties":{"osmId":464757323,"osmType":"way","detail":"track","electrified":"rail","electrified:rail":"bottom","frequency":"0","gauge":"1435","layer":"-2","level":"-2","loading_gauge":"Großprofil","maxspeed":"70","operator":"Berliner Verkehrsbetriebe","passenger_lines":"2","railway":"subway","tunnel":"yes","voltage":"750","workrules":"DE:BOStrab"},"id":464757323},
{"type":"Feature","geometry":{"type":"MultiLineString","coordinates":[[[13.5217965,52.4996445],[13.520965,52.5006068],[13.5200192,52.5011911],[13.518796988525573,52.50176500240451]],[[13.518796988525573,52.50176500240451],[13.518456511997377,52.50192487678166]],[[13.518456511997377,52.50192487678166],[13.5181187,52.5020835],[13.5175954,52.5023456],[13.5165861,52.502954],[13.516480394115796,52.50303282239382]],[[13.516480394115796,52.50303282239382],[13.515898,52.5034671],[13.515696623529324,52.503650069227085]],[[13.515696623529324,52.503650069227085],[13.5139266,52.5052583]],[[13.5139266,52.5052583],[13.5122617,52.5067806],[13.5115907,52.5071968],[13.5103478,52.5075586],[13.5000425,52.5108022]]]},"properties":{"osmId":464757330,"osmType":"way","detail":"track","electrified":"rail","electrified:rail":"bottom","frequency":"0","gauge":"1435","layer":"-2","level":"-1","loading_gauge":"Großprofil","maxspeed":"70","operator":"Berliner Verkehrsbetriebe","passenger_lines":"2","railway":"subway","tunnel":"yes","voltage":"750","workrules":"DE:BOStrab"},"id":464757330},
{"type":"Feature","geometry":{"type":"LineString","coordinates":[[13.5247529,52.4953982],[13.5253079,52.495134],[13.5263327,52.4949],[13.527651,52.4949412],[13.5284318,52.4951437]]},"properties":{"osmId":464757334,"osmType":"way","detail":"track","electrified":"rail","electrified:rail":"bottom","frequency":"0","gauge":"1435","layer":"-2","level":"-1","loading_gauge":"Großprofil","maxspeed":"70","operator":"Berliner Verkehrsbetriebe","passenger_lines":"2","railway":"subway","tunnel":"yes","voltage":"750","workrules":"DE:BOStrab"},"id":464757334},
{"type":"Feature","geometry":{"type":"LineString","coordinates":[[13.5284102,52.4951777],[13.5276354,52.4949759],[13.5263432,52.4949354],[13.5256152,52.4950748]]},"properties":{"osmId":464757339,"osmType":"way","detail":"track","electrified":"rail","electrified:rail":"bottom","frequency":"0","gauge":"1435","layer":"-2","level":"-1","loading_gauge":"Großprofil","maxspeed":"70","operator":"Berliner Verkehrsbetriebe","passenger_lines":"2","railway":"subway","tunnel":"yes","voltage":"750","workrules":"DE:BOStrab"},"id":464757339},
{"type":"Feature","geometry":{"type":"LineString","coordinates":[[13.3133583,52.5120592],[13.3122916,52.5119738]]},"properties":{"osmId":465443538,"osmType":"way","electrified":"rail","frequency":"0","gauge":"1435","layer":"-2","level":"-2","loading_gauge":"Kleinprofil","operator":"Berliner Verkehrsbetriebe","railway":"subway","service":"siding","start_date":"1974","tunnel":"yes","voltage":"750"},"id":465443538},
{"type":"Feature","geometry":{"type":"MultiLineString","coordinates":[[[13.3368682,52.5040118],[13.3394227,52.5030171],[13.339721,52.5028586]],[[13.339721,52.5028586],[13.3401669,52.5026439]],[[13.3401669,52.5026439],[13.3415306,52.5020853]]]},"properties":{"osmId":465450656,"osmType":"way","electrified":"rail","electrified:rail":"top","frequency":"0","gauge":"1435","layer":"-1","level":"-2","loading_gauge":"Kleinprofil","name":"U1","note":"TODO: check where exactly it goes underground","operator":"Berliner Verkehrsbetriebe","passenger_lines":"2","railway":"subway","ref":"BII","start_date":"1913-10-12","tunnel":"yes","voltage":"750","workrules":"DE:BOStrab"},"id":465450656},
{"type":"Feature","geometry":{"type":"MultiLineString","coordinates":[[[13.3897268,52.5117835],[13.389678801977283,52.512061728678574]],[[13.389678801977283,52.512061728678574],[13.389663523195399,52.51215029472886]],[[13.389663523195399,52.51215029472886],[13.3896127,52.5124449]]]},"properties":{"osmId":465637628,"osmType":"way","electrified":"rail","electrified:rail":"bottom","frequency":"0","gauge":"1435","layer":"-2","level":"-2","loading_gauge":"Großprofil","name":"U6","network":"BVG","operator":"Berliner Verkehrsbetriebe","railway":"subway","tunnel":"yes","voltage":"750"},"id":465637628},
{"type":"Feature","geometry":{"type":"MultiLineString","coordinates":[[[13.389489,52.5124956],[13.389535772863033,52.51214245509898]],[[13.389535772863033,52.51214245509898],[13.389547407812328,52.51205460879771]],[[13.389547407812328,52.51205460879771],[13.3895846,52.5117738]]]},"properties":{"osmId":465637630,"osmType":"way","electrified":"rail","electrified:rail":"bottom","frequency":"0","gauge":"1435","layer":"-2","level":"-2","loading_gauge":"Großprofil","name":"U6","operator":"Berliner Verkehrsbetriebe","railway":"subway","tunnel":"yes","voltage":"750"},"id":465637630},
{"type":"Feature","geometry":{"type":"LineString","coordinates":[[13.4335425,52.4821325],[13.4314214,52.4831581],[13.4288921,52.4842925],[13.4271607,52.4851427]]},"properties":{"osmId":465669921,"osmType":"way","electrified":"rail","frequency":"0","gauge":"1435","layer":"-1","level":"-2","loading_gauge":"Großprofil","name":"U7","operator":"Berliner Verkehrsbetriebe","railway":"subway","tunnel":"yes","voltage":"750"},"id":465669921},
{"type":"Feature","geometry":{"type":"LineString","coordinates":[[13.433477,52.4821034],[13.4313959,52.4831417],[13.42888,52.4842753],[13.4270749,52.4850479]]},"properties":{"osmId":465669922,"osmType":"way","electrified":"rail","electrified:rail":"bottom","frequency":"0","gauge":"1435","layer":"-3","level":"-2","loading_gauge":"Großprofil","name":"U7","operator":"Berliner Verkehrsbetriebe","railway":"subway","tunnel":"yes","voltage":"750"},"id":465669922},
{"type":"Feature","geometry":{"type":"MultiLineString","coordinates":[[[13.4270749,52.4850479],[13.4249408,52.4860494]],[[13.4249408,52.4860494],[13.4245869,52.4862142],[13.424482744520697,52.486254983460626]],[[13.424482744520697,52.486254983460626],[13.4243854,52.4862931],[13.424305108284646,52.48632174127058]],[[13.424305108284646,52.48632174127058],[13.4242685,52.4863348],[13.4234231,52.4865888]],[[13.4234231,52.4865888],[13.4217889,52.4870379]]]},"properties":{"osmId":465669923,"osmType":"way","electrified":"rail","electrified:rail":"bottom","frequency":"0","gauge":"1435","layer":"-3","level":"-3","loading_gauge":"Großprofil","name":"U7","operator":"Berliner Verkehrsbetriebe","railway":"subway","tunnel":"yes","voltage":"750"},"id":465669923},
{"type":"Feature","geometry":{"type":"MultiLineString","coordinates":[[[13.4271607,52.4851427],[13.4250257,52.4861194]],[[13.4250257,52.4861194],[13.4246314,52.4862958],[13.424525170359779,52.48633788328055]],[[13.424525170359779,52.48633788328055],[13.4244754,52.4863576],[13.42434788323545,52.48640641501143]],[[13.42434788323545,52.48640641501143],[13.4243346,52.4864115],[13.4234828,52.4866629]],[[13.4234828,52.4866629],[13.4228638,52.4868212]]]},"properties":{"osmId":465669924,"osmType":"way","electrified":"rail","frequency":"0","gauge":"1435","layer":"-1","level":"-3","loading_gauge":"Großprofil","name":"U7","operator":"Berliner Verkehrsbetriebe","railway":"subway","tunnel":"yes","voltage":"750"},"id":465669924},
{"type":"Feature","geometry":{"type":"MultiLineString","coordinates":[[[13.3895018,52.4952011],[13.3897217,52.4955838],[13.389721783574469,52.49572754808677]],[[13.389721783574469,52.49572754808677],[13.3897218,52.4957558],[13.3896857,52.4960238],[13.3895348,52.4964431],[13.3891615,52.4969672]]]},"properties":{"osmId":465683488,"osmType":"way","electrified":"rail","electrified:rail":"bottom","frequency":"0","gauge":"1435","layer":"-1","level":"-3","loading_gauge":"Großprofil","name":"U7","operator":"Berliner Verkehrsbetriebe","railway":"subway","tunnel":"yes","voltage":"750"},"id":465683488},
{"type":"Feature","geometry":{"type":"MultiLineString","coordinates":[[[13.3894608,52.495213],[13.389536,52.4953768],[13.389618765325404,52.495605141075714]],[[13.389618765325404,52.495605141075714],[13.3896231,52.4956171],[13.3896053,52.4959975],[13.3891703,52.4968739]]]},"properties":{"osmId":465683489,"osmType":"way","electrified":"rail","electrified:rail":"bottom","frequency":"0","gauge":"1435","layer":"-1","level":"-3","loading_gauge":"Großprofil","name":"U7","operator":"Berliner Verkehrsbetriebe","railway":"subway","tunnel":"yes","voltage":"750"},"id":465683489},
{"type":"Feature","geometry":{"type":"LineString","coordinates":[[13.3881788,52.4933854],[13.3896055,52.495174],[13.3900944,52.4956687]]},"properties":{"osmId":465683490,"osmType":"way","electrified":"rail","electrified:rail":"bottom","frequency":"0","gauge":"1435","layer":"-1","level":"-2","loading_gauge":"Großprofil","name":"U6","operator":"Berliner Verkehrsbetriebe","railway":"subway","tunnel":"yes","voltage":"750"},"id":465683490},
{"type":"Feature","geometry":{"type":"MultiLineString","coordinates":[[[13.3897411,52.4957505],[13.389721783574469,52.49572754808677]],[[13.389721783574469,52.49572754808677],[13.389618765325404,52.495605141075714]],[[13.389618765325404,52.495605141075714],[13.3894494,52.4954039],[13.389153,52.4950083],[13.388632,52.494366],[13.3881937,52.4938704]],[[13.3881937,52.4938704],[13.3879275,52.4934455]]]},"properties":{"osmId":465683491,"osmType":"way","electrified":"rail","electrified:rail":"bottom","frequency":"0","gauge":"1435","layer":"-2","level":"-2","loading_gauge":"Großprofil","name":"U6","operator":"Berliner Verkehrsbetriebe","railway":"subway","ref":"C","tunnel":"yes","voltage":"750"},"id":465683491},
{"type":"Feature","geometry":{"type":"LineString","coordinates":[[13.3865002,52.4904229],[13.3871233,52.4919813],[13.3876885,52.4927931]]},"properties":{"osmId":465683492,"osmType":"way","electrified":"rail","electrified:rail":"bottom","frequency":"0","gauge":"1435","layer":"-2","level":"-3","loading_gauge":"Großprofil","name":"U6","operator":"Berliner Verkehrsbetriebe","railway":"subway","ref":"C","tunnel":"yes","voltage":"750"},"id":465683492},
{"type":"Feature","geometry":{"type":"LineString","coordinates":[[13.3879275,52.4934455],[13.3870454,52.4920032],[13.3864101,52.4904369]]},"properties":{"osmId":465683493,"osmType":"way","electrified":"rail","electrified:rail":"bottom","frequency":"0","gauge":"1435","layer":"-2","level":"-3","loading_gauge":"Großprofil","name":"U6","operator":"Berliner Verkehrsbetriebe","railway":"subway","ref":"C","tunnel":"yes","voltage":"750"},"id":465683493},
{"type":"Feature","geometry":{"type":"LineString","coordinates":[[13.3358152,52.5956442],[13.3360879,52.59566]]},"properties":{"osmId":471367553,"osmType":"way","electrified":"rail","electrified:rail":"bottom","frequency":"0","gauge":"1435","layer":"-2","level":"-2","loading_gauge":"Großprofil","maxspeed":"70","operator":"Berliner Verkehrsbetriebe","railway":"subway","tunnel":"yes","voltage":"750"},"id":471367553},
{"type":"Feature","geometry":{"type":"LineString","coordinates":[[13.3358117,52.5957701],[13.3361111,52.5957864]]},"properties":{"osmId":471367554,"osmType":"way","electrified":"rail","electrified:rail":"bottom","frequency":"0","gauge":"1435","layer":"-2","level":"-2","loading_gauge":"Großprofil","maxspeed":"70","operator":"Berliner Verkehrsbetriebe","railway":"subway","tunnel":"yes","voltage":"750"},"id":471367554},
{"type":"Feature","geometry":{"type":"LineString","coordinates":[[13.415644,52.5100455],[13.4112993,52.5044744]]},"properties":{"osmId":485163012,"osmType":"way","electrified":"rail","electrified:rail":"bottom","frequency":"0","gauge":"1435","layer":"-2","level":"-2","loading_gauge":"Großprofil","name":"U8","operator":"Berliner Verkehrsbetriebe","railway":"subway","tunnel":"yes","voltage":"750"},"id":485163012},
{"type":"Feature","geometry":{"type":"LineString","coordinates":[[13.6202099,52.5392772],[13.6168669,52.5388531],[13.6157044,52.5386526],[13.61124,52.5377185],[13.6079226,52.5370875],[13.6040396,52.536066]]},"properties":{"osmId":486128847,"osmType":"way","cutting":"yes","electrified":"rail","electrified:rail":"bottom","fixme":"Ist \"Einschnitt\" als Struktur-Typ wirklich richtig? Gleiche Frage gilt auch für die anderen Gleise der U5 der BVG. Bitte mögliche Fehler beheben, wer sich auskennt.","frequency":"0","gauge":"1435","level":"-1","loading_gauge":"Großprofil","maxspeed":"60","operator":"Berliner Verkehrsbetriebe","railway":"subway","voltage":"750"},"id":486128847},
{"type":"Feature","geometry":{"type":"LineString","coordinates":[[13.2574522,52.5163603],[13.2562215,52.5163047],[13.2542966,52.516042],[13.2534286,52.5160822]]},"properties":{"osmId":507294978,"osmType":"way","electrified":"rail","electrified:rail":"top","frequency":"0","gauge":"1435","layer":"-2","level":"-1","loading_gauge":"Kleinprofil","operator":"Berliner Verkehrsbetriebe","railway":"subway","tunnel":"yes","voltage":"750"},"id":507294978},
{"type":"Feature","geometry":{"type":"LineString","coordinates":[[13.2614915,52.515922],[13.2606007,52.5161521],[13.2583407,52.5163361],[13.2574522,52.5163603]]},"properties":{"osmId":507294983,"osmType":"way","electrified":"rail","electrified:rail":"top","frequency":"0","gauge":"1435","layer":"-2","level":"-2","loading_gauge":"Kleinprofil","operator":"Berliner Verkehrsbetriebe","railway":"subway","tunnel":"yes","voltage":"750"},"id":507294983},
{"type":"Feature","geometry":{"type":"LineString","coordinates":[[13.25732,52.5162791],[13.2583323,52.5162611],[13.260229,52.5161105],[13.2612578,52.5159093]]},"properties":{"osmId":507294988,"osmType":"way","electrified":"rail","electrified:rail":"top","frequency":"0","gauge":"1435","layer":"-2","level":"-2","loading_gauge":"Kleinprofil","operator":"Berliner Verkehrsbetriebe","railway":"subway","tunnel":"yes","voltage":"750"},"id":507294988},
{"type":"Feature","geometry":{"type":"LineString","coordinates":[[13.593085,52.5324398],[13.5943063,52.5331119],[13.5953095,52.5334549],[13.5974673,52.5340607],[13.5993973,52.5346778],[13.604164,52.5359427]]},"properties":{"osmId":518326502,"osmType":"way","cutting":"yes","electrified":"rail","electrified:rail":"bottom","frequency":"0","gauge":"1435","layer":"-1","loading_gauge":"Großprofil","maxspeed":"60","operator":"Berliner Verkehrsbetriebe","railway":"subway","voltage":"750"},"id":518326502},
{"type":"Feature","geometry":{"type":"MultiLineString","coordinates":[[[13.6040396,52.536066],[13.6026767,52.5356414]],[[13.6026767,52.5356414],[13.601855,52.5353838],[13.5986653,52.5345386],[13.5955883,52.5336845],[13.5939687,52.5330204],[13.5930351,52.5324607]]]},"properties":{"osmId":518326503,"osmType":"way","cutting":"yes","electrified":"rail","electrified:rail":"bottom","frequency":"0","gauge":"1435","loading_gauge":"Großprofil","maxspeed":"60","operator":"Berliner Verkehrsbetriebe","railway":"subway","voltage":"750"},"id":518326503},
{"type":"Feature","geometry":{"type":"LineString","coordinates":[[13.5476025,52.4999311],[13.5490012,52.500308]]},"properties":{"osmId":520730034,"osmType":"way","detail":"track","electrified":"rail","electrified:rail":"bottom","frequency":"0","gauge":"1435","loading_gauge":"Großprofil","maxspeed":"60","operator":"Berliner Verkehrsbetriebe","railway":"subway","service":"siding","voltage":"750","workrules":"DE:BOStrab"},"id":520730034},
{"type":"Feature","geometry":{"type":"LineString","coordinates":[[13.5682206,52.5106242],[13.5686554,52.5108898]]},"properties":{"osmId":520751016,"osmType":"way","detail":"track","electrified":"rail","electrified:rail":"bottom","frequency":"0","gauge":"1435","layer":"-1","loading_gauge":"Großprofil","maxspeed":"60","operator":"Berliner Verkehrsbetriebe","passenger_lines":"2","railway":"subway","voltage":"750","workrules":"DE:BOStrab"},"id":520751016},
{"type":"Feature","geometry":{"type":"LineString","coordinates":[[13.4228638,52.4868212],[13.4215356,52.487205],[13.4206916,52.487381]]},"properties":{"osmId":523653742,"osmType":"way","electrified":"rail","frequency":"0","gauge":"1435","layer":"-1","level":"-2","loading_gauge":"Großprofil","name":"U7","operator":"Berliner Verkehrsbetriebe","railway":"subway","tunnel":"yes","voltage":"750"},"id":523653742},
{"type":"Feature","geometry":{"type":"LineString","coordinates":[[13.4217889,52.4870379],[13.4203711,52.4873476]]},"properties":{"osmId":523653747,"osmType":"way","electrified":"rail","electrified:rail":"bottom","frequency":"0","gauge":"1435","layer":"-3","level":"-2","loading_gauge":"Großprofil","name":"U7","operator":"Berliner Verkehrsbetriebe","railway":"subway","tunnel":"yes","voltage":"750"},"id":523653747},
{"type":"Feature","geometry":{"type":"LineString","coordinates":[[13.3886327,52.4925518],[13.3880657,52.4931132]]},"properties":{"osmId":523653754,"osmType":"way","electrified":"rail","electrified:rail":"bottom","frequency":"0","gauge":"1435","layer":"-3","level":"-2","loading_gauge":"Großprofil","name":"U7","operator":"Berliner Verkehrsbetriebe","railway":"subway","ref":"C'","tunnel":"yes","voltage":"750"},"id":523653754},
{"type":"Feature","geometry":{"type":"MultiLineString","coordinates":[[[13.3886381,52.4926147],[13.3881206,52.4932119],[13.388113170405267,52.493302185727295]],[[13.388113170405267,52.493302185727295],[13.3881114,52.4933237],[13.3881158,52.4933815],[13.388215,52.4935823],[13.3895018,52.4952011]]]},"properties":{"osmId":523653759,"osmType":"way","electrified":"rail","frequency":"0","gauge":"1435","layer":"-1","level":"-2","loading_gauge":"Großprofil","name":"U7","operator":"Berliner Verkehrsbetriebe","railway":"subway","ref":"C'","tunnel":"yes","voltage":"750"},"id":523653759},
{"type":"Feature","geometry":{"type":"MultiLineString","coordinates":[[[13.3607988,52.5475586],[13.3605864,52.5474501]],[[13.3605864,52.5474501],[13.3604035,52.5473599]]]},"properties":{"osmId":524323537,"osmType":"way","electrified":"rail","frequency":"0","gauge":"1435","layer":"-1","level":"-2","loading_gauge":"Großprofil","operator":"Berliner Verkehrsbetriebe","railway":"subway","service":"siding","tunnel":"yes","voltage":"750"},"id":524323537},
{"type":"Feature","geometry":{"type":"LineString","coordinates":[[13.341321,52.5273953],[13.3413801,52.5278293]]},"properties":{"osmId":524575560,"osmType":"way","electrified":"rail","electrified:rail":"bottom","frequency":"0","gauge":"1435","layer":"-1","level":"-2","loading_gauge":"Großprofil","operator":"Berliner Verkehrsbetriebe","railway":"subway","tunnel":"yes","voltage":"750"},"id":524575560},
{"type":"Feature","geometry":{"type":"LineString","coordinates":[[13.3872057,52.4404519],[13.3874027,52.440287]]},"properties":{"osmId":525823542,"osmType":"way","electrified":"rail","electrified:rail":"bottom","frequency":"0","gauge":"1435","layer":"-2","level":"-2","loading_gauge":"Großprofil","network":"BVG","operator":"Berliner Verkehrsbetriebe","railway":"subway","tunnel":"yes","voltage":"750"},"id":525823542},
{"type":"Feature","geometry":{"type":"LineString","coordinates":[[13.3510085,52.5508862],[13.3513651,52.5507296]]},"properties":{"osmId":526093493,"osmType":"way","electrified":"rail","electrified:rail":"bottom","frequency":"0","gauge":"1435","layer":"-1","loading_gauge":"Großprofil","name":"4","operator":"Berliner Verkehrsbetriebe","railway":"subway","service":"yard","tunnel":"yes","voltage":"750"},"id":526093493},
{"type":"Feature","geometry":{"type":"LineString","coordinates":[[13.3511623,52.5509757],[13.3514585,52.5507629]]},"properties":{"osmId":526093496,"osmType":"way","electrified":"rail","electrified:rail":"bottom","frequency":"0","gauge":"1435","layer":"-1","loading_gauge":"Großprofil","name":"4","operator":"Berliner Verkehrsbetriebe","railway":"subway","service":"yard","tunnel":"yes","voltage":"750"},"id":526093496},
{"type":"Feature","geometry":{"type":"MultiLineString","coordinates":[[[13.3886736,52.5176614],[13.3887251,52.5175204]],[[13.3887251,52.5175204],[13.3887717,52.5173947]]]},"properties":{"osmId":526093501,"osmType":"way","electrified":"rail","electrified:rail":"bottom","frequency":"0","gauge":"1435","layer":"-1","level":"-1","loading_gauge":"Großprofil","network":"BVG","operator":"Berliner Verkehrsbetriebe","passenger_lines":"2","railway":"subway","ref":"C","tunnel":"yes","voltage":"750"},"id":526093501},
{"type":"Feature","geometry":{"type":"MultiLineString","coordinates":[[[13.3887186,52.5173944],[13.3887251,52.5175204]],[[13.3887251,52.5175204],[13.3887291,52.5176669]]]},"properties":{"osmId":526093505,"osmType":"way","electrified":"rail","electrified:rail":"bottom","frequency":"0","gauge":"1435","layer":"-1","level":"-1","loading_gauge":"Großprofil","network":"BVG","operator":"Berliner Verkehrsbetriebe","passenger_lines":"2","railway":"subway","ref":"C","tunnel":"yes","voltage":"750"},"id":526093505},
{"type":"Feature","geometry":{"type":"MultiLineString","coordinates":[[[13.3868141,52.4416145],[13.3868913,52.4414695]],[[13.3868913,52.4414695],[13.3869754,52.4413174]]]},"properties":{"osmId":526093530,"osmType":"way","electrified":"rail","electrified:rail":"bottom","frequency":"0","gauge":"1435","layer":"-2","level":"-2","loading_gauge":"Großprofil","network":"BVG","operator":"Berliner Verkehrsbetriebe","railway":"subway","tunnel":"yes","voltage":"750"},"id":526093530},
{"type":"Feature","geometry":{"type":"MultiLineString","coordinates":[[[13.3868645,52.4416281],[13.3868913,52.4414695]],[[13.3868913,52.4414695],[13.3869167,52.4413102]]]},"properties":{"osmId":526093533,"osmType":"way","electrified":"rail","electrified:rail":"bottom","frequency":"0","gauge":"1435","layer":"-2","level":"-2","loading_gauge":"Großprofil","network":"BVG","operator":"Berliner Verkehrsbetriebe","railway":"subway","tunnel":"yes","voltage":"750"},"id":526093533},
{"type":"Feature","geometry":{"type":"MultiLineString","coordinates":[[[13.334571,52.4987332],[13.3337382,52.4980123],[13.3313224,52.4965865],[13.3310794,52.4963377],[13.3309638,52.4961546],[13.330936844816327,52.49609283057654]],[[13.330936844816327,52.49609283057654],[13.330849764143881,52.49589327998189]],[[13.330849764143881,52.49589327998189],[13.3308465,52.4958858],[13.3307123,52.495702],[13.3299277,52.4953688],[13.3279498,52.4951719],[13.3270384,52.4949829],[13.3240186,52.493878],[13.32154,52.492893],[13.3161633,52.4911026],[13.3152317,52.4906823],[13.3146688,52.4902943],[13.314651960242715,52.49027799544499]],[[13.314651960242715,52.49027799544499],[13.3145807,52.490209],[13.314520072435432,52.49014917633684]],[[13.314520072435432,52.49014917633684],[13.3144902,52.4901197],[13.3142152,52.4897483],[13.3138755,52.4888811],[13.3138661,52.4879103],[13.3136088,52.4838181]]]},"properties":{"osmId":528139677,"osmType":"way","electrified":"rail","electrified:rail":"top","frequency":"0","gauge":"1435","layer":"-1","level":"-1","loading_gauge":"Kleinprofil","maxspeed":"60","name":"U3","note":"TODO: check where exactly it goes underground","operator":"Berliner Verkehrsbetriebe","railway":"subway","ref":"U3","tunnel":"yes","usage":"main","voltage":"750"},"id":528139677},
{"type":"Feature","geometry":{"type":"LineString","coordinates":[[13.3124328,52.4787764],[13.3125387,52.4784992],[13.3133618,52.4771325],[13.3140217,52.4757945],[13.314397,52.4744788],[13.3142607,52.4722774],[13.3140016,52.4717048],[13.313033,52.4704133],[13.3123009,52.4696525],[13.311043,52.4685438],[13.3100504,52.4677838]]},"properties":{"osmId":530212718,"osmType":"way","electrified":"rail","electrified:rail":"top","frequency":"0","gauge":"1435","layer":"-1","level":"-1","loading_gauge":"Kleinprofil","maxspeed":"60","name":"U3","operator":"Berliner Verkehrsbetriebe","railway":"subway","tunnel":"yes","usage":"main","voltage":"750"},"id":530212718},
{"type":"Feature","geometry":{"type":"LineString","coordinates":[[13.4499468,52.4489704],[13.4497146,52.4501426],[13.4493534,52.4512369]]},"properties":{"osmId":532916602,"osmType":"way","electrified":"rail","electrified:rail":"bottom","frequency":"0","gauge":"1435","layer":"-1","level":"-1","loading_gauge":"Großprofil","name":"U7","operator":"Berliner Verkehrsbetriebe","railway":"subway","tunnel":"yes","voltage":"750"},"id":532916602},
{"type":"Feature","geometry":{"type":"LineString","coordinates":[[13.4477042,52.4426682],[13.4469909,52.4418524],[13.4469073,52.4410675],[13.4469931,52.4403126],[13.4476205,52.4388853]]},"properties":{"osmId":532916603,"osmType":"way","electrified":"rail","electrified:rail":"bottom","frequency":"0","gauge":"1435","layer":"-1","level":"-1","loading_gauge":"Großprofil","name":"U7","operator":"Berliner Verkehrsbetriebe","railway":"subway","railway:preferred_direction":"forward","tunnel":"yes","voltage":"750"},"id":532916603},
{"type":"Feature","geometry":{"type":"LineString","coordinates":[[13.2481812,52.520239],[13.2481902,52.5204606]]},"properties":{"osmId":533693945,"osmType":"way","electrified":"rail","electrified:rail":"top","frequency":"0","gauge":"1435","loading_gauge":"Kleinprofil","operator":"Berliner Verkehrsbetriebe","railway":"subway","service":"yard","voltage":"750"},"id":533693945},
{"type":"Feature","geometry":{"type":"LineString","coordinates":[[13.2482335,52.520283],[13.2482302,52.5200851]]},"properties":{"osmId":533693946,"osmType":"way","electrified":"rail","electrified:rail":"top","frequency":"0","gauge":"1435","loading_gauge":"Kleinprofil","operator":"Berliner Verkehrsbetriebe","railway":"subway","service":"yard","voltage":"750"},"id":533693946},
{"type":"Feature","geometry":{"type":"LineString","coordinates":[[13.2482335,52.520283],[13.2482994,52.5204832]]},"properties":{"osmId":533693947,"osmType":"way","electrified":"rail","electrified:rail":"top","frequency":"0","gauge":"1435","loading_gauge":"Kleinprofil","operator":"Berliner Verkehrsbetriebe","railway":"subway","ref":"411","service":"yard","voltage":"750"},"id":533693947},
{"type":"Feature","geometry":{"type":"LineString","coordinates":[[13.2482994,52.5204832],[13.2484375,52.5206275]]},"properties":{"osmId":533693948,"osmType":"way","electrified":"rail","electrified:rail":"top","frequency":"0","gauge":"1435","loading_gauge":"Kleinprofil","operator":"Berliner Verkehrsbetriebe","railway":"subway","ref":"410","service":"yard","voltage":"750"},"id":533693948},
{"type":"Feature","geometry":{"type":"MultiLineString","coordinates":[[[13.410202,52.5695866],[13.4111116,52.5678026]],[[13.4111116,52.5678026],[13.4112761,52.5674509]],[[13.4112761,52.5674509],[13.4113625,52.567257]]]},"properties":{"osmId":536717047,"osmType":"way","electrified":"rail","electrified:rail":"top","frequency":"0","gauge":"1435","layer":"-2","level":"-2","loading_gauge":"Kleinprofil","operator":"Berliner Verkehrsbetriebe","railway":"subway","tunnel":"yes","voltage":"750"},"id":536717047},
{"type":"Feature","geometry":{"type":"LineString","coordinates":[[13.412254,52.5661263],[13.4118502,52.5668006]]},"properties":{"osmId":536717052,"osmType":"way","electrified":"rail","electrified:rail":"top","frequency":"0","gauge":"1435","layer":"-1","level":"-2","loading_gauge":"Kleinprofil","operator":"Berliner Verkehrsbetriebe","railway":"subway","tunnel":"yes","voltage":"750"},"id":536717052},
{"type":"Feature","geometry":{"type":"LineString","coordinates":[[13.3976534,52.5358318],[13.3976004,52.5361761]]},"properties":{"osmId":538744527,"osmType":"way","electrified":"rail","frequency":"0","gauge":"1435","layer":"-1","loading_gauge":"Großprofil","operator":"Berliner Verkehrsbetriebe","railway":"subway","service":"siding","tunnel":"yes","voltage":"750"},"id":538744527},
{"type":"Feature","geometry":{"type":"LineString","coordinates":[[13.2391239,52.441793],[13.2408789,52.4431439]]},"properties":{"osmId":550145575,"osmType":"way","electrified":"rail","electrified:rail":"top","frequency":"0","gauge":"1435","layer":"-1","loading_gauge":"Kleinprofil","railway":"subway","service":"yard","tunnel":"yes","usage":"yard","voltage":"750"},"id":550145575},
{"type":"Feature","geometry":{"type":"LineString","coordinates":[[13.57636,52.5126173],[13.5740731,52.5126493]]},"properties":{"osmId":550965670,"osmType":"way","description":"U Wuhletal, Gleis","detail":"track","electrified":"rail","electrified:rail":"bottom","frequency":"0","gauge":"1435","layer":"-1","level":"1","loading_gauge":"Großprofil","maxspeed":"60","operator":"Berliner Verkehrsbetriebe","passenger_lines":"2","railway":"subway","railway:track_ref":"1","voltage":"750","workrules":"DE:BOStrab"},"id":550965670},
{"type":"Feature","geometry":{"type":"LineString","coordinates":[[13.5763601,52.5125757],[13.5765901,52.5125719]]},"properties":{"osmId":550965671,"osmType":"way","detail":"track","electrified":"rail","electrified:rail":"bottom","frequency":"0","gauge":"1435","layer":"-1","level":"1","loading_gauge":"Großprofil","maxspeed":"60","operator":"Berliner Verkehrsbetriebe","passenger_lines":"2","railway":"subway","voltage":"750","workrules":"DE:BOStrab"},"id":550965671},
{"type":"Feature","geometry":{"type":"LineString","coordinates":[[13.5713264,52.5119866],[13.5703955,52.5116534]]},"properties":{"osmId":572205464,"osmType":"way","detail":"track","electrified":"rail","electrified:rail":"bottom","frequency":"0","gauge":"1435","loading_gauge":"Großprofil","maxspeed":"25","operator":"Berliner Verkehrsbetriebe","railway":"subway","service":"yard","voltage":"750","workrules":"DE:BOStrab"},"id":572205464},
{"type":"Feature","geometry":{"type":"MultiLineString","coordinates":[[[13.3431613,52.4799845],[13.3432535,52.4797937]],[[13.3432535,52.4797937],[13.3433332,52.4795989]]]},"properties":{"osmId":581541251,"osmType":"way","electrified":"rail","electrified:rail":"top","frequency":"0","gauge":"1435","layer":"-1","level":"-1","loading_gauge":"Kleinprofil","name":"U4","operator":"Berliner Verkehrsbetriebe","railway":"subway","source":"BVG","tunnel":"yes","voltage":"750"},"id":581541251},
{"type":"Feature","geometry":{"type":"MultiLineString","coordinates":[[[13.3433077,52.4797969],[13.3432136,52.4799965]],[[13.3432136,52.4799965],[13.3427991,52.4809051],[13.3423729,52.4820812],[13.3421761,52.4828266]]]},"properties":{"osmId":581541252,"osmType":"way","electrified":"rail","electrified:rail":"top","frequency":"0","gauge":"1435","layer":"-1","level":"-1","loading_gauge":"Kleinprofil","maxspeed":"60","name":"U4","operator":"Berliner Verkehrsbetriebe","railway":"subway","tunnel":"yes","voltage":"750"},"id":581541252},
{"type":"Feature","geometry":{"type":"MultiLineString","coordinates":[[[13.4478169,52.5035167],[13.448014,52.5037578]],[[13.448014,52.5037578],[13.448256,52.504075]]]},"properties":{"osmId":592151253,"osmType":"way","electrified":"rail","electrified:rail":"top","frequency":"0","gauge":"1435","layer":"2","level":"1","loading_gauge":"Kleinprofil","name":"U1","operator":"Berliner Verkehrsbetriebe","railway":"subway","tunnel":"no","voltage":"750"},"id":592151253},
{"type":"Feature","geometry":{"type":"LineString","coordinates":[[13.4480414,52.5038766],[13.4477699,52.5035292]]},"properties":{"osmId":592151254,"osmType":"way","electrified":"rail","electrified:rail":"top","frequency":"0","gauge":"1435","layer":"2","level":"1","loading_gauge":"Kleinprofil","name":"U1","operator":"Berliner Verkehrsbetriebe","railway":"subway","tunnel":"no","voltage":"750"},"id":592151254},
{"type":"Feature","geometry":{"type":"LineString","coordinates":[[13.4063641,52.4984069],[13.4044352,52.4983963]]},"properties":{"osmId":598541435,"osmType":"way","bridge":"viaduct","electrified":"rail","electrified:rail":"top","frequency":"0","gauge":"1435","layer":"2","level":"1","loading_gauge":"Kleinprofil","name":"U1","operator":"Berliner Verkehrsbetriebe","railway":"subway","railway:track_ref":"1","tunnel":"no","voltage":"750"},"id":598541435},
{"type":"Feature","geometry":{"type":"LineString","coordinates":[[13.313257,52.4806268],[13.3126628,52.4795953]]},"properties":{"osmId":598541436,"osmType":"way","electrified":"rail","electrified:rail":"top","frequency":"0","gauge":"1435","layer":"-1","level":"-2","loading_gauge":"Kleinprofil","maxspeed":"60","name":"U3","operator":"Berliner Verkehrsbetriebe","railway":"subway","railway:track_ref":"1","tunnel":"yes","usage":"main","voltage":"750"},"id":598541436},
{"type":"Feature","geometry":{"type":"LineString","coordinates":[[13.3136088,52.4838181],[13.3133898,52.4810632],[13.313257,52.4806268]]},"properties":{"osmId":598541437,"osmType":"way","electrified":"rail","electrified:rail":"top","frequency":"0","gauge":"1435","layer":"-1","level":"-2","loading_gauge":"Kleinprofil","maxspeed":"60","name":"U3","operator":"Berliner Verkehrsbetriebe","railway":"subway","tunnel":"yes","usage":"main","voltage":"750"},"id":598541437},
{"type":"Feature","geometry":{"type":"MultiLineString","coordinates":[[[13.3747921,52.5036196],[13.3742598,52.501829],[13.3740414,52.5009205],[13.3740892,52.4995998],[13.374081148850538,52.49956479066124]],[[13.374081148850538,52.49956479066124],[13.374049550880045,52.49942739114356]],[[13.374049550880045,52.49942739114356],[13.3740005,52.4992141],[13.3739868,52.4991541],[13.3738245,52.4983741],[13.3736396,52.4979553]],[[13.3736396,52.4979553],[13.3734832,52.4976396],[13.3730248,52.4972659],[13.3719076,52.4970249],[13.3685258,52.4969762]]]},"properties":{"osmId":624231766,"osmType":"way","bridge":"viaduct","electrified":"rail","electrified:rail":"top","frequency":"0","gauge":"1435","layer":"1","level":"1","loading_gauge":"Kleinprofil","maxspeed":"60","maxspeed:note":"Kein Limit - Maximalgeschwindigkeit der eingesetzten Fahrzeuge","name":"U2","operator":"Berliner Verkehrsbetriebe","railway":"subway","voltage":"750"},"id":624231766},
{"type":"Feature","geometry":{"type":"MultiLineString","coordinates":[[[13.2716009,52.5101366],[13.2713587,52.5101814]],[[13.2713587,52.5101814],[13.2711181,52.5102529]],[[13.2711181,52.5102529],[13.2698122,52.5109492]]]},"properties":{"osmId":658378518,"osmType":"way","electrified":"rail","frequency":"0","gauge":"1435","layer":"-2","name":"Kehranlage Theodor-Heuss-Platz","railway":"subway","service":"yard","tunnel":"yes","voltage":"750"},"id":658378518},
{"type":"Feature","geometry":{"type":"MultiLineString","coordinates":[[[13.269764,52.5109269],[13.2710916,52.510216]],[[13.2710916,52.510216],[13.2713246,52.5101289]],[[13.2713246,52.5101289],[13.2714229,52.5100917]]]},"properties":{"osmId":658378519,"osmType":"way","electrified":"rail","frequency":"0","gauge":"1435","layer":"-2","name":"Kehranlage Theodor-Heuss-Platz","railway":"subway","service":"yard","tunnel":"yes","voltage":"750"},"id":658378519},
{"type":"Feature","geometry":{"type":"MultiLineString","coordinates":[[[13.2713587,52.5101814],[13.271203742308517,52.51020147314161]],[[13.271203742308517,52.51020147314161],[13.2710916,52.510216]]]},"properties":{"osmId":658378520,"osmType":"way","electrified":"rail","frequency":"0","gauge":"1435","layer":"-2","railway":"subway","service":"yard","tunnel":"yes","voltage":"750"},"id":658378520},
{"type":"Feature","geometry":{"type":"MultiLineString","coordinates":[[[13.2711181,52.5102529],[13.271203742308517,52.51020147314161]],[[13.271203742308517,52.51020147314161],[13.2713246,52.5101289]]]},"properties":{"osmId":658378521,"osmType":"way","electrified":"rail","frequency":"0","gauge":"1435","layer":"-2","railway":"subway","service":"yard","tunnel":"yes","voltage":"750"},"id":658378521},
{"type":"Feature","geometry":{"type":"LineString","coordinates":[[13.4478094,52.4389105],[13.4471167,52.4403273],[13.4470326,52.441069],[13.4471111,52.4418281],[13.4478135,52.4426309]]},"properties":{"osmId":680099989,"osmType":"way","electrified":"rail","electrified:rail":"bottom","frequency":"0","gauge":"1435","layer":"-1","level":"-1","loading_gauge":"Großprofil","name":"U7","operator":"Berliner Verkehrsbetriebe","railway":"subway","railway:preferred_direction":"forward","tunnel":"yes","voltage":"750"},"id":680099989},
{"type":"Feature","geometry":{"type":"LineString","coordinates":[[13.4108477,52.5200272],[13.4104517,52.5198815]]},"properties":{"osmId":691945272,"osmType":"way","electrified":"rail","electrified:rail":"bottom","frequency":"0","gauge":"1435","layer":"-2","level":"-5","loading_gauge":"Großprofil","maxspeed":"70","operator":"Berliner Verkehrsbetriebe","railway":"subway","service":"siding","tunnel":"yes","voltage":"750"},"id":691945272},
{"type":"Feature","geometry":{"type":"LineString","coordinates":[[13.4119801,52.5207597],[13.4117596,52.5205875]]},"properties":{"osmId":691945273,"osmType":"way","electrified":"rail","electrified:rail":"bottom","frequency":"0","gauge":"1435","layer":"-2","level":"-5","loading_gauge":"Großprofil","maxspeed":"70","operator":"Berliner Verkehrsbetriebe","railway":"subway","service":"siding","tunnel":"yes","voltage":"750"},"id":691945273},
{"type":"Feature","geometry":{"type":"LineString","coordinates":[[13.4111624,52.5202931],[13.4108219,52.5201785]]},"properties":{"osmId":691945274,"osmType":"way","electrified":"rail","electrified:rail":"bottom","frequency":"0","gauge":"1435","layer":"-2","level":"-5","loading_gauge":"Großprofil","maxspeed":"70","operator":"Berliner Verkehrsbetriebe","railway":"subway","service":"siding","tunnel":"yes","voltage":"750"},"id":691945274},
{"type":"Feature","geometry":{"type":"LineString","coordinates":[[13.4118343,52.5205582],[13.4115121,52.5204605]]},"properties":{"osmId":691945275,"osmType":"way","electrified":"rail","electrified:rail":"bottom","frequency":"0","gauge":"1435","layer":"-2","level":"-5","loading_gauge":"Großprofil","maxspeed":"70","operator":"Berliner Verkehrsbetriebe","railway":"subway","service":"siding","tunnel":"yes","voltage":"750"},"id":691945275},
{"type":"Feature","geometry":{"type":"LineString","coordinates":[[13.3415944,52.5347629],[13.3422326,52.5359568]]},"properties":{"osmId":730112351,"osmType":"way","electrified":"rail","electrified:rail":"bottom","frequency":"0","gauge":"1435","layer":"-1","level":"-2","loading_gauge":"Großprofil","name":"U9","operator":"Berliner Verkehrsbetriebe","railway":"subway","source":"Geoportal Berlin / K5","tunnel":"yes","voltage":"750"},"id":730112351},
{"type":"Feature","geometry":{"type":"MultiLineString","coordinates":[[[13.2409997,52.4430844],[13.242193,52.4439241],[13.2429403,52.4443813]],[[13.2429403,52.4443813],[13.2431672,52.4445163]]]},"properties":{"osmId":791166317,"osmType":"way","cutting":"yes","electrified":"rail","electrified:rail":"top","frequency":"0","gauge":"1435","layer":"-1","level":"-1","loading_gauge":"Kleinprofil","maxspeed":"30","name":"U3","operator":"Berliner Verkehrsbetriebe","railway":"subway","ref":"U3","tunnel":"no","usage":"main","voltage":"750"},"id":791166317},
{"type":"Feature","geometry":{"type":"MultiLineString","coordinates":[[[13.2437709,52.444927],[13.2425044,52.4441708]],[[13.2425044,52.4441708],[13.2416718,52.4437225],[13.2408789,52.4431439]]]},"properties":{"osmId":791166318,"osmType":"way","cutting":"yes","electrified":"rail","electrified:rail":"top","frequency":"0","gauge":"1435","layer":"-1","level":"-1","loading_gauge":"Kleinprofil","maxspeed":"30","name":"U3","operator":"Berliner Verkehrsbetriebe","railway":"subway","ref":"U3","tunnel":"no","usage":"main","voltage":"750"},"id":791166318},
{"type":"Feature","geometry":{"type":"LineString","coordinates":[[13.387414,52.4396554],[13.387628,52.4388611]]},"properties":{"osmId":806903755,"osmType":"way","electrified":"rail","frequency":"0","gauge":"1435","layer":"-2","level":"-2","loading_gauge":"Großprofil","name":"U6","network":"BVG","operator":"Berliner Verkehrsbetriebe","railway":"subway","tunnel":"yes","voltage":"750"},"id":806903755},
{"type":"Feature","geometry":{"type":"LineString","coordinates":[[13.387685,52.4388643],[13.3876195,52.43965]]},"properties":{"osmId":806903756,"osmType":"way","electrified":"rail","electrified:rail":"bottom","frequency":"0","gauge":"1435","layer":"-2","level":"-2","loading_gauge":"Großprofil","name":"U6","network":"BVG","operator":"Berliner Verkehrsbetriebe","railway":"subway","tunnel":"yes","voltage":"750"},"id":806903756},
{"type":"Feature","geometry":{"type":"LineString","coordinates":[[13.3814226,52.5166806],[13.3811634,52.516664]]},"properties":{"osmId":806903759,"osmType":"way","electrified":"rail","electrified:rail":"bottom","frequency":"0","gauge":"1435","layer":"-3","level":"-3","loading_gauge":"Großprofil","maxspeed":"70","maxspeed:note":"Kein Limit - Maximalgeschwindigkeit der eingesetzten Fahrzeuge","operator":"Berliner Verkehrsbetriebe","passenger_lines":"1","railway":"subway","railway:track_ref":"1","ref":"C","start_date":"2009-08-09","tunnel":"yes","voltage":"750","workrules":"DE:BOStrab"},"id":806903759},
{"type":"Feature","geometry":{"type":"LineString","coordinates":[[13.326295,52.5026605],[13.3269569,52.5028079]]},"properties":{"osmId":807043955,"osmType":"way","electrified":"rail","frequency":"0","gauge":"1435","layer":"-1","level":"-1","loading_gauge":"Kleinprofil","name":"U1","note":"TODO: check where exactly it goes underground","operator":"Berliner Verkehrsbetriebe","passenger_lines":"2","railway":"subway","ref":"BII","start_date":"1913-10-12","tunnel":"yes","voltage":"750","workrules":"DE:BOStrab"},"id":807043955},
{"type":"Feature","geometry":{"type":"LineString","coordinates":[[13.3264501,52.5028059],[13.326227,52.5027567]]},"properties":{"osmId":807043956,"osmType":"way","electrified":"rail","electrified:rail":"top","frequency":"0","gauge":"1435","layer":"-1","level":"-1","loading_gauge":"Kleinprofil","name":"U1","note":"U3: Nollendorfplatz; U1: Warschauer Straße","operator":"Berliner Verkehrsbetriebe","passenger_lines":"2","railway":"subway","ref":"BII","start_date":"1913-10-12","tunnel":"yes","voltage":"750","workrules":"DE:BOStrab"},"id":807043956},
{"type":"Feature","geometry":{"type":"LineString","coordinates":[[13.4490382,52.5051735],[13.4487787,52.5048302]]},"properties":{"osmId":807043957,"osmType":"way","covered":"yes","electrified":"rail","electrified:rail":"top","frequency":"0","gauge":"1435","layer":"2","level":"1","loading_gauge":"Kleinprofil","name":"U1","operator":"Berliner Verkehrsbetriebe","railway":"subway","railway:track_ref":"1","voltage":"750"},"id":807043957},
{"type":"Feature","geometry":{"type":"LineString","coordinates":[[13.4491897,52.5051277],[13.4492319,52.505182]]},"properties":{"osmId":807043958,"osmType":"way","covered":"yes","electrified":"rail","electrified:rail":"top","frequency":"0","gauge":"1435","layer":"2","level":"1","loading_gauge":"Kleinprofil","name":"U1","operator":"Berliner Verkehrsbetriebe","railway":"subway","railway:track_ref":"2","voltage":"750"},"id":807043958},
{"type":"Feature","geometry":{"type":"LineString","coordinates":[[13.2391813,52.4417639],[13.2409997,52.4430844]]},"properties":{"osmId":807043959,"osmType":"way","electrified":"rail","electrified:rail":"top","frequency":"0","gauge":"1435","layer":"-1","loading_gauge":"Kleinprofil","railway":"subway","service":"yard","tunnel":"yes","usage":"yard","voltage":"750"},"id":807043959},
{"type":"Feature","geometry":{"type":"LineString","coordinates":[[13.3438241,52.4788539],[13.3437459,52.479016]]},"properties":{"osmId":807043960,"osmType":"way","electrified":"rail","electrified:rail":"top","frequency":"0","gauge":"1435","layer":"-1","level":"-1","loading_gauge":"Kleinprofil","name":"U4","operator":"Berliner Verkehrsbetriebe","railway":"subway","tunnel":"yes","voltage":"750"},"id":807043960},
{"type":"Feature","geometry":{"type":"LineString","coordinates":[[13.4118502,52.5668006],[13.4115492,52.5673002]]},"properties":{"osmId":807043961,"osmType":"way","electrified":"rail","electrified:rail":"top","frequency":"0","gauge":"1435","layer":"-1","level":"-2","loading_gauge":"Kleinprofil","operator":"Berliner Verkehrsbetriebe","railway":"subway","tunnel":"yes","voltage":"750"},"id":807043961},
{"type":"Feature","geometry":{"type":"LineString","coordinates":[[13.2401167,52.525868],[13.2412234,52.5255866]]},"properties":{"osmId":807043962,"osmType":"way","electrified":"rail","electrified:rail":"top","frequency":"0","gauge":"1435","layer":"1","level":"1","loading_gauge":"Kleinprofil","operator":"Berliner Verkehrsbetriebe","railway":"subway","railway:track_ref":"2","source":"survey","voltage":"750"},"id":807043962},
{"type":"Feature","geometry":{"type":"LineString","coordinates":[[13.4113625,52.567257],[13.4116062,52.5667564]]},"properties":{"osmId":807043963,"osmType":"way","electrified":"rail","electrified:rail":"top","frequency":"0","gauge":"1435","layer":"-2","level":"-2","loading_gauge":"Kleinprofil","operator":"Berliner Verkehrsbetriebe","railway":"subway","tunnel":"yes","voltage":"750"},"id":807043963},
{"type":"Feature","geometry":{"type":"LineString","coordinates":[[13.4130283,52.5212081],[13.412826,52.5211119]]},"properties":{"osmId":807043964,"osmType":"way","electrified":"rail","electrified:rail":"bottom","frequency":"0","gauge":"1435","layer":"-5","level":"-5","loading_gauge":"Großprofil","maxspeed":"70","operator":"Berliner Verkehrsbetriebe","railway":"subway","subway":"yes","tunnel":"yes","voltage":"750"},"id":807043964},
{"type":"Feature","geometry":{"type":"LineString","coordinates":[[13.6328098,52.5385593],[13.6319811,52.5387284]]},"properties":{"osmId":807043965,"osmType":"way","electrified":"rail","electrified:rail":"bottom","frequency":"0","gauge":"1435","loading_gauge":"Großprofil","maxspeed":"60","operator":"Berliner Verkehrsbetriebe","railway":"subway","railway:track_ref":"1","voltage":"750"},"id":807043965},
{"type":"Feature","geometry":{"type":"LineString","coordinates":[[13.6318926,52.5386341],[13.6336218,52.5382584]]},"properties":{"osmId":807043966,"osmType":"way","electrified":"rail","electrified:rail":"bottom","frequency":"0","gauge":"1435","loading_gauge":"Großprofil","maxspeed":"60","operator":"Berliner Verkehrsbetriebe","railway":"subway","railway:track_ref":"2","voltage":"750"},"id":807043966},
{"type":"Feature","geometry":{"type":"MultiLineString","coordinates":[[[13.4128769,52.521072],[13.41405786607766,52.52162857970646]],[[13.41405786607766,52.52162857970646],[13.4140891,52.5216433]]]},"properties":{"osmId":807043967,"osmType":"way","electrified":"rail","electrified:rail":"bottom","frequency":"0","gauge":"1435","layer":"-5","level":"-5","loading_gauge":"Großprofil","maxspeed":"70","operator":"Berliner Verkehrsbetriebe","railway":"subway","subway":"yes","tunnel":"yes","voltage":"750"},"id":807043967},
{"type":"Feature","geometry":{"type":"MultiLineString","coordinates":[[[13.1997806,52.5353827],[13.1994754,52.5346877],[13.1988777,52.5338647]],[[13.1988777,52.5338647],[13.1984967,52.5332794]],[[13.1984967,52.5332794],[13.1981728,52.5327763],[13.1967593,52.5311109]]]},"properties":{"osmId":807043971,"osmType":"way","electrified":"rail","electrified:rail":"bottom","frequency":"0","gauge":"1435","layer":"-2","level":"-2","loading_gauge":"Großprofil","name":"U7","operator":"Berliner Verkehrsbetriebe","railway":"subway","tunnel":"yes","voltage":"750"},"id":807043971},
{"type":"Feature","geometry":{"type":"MultiLineString","coordinates":[[[13.1999509,52.5354269],[13.1996692,52.5346551],[13.1990571,52.5338821]],[[13.1990571,52.5338821],[13.1988813,52.533523]],[[13.1988813,52.533523],[13.1987878,52.5333618]],[[13.1987878,52.5333618],[13.1983673,52.5327181],[13.1976436,52.5320068],[13.1968523,52.5310758]]]},"properties":{"osmId":807043972,"osmType":"way","electrified":"rail","electrified:rail":"bottom","frequency":"0","gauge":"1435","layer":"-2","level":"-2","loading_gauge":"Großprofil","name":"U7","operator":"Berliner Verkehrsbetriebe","railway":"subway","tunnel":"yes","voltage":"750"},"id":807043972},
{"type":"Feature","geometry":{"type":"LineString","coordinates":[[13.4962907,52.4157827],[13.4958383,52.4159269],[13.4945615,52.4165722]]},"properties":{"osmId":807043973,"osmType":"way","electrified":"rail","electrified:rail":"bottom","frequency":"0","gauge":"1435","layer":"-1","level":"-2","loading_gauge":"Großprofil","name":"U7","operator":"Berliner Verkehrsbetriebe","railway":"subway","tunnel":"yes","voltage":"750"},"id":807043973},
{"type":"Feature","geometry":{"type":"LineString","coordinates":[[13.4962907,52.4157827],[13.4946115,52.416635]]},"properties":{"osmId":807043974,"osmType":"way","electrified":"rail","electrified:rail":"bottom","frequency":"0","gauge":"1435","layer":"-1","level":"-2","loading_gauge":"Großprofil","name":"U7","operator":"Berliner Verkehrsbetriebe","railway":"subway","tunnel":"yes","voltage":"750"},"id":807043974},
{"type":"Feature","geometry":{"type":"LineString","coordinates":[[13.3347148,52.5957106],[13.333919,52.5956732]]},"properties":{"osmId":807043975,"osmType":"way","electrified":"rail","electrified:rail":"bottom","frequency":"0","gauge":"1435","layer":"-2","level":"-2","loading_gauge":"Großprofil","maxspeed":"70","name":"U8","operator":"Berliner Verkehrsbetriebe","railway":"subway","tunnel":"yes","voltage":"750"},"id":807043975},
{"type":"Feature","geometry":{"type":"LineString","coordinates":[[13.4314625,52.467106],[13.4314787,52.4670799]]},"properties":{"osmId":807043976,"osmType":"way","electrified":"rail","electrified:rail":"bottom","frequency":"0","gauge":"1435","layer":"-2","level":"-2","loading_gauge":"Großprofil","operator":"Berliner Verkehrsbetriebe","railway":"subway","tunnel":"yes","voltage":"750"},"id":807043976},
{"type":"Feature","geometry":{"type":"LineString","coordinates":[[13.4316018,52.4671052],[13.4312136,52.467777]]},"properties":{"osmId":807043977,"osmType":"way","electrified":"rail","electrified:rail":"bottom","frequency":"0","gauge":"1435","layer":"-2","level":"-2","loading_gauge":"Großprofil","name":"U8","operator":"Berliner Verkehrsbetriebe","railway":"subway","tunnel":"yes","voltage":"750"},"id":807043977},
{"type":"Feature","geometry":{"type":"LineString","coordinates":[[13.3208049,52.4568134],[13.3201397,52.455496]]},"properties":{"osmId":807043978,"osmType":"way","electrified":"rail","electrified:rail":"bottom","frequency":"0","gauge":"1435","layer":"-3","level":"-2","loading_gauge":"Großprofil","operator":"Berliner Verkehrsbetriebe","railway":"subway","tunnel":"yes","voltage":"750"},"id":807043978},
{"type":"Feature","geometry":{"type":"LineString","coordinates":[[13.3203345,52.4554674],[13.3210222,52.4567758]]},"properties":{"osmId":807043979,"osmType":"way","colour":"gray","electrified":"rail","electrified:rail":"bottom","frequency":"0","gauge":"1435","historic":"railway","layer":"-2","level":"-2","loading_gauge":"Großprofil","maxspeed":"70","name":"U9","operator":"Berliner Verkehrsbetriebe","railway":"subway","start_date":"1974","tunnel":"yes","usage":"main","voltage":"750"},"id":807043979},
{"type":"Feature","geometry":{"type":"MultiLineString","coordinates":[[[13.373322,52.557134],[13.373360072017787,52.557183955769005]],[[13.373360072017787,52.557183955769005],[13.3734258,52.5572702],[13.3734956,52.5573619],[13.3737226,52.5577218]]]},"properties":{"osmId":807043980,"osmType":"way","electrified":"rail","electrified:rail":"bottom","frequency":"0","gauge":"1435","layer":"-1","level":"-2","loading_gauge":"Großprofil","name":"U9","operator":"Berliner Verkehrsbetriebe","railway":"subway","source":"Geoportal Berlin / K5","tunnel":"yes","voltage":"750"},"id":807043980},
{"type":"Feature","geometry":{"type":"MultiLineString","coordinates":[[[13.373617,52.5577486],[13.3735232,52.5576402],[13.3734057,52.5575125],[13.373208271746732,52.55729778674635]],[[13.373208271746732,52.55729778674635],[13.373135,52.5572181]]]},"properties":{"osmId":807043981,"osmType":"way","electrified":"rail","frequency":"0","gauge":"1435","layer":"-1","level":"-2","loading_gauge":"Großprofil","name":"U9","operator":"Berliner Verkehrsbetriebe","railway":"subway","source":"Geoportal Berlin / K5","tunnel":"yes","voltage":"750"},"id":807043981},
{"type":"Feature","geometry":{"type":"LineString","coordinates":[[13.543667,52.4990027],[13.5447334,52.4992227]]},"properties":{"osmId":853543377,"osmType":"way","detail":"track","electrified":"rail","electrified:rail":"bottom","frequency":"0","gauge":"1435","loading_gauge":"Großprofil","maxspeed":"60","operator":"Berliner Verkehrsbetriebe","railway":"subway","service":"crossover","voltage":"750","workrules":"DE:BOStrab"},"id":853543377},
{"type":"Feature","geometry":{"type":"LineString","coordinates":[[13.5492805,52.5003835],[13.5502709,52.5006912]]},"properties":{"osmId":853543378,"osmType":"way","detail":"track","electrified":"rail","electrified:rail":"bottom","frequency":"0","gauge":"1435","loading_gauge":"Großprofil","operator":"Berliner Verkehrsbetriebe","railway":"subway","service":"crossover","voltage":"750","workrules":"DE:BOStrab"},"id":853543378},
{"type":"Feature","geometry":{"type":"LineString","coordinates":[[13.3700843,52.5251423],[13.3703803,52.5247387]]},"properties":{"osmId":871673626,"osmType":"way","electrified":"rail","electrified:rail":"bottom","frequency":"0","gauge":"1435","layer":"-2","level":"-2","loading_gauge":"Großprofil","maxspeed":"70","operator":"Berliner Verkehrsbetriebe","railway":"subway","railway:track_ref":"2","ref":"C","tunnel":"yes","voltage":"750"},"id":871673626},
{"type":"Feature","geometry":{"type":"LineString","coordinates":[[13.3979156,52.5172993],[13.399394,52.5171411],[13.4007349,52.5170576],[13.4021298,52.5171403]]},"properties":{"osmId":942849695,"osmType":"way","check_date":"2020-08-24","electrified":"rail","frequency":"0","gauge":"1435","layer":"-2","level":"-2","loading_gauge":"Großprofil","maxspeed":"25","opening_date":"2020-12-04","operator":"Berliner Verkehrsbetriebe","railway":"subway","ref":"C","tunnel":"yes","voltage":"750"},"id":942849695},
{"type":"Feature","geometry":{"type":"MultiLineString","coordinates":[[[13.3850693,52.5167464],[13.3874765,52.5167791],[13.3883388,52.5168331],[13.388803876572178,52.51686378050939]],[[13.388803876572178,52.51686378050939],[13.388855677107392,52.51686719772475]],[[13.388855677107392,52.51686719772475],[13.3898289,52.5169314],[13.3910638,52.5170107],[13.3945146,52.5173716],[13.3957039,52.5174532],[13.3979156,52.5172993]]]},"properties":{"osmId":942849696,"osmType":"way","check_date":"2020-08-24","electrified":"rail","frequency":"0","gauge":"1435","layer":"-2","level":"-2","loading_gauge":"Großprofil","maxspeed":"70","opening_date":"2020-12-04","operator":"Berliner Verkehrsbetriebe","railway":"subway","ref":"C","tunnel":"yes","voltage":"750"},"id":942849696},
{"type":"Feature","geometry":{"type":"LineString","coordinates":[[13.3997697,52.5172393],[13.3965343,52.5175552],[13.3957057,52.517587]]},"properties":{"osmId":942849697,"osmType":"way","check_date":"2020-08-24","electrified":"rail","frequency":"0","gauge":"1435","layer":"-2","level":"-2","loading_gauge":"Großprofil","maxspeed":"25","opening_date":"2020-12-04","operator":"Berliner Verkehrsbetriebe","railway":"subway","ref":"C","tunnel":"yes","voltage":"750"},"id":942849697},
{"type":"Feature","geometry":{"type":"LineString","coordinates":[[13.4087232,52.5191629],[13.4073654,52.5185774],[13.4064256,52.5182936],[13.4028939,52.5173782],[13.4015933,52.5172028],[13.3997697,52.5172393]]},"properties":{"osmId":942849698,"osmType":"way","check_date":"2020-08-24","electrified":"rail","frequency":"0","gauge":"1435","layer":"-2","level":"-2","loading_gauge":"Großprofil","maxspeed":"70","opening_date":"2020-12-04","operator":"Berliner Verkehrsbetriebe","railway":"subway","ref":"C","tunnel":"yes","voltage":"750"},"id":942849698},
{"type":"Feature","geometry":{"type":"MultiLineString","coordinates":[[[13.4122007,52.5194388],[13.412110618937124,52.519505688921825]],[[13.412110618937124,52.519505688921825],[13.4121102,52.519506],[13.412084375427728,52.51953069963825]],[[13.412084375427728,52.51953069963825],[13.4120046,52.519607],[13.4119309,52.5196827],[13.4117928,52.5197865],[13.4111256,52.5199747],[13.4106211,52.5199279]]]},"properties":{"osmId":1051072456,"osmType":"way","electrified":"rail","gauge":"1435","layer":"-2","loading_gauge":"Großprofil","name":"GN-Tunnel","operator":"Berliner Verkehrsbetriebe","railway":"subway","service":"crossover","tunnel":"yes"},"id":1051072456},
{"type":"Feature","geometry":{"type":"LineString","coordinates":[[13.249021,52.5205526],[13.2484613,52.5201539],[13.2484591,52.5198271]]},"properties":{"osmId":1056351852,"osmType":"way","electrified":"rail","electrified:rail":"top","frequency":"0","gauge":"1435","loading_gauge":"Kleinprofil","operator":"Berliner Verkehrsbetriebe","railway":"subway","service":"yard","voltage":"750"},"id":1056351852},
{"type":"Feature","geometry":{"type":"MultiLineString","coordinates":[[[13.3709832,52.524229],[13.3711279,52.5237167]],[[13.3711279,52.5237167],[13.371217,52.5234012]]]},"properties":{"osmId":1098837663,"osmType":"way","electrified":"rail","frequency":"0","gauge":"1435","layer":"-3","level":"-2","loading_gauge":"Großprofil","operator":"Berliner Verkehrsbetriebe","railway":"subway","service":"crossover","tunnel":"yes","voltage":"750"},"id":1098837663},
{"type":"Feature","geometry":{"type":"MultiLineString","coordinates":[[[13.3706799,52.5242696],[13.3711279,52.5237167]],[[13.3711279,52.5237167],[13.3713551,52.5234363]]]},"properties":{"osmId":1098837664,"osmType":"way","electrified":"rail","frequency":"0","gauge":"1435","layer":"-3","level":"-2","loading_gauge":"Großprofil","operator":"Berliner Verkehrsbetriebe","railway":"subway","service":"crossover","tunnel":"yes","voltage":"750"},"id":1098837664},
{"type":"Feature","geometry":{"type":"MultiLineString","coordinates":[[[13.51527,52.5038208],[13.5153239,52.5037838],[13.515355254856738,52.50376232262616]],[[13.515355254856738,52.50376232262616],[13.5154131,52.5037227],[13.5155603,52.5036143]]]},"properties":{"osmId":1119038920,"osmType":"way","electrified":"no","gauge":"1435","loading_gauge":"Großprofil","operator":"Berliner Verkehrsbetriebe","railway":"subway","service":"yard"},"id":1119038920},
{"type":"Feature","geometry":{"type":"LineString","coordinates":[[13.5184054,52.5001456],[13.5185597,52.5000063]]},"properties":{"osmId":1119038921,"osmType":"way","electrified":"rail","electrified:rail":"bottom","gauge":"1435","loading_gauge":"Großprofil","operator":"Berliner Verkehrsbetriebe","railway":"subway","service":"yard"},"id":1119038921},
{"type":"Feature","geometry":{"type":"MultiLineString","coordinates":[[[13.3895018,52.4952011],[13.3897755,52.4954773]],[[13.3897755,52.4954773],[13.3901516,52.4957235]]]},"properties":{"osmId":1153352600,"osmType":"way","electrified":"rail","electrified:rail":"bottom","frequency":"0","gauge":"1435","layer":"-1","level":"-3","loading_gauge":"Großprofil","operator":"Berliner Verkehrsbetriebe","railway":"subway","service":"crossover","tunnel":"yes","voltage":"750"},"id":1153352600},
{"type":"Feature","geometry":{"type":"LineString","coordinates":[[13.3897755,52.4954773],[13.3900738,52.495808]]},"properties":{"osmId":1153352601,"osmType":"way","electrified":"rail","electrified:rail":"bottom","frequency":"0","gauge":"1435","layer":"-1","level":"-3","loading_gauge":"Großprofil","operator":"Berliner Verkehrsbetriebe","railway":"subway","service":"yard","tunnel":"yes","voltage":"750"},"id":1153352601},
{"type":"Feature","geometry":{"type":"LineString","coordinates":[[13.3881937,52.4938704],[13.3881906,52.4936283]]},"properties":{"osmId":1153352602,"osmType":"way","electrified":"rail","electrified:rail":"bottom","frequency":"0","gauge":"1435","layer":"-1","level":"-3","loading_gauge":"Großprofil","operator":"Berliner Verkehrsbetriebe","railway":"subway","service":"crossover","tunnel":"yes","voltage":"750"},"id":1153352602},
{"type":"Feature","geometry":{"type":"MultiLineString","coordinates":[[[13.5889569,52.5218083],[13.5888854,52.5220548]],[[13.5888854,52.5220548],[13.5887981,52.5223072]],[[13.5887981,52.5223072],[13.5887473,52.5224764]]]},"properties":{"osmId":1164753678,"osmType":"way","electrified":"rail","frequency":"0","gauge":"1435","level":"-1","loading_gauge":"Großprofil","operator":"Berliner Verkehrsbetriebe","railway":"subway","service":"yard","voltage":"750"},"id":1164753678},
{"type":"Feature","geometry":{"type":"MultiLineString","coordinates":[[[13.249724,52.51821],[13.2495649,52.5184095]],[[13.2495649,52.5184095],[13.2495135,52.5184769]]]},"properties":{"osmId":1164756218,"osmType":"way","electrified":"rail","electrified:rail":"top","frequency":"0","gauge":"1435","loading_gauge":"Kleinprofil","operator":"Berliner Verkehrsbetriebe","railway":"subway","service":"yard","voltage":"750"},"id":1164756218},
{"type":"Feature","geometry":{"type":"MultiLineString","coordinates":[[[13.3732852,52.4995024],[13.3737846,52.499447],[13.3739618,52.4994323],[13.374049550880045,52.49942739114356]],[[13.374049550880045,52.49942739114356],[13.3741781,52.4994202]]]},"properties":{"osmId":1211092058,"osmType":"way","bridge":"viaduct","electrified":"rail","electrified:rail":"top","frequency":"0","gauge":"1435","layer":"2","level":"2","loading_gauge":"Kleinprofil","name":"U1","operator":"Berliner Verkehrsbetriebe","railway":"subway","voltage":"750"},"id":1211092058},
{"type":"Feature","geometry":{"type":"MultiLineString","coordinates":[[[13.3745564,52.499559],[13.374307188393466,52.49956203649974]],[[13.374307188393466,52.49956203649974],[13.374081148850538,52.49956479066124]],[[13.374081148850538,52.49956479066124],[13.3735305,52.4995715],[13.3735142,52.4995717],[13.3731862,52.4995785]]]},"properties":{"osmId":1211092059,"osmType":"way","bridge":"viaduct","electrified":"rail","electrified:rail":"top","frequency":"0","gauge":"1435","layer":"2","level":"2","loading_gauge":"Kleinprofil","name":"U1","operator":"Berliner Verkehrsbetriebe","railway":"subway","voltage":"750"},"id":1211092059},
{"type":"Feature","geometry":{"type":"LineString","coordinates":[[13.2502207,52.5213684],[13.248848,52.5207533]]},"properties":{"osmId":1226226774,"osmType":"way","covered":"yes","electrified":"rail","electrified:rail":"top","frequency":"0","gauge":"1435","loading_gauge":"Kleinprofil","operator":"Berliner Verkehrsbetriebe","railway":"subway","ref":"406","service":"yard","voltage":"750"},"id":1226226774},
{"type":"Feature","geometry":{"type":"LineString","coordinates":[[13.2487914,52.5208031],[13.2501404,52.5214292]]},"properties":{"osmId":1226226775,"osmType":"way","covered":"yes","electrified":"rail","electrified:rail":"top","frequency":"0","gauge":"1435","loading_gauge":"Kleinprofil","operator":"Berliner Verkehrsbetriebe","railway":"subway","ref":"408","service":"yard","voltage":"750"},"id":1226226775},
{"type":"Feature","geometry":{"type":"LineString","coordinates":[[13.2487292,52.5208555],[13.2500885,52.5214768]]},"properties":{"osmId":1226226776,"osmType":"way","covered":"yes","electrified":"rail","electrified:rail":"top","frequency":"0","gauge":"1435","loading_gauge":"Kleinprofil","operator":"Berliner Verkehrsbetriebe","railway":"subway","ref":"410","service":"yard","voltage":"750"},"id":1226226776},
{"type":"Feature","geometry":{"type":"LineString","coordinates":[[13.2486646,52.5209009],[13.2500345,52.5215223]]},"properties":{"osmId":1226226777,"osmType":"way","covered":"yes","electrified":"rail","electrified:rail":"top","frequency":"0","gauge":"1435","loading_gauge":"Kleinprofil","operator":"Berliner Verkehrsbetriebe","railway":"subway","ref":"412","service":"yard","voltage":"750"},"id":1226226777},
{"type":"Feature","geometry":{"type":"LineString","coordinates":[[13.2485914,52.5209682],[13.2499534,52.5215863]]},"properties":{"osmId":1226226778,"osmType":"way","covered":"yes","electrified":"rail","electrified:rail":"top","frequency":"0","gauge":"1435","loading_gauge":"Kleinprofil","operator":"Berliner Verkehrsbetriebe","railway":"subway","ref":"414","service":"yard","voltage":"750"},"id":1226226778},
{"type":"Feature","geometry":{"type":"LineString","coordinates":[[13.2485409,52.5210256],[13.2498999,52.5216412]]},"properties":{"osmId":1226226779,"osmType":"way","covered":"yes","electrified":"rail","electrified:rail":"top","frequency":"0","gauge":"1435","loading_gauge":"Kleinprofil","operator":"Berliner Verkehrsbetriebe","railway":"subway","ref":"416","service":"yard","voltage":"750"},"id":1226226779},
{"type":"Feature","geometry":{"type":"LineString","coordinates":[[13.2491523,52.5205426],[13.2503916,52.5211125]]},"properties":{"osmId":1226226780,"osmType":"way","covered":"yes","electrified":"rail","electrified:rail":"top","frequency":"0","gauge":"1435","loading_gauge":"Kleinprofil","operator":"Berliner Verkehrsbetriebe","railway":"subway","service":"yard","voltage":"750"},"id":1226226780},
{"type":"Feature","geometry":{"type":"LineString","coordinates":[[13.2492127,52.5204943],[13.2504782,52.5210419]]},"properties":{"osmId":1226226781,"osmType":"way","covered":"yes","electrified":"rail","electrified:rail":"top","frequency":"0","gauge":"1435","loading_gauge":"Kleinprofil","operator":"Berliner Verkehrsbetriebe","railway":"subway","service":"yard","voltage":"750"},"id":1226226781},
{"type":"Feature","geometry":{"type":"LineString","coordinates":[[13.2492714,52.5204471],[13.2505196,52.521008]]},"properties":{"osmId":1226226782,"osmType":"way","covered":"yes","electrified":"rail","electrified:rail":"top","frequency":"0","gauge":"1435","loading_gauge":"Kleinprofil","operator":"Berliner Verkehrsbetriebe","railway":"subway","ref":"308","service":"yard","voltage":"750"},"id":1226226782},
{"type":"Feature","geometry":{"type":"LineString","coordinates":[[13.249327,52.5204025],[13.250572,52.5209653]]},"properties":{"osmId":1226226783,"osmType":"way","covered":"yes","electrified":"rail","electrified:rail":"top","frequency":"0","gauge":"1435","loading_gauge":"Kleinprofil","operator":"Berliner Verkehrsbetriebe","railway":"subway","ref":"307","service":"yard","voltage":"750"},"id":1226226783},
{"type":"Feature","geometry":{"type":"MultiLineString","coordinates":[[[13.5144022,52.5045905],[13.5144695,52.504528],[13.51462413018858,52.5043761752412]],[[13.51462413018858,52.5043761752412],[13.5150758,52.5039327],[13.5155253,52.5035209]],[[13.5155253,52.5035209],[13.5160185,52.502897]]]},"properties":{"osmId":1253729162,"osmType":"way","electrified":"rail","frequency":"0","gauge":"1435","loading_gauge":"Großprofil","operator":"Berliner Verkehrsbetriebe","railway":"subway","service":"yard","voltage":"750"},"id":1253729162},
{"type":"Feature","geometry":{"type":"LineString","coordinates":[[13.3310113,52.4910753],[13.3309189,52.4911643]]},"properties":{"osmId":1272176412,"osmType":"way","electrified":"rail","electrified:rail":"bottom","frequency":"0","gauge":"1435","layer":"-1","level":"-2","loading_gauge":"Großprofil","operator":"Berliner Verkehrsbetriebe","railway":"subway","service":"siding","tunnel":"yes","voltage":"750"},"id":1272176412},
{"type":"Feature","geometry":{"type":"LineString","coordinates":[[13.3310104,52.491115],[13.3311221,52.4912108]]},"properties":{"osmId":1272176413,"osmType":"way","electrified":"rail","electrified:rail":"bottom","frequency":"0","gauge":"1435","layer":"-1","level":"-2","loading_gauge":"Großprofil","operator":"Berliner Verkehrsbetriebe","railway":"subway","service":"siding","tunnel":"yes","voltage":"750"},"id":1272176413},
{"type":"Feature","geometry":{"type":"LineString","coordinates":[[13.3855677,52.4472629],[13.3846894,52.4519714],[13.3846525,52.4523378]]},"properties":{"osmId":1283269533,"osmType":"way","electrified":"rail","electrified:rail":"bottom","frequency":"0","gauge":"1435","layer":"-2","level":"-2","loading_gauge":"Großprofil","name":"U6","network":"BVG","operator":"Berliner Verkehrsbetriebe","railway":"subway","tunnel":"yes","voltage":"750"},"id":1283269533},
{"type":"Feature","geometry":{"type":"LineString","coordinates":[[13.3846525,52.4523378],[13.3846507,52.4531283]]},"properties":{"osmId":1283269534,"osmType":"way","electrified":"rail","electrified:rail":"bottom","frequency":"0","gauge":"1435","layer":"-2","level":"-1;-2","loading_gauge":"Großprofil","name":"U6","network":"BVG","operator":"Berliner Verkehrsbetriebe","railway":"subway","tunnel":"yes","voltage":"750"},"id":1283269534},
{"type":"Feature","geometry":{"type":"LineString","coordinates":[[13.3846507,52.4531283],[13.3844271,52.4543927]]},"properties":{"osmId":1283269535,"osmType":"way","electrified":"rail","electrified:rail":"bottom","frequency":"0","gauge":"1435","layer":"1","level":"-1","loading_gauge":"Großprofil","name":"U6","network":"BVG","operator":"Berliner Verkehrsbetriebe","railway":"subway","tunnel":"yes","voltage":"750"},"id":1283269535},
{"type":"Feature","geometry":{"type":"LineString","coordinates":[[13.3844271,52.4543927],[13.3840629,52.4557692]]},"properties":{"osmId":1283269536,"osmType":"way","electrified":"rail","electrified:rail":"bottom","frequency":"0","gauge":"1435","layer":"-2","level":"-1;-2","loading_gauge":"Großprofil","name":"U6","network":"BVG","operator":"Berliner Verkehrsbetriebe","railway":"subway","tunnel":"yes","voltage":"750"},"id":1283269536},
{"type":"Feature","geometry":{"type":"LineString","coordinates":[[13.2493854,52.5203558],[13.2506278,52.5209197]]},"properties":{"osmId":1317724467,"osmType":"way","covered":"yes","electrified":"rail","electrified:rail":"top","frequency":"0","gauge":"1435","loading_gauge":"Kleinprofil","operator":"Berliner Verkehrsbetriebe","railway":"subway","ref":"306","service":"yard","voltage":"750"},"id":1317724467},
{"type":"Feature","geometry":{"type":"LineString","coordinates":[[13.4486121,52.4573871],[13.448611,52.4567321],[13.4483296,52.455672],[13.4483531,52.4550052],[13.4488026,52.4533439],[13.4489265,52.453069]]},"properties":{"osmId":1338822531,"osmType":"way","electrified":"rail","electrified:rail":"bottom","frequency":"0","gauge":"1435","layer":"-1","level":"-1","loading_gauge":"Großprofil","name":"U7","operator":"Berliner Verkehrsbetriebe","railway":"subway","tunnel":"yes","voltage":"750"},"id":1338822531},
{"type":"Feature","geometry":{"type":"LineString","coordinates":[[13.4452832,52.4622085],[13.447244,52.4595915],[13.4484227,52.4579631],[13.4486121,52.4573871]]},"properties":{"osmId":1338822532,"osmType":"way","electrified":"rail","electrified:rail":"bottom","frequency":"0","gauge":"1435","layer":"-2","level":"-2","loading_gauge":"Großprofil","name":"U7","operator":"Berliner Verkehrsbetriebe","railway":"subway","tunnel":"yes","voltage":"750"},"id":1338822532},
{"type":"Feature","geometry":{"type":"LineString","coordinates":[[13.4444501,52.4634174],[13.4425382,52.4654335],[13.442361,52.4658768],[13.4420125,52.4678565]]},"properties":{"osmId":1338822533,"osmType":"way","electrified":"rail","electrified:rail":"bottom","frequency":"0","gauge":"1435","layer":"-2","level":"-2","loading_gauge":"Großprofil","name":"U7","operator":"Berliner Verkehrsbetriebe","railway":"subway","tunnel":"yes","voltage":"750"},"id":1338822533},
{"type":"Feature","geometry":{"type":"LineString","coordinates":[[13.4417123,52.4695898],[13.441194,52.4725937],[13.4409891,52.4731353],[13.4401469,52.4746369],[13.4397358,52.4754805]]},"properties":{"osmId":1338822534,"osmType":"way","electrified":"rail","electrified:rail":"bottom","frequency":"0","gauge":"1435","layer":"-2","level":"-2","loading_gauge":"Großprofil","name":"U7","operator":"Berliner Verkehrsbetriebe","railway":"subway","tunnel":"yes","voltage":"750"},"id":1338822534},
{"type":"Feature","geometry":{"type":"LineString","coordinates":[[13.4387784,52.4773565],[13.4372288,52.479477],[13.436876,52.4798153],[13.4348832,52.4811886]]},"properties":{"osmId":1338822535,"osmType":"way","electrified":"rail","electrified:rail":"bottom","frequency":"0","gauge":"1435","layer":"-2","level":"-1","loading_gauge":"Großprofil","name":"U7","operator":"Berliner Verkehrsbetriebe","railway":"subway","tunnel":"yes","voltage":"750"},"id":1338822535},
{"type":"Feature","geometry":{"type":"LineString","coordinates":[[13.2504499,52.5177306],[13.250676,52.5173221]]},"properties":{"osmId":1392312225,"osmType":"way","electrified":"no","gauge":"1435","loading_gauge":"Kleinprofil","operator":"Berliner Verkehrsbetriebe","railway":"subway","service":"yard"},"id":1392312225},
{"type":"Feature","geometry":{"type":"LineString","coordinates":[[13.2828674,52.5366636],[13.2765692,52.5369131],[13.2746936,52.5368535],[13.2735036,52.5367284],[13.271878,52.536666],[13.2656638,52.5367983]]},"properties":{"osmId":1396168840,"osmType":"way","electrified":"rail","electrified:rail":"bottom","frequency":"0","gauge":"1435","layer":"-2","level":"-2","loading_gauge":"Großprofil","name":"U7","operator":"Berliner Verkehrsbetriebe","railway":"subway","tunnel":"yes","voltage":"750"},"id":1396168840},
{"type":"Feature","geometry":{"type":"LineString","coordinates":[[13.4154807,52.5182417],[13.4155104,52.5181736]]},"properties":{"osmId":1408895948,"osmType":"way","electrified":"rail","electrified:rail":"bottom","frequency":"0","gauge":"1435","layer":"-2","level":"-2","loading_gauge":"Großprofil","name":"U8","operator":"Berliner Verkehrsbetriebe","railway":"subway","tunnel":"yes","voltage":"750"},"id":1408895948},
{"type":"Feature","geometry":{"type":"LineString","coordinates":[[13.4142501,52.519748],[13.4151629,52.5189051],[13.4154807,52.5182417]]},"properties":{"osmId":1408895949,"osmType":"way","electrified":"rail","electrified:rail":"bottom","frequency":"0","gauge":"1435","layer":"-2","level":"-2","loading_gauge":"Großprofil","name":"U8","operator":"Berliner Verkehrsbetriebe","railway":"subway","tunnel":"yes","voltage":"750"},"id":1408895949},
{"type":"Feature","geometry":{"type":"MultiLineString","coordinates":[[[13.3334197,52.5073409],[13.3334145,52.5074435]],[[13.3334145,52.5074435],[13.3334743,52.5075333]],[[13.3334743,52.5075333],[13.3340987,52.5084709]]]},"properties":{"osmId":1449681094,"osmType":"way","electrified":"rail","electrified:rail":"bottom","frequency":"0","gauge":"1435","layer":"-1","level":"-3","loading_gauge":"Großprofil","operator":"Berliner Verkehrsbetriebe","railway":"subway","service":"yard","tunnel":"yes","voltage":"750"},"id":1449681094},
{"type":"Feature","geometry":{"type":"MultiLineString","coordinates":[[[13.3332203,52.5073994],[13.3333424,52.5074557]],[[13.3333424,52.5074557],[13.3334045,52.5075486]],[[13.3334045,52.5075486],[13.3340297,52.5084844]]]},"properties":{"osmId":1449681095,"osmType":"way","electrified":"rail","electrified:rail":"bottom","frequency":"0","gauge":"1435","layer":"-1","level":"-3","loading_gauge":"Großprofil","operator":"Berliner Verkehrsbetriebe","railway":"subway","service":"yard","tunnel":"yes","voltage":"750"},"id":1449681095},
{"type":"Feature","geometry":{"type":"MultiLineString","coordinates":[[[13.3333424,52.5074557],[13.333409578698982,52.5074952228737]],[[13.333409578698982,52.5074952228737],[13.3334743,52.5075333]]]},"properties":{"osmId":1449681096,"osmType":"way","electrified":"rail","electrified:rail":"bottom","frequency":"0","gauge":"1435","layer":"-1","level":"-3","loading_gauge":"Großprofil","operator":"Berliner Verkehrsbetriebe","railway":"subway","service":"yard","tunnel":"yes","voltage":"750"},"id":1449681096},
{"type":"Feature","geometry":{"type":"MultiLineString","coordinates":[[[13.3334145,52.5074435],[13.333409578698982,52.5074952228737]],[[13.333409578698982,52.5074952228737],[13.3334045,52.5075486]]]},"properties":{"osmId":1449681097,"osmType":"way","electrified":"rail","electrified:rail":"bottom","frequency":"0","gauge":"1435","layer":"-1","level":"-3","loading_gauge":"Großprofil","operator":"Berliner Verkehrsbetriebe","railway":"subway","service":"yard","tunnel":"yes","voltage":"750"},"id":1449681097},
{"type":"Feature","geometry":{"type":"LineString","coordinates":[[13.3312918,52.5066736],[13.3285999,52.5079035]]},"properties":{"osmId":1454540645,"osmType":"way","electrified":"rail","electrified:rail":"top","frequency":"0","gauge":"1435","layer":"-1","level":"-2","loading_gauge":"Kleinprofil","operator":"Berliner Verkehrsbetriebe","railway":"subway","service":"yard","tunnel":"yes","voltage":"750"},"id":1454540645},
{"type":"Feature","geometry":{"type":"LineString","coordinates":[[13.3311642,52.5066989],[13.3282497,52.508025]]},"properties":{"osmId":1454540646,"osmType":"way","electrified":"rail","electrified:rail":"top","frequency":"0","gauge":"1435","layer":"-1","level":"-2","loading_gauge":"Kleinprofil","operator":"Berliner Verkehrsbetriebe","railway":"subway","service":"yard","tunnel":"yes","voltage":"750"},"id":1454540646}
]}