{"type":"FeatureCollection", "features": [
{"type":"Feature","geometry":{"type":"Polygon","coordinates":[[[13.37094,52.52692],[13.37375,52.5278],[13.36575,52.53576],[13.36634,52.53596],[13.36608,52.53638],[13.36287,52.53775],[13.36109,52.53767],[13.35746,52.53596],[13.35962,52.5334],[13.36013,52.53279],[13.36124,52.53313],[13.36568,52.52867],[13.36736,52.52751],[13.36956,52.5289],[13.37094,52.52692]]]},"properties":{"UWB":"01100","UWB3":"100","BWB":"011A","BWB3":"1A","AWK":"0101","BEZ":"01","BWK":"75"}},
{"type":"Feature","geometry":{"type":"Polygon","coordinates":[[[13.36634,52.53596],[13.36896,52.53377],[13.37031,52.53435],[13.37398,52.53052],[13.38021,52.53285],[13.37842,52.53429],[13.37455,52.53729],[13.37323,52.53803],[13.3686,52.53586],[13.36608,52.53638],[13.36634,52.53596]]]},"properties":{"UWB":"01101","UWB3":"101","BWB":"011B","BWB3":"1B","AWK":"0101","BEZ":"01","BWK":"75"}},
{"type":"Feature","geometry":{"type":"Polygon","coordinates":[[[13.37375,52.5278],[13.37337,52.52653],[13.37105,52.52653],[13.37068,52.5248],[13.37105,52.52271],[13.37258,52.52277],[13.37542,52.52179],[13.37607,52.52059],[13.37826,52.51959],[13.38019,52.51948],[13.3785,52.52921],[13.38307,52.53056],[13.38218,52.53126],[13.38021,52.53285],[13.37398,52.53052],[13.37031,52.53435],[13.36896,52.53377],[13.36634,52.53596],[13.36575,52.53576],[13.37375,52.5278]]]},"properties":{"UWB":"01102","UWB3":"102","BWB":"011B","BWB3":"1B","AWK":"0101","BEZ":"01","BWK":"75"}},
{"type":"Feature","geometry":{"type":"Polygon","coordinates":[[[13.38021,52.53285],[13.38218,52.53126],[13.3852,52.53238],[13.38178,52.53551],[13.37842,52.53429],[13.38021,52.53285]]]},"properties":{"UWB":"01103","UWB3":"103","BWB":"011C","BWB3":"1C","AWK":"0101","BEZ":"01","BWK":"75"}},
{"type":"Feature","geometry":{"type":"Polygon","coordinates":[[[13.38307,52.53056],[13.38535,52.52871],[13.38954,52.52974],[13.39162,52.53026],[13.38752,52.53343],[13.3852,52.53238],[13.38218,52.53126],[13.38307,52.53056]]]},"properties":{"UWB":"01104","UWB3":"104","BWB":"011D","BWB3":"1D","AWK":"0101","BEZ":"01","BWK":"75"}},
{"type":"Feature","geometry":{"type":"Polygon","coordinates":[[[13.38535,52.52871],[13.38698,52.52721],[13.39141,52.52803],[13.38954,52.52974],[13.38535,52.52871]]]},"properties":{"UWB":"01105","UWB3":"105","BWB":"011D","BWB3":"1D","AWK":"0101","BEZ":"01","BWK":"75"}},
{"type":"Feature","geometry":{"type":"Polygon","coordinates":[[[13.38019,52.51948],[13.38151,52.51955],[13.38531,52.52088],[13.38378,52.52325],[13.38765,52.52387],[13.38724,52.52632],[13.38698,52.52721],[13.38535,52.52871],[13.38307,52.53056],[13.3785,52.52921],[13.38019,52.51948]]]},"properties":{"UWB":"01106","UWB3":"106","BWB":"011E","BWB3":"1E","AWK":"0101","BEZ":"01","BWK":"75"}},
{"type":"Feature","geometry":{"type":"Polygon","coordinates":[[[13.38698,52.52721],[13.38724,52.52632],[13.39285,52.52499],[13.39357,52.52629],[13.39244,52.52823],[13.39141,52.52803],[13.38698,52.52721]]]},"properties":{"UWB":"01107","UWB3":"107","BWB":"011F","BWB3":"1F","AWK":"0101","BEZ":"01","BWK":"75"}},
{"type":"Feature","geometry":{"type":"Polygon","coordinates":[[[13.37607,52.52059],[13.37686,52.51964],[13.37719,52.51716],[13.37665,52.51621],[13.38077,52.51648],[13.39066,52.51712],[13.39888,52.51764],[13.40233,52.51877],[13.4025,52.51883],[13.40087,52.52063],[13.40043,52.52217],[13.39726,52.52199],[13.39415,52.5225],[13.39517,52.52441],[13.39285,52.52499],[13.38724,52.52632],[13.38765,52.52387],[13.38378,52.52325],[13.38531,52.52088],[13.38151,52.51955],[13.38019,52.51948],[13.37826,52.51959],[13.37607,52.52059]]]},"properties":{"UWB":"01108","UWB3":"108","BWB":"011E","BWB3":"1E","AWK":"0101","BEZ":"01","BWK":"75"}},
{"type":"Feature","geometry":{"type":"Polygon","coordinates":[[[13.39122,52.53618],[13.38942,52.53708],[13.38716,52.53697],[13.38533,52.53523],[13.38752,52.53343],[13.39122,52.53618]]]},"properties":{"UWB":"01109","UWB3":"109","BWB":"011G","BWB3":"1G","AWK":"0101","BEZ":"01","BWK":"75"}},
{"type":"Feature","geometry":{"type":"Polygon","coordinates":[[[13.39162,52.53026],[13.39473,52.5309],[13.39404,52.5322],[13.39598,52.53242],[13.39338,52.53385],[13.39598,52.53452],[13.39326,52.53745],[13.39122,52.53618],[13.38752,52.53343],[13.39162,52.53026]]]},"properties":{"UWB":"01110","UWB3":"110","BWB":"011G","BWB3":"1G","AWK":"0101","BEZ":"01","BWK":"75"}},
{"type":"Feature","geometry":{"type":"Polygon","coordinates":[[[13.38954,52.52974],[13.39141,52.52803],[13.39244,52.52823],[13.39573,52.52899],[13.39473,52.5309],[13.39162,52.53026],[13.38954,52.52974]]]},"properties":{"UWB":"01111","UWB3":"111","BWB":"011H","BWB3":"1H","AWK":"0101","BEZ":"01","BWK":"75"}},
{"type":"Feature","geometry":{"type":"Polygon","coordinates":[[[13.39285,52.52499],[13.39517,52.52441],[13.39886,52.52547],[13.39839,52.52656],[13.39793,52.52883],[13.39756,52.52943],[13.39573,52.52899],[13.39244,52.52823],[13.39357,52.52629],[13.39285,52.52499]]]},"properties":{"UWB":"01112","UWB3":"112","BWB":"011F","BWB3":"1F","AWK":"0101","BEZ":"01","BWK":"75"}},
{"type":"Feature","geometry":{"type":"Polygon","coordinates":[[[13.39598,52.53242],[13.3989,52.53262],[13.39805,52.53495],[13.39601,52.53825],[13.39326,52.53745],[13.39598,52.53452],[13.39338,52.53385],[13.39598,52.53242]]]},"properties":{"UWB":"01113","UWB3":"113","BWB":"011I","BWB3":"1I","AWK":"0101","BEZ":"01","BWK":"75"}},
{"type":"Feature","geometry":{"type":"Polygon","coordinates":[[[13.39473,52.5309],[13.39573,52.52899],[13.39756,52.52943],[13.40128,52.52971],[13.3989,52.53262],[13.39598,52.53242],[13.39404,52.5322],[13.39473,52.5309]]]},"properties":{"UWB":"01114","UWB3":"114","BWB":"011H","BWB3":"1H","AWK":"0101","BEZ":"01","BWK":"75"}},
{"type":"Feature","geometry":{"type":"Polygon","coordinates":[[[13.39793,52.52883],[13.40007,52.5289],[13.40138,52.52671],[13.40364,52.52608],[13.40139,52.52971],[13.40128,52.52971],[13.39756,52.52943],[13.39793,52.52883]]]},"properties":{"UWB":"01115","UWB3":"115","BWB":"011J","BWB3":"1J","AWK":"0101","BEZ":"01","BWK":"75"}},
{"type":"Feature","geometry":{"type":"Polygon","coordinates":[[[13.39839,52.52656],[13.40331,52.52499],[13.40364,52.52608],[13.40138,52.52671],[13.40007,52.5289],[13.39793,52.52883],[13.39839,52.52656]]]},"properties":{"UWB":"01116","UWB3":"116","BWB":"011J","BWB3":"1J","AWK":"0101","BEZ":"01","BWK":"75"}},
{"type":"Feature","geometry":{"type":"Polygon","coordinates":[[[13.39805,52.53495],[13.39952,52.53514],[13.40025,52.53584],[13.40098,52.53651],[13.40128,52.53815],[13.40027,52.53948],[13.39898,52.53911],[13.39601,52.53825],[13.39805,52.53495]]]},"properties":{"UWB":"01117","UWB3":"117","BWB":"011I","BWB3":"1I","AWK":"0101","BEZ":"01","BWK":"75"}},
{"type":"Feature","geometry":{"type":"Polygon","coordinates":[[[13.40098,52.53651],[13.40358,52.53717],[13.4061,52.53736],[13.40419,52.5404],[13.40345,52.54036],[13.40027,52.53948],[13.40128,52.53815],[13.40098,52.53651]]]},"properties":{"UWB":"01118","UWB3":"118","BWB":"011K","BWB3":"1K","AWK":"0101","BEZ":"01","BWK":"75"}},
{"type":"Feature","geometry":{"type":"Polygon","coordinates":[[[13.40025,52.53584],[13.40285,52.53488],[13.40485,52.5355],[13.40358,52.53717],[13.40098,52.53651],[13.40025,52.53584]]]},"properties":{"UWB":"01119","UWB3":"119","BWB":"011L","BWB3":"1L","AWK":"0101","BEZ":"01","BWK":"75"}},
{"type":"Feature","geometry":{"type":"Polygon","coordinates":[[[13.40358,52.53717],[13.40485,52.5355],[13.40285,52.53488],[13.40725,52.53321],[13.40824,52.53439],[13.40684,52.53589],[13.4061,52.53736],[13.40358,52.53717]]]},"properties":{"UWB":"01120","UWB3":"120","BWB":"011K","BWB3":"1K","AWK":"0101","BEZ":"01","BWK":"75"}},
{"type":"Feature","geometry":{"type":"Polygon","coordinates":[[[13.39952,52.53514],[13.40433,52.53313],[13.40639,52.53222],[13.40725,52.53321],[13.40285,52.53488],[13.40025,52.53584],[13.39952,52.53514]]]},"properties":{"UWB":"01121","UWB3":"121","BWB":"011L","BWB3":"1L","AWK":"0101","BEZ":"01","BWK":"75"}},
{"type":"Feature","geometry":{"type":"Polygon","coordinates":[[[13.3989,52.53262],[13.40128,52.52971],[13.40433,52.53313],[13.39952,52.53514],[13.39805,52.53495],[13.3989,52.53262]]]},"properties":{"UWB":"01122","UWB3":"122","BWB":"011M","BWB3":"1M","AWK":"0101","BEZ":"01","BWK":"75"}},
{"type":"Feature","geometry":{"type":"Polygon","coordinates":[[[13.40139,52.52971],[13.40558,52.52966],[13.40639,52.53222],[13.40433,52.53313],[13.40128,52.52971],[13.40139,52.52971]]]},"properties":{"UWB":"01123","UWB3":"123","BWB":"011M","BWB3":"1M","AWK":"0101","BEZ":"01","BWK":"75"}},
{"type":"Feature","geometry":{"type":"Polygon","coordinates":[[[13.36013,52.53279],[13.36418,52.52795],[13.36083,52.52692],[13.36289,52.52446],[13.37094,52.52692],[13.36956,52.5289],[13.36736,52.52751],[13.36568,52.52867],[13.36124,52.53313],[13.36013,52.53279]]]},"properties":{"UWB":"01124","UWB3":"124","BWB":"011A","BWB3":"1A","AWK":"0101","BEZ":"01","BWK":"75"}},
{"type":"Feature","geometry":{"type":"Polygon","coordinates":[[[13.37842,52.53429],[13.38178,52.53551],[13.3852,52.53238],[13.38752,52.53343],[13.38533,52.53523],[13.37972,52.54033],[13.37455,52.53729],[13.37842,52.53429]]]},"properties":{"UWB":"01125","UWB3":"125","BWB":"011C","BWB3":"1C","AWK":"0101","BEZ":"01","BWK":"75"}},
{"type":"Feature","geometry":{"type":"Polygon","coordinates":[[[13.37665,52.51621],[13.37665,52.5162],[13.37737,52.51564],[13.3767,52.51277],[13.37637,52.509],[13.37765,52.50797],[13.37922,52.50694],[13.38559,52.50732],[13.38077,52.51648],[13.37665,52.51621]]]},"properties":{"UWB":"01200","UWB3":"200","BWB":"012A","BWB3":"2A","AWK":"0102","BEZ":"01","BWK":"75"}},
{"type":"Feature","geometry":{"type":"Polygon","coordinates":[[[13.38077,52.51648],[13.38559,52.50732],[13.39035,52.50759],[13.38991,52.51033],[13.39374,52.51073],[13.39349,52.51236],[13.39154,52.51222],[13.39066,52.51712],[13.38077,52.51648]]]},"properties":{"UWB":"01201","UWB3":"201","BWB":"012A","BWB3":"2A","AWK":"0102","BEZ":"01","BWK":"75"}},
{"type":"Feature","geometry":{"type":"Polygon","coordinates":[[[13.39066,52.51712],[13.39154,52.51222],[13.39349,52.51236],[13.39374,52.51073],[13.39797,52.511],[13.40152,52.51132],[13.40288,52.51202],[13.40041,52.51455],[13.39888,52.51764],[13.39066,52.51712]]]},"properties":{"UWB":"01202","UWB3":"202","BWB":"012B","BWB3":"2B","AWK":"0102","BEZ":"01","BWK":"75"}},
{"type":"Feature","geometry":{"type":"Polygon","coordinates":[[[13.39035,52.50759],[13.39036,52.50759],[13.39422,52.50783],[13.39406,52.50881],[13.39704,52.509],[13.39797,52.511],[13.39374,52.51073],[13.38991,52.51033],[13.39035,52.50759]]]},"properties":{"UWB":"01203","UWB3":"203","BWB":"012B","BWB3":"2B","AWK":"0102","BEZ":"01","BWK":"75"}},
{"type":"Feature","geometry":{"type":"Polygon","coordinates":[[[13.39797,52.511],[13.39704,52.509],[13.39406,52.50881],[13.39422,52.50783],[13.39902,52.50808],[13.40019,52.50938],[13.40444,52.50777],[13.40528,52.50821],[13.40529,52.50834],[13.40584,52.51121],[13.40288,52.51202],[13.40152,52.51132],[13.39797,52.511]]]},"properties":{"UWB":"01204","UWB3":"204","BWB":"012C","BWB3":"2C","AWK":"0102","BEZ":"01","BWK":"75"}},
{"type":"Feature","geometry":{"type":"Polygon","coordinates":[[[13.39888,52.51764],[13.40041,52.51455],[13.40288,52.51202],[13.40584,52.51121],[13.40836,52.51231],[13.40572,52.51406],[13.40667,52.5148],[13.40725,52.51538],[13.40409,52.51702],[13.40233,52.51877],[13.39888,52.51764]]]},"properties":{"UWB":"01205","UWB3":"205","BWB":"012C","BWB3":"2C","AWK":"0102","BEZ":"01","BWK":"75"}},
{"type":"Feature","geometry":{"type":"Polygon","coordinates":[[[13.40233,52.51877],[13.40409,52.51702],[13.40725,52.51538],[13.41158,52.51482],[13.41557,52.5152],[13.41762,52.51457],[13.41598,52.51735],[13.41387,52.51997],[13.40982,52.52254],[13.4025,52.51883],[13.40233,52.51877]]]},"properties":{"UWB":"01206","UWB3":"206","BWB":"012D","BWB3":"2D","AWK":"0102","BEZ":"01","BWK":"75"}},
{"type":"Feature","geometry":{"type":"Polygon","coordinates":[[[13.4025,52.51883],[13.40982,52.52254],[13.40722,52.52342],[13.40363,52.52311],[13.40043,52.52217],[13.40087,52.52063],[13.4025,52.51883]]]},"properties":{"UWB":"01207","UWB3":"207","BWB":"012D","BWB3":"2D","AWK":"0102","BEZ":"01","BWK":"75"}},
{"type":"Feature","geometry":{"type":"Polygon","coordinates":[[[13.40043,52.52217],[13.40363,52.52311],[13.40239,52.52365],[13.40331,52.52499],[13.39839,52.52656],[13.39886,52.52547],[13.39517,52.52441],[13.39415,52.5225],[13.39726,52.52199],[13.40043,52.52217]]]},"properties":{"UWB":"01208","UWB3":"208","BWB":"012E","BWB3":"2E","AWK":"0102","BEZ":"01","BWK":"75"}},
{"type":"Feature","geometry":{"type":"Polygon","coordinates":[[[13.40331,52.52499],[13.40239,52.52365],[13.40363,52.52311],[13.40722,52.52342],[13.40791,52.52452],[13.40647,52.52505],[13.408,52.52696],[13.40348,52.52779],[13.40364,52.52608],[13.40331,52.52499]]]},"properties":{"UWB":"01209","UWB3":"209","BWB":"012E","BWB3":"2E","AWK":"0102","BEZ":"01","BWK":"75"}},
{"type":"Feature","geometry":{"type":"Polygon","coordinates":[[[13.40364,52.52608],[13.40348,52.52779],[13.408,52.52696],[13.40971,52.52889],[13.40962,52.5289],[13.40558,52.52966],[13.40139,52.52971],[13.40364,52.52608]]]},"properties":{"UWB":"01210","UWB3":"210","BWB":"012F","BWB3":"2F","AWK":"0102","BEZ":"01","BWK":"75"}},
{"type":"Feature","geometry":{"type":"Polygon","coordinates":[[[13.408,52.52696],[13.41106,52.52588],[13.41346,52.5251],[13.41591,52.52721],[13.41207,52.52841],[13.40971,52.52889],[13.408,52.52696]]]},"properties":{"UWB":"01211","UWB3":"211","BWB":"012F","BWB3":"2F","AWK":"0102","BEZ":"01","BWK":"75"}},
{"type":"Feature","geometry":{"type":"Polygon","coordinates":[[[13.40791,52.52452],[13.40963,52.524],[13.41106,52.52588],[13.408,52.52696],[13.40647,52.52505],[13.40791,52.52452]]]},"properties":{"UWB":"01212","UWB3":"212","BWB":"012G","BWB3":"2G","AWK":"0102","BEZ":"01","BWK":"75"}},
{"type":"Feature","geometry":{"type":"Polygon","coordinates":[[[13.40982,52.52254],[13.41346,52.5251],[13.41106,52.52588],[13.40963,52.524],[13.40791,52.52452],[13.40722,52.52342],[13.40982,52.52254]]]},"properties":{"UWB":"01213","UWB3":"213","BWB":"012G","BWB3":"2G","AWK":"0102","BEZ":"01","BWK":"75"}},
{"type":"Feature","geometry":{"type":"Polygon","coordinates":[[[13.41387,52.51997],[13.41651,52.52211],[13.42015,52.52539],[13.41975,52.52554],[13.41595,52.52718],[13.41591,52.52721],[13.41346,52.5251],[13.40982,52.52254],[13.41387,52.51997]]]},"properties":{"UWB":"01214","UWB3":"214","BWB":"012G","BWB3":"2G","AWK":"0102","BEZ":"01","BWK":"75"}},
{"type":"Feature","geometry":{"type":"Polygon","coordinates":[[[13.41651,52.52211],[13.42242,52.52017],[13.42314,52.51997],[13.42237,52.52117],[13.42424,52.52379],[13.4213,52.52493],[13.42015,52.52539],[13.41651,52.52211]]]},"properties":{"UWB":"01215","UWB3":"215","BWB":"012H","BWB3":"2H","AWK":"0102","BEZ":"01","BWK":"75"}},
{"type":"Feature","geometry":{"type":"Polygon","coordinates":[[[13.42314,52.51997],[13.4264,52.51903],[13.4284,52.51958],[13.42919,52.5212],[13.42555,52.52279],[13.42559,52.52342],[13.42424,52.52379],[13.42237,52.52117],[13.42314,52.51997]]]},"properties":{"UWB":"01216","UWB3":"216","BWB":"012H","BWB3":"2H","AWK":"0102","BEZ":"01","BWK":"75"}},
{"type":"Feature","geometry":{"type":"Polygon","coordinates":[[[13.41598,52.51735],[13.41787,52.51803],[13.42138,52.51889],[13.42242,52.52017],[13.41651,52.52211],[13.41387,52.51997],[13.41598,52.51735]]]},"properties":{"UWB":"01217","UWB3":"217","BWB":"012I","BWB3":"2I","AWK":"0102","BEZ":"01","BWK":"75"}},
{"type":"Feature","geometry":{"type":"Polygon","coordinates":[[[13.42593,52.51839],[13.4235,52.51909],[13.42203,52.51719],[13.42539,52.51608],[13.42381,52.51435],[13.42395,52.51357],[13.42564,52.51601],[13.42675,52.51796],[13.42593,52.51839]]]},"properties":{"UWB":"01218","UWB3":"218","BWB":"012I","BWB3":"2I","AWK":"0102","BEZ":"01","BWK":"75"}},
{"type":"Feature","geometry":{"type":"Polygon","coordinates":[[[13.42242,52.52017],[13.42138,52.51889],[13.41787,52.51803],[13.4198,52.51702],[13.42203,52.51719],[13.4235,52.51909],[13.42593,52.51839],[13.4264,52.51903],[13.42314,52.51997],[13.42242,52.52017]]]},"properties":{"UWB":"01219","UWB3":"219","BWB":"012I","BWB3":"2I","AWK":"0102","BEZ":"01","BWK":"75"}},
{"type":"Feature","geometry":{"type":"Polygon","coordinates":[[[13.41762,52.51457],[13.41721,52.51244],[13.41747,52.51074],[13.42117,52.50978],[13.42291,52.51217],[13.42395,52.51357],[13.42381,52.51435],[13.42539,52.51608],[13.42203,52.51719],[13.4198,52.51702],[13.41787,52.51803],[13.41598,52.51735],[13.41762,52.51457]]]},"properties":{"UWB":"01220","UWB3":"220","BWB":"012J","BWB3":"2J","AWK":"0102","BEZ":"01","BWK":"75"}},
{"type":"Feature","geometry":{"type":"Polygon","coordinates":[[[13.40529,52.50834],[13.40805,52.51009],[13.41018,52.51054],[13.41397,52.51141],[13.41646,52.51101],[13.41747,52.51074],[13.41721,52.51244],[13.41762,52.51457],[13.41557,52.5152],[13.41158,52.51482],[13.40725,52.51538],[13.40667,52.5148],[13.41028,52.51417],[13.41091,52.51318],[13.40836,52.51231],[13.40584,52.51121],[13.40529,52.50834]]]},"properties":{"UWB":"01221","UWB3":"221","BWB":"012K","BWB3":"2K","AWK":"0102","BEZ":"01","BWK":"75"}},
{"type":"Feature","geometry":{"type":"Polygon","coordinates":[[[13.40836,52.51231],[13.41091,52.51318],[13.41028,52.51417],[13.40667,52.5148],[13.40572,52.51406],[13.40836,52.51231]]]},"properties":{"UWB":"01222","UWB3":"222","BWB":"012K","BWB3":"2K","AWK":"0102","BEZ":"01","BWK":"75"}},
{"type":"Feature","geometry":{"type":"Polygon","coordinates":[[[13.40528,52.50821],[13.40803,52.50618],[13.40997,52.50692],[13.41158,52.50487],[13.41166,52.50484],[13.41414,52.50795],[13.41018,52.51054],[13.40805,52.51009],[13.40529,52.50834],[13.40528,52.50821]]]},"properties":{"UWB":"01223","UWB3":"223","BWB":"012L","BWB3":"2L","AWK":"0102","BEZ":"01","BWK":"75"}},
{"type":"Feature","geometry":{"type":"Polygon","coordinates":[[[13.41018,52.51054],[13.41414,52.50795],[13.41646,52.51101],[13.41397,52.51141],[13.41018,52.51054]]]},"properties":{"UWB":"01224","UWB3":"224","BWB":"012M","BWB3":"2M","AWK":"0102","BEZ":"01","BWK":"75"}},
{"type":"Feature","geometry":{"type":"Polygon","coordinates":[[[13.41414,52.50795],[13.41644,52.507],[13.41785,52.5066],[13.41892,52.50805],[13.41631,52.50931],[13.41646,52.51101],[13.41414,52.50795]]]},"properties":{"UWB":"01225","UWB3":"225","BWB":"012M","BWB3":"2M","AWK":"0102","BEZ":"01","BWK":"75"}},
{"type":"Feature","geometry":{"type":"Polygon","coordinates":[[[13.41747,52.51074],[13.41646,52.51101],[13.41631,52.50931],[13.41892,52.50805],[13.41992,52.50808],[13.42117,52.50978],[13.41747,52.51074]]]},"properties":{"UWB":"01226","UWB3":"226","BWB":"012J","BWB3":"2J","AWK":"0102","BEZ":"01","BWK":"75"}},
{"type":"Feature","geometry":{"type":"Polygon","coordinates":[[[13.42117,52.50978],[13.41992,52.50808],[13.42065,52.50761],[13.42664,52.50577],[13.4272,52.50567],[13.4294,52.50857],[13.42902,52.50893],[13.42291,52.51217],[13.42117,52.50978]]]},"properties":{"UWB":"01227","UWB3":"227","BWB":"012N","BWB3":"2N","AWK":"0102","BEZ":"01","BWK":"75"}},
{"type":"Feature","geometry":{"type":"Polygon","coordinates":[[[13.41166,52.50484],[13.41407,52.50404],[13.41641,52.5045],[13.41644,52.507],[13.41414,52.50795],[13.41166,52.50484]]]},"properties":{"UWB":"01228","UWB3":"228","BWB":"012L","BWB3":"2L","AWK":"0102","BEZ":"01","BWK":"75"}},
{"type":"Feature","geometry":{"type":"Polygon","coordinates":[[[13.41644,52.507],[13.41641,52.5045],[13.41747,52.5042],[13.41943,52.50565],[13.42195,52.50503],[13.42495,52.50518],[13.42664,52.50577],[13.42065,52.50761],[13.41992,52.50808],[13.41892,52.50805],[13.41785,52.5066],[13.41644,52.507]]]},"properties":{"UWB":"01229","UWB3":"229","BWB":"012N","BWB3":"2N","AWK":"0102","BEZ":"01","BWK":"75"}},
{"type":"Feature","geometry":{"type":"Polygon","coordinates":[[[13.32808,52.52592],[13.32864,52.52739],[13.3268,52.52759],[13.32487,52.5278],[13.31946,52.52836],[13.31465,52.52961],[13.31434,52.53044],[13.31335,52.53026],[13.31494,52.52577],[13.31587,52.52315],[13.31731,52.52062],[13.31785,52.52041],[13.31878,52.52111],[13.31894,52.52307],[13.32001,52.52406],[13.32325,52.52469],[13.32519,52.52442],[13.32877,52.52245],[13.32969,52.52305],[13.32977,52.52377],[13.32393,52.52544],[13.32443,52.5267],[13.32808,52.52592]]]},"properties":{"UWB":"01300","UWB3":"300","BWB":"013A","BWB3":"3A","AWK":"0103","BEZ":"01","BWK":"75"}},
{"type":"Feature","geometry":{"type":"Polygon","coordinates":[[[13.32977,52.52377],[13.33017,52.52566],[13.32808,52.52592],[13.32443,52.5267],[13.32393,52.52544],[13.32977,52.52377]]]},"properties":{"UWB":"01301","UWB3":"301","BWB":"013A","BWB3":"3A","AWK":"0103","BEZ":"01","BWK":"75"}},
{"type":"Feature","geometry":{"type":"Polygon","coordinates":[[[13.32808,52.52592],[13.33017,52.52566],[13.33513,52.52547],[13.33489,52.5247],[13.33628,52.525],[13.3393,52.52576],[13.33915,52.52641],[13.33767,52.52654],[13.33331,52.52694],[13.33057,52.52719],[13.32864,52.52739],[13.32808,52.52592]]]},"properties":{"UWB":"01302","UWB3":"302","BWB":"013B","BWB3":"3B","AWK":"0103","BEZ":"01","BWK":"75"}},
{"type":"Feature","geometry":{"type":"Polygon","coordinates":[[[13.32977,52.52377],[13.33413,52.52454],[13.33489,52.5247],[13.33513,52.52547],[13.33017,52.52566],[13.32977,52.52377]]]},"properties":{"UWB":"01303","UWB3":"303","BWB":"013B","BWB3":"3B","AWK":"0103","BEZ":"01","BWK":"75"}},
{"type":"Feature","geometry":{"type":"Polygon","coordinates":[[[13.32969,52.52305],[13.33037,52.52154],[13.33284,52.52049],[13.33375,52.52133],[13.33413,52.52454],[13.32977,52.52377],[13.32969,52.52305]]]},"properties":{"UWB":"01304","UWB3":"304","BWB":"013B","BWB3":"3B","AWK":"0103","BEZ":"01","BWK":"75"}},
{"type":"Feature","geometry":{"type":"Polygon","coordinates":[[[13.32877,52.52245],[13.32878,52.52244],[13.32946,52.52144],[13.32915,52.5187],[13.32963,52.51795],[13.33228,52.5167],[13.33421,52.51677],[13.33503,52.51701],[13.33233,52.51846],[13.33474,52.51968],[13.33284,52.52049],[13.33037,52.52154],[13.32969,52.52305],[13.32877,52.52245]]]},"properties":{"UWB":"01305","UWB3":"305","BWB":"013C","BWB3":"3C","AWK":"0103","BEZ":"01","BWK":"75"}},
{"type":"Feature","geometry":{"type":"Polygon","coordinates":[[[13.33489,52.5247],[13.33413,52.52454],[13.33375,52.52133],[13.3357,52.52055],[13.3361,52.52343],[13.33628,52.525],[13.33489,52.5247]]]},"properties":{"UWB":"01306","UWB3":"306","BWB":"013D","BWB3":"3D","AWK":"0103","BEZ":"01","BWK":"75"}},
{"type":"Feature","geometry":{"type":"Polygon","coordinates":[[[13.33284,52.52049],[13.33474,52.51968],[13.33233,52.51846],[13.33503,52.51701],[13.3385,52.51945],[13.33767,52.51979],[13.3357,52.52055],[13.33375,52.52133],[13.33284,52.52049]]]},"properties":{"UWB":"01307","UWB3":"307","BWB":"013C","BWB3":"3C","AWK":"0103","BEZ":"01","BWK":"75"}},
{"type":"Feature","geometry":{"type":"Polygon","coordinates":[[[13.3357,52.52055],[13.33767,52.51979],[13.33849,52.52101],[13.33805,52.5237],[13.3361,52.52343],[13.3357,52.52055]]]},"properties":{"UWB":"01308","UWB3":"308","BWB":"013D","BWB3":"3D","AWK":"0103","BEZ":"01","BWK":"75"}},
{"type":"Feature","geometry":{"type":"Polygon","coordinates":[[[13.33628,52.525],[13.3361,52.52343],[13.33805,52.5237],[13.33849,52.52101],[13.33767,52.51979],[13.3385,52.51945],[13.33986,52.52153],[13.34187,52.52242],[13.34213,52.52329],[13.33986,52.52282],[13.3393,52.52576],[13.33628,52.525]]]},"properties":{"UWB":"01309","UWB3":"309","BWB":"013E","BWB3":"3E","AWK":"0103","BEZ":"01","BWK":"75"}},
{"type":"Feature","geometry":{"type":"Polygon","coordinates":[[[13.3393,52.52576],[13.33986,52.52282],[13.34213,52.52329],[13.34284,52.5254],[13.34313,52.5263],[13.33915,52.52641],[13.3393,52.52576]]]},"properties":{"UWB":"01310","UWB3":"310","BWB":"013E","BWB3":"3E","AWK":"0103","BEZ":"01","BWK":"75"}},
{"type":"Feature","geometry":{"type":"Polygon","coordinates":[[[13.34187,52.52242],[13.34475,52.52249],[13.34811,52.52135],[13.34975,52.52118],[13.35097,52.52435],[13.34284,52.5254],[13.34213,52.52329],[13.34187,52.52242]]]},"properties":{"UWB":"01311","UWB3":"311","BWB":"013F","BWB3":"3F","AWK":"0103","BEZ":"01","BWK":"75"}},
{"type":"Feature","geometry":{"type":"Polygon","coordinates":[[[13.34284,52.5254],[13.35097,52.52435],[13.34975,52.52118],[13.34811,52.52135],[13.35006,52.51984],[13.35153,52.51979],[13.35099,52.52023],[13.35236,52.52416],[13.35388,52.52395],[13.3569,52.52361],[13.35637,52.52555],[13.35537,52.5267],[13.3517,52.52642],[13.34537,52.52625],[13.34313,52.5263],[13.34284,52.5254]]]},"properties":{"UWB":"01312","UWB3":"312","BWB":"013F","BWB3":"3F","AWK":"0103","BEZ":"01","BWK":"75"}},
{"type":"Feature","geometry":{"type":"Polygon","coordinates":[[[13.35153,52.51979],[13.35244,52.51973],[13.35388,52.52395],[13.35236,52.52416],[13.35099,52.52023],[13.35153,52.51979]]]},"properties":{"UWB":"01313","UWB3":"313","BWB":"013F","BWB3":"3F","AWK":"0103","BEZ":"01","BWK":"75"}},
{"type":"Feature","geometry":{"type":"Polygon","coordinates":[[[13.35388,52.52395],[13.35244,52.51973],[13.35153,52.51979],[13.35006,52.51984],[13.35461,52.51714],[13.35551,52.51968],[13.3569,52.52361],[13.35388,52.52395]]]},"properties":{"UWB":"01314","UWB3":"314","BWB":"013G","BWB3":"3G","AWK":"0103","BEZ":"01","BWK":"75"}},
{"type":"Feature","geometry":{"type":"Polygon","coordinates":[[[13.35551,52.51968],[13.35868,52.52065],[13.35946,52.52338],[13.3569,52.52361],[13.35551,52.51968]]]},"properties":{"UWB":"01315","UWB3":"315","BWB":"013G","BWB3":"3G","AWK":"0103","BEZ":"01","BWK":"75"}},
{"type":"Feature","geometry":{"type":"Polygon","coordinates":[[[13.37094,52.52692],[13.36289,52.52446],[13.36083,52.52692],[13.35637,52.52555],[13.3569,52.52361],[13.35946,52.52338],[13.36811,52.52228],[13.36909,52.52171],[13.37105,52.52271],[13.37068,52.5248],[13.37105,52.52653],[13.37337,52.52653],[13.37375,52.5278],[13.37094,52.52692]]]},"properties":{"UWB":"01316","UWB3":"316","BWB":"013H","BWB3":"3H","AWK":"0103","BEZ":"01","BWK":"75"}},
{"type":"Feature","geometry":{"type":"Polygon","coordinates":[[[13.33421,52.51677],[13.33601,52.51378],[13.33769,52.51582],[13.3407,52.51851],[13.3385,52.51945],[13.33503,52.51701],[13.33421,52.51677]]]},"properties":{"UWB":"01317","UWB3":"317","BWB":"013I","BWB3":"3I","AWK":"0103","BEZ":"01","BWK":"75"}},
{"type":"Feature","geometry":{"type":"Polygon","coordinates":[[[13.3385,52.51945],[13.3407,52.51851],[13.3421,52.51794],[13.34328,52.5188],[13.34604,52.51918],[13.34475,52.52249],[13.34187,52.52242],[13.33986,52.52153],[13.3385,52.51945]]]},"properties":{"UWB":"01318","UWB3":"318","BWB":"013I","BWB3":"3I","AWK":"0103","BEZ":"01","BWK":"75"}},
{"type":"Feature","geometry":{"type":"Polygon","coordinates":[[[13.34475,52.52249],[13.34604,52.51918],[13.34328,52.5188],[13.3421,52.51794],[13.34917,52.51489],[13.34898,52.51444],[13.35031,52.5138],[13.35121,52.51457],[13.35081,52.51506],[13.35461,52.51714],[13.35006,52.51984],[13.34811,52.52135],[13.34475,52.52249]]]},"properties":{"UWB":"01319","UWB3":"319","BWB":"013I","BWB3":"3I","AWK":"0103","BEZ":"01","BWK":"75"}},
{"type":"Feature","geometry":{"type":"Polygon","coordinates":[[[13.33601,52.51378],[13.33593,52.51353],[13.34898,52.51444],[13.34917,52.51489],[13.3421,52.51794],[13.3407,52.51851],[13.33769,52.51582],[13.33601,52.51378]]]},"properties":{"UWB":"01320","UWB3":"320","BWB":"013J","BWB3":"3J","AWK":"0103","BEZ":"01","BWK":"75"}},
{"type":"Feature","geometry":{"type":"Polygon","coordinates":[[[13.34898,52.51444],[13.33593,52.51353],[13.33056,52.51283],[13.33374,52.51172],[13.33004,52.51007],[13.3339,52.50884],[13.33484,52.50816],[13.33375,52.50672],[13.33539,52.50588],[13.33864,52.50592],[13.33906,52.50507],[13.34116,52.50493],[13.34174,52.50584],[13.34567,52.50659],[13.34611,52.50575],[13.35108,52.50433],[13.35198,52.5055],[13.35188,52.50749],[13.35031,52.5138],[13.34898,52.51444]]]},"properties":{"UWB":"01321","UWB3":"321","BWB":"013J","BWB3":"3J","AWK":"0103","BEZ":"01","BWK":"75"}},
{"type":"Feature","geometry":{"type":"Polygon","coordinates":[[[13.34116,52.50493],[13.34142,52.50487],[13.34947,52.50301],[13.35542,52.50161],[13.35725,52.50466],[13.35366,52.5056],[13.35198,52.5055],[13.35108,52.50433],[13.34611,52.50575],[13.34567,52.50659],[13.34174,52.50584],[13.34116,52.50493]]]},"properties":{"UWB":"01322","UWB3":"322","BWB":"013J","BWB3":"3J","AWK":"0103","BEZ":"01","BWK":"75"}},
{"type":"Feature","geometry":{"type":"Polygon","coordinates":[[[13.37105,52.52271],[13.36909,52.52171],[13.36811,52.52228],[13.35946,52.52338],[13.35868,52.52065],[13.35551,52.51968],[13.35461,52.51714],[13.35081,52.51506],[13.35121,52.51457],[13.37665,52.5162],[13.37665,52.51621],[13.37719,52.51716],[13.37686,52.51964],[13.37607,52.52059],[13.37542,52.52179],[13.37258,52.52277],[13.37105,52.52271]]]},"properties":{"UWB":"01323","UWB3":"323","BWB":"013H","BWB3":"3H","AWK":"0103","BEZ":"01","BWK":"75"}},
{"type":"Feature","geometry":{"type":"Polygon","coordinates":[[[13.37665,52.5162],[13.35121,52.51457],[13.35031,52.5138],[13.35188,52.50749],[13.35198,52.5055],[13.35366,52.5056],[13.35785,52.50644],[13.36051,52.50573],[13.36806,52.50555],[13.36571,52.50309],[13.3715,52.50171],[13.3736,52.50416],[13.37468,52.50323],[13.37765,52.50797],[13.37637,52.509],[13.3767,52.51277],[13.37737,52.51564],[13.37665,52.5162]]]},"properties":{"UWB":"01324","UWB3":"324","BWB":"013K","BWB3":"3K","AWK":"0103","BEZ":"01","BWK":"75"}},
{"type":"Feature","geometry":{"type":"Polygon","coordinates":[[[13.35542,52.50161],[13.35771,52.50104],[13.35813,52.50092],[13.36051,52.50573],[13.35785,52.50644],[13.35366,52.5056],[13.35725,52.50466],[13.35542,52.50161]]]},"properties":{"UWB":"01325","UWB3":"325","BWB":"013L","BWB3":"3L","AWK":"0103","BEZ":"01","BWK":"75"}},
{"type":"Feature","geometry":{"type":"Polygon","coordinates":[[[13.36051,52.50573],[13.35813,52.50092],[13.36278,52.49961],[13.36571,52.50309],[13.36806,52.50555],[13.36051,52.50573]]]},"properties":{"UWB":"01326","UWB3":"326","BWB":"013L","BWB3":"3L","AWK":"0103","BEZ":"01","BWK":"75"}},
{"type":"Feature","geometry":{"type":"Polygon","coordinates":[[[13.36571,52.50309],[13.36278,52.49961],[13.36455,52.49936],[13.36457,52.49935],[13.36472,52.49933],[13.36599,52.49916],[13.36614,52.49914],[13.36616,52.49914],[13.36953,52.49887],[13.37089,52.5],[13.3715,52.50171],[13.36571,52.50309]]]},"properties":{"UWB":"01327","UWB3":"327","BWB":"013K","BWB3":"3K","AWK":"0103","BEZ":"01","BWK":"75"}},
{"type":"Feature","geometry":{"type":"Polygon","coordinates":[[[13.32487,52.5278],[13.32478,52.53229],[13.32658,52.53263],[13.32844,52.53298],[13.32831,52.53475],[13.32636,52.53768],[13.31141,52.53561],[13.31149,52.5354],[13.31303,52.53187],[13.31703,52.53235],[13.31674,52.5309],[13.31434,52.53044],[13.31465,52.52961],[13.31946,52.52836],[13.32487,52.5278]]]},"properties":{"UWB":"01400","UWB3":"400","BWB":"014A","BWB3":"4A","AWK":"0104","BEZ":"01","BWK":"75"}},
{"type":"Feature","geometry":{"type":"Polygon","coordinates":[[[13.3268,52.52759],[13.32658,52.53263],[13.32478,52.53229],[13.32487,52.5278],[13.3268,52.52759]]]},"properties":{"UWB":"01401","UWB3":"401","BWB":"014A","BWB3":"4A","AWK":"0104","BEZ":"01","BWK":"75"}},
{"type":"Feature","geometry":{"type":"Polygon","coordinates":[[[13.32864,52.52739],[13.32856,52.53113],[13.32844,52.53298],[13.32658,52.53263],[13.3268,52.52759],[13.32864,52.52739]]]},"properties":{"UWB":"01402","UWB3":"402","BWB":"014B","BWB3":"4B","AWK":"0104","BEZ":"01","BWK":"75"}},
{"type":"Feature","geometry":{"type":"Polygon","coordinates":[[[13.32844,52.53298],[13.33186,52.53273],[13.33474,52.53302],[13.3368,52.53306],[13.34003,52.53265],[13.3413,52.5323],[13.34324,52.53184],[13.34339,52.5344],[13.34487,52.53891],[13.33891,52.53977],[13.33413,52.54116],[13.32931,52.5411],[13.32733,52.54143],[13.32714,52.53973],[13.32913,52.53823],[13.32636,52.53768],[13.32831,52.53475],[13.32844,52.53298]]]},"properties":{"UWB":"01403","UWB3":"403","BWB":"014C","BWB3":"4C","AWK":"0104","BEZ":"01","BWK":"75"}},
{"type":"Feature","geometry":{"type":"Polygon","coordinates":[[[13.32856,52.53113],[13.33143,52.53085],[13.33186,52.53273],[13.32844,52.53298],[13.32856,52.53113]]]},"properties":{"UWB":"01404","UWB3":"404","BWB":"014C","BWB3":"4C","AWK":"0104","BEZ":"01","BWK":"75"}},
{"type":"Feature","geometry":{"type":"Polygon","coordinates":[[[13.33057,52.52719],[13.33143,52.53085],[13.32856,52.53113],[13.32864,52.52739],[13.33057,52.52719]]]},"properties":{"UWB":"01405","UWB3":"405","BWB":"014B","BWB3":"4B","AWK":"0104","BEZ":"01","BWK":"75"}},
{"type":"Feature","geometry":{"type":"Polygon","coordinates":[[[13.33186,52.53273],[13.33143,52.53085],[13.33418,52.53057],[13.33474,52.53302],[13.33186,52.53273]]]},"properties":{"UWB":"01406","UWB3":"406","BWB":"014D","BWB3":"4D","AWK":"0104","BEZ":"01","BWK":"75"}},
{"type":"Feature","geometry":{"type":"Polygon","coordinates":[[[13.33331,52.52694],[13.33372,52.52876],[13.33418,52.53057],[13.33143,52.53085],[13.33057,52.52719],[13.33331,52.52694]]]},"properties":{"UWB":"01407","UWB3":"407","BWB":"014D","BWB3":"4D","AWK":"0104","BEZ":"01","BWK":"75"}},
{"type":"Feature","geometry":{"type":"Polygon","coordinates":[[[13.33474,52.53302],[13.33418,52.53057],[13.33372,52.52876],[13.3358,52.52858],[13.33616,52.53039],[13.3368,52.53306],[13.33474,52.53302]]]},"properties":{"UWB":"01408","UWB3":"408","BWB":"014E","BWB3":"4E","AWK":"0104","BEZ":"01","BWK":"75"}},
{"type":"Feature","geometry":{"type":"Polygon","coordinates":[[[13.3368,52.53306],[13.33616,52.53039],[13.33854,52.53016],[13.33999,52.53002],[13.34003,52.53265],[13.3368,52.53306]]]},"properties":{"UWB":"01409","UWB3":"409","BWB":"014C","BWB3":"4C","AWK":"0104","BEZ":"01","BWK":"75"}},
{"type":"Feature","geometry":{"type":"Polygon","coordinates":[[[13.33767,52.52654],[13.33854,52.53016],[13.33616,52.53039],[13.3358,52.52858],[13.33372,52.52876],[13.33331,52.52694],[13.33767,52.52654]]]},"properties":{"UWB":"01410","UWB3":"410","BWB":"014E","BWB3":"4E","AWK":"0104","BEZ":"01","BWK":"75"}},
{"type":"Feature","geometry":{"type":"Polygon","coordinates":[[[13.33915,52.52641],[13.34313,52.5263],[13.34324,52.52809],[13.34136,52.52811],[13.33998,52.52816],[13.33999,52.53002],[13.33854,52.53016],[13.33767,52.52654],[13.33915,52.52641]]]},"properties":{"UWB":"01411","UWB3":"411","BWB":"014F","BWB3":"4F","AWK":"0104","BEZ":"01","BWK":"75"}},
{"type":"Feature","geometry":{"type":"Polygon","coordinates":[[[13.34003,52.53265],[13.33999,52.53002],[13.33998,52.52816],[13.34136,52.52811],[13.3413,52.5323],[13.34003,52.53265]]]},"properties":{"UWB":"01412","UWB3":"412","BWB":"014F","BWB3":"4F","AWK":"0104","BEZ":"01","BWK":"75"}},
{"type":"Feature","geometry":{"type":"Polygon","coordinates":[[[13.3413,52.5323],[13.34136,52.52811],[13.34324,52.52809],[13.34324,52.53184],[13.3413,52.5323]]]},"properties":{"UWB":"01413","UWB3":"413","BWB":"014F","BWB3":"4F","AWK":"0104","BEZ":"01","BWK":"75"}},
{"type":"Feature","geometry":{"type":"Polygon","coordinates":[[[13.36109,52.53767],[13.35481,52.53957],[13.35288,52.53966],[13.35079,52.53924],[13.34695,52.53879],[13.34506,52.53911],[13.34487,52.53891],[13.34339,52.5344],[13.34971,52.53508],[13.34993,52.53421],[13.35448,52.5345],[13.35746,52.53596],[13.36109,52.53767]]]},"properties":{"UWB":"01414","UWB3":"414","BWB":"014G","BWB3":"4G","AWK":"0104","BEZ":"01","BWK":"75"}},
{"type":"Feature","geometry":{"type":"Polygon","coordinates":[[[13.34339,52.5344],[13.34586,52.53309],[13.34716,52.53369],[13.34993,52.53421],[13.34971,52.53508],[13.34339,52.5344]]]},"properties":{"UWB":"01415","UWB3":"415","BWB":"014H","BWB3":"4H","AWK":"0104","BEZ":"01","BWK":"75"}},
{"type":"Feature","geometry":{"type":"Polygon","coordinates":[[[13.34324,52.53184],[13.34719,52.5308],[13.35054,52.53249],[13.34717,52.53294],[13.34716,52.53369],[13.34586,52.53309],[13.34339,52.5344],[13.34324,52.53184]]]},"properties":{"UWB":"01416","UWB3":"416","BWB":"014I","BWB3":"4I","AWK":"0104","BEZ":"01","BWK":"75"}},
{"type":"Feature","geometry":{"type":"Polygon","coordinates":[[[13.34537,52.52625],[13.34535,52.52986],[13.34719,52.5308],[13.34324,52.53184],[13.34324,52.52809],[13.34313,52.5263],[13.34537,52.52625]]]},"properties":{"UWB":"01417","UWB3":"417","BWB":"014I","BWB3":"4I","AWK":"0104","BEZ":"01","BWK":"75"}},
{"type":"Feature","geometry":{"type":"Polygon","coordinates":[[[13.3517,52.52642],[13.35137,52.52822],[13.3499,52.5282],[13.34988,52.53007],[13.34719,52.5308],[13.34535,52.52986],[13.34537,52.52625],[13.3517,52.52642]]]},"properties":{"UWB":"01418","UWB3":"418","BWB":"014J","BWB3":"4J","AWK":"0104","BEZ":"01","BWK":"75"}},
{"type":"Feature","geometry":{"type":"Polygon","coordinates":[[[13.34993,52.53421],[13.34716,52.53369],[13.34717,52.53294],[13.35054,52.53249],[13.35448,52.5345],[13.34993,52.53421]]]},"properties":{"UWB":"01419","UWB3":"419","BWB":"014H","BWB3":"4H","AWK":"0104","BEZ":"01","BWK":"75"}},
{"type":"Feature","geometry":{"type":"Polygon","coordinates":[[[13.34719,52.5308],[13.34988,52.53007],[13.35183,52.53098],[13.35054,52.53249],[13.34719,52.5308]]]},"properties":{"UWB":"01420","UWB3":"420","BWB":"014K","BWB3":"4K","AWK":"0104","BEZ":"01","BWK":"75"}},
{"type":"Feature","geometry":{"type":"Polygon","coordinates":[[[13.35137,52.52822],[13.35405,52.52826],[13.35183,52.53098],[13.34988,52.53007],[13.3499,52.5282],[13.35137,52.52822]]]},"properties":{"UWB":"01421","UWB3":"421","BWB":"014K","BWB3":"4K","AWK":"0104","BEZ":"01","BWK":"75"}},
{"type":"Feature","geometry":{"type":"Polygon","coordinates":[[[13.35746,52.53596],[13.35448,52.5345],[13.35054,52.53249],[13.35183,52.53098],[13.35962,52.5334],[13.35746,52.53596]]]},"properties":{"UWB":"01422","UWB3":"422","BWB":"014G","BWB3":"4G","AWK":"0104","BEZ":"01","BWK":"75"}},
{"type":"Feature","geometry":{"type":"Polygon","coordinates":[[[13.35962,52.5334],[13.35183,52.53098],[13.35405,52.52826],[13.35137,52.52822],[13.3517,52.52642],[13.35537,52.5267],[13.35637,52.52555],[13.36083,52.52692],[13.36418,52.52795],[13.36013,52.53279],[13.35962,52.5334]]]},"properties":{"UWB":"01423","UWB3":"423","BWB":"014J","BWB3":"4J","AWK":"0104","BEZ":"01","BWK":"75"}},
{"type":"Feature","geometry":{"type":"Polygon","coordinates":[[[13.34487,52.53891],[13.34506,52.53911],[13.34812,52.54135],[13.34944,52.54219],[13.34732,52.5438],[13.35393,52.54724],[13.35232,52.5483],[13.35067,52.54727],[13.34592,52.54482],[13.34399,52.54624],[13.3357,52.5419],[13.33413,52.54116],[13.33891,52.53977],[13.34487,52.53891]]]},"properties":{"UWB":"01424","UWB3":"424","BWB":"014L","BWB3":"4L","AWK":"0104","BEZ":"01","BWK":"75"}},
{"type":"Feature","geometry":{"type":"Polygon","coordinates":[[[13.35067,52.54727],[13.34865,52.54871],[13.34655,52.54758],[13.34399,52.54624],[13.34592,52.54482],[13.35067,52.54727]]]},"properties":{"UWB":"01425","UWB3":"425","BWB":"014M","BWB3":"4M","AWK":"0104","BEZ":"01","BWK":"75"}},
{"type":"Feature","geometry":{"type":"Polygon","coordinates":[[[13.35393,52.54724],[13.35553,52.54845],[13.35552,52.54846],[13.35392,52.54937],[13.35199,52.55045],[13.34865,52.54871],[13.35067,52.54727],[13.35232,52.5483],[13.35393,52.54724]]]},"properties":{"UWB":"01426","UWB3":"426","BWB":"014M","BWB3":"4M","AWK":"0104","BEZ":"01","BWK":"75"}},
{"type":"Feature","geometry":{"type":"Polygon","coordinates":[[[13.34944,52.54219],[13.35083,52.54261],[13.355,52.54409],[13.35919,52.54636],[13.35553,52.54845],[13.35393,52.54724],[13.34732,52.5438],[13.34944,52.54219]]]},"properties":{"UWB":"01427","UWB3":"427","BWB":"014L","BWB3":"4L","AWK":"0104","BEZ":"01","BWK":"75"}},
{"type":"Feature","geometry":{"type":"Polygon","coordinates":[[[13.35083,52.54261],[13.35337,52.54266],[13.35622,52.54327],[13.36187,52.54486],[13.36088,52.54541],[13.35919,52.54636],[13.355,52.54409],[13.35083,52.54261]]]},"properties":{"UWB":"01428","UWB3":"428","BWB":"014L","BWB3":"4L","AWK":"0104","BEZ":"01","BWK":"75"}},
{"type":"Feature","geometry":{"type":"Polygon","coordinates":[[[13.33413,52.54116],[13.3357,52.5419],[13.3344,52.54281],[13.3322,52.54584],[13.33912,52.55036],[13.33691,52.55252],[13.33654,52.55256],[13.32942,52.55711],[13.33071,52.55884],[13.33326,52.56041],[13.33342,52.56096],[13.33201,52.56176],[13.33092,52.56215],[13.32679,52.56238],[13.32563,52.56107],[13.32131,52.56025],[13.31728,52.55964],[13.30967,52.55772],[13.30427,52.55199],[13.30153,52.54881],[13.31793,52.54824],[13.32623,52.54187],[13.32733,52.54143],[13.32931,52.5411],[13.33413,52.54116]]]},"properties":{"UWB":"01500","UWB3":"500","BWB":"015A","BWB3":"5A","AWK":"0105","BEZ":"01","BWK":"75"}},
{"type":"Feature","geometry":{"type":"Polygon","coordinates":[[[13.33691,52.55252],[13.33481,52.55642],[13.33384,52.55707],[13.33071,52.55884],[13.32942,52.55711],[13.33654,52.55256],[13.33691,52.55252]]]},"properties":{"UWB":"01501","UWB3":"501","BWB":"015A","BWB3":"5A","AWK":"0105","BEZ":"01","BWK":"75"}},
{"type":"Feature","geometry":{"type":"Polygon","coordinates":[[[13.33071,52.55884],[13.33384,52.55707],[13.3343,52.55735],[13.33326,52.56041],[13.33071,52.55884]]]},"properties":{"UWB":"01502","UWB3":"502","BWB":"015A","BWB3":"5A","AWK":"0105","BEZ":"01","BWK":"75"}},
{"type":"Feature","geometry":{"type":"Polygon","coordinates":[[[13.33342,52.56096],[13.33479,52.56019],[13.33876,52.56279],[13.33949,52.56397],[13.3371,52.56445],[13.33201,52.56176],[13.33342,52.56096]]]},"properties":{"UWB":"01503","UWB3":"503","BWB":"015B","BWB3":"5B","AWK":"0105","BEZ":"01","BWK":"75"}},
{"type":"Feature","geometry":{"type":"Polygon","coordinates":[[[13.33326,52.56041],[13.3343,52.55735],[13.33532,52.55733],[13.33741,52.55871],[13.33479,52.56019],[13.33342,52.56096],[13.33326,52.56041]]]},"properties":{"UWB":"01504","UWB3":"504","BWB":"015B","BWB3":"5B","AWK":"0105","BEZ":"01","BWK":"75"}},
{"type":"Feature","geometry":{"type":"Polygon","coordinates":[[[13.33691,52.55252],[13.33921,52.55402],[13.34223,52.55598],[13.34088,52.55674],[13.33741,52.55871],[13.33532,52.55733],[13.3343,52.55735],[13.33384,52.55707],[13.33481,52.55642],[13.33691,52.55252]]]},"properties":{"UWB":"01505","UWB3":"505","BWB":"015B","BWB3":"5B","AWK":"0105","BEZ":"01","BWK":"75"}},
{"type":"Feature","geometry":{"type":"Polygon","coordinates":[[[13.33479,52.56019],[13.33741,52.55871],[13.33986,52.5592],[13.34353,52.56152],[13.34282,52.56328],[13.33949,52.56397],[13.33876,52.56279],[13.33479,52.56019]]]},"properties":{"UWB":"01506","UWB3":"506","BWB":"015C","BWB3":"5C","AWK":"0105","BEZ":"01","BWK":"75"}},
{"type":"Feature","geometry":{"type":"Polygon","coordinates":[[[13.34088,52.55674],[13.34306,52.55657],[13.34497,52.55782],[13.34368,52.55859],[13.34885,52.56197],[13.34578,52.56267],[13.34282,52.56328],[13.34353,52.56152],[13.33986,52.5592],[13.33741,52.55871],[13.34088,52.55674]]]},"properties":{"UWB":"01507","UWB3":"507","BWB":"015C","BWB3":"5C","AWK":"0105","BEZ":"01","BWK":"75"}},
{"type":"Feature","geometry":{"type":"Polygon","coordinates":[[[13.34497,52.55782],[13.34797,52.55617],[13.35118,52.55832],[13.35473,52.56065],[13.35671,52.561],[13.35626,52.56201],[13.35384,52.56198],[13.34885,52.56197],[13.34368,52.55859],[13.34497,52.55782]]]},"properties":{"UWB":"01508","UWB3":"508","BWB":"015D","BWB3":"5D","AWK":"0105","BEZ":"01","BWK":"75"}},
{"type":"Feature","geometry":{"type":"Polygon","coordinates":[[[13.35118,52.55832],[13.35282,52.55793],[13.35702,52.55988],[13.36008,52.56056],[13.35971,52.56185],[13.35626,52.56201],[13.35671,52.561],[13.35473,52.56065],[13.35118,52.55832]]]},"properties":{"UWB":"01509","UWB3":"509","BWB":"015D","BWB3":"5D","AWK":"0105","BEZ":"01","BWK":"75"}},
{"type":"Feature","geometry":{"type":"Polygon","coordinates":[[[13.34797,52.55617],[13.35302,52.55331],[13.35813,52.55661],[13.36137,52.55764],[13.36021,52.56049],[13.36008,52.56056],[13.35702,52.55988],[13.35282,52.55793],[13.35118,52.55832],[13.34797,52.55617]]]},"properties":{"UWB":"01510","UWB3":"510","BWB":"015E","BWB3":"5E","AWK":"0105","BEZ":"01","BWK":"75"}},
{"type":"Feature","geometry":{"type":"Polygon","coordinates":[[[13.35813,52.55661],[13.35961,52.55596],[13.35973,52.55447],[13.36438,52.55686],[13.36559,52.55697],[13.36537,52.55813],[13.36452,52.56118],[13.36021,52.56049],[13.36137,52.55764],[13.35813,52.55661]]]},"properties":{"UWB":"01511","UWB3":"511","BWB":"015F","BWB3":"5F","AWK":"0105","BEZ":"01","BWK":"75"}},
{"type":"Feature","geometry":{"type":"Polygon","coordinates":[[[13.36559,52.55697],[13.36814,52.55716],[13.37254,52.55681],[13.37707,52.55643],[13.37701,52.56066],[13.37108,52.56054],[13.36666,52.55823],[13.36537,52.55813],[13.36559,52.55697]]]},"properties":{"UWB":"01512","UWB3":"512","BWB":"015G","BWB3":"5G","AWK":"0105","BEZ":"01","BWK":"75"}},
{"type":"Feature","geometry":{"type":"Polygon","coordinates":[[[13.34223,52.55598],[13.34517,52.55433],[13.34797,52.55617],[13.34497,52.55782],[13.34306,52.55657],[13.34088,52.55674],[13.34223,52.55598]]]},"properties":{"UWB":"01513","UWB3":"513","BWB":"015H","BWB3":"5H","AWK":"0105","BEZ":"01","BWK":"75"}},
{"type":"Feature","geometry":{"type":"Polygon","coordinates":[[[13.33921,52.55402],[13.3407,52.55317],[13.34225,52.55419],[13.34373,52.55337],[13.34517,52.55433],[13.34223,52.55598],[13.33921,52.55402]]]},"properties":{"UWB":"01514","UWB3":"514","BWB":"015H","BWB3":"5H","AWK":"0105","BEZ":"01","BWK":"75"}},
{"type":"Feature","geometry":{"type":"Polygon","coordinates":[[[13.33912,52.55036],[13.34032,52.55113],[13.34218,52.55236],[13.3407,52.55317],[13.33921,52.55402],[13.33691,52.55252],[13.33912,52.55036]]]},"properties":{"UWB":"01515","UWB3":"515","BWB":"015I","BWB3":"5I","AWK":"0105","BEZ":"01","BWK":"75"}},
{"type":"Feature","geometry":{"type":"Polygon","coordinates":[[[13.3407,52.55317],[13.34218,52.55236],[13.34032,52.55113],[13.34242,52.54996],[13.34577,52.5522],[13.34773,52.55109],[13.34915,52.55204],[13.34517,52.55433],[13.34373,52.55337],[13.34225,52.55419],[13.3407,52.55317]]]},"properties":{"UWB":"01516","UWB3":"516","BWB":"015I","BWB3":"5I","AWK":"0105","BEZ":"01","BWK":"75"}},
{"type":"Feature","geometry":{"type":"Polygon","coordinates":[[[13.34797,52.55617],[13.34517,52.55433],[13.34915,52.55204],[13.352,52.55046],[13.35883,52.55403],[13.35973,52.55447],[13.35961,52.55596],[13.35813,52.55661],[13.35302,52.55331],[13.34797,52.55617]]]},"properties":{"UWB":"01517","UWB3":"517","BWB":"015E","BWB3":"5E","AWK":"0105","BEZ":"01","BWK":"75"}},
{"type":"Feature","geometry":{"type":"Polygon","coordinates":[[[13.35392,52.54937],[13.35783,52.55188],[13.36204,52.55199],[13.36208,52.552],[13.36171,52.55349],[13.35883,52.55403],[13.352,52.55046],[13.35199,52.55045],[13.35392,52.54937]]]},"properties":{"UWB":"01518","UWB3":"518","BWB":"015J","BWB3":"5J","AWK":"0105","BEZ":"01","BWK":"75"}},
{"type":"Feature","geometry":{"type":"Polygon","coordinates":[[[13.35552,52.54846],[13.35788,52.55005],[13.35941,52.55077],[13.3623,52.55086],[13.36204,52.55199],[13.35783,52.55188],[13.35392,52.54937],[13.35552,52.54846]]]},"properties":{"UWB":"01519","UWB3":"519","BWB":"015J","BWB3":"5J","AWK":"0105","BEZ":"01","BWK":"75"}},
{"type":"Feature","geometry":{"type":"Polygon","coordinates":[[[13.35973,52.55447],[13.35883,52.55403],[13.36171,52.55349],[13.36208,52.552],[13.36699,52.55214],[13.36625,52.55353],[13.36559,52.55697],[13.36438,52.55686],[13.35973,52.55447]]]},"properties":{"UWB":"01520","UWB3":"520","BWB":"015F","BWB3":"5F","AWK":"0105","BEZ":"01","BWK":"75"}},
{"type":"Feature","geometry":{"type":"Polygon","coordinates":[[[13.36559,52.55697],[13.36625,52.55353],[13.36699,52.55214],[13.3673,52.55156],[13.36737,52.55156],[13.36989,52.55307],[13.37151,52.55401],[13.37254,52.55681],[13.36814,52.55716],[13.36559,52.55697]]]},"properties":{"UWB":"01521","UWB3":"521","BWB":"015G","BWB3":"5G","AWK":"0105","BEZ":"01","BWK":"75"}},
{"type":"Feature","geometry":{"type":"Polygon","coordinates":[[[13.34399,52.54624],[13.34655,52.54758],[13.34435,52.54887],[13.34223,52.54752],[13.33912,52.55036],[13.3322,52.54584],[13.3344,52.54281],[13.3357,52.5419],[13.34399,52.54624]]]},"properties":{"UWB":"01522","UWB3":"522","BWB":"015K","BWB3":"5K","AWK":"0105","BEZ":"01","BWK":"75"}},
{"type":"Feature","geometry":{"type":"Polygon","coordinates":[[[13.33912,52.55036],[13.34223,52.54752],[13.34435,52.54887],[13.34242,52.54996],[13.34032,52.55113],[13.33912,52.55036]]]},"properties":{"UWB":"01523","UWB3":"523","BWB":"015K","BWB3":"5K","AWK":"0105","BEZ":"01","BWK":"75"}},
{"type":"Feature","geometry":{"type":"Polygon","coordinates":[[[13.34242,52.54996],[13.34435,52.54887],[13.34618,52.55006],[13.34773,52.55109],[13.34577,52.5522],[13.34242,52.54996]]]},"properties":{"UWB":"01524","UWB3":"524","BWB":"015K","BWB3":"5K","AWK":"0105","BEZ":"01","BWK":"75"}},
{"type":"Feature","geometry":{"type":"Polygon","coordinates":[[[13.34865,52.54871],[13.34618,52.55006],[13.34435,52.54887],[13.34655,52.54758],[13.34865,52.54871]]]},"properties":{"UWB":"01525","UWB3":"525","BWB":"015L","BWB3":"5L","AWK":"0105","BEZ":"01","BWK":"75"}},
{"type":"Feature","geometry":{"type":"Polygon","coordinates":[[[13.35199,52.55045],[13.352,52.55046],[13.34915,52.55204],[13.34773,52.55109],[13.34618,52.55006],[13.34865,52.54871],[13.35199,52.55045]]]},"properties":{"UWB":"01526","UWB3":"526","BWB":"015L","BWB3":"5L","AWK":"0105","BEZ":"01","BWK":"75"}},
{"type":"Feature","geometry":{"type":"Polygon","coordinates":[[[13.37707,52.55643],[13.37755,52.55642],[13.3802,52.56039],[13.38144,52.56166],[13.38284,52.56128],[13.38302,52.55959],[13.3834,52.55949],[13.38509,52.56124],[13.38604,52.56323],[13.3879,52.56731],[13.3843,52.56771],[13.38116,52.56642],[13.37858,52.56619],[13.37854,52.56602],[13.37791,52.56359],[13.37701,52.56066],[13.37707,52.55643]]]},"properties":{"UWB":"01600","UWB3":"600","BWB":"016A","BWB3":"6A","AWK":"0106","BEZ":"01","BWK":"75"}},
{"type":"Feature","geometry":{"type":"Polygon","coordinates":[[[13.38604,52.56323],[13.3893,52.56204],[13.39099,52.56328],[13.38754,52.56476],[13.38889,52.5671],[13.3884,52.56767],[13.3879,52.56731],[13.38604,52.56323]]]},"properties":{"UWB":"01601","UWB3":"601","BWB":"016B","BWB3":"6B","AWK":"0106","BEZ":"01","BWK":"75"}},
{"type":"Feature","geometry":{"type":"Polygon","coordinates":[[[13.39099,52.56328],[13.39269,52.56417],[13.39328,52.56449],[13.38889,52.5671],[13.38754,52.56476],[13.39099,52.56328]]]},"properties":{"UWB":"01602","UWB3":"602","BWB":"016B","BWB3":"6B","AWK":"0106","BEZ":"01","BWK":"75"}},
{"type":"Feature","geometry":{"type":"Polygon","coordinates":[[[13.3802,52.56039],[13.38302,52.55959],[13.38284,52.56128],[13.38144,52.56166],[13.3802,52.56039]]]},"properties":{"UWB":"01603","UWB3":"603","BWB":"016A","BWB3":"6A","AWK":"0106","BEZ":"01","BWK":"75"}},
{"type":"Feature","geometry":{"type":"Polygon","coordinates":[[[13.3834,52.55949],[13.38376,52.55939],[13.38626,52.55869],[13.3893,52.56204],[13.38604,52.56323],[13.38509,52.56124],[13.3834,52.55949]]]},"properties":{"UWB":"01604","UWB3":"604","BWB":"016C","BWB3":"6C","AWK":"0106","BEZ":"01","BWK":"75"}},
{"type":"Feature","geometry":{"type":"Polygon","coordinates":[[[13.3893,52.56204],[13.38626,52.55869],[13.38942,52.55781],[13.39046,52.55924],[13.39243,52.55869],[13.3939,52.56089],[13.39412,52.56212],[13.39269,52.56417],[13.39099,52.56328],[13.3893,52.56204]]]},"properties":{"UWB":"01605","UWB3":"605","BWB":"016D","BWB3":"6D","AWK":"0106","BEZ":"01","BWK":"75"}},
{"type":"Feature","geometry":{"type":"Polygon","coordinates":[[[13.39269,52.56417],[13.39412,52.56212],[13.3939,52.56089],[13.39243,52.55869],[13.39237,52.55839],[13.39555,52.55802],[13.39669,52.55984],[13.3959,52.56182],[13.39328,52.56449],[13.39269,52.56417]]]},"properties":{"UWB":"01606","UWB3":"606","BWB":"016D","BWB3":"6D","AWK":"0106","BEZ":"01","BWK":"75"}},
{"type":"Feature","geometry":{"type":"Polygon","coordinates":[[[13.38302,52.55959],[13.3802,52.56039],[13.37755,52.55642],[13.3815,52.55609],[13.38376,52.55939],[13.3834,52.55949],[13.38302,52.55959]]]},"properties":{"UWB":"01607","UWB3":"607","BWB":"016E","BWB3":"6E","AWK":"0106","BEZ":"01","BWK":"75"}},
{"type":"Feature","geometry":{"type":"Polygon","coordinates":[[[13.38376,52.55939],[13.3815,52.55609],[13.38426,52.5559],[13.38791,52.5556],[13.38858,52.55668],[13.38542,52.55753],[13.38626,52.55869],[13.38376,52.55939]]]},"properties":{"UWB":"01608","UWB3":"608","BWB":"016C","BWB3":"6C","AWK":"0106","BEZ":"01","BWK":"75"}},
{"type":"Feature","geometry":{"type":"Polygon","coordinates":[[[13.38626,52.55869],[13.38542,52.55753],[13.38858,52.55668],[13.38791,52.5556],[13.38992,52.55544],[13.39237,52.55839],[13.39243,52.55869],[13.39046,52.55924],[13.38942,52.55781],[13.38626,52.55869]]]},"properties":{"UWB":"01609","UWB3":"609","BWB":"016F","BWB3":"6F","AWK":"0106","BEZ":"01","BWK":"75"}},
{"type":"Feature","geometry":{"type":"Polygon","coordinates":[[[13.39237,52.55839],[13.38992,52.55544],[13.39232,52.55517],[13.39756,52.55473],[13.3971,52.55827],[13.39669,52.55984],[13.39555,52.55802],[13.39237,52.55839]]]},"properties":{"UWB":"01610","UWB3":"610","BWB":"016F","BWB3":"6F","AWK":"0106","BEZ":"01","BWK":"75"}},
{"type":"Feature","geometry":{"type":"Polygon","coordinates":[[[13.37254,52.55681],[13.37151,52.55401],[13.37719,52.55379],[13.37707,52.55643],[13.37254,52.55681]]]},"properties":{"UWB":"01611","UWB3":"611","BWB":"016G","BWB3":"6G","AWK":"0106","BEZ":"01","BWK":"75"}},
{"type":"Feature","geometry":{"type":"Polygon","coordinates":[[[13.37707,52.55643],[13.37719,52.55379],[13.38143,52.55229],[13.38369,52.5551],[13.38426,52.5559],[13.3815,52.55609],[13.37755,52.55642],[13.37707,52.55643]]]},"properties":{"UWB":"01612","UWB3":"612","BWB":"016E","BWB3":"6E","AWK":"0106","BEZ":"01","BWK":"75"}},
{"type":"Feature","geometry":{"type":"Polygon","coordinates":[[[13.38426,52.5559],[13.38369,52.5551],[13.38742,52.55268],[13.38925,52.55376],[13.39035,52.55318],[13.39199,52.55413],[13.39232,52.55517],[13.38992,52.55544],[13.38791,52.5556],[13.38426,52.5559]]]},"properties":{"UWB":"01613","UWB3":"613","BWB":"016H","BWB3":"6H","AWK":"0106","BEZ":"01","BWK":"75"}},
{"type":"Feature","geometry":{"type":"Polygon","coordinates":[[[13.39232,52.55517],[13.39199,52.55413],[13.39035,52.55318],[13.3914,52.55148],[13.39134,52.55033],[13.39684,52.5507],[13.39807,52.5528],[13.39756,52.55473],[13.39232,52.55517]]]},"properties":{"UWB":"01614","UWB3":"614","BWB":"016H","BWB3":"6H","AWK":"0106","BEZ":"01","BWK":"75"}},
{"type":"Feature","geometry":{"type":"Polygon","coordinates":[[[13.36989,52.55307],[13.37119,52.55163],[13.37364,52.55062],[13.3752,52.5525],[13.37719,52.55379],[13.37151,52.55401],[13.36989,52.55307]]]},"properties":{"UWB":"01615","UWB3":"615","BWB":"016G","BWB3":"6G","AWK":"0106","BEZ":"01","BWK":"75"}},
{"type":"Feature","geometry":{"type":"Polygon","coordinates":[[[13.37719,52.55379],[13.3752,52.5525],[13.37364,52.55062],[13.37628,52.54908],[13.37842,52.5504],[13.38143,52.55229],[13.37719,52.55379]]]},"properties":{"UWB":"01616","UWB3":"616","BWB":"016I","BWB3":"6I","AWK":"0106","BEZ":"01","BWK":"75"}},
{"type":"Feature","geometry":{"type":"Polygon","coordinates":[[[13.37842,52.5504],[13.38053,52.54916],[13.38348,52.54857],[13.38657,52.54947],[13.38143,52.55229],[13.37842,52.5504]]]},"properties":{"UWB":"01617","UWB3":"617","BWB":"016I","BWB3":"6I","AWK":"0106","BEZ":"01","BWK":"75"}},
{"type":"Feature","geometry":{"type":"Polygon","coordinates":[[[13.38143,52.55229],[13.38657,52.54947],[13.38786,52.55001],[13.38856,52.55192],[13.38742,52.55268],[13.38369,52.5551],[13.38143,52.55229]]]},"properties":{"UWB":"01618","UWB3":"618","BWB":"016J","BWB3":"6J","AWK":"0106","BEZ":"01","BWK":"75"}},
{"type":"Feature","geometry":{"type":"Polygon","coordinates":[[[13.38742,52.55268],[13.38856,52.55192],[13.38786,52.55001],[13.39134,52.55033],[13.3914,52.55148],[13.39035,52.55318],[13.38925,52.55376],[13.38742,52.55268]]]},"properties":{"UWB":"01619","UWB3":"619","BWB":"016J","BWB3":"6J","AWK":"0106","BEZ":"01","BWK":"75"}},
{"type":"Feature","geometry":{"type":"Polygon","coordinates":[[[13.36204,52.55199],[13.3623,52.55086],[13.36433,52.54961],[13.3673,52.55156],[13.36699,52.55214],[13.36208,52.552],[13.36204,52.55199]]]},"properties":{"UWB":"01620","UWB3":"620","BWB":"016K","BWB3":"6K","AWK":"0106","BEZ":"01","BWK":"75"}},
{"type":"Feature","geometry":{"type":"Polygon","coordinates":[[[13.3673,52.55156],[13.36433,52.54961],[13.36668,52.54824],[13.36911,52.54839],[13.3682,52.55007],[13.36737,52.55156],[13.3673,52.55156]]]},"properties":{"UWB":"01621","UWB3":"621","BWB":"016K","BWB3":"6K","AWK":"0106","BEZ":"01","BWK":"75"}},
{"type":"Feature","geometry":{"type":"Polygon","coordinates":[[[13.36737,52.55156],[13.3682,52.55007],[13.37119,52.55163],[13.36989,52.55307],[13.36737,52.55156]]]},"properties":{"UWB":"01622","UWB3":"622","BWB":"016L","BWB3":"6L","AWK":"0106","BEZ":"01","BWK":"75"}},
{"type":"Feature","geometry":{"type":"Polygon","coordinates":[[[13.37119,52.55163],[13.3682,52.55007],[13.36911,52.54839],[13.36919,52.54815],[13.37208,52.54871],[13.3739,52.54759],[13.37628,52.54908],[13.37364,52.55062],[13.37119,52.55163]]]},"properties":{"UWB":"01623","UWB3":"623","BWB":"016L","BWB3":"6L","AWK":"0106","BEZ":"01","BWK":"75"}},
{"type":"Feature","geometry":{"type":"Polygon","coordinates":[[[13.37628,52.54908],[13.3739,52.54759],[13.37584,52.54643],[13.37859,52.54477],[13.38348,52.54857],[13.38053,52.54916],[13.37842,52.5504],[13.37628,52.54908]]]},"properties":{"UWB":"01624","UWB3":"624","BWB":"016M","BWB3":"6M","AWK":"0106","BEZ":"01","BWK":"75"}},
{"type":"Feature","geometry":{"type":"Polygon","coordinates":[[[13.36919,52.54815],[13.36932,52.54618],[13.37102,52.54446],[13.37584,52.54643],[13.3739,52.54759],[13.37208,52.54871],[13.36919,52.54815]]]},"properties":{"UWB":"01625","UWB3":"625","BWB":"016M","BWB3":"6M","AWK":"0106","BEZ":"01","BWK":"75"}},
{"type":"Feature","geometry":{"type":"Polygon","coordinates":[[[13.35553,52.54845],[13.35919,52.54636],[13.36088,52.54541],[13.36284,52.54663],[13.36159,52.54791],[13.35788,52.55005],[13.35552,52.54846],[13.35553,52.54845]]]},"properties":{"UWB":"01700","UWB3":"700","BWB":"017A","BWB3":"7A","AWK":"0107","BEZ":"01","BWK":"75"}},
{"type":"Feature","geometry":{"type":"Polygon","coordinates":[[[13.35788,52.55005],[13.36159,52.54791],[13.36306,52.54881],[13.36433,52.54961],[13.3623,52.55086],[13.35941,52.55077],[13.35788,52.55005]]]},"properties":{"UWB":"01701","UWB3":"701","BWB":"017A","BWB3":"7A","AWK":"0107","BEZ":"01","BWK":"75"}},
{"type":"Feature","geometry":{"type":"Polygon","coordinates":[[[13.36433,52.54961],[13.36306,52.54881],[13.36691,52.54649],[13.368,52.54634],[13.36932,52.54618],[13.36919,52.54815],[13.36911,52.54839],[13.36668,52.54824],[13.36433,52.54961]]]},"properties":{"UWB":"01702","UWB3":"702","BWB":"017B","BWB3":"7B","AWK":"0107","BEZ":"01","BWK":"75"}},
{"type":"Feature","geometry":{"type":"Polygon","coordinates":[[[13.36187,52.54486],[13.36188,52.54486],[13.36804,52.54483],[13.368,52.54634],[13.36691,52.54649],[13.36306,52.54881],[13.36159,52.54791],[13.36284,52.54663],[13.36088,52.54541],[13.36187,52.54486]]]},"properties":{"UWB":"01703","UWB3":"703","BWB":"017B","BWB3":"7B","AWK":"0107","BEZ":"01","BWK":"75"}},
{"type":"Feature","geometry":{"type":"Polygon","coordinates":[[[13.35079,52.53924],[13.34812,52.54135],[13.34506,52.53911],[13.34695,52.53879],[13.35079,52.53924]]]},"properties":{"UWB":"01704","UWB3":"704","BWB":"017C","BWB3":"7C","AWK":"0107","BEZ":"01","BWK":"75"}},
{"type":"Feature","geometry":{"type":"Polygon","coordinates":[[[13.35288,52.53966],[13.34944,52.54219],[13.34812,52.54135],[13.35079,52.53924],[13.35288,52.53966]]]},"properties":{"UWB":"01705","UWB3":"705","BWB":"017C","BWB3":"7C","AWK":"0107","BEZ":"01","BWK":"75"}},
{"type":"Feature","geometry":{"type":"Polygon","coordinates":[[[13.35481,52.53957],[13.355,52.54043],[13.35337,52.54266],[13.35083,52.54261],[13.34944,52.54219],[13.35288,52.53966],[13.35481,52.53957]]]},"properties":{"UWB":"01706","UWB3":"706","BWB":"017D","BWB3":"7D","AWK":"0107","BEZ":"01","BWK":"75"}},
{"type":"Feature","geometry":{"type":"Polygon","coordinates":[[[13.35337,52.54266],[13.355,52.54043],[13.35763,52.54108],[13.35691,52.54221],[13.35622,52.54327],[13.35337,52.54266]]]},"properties":{"UWB":"01707","UWB3":"707","BWB":"017D","BWB3":"7D","AWK":"0107","BEZ":"01","BWK":"75"}},
{"type":"Feature","geometry":{"type":"Polygon","coordinates":[[[13.35622,52.54327],[13.35691,52.54221],[13.35996,52.54314],[13.36108,52.54182],[13.36398,52.54365],[13.36188,52.54486],[13.36187,52.54486],[13.35622,52.54327]]]},"properties":{"UWB":"01708","UWB3":"708","BWB":"017E","BWB3":"7E","AWK":"0107","BEZ":"01","BWK":"75"}},
{"type":"Feature","geometry":{"type":"Polygon","coordinates":[[[13.35763,52.54108],[13.35881,52.53994],[13.36607,52.54249],[13.36398,52.54365],[13.36108,52.54182],[13.35996,52.54314],[13.35691,52.54221],[13.35763,52.54108]]]},"properties":{"UWB":"01709","UWB3":"709","BWB":"017E","BWB3":"7E","AWK":"0107","BEZ":"01","BWK":"75"}},
{"type":"Feature","geometry":{"type":"Polygon","coordinates":[[[13.36932,52.54618],[13.368,52.54634],[13.36804,52.54483],[13.36188,52.54486],[13.36398,52.54365],[13.36607,52.54249],[13.36844,52.54108],[13.37014,52.54186],[13.37312,52.54219],[13.37376,52.54376],[13.37102,52.54446],[13.36932,52.54618]]]},"properties":{"UWB":"01710","UWB3":"710","BWB":"017F","BWB3":"7F","AWK":"0107","BEZ":"01","BWK":"75"}},
{"type":"Feature","geometry":{"type":"Polygon","coordinates":[[[13.36608,52.53638],[13.3686,52.53586],[13.37323,52.53803],[13.36844,52.54108],[13.36607,52.54249],[13.35881,52.53994],[13.35763,52.54108],[13.355,52.54043],[13.35481,52.53957],[13.36109,52.53767],[13.36287,52.53775],[13.36608,52.53638]]]},"properties":{"UWB":"01711","UWB3":"711","BWB":"017F","BWB3":"7F","AWK":"0107","BEZ":"01","BWK":"75"}},
{"type":"Feature","geometry":{"type":"Polygon","coordinates":[[[13.37584,52.54643],[13.37102,52.54446],[13.37376,52.54376],[13.37312,52.54219],[13.37658,52.54308],[13.37811,52.54183],[13.38063,52.54354],[13.37859,52.54477],[13.37584,52.54643]]]},"properties":{"UWB":"01712","UWB3":"712","BWB":"017G","BWB3":"7G","AWK":"0107","BEZ":"01","BWK":"75"}},
{"type":"Feature","geometry":{"type":"Polygon","coordinates":[[[13.37312,52.54219],[13.37286,52.54031],[13.3759,52.54033],[13.37811,52.54183],[13.37658,52.54308],[13.37312,52.54219]]]},"properties":{"UWB":"01713","UWB3":"713","BWB":"017G","BWB3":"7G","AWK":"0107","BEZ":"01","BWK":"75"}},
{"type":"Feature","geometry":{"type":"Polygon","coordinates":[[[13.37455,52.53729],[13.37972,52.54033],[13.37811,52.54183],[13.3759,52.54033],[13.37286,52.54031],[13.37312,52.54219],[13.37014,52.54186],[13.36844,52.54108],[13.37323,52.53803],[13.37455,52.53729]]]},"properties":{"UWB":"01714","UWB3":"714","BWB":"017H","BWB3":"7H","AWK":"0107","BEZ":"01","BWK":"75"}},
{"type":"Feature","geometry":{"type":"Polygon","coordinates":[[[13.38716,52.53697],[13.38353,52.53881],[13.38491,52.54003],[13.38285,52.54221],[13.38063,52.54354],[13.37811,52.54183],[13.37972,52.54033],[13.38533,52.53523],[13.38716,52.53697]]]},"properties":{"UWB":"01715","UWB3":"715","BWB":"017H","BWB3":"7H","AWK":"0107","BEZ":"01","BWK":"75"}},
{"type":"Feature","geometry":{"type":"Polygon","coordinates":[[[13.38348,52.54857],[13.37859,52.54477],[13.38063,52.54354],[13.38285,52.54221],[13.38491,52.54003],[13.38708,52.54077],[13.38813,52.53952],[13.39382,52.54111],[13.391,52.5447],[13.38796,52.54862],[13.38657,52.54947],[13.38348,52.54857]]]},"properties":{"UWB":"01716","UWB3":"716","BWB":"017I","BWB3":"7I","AWK":"0107","BEZ":"01","BWK":"75"}},
{"type":"Feature","geometry":{"type":"Polygon","coordinates":[[[13.38942,52.53708],[13.38813,52.53952],[13.38708,52.54077],[13.38491,52.54003],[13.38353,52.53881],[13.38716,52.53697],[13.38942,52.53708]]]},"properties":{"UWB":"01717","UWB3":"717","BWB":"017I","BWB3":"7I","AWK":"0107","BEZ":"01","BWK":"75"}},
{"type":"Feature","geometry":{"type":"Polygon","coordinates":[[[13.38657,52.54947],[13.38796,52.54862],[13.391,52.5447],[13.393,52.54535],[13.39153,52.54726],[13.3943,52.5474],[13.39134,52.55033],[13.38786,52.55001],[13.38657,52.54947]]]},"properties":{"UWB":"01718","UWB3":"718","BWB":"017J","BWB3":"7J","AWK":"0107","BEZ":"01","BWK":"75"}},
{"type":"Feature","geometry":{"type":"Polygon","coordinates":[[[13.39382,52.54111],[13.39687,52.54193],[13.39811,52.54228],[13.39705,52.54371],[13.39472,52.54309],[13.393,52.54535],[13.391,52.5447],[13.39382,52.54111]]]},"properties":{"UWB":"01719","UWB3":"719","BWB":"017K","BWB3":"7K","AWK":"0107","BEZ":"01","BWK":"75"}},
{"type":"Feature","geometry":{"type":"Polygon","coordinates":[[[13.39122,52.53618],[13.39326,52.53745],[13.39601,52.53825],[13.39382,52.54111],[13.38813,52.53952],[13.38942,52.53708],[13.39122,52.53618]]]},"properties":{"UWB":"01720","UWB3":"720","BWB":"017L","BWB3":"7L","AWK":"0107","BEZ":"01","BWK":"75"}},
{"type":"Feature","geometry":{"type":"Polygon","coordinates":[[[13.39134,52.55033],[13.3943,52.5474],[13.39679,52.54752],[13.39789,52.54629],[13.39925,52.54642],[13.4003,52.54665],[13.3989,52.55088],[13.39684,52.5507],[13.39134,52.55033]]]},"properties":{"UWB":"01721","UWB3":"721","BWB":"017J","BWB3":"7J","AWK":"0107","BEZ":"01","BWK":"75"}},
{"type":"Feature","geometry":{"type":"Polygon","coordinates":[[[13.393,52.54535],[13.39472,52.54309],[13.39705,52.54371],[13.39529,52.54606],[13.39789,52.54629],[13.39679,52.54752],[13.3943,52.5474],[13.39153,52.54726],[13.393,52.54535]]]},"properties":{"UWB":"01722","UWB3":"722","BWB":"017K","BWB3":"7K","AWK":"0107","BEZ":"01","BWK":"75"}},
{"type":"Feature","geometry":{"type":"Polygon","coordinates":[[[13.39811,52.54228],[13.39945,52.54263],[13.39996,52.54452],[13.39925,52.54642],[13.39789,52.54629],[13.39529,52.54606],[13.39705,52.54371],[13.39811,52.54228]]]},"properties":{"UWB":"01723","UWB3":"723","BWB":"017M","BWB3":"7M","AWK":"0107","BEZ":"01","BWK":"75"}},
{"type":"Feature","geometry":{"type":"Polygon","coordinates":[[[13.40027,52.53948],[13.40345,52.54036],[13.40203,52.54013],[13.39996,52.54452],[13.39945,52.54263],[13.39811,52.54228],[13.39687,52.54193],[13.39898,52.53911],[13.40027,52.53948]]]},"properties":{"UWB":"01724","UWB3":"724","BWB":"017M","BWB3":"7M","AWK":"0107","BEZ":"01","BWK":"75"}},
{"type":"Feature","geometry":{"type":"Polygon","coordinates":[[[13.39898,52.53911],[13.39687,52.54193],[13.39382,52.54111],[13.39601,52.53825],[13.39898,52.53911]]]},"properties":{"UWB":"01725","UWB3":"725","BWB":"017L","BWB3":"7L","AWK":"0107","BEZ":"01","BWK":"75"}},
{"type":"Feature","geometry":{"type":"Polygon","coordinates":[[[13.37765,52.50797],[13.37468,52.50323],[13.37686,52.50192],[13.37834,52.5],[13.38041,52.49922],[13.38361,52.50346],[13.37922,52.50694],[13.37765,52.50797]]]},"properties":{"UWB":"02101","UWB3":"101","BWB":"021A","BWB3":"1A","AWK":"0201","BEZ":"02","BWK":"83"}},
{"type":"Feature","geometry":{"type":"Polygon","coordinates":[[[13.37922,52.50694],[13.38361,52.50346],[13.38882,52.49938],[13.38786,52.50294],[13.38559,52.50732],[13.37922,52.50694]]]},"properties":{"UWB":"02102","UWB3":"102","BWB":"021B","BWB3":"1B","AWK":"0201","BEZ":"02","BWK":"83"}},
{"type":"Feature","geometry":{"type":"Polygon","coordinates":[[[13.38559,52.50732],[13.38786,52.50294],[13.39106,52.50328],[13.39091,52.50418],[13.39036,52.50759],[13.39035,52.50759],[13.38559,52.50732]]]},"properties":{"UWB":"02103","UWB3":"103","BWB":"021C","BWB3":"1C","AWK":"0201","BEZ":"02","BWK":"83"}},
{"type":"Feature","geometry":{"type":"Polygon","coordinates":[[[13.39036,52.50759],[13.39091,52.50418],[13.39476,52.50458],[13.39504,52.50292],[13.397,52.50536],[13.39902,52.50808],[13.39422,52.50783],[13.39036,52.50759]]]},"properties":{"UWB":"02104","UWB3":"104","BWB":"021D","BWB3":"1D","AWK":"0201","BEZ":"02","BWK":"83"}},
{"type":"Feature","geometry":{"type":"Polygon","coordinates":[[[13.38882,52.49938],[13.38898,52.49805],[13.39011,52.49599],[13.39508,52.49619],[13.39582,52.49823],[13.39298,52.49893],[13.39165,52.49971],[13.39106,52.50328],[13.38786,52.50294],[13.38882,52.49938]]]},"properties":{"UWB":"02105","UWB3":"105","BWB":"021E","BWB3":"1E","AWK":"0201","BEZ":"02","BWK":"83"}},
{"type":"Feature","geometry":{"type":"Polygon","coordinates":[[[13.39106,52.50328],[13.39165,52.49971],[13.39298,52.49893],[13.39582,52.49823],[13.39583,52.49835],[13.39453,52.50083],[13.39455,52.50227],[13.39504,52.50292],[13.39476,52.50458],[13.39091,52.50418],[13.39106,52.50328]]]},"properties":{"UWB":"02106","UWB3":"106","BWB":"021F","BWB3":"1F","AWK":"0201","BEZ":"02","BWK":"83"}},
{"type":"Feature","geometry":{"type":"Polygon","coordinates":[[[13.38041,52.49922],[13.38532,52.49894],[13.38898,52.49805],[13.38882,52.49938],[13.38361,52.50346],[13.38041,52.49922]]]},"properties":{"UWB":"02107","UWB3":"107","BWB":"021G","BWB3":"1G","AWK":"0201","BEZ":"02","BWK":"83"}},
{"type":"Feature","geometry":{"type":"Polygon","coordinates":[[[13.3715,52.50171],[13.37089,52.5],[13.36953,52.49887],[13.36868,52.49738],[13.36821,52.49333],[13.36895,52.49318],[13.36916,52.49314],[13.36918,52.49317],[13.37596,52.49177],[13.37606,52.49175],[13.37614,52.4928],[13.37959,52.49388],[13.37973,52.49575],[13.38041,52.49922],[13.37834,52.5],[13.37686,52.50192],[13.37468,52.50323],[13.3736,52.50416],[13.3715,52.50171]]]},"properties":{"UWB":"02108","UWB3":"108","BWB":"021G","BWB3":"1G","AWK":"0201","BEZ":"02","BWK":"83"}},
{"type":"Feature","geometry":{"type":"Polygon","coordinates":[[[13.38041,52.49922],[13.37973,52.49575],[13.38406,52.49519],[13.38532,52.49894],[13.38041,52.49922]]]},"properties":{"UWB":"02109","UWB3":"109","BWB":"021H","BWB3":"1H","AWK":"0201","BEZ":"02","BWK":"83"}},
{"type":"Feature","geometry":{"type":"Polygon","coordinates":[[[13.37959,52.49388],[13.37946,52.49241],[13.38351,52.49369],[13.38406,52.49519],[13.37973,52.49575],[13.37959,52.49388]]]},"properties":{"UWB":"02110","UWB3":"110","BWB":"021J","BWB3":"1J","AWK":"0201","BEZ":"02","BWK":"83"}},
{"type":"Feature","geometry":{"type":"Polygon","coordinates":[[[13.38898,52.49805],[13.38532,52.49894],[13.38406,52.49519],[13.38351,52.49369],[13.38769,52.49291],[13.39011,52.49599],[13.38898,52.49805]]]},"properties":{"UWB":"02111","UWB3":"111","BWB":"021K","BWB3":"1K","AWK":"0201","BEZ":"02","BWK":"83"}},
{"type":"Feature","geometry":{"type":"Polygon","coordinates":[[[13.39011,52.49599],[13.38769,52.49291],[13.39085,52.49229],[13.39442,52.49158],[13.39489,52.49325],[13.39508,52.49619],[13.39011,52.49599]]]},"properties":{"UWB":"02112","UWB3":"112","BWB":"021L","BWB3":"1L","AWK":"0201","BEZ":"02","BWK":"83"}},
{"type":"Feature","geometry":{"type":"Polygon","coordinates":[[[13.39793,52.49087],[13.39638,52.49119],[13.39607,52.4901],[13.39574,52.48896],[13.39704,52.48887],[13.40554,52.48878],[13.40557,52.48934],[13.40037,52.49038],[13.39793,52.49087]]]},"properties":{"UWB":"02113","UWB3":"113","BWB":"021M","BWB3":"1M","AWK":"0201","BEZ":"02","BWK":"83"}},
{"type":"Feature","geometry":{"type":"Polygon","coordinates":[[[13.39704,52.48887],[13.3969,52.48809],[13.39672,52.48723],[13.39439,52.48651],[13.39425,52.48577],[13.39425,52.48409],[13.40023,52.4839],[13.40639,52.48277],[13.40676,52.48521],[13.40853,52.48714],[13.40772,52.48875],[13.40554,52.48878],[13.39704,52.48887]]]},"properties":{"UWB":"02114","UWB3":"114","BWB":"021N","BWB3":"1N","AWK":"0201","BEZ":"02","BWK":"83"}},
{"type":"Feature","geometry":{"type":"Polygon","coordinates":[[[13.3969,52.48809],[13.39082,52.48863],[13.39061,52.48778],[13.39672,52.48723],[13.3969,52.48809]]]},"properties":{"UWB":"02115","UWB3":"115","BWB":"021N","BWB3":"1N","AWK":"0201","BEZ":"02","BWK":"83"}},
{"type":"Feature","geometry":{"type":"Polygon","coordinates":[[[13.39672,52.48723],[13.39061,52.48778],[13.38937,52.48703],[13.39439,52.48651],[13.39672,52.48723]]]},"properties":{"UWB":"02116","UWB3":"116","BWB":"021P","BWB3":"1P","AWK":"0201","BEZ":"02","BWK":"83"}},
{"type":"Feature","geometry":{"type":"Polygon","coordinates":[[[13.39439,52.48651],[13.38937,52.48703],[13.38699,52.48726],[13.38629,52.48583],[13.39425,52.48577],[13.39439,52.48651]]]},"properties":{"UWB":"02117","UWB3":"117","BWB":"021Q","BWB3":"1Q","AWK":"0201","BEZ":"02","BWK":"83"}},
{"type":"Feature","geometry":{"type":"Polygon","coordinates":[[[13.38699,52.48726],[13.38726,52.49003],[13.38642,52.49006],[13.38601,52.49006],[13.38418,52.48703],[13.38221,52.48489],[13.3824,52.48489],[13.38593,52.48487],[13.38629,52.48583],[13.38699,52.48726]]]},"properties":{"UWB":"02118","UWB3":"118","BWB":"021R","BWB3":"1R","AWK":"0201","BEZ":"02","BWK":"83"}},
{"type":"Feature","geometry":{"type":"Polygon","coordinates":[[[13.39082,52.48863],[13.39011,52.48963],[13.38726,52.49003],[13.38699,52.48726],[13.38937,52.48703],[13.39061,52.48778],[13.39082,52.48863]]]},"properties":{"UWB":"02119","UWB3":"119","BWB":"021S","BWB3":"1S","AWK":"0201","BEZ":"02","BWK":"83"}},
{"type":"Feature","geometry":{"type":"Polygon","coordinates":[[[13.39574,52.48896],[13.39011,52.48963],[13.39082,52.48863],[13.3969,52.48809],[13.39704,52.48887],[13.39574,52.48896]]]},"properties":{"UWB":"02120","UWB3":"120","BWB":"021T","BWB3":"1T","AWK":"0201","BEZ":"02","BWK":"83"}},
{"type":"Feature","geometry":{"type":"Polygon","coordinates":[[[13.39607,52.4901],[13.39041,52.49075],[13.39011,52.48963],[13.39574,52.48896],[13.39607,52.4901]]]},"properties":{"UWB":"02121","UWB3":"121","BWB":"021U","BWB3":"1U","AWK":"0201","BEZ":"02","BWK":"83"}},
{"type":"Feature","geometry":{"type":"Polygon","coordinates":[[[13.39085,52.49229],[13.39041,52.49075],[13.39607,52.4901],[13.39638,52.49119],[13.39442,52.49158],[13.39085,52.49229]]]},"properties":{"UWB":"02122","UWB3":"122","BWB":"021V","BWB3":"1V","AWK":"0201","BEZ":"02","BWK":"83"}},
{"type":"Feature","geometry":{"type":"Polygon","coordinates":[[[13.38769,52.49291],[13.38642,52.49006],[13.38726,52.49003],[13.39011,52.48963],[13.39041,52.49075],[13.39085,52.49229],[13.38769,52.49291]]]},"properties":{"UWB":"02123","UWB3":"123","BWB":"021R","BWB3":"1R","AWK":"0201","BEZ":"02","BWK":"83"}},
{"type":"Feature","geometry":{"type":"Polygon","coordinates":[[[13.38351,52.49369],[13.3828,52.49154],[13.38223,52.48985],[13.38601,52.49006],[13.38642,52.49006],[13.38769,52.49291],[13.38351,52.49369]]]},"properties":{"UWB":"02124","UWB3":"124","BWB":"021W","BWB3":"1W","AWK":"0201","BEZ":"02","BWK":"83"}},
{"type":"Feature","geometry":{"type":"Polygon","coordinates":[[[13.37606,52.49175],[13.3761,52.49174],[13.37642,52.49155],[13.37675,52.49152],[13.37807,52.4919],[13.3828,52.49154],[13.38351,52.49369],[13.37946,52.49241],[13.37959,52.49388],[13.37614,52.4928],[13.37606,52.49175]]]},"properties":{"UWB":"02125","UWB3":"125","BWB":"021X","BWB3":"1X","AWK":"0201","BEZ":"02","BWK":"83"}},
{"type":"Feature","geometry":{"type":"Polygon","coordinates":[[[13.3828,52.49154],[13.37807,52.4919],[13.37675,52.49152],[13.3767,52.48941],[13.38223,52.48985],[13.3828,52.49154]]]},"properties":{"UWB":"02126","UWB3":"126","BWB":"021Y","BWB3":"1Y","AWK":"0201","BEZ":"02","BWK":"83"}},
{"type":"Feature","geometry":{"type":"Polygon","coordinates":[[[13.37642,52.49155],[13.37352,52.48787],[13.37416,52.48771],[13.37663,52.48771],[13.3767,52.48941],[13.37675,52.49152],[13.37642,52.49155]]]},"properties":{"UWB":"02127","UWB3":"127","BWB":"021Z","BWB3":"1Z","AWK":"0201","BEZ":"02","BWK":"83"}},
{"type":"Feature","geometry":{"type":"Polygon","coordinates":[[[13.37416,52.48771],[13.37402,52.48517],[13.37163,52.48507],[13.37157,52.48495],[13.37218,52.48495],[13.37219,52.48495],[13.37223,52.48495],[13.37658,52.48492],[13.37663,52.48771],[13.37416,52.48771]]]},"properties":{"UWB":"02128","UWB3":"128","BWB":"021AA","BWB3":"1AA","AWK":"0201","BEZ":"02","BWK":"83"}},
{"type":"Feature","geometry":{"type":"Polygon","coordinates":[[[13.38601,52.49006],[13.38223,52.48985],[13.3767,52.48941],[13.37663,52.48771],[13.37658,52.48492],[13.37659,52.48492],[13.3822,52.48489],[13.38221,52.48489],[13.38418,52.48703],[13.38601,52.49006]]]},"properties":{"UWB":"02129","UWB3":"129","BWB":"021AB","BWB3":"1AB","AWK":"0201","BEZ":"02","BWK":"83"}},
{"type":"Feature","geometry":{"type":"Polygon","coordinates":[[[13.45335,52.49752],[13.45146,52.49892],[13.44515,52.50113],[13.44218,52.50096],[13.44392,52.50006],[13.44544,52.49925],[13.44732,52.4982],[13.44585,52.49698],[13.44604,52.49582],[13.4449,52.49511],[13.44406,52.49439],[13.44464,52.49416],[13.44788,52.49484],[13.45091,52.49711],[13.45335,52.49752]]]},"properties":{"UWB":"02201","UWB3":"201","BWB":"022A","BWB3":"2A","AWK":"0202","BEZ":"02","BWK":"83"}},
{"type":"Feature","geometry":{"type":"Polygon","coordinates":[[[13.44544,52.49925],[13.44226,52.49599],[13.4449,52.49511],[13.44604,52.49582],[13.44585,52.49698],[13.44732,52.4982],[13.44544,52.49925]]]},"properties":{"UWB":"02202","UWB3":"202","BWB":"022B","BWB3":"2B","AWK":"0202","BEZ":"02","BWK":"83"}},
{"type":"Feature","geometry":{"type":"Polygon","coordinates":[[[13.44392,52.50006],[13.44038,52.4966],[13.44226,52.49599],[13.44544,52.49925],[13.44392,52.50006]]]},"properties":{"UWB":"02203","UWB3":"203","BWB":"022C","BWB3":"2C","AWK":"0202","BEZ":"02","BWK":"83"}},
{"type":"Feature","geometry":{"type":"Polygon","coordinates":[[[13.44218,52.50096],[13.44144,52.50053],[13.43834,52.49726],[13.44038,52.4966],[13.44392,52.50006],[13.44218,52.50096]]]},"properties":{"UWB":"02204","UWB3":"204","BWB":"022D","BWB3":"2D","AWK":"0202","BEZ":"02","BWK":"83"}},
{"type":"Feature","geometry":{"type":"Polygon","coordinates":[[[13.44144,52.50053],[13.43789,52.50027],[13.43842,52.49958],[13.43702,52.49814],[13.43834,52.49726],[13.44144,52.50053]]]},"properties":{"UWB":"02205","UWB3":"205","BWB":"022E","BWB3":"2E","AWK":"0202","BEZ":"02","BWK":"83"}},
{"type":"Feature","geometry":{"type":"Polygon","coordinates":[[[13.4449,52.49511],[13.44226,52.49599],[13.44038,52.4966],[13.43834,52.49726],[13.43702,52.49814],[13.43842,52.49958],[13.43789,52.50027],[13.43326,52.49959],[13.43207,52.49942],[13.43114,52.4993],[13.43065,52.49787],[13.43456,52.49649],[13.43892,52.495],[13.44267,52.49373],[13.44406,52.49439],[13.4449,52.49511]]]},"properties":{"UWB":"02206","UWB3":"206","BWB":"022F","BWB3":"2F","AWK":"0202","BEZ":"02","BWK":"83"}},
{"type":"Feature","geometry":{"type":"Polygon","coordinates":[[[13.44406,52.49439],[13.44267,52.49373],[13.43892,52.495],[13.43742,52.49346],[13.4353,52.49132],[13.43966,52.48991],[13.43989,52.4906],[13.44425,52.49386],[13.44464,52.49416],[13.44406,52.49439]]]},"properties":{"UWB":"02207","UWB3":"207","BWB":"022G","BWB3":"2G","AWK":"0202","BEZ":"02","BWK":"83"}},
{"type":"Feature","geometry":{"type":"Polygon","coordinates":[[[13.43742,52.49346],[13.43285,52.4948],[13.43082,52.49274],[13.4353,52.49132],[13.43742,52.49346]]]},"properties":{"UWB":"02208","UWB3":"208","BWB":"022H","BWB3":"2H","AWK":"0202","BEZ":"02","BWK":"83"}},
{"type":"Feature","geometry":{"type":"Polygon","coordinates":[[[13.43456,52.49649],[13.43316,52.49507],[13.43285,52.4948],[13.43742,52.49346],[13.43892,52.495],[13.43456,52.49649]]]},"properties":{"UWB":"02209","UWB3":"209","BWB":"022J","BWB3":"2J","AWK":"0202","BEZ":"02","BWK":"83"}},
{"type":"Feature","geometry":{"type":"Polygon","coordinates":[[[13.43114,52.4993],[13.42675,52.49919],[13.42966,52.49822],[13.42775,52.49631],[13.42873,52.49656],[13.43316,52.49507],[13.43456,52.49649],[13.43065,52.49787],[13.43114,52.4993]]]},"properties":{"UWB":"02210","UWB3":"210","BWB":"022K","BWB3":"2K","AWK":"0202","BEZ":"02","BWK":"83"}},
{"type":"Feature","geometry":{"type":"Polygon","coordinates":[[[13.43285,52.4948],[13.43316,52.49507],[13.42873,52.49656],[13.42775,52.49631],[13.42614,52.49467],[13.42474,52.49472],[13.42528,52.49454],[13.42832,52.49355],[13.4308,52.49275],[13.43082,52.49274],[13.43285,52.4948]]]},"properties":{"UWB":"02211","UWB3":"211","BWB":"022L","BWB3":"2L","AWK":"0202","BEZ":"02","BWK":"83"}},
{"type":"Feature","geometry":{"type":"Polygon","coordinates":[[[13.42775,52.49631],[13.42354,52.49754],[13.42199,52.49558],[13.42474,52.49472],[13.42614,52.49467],[13.42775,52.49631]]]},"properties":{"UWB":"02212","UWB3":"212","BWB":"022M","BWB3":"2M","AWK":"0202","BEZ":"02","BWK":"83"}},
{"type":"Feature","geometry":{"type":"Polygon","coordinates":[[[13.42675,52.49919],[13.42627,52.49918],[13.42229,52.49912],[13.42148,52.49815],[13.42354,52.49754],[13.42775,52.49631],[13.42966,52.49822],[13.42675,52.49919]]]},"properties":{"UWB":"02213","UWB3":"213","BWB":"022N","BWB3":"2N","AWK":"0202","BEZ":"02","BWK":"83"}},
{"type":"Feature","geometry":{"type":"Polygon","coordinates":[[[13.42354,52.49754],[13.42148,52.49815],[13.42229,52.49912],[13.41825,52.49899],[13.41982,52.4964],[13.42023,52.49581],[13.4204,52.49586],[13.42199,52.49558],[13.42354,52.49754]]]},"properties":{"UWB":"02214","UWB3":"214","BWB":"022P","BWB3":"2P","AWK":"0202","BEZ":"02","BWK":"83"}},
{"type":"Feature","geometry":{"type":"Polygon","coordinates":[[[13.41825,52.49899],[13.41416,52.49852],[13.41386,52.49794],[13.41982,52.4964],[13.41825,52.49899]]]},"properties":{"UWB":"02215","UWB3":"215","BWB":"022Q","BWB3":"2Q","AWK":"0202","BEZ":"02","BWK":"83"}},
{"type":"Feature","geometry":{"type":"Polygon","coordinates":[[[13.41982,52.4964],[13.41386,52.49794],[13.41293,52.49783],[13.4116,52.49564],[13.41512,52.49502],[13.41577,52.49512],[13.42023,52.49581],[13.41982,52.4964]]]},"properties":{"UWB":"02216","UWB3":"216","BWB":"022Q","BWB3":"2Q","AWK":"0202","BEZ":"02","BWK":"83"}},
{"type":"Feature","geometry":{"type":"Polygon","coordinates":[[[13.42023,52.49581],[13.41577,52.49512],[13.41765,52.49476],[13.41838,52.49384],[13.42235,52.493],[13.4204,52.49586],[13.42023,52.49581]]]},"properties":{"UWB":"02217","UWB3":"217","BWB":"022R","BWB3":"2R","AWK":"0202","BEZ":"02","BWK":"83"}},
{"type":"Feature","geometry":{"type":"Polygon","coordinates":[[[13.41512,52.49502],[13.41346,52.49259],[13.41672,52.49169],[13.4173,52.49241],[13.41838,52.49384],[13.41765,52.49476],[13.41577,52.49512],[13.41512,52.49502]]]},"properties":{"UWB":"02218","UWB3":"218","BWB":"022S","BWB3":"2S","AWK":"0202","BEZ":"02","BWK":"83"}},
{"type":"Feature","geometry":{"type":"Polygon","coordinates":[[[13.41838,52.49384],[13.4173,52.49241],[13.42046,52.49122],[13.42401,52.49034],[13.42286,52.49218],[13.42235,52.493],[13.41838,52.49384]]]},"properties":{"UWB":"02219","UWB3":"219","BWB":"022T","BWB3":"2T","AWK":"0202","BEZ":"02","BWK":"83"}},
{"type":"Feature","geometry":{"type":"Polygon","coordinates":[[[13.41346,52.49259],[13.41291,52.49189],[13.41617,52.49097],[13.41793,52.49047],[13.41968,52.48998],[13.42046,52.49122],[13.4173,52.49241],[13.41672,52.49169],[13.41346,52.49259]]]},"properties":{"UWB":"02220","UWB3":"220","BWB":"022U","BWB3":"2U","AWK":"0202","BEZ":"02","BWK":"83"}},
{"type":"Feature","geometry":{"type":"Polygon","coordinates":[[[13.42046,52.49122],[13.41968,52.48998],[13.42512,52.4879],[13.42425,52.48996],[13.42401,52.49034],[13.42046,52.49122]]]},"properties":{"UWB":"02221","UWB3":"221","BWB":"022V","BWB3":"2V","AWK":"0202","BEZ":"02","BWK":"83"}},
{"type":"Feature","geometry":{"type":"Polygon","coordinates":[[[13.41793,52.49047],[13.41759,52.48876],[13.41652,52.48773],[13.42108,52.48711],[13.42318,52.4865],[13.42385,52.48652],[13.42512,52.4879],[13.41968,52.48998],[13.41793,52.49047]]]},"properties":{"UWB":"02222","UWB3":"222","BWB":"022W","BWB3":"2W","AWK":"0202","BEZ":"02","BWK":"83"}},
{"type":"Feature","geometry":{"type":"Polygon","coordinates":[[[13.41617,52.49097],[13.41406,52.48805],[13.41652,52.48773],[13.41759,52.48876],[13.41793,52.49047],[13.41617,52.49097]]]},"properties":{"UWB":"02223","UWB3":"223","BWB":"022X","BWB3":"2X","AWK":"0202","BEZ":"02","BWK":"83"}},
{"type":"Feature","geometry":{"type":"Polygon","coordinates":[[[13.41291,52.49189],[13.41369,52.4881],[13.41406,52.48805],[13.41617,52.49097],[13.41291,52.49189]]]},"properties":{"UWB":"02224","UWB3":"224","BWB":"022Y","BWB3":"2Y","AWK":"0202","BEZ":"02","BWK":"83"}},
{"type":"Feature","geometry":{"type":"Polygon","coordinates":[[[13.41291,52.49189],[13.40864,52.48987],[13.40789,52.48886],[13.41369,52.4881],[13.41291,52.49189]]]},"properties":{"UWB":"02225","UWB3":"225","BWB":"022Y","BWB3":"2Y","AWK":"0202","BEZ":"02","BWK":"83"}},
{"type":"Feature","geometry":{"type":"Polygon","coordinates":[[[13.40554,52.48878],[13.40772,52.48875],[13.40789,52.48886],[13.40864,52.48987],[13.41291,52.49189],[13.40899,52.49294],[13.4067,52.48974],[13.40594,52.48995],[13.40557,52.48934],[13.40554,52.48878]]]},"properties":{"UWB":"02226","UWB3":"226","BWB":"022Z","BWB3":"2Z","AWK":"0202","BEZ":"02","BWK":"83"}},
{"type":"Feature","geometry":{"type":"Polygon","coordinates":[[[13.40557,52.48934],[13.40594,52.48995],[13.40205,52.49255],[13.40037,52.49038],[13.40557,52.48934]]]},"properties":{"UWB":"02301","UWB3":"301","BWB":"023A","BWB3":"3A","AWK":"0203","BEZ":"02","BWK":"83"}},
{"type":"Feature","geometry":{"type":"Polygon","coordinates":[[[13.4116,52.49564],[13.40524,52.49662],[13.40493,52.49622],[13.40205,52.49255],[13.40594,52.48995],[13.4067,52.48974],[13.40899,52.49294],[13.41291,52.49189],[13.41346,52.49259],[13.41512,52.49502],[13.4116,52.49564]]]},"properties":{"UWB":"02302","UWB3":"302","BWB":"023B","BWB3":"3B","AWK":"0203","BEZ":"02","BWK":"83"}},
{"type":"Feature","geometry":{"type":"Polygon","coordinates":[[[13.40037,52.49038],[13.40205,52.49255],[13.40493,52.49622],[13.40227,52.49638],[13.39852,52.49285],[13.39793,52.49087],[13.40037,52.49038]]]},"properties":{"UWB":"02303","UWB3":"303","BWB":"023C","BWB3":"3C","AWK":"0203","BEZ":"02","BWK":"83"}},
{"type":"Feature","geometry":{"type":"Polygon","coordinates":[[[13.40524,52.49662],[13.39886,52.49738],[13.39691,52.49303],[13.39852,52.49285],[13.40227,52.49638],[13.40493,52.49622],[13.40524,52.49662]]]},"properties":{"UWB":"02304","UWB3":"304","BWB":"023D","BWB3":"3D","AWK":"0203","BEZ":"02","BWK":"83"}},
{"type":"Feature","geometry":{"type":"Polygon","coordinates":[[[13.39442,52.49158],[13.39638,52.49119],[13.39793,52.49087],[13.39852,52.49285],[13.39691,52.49303],[13.39489,52.49325],[13.39442,52.49158]]]},"properties":{"UWB":"02305","UWB3":"305","BWB":"023E","BWB3":"3E","AWK":"0203","BEZ":"02","BWK":"83"}},
{"type":"Feature","geometry":{"type":"Polygon","coordinates":[[[13.39508,52.49619],[13.39489,52.49325],[13.39691,52.49303],[13.39886,52.49738],[13.39955,52.49835],[13.39583,52.49835],[13.39582,52.49823],[13.39508,52.49619]]]},"properties":{"UWB":"02306","UWB3":"306","BWB":"023F","BWB3":"3F","AWK":"0203","BEZ":"02","BWK":"83"}},
{"type":"Feature","geometry":{"type":"Polygon","coordinates":[[[13.41416,52.49852],[13.40661,52.49839],[13.40298,52.49837],[13.39955,52.49835],[13.39886,52.49738],[13.40524,52.49662],[13.4116,52.49564],[13.41293,52.49783],[13.41386,52.49794],[13.41416,52.49852]]]},"properties":{"UWB":"02307","UWB3":"307","BWB":"023G","BWB3":"3G","AWK":"0203","BEZ":"02","BWK":"83"}},
{"type":"Feature","geometry":{"type":"Polygon","coordinates":[[[13.39583,52.49835],[13.39955,52.49835],[13.40264,52.50217],[13.40132,52.5023],[13.39824,52.50147],[13.39455,52.50227],[13.39453,52.50083],[13.39583,52.49835]]]},"properties":{"UWB":"02308","UWB3":"308","BWB":"023H","BWB3":"3H","AWK":"0203","BEZ":"02","BWK":"83"}},
{"type":"Feature","geometry":{"type":"Polygon","coordinates":[[[13.39504,52.50292],[13.39455,52.50227],[13.39824,52.50147],[13.40132,52.5023],[13.40264,52.50217],[13.4037,52.50339],[13.39944,52.50463],[13.397,52.50536],[13.39504,52.50292]]]},"properties":{"UWB":"02309","UWB3":"309","BWB":"023J","BWB3":"3J","AWK":"0203","BEZ":"02","BWK":"83"}},
{"type":"Feature","geometry":{"type":"Polygon","coordinates":[[[13.39902,52.50808],[13.397,52.50536],[13.39944,52.50463],[13.40172,52.50615],[13.4053,52.50516],[13.40803,52.50618],[13.40528,52.50821],[13.40444,52.50777],[13.40019,52.50938],[13.39902,52.50808]]]},"properties":{"UWB":"02310","UWB3":"310","BWB":"023K","BWB3":"3K","AWK":"0203","BEZ":"02","BWK":"83"}},
{"type":"Feature","geometry":{"type":"Polygon","coordinates":[[[13.4037,52.50339],[13.4053,52.50516],[13.40172,52.50615],[13.39944,52.50463],[13.4037,52.50339]]]},"properties":{"UWB":"02311","UWB3":"311","BWB":"023L","BWB3":"3L","AWK":"0203","BEZ":"02","BWK":"83"}},
{"type":"Feature","geometry":{"type":"Polygon","coordinates":[[[13.40298,52.49837],[13.408,52.50444],[13.4053,52.50516],[13.4037,52.50339],[13.40264,52.50217],[13.39955,52.49835],[13.40298,52.49837]]]},"properties":{"UWB":"02312","UWB3":"312","BWB":"023M","BWB3":"3M","AWK":"0203","BEZ":"02","BWK":"83"}},
{"type":"Feature","geometry":{"type":"Polygon","coordinates":[[[13.40803,52.50618],[13.4053,52.50516],[13.408,52.50444],[13.41033,52.50377],[13.41158,52.50487],[13.40997,52.50692],[13.40803,52.50618]]]},"properties":{"UWB":"02313","UWB3":"313","BWB":"023M","BWB3":"3M","AWK":"0203","BEZ":"02","BWK":"83"}},
{"type":"Feature","geometry":{"type":"Polygon","coordinates":[[[13.40661,52.49839],[13.40785,52.49999],[13.40922,52.50175],[13.41053,52.50342],[13.41033,52.50377],[13.408,52.50444],[13.40298,52.49837],[13.40661,52.49839]]]},"properties":{"UWB":"02314","UWB3":"314","BWB":"023N","BWB3":"3N","AWK":"0203","BEZ":"02","BWK":"83"}},
{"type":"Feature","geometry":{"type":"Polygon","coordinates":[[[13.41825,52.49899],[13.41781,52.49921],[13.41402,52.50034],[13.41223,52.49884],[13.40785,52.49999],[13.40661,52.49839],[13.41416,52.49852],[13.41825,52.49899]]]},"properties":{"UWB":"02315","UWB3":"315","BWB":"023P","BWB3":"3P","AWK":"0203","BEZ":"02","BWK":"83"}},
{"type":"Feature","geometry":{"type":"Polygon","coordinates":[[[13.40785,52.49999],[13.41223,52.49884],[13.41402,52.50034],[13.40922,52.50175],[13.40785,52.49999]]]},"properties":{"UWB":"02316","UWB3":"316","BWB":"023Q","BWB3":"3Q","AWK":"0203","BEZ":"02","BWK":"83"}},
{"type":"Feature","geometry":{"type":"Polygon","coordinates":[[[13.40922,52.50175],[13.41402,52.50034],[13.41781,52.49921],[13.41928,52.50128],[13.41998,52.50225],[13.41695,52.50254],[13.41487,52.50249],[13.41053,52.50342],[13.40922,52.50175]]]},"properties":{"UWB":"02317","UWB3":"317","BWB":"023R","BWB3":"3R","AWK":"0203","BEZ":"02","BWK":"83"}},
{"type":"Feature","geometry":{"type":"Polygon","coordinates":[[[13.41158,52.50487],[13.41033,52.50377],[13.41053,52.50342],[13.41487,52.50249],[13.41695,52.50254],[13.41747,52.5042],[13.41641,52.5045],[13.41407,52.50404],[13.41166,52.50484],[13.41158,52.50487]]]},"properties":{"UWB":"02318","UWB3":"318","BWB":"023S","BWB3":"3S","AWK":"0203","BEZ":"02","BWK":"83"}},
{"type":"Feature","geometry":{"type":"Polygon","coordinates":[[[13.41747,52.5042],[13.41695,52.50254],[13.41998,52.50225],[13.42195,52.50503],[13.41943,52.50565],[13.41747,52.5042]]]},"properties":{"UWB":"02319","UWB3":"319","BWB":"023T","BWB3":"3T","AWK":"0203","BEZ":"02","BWK":"83"}},
{"type":"Feature","geometry":{"type":"Polygon","coordinates":[[[13.42664,52.50577],[13.42495,52.50518],[13.42195,52.50503],[13.41998,52.50225],[13.41928,52.50128],[13.42308,52.50024],[13.42373,52.50122],[13.4249,52.50206],[13.42581,52.50341],[13.42677,52.50482],[13.4272,52.50567],[13.42664,52.50577]]]},"properties":{"UWB":"02320","UWB3":"320","BWB":"023U","BWB3":"3U","AWK":"0203","BEZ":"02","BWK":"83"}},
{"type":"Feature","geometry":{"type":"Polygon","coordinates":[[[13.42627,52.49918],[13.42721,52.50025],[13.42373,52.50122],[13.42308,52.50024],[13.41928,52.50128],[13.41781,52.49921],[13.41825,52.49899],[13.42229,52.49912],[13.42627,52.49918]]]},"properties":{"UWB":"02321","UWB3":"321","BWB":"023V","BWB3":"3V","AWK":"0203","BEZ":"02","BWK":"83"}},
{"type":"Feature","geometry":{"type":"Polygon","coordinates":[[[13.43207,52.49942],[13.43114,52.50094],[13.42982,52.50071],[13.4249,52.50206],[13.42373,52.50122],[13.42721,52.50025],[13.42627,52.49918],[13.42675,52.49919],[13.43114,52.4993],[13.43207,52.49942]]]},"properties":{"UWB":"02322","UWB3":"322","BWB":"023W","BWB3":"3W","AWK":"0203","BEZ":"02","BWK":"83"}},
{"type":"Feature","geometry":{"type":"Polygon","coordinates":[[[13.4249,52.50206],[13.42982,52.50071],[13.43114,52.50094],[13.43161,52.50139],[13.42581,52.50341],[13.4249,52.50206]]]},"properties":{"UWB":"02323","UWB3":"323","BWB":"023X","BWB3":"3X","AWK":"0203","BEZ":"02","BWK":"83"}},
{"type":"Feature","geometry":{"type":"Polygon","coordinates":[[[13.42581,52.50341],[13.43161,52.50139],[13.43263,52.50241],[13.42677,52.50482],[13.42581,52.50341]]]},"properties":{"UWB":"02324","UWB3":"324","BWB":"023Y","BWB3":"3Y","AWK":"0203","BEZ":"02","BWK":"83"}},
{"type":"Feature","geometry":{"type":"Polygon","coordinates":[[[13.4272,52.50567],[13.42677,52.50482],[13.43263,52.50241],[13.43489,52.5045],[13.43602,52.50534],[13.43375,52.50649],[13.4294,52.50857],[13.4272,52.50567]]]},"properties":{"UWB":"02325","UWB3":"325","BWB":"023Z","BWB3":"3Z","AWK":"0203","BEZ":"02","BWK":"83"}},
{"type":"Feature","geometry":{"type":"Polygon","coordinates":[[[13.43326,52.49959],[13.43737,52.50344],[13.43489,52.5045],[13.43263,52.50241],[13.43161,52.50139],[13.43114,52.50094],[13.43207,52.49942],[13.43326,52.49959]]]},"properties":{"UWB":"02326","UWB3":"326","BWB":"023AA","BWB3":"3AA","AWK":"0203","BEZ":"02","BWK":"83"}},
{"type":"Feature","geometry":{"type":"Polygon","coordinates":[[[13.44515,52.50113],[13.44495,52.50123],[13.44146,52.50291],[13.43713,52.50456],[13.43602,52.50534],[13.43489,52.5045],[13.43737,52.50344],[13.43326,52.49959],[13.43789,52.50027],[13.44144,52.50053],[13.44218,52.50096],[13.44515,52.50113]]]},"properties":{"UWB":"02327","UWB3":"327","BWB":"023AB","BWB3":"3AB","AWK":"0203","BEZ":"02","BWK":"83"}},
{"type":"Feature","geometry":{"type":"Polygon","coordinates":[[[13.42015,52.52539],[13.4213,52.52493],[13.42281,52.52588],[13.42483,52.52478],[13.42801,52.52657],[13.42492,52.52796],[13.42364,52.52791],[13.41975,52.52554],[13.42015,52.52539]]]},"properties":{"UWB":"02401","UWB3":"401","BWB":"024A","BWB3":"4A","AWK":"0204","BEZ":"02","BWK":"83"}},
{"type":"Feature","geometry":{"type":"Polygon","coordinates":[[[13.42424,52.52379],[13.42559,52.52342],[13.42933,52.52574],[13.42801,52.52657],[13.42483,52.52478],[13.42281,52.52588],[13.4213,52.52493],[13.42424,52.52379]]]},"properties":{"UWB":"02402","UWB3":"402","BWB":"024B","BWB3":"4B","AWK":"0204","BEZ":"02","BWK":"83"}},
{"type":"Feature","geometry":{"type":"Polygon","coordinates":[[[13.42919,52.5212],[13.42954,52.52117],[13.42982,52.52353],[13.43052,52.52497],[13.42933,52.52574],[13.42559,52.52342],[13.42555,52.52279],[13.42919,52.5212]]]},"properties":{"UWB":"02403","UWB3":"403","BWB":"024C","BWB3":"4C","AWK":"0204","BEZ":"02","BWK":"83"}},
{"type":"Feature","geometry":{"type":"Polygon","coordinates":[[[13.42954,52.52117],[13.43098,52.52055],[13.43347,52.52298],[13.4328,52.52325],[13.43052,52.52497],[13.42982,52.52353],[13.42954,52.52117]]]},"properties":{"UWB":"02404","UWB3":"404","BWB":"024D","BWB3":"4D","AWK":"0204","BEZ":"02","BWK":"83"}},
{"type":"Feature","geometry":{"type":"Polygon","coordinates":[[[13.4264,52.51903],[13.42593,52.51839],[13.42675,52.51796],[13.43274,52.51731],[13.43286,52.51796],[13.43306,52.51868],[13.43005,52.51888],[13.4284,52.51958],[13.4264,52.51903]]]},"properties":{"UWB":"02405","UWB3":"405","BWB":"024E","BWB3":"4E","AWK":"0204","BEZ":"02","BWK":"83"}},
{"type":"Feature","geometry":{"type":"Polygon","coordinates":[[[13.4284,52.51958],[13.43005,52.51888],[13.43306,52.51868],[13.43342,52.51982],[13.43552,52.52179],[13.43347,52.52298],[13.43098,52.52055],[13.42954,52.52117],[13.42919,52.5212],[13.4284,52.51958]]]},"properties":{"UWB":"02406","UWB3":"406","BWB":"024F","BWB3":"4F","AWK":"0204","BEZ":"02","BWK":"83"}},
{"type":"Feature","geometry":{"type":"Polygon","coordinates":[[[13.43342,52.51982],[13.44094,52.51826],[13.43792,52.52027],[13.44095,52.52216],[13.44034,52.52297],[13.4369,52.52092],[13.43552,52.52179],[13.43342,52.51982]]]},"properties":{"UWB":"02407","UWB3":"407","BWB":"024G","BWB3":"4G","AWK":"0204","BEZ":"02","BWK":"83"}},
{"type":"Feature","geometry":{"type":"Polygon","coordinates":[[[13.43347,52.52298],[13.43552,52.52179],[13.4369,52.52092],[13.44034,52.52297],[13.43954,52.52397],[13.43584,52.52332],[13.4328,52.52325],[13.43347,52.52298]]]},"properties":{"UWB":"02408","UWB3":"408","BWB":"024H","BWB3":"4H","AWK":"0204","BEZ":"02","BWK":"83"}},
{"type":"Feature","geometry":{"type":"Polygon","coordinates":[[[13.42801,52.52657],[13.42933,52.52574],[13.43052,52.52497],[13.4328,52.52325],[13.43584,52.52332],[13.43954,52.52397],[13.4438,52.52523],[13.44515,52.52334],[13.44906,52.52434],[13.44753,52.52652],[13.44403,52.52941],[13.44228,52.53102],[13.43875,52.52878],[13.43748,52.52955],[13.43738,52.52954],[13.43026,52.5287],[13.42492,52.52796],[13.42801,52.52657]]]},"properties":{"UWB":"02409","UWB3":"409","BWB":"024J","BWB3":"4J","AWK":"0204","BEZ":"02","BWK":"83"}},
{"type":"Feature","geometry":{"type":"Polygon","coordinates":[[[13.44094,52.51826],[13.44282,52.51801],[13.44547,52.52041],[13.4466,52.52136],[13.44618,52.52193],[13.44515,52.52334],[13.4438,52.52523],[13.43954,52.52397],[13.44034,52.52297],[13.44095,52.52216],[13.43792,52.52027],[13.44094,52.51826]]]},"properties":{"UWB":"02410","UWB3":"410","BWB":"024K","BWB3":"4K","AWK":"0204","BEZ":"02","BWK":"83"}},
{"type":"Feature","geometry":{"type":"Polygon","coordinates":[[[13.43286,52.51796],[13.43646,52.51757],[13.44065,52.51715],[13.44094,52.51826],[13.43342,52.51982],[13.43306,52.51868],[13.43286,52.51796]]]},"properties":{"UWB":"02411","UWB3":"411","BWB":"024L","BWB3":"4L","AWK":"0204","BEZ":"02","BWK":"83"}},
{"type":"Feature","geometry":{"type":"Polygon","coordinates":[[[13.44094,52.51826],[13.44065,52.51715],[13.44917,52.51631],[13.44923,52.51774],[13.44764,52.51752],[13.44547,52.52041],[13.44282,52.51801],[13.44094,52.51826]]]},"properties":{"UWB":"02412","UWB3":"412","BWB":"024M","BWB3":"4M","AWK":"0204","BEZ":"02","BWK":"83"}},
{"type":"Feature","geometry":{"type":"Polygon","coordinates":[[[13.44547,52.52041],[13.44764,52.51752],[13.44923,52.51774],[13.44794,52.51949],[13.4466,52.52136],[13.44547,52.52041]]]},"properties":{"UWB":"02413","UWB3":"413","BWB":"024N","BWB3":"4N","AWK":"0204","BEZ":"02","BWK":"83"}},
{"type":"Feature","geometry":{"type":"Polygon","coordinates":[[[13.44987,52.5129],[13.4526,52.51246],[13.45336,52.51421],[13.45402,52.51581],[13.4507,52.51615],[13.45062,52.51556],[13.44987,52.5129]]]},"properties":{"UWB":"02414","UWB3":"414","BWB":"024P","BWB3":"4P","AWK":"0204","BEZ":"02","BWK":"83"}},
{"type":"Feature","geometry":{"type":"Polygon","coordinates":[[[13.45062,52.51556],[13.44537,52.51607],[13.44383,52.51468],[13.44548,52.51268],[13.44748,52.51329],[13.44987,52.5129],[13.45062,52.51556]]]},"properties":{"UWB":"02415","UWB3":"415","BWB":"024Q","BWB3":"4Q","AWK":"0204","BEZ":"02","BWK":"83"}},
{"type":"Feature","geometry":{"type":"Polygon","coordinates":[[[13.44065,52.51715],[13.43971,52.51395],[13.4407,52.51338],[13.44383,52.51468],[13.44537,52.51607],[13.45062,52.51556],[13.4507,52.51615],[13.44917,52.51631],[13.44065,52.51715]]]},"properties":{"UWB":"02416","UWB3":"416","BWB":"024R","BWB3":"4R","AWK":"0204","BEZ":"02","BWK":"83"}},
{"type":"Feature","geometry":{"type":"Polygon","coordinates":[[[13.43646,52.51757],[13.43549,52.5147],[13.43779,52.51369],[13.43971,52.51395],[13.44065,52.51715],[13.43646,52.51757]]]},"properties":{"UWB":"02417","UWB3":"417","BWB":"024S","BWB3":"4S","AWK":"0204","BEZ":"02","BWK":"83"}},
{"type":"Feature","geometry":{"type":"Polygon","coordinates":[[[13.43274,52.51731],[13.43197,52.51515],[13.43549,52.5147],[13.43646,52.51757],[13.43286,52.51796],[13.43274,52.51731]]]},"properties":{"UWB":"02418","UWB3":"418","BWB":"024T","BWB3":"4T","AWK":"0204","BEZ":"02","BWK":"83"}},
{"type":"Feature","geometry":{"type":"Polygon","coordinates":[[[13.42564,52.51601],[13.42887,52.51554],[13.43197,52.51515],[13.43274,52.51731],[13.42675,52.51796],[13.42564,52.51601]]]},"properties":{"UWB":"02419","UWB3":"419","BWB":"024U","BWB3":"4U","AWK":"0204","BEZ":"02","BWK":"83"}},
{"type":"Feature","geometry":{"type":"Polygon","coordinates":[[[13.42395,52.51357],[13.42291,52.51217],[13.42902,52.50893],[13.43111,52.51278],[13.42749,52.51321],[13.42887,52.51554],[13.42564,52.51601],[13.42395,52.51357]]]},"properties":{"UWB":"02420","UWB3":"420","BWB":"024V","BWB3":"4V","AWK":"0204","BEZ":"02","BWK":"83"}},
{"type":"Feature","geometry":{"type":"Polygon","coordinates":[[[13.42887,52.51554],[13.42749,52.51321],[13.43111,52.51278],[13.43197,52.51515],[13.42887,52.51554]]]},"properties":{"UWB":"02421","UWB3":"421","BWB":"024W","BWB3":"4W","AWK":"0204","BEZ":"02","BWK":"83"}},
{"type":"Feature","geometry":{"type":"Polygon","coordinates":[[[13.4294,52.50857],[13.43375,52.50649],[13.43397,52.50759],[13.43746,52.51099],[13.43675,52.51243],[13.4342,52.51317],[13.43549,52.5147],[13.43197,52.51515],[13.43111,52.51278],[13.42902,52.50893],[13.4294,52.50857]]]},"properties":{"UWB":"02422","UWB3":"422","BWB":"024X","BWB3":"4X","AWK":"0204","BEZ":"02","BWK":"83"}},
{"type":"Feature","geometry":{"type":"Polygon","coordinates":[[[13.43549,52.5147],[13.4342,52.51317],[13.43675,52.51243],[13.43746,52.51099],[13.43971,52.51395],[13.43779,52.51369],[13.43549,52.5147]]]},"properties":{"UWB":"02423","UWB3":"423","BWB":"024Y","BWB3":"4Y","AWK":"0204","BEZ":"02","BWK":"83"}},
{"type":"Feature","geometry":{"type":"Polygon","coordinates":[[[13.44383,52.51468],[13.4407,52.51338],[13.44325,52.51199],[13.44548,52.51268],[13.44383,52.51468]]]},"properties":{"UWB":"02424","UWB3":"424","BWB":"024Z","BWB3":"4Z","AWK":"0204","BEZ":"02","BWK":"83"}},
{"type":"Feature","geometry":{"type":"Polygon","coordinates":[[[13.44987,52.5129],[13.44748,52.51329],[13.44548,52.51268],[13.44325,52.51199],[13.44649,52.5114],[13.4518,52.51073],[13.4526,52.51246],[13.44987,52.5129]]]},"properties":{"UWB":"02425","UWB3":"425","BWB":"024AA","BWB3":"4AA","AWK":"0204","BEZ":"02","BWK":"83"}},
{"type":"Feature","geometry":{"type":"Polygon","coordinates":[[[13.44649,52.5114],[13.44903,52.50831],[13.45091,52.50875],[13.45183,52.51072],[13.4518,52.51073],[13.44649,52.5114]]]},"properties":{"UWB":"02426","UWB3":"426","BWB":"024AB","BWB3":"4AB","AWK":"0204","BEZ":"02","BWK":"83"}},
{"type":"Feature","geometry":{"type":"Polygon","coordinates":[[[13.43602,52.50534],[13.43713,52.50456],[13.44146,52.50291],[13.44495,52.50123],[13.4468,52.5027],[13.44894,52.50554],[13.45003,52.50728],[13.45088,52.5086],[13.45091,52.50875],[13.44903,52.50831],[13.44649,52.5114],[13.44325,52.51199],[13.4407,52.51338],[13.43971,52.51395],[13.43746,52.51099],[13.43397,52.50759],[13.43375,52.50649],[13.43602,52.50534]]]},"properties":{"UWB":"02427","UWB3":"427","BWB":"024AC","BWB3":"4AC","AWK":"0204","BEZ":"02","BWK":"83"}},
{"type":"Feature","geometry":{"type":"Polygon","coordinates":[[[13.45513,52.52353],[13.45218,52.52779],[13.45064,52.52744],[13.45219,52.52514],[13.45357,52.52312],[13.45513,52.52353]]]},"properties":{"UWB":"02501","UWB3":"501","BWB":"025A","BWB3":"5A","AWK":"0205","BEZ":"02","BWK":"83"}},
{"type":"Feature","geometry":{"type":"Polygon","coordinates":[[[13.44906,52.52434],[13.45219,52.52514],[13.45064,52.52744],[13.44753,52.52652],[13.44906,52.52434]]]},"properties":{"UWB":"02502","UWB3":"502","BWB":"025B","BWB3":"5B","AWK":"0205","BEZ":"02","BWK":"83"}},
{"type":"Feature","geometry":{"type":"Polygon","coordinates":[[[13.45219,52.52514],[13.44906,52.52434],[13.44999,52.52298],[13.45048,52.52233],[13.45357,52.52312],[13.45219,52.52514]]]},"properties":{"UWB":"02503","UWB3":"503","BWB":"025C","BWB3":"5C","AWK":"0205","BEZ":"02","BWK":"83"}},
{"type":"Feature","geometry":{"type":"Polygon","coordinates":[[[13.44515,52.52334],[13.44618,52.52193],[13.44999,52.52298],[13.44906,52.52434],[13.44515,52.52334]]]},"properties":{"UWB":"02504","UWB3":"504","BWB":"025D","BWB3":"5D","AWK":"0205","BEZ":"02","BWK":"83"}},
{"type":"Feature","geometry":{"type":"Polygon","coordinates":[[[13.4466,52.52136],[13.44794,52.51949],[13.45137,52.52037],[13.45111,52.52138],[13.45048,52.52233],[13.44999,52.52298],[13.44618,52.52193],[13.4466,52.52136]]]},"properties":{"UWB":"02505","UWB3":"505","BWB":"025E","BWB3":"5E","AWK":"0205","BEZ":"02","BWK":"83"}},
{"type":"Feature","geometry":{"type":"Polygon","coordinates":[[[13.45357,52.52312],[13.45048,52.52233],[13.45111,52.52138],[13.45423,52.52218],[13.45502,52.5212],[13.45529,52.52127],[13.45615,52.52246],[13.45513,52.52353],[13.45357,52.52312]]]},"properties":{"UWB":"02506","UWB3":"506","BWB":"025F","BWB3":"5F","AWK":"0205","BEZ":"02","BWK":"83"}},
{"type":"Feature","geometry":{"type":"Polygon","coordinates":[[[13.45137,52.52037],[13.45162,52.51918],[13.45362,52.51925],[13.45502,52.5212],[13.45423,52.52218],[13.45111,52.52138],[13.45137,52.52037]]]},"properties":{"UWB":"02507","UWB3":"507","BWB":"025G","BWB3":"5G","AWK":"0205","BEZ":"02","BWK":"83"}},
{"type":"Feature","geometry":{"type":"Polygon","coordinates":[[[13.44917,52.51631],[13.4507,52.51615],[13.45402,52.51581],[13.45318,52.51812],[13.45385,52.5184],[13.45362,52.51925],[13.45162,52.51918],[13.45137,52.52037],[13.44794,52.51949],[13.44923,52.51774],[13.44917,52.51631]]]},"properties":{"UWB":"02508","UWB3":"508","BWB":"025H","BWB3":"5H","AWK":"0205","BEZ":"02","BWK":"83"}},
{"type":"Feature","geometry":{"type":"Polygon","coordinates":[[[13.45502,52.5212],[13.45362,52.51925],[13.45385,52.5184],[13.45711,52.51781],[13.45812,52.5195],[13.45592,52.51935],[13.45696,52.52097],[13.45529,52.52127],[13.45502,52.5212]]]},"properties":{"UWB":"02509","UWB3":"509","BWB":"025J","BWB3":"5J","AWK":"0205","BEZ":"02","BWK":"83"}},
{"type":"Feature","geometry":{"type":"Polygon","coordinates":[[[13.45402,52.51581],[13.45698,52.51551],[13.45818,52.51762],[13.45711,52.51781],[13.45385,52.5184],[13.45318,52.51812],[13.45402,52.51581]]]},"properties":{"UWB":"02510","UWB3":"510","BWB":"025K","BWB3":"5K","AWK":"0205","BEZ":"02","BWK":"83"}},
{"type":"Feature","geometry":{"type":"Polygon","coordinates":[[[13.45698,52.51551],[13.46018,52.51518],[13.46111,52.51711],[13.45818,52.51762],[13.45698,52.51551]]]},"properties":{"UWB":"02511","UWB3":"511","BWB":"025L","BWB3":"5L","AWK":"0205","BEZ":"02","BWK":"83"}},
{"type":"Feature","geometry":{"type":"Polygon","coordinates":[[[13.45711,52.51781],[13.45818,52.51762],[13.46111,52.51711],[13.46198,52.51882],[13.45812,52.5195],[13.45711,52.51781]]]},"properties":{"UWB":"02512","UWB3":"512","BWB":"025L","BWB3":"5L","AWK":"0205","BEZ":"02","BWK":"83"}},
{"type":"Feature","geometry":{"type":"Polygon","coordinates":[[[13.45812,52.5195],[13.46198,52.51882],[13.46522,52.51822],[13.46594,52.51809],[13.46645,52.51914],[13.46253,52.51996],[13.45696,52.52097],[13.45592,52.51935],[13.45812,52.5195]]]},"properties":{"UWB":"02513","UWB3":"513","BWB":"025M","BWB3":"5M","AWK":"0205","BEZ":"02","BWK":"83"}},
{"type":"Feature","geometry":{"type":"Polygon","coordinates":[[[13.46111,52.51711],[13.46425,52.51653],[13.46522,52.51822],[13.46198,52.51882],[13.46111,52.51711]]]},"properties":{"UWB":"02514","UWB3":"514","BWB":"025N","BWB3":"5N","AWK":"0205","BEZ":"02","BWK":"83"}},
{"type":"Feature","geometry":{"type":"Polygon","coordinates":[[[13.46018,52.51518],[13.46278,52.51492],[13.46434,52.51476],[13.46512,52.51638],[13.46425,52.51653],[13.46111,52.51711],[13.46018,52.51518]]]},"properties":{"UWB":"02515","UWB3":"515","BWB":"025P","BWB3":"5P","AWK":"0205","BEZ":"02","BWK":"83"}},
{"type":"Feature","geometry":{"type":"Polygon","coordinates":[[[13.46434,52.51476],[13.46616,52.51459],[13.47078,52.51411],[13.47188,52.51517],[13.46811,52.51584],[13.46512,52.51638],[13.46434,52.51476]]]},"properties":{"UWB":"02516","UWB3":"516","BWB":"025Q","BWB3":"5Q","AWK":"0205","BEZ":"02","BWK":"83"}},
{"type":"Feature","geometry":{"type":"Polygon","coordinates":[[[13.46522,52.51822],[13.46425,52.51653],[13.46512,52.51638],[13.46811,52.51584],[13.46895,52.51755],[13.46594,52.51809],[13.46522,52.51822]]]},"properties":{"UWB":"02517","UWB3":"517","BWB":"025R","BWB3":"5R","AWK":"0205","BEZ":"02","BWK":"83"}},
{"type":"Feature","geometry":{"type":"Polygon","coordinates":[[[13.47188,52.51517],[13.47188,52.51702],[13.46895,52.51755],[13.46811,52.51584],[13.47188,52.51517]]]},"properties":{"UWB":"02518","UWB3":"518","BWB":"025S","BWB3":"5S","AWK":"0205","BEZ":"02","BWK":"83"}},
{"type":"Feature","geometry":{"type":"Polygon","coordinates":[[[13.46594,52.51809],[13.46895,52.51755],[13.47188,52.51702],[13.47096,52.51833],[13.46645,52.51914],[13.46594,52.51809]]]},"properties":{"UWB":"02519","UWB3":"519","BWB":"025T","BWB3":"5T","AWK":"0205","BEZ":"02","BWK":"83"}},
{"type":"Feature","geometry":{"type":"Polygon","coordinates":[[[13.46645,52.51914],[13.47096,52.51833],[13.46954,52.52048],[13.46253,52.51996],[13.46645,52.51914]]]},"properties":{"UWB":"02520","UWB3":"520","BWB":"025U","BWB3":"5U","AWK":"0205","BEZ":"02","BWK":"83"}},
{"type":"Feature","geometry":{"type":"Polygon","coordinates":[[[13.47078,52.51411],[13.47547,52.51364],[13.47671,52.51505],[13.4742,52.51912],[13.47255,52.52053],[13.47211,52.52069],[13.46954,52.52048],[13.47096,52.51833],[13.47188,52.51702],[13.47188,52.51517],[13.47078,52.51411]]]},"properties":{"UWB":"02521","UWB3":"521","BWB":"025V","BWB3":"5V","AWK":"0205","BEZ":"02","BWK":"83"}},
{"type":"Feature","geometry":{"type":"Polygon","coordinates":[[[13.47078,52.51411],[13.47006,52.51239],[13.47538,52.51188],[13.4758,52.51228],[13.47547,52.51364],[13.47078,52.51411]]]},"properties":{"UWB":"02522","UWB3":"522","BWB":"025W","BWB3":"5W","AWK":"0205","BEZ":"02","BWK":"83"}},
{"type":"Feature","geometry":{"type":"Polygon","coordinates":[[[13.46616,52.51459],[13.46564,52.51282],[13.46705,52.51269],[13.46848,52.51255],[13.47006,52.51239],[13.47078,52.51411],[13.46616,52.51459]]]},"properties":{"UWB":"02523","UWB3":"523","BWB":"025X","BWB3":"5X","AWK":"0205","BEZ":"02","BWK":"83"}},
{"type":"Feature","geometry":{"type":"Polygon","coordinates":[[[13.46278,52.51492],[13.46152,52.51428],[13.46014,52.51236],[13.46152,52.51212],[13.46226,52.5132],[13.46564,52.51282],[13.46616,52.51459],[13.46434,52.51476],[13.46278,52.51492]]]},"properties":{"UWB":"02524","UWB3":"524","BWB":"025Y","BWB3":"5Y","AWK":"0205","BEZ":"02","BWK":"83"}},
{"type":"Feature","geometry":{"type":"Polygon","coordinates":[[[13.46018,52.51518],[13.45777,52.51277],[13.46014,52.51236],[13.46152,52.51428],[13.46278,52.51492],[13.46018,52.51518]]]},"properties":{"UWB":"02525","UWB3":"525","BWB":"025Z","BWB3":"5Z","AWK":"0205","BEZ":"02","BWK":"83"}},
{"type":"Feature","geometry":{"type":"Polygon","coordinates":[[[13.45336,52.51421],[13.45777,52.51277],[13.46018,52.51518],[13.45698,52.51551],[13.45402,52.51581],[13.45336,52.51421]]]},"properties":{"UWB":"02526","UWB3":"526","BWB":"025AA","BWB3":"5AA","AWK":"0205","BEZ":"02","BWK":"83"}},
{"type":"Feature","geometry":{"type":"Polygon","coordinates":[[[13.49071,52.48744],[13.49145,52.48827],[13.48846,52.48989],[13.48414,52.49166],[13.47308,52.49899],[13.4698,52.49947],[13.46988,52.4986],[13.47276,52.49742],[13.47562,52.49642],[13.47295,52.49338],[13.47155,52.49382],[13.47136,52.49502],[13.46607,52.49689],[13.46375,52.4952],[13.4632,52.49421],[13.46706,52.49268],[13.47102,52.49149],[13.47379,52.49103],[13.47613,52.48995],[13.47923,52.48787],[13.48205,52.48744],[13.48295,52.48605],[13.48595,52.4874],[13.4885,52.48783],[13.49071,52.48744]]]},"properties":{"UWB":"02601","UWB3":"601","BWB":"026A","BWB3":"6A","AWK":"0206","BEZ":"02","BWK":"83"}},
{"type":"Feature","geometry":{"type":"Polygon","coordinates":[[[13.47276,52.49742],[13.47136,52.49502],[13.47155,52.49382],[13.47295,52.49338],[13.47562,52.49642],[13.47276,52.49742]]]},"properties":{"UWB":"02602","UWB3":"602","BWB":"026B","BWB3":"6B","AWK":"0206","BEZ":"02","BWK":"83"}},
{"type":"Feature","geometry":{"type":"Polygon","coordinates":[[[13.47136,52.49502],[13.47276,52.49742],[13.46988,52.4986],[13.4698,52.49947],[13.46966,52.49949],[13.4687,52.49963],[13.46607,52.49689],[13.47136,52.49502]]]},"properties":{"UWB":"02603","UWB3":"603","BWB":"026C","BWB3":"6C","AWK":"0206","BEZ":"02","BWK":"83"}},
{"type":"Feature","geometry":{"type":"Polygon","coordinates":[[[13.46607,52.49689],[13.46467,52.49742],[13.45973,52.49898],[13.46051,52.50031],[13.45682,52.50244],[13.45541,52.50035],[13.45623,52.49994],[13.45423,52.49752],[13.4595,52.49654],[13.46254,52.49546],[13.46375,52.4952],[13.46607,52.49689]]]},"properties":{"UWB":"02604","UWB3":"604","BWB":"026D","BWB3":"6D","AWK":"0206","BEZ":"02","BWK":"83"}},
{"type":"Feature","geometry":{"type":"Polygon","coordinates":[[[13.46467,52.49742],[13.46555,52.49873],[13.46051,52.50031],[13.45973,52.49898],[13.46467,52.49742]]]},"properties":{"UWB":"02605","UWB3":"605","BWB":"026E","BWB3":"6E","AWK":"0206","BEZ":"02","BWK":"83"}},
{"type":"Feature","geometry":{"type":"Polygon","coordinates":[[[13.4687,52.49963],[13.46975,52.50235],[13.46699,52.50316],[13.46376,52.50349],[13.4579,52.50467],[13.45682,52.50244],[13.46051,52.50031],[13.46555,52.49873],[13.46467,52.49742],[13.46607,52.49689],[13.4687,52.49963]]]},"properties":{"UWB":"02606","UWB3":"606","BWB":"026F","BWB3":"6F","AWK":"0206","BEZ":"02","BWK":"83"}},
{"type":"Feature","geometry":{"type":"Polygon","coordinates":[[[13.46975,52.50235],[13.46975,52.50236],[13.47127,52.50524],[13.47089,52.50563],[13.46922,52.5046],[13.46566,52.50469],[13.4636,52.50589],[13.45954,52.50805],[13.45865,52.50625],[13.4579,52.50467],[13.46376,52.50349],[13.46699,52.50316],[13.46975,52.50235]]]},"properties":{"UWB":"02607","UWB3":"607","BWB":"026G","BWB3":"6G","AWK":"0206","BEZ":"02","BWK":"83"}},
{"type":"Feature","geometry":{"type":"Polygon","coordinates":[[[13.47089,52.50563],[13.47031,52.5062],[13.46856,52.50695],[13.46566,52.50469],[13.46922,52.5046],[13.47089,52.50563]]]},"properties":{"UWB":"02608","UWB3":"608","BWB":"026H","BWB3":"6H","AWK":"0206","BEZ":"02","BWK":"83"}},
{"type":"Feature","geometry":{"type":"Polygon","coordinates":[[[13.46566,52.50469],[13.46856,52.50695],[13.46541,52.5077],[13.4636,52.50589],[13.46566,52.50469]]]},"properties":{"UWB":"02609","UWB3":"609","BWB":"026J","BWB3":"6J","AWK":"0206","BEZ":"02","BWK":"83"}},
{"type":"Feature","geometry":{"type":"Polygon","coordinates":[[[13.4636,52.50589],[13.46541,52.5077],[13.46327,52.50821],[13.45999,52.50899],[13.45954,52.50805],[13.4636,52.50589]]]},"properties":{"UWB":"02610","UWB3":"610","BWB":"026K","BWB3":"6K","AWK":"0206","BEZ":"02","BWK":"83"}},
{"type":"Feature","geometry":{"type":"Polygon","coordinates":[[[13.46327,52.50821],[13.46421,52.50962],[13.46058,52.51019],[13.45999,52.50899],[13.46327,52.50821]]]},"properties":{"UWB":"02611","UWB3":"611","BWB":"026L","BWB3":"6L","AWK":"0206","BEZ":"02","BWK":"83"}},
{"type":"Feature","geometry":{"type":"Polygon","coordinates":[[[13.46856,52.50695],[13.46629,52.50862],[13.46735,52.50969],[13.46507,52.51065],[13.46421,52.50962],[13.46327,52.50821],[13.46541,52.5077],[13.46856,52.50695]]]},"properties":{"UWB":"02612","UWB3":"612","BWB":"026M","BWB3":"6M","AWK":"0206","BEZ":"02","BWK":"83"}},
{"type":"Feature","geometry":{"type":"Polygon","coordinates":[[[13.47031,52.5062],[13.47181,52.50781],[13.46735,52.50969],[13.46629,52.50862],[13.46856,52.50695],[13.47031,52.5062]]]},"properties":{"UWB":"02613","UWB3":"613","BWB":"026N","BWB3":"6N","AWK":"0206","BEZ":"02","BWK":"83"}},
{"type":"Feature","geometry":{"type":"Polygon","coordinates":[[[13.47127,52.50524],[13.47271,52.50636],[13.47398,52.50802],[13.47247,52.50852],[13.47232,52.50968],[13.46867,52.51099],[13.46735,52.50969],[13.47181,52.50781],[13.47031,52.5062],[13.47089,52.50563],[13.47127,52.50524]]]},"properties":{"UWB":"02614","UWB3":"614","BWB":"026P","BWB3":"6P","AWK":"0206","BEZ":"02","BWK":"83"}},
{"type":"Feature","geometry":{"type":"Polygon","coordinates":[[[13.47538,52.51188],[13.47375,52.51128],[13.47232,52.50968],[13.47247,52.50852],[13.47398,52.50802],[13.47626,52.51044],[13.4758,52.51228],[13.47538,52.51188]]]},"properties":{"UWB":"02615","UWB3":"615","BWB":"026Q","BWB3":"6Q","AWK":"0206","BEZ":"02","BWK":"83"}},
{"type":"Feature","geometry":{"type":"Polygon","coordinates":[[[13.47006,52.51239],[13.46848,52.51255],[13.46867,52.51099],[13.47232,52.50968],[13.47375,52.51128],[13.47538,52.51188],[13.47006,52.51239]]]},"properties":{"UWB":"02616","UWB3":"616","BWB":"026R","BWB3":"6R","AWK":"0206","BEZ":"02","BWK":"83"}},
{"type":"Feature","geometry":{"type":"Polygon","coordinates":[[[13.46705,52.51269],[13.46507,52.51065],[13.46735,52.50969],[13.46867,52.51099],[13.46848,52.51255],[13.46705,52.51269]]]},"properties":{"UWB":"02617","UWB3":"617","BWB":"026S","BWB3":"6S","AWK":"0206","BEZ":"02","BWK":"83"}},
{"type":"Feature","geometry":{"type":"Polygon","coordinates":[[[13.46564,52.51282],[13.46226,52.5132],[13.46152,52.51212],[13.46507,52.51065],[13.46705,52.51269],[13.46564,52.51282]]]},"properties":{"UWB":"02618","UWB3":"618","BWB":"026T","BWB3":"6T","AWK":"0206","BEZ":"02","BWK":"83"}},
{"type":"Feature","geometry":{"type":"Polygon","coordinates":[[[13.46421,52.50962],[13.46507,52.51065],[13.46152,52.51212],[13.46058,52.51019],[13.46421,52.50962]]]},"properties":{"UWB":"02619","UWB3":"619","BWB":"026U","BWB3":"6U","AWK":"0206","BEZ":"02","BWK":"83"}},
{"type":"Feature","geometry":{"type":"Polygon","coordinates":[[[13.46014,52.51236],[13.45777,52.51277],[13.45705,52.51171],[13.45664,52.51084],[13.46058,52.51019],[13.46152,52.51212],[13.46014,52.51236]]]},"properties":{"UWB":"02620","UWB3":"620","BWB":"026V","BWB3":"6V","AWK":"0206","BEZ":"02","BWK":"83"}},
{"type":"Feature","geometry":{"type":"Polygon","coordinates":[[[13.4526,52.51246],[13.45705,52.51171],[13.45777,52.51277],[13.45336,52.51421],[13.4526,52.51246]]]},"properties":{"UWB":"02621","UWB3":"621","BWB":"026W","BWB3":"6W","AWK":"0206","BEZ":"02","BWK":"83"}},
{"type":"Feature","geometry":{"type":"Polygon","coordinates":[[[13.4518,52.51073],[13.45183,52.51072],[13.45524,52.51009],[13.45619,52.50991],[13.45664,52.51084],[13.45705,52.51171],[13.4526,52.51246],[13.4518,52.51073]]]},"properties":{"UWB":"02622","UWB3":"622","BWB":"026X","BWB3":"6X","AWK":"0206","BEZ":"02","BWK":"83"}},
{"type":"Feature","geometry":{"type":"Polygon","coordinates":[[[13.46058,52.51019],[13.45664,52.51084],[13.45619,52.50991],[13.45999,52.50899],[13.46058,52.51019]]]},"properties":{"UWB":"02623","UWB3":"623","BWB":"026Y","BWB3":"6Y","AWK":"0206","BEZ":"02","BWK":"83"}},
{"type":"Feature","geometry":{"type":"Polygon","coordinates":[[[13.45091,52.50875],[13.45088,52.5086],[13.4526,52.50828],[13.45524,52.51009],[13.45183,52.51072],[13.45091,52.50875]]]},"properties":{"UWB":"02624","UWB3":"624","BWB":"026Z","BWB3":"6Z","AWK":"0206","BEZ":"02","BWK":"83"}},
{"type":"Feature","geometry":{"type":"Polygon","coordinates":[[[13.45524,52.51009],[13.4526,52.50828],[13.45515,52.50781],[13.45619,52.50991],[13.45524,52.51009]]]},"properties":{"UWB":"02625","UWB3":"625","BWB":"026AA","BWB3":"6AA","AWK":"0206","BEZ":"02","BWK":"83"}},
{"type":"Feature","geometry":{"type":"Polygon","coordinates":[[[13.45003,52.50728],[13.45755,52.50585],[13.45865,52.50625],[13.45954,52.50805],[13.45999,52.50899],[13.45619,52.50991],[13.45515,52.50781],[13.4526,52.50828],[13.45088,52.5086],[13.45003,52.50728]]]},"properties":{"UWB":"02626","UWB3":"626","BWB":"026AA","BWB3":"6AA","AWK":"0206","BEZ":"02","BWK":"83"}},
{"type":"Feature","geometry":{"type":"Polygon","coordinates":[[[13.44894,52.50554],[13.44898,52.50425],[13.45455,52.50292],[13.45327,52.50096],[13.45541,52.50035],[13.45682,52.50244],[13.4579,52.50467],[13.45865,52.50625],[13.45755,52.50585],[13.45003,52.50728],[13.44894,52.50554]]]},"properties":{"UWB":"02627","UWB3":"627","BWB":"026G","BWB3":"6G","AWK":"0206","BEZ":"02","BWK":"83"}},
{"type":"Feature","geometry":{"type":"Polygon","coordinates":[[[13.45335,52.49752],[13.45423,52.49752],[13.45623,52.49994],[13.45541,52.50035],[13.45327,52.50096],[13.45455,52.50292],[13.44898,52.50425],[13.44894,52.50554],[13.4468,52.5027],[13.44495,52.50123],[13.44515,52.50113],[13.45146,52.49892],[13.45335,52.49752]]]},"properties":{"UWB":"02628","UWB3":"628","BWB":"026AB","BWB3":"6AB","AWK":"0206","BEZ":"02","BWK":"83"}},
{"type":"Feature","geometry":{"type":"Polygon","coordinates":[[[13.50663,52.64796],[13.50464,52.64889],[13.49758,52.64448],[13.49654,52.64509],[13.49302,52.64363],[13.48531,52.64857],[13.48488,52.64861],[13.47954,52.64372],[13.48426,52.64261],[13.49129,52.63767],[13.49656,52.6414],[13.50663,52.64796]]]},"properties":{"UWB":"03100","UWB3":"100","BWB":"031A","BWB3":"1A","AWK":"0301","BEZ":"03","BWK":"76"}},
{"type":"Feature","geometry":{"type":"Polygon","coordinates":[[[13.50663,52.64796],[13.5072,52.64834],[13.49076,52.6548],[13.48536,52.65942],[13.48842,52.67079],[13.48522,52.66964],[13.47797,52.66768],[13.4757,52.6675],[13.47453,52.66822],[13.47647,52.67136],[13.47985,52.67472],[13.47727,52.6739],[13.47552,52.67502],[13.46593,52.66712],[13.45955,52.66897],[13.4555,52.66575],[13.45078,52.66266],[13.45394,52.66185],[13.46238,52.65754],[13.47351,52.65653],[13.47406,52.65433],[13.46997,52.65186],[13.46707,52.65165],[13.46306,52.64992],[13.46212,52.64885],[13.45973,52.64808],[13.45208,52.6487],[13.4521,52.64967],[13.44749,52.65002],[13.44277,52.64912],[13.44082,52.64926],[13.43979,52.64527],[13.43401,52.64428],[13.43339,52.64148],[13.43401,52.63895],[13.44128,52.63559],[13.44934,52.6328],[13.45894,52.63044],[13.466,52.62928],[13.47487,52.62817],[13.47874,52.62743],[13.48348,52.62585],[13.48368,52.62594],[13.48959,52.63079],[13.49003,52.63142],[13.48848,52.6313],[13.49127,52.63462],[13.49226,52.63442],[13.49461,52.63575],[13.49255,52.63678],[13.49129,52.63767],[13.48426,52.64261],[13.47954,52.64372],[13.48488,52.64861],[13.48531,52.64857],[13.49302,52.64363],[13.49654,52.64509],[13.49758,52.64448],[13.50464,52.64889],[13.50663,52.64796]]]},"properties":{"UWB":"03101","UWB3":"101","BWB":"031A","BWB3":"1A","AWK":"0301","BEZ":"03","BWK":"76"}},
{"type":"Feature","geometry":{"type":"Polygon","coordinates":[[[13.49129,52.63767],[13.49255,52.63678],[13.49533,52.6388],[13.49817,52.64033],[13.49958,52.63972],[13.50311,52.63653],[13.50547,52.63694],[13.51868,52.63802],[13.52174,52.63873],[13.52244,52.64076],[13.52302,52.64503],[13.52039,52.64487],[13.51927,52.64694],[13.51283,52.6454],[13.5072,52.64834],[13.50663,52.64796],[13.49656,52.6414],[13.49129,52.63767]]]},"properties":{"UWB":"03102","UWB3":"102","BWB":"031B","BWB3":"1B","AWK":"0301","BEZ":"03","BWK":"76"}},
{"type":"Feature","geometry":{"type":"Polygon","coordinates":[[[13.49461,52.63575],[13.49661,52.63471],[13.50035,52.6328],[13.49931,52.63064],[13.50217,52.63003],[13.50451,52.62901],[13.5067,52.62877],[13.50785,52.62658],[13.51139,52.62779],[13.51782,52.62956],[13.51845,52.63166],[13.52174,52.63873],[13.51868,52.63802],[13.50547,52.63694],[13.50311,52.63653],[13.49958,52.63972],[13.49817,52.64033],[13.49533,52.6388],[13.49255,52.63678],[13.49461,52.63575]]]},"properties":{"UWB":"03103","UWB3":"103","BWB":"031C","BWB3":"1C","AWK":"0301","BEZ":"03","BWK":"76"}},
{"type":"Feature","geometry":{"type":"Polygon","coordinates":[[[13.49661,52.63471],[13.49437,52.63334],[13.49817,52.63204],[13.49729,52.63031],[13.49858,52.62931],[13.503,52.62821],[13.50451,52.62901],[13.50217,52.63003],[13.49931,52.63064],[13.50035,52.6328],[13.49661,52.63471]]]},"properties":{"UWB":"03104","UWB3":"104","BWB":"031D","BWB3":"1D","AWK":"0301","BEZ":"03","BWK":"76"}},
{"type":"Feature","geometry":{"type":"Polygon","coordinates":[[[13.49003,52.63142],[13.49169,52.63227],[13.49308,52.63148],[13.49729,52.63031],[13.49817,52.63204],[13.49437,52.63334],[13.49661,52.63471],[13.49461,52.63575],[13.49226,52.63442],[13.49127,52.63462],[13.48848,52.6313],[13.49003,52.63142]]]},"properties":{"UWB":"03105","UWB3":"105","BWB":"031D","BWB3":"1D","AWK":"0301","BEZ":"03","BWK":"76"}},
{"type":"Feature","geometry":{"type":"Polygon","coordinates":[[[13.48368,52.62594],[13.48772,52.62431],[13.4922,52.623],[13.49319,52.62379],[13.48797,52.62656],[13.49057,52.6289],[13.49411,52.62743],[13.49799,52.6283],[13.49858,52.62931],[13.49729,52.63031],[13.49308,52.63148],[13.49169,52.63227],[13.49003,52.63142],[13.48959,52.63079],[13.48368,52.62594]]]},"properties":{"UWB":"03106","UWB3":"106","BWB":"031E","BWB3":"1E","AWK":"0301","BEZ":"03","BWK":"76"}},
{"type":"Feature","geometry":{"type":"Polygon","coordinates":[[[13.49319,52.62379],[13.49734,52.6274],[13.49799,52.6283],[13.49411,52.62743],[13.49057,52.6289],[13.48797,52.62656],[13.49319,52.62379]]]},"properties":{"UWB":"03107","UWB3":"107","BWB":"031E","BWB3":"1E","AWK":"0301","BEZ":"03","BWK":"76"}},
{"type":"Feature","geometry":{"type":"Polygon","coordinates":[[[13.50451,52.62901],[13.503,52.62821],[13.49858,52.62931],[13.49799,52.6283],[13.49734,52.6274],[13.49319,52.62379],[13.4922,52.623],[13.50544,52.61972],[13.50585,52.62575],[13.50785,52.62658],[13.5067,52.62877],[13.50451,52.62901]]]},"properties":{"UWB":"03108","UWB3":"108","BWB":"031C","BWB3":"1C","AWK":"0301","BEZ":"03","BWK":"76"}},
{"type":"Feature","geometry":{"type":"Polygon","coordinates":[[[13.4922,52.623],[13.48772,52.61811],[13.48587,52.61597],[13.48763,52.6153],[13.48851,52.61626],[13.49109,52.6166],[13.49635,52.61427],[13.49896,52.61313],[13.49775,52.61102],[13.49849,52.6107],[13.50331,52.61899],[13.50544,52.61972],[13.4922,52.623]]]},"properties":{"UWB":"03109","UWB3":"109","BWB":"031G","BWB3":"1G","AWK":"0301","BEZ":"03","BWK":"76"}},
{"type":"Feature","geometry":{"type":"Polygon","coordinates":[[[13.48851,52.61626],[13.49154,52.61502],[13.49047,52.61408],[13.49437,52.61242],[13.49635,52.61427],[13.49109,52.6166],[13.48851,52.61626]]]},"properties":{"UWB":"03110","UWB3":"110","BWB":"031G","BWB3":"1G","AWK":"0301","BEZ":"03","BWK":"76"}},
{"type":"Feature","geometry":{"type":"Polygon","coordinates":[[[13.49635,52.61427],[13.49437,52.61242],[13.49047,52.61408],[13.48753,52.6108],[13.49712,52.6067],[13.49849,52.6107],[13.49775,52.61102],[13.49896,52.61313],[13.49635,52.61427]]]},"properties":{"UWB":"03111","UWB3":"111","BWB":"031I","BWB3":"1I","AWK":"0301","BEZ":"03","BWK":"76"}},
{"type":"Feature","geometry":{"type":"Polygon","coordinates":[[[13.48587,52.61597],[13.48302,52.6172],[13.48024,52.61367],[13.47963,52.61252],[13.4828,52.61156],[13.48128,52.60933],[13.4789,52.6075],[13.48862,52.60341],[13.48986,52.60218],[13.48781,52.60173],[13.4831,52.60372],[13.4815,52.60308],[13.48162,52.59956],[13.48545,52.60052],[13.49376,52.60227],[13.49666,52.60503],[13.49712,52.6067],[13.48753,52.6108],[13.49047,52.61408],[13.49154,52.61502],[13.48851,52.61626],[13.48763,52.6153],[13.48587,52.61597]]]},"properties":{"UWB":"03112","UWB3":"112","BWB":"031I","BWB3":"1I","AWK":"0301","BEZ":"03","BWK":"76"}},
{"type":"Feature","geometry":{"type":"Polygon","coordinates":[[[13.4789,52.6075],[13.46986,52.60067],[13.46928,52.59978],[13.47024,52.59908],[13.47337,52.59854],[13.47625,52.59855],[13.48162,52.59956],[13.4815,52.60308],[13.4831,52.60372],[13.48781,52.60173],[13.48986,52.60218],[13.48862,52.60341],[13.4789,52.6075]]]},"properties":{"UWB":"03113","UWB3":"113","BWB":"031K","BWB3":"1K","AWK":"0301","BEZ":"03","BWK":"76"}},
{"type":"Feature","geometry":{"type":"Polygon","coordinates":[[[13.48128,52.60933],[13.47941,52.60986],[13.47586,52.6097],[13.46675,52.61073],[13.4651,52.6092],[13.46473,52.60809],[13.46252,52.60628],[13.46342,52.6046],[13.46928,52.59978],[13.46986,52.60067],[13.4789,52.6075],[13.48128,52.60933]]]},"properties":{"UWB":"03114","UWB3":"114","BWB":"031K","BWB3":"1K","AWK":"0301","BEZ":"03","BWK":"76"}},
{"type":"Feature","geometry":{"type":"Polygon","coordinates":[[[13.48772,52.61811],[13.48709,52.61871],[13.4837,52.6199],[13.48154,52.61785],[13.47986,52.61894],[13.48105,52.61985],[13.47916,52.62126],[13.47824,52.62194],[13.47297,52.61695],[13.48024,52.61367],[13.48302,52.6172],[13.48587,52.61597],[13.48772,52.61811]]]},"properties":{"UWB":"03115","UWB3":"115","BWB":"031H","BWB3":"1H","AWK":"0301","BEZ":"03","BWK":"76"}},
{"type":"Feature","geometry":{"type":"Polygon","coordinates":[[[13.48709,52.61871],[13.48563,52.62111],[13.48773,52.62052],[13.48867,52.62149],[13.4864,52.62244],[13.48532,52.62151],[13.48287,52.62254],[13.47916,52.62126],[13.48105,52.61985],[13.47986,52.61894],[13.48154,52.61785],[13.4837,52.6199],[13.48709,52.61871]]]},"properties":{"UWB":"03116","UWB3":"116","BWB":"031F","BWB3":"1F","AWK":"0301","BEZ":"03","BWK":"76"}},
{"type":"Feature","geometry":{"type":"Polygon","coordinates":[[[13.48348,52.62585],[13.4812,52.62552],[13.47769,52.62235],[13.47824,52.62194],[13.47916,52.62126],[13.48287,52.62254],[13.48532,52.62151],[13.4864,52.62244],[13.48867,52.62149],[13.48773,52.62052],[13.48563,52.62111],[13.48709,52.61871],[13.48772,52.61811],[13.4922,52.623],[13.48772,52.62431],[13.48368,52.62594],[13.48348,52.62585]]]},"properties":{"UWB":"03117","UWB3":"117","BWB":"031F","BWB3":"1F","AWK":"0301","BEZ":"03","BWK":"76"}},
{"type":"Feature","geometry":{"type":"Polygon","coordinates":[[[13.46675,52.61073],[13.4645,52.61112],[13.46629,52.61253],[13.47154,52.61743],[13.47297,52.61695],[13.47824,52.62194],[13.47769,52.62235],[13.4812,52.62552],[13.47938,52.62555],[13.47395,52.62417],[13.46997,52.62252],[13.46549,52.61905],[13.45809,52.61541],[13.45295,52.6123],[13.4631,52.60463],[13.46342,52.6046],[13.46252,52.60628],[13.46473,52.60809],[13.4651,52.6092],[13.46675,52.61073]]]},"properties":{"UWB":"03118","UWB3":"118","BWB":"031H","BWB3":"1H","AWK":"0301","BEZ":"03","BWK":"76"}},
{"type":"Feature","geometry":{"type":"Polygon","coordinates":[[[13.44128,52.63559],[13.43315,52.62671],[13.43016,52.62384],[13.42944,52.62265],[13.42995,52.62082],[13.42396,52.62383],[13.41842,52.61915],[13.42552,52.6157],[13.42416,52.61451],[13.43085,52.61126],[13.42995,52.60861],[13.42983,52.60848],[13.43362,52.60765],[13.43407,52.61118],[13.43355,52.61252],[13.43551,52.61337],[13.44205,52.61428],[13.44419,52.61506],[13.4473,52.61253],[13.44973,52.60808],[13.45134,52.61071],[13.45295,52.6123],[13.45809,52.61541],[13.46549,52.61905],[13.46997,52.62252],[13.47395,52.62417],[13.47938,52.62555],[13.4812,52.62552],[13.48348,52.62585],[13.47874,52.62743],[13.47487,52.62817],[13.466,52.62928],[13.45894,52.63044],[13.44934,52.6328],[13.44128,52.63559]]]},"properties":{"UWB":"03119","UWB3":"119","BWB":"031L","BWB3":"1L","AWK":"0301","BEZ":"03","BWK":"76"}},
{"type":"Feature","geometry":{"type":"Polygon","coordinates":[[[13.43117,52.60228],[13.42862,52.5995],[13.42182,52.60027],[13.41669,52.60061],[13.41876,52.59959],[13.428,52.5986],[13.43025,52.59786],[13.43283,52.59616],[13.43667,52.59254],[13.43793,52.59304],[13.43709,52.59438],[13.43862,52.59473],[13.44017,52.59641],[13.44186,52.59944],[13.4395,52.60061],[13.43304,52.59924],[13.43117,52.60228]]]},"properties":{"UWB":"03120","UWB3":"120","BWB":"031N","BWB3":"1N","AWK":"0301","BEZ":"03","BWK":"76"}},
{"type":"Feature","geometry":{"type":"Polygon","coordinates":[[[13.41669,52.60061],[13.41678,52.60006],[13.4169,52.5997],[13.41923,52.59761],[13.4307,52.59364],[13.43463,52.5915],[13.43468,52.59013],[13.43616,52.5874],[13.44186,52.59247],[13.44435,52.5951],[13.44179,52.59318],[13.43865,52.59197],[13.43667,52.59254],[13.43283,52.59616],[13.43025,52.59786],[13.428,52.5986],[13.41876,52.59959],[13.41669,52.60061]]]},"properties":{"UWB":"03121","UWB3":"121","BWB":"031N","BWB3":"1N","AWK":"0301","BEZ":"03","BWK":"76"}},
{"type":"Feature","geometry":{"type":"Polygon","coordinates":[[[13.42983,52.60848],[13.42652,52.60768],[13.42792,52.60687],[13.42762,52.60592],[13.42643,52.6032],[13.42333,52.60468],[13.42182,52.60027],[13.42862,52.5995],[13.43117,52.60228],[13.43349,52.60666],[13.43362,52.60765],[13.42983,52.60848]]]},"properties":{"UWB":"03122","UWB3":"122","BWB":"031M","BWB3":"1M","AWK":"0301","BEZ":"03","BWK":"76"}},
{"type":"Feature","geometry":{"type":"Polygon","coordinates":[[[13.41842,52.61915],[13.41704,52.61798],[13.41198,52.61489],[13.41268,52.61205],[13.41585,52.61046],[13.41928,52.61229],[13.42411,52.61],[13.42695,52.61001],[13.42995,52.60861],[13.43085,52.61126],[13.42416,52.61451],[13.42552,52.6157],[13.41842,52.61915]]]},"properties":{"UWB":"03123","UWB3":"123","BWB":"031L","BWB3":"1L","AWK":"0301","BEZ":"03","BWK":"76"}},
{"type":"Feature","geometry":{"type":"Polygon","coordinates":[[[13.48024,52.61367],[13.47297,52.61695],[13.47154,52.61743],[13.46629,52.61253],[13.4645,52.61112],[13.46675,52.61073],[13.47586,52.6097],[13.47941,52.60986],[13.48128,52.60933],[13.4828,52.61156],[13.47963,52.61252],[13.48024,52.61367]]]},"properties":{"UWB":"03124","UWB3":"124","BWB":"031H","BWB3":"1H","AWK":"0301","BEZ":"03","BWK":"76"}},
{"type":"Feature","geometry":{"type":"Polygon","coordinates":[[[13.43362,52.60765],[13.43349,52.60666],[13.43996,52.60572],[13.4432,52.60481],[13.44307,52.60329],[13.44578,52.60084],[13.44719,52.60055],[13.44969,52.6065],[13.44973,52.60808],[13.4473,52.61253],[13.44419,52.61506],[13.44205,52.61428],[13.43551,52.61337],[13.43355,52.61252],[13.43407,52.61118],[13.43362,52.60765]]]},"properties":{"UWB":"03125","UWB3":"125","BWB":"031M","BWB3":"1M","AWK":"0301","BEZ":"03","BWK":"76"}},
{"type":"Feature","geometry":{"type":"Polygon","coordinates":[[[13.43667,52.59254],[13.43865,52.59197],[13.44179,52.59318],[13.44435,52.5951],[13.44535,52.59669],[13.44719,52.60055],[13.44578,52.60084],[13.44307,52.60329],[13.4432,52.60481],[13.43996,52.60572],[13.43349,52.60666],[13.43117,52.60228],[13.43304,52.59924],[13.4395,52.60061],[13.44186,52.59944],[13.44017,52.59641],[13.43862,52.59473],[13.43709,52.59438],[13.43793,52.59304],[13.43667,52.59254]]]},"properties":{"UWB":"03126","UWB3":"126","BWB":"031N","BWB3":"1N","AWK":"0301","BEZ":"03","BWK":"76"}},
{"type":"Feature","geometry":{"type":"Polygon","coordinates":[[[13.38835,52.59128],[13.39034,52.59581],[13.38448,52.59778],[13.37832,52.60036],[13.37458,52.59612],[13.37279,52.59332],[13.37956,52.59548],[13.3817,52.59389],[13.38453,52.595],[13.38649,52.59123],[13.38835,52.59128]]]},"properties":{"UWB":"03200","UWB3":"200","BWB":"032D","BWB3":"2D","AWK":"0302","BEZ":"03","BWK":"76"}},
{"type":"Feature","geometry":{"type":"Polygon","coordinates":[[[13.39791,52.64829],[13.39639,52.64742],[13.39456,52.64755],[13.39209,52.64482],[13.39226,52.64381],[13.38969,52.64122],[13.39037,52.63981],[13.38921,52.63767],[13.38424,52.63627],[13.38286,52.63522],[13.37871,52.63435],[13.37679,52.63292],[13.37596,52.63164],[13.37702,52.62934],[13.37457,52.62777],[13.37148,52.62716],[13.36951,52.62601],[13.36693,52.62535],[13.36974,52.62196],[13.37463,52.6239],[13.37864,52.62515],[13.38277,52.62978],[13.38638,52.62332],[13.38892,52.62072],[13.3902,52.62012],[13.39381,52.62085],[13.39892,52.62302],[13.40029,52.62794],[13.40091,52.63176],[13.40092,52.63812],[13.39988,52.64108],[13.39803,52.64459],[13.39648,52.6465],[13.39791,52.64829]]]},"properties":{"UWB":"03201","UWB3":"201","BWB":"032A","BWB3":"2A","AWK":"0302","BEZ":"03","BWK":"76"}},
{"type":"Feature","geometry":{"type":"Polygon","coordinates":[[[13.43401,52.63895],[13.43426,52.63795],[13.43272,52.63738],[13.42763,52.63751],[13.42438,52.63557],[13.41655,52.63943],[13.41426,52.64124],[13.41229,52.64348],[13.40788,52.64269],[13.40659,52.64385],[13.40389,52.64486],[13.39791,52.64829],[13.39648,52.6465],[13.39803,52.64459],[13.39988,52.64108],[13.40092,52.63812],[13.40091,52.63176],[13.40029,52.62794],[13.39892,52.62302],[13.39381,52.62085],[13.3902,52.62012],[13.38892,52.62072],[13.38638,52.62332],[13.38277,52.62978],[13.37864,52.62515],[13.37463,52.6239],[13.36974,52.62196],[13.37155,52.61969],[13.37522,52.61423],[13.37628,52.61113],[13.37621,52.60774],[13.37579,52.60702],[13.38379,52.60482],[13.38535,52.60435],[13.391,52.60346],[13.4024,52.60232],[13.4046,52.60299],[13.41507,52.60509],[13.41423,52.60734],[13.41422,52.60902],[13.41585,52.61046],[13.41268,52.61205],[13.41198,52.61489],[13.41704,52.61798],[13.41842,52.61915],[13.42396,52.62383],[13.42995,52.62082],[13.42944,52.62265],[13.43016,52.62384],[13.43315,52.62671],[13.44128,52.63559],[13.43401,52.63895]]]},"properties":{"UWB":"03202","UWB3":"202","BWB":"032A","BWB3":"2A","AWK":"0302","BEZ":"03","BWK":"76"}},
{"type":"Feature","geometry":{"type":"Polygon","coordinates":[[[13.42995,52.60861],[13.42695,52.61001],[13.42411,52.61],[13.41928,52.61229],[13.41585,52.61046],[13.41422,52.60902],[13.41648,52.60795],[13.41897,52.6101],[13.42472,52.60733],[13.42762,52.60592],[13.42792,52.60687],[13.42652,52.60768],[13.42983,52.60848],[13.42995,52.60861]]]},"properties":{"UWB":"03203","UWB3":"203","BWB":"032B","BWB3":"2B","AWK":"0302","BEZ":"03","BWK":"76"}},
{"type":"Feature","geometry":{"type":"Polygon","coordinates":[[[13.42762,52.60592],[13.42472,52.60733],[13.42037,52.60737],[13.4201,52.60622],[13.42262,52.60501],[13.42333,52.60468],[13.42643,52.6032],[13.42762,52.60592]]]},"properties":{"UWB":"03204","UWB3":"204","BWB":"032C","BWB3":"2C","AWK":"0302","BEZ":"03","BWK":"76"}},
{"type":"Feature","geometry":{"type":"Polygon","coordinates":[[[13.42182,52.60027],[13.42333,52.60468],[13.42262,52.60501],[13.42107,52.60454],[13.41851,52.60581],[13.41507,52.60509],[13.4046,52.60299],[13.4024,52.60232],[13.40816,52.60182],[13.41486,52.60078],[13.41678,52.60006],[13.41669,52.60061],[13.42182,52.60027]]]},"properties":{"UWB":"03205","UWB3":"205","BWB":"032C","BWB3":"2C","AWK":"0302","BEZ":"03","BWK":"76"}},
{"type":"Feature","geometry":{"type":"Polygon","coordinates":[[[13.38448,52.59778],[13.38544,52.59894],[13.38326,52.59992],[13.38412,52.60308],[13.38269,52.60365],[13.38379,52.60482],[13.37579,52.60702],[13.37544,52.60653],[13.37106,52.60011],[13.3679,52.5973],[13.36365,52.59375],[13.36065,52.59127],[13.36601,52.59231],[13.36509,52.59009],[13.36712,52.59019],[13.36988,52.58936],[13.37326,52.58843],[13.37141,52.59077],[13.37279,52.59332],[13.37458,52.59612],[13.37832,52.60036],[13.38448,52.59778]]]},"properties":{"UWB":"03206","UWB3":"206","BWB":"032D","BWB3":"2D","AWK":"0302","BEZ":"03","BWK":"76"}},
{"type":"Feature","geometry":{"type":"Polygon","coordinates":[[[13.37279,52.59332],[13.37141,52.59077],[13.38649,52.59123],[13.38453,52.595],[13.3817,52.59389],[13.37956,52.59548],[13.37279,52.59332]]]},"properties":{"UWB":"03207","UWB3":"207","BWB":"032F","BWB3":"2F","AWK":"0302","BEZ":"03","BWK":"76"}},
{"type":"Feature","geometry":{"type":"Polygon","coordinates":[[[13.36988,52.58936],[13.36817,52.58721],[13.36399,52.58759],[13.36337,52.58615],[13.36542,52.58594],[13.3675,52.58637],[13.3702,52.58558],[13.37461,52.58537],[13.37326,52.58843],[13.36988,52.58936]]]},"properties":{"UWB":"03208","UWB3":"208","BWB":"032L","BWB3":"2L","AWK":"0302","BEZ":"03","BWK":"76"}},
{"type":"Feature","geometry":{"type":"Polygon","coordinates":[[[13.36399,52.58759],[13.3595,52.58755],[13.35955,52.58545],[13.35806,52.58434],[13.36379,52.58128],[13.3663,52.58488],[13.36542,52.58594],[13.36337,52.58615],[13.36399,52.58759]]]},"properties":{"UWB":"03209","UWB3":"209","BWB":"032K","BWB3":"2K","AWK":"0302","BEZ":"03","BWK":"76"}},
{"type":"Feature","geometry":{"type":"Polygon","coordinates":[[[13.37569,52.58121],[13.38027,52.58302],[13.37836,52.58485],[13.37734,52.58511],[13.37459,52.58425],[13.37186,52.5834],[13.3689,52.58326],[13.36629,52.58003],[13.37227,52.57681],[13.37637,52.57486],[13.38014,52.57243],[13.38308,52.57233],[13.38374,52.57273],[13.3822,52.57336],[13.37641,52.57819],[13.37569,52.58121]]]},"properties":{"UWB":"03210","UWB3":"210","BWB":"032M","BWB3":"2M","AWK":"0302","BEZ":"03","BWK":"76"}},
{"type":"Feature","geometry":{"type":"Polygon","coordinates":[[[13.38649,52.59123],[13.37141,52.59077],[13.37326,52.58843],[13.37461,52.58537],[13.37459,52.58425],[13.37734,52.58511],[13.37707,52.58553],[13.38545,52.58813],[13.38764,52.58601],[13.38966,52.58612],[13.38815,52.58884],[13.39071,52.58928],[13.39043,52.59135],[13.38835,52.59128],[13.38649,52.59123]]]},"properties":{"UWB":"03211","UWB3":"211","BWB":"032F","BWB3":"2F","AWK":"0302","BEZ":"03","BWK":"76"}},
{"type":"Feature","geometry":{"type":"Polygon","coordinates":[[[13.38966,52.58612],[13.39176,52.58297],[13.39404,52.58339],[13.39188,52.58544],[13.39754,52.58601],[13.39676,52.58773],[13.39662,52.59021],[13.39071,52.58928],[13.38815,52.58884],[13.38966,52.58612]]]},"properties":{"UWB":"03212","UWB3":"212","BWB":"032G","BWB3":"2G","AWK":"0302","BEZ":"03","BWK":"76"}},
{"type":"Feature","geometry":{"type":"Polygon","coordinates":[[[13.39176,52.58297],[13.39255,52.58216],[13.39445,52.5813],[13.39595,52.5824],[13.39947,52.58117],[13.40048,52.58041],[13.40386,52.58094],[13.40423,52.58149],[13.40264,52.58548],[13.40262,52.5856],[13.39805,52.58487],[13.39754,52.58601],[13.39188,52.58544],[13.39404,52.58339],[13.39176,52.58297]]]},"properties":{"UWB":"03213","UWB3":"213","BWB":"032H","BWB3":"2H","AWK":"0302","BEZ":"03","BWK":"76"}},
{"type":"Feature","geometry":{"type":"Polygon","coordinates":[[[13.39754,52.58601],[13.39805,52.58487],[13.40262,52.5856],[13.40175,52.58733],[13.40169,52.59007],[13.40049,52.59088],[13.39662,52.59021],[13.39676,52.58773],[13.39754,52.58601]]]},"properties":{"UWB":"03214","UWB3":"214","BWB":"032H","BWB3":"2H","AWK":"0302","BEZ":"03","BWK":"76"}},
{"type":"Feature","geometry":{"type":"Polygon","coordinates":[[[13.41678,52.60006],[13.41486,52.60078],[13.40816,52.60182],[13.4024,52.60232],[13.391,52.60346],[13.38535,52.60435],[13.38379,52.60482],[13.38269,52.60365],[13.38412,52.60308],[13.38326,52.59992],[13.38544,52.59894],[13.38448,52.59778],[13.39034,52.59581],[13.38835,52.59128],[13.39043,52.59135],[13.39294,52.59144],[13.39845,52.59241],[13.39624,52.59396],[13.39336,52.59503],[13.40294,52.59683],[13.4169,52.5997],[13.41678,52.60006]]]},"properties":{"UWB":"03215","UWB3":"215","BWB":"032E","BWB3":"2E","AWK":"0302","BEZ":"03","BWK":"76"}},
{"type":"Feature","geometry":{"type":"Polygon","coordinates":[[[13.40264,52.58548],[13.40705,52.58643],[13.4063,52.58828],[13.40533,52.59068],[13.40169,52.59007],[13.40175,52.58733],[13.40262,52.5856],[13.40264,52.58548]]]},"properties":{"UWB":"03216","UWB3":"216","BWB":"032I","BWB3":"2I","AWK":"0302","BEZ":"03","BWK":"76"}},
{"type":"Feature","geometry":{"type":"Polygon","coordinates":[[[13.40705,52.58643],[13.4125,52.5877],[13.41615,52.5904],[13.421,52.59218],[13.42447,52.59417],[13.42095,52.59574],[13.41935,52.59458],[13.40821,52.59244],[13.4095,52.58924],[13.4063,52.58828],[13.40705,52.58643]]]},"properties":{"UWB":"03217","UWB3":"217","BWB":"032I","BWB3":"2I","AWK":"0302","BEZ":"03","BWK":"76"}},
{"type":"Feature","geometry":{"type":"Polygon","coordinates":[[[13.4169,52.5997],[13.40294,52.59683],[13.40308,52.59415],[13.40169,52.59007],[13.40533,52.59068],[13.4063,52.58828],[13.4095,52.58924],[13.40821,52.59244],[13.41935,52.59458],[13.42095,52.59574],[13.41923,52.59761],[13.4169,52.5997]]]},"properties":{"UWB":"03218","UWB3":"218","BWB":"032E","BWB3":"2E","AWK":"0302","BEZ":"03","BWK":"76"}},
{"type":"Feature","geometry":{"type":"Polygon","coordinates":[[[13.36065,52.59127],[13.35832,52.59104],[13.35019,52.5906],[13.34756,52.59008],[13.35806,52.58434],[13.35955,52.58545],[13.3595,52.58755],[13.36399,52.58759],[13.36817,52.58721],[13.36988,52.58936],[13.36712,52.59019],[13.36509,52.59009],[13.36601,52.59231],[13.36065,52.59127]]]},"properties":{"UWB":"03219","UWB3":"219","BWB":"032K","BWB3":"2K","AWK":"0302","BEZ":"03","BWK":"76"}},
{"type":"Feature","geometry":{"type":"Polygon","coordinates":[[[13.38374,52.57273],[13.38957,52.57428],[13.39228,52.57546],[13.39573,52.5784],[13.3983,52.57924],[13.40048,52.58041],[13.39947,52.58117],[13.39595,52.5824],[13.39445,52.5813],[13.39255,52.58216],[13.38667,52.58132],[13.38585,52.58219],[13.38099,52.5806],[13.38048,52.57991],[13.37569,52.58121],[13.37641,52.57819],[13.3822,52.57336],[13.38374,52.57273]]]},"properties":{"UWB":"03220","UWB3":"220","BWB":"032N","BWB3":"2N","AWK":"0302","BEZ":"03","BWK":"76"}},
{"type":"Feature","geometry":{"type":"Polygon","coordinates":[[[13.37569,52.58121],[13.38048,52.57991],[13.38099,52.5806],[13.38585,52.58219],[13.38667,52.58132],[13.39255,52.58216],[13.39176,52.58297],[13.38966,52.58612],[13.38764,52.58601],[13.38545,52.58813],[13.37707,52.58553],[13.37734,52.58511],[13.37836,52.58485],[13.38027,52.58302],[13.37569,52.58121]]]},"properties":{"UWB":"03221","UWB3":"221","BWB":"032M","BWB3":"2M","AWK":"0302","BEZ":"03","BWK":"76"}},
{"type":"Feature","geometry":{"type":"Polygon","coordinates":[[[13.41507,52.60509],[13.41851,52.60581],[13.42107,52.60454],[13.42262,52.60501],[13.4201,52.60622],[13.42037,52.60737],[13.42472,52.60733],[13.41897,52.6101],[13.41648,52.60795],[13.41422,52.60902],[13.41423,52.60734],[13.41507,52.60509]]]},"properties":{"UWB":"03222","UWB3":"222","BWB":"032B","BWB3":"2B","AWK":"0302","BEZ":"03","BWK":"76"}},
{"type":"Feature","geometry":{"type":"Polygon","coordinates":[[[13.39071,52.58928],[13.39662,52.59021],[13.40049,52.59088],[13.40169,52.59007],[13.40308,52.59415],[13.40294,52.59683],[13.39336,52.59503],[13.39624,52.59396],[13.39845,52.59241],[13.39294,52.59144],[13.39043,52.59135],[13.39071,52.58928]]]},"properties":{"UWB":"03223","UWB3":"223","BWB":"032G","BWB3":"2G","AWK":"0302","BEZ":"03","BWK":"76"}},
{"type":"Feature","geometry":{"type":"Polygon","coordinates":[[[13.36542,52.58594],[13.3663,52.58488],[13.36379,52.58128],[13.36629,52.58003],[13.3689,52.58326],[13.37186,52.5834],[13.37459,52.58425],[13.37461,52.58537],[13.3702,52.58558],[13.3675,52.58637],[13.36542,52.58594]]]},"properties":{"UWB":"03224","UWB3":"224","BWB":"032L","BWB3":"2L","AWK":"0302","BEZ":"03","BWK":"76"}},
{"type":"Feature","geometry":{"type":"Polygon","coordinates":[[[13.41923,52.59761],[13.42095,52.59574],[13.42447,52.59417],[13.421,52.59218],[13.42292,52.58996],[13.42631,52.59161],[13.42945,52.5886],[13.42953,52.58657],[13.42859,52.58307],[13.42864,52.58275],[13.43125,52.58273],[13.43612,52.58724],[13.43616,52.5874],[13.43468,52.59013],[13.43463,52.5915],[13.4307,52.59364],[13.41923,52.59761]]]},"properties":{"UWB":"03300","UWB3":"300","BWB":"033A","BWB3":"3A","AWK":"0303","BEZ":"03","BWK":"76"}},
{"type":"Feature","geometry":{"type":"Polygon","coordinates":[[[13.4125,52.5877],[13.40952,52.58529],[13.40974,52.58475],[13.41262,52.58562],[13.41451,52.58313],[13.41767,52.58409],[13.42354,52.58586],[13.42711,52.58737],[13.42953,52.58657],[13.42945,52.5886],[13.42631,52.59161],[13.42292,52.58996],[13.421,52.59218],[13.41615,52.5904],[13.4125,52.5877]]]},"properties":{"UWB":"03301","UWB3":"301","BWB":"033A","BWB3":"3A","AWK":"0303","BEZ":"03","BWK":"76"}},
{"type":"Feature","geometry":{"type":"Polygon","coordinates":[[[13.42864,52.58275],[13.42869,52.5824],[13.42876,52.58163],[13.4228,52.57997],[13.42312,52.5789],[13.42589,52.5764],[13.42741,52.57678],[13.42928,52.57839],[13.42977,52.57617],[13.43385,52.57881],[13.43341,52.58089],[13.43388,52.58203],[13.43125,52.58273],[13.42864,52.58275]]]},"properties":{"UWB":"03302","UWB3":"302","BWB":"033E","BWB3":"3E","AWK":"0303","BEZ":"03","BWK":"76"}},
{"type":"Feature","geometry":{"type":"Polygon","coordinates":[[[13.42953,52.58657],[13.42711,52.58737],[13.42354,52.58586],[13.42592,52.58252],[13.42859,52.58307],[13.42953,52.58657]]]},"properties":{"UWB":"03303","UWB3":"303","BWB":"033C","BWB3":"3C","AWK":"0303","BEZ":"03","BWK":"76"}},
{"type":"Feature","geometry":{"type":"Polygon","coordinates":[[[13.40974,52.58475],[13.41144,52.58223],[13.41314,52.57989],[13.41976,52.58125],[13.41767,52.58409],[13.41451,52.58313],[13.41262,52.58562],[13.40974,52.58475]]]},"properties":{"UWB":"03304","UWB3":"304","BWB":"033B","BWB3":"3B","AWK":"0303","BEZ":"03","BWK":"76"}},
{"type":"Feature","geometry":{"type":"Polygon","coordinates":[[[13.40423,52.58149],[13.41144,52.58223],[13.40974,52.58475],[13.40952,52.58529],[13.4125,52.5877],[13.40705,52.58643],[13.40264,52.58548],[13.40423,52.58149]]]},"properties":{"UWB":"03305","UWB3":"305","BWB":"033B","BWB3":"3B","AWK":"0303","BEZ":"03","BWK":"76"}},
{"type":"Feature","geometry":{"type":"Polygon","coordinates":[[[13.40048,52.58041],[13.3983,52.57924],[13.39834,52.57684],[13.40326,52.57785],[13.40316,52.57901],[13.40779,52.57995],[13.40984,52.57921],[13.41314,52.57989],[13.41144,52.58223],[13.40423,52.58149],[13.40386,52.58094],[13.40048,52.58041]]]},"properties":{"UWB":"03306","UWB3":"306","BWB":"033D","BWB3":"3D","AWK":"0303","BEZ":"03","BWK":"76"}},
{"type":"Feature","geometry":{"type":"Polygon","coordinates":[[[13.42869,52.5824],[13.42397,52.58145],[13.42002,52.58017],[13.4198,52.57901],[13.42143,52.57548],[13.42589,52.5764],[13.42312,52.5789],[13.4228,52.57997],[13.42876,52.58163],[13.42869,52.5824]]]},"properties":{"UWB":"03307","UWB3":"307","BWB":"033E","BWB3":"3E","AWK":"0303","BEZ":"03","BWK":"76"}},
{"type":"Feature","geometry":{"type":"Polygon","coordinates":[[[13.42589,52.5764],[13.42143,52.57548],[13.41891,52.57498],[13.41994,52.57282],[13.42174,52.57317],[13.42575,52.57548],[13.42741,52.57678],[13.42589,52.5764]]]},"properties":{"UWB":"03308","UWB3":"308","BWB":"033F","BWB3":"3F","AWK":"0303","BEZ":"03","BWK":"76"}},
{"type":"Feature","geometry":{"type":"Polygon","coordinates":[[[13.42741,52.57678],[13.42575,52.57548],[13.42174,52.57317],[13.41994,52.57282],[13.41891,52.57498],[13.4143,52.57212],[13.41053,52.57116],[13.41119,52.56962],[13.41234,52.56629],[13.41243,52.56618],[13.41842,52.569],[13.42195,52.57053],[13.42604,52.57168],[13.42779,52.57427],[13.42962,52.5746],[13.42977,52.57617],[13.42928,52.57839],[13.42741,52.57678]]]},"properties":{"UWB":"03309","UWB3":"309","BWB":"033I","BWB3":"3I","AWK":"0303","BEZ":"03","BWK":"76"}},
{"type":"Feature","geometry":{"type":"Polygon","coordinates":[[[13.41119,52.56962],[13.407,52.56862],[13.40732,52.56782],[13.40511,52.56726],[13.40715,52.56455],[13.40757,52.56417],[13.41234,52.56629],[13.41119,52.56962]]]},"properties":{"UWB":"03310","UWB3":"310","BWB":"033I","BWB3":"3I","AWK":"0303","BEZ":"03","BWK":"76"}},
{"type":"Feature","geometry":{"type":"Polygon","coordinates":[[[13.42859,52.58307],[13.42592,52.58252],[13.41976,52.58125],[13.41314,52.57989],[13.40984,52.57921],[13.40779,52.57995],[13.4088,52.57807],[13.40627,52.57633],[13.40691,52.5751],[13.40799,52.57298],[13.40841,52.57214],[13.41216,52.57313],[13.41054,52.57597],[13.41233,52.57748],[13.41472,52.57836],[13.4198,52.57901],[13.42002,52.58017],[13.42397,52.58145],[13.42869,52.5824],[13.42864,52.58275],[13.42859,52.58307]]]},"properties":{"UWB":"03311","UWB3":"311","BWB":"033D","BWB3":"3D","AWK":"0303","BEZ":"03","BWK":"76"}},
{"type":"Feature","geometry":{"type":"Polygon","coordinates":[[[13.40799,52.57298],[13.402,52.57168],[13.39884,52.5706],[13.3985,52.56928],[13.40151,52.56921],[13.40365,52.56933],[13.40763,52.57017],[13.40897,52.571],[13.40841,52.57214],[13.40799,52.57298]]]},"properties":{"UWB":"03312","UWB3":"312","BWB":"033H","BWB3":"3H","AWK":"0303","BEZ":"03","BWK":"76"}},
{"type":"Feature","geometry":{"type":"Polygon","coordinates":[[[13.38957,52.57428],[13.39224,52.57329],[13.39339,52.57346],[13.39384,52.57391],[13.39863,52.57213],[13.39935,52.57422],[13.40086,52.57391],[13.40175,52.57265],[13.40691,52.5751],[13.40627,52.57633],[13.4088,52.57807],[13.40779,52.57995],[13.40316,52.57901],[13.40326,52.57785],[13.39834,52.57684],[13.3983,52.57924],[13.39573,52.5784],[13.39228,52.57546],[13.38957,52.57428]]]},"properties":{"UWB":"03313","UWB3":"313","BWB":"033G","BWB3":"3G","AWK":"0303","BEZ":"03","BWK":"76"}},
{"type":"Feature","geometry":{"type":"Polygon","coordinates":[[[13.38889,52.5671],[13.39328,52.56449],[13.39428,52.56501],[13.3958,52.56594],[13.39725,52.56717],[13.3985,52.56928],[13.39884,52.5706],[13.39366,52.57275],[13.39339,52.57346],[13.39224,52.57329],[13.38957,52.57428],[13.38374,52.57273],[13.38308,52.57233],[13.38826,52.56948],[13.3884,52.56767],[13.38889,52.5671]]]},"properties":{"UWB":"03314","UWB3":"314","BWB":"033K","BWB3":"3K","AWK":"0303","BEZ":"03","BWK":"76"}},
{"type":"Feature","geometry":{"type":"Polygon","coordinates":[[[13.3985,52.56928],[13.39725,52.56717],[13.3958,52.56594],[13.40072,52.56568],[13.4026,52.56558],[13.40151,52.56921],[13.3985,52.56928]]]},"properties":{"UWB":"03315","UWB3":"315","BWB":"033K","BWB3":"3K","AWK":"0303","BEZ":"03","BWK":"76"}},
{"type":"Feature","geometry":{"type":"Polygon","coordinates":[[[13.40715,52.56455],[13.40445,52.56306],[13.40429,52.56549],[13.4026,52.56558],[13.40072,52.56568],[13.40082,52.56445],[13.40153,52.56128],[13.4036,52.56178],[13.40361,52.56178],[13.40757,52.56417],[13.40715,52.56455]]]},"properties":{"UWB":"03316","UWB3":"316","BWB":"033M","BWB3":"3M","AWK":"0303","BEZ":"03","BWK":"76"}},
{"type":"Feature","geometry":{"type":"Polygon","coordinates":[[[13.39669,52.55984],[13.3971,52.55827],[13.39866,52.55849],[13.40001,52.5598],[13.4036,52.56178],[13.40153,52.56128],[13.40082,52.56445],[13.39736,52.56461],[13.39552,52.56386],[13.39428,52.56501],[13.39328,52.56449],[13.3959,52.56182],[13.39669,52.55984]]]},"properties":{"UWB":"03317","UWB3":"317","BWB":"033L","BWB3":"3L","AWK":"0303","BEZ":"03","BWK":"76"}},
{"type":"Feature","geometry":{"type":"Polygon","coordinates":[[[13.40511,52.56726],[13.40365,52.56933],[13.40151,52.56921],[13.4026,52.56558],[13.40429,52.56549],[13.40445,52.56306],[13.40715,52.56455],[13.40511,52.56726]]]},"properties":{"UWB":"03318","UWB3":"318","BWB":"033M","BWB3":"3M","AWK":"0303","BEZ":"03","BWK":"76"}},
{"type":"Feature","geometry":{"type":"Polygon","coordinates":[[[13.41767,52.58409],[13.41976,52.58125],[13.42592,52.58252],[13.42354,52.58586],[13.41767,52.58409]]]},"properties":{"UWB":"03319","UWB3":"319","BWB":"033C","BWB3":"3C","AWK":"0303","BEZ":"03","BWK":"76"}},
{"type":"Feature","geometry":{"type":"Polygon","coordinates":[[[13.40691,52.5751],[13.40175,52.57265],[13.40086,52.57391],[13.39935,52.57422],[13.39863,52.57213],[13.39384,52.57391],[13.39339,52.57346],[13.39366,52.57275],[13.39884,52.5706],[13.402,52.57168],[13.40799,52.57298],[13.40691,52.5751]]]},"properties":{"UWB":"03320","UWB3":"320","BWB":"033G","BWB3":"3G","AWK":"0303","BEZ":"03","BWK":"76"}},
{"type":"Feature","geometry":{"type":"Polygon","coordinates":[[[13.4198,52.57901],[13.41472,52.57836],[13.41233,52.57748],[13.41054,52.57597],[13.41216,52.57313],[13.4143,52.57212],[13.41891,52.57498],[13.42143,52.57548],[13.4198,52.57901]]]},"properties":{"UWB":"03321","UWB3":"321","BWB":"033F","BWB3":"3F","AWK":"0303","BEZ":"03","BWK":"76"}},
{"type":"Feature","geometry":{"type":"Polygon","coordinates":[[[13.4143,52.57212],[13.41216,52.57313],[13.40841,52.57214],[13.40897,52.571],[13.40763,52.57017],[13.40365,52.56933],[13.40511,52.56726],[13.40732,52.56782],[13.407,52.56862],[13.41119,52.56962],[13.41053,52.57116],[13.4143,52.57212]]]},"properties":{"UWB":"03322","UWB3":"322","BWB":"033H","BWB3":"3H","AWK":"0303","BEZ":"03","BWK":"76"}},
{"type":"Feature","geometry":{"type":"Polygon","coordinates":[[[13.39428,52.56501],[13.39552,52.56386],[13.39736,52.56461],[13.40082,52.56445],[13.40072,52.56568],[13.3958,52.56594],[13.39428,52.56501]]]},"properties":{"UWB":"03323","UWB3":"323","BWB":"033L","BWB3":"3L","AWK":"0303","BEZ":"03","BWK":"76"}},
{"type":"Feature","geometry":{"type":"Polygon","coordinates":[[[13.45948,52.56002],[13.45427,52.5622],[13.45142,52.56091],[13.44986,52.56158],[13.44474,52.55928],[13.44391,52.55999],[13.44173,52.56006],[13.43959,52.55907],[13.44167,52.55666],[13.43916,52.55554],[13.44165,52.55486],[13.44524,52.55389],[13.455,52.5593],[13.45729,52.55825],[13.45948,52.56002]]]},"properties":{"UWB":"03400","UWB3":"400","BWB":"034C","BWB3":"4C","AWK":"0304","BEZ":"03","BWK":"76"}},
{"type":"Feature","geometry":{"type":"Polygon","coordinates":[[[13.44173,52.56006],[13.44048,52.56112],[13.43561,52.5588],[13.43239,52.55772],[13.43283,52.55732],[13.43916,52.55554],[13.44167,52.55666],[13.43959,52.55907],[13.44173,52.56006]]]},"properties":{"UWB":"03401","UWB3":"401","BWB":"034E","BWB3":"4E","AWK":"0304","BEZ":"03","BWK":"76"}},
{"type":"Feature","geometry":{"type":"Polygon","coordinates":[[[13.45427,52.5622],[13.44837,52.56465],[13.44737,52.56479],[13.44796,52.56408],[13.44048,52.56112],[13.44173,52.56006],[13.44391,52.55999],[13.44474,52.55928],[13.44986,52.56158],[13.45142,52.56091],[13.45427,52.5622]]]},"properties":{"UWB":"03402","UWB3":"402","BWB":"034E","BWB3":"4E","AWK":"0304","BEZ":"03","BWK":"76"}},
{"type":"Feature","geometry":{"type":"Polygon","coordinates":[[[13.4585,52.55771],[13.4581,52.55734],[13.44933,52.55306],[13.44854,52.55299],[13.45516,52.5512],[13.46004,52.55701],[13.4585,52.55771]]]},"properties":{"UWB":"03403","UWB3":"403","BWB":"034F","BWB3":"4F","AWK":"0304","BEZ":"03","BWK":"76"}},
{"type":"Feature","geometry":{"type":"Polygon","coordinates":[[[13.45516,52.5512],[13.45887,52.55003],[13.462,52.55072],[13.4655,52.55198],[13.46751,52.55386],[13.46679,52.55709],[13.46004,52.55701],[13.45516,52.5512]]]},"properties":{"UWB":"03404","UWB3":"404","BWB":"034H","BWB3":"4H","AWK":"0304","BEZ":"03","BWK":"76"}},
{"type":"Feature","geometry":{"type":"Polygon","coordinates":[[[13.46004,52.55701],[13.46679,52.55709],[13.46642,52.55875],[13.46711,52.55999],[13.46114,52.56005],[13.46058,52.55955],[13.4585,52.55771],[13.46004,52.55701]]]},"properties":{"UWB":"03405","UWB3":"405","BWB":"034G","BWB3":"4G","AWK":"0304","BEZ":"03","BWK":"76"}},
{"type":"Feature","geometry":{"type":"Polygon","coordinates":[[[13.4655,52.55198],[13.4667,52.54964],[13.46721,52.54821],[13.47211,52.5477],[13.47789,52.55213],[13.47653,52.55334],[13.47504,52.55339],[13.4748,52.55204],[13.47027,52.55251],[13.47028,52.55366],[13.46751,52.55386],[13.4655,52.55198]]]},"properties":{"UWB":"03406","UWB3":"406","BWB":"034I","BWB3":"4I","AWK":"0304","BEZ":"03","BWK":"76"}},
{"type":"Feature","geometry":{"type":"Polygon","coordinates":[[[13.47211,52.5477],[13.47441,52.54767],[13.47964,52.54755],[13.47976,52.5491],[13.48306,52.55026],[13.48611,52.5524],[13.49443,52.55078],[13.49544,52.553],[13.49562,52.55462],[13.49463,52.55638],[13.49235,52.55872],[13.48772,52.55703],[13.48426,52.55514],[13.47916,52.55323],[13.47653,52.55334],[13.47789,52.55213],[13.47211,52.5477]]]},"properties":{"UWB":"03407","UWB3":"407","BWB":"034L","BWB3":"4L","AWK":"0304","BEZ":"03","BWK":"76"}},
{"type":"Feature","geometry":{"type":"Polygon","coordinates":[[[13.47653,52.55334],[13.47916,52.55323],[13.47851,52.55533],[13.47665,52.55566],[13.47076,52.55519],[13.47028,52.55366],[13.47027,52.55251],[13.4748,52.55204],[13.47504,52.55339],[13.47653,52.55334]]]},"properties":{"UWB":"03408","UWB3":"408","BWB":"034K","BWB3":"4K","AWK":"0304","BEZ":"03","BWK":"76"}},
{"type":"Feature","geometry":{"type":"Polygon","coordinates":[[[13.49235,52.55872],[13.49107,52.55995],[13.48697,52.56136],[13.4854,52.56155],[13.48473,52.56054],[13.48172,52.56094],[13.4715,52.55977],[13.47173,52.55872],[13.47588,52.55905],[13.47665,52.55566],[13.47851,52.55533],[13.47916,52.55323],[13.48426,52.55514],[13.48772,52.55703],[13.49235,52.55872]]]},"properties":{"UWB":"03409","UWB3":"409","BWB":"034D","BWB3":"4D","AWK":"0304","BEZ":"03","BWK":"76"}},
{"type":"Feature","geometry":{"type":"Polygon","coordinates":[[[13.46751,52.55386],[13.47028,52.55366],[13.47076,52.55519],[13.4691,52.55577],[13.47021,52.55685],[13.47206,52.55714],[13.47173,52.55872],[13.4715,52.55977],[13.46846,52.55983],[13.46843,52.55874],[13.46642,52.55875],[13.46679,52.55709],[13.46751,52.55386]]]},"properties":{"UWB":"03410","UWB3":"410","BWB":"034G","BWB3":"4G","AWK":"0304","BEZ":"03","BWK":"76"}},
{"type":"Feature","geometry":{"type":"Polygon","coordinates":[[[13.46642,52.55875],[13.46843,52.55874],[13.46846,52.55983],[13.4715,52.55977],[13.48172,52.56094],[13.48473,52.56054],[13.4854,52.56155],[13.48607,52.56415],[13.48368,52.56442],[13.48415,52.56602],[13.48759,52.56922],[13.48292,52.57147],[13.48203,52.57249],[13.47946,52.57269],[13.47995,52.57651],[13.47154,52.57712],[13.46736,52.5785],[13.46324,52.57461],[13.46315,52.57315],[13.46167,52.57284],[13.463,52.56737],[13.46464,52.56717],[13.46985,52.56756],[13.47109,52.56584],[13.46711,52.55999],[13.46642,52.55875]]]},"properties":{"UWB":"03411","UWB3":"411","BWB":"034D","BWB3":"4D","AWK":"0304","BEZ":"03","BWK":"76"}},
{"type":"Feature","geometry":{"type":"Polygon","coordinates":[[[13.45948,52.56002],[13.46058,52.55955],[13.46114,52.56005],[13.46711,52.55999],[13.47109,52.56584],[13.46985,52.56756],[13.46464,52.56717],[13.463,52.56737],[13.46167,52.57284],[13.46315,52.57315],[13.46324,52.57461],[13.46736,52.5785],[13.46348,52.58003],[13.46279,52.57939],[13.45974,52.58061],[13.45773,52.57773],[13.4575,52.57558],[13.44635,52.5685],[13.44924,52.56832],[13.45317,52.56751],[13.44859,52.56506],[13.44837,52.56465],[13.45427,52.5622],[13.45948,52.56002]]]},"properties":{"UWB":"03412","UWB3":"412","BWB":"034C","BWB3":"4C","AWK":"0304","BEZ":"03","BWK":"76"}},
{"type":"Feature","geometry":{"type":"Polygon","coordinates":[[[13.48162,52.59956],[13.47625,52.59855],[13.47337,52.59854],[13.47024,52.59908],[13.46928,52.59978],[13.46923,52.59965],[13.47079,52.59817],[13.46749,52.59219],[13.47142,52.592],[13.47355,52.59157],[13.47275,52.59013],[13.47108,52.58962],[13.46576,52.58672],[13.46339,52.5881],[13.45894,52.58907],[13.45865,52.59],[13.45398,52.59066],[13.45189,52.58767],[13.45109,52.59039],[13.44727,52.59007],[13.4448,52.58867],[13.44057,52.58814],[13.43766,52.58546],[13.43612,52.58724],[13.43125,52.58273],[13.43388,52.58203],[13.43341,52.58089],[13.43385,52.57881],[13.43564,52.58012],[13.43649,52.57849],[13.43982,52.57921],[13.4447,52.57912],[13.4445,52.57606],[13.44635,52.57567],[13.44972,52.57869],[13.45167,52.57663],[13.45371,52.57718],[13.4575,52.57558],[13.45773,52.57773],[13.45974,52.58061],[13.46279,52.57939],[13.46348,52.58003],[13.46736,52.5785],[13.47154,52.57712],[13.47995,52.57651],[13.4802,52.57791],[13.47973,52.58116],[13.48047,52.58353],[13.48356,52.58408],[13.4855,52.58735],[13.48694,52.58884],[13.48904,52.59008],[13.50518,52.59646],[13.49897,52.60516],[13.49666,52.60503],[13.49376,52.60227],[13.48545,52.60052],[13.48162,52.59956]]]},"properties":{"UWB":"03413","UWB3":"413","BWB":"034B","BWB3":"4B","AWK":"0304","BEZ":"03","BWK":"76"}},
{"type":"Feature","geometry":{"type":"Polygon","coordinates":[[[13.46923,52.59965],[13.46498,52.60265],[13.46305,52.60335],[13.45973,52.60361],[13.45825,52.60044],[13.45738,52.60058],[13.4555,52.59708],[13.45715,52.59679],[13.45821,52.59877],[13.46404,52.59762],[13.46707,52.59679],[13.46472,52.59493],[13.46104,52.59367],[13.45833,52.59339],[13.45865,52.59],[13.45894,52.58907],[13.46339,52.5881],[13.46576,52.58672],[13.47108,52.58962],[13.47275,52.59013],[13.47355,52.59157],[13.47142,52.592],[13.46749,52.59219],[13.47079,52.59817],[13.46923,52.59965]]]},"properties":{"UWB":"03414","UWB3":"414","BWB":"034B","BWB3":"4B","AWK":"0304","BEZ":"03","BWK":"76"}},
{"type":"Feature","geometry":{"type":"Polygon","coordinates":[[[13.46342,52.6046],[13.4631,52.60463],[13.45295,52.6123],[13.45134,52.61071],[13.44973,52.60808],[13.44969,52.6065],[13.44719,52.60055],[13.44535,52.59669],[13.44664,52.59737],[13.4495,52.59618],[13.4555,52.59708],[13.45738,52.60058],[13.45825,52.60044],[13.45973,52.60361],[13.46305,52.60335],[13.46498,52.60265],[13.46923,52.59965],[13.46928,52.59978],[13.46342,52.6046]]]},"properties":{"UWB":"03415","UWB3":"415","BWB":"034A","BWB3":"4A","AWK":"0304","BEZ":"03","BWK":"76"}},
{"type":"Feature","geometry":{"type":"Polygon","coordinates":[[[13.44524,52.55389],[13.44854,52.55299],[13.44933,52.55306],[13.4581,52.55734],[13.4585,52.55771],[13.46058,52.55955],[13.45948,52.56002],[13.45729,52.55825],[13.455,52.5593],[13.44524,52.55389]]]},"properties":{"UWB":"03416","UWB3":"416","BWB":"034F","BWB3":"4F","AWK":"0304","BEZ":"03","BWK":"76"}},
{"type":"Feature","geometry":{"type":"Polygon","coordinates":[[[13.47665,52.55566],[13.47588,52.55905],[13.47173,52.55872],[13.47206,52.55714],[13.47021,52.55685],[13.4691,52.55577],[13.47076,52.55519],[13.47665,52.55566]]]},"properties":{"UWB":"03417","UWB3":"417","BWB":"034K","BWB3":"4K","AWK":"0304","BEZ":"03","BWK":"76"}},
{"type":"Feature","geometry":{"type":"Polygon","coordinates":[[[13.43616,52.5874],[13.43612,52.58724],[13.43766,52.58546],[13.44057,52.58814],[13.4448,52.58867],[13.44727,52.59007],[13.45109,52.59039],[13.45189,52.58767],[13.45398,52.59066],[13.45865,52.59],[13.45833,52.59339],[13.46104,52.59367],[13.46472,52.59493],[13.46707,52.59679],[13.46404,52.59762],[13.45821,52.59877],[13.45715,52.59679],[13.4555,52.59708],[13.4495,52.59618],[13.44664,52.59737],[13.44535,52.59669],[13.44435,52.5951],[13.44186,52.59247],[13.43616,52.5874]]]},"properties":{"UWB":"03418","UWB3":"418","BWB":"034A","BWB3":"4A","AWK":"0304","BEZ":"03","BWK":"76"}},
{"type":"Feature","geometry":{"type":"Polygon","coordinates":[[[13.41586,52.56214],[13.41567,52.56324],[13.41286,52.56301],[13.40977,52.56267],[13.41098,52.56117],[13.41233,52.55939],[13.41325,52.55937],[13.41624,52.55979],[13.41586,52.56214]]]},"properties":{"UWB":"03500","UWB3":"500","BWB":"035E","BWB3":"5E","AWK":"0305","BEZ":"03","BWK":"76"}},
{"type":"Feature","geometry":{"type":"Polygon","coordinates":[[[13.4036,52.56178],[13.40001,52.5598],[13.39866,52.55849],[13.40675,52.5578],[13.40719,52.56121],[13.4045,52.56124],[13.40361,52.56178],[13.4036,52.56178]]]},"properties":{"UWB":"03501","UWB3":"501","BWB":"035G","BWB3":"5G","AWK":"0305","BEZ":"03","BWK":"76"}},
{"type":"Feature","geometry":{"type":"Polygon","coordinates":[[[13.41234,52.56629],[13.40757,52.56417],[13.40361,52.56178],[13.4045,52.56124],[13.40719,52.56121],[13.41098,52.56117],[13.40977,52.56267],[13.41286,52.56301],[13.41256,52.56501],[13.41243,52.56618],[13.41234,52.56629]]]},"properties":{"UWB":"03502","UWB3":"502","BWB":"035E","BWB3":"5E","AWK":"0305","BEZ":"03","BWK":"76"}},
{"type":"Feature","geometry":{"type":"Polygon","coordinates":[[[13.41098,52.56117],[13.40719,52.56121],[13.40675,52.5578],[13.41277,52.5575],[13.41413,52.55742],[13.41391,52.55776],[13.41325,52.55937],[13.41233,52.55939],[13.41098,52.56117]]]},"properties":{"UWB":"03503","UWB3":"503","BWB":"035H","BWB3":"5H","AWK":"0305","BEZ":"03","BWK":"76"}},
{"type":"Feature","geometry":{"type":"Polygon","coordinates":[[[13.41839,52.55745],[13.41464,52.55713],[13.41503,52.55453],[13.41844,52.55422],[13.41839,52.55745]]]},"properties":{"UWB":"03504","UWB3":"504","BWB":"035I","BWB3":"5I","AWK":"0305","BEZ":"03","BWK":"76"}},
{"type":"Feature","geometry":{"type":"Polygon","coordinates":[[[13.41978,52.55617],[13.42076,52.55511],[13.4208,52.5533],[13.4238,52.55297],[13.42654,52.55267],[13.4267,52.55384],[13.42392,52.55353],[13.42353,52.5551],[13.42334,52.55619],[13.41978,52.55617]]]},"properties":{"UWB":"03505","UWB3":"505","BWB":"035K","BWB3":"5K","AWK":"0305","BEZ":"03","BWK":"76"}},
{"type":"Feature","geometry":{"type":"Polygon","coordinates":[[[13.42654,52.55267],[13.4274,52.55255],[13.43022,52.55171],[13.42899,52.55631],[13.42556,52.55511],[13.42353,52.5551],[13.42392,52.55353],[13.4267,52.55384],[13.42654,52.55267]]]},"properties":{"UWB":"03506","UWB3":"506","BWB":"035M","BWB3":"5M","AWK":"0305","BEZ":"03","BWK":"76"}},
{"type":"Feature","geometry":{"type":"Polygon","coordinates":[[[13.42353,52.5551],[13.42556,52.55511],[13.42899,52.55631],[13.42936,52.5567],[13.42761,52.56319],[13.42351,52.56279],[13.42404,52.56087],[13.42235,52.55985],[13.42276,52.55869],[13.42334,52.55619],[13.42353,52.5551]]]},"properties":{"UWB":"03507","UWB3":"507","BWB":"035L","BWB3":"5L","AWK":"0305","BEZ":"03","BWK":"76"}},
{"type":"Feature","geometry":{"type":"Polygon","coordinates":[[[13.41413,52.55742],[13.41464,52.55713],[13.41839,52.55745],[13.41978,52.55617],[13.42334,52.55619],[13.42276,52.55869],[13.41806,52.55876],[13.41391,52.55776],[13.41413,52.55742]]]},"properties":{"UWB":"03508","UWB3":"508","BWB":"035I","BWB3":"5I","AWK":"0305","BEZ":"03","BWK":"76"}},
{"type":"Feature","geometry":{"type":"Polygon","coordinates":[[[13.41586,52.56214],[13.41939,52.56239],[13.41966,52.56102],[13.42192,52.56125],[13.42404,52.56087],[13.42351,52.56279],[13.42761,52.56319],[13.42734,52.56437],[13.42132,52.56371],[13.41567,52.56324],[13.41586,52.56214]]]},"properties":{"UWB":"03509","UWB3":"509","BWB":"035F","BWB3":"5F","AWK":"0305","BEZ":"03","BWK":"76"}},
{"type":"Feature","geometry":{"type":"Polygon","coordinates":[[[13.41624,52.55979],[13.42235,52.55985],[13.42404,52.56087],[13.42192,52.56125],[13.41966,52.56102],[13.41939,52.56239],[13.41586,52.56214],[13.41624,52.55979]]]},"properties":{"UWB":"03510","UWB3":"510","BWB":"035F","BWB3":"5F","AWK":"0305","BEZ":"03","BWK":"76"}},
{"type":"Feature","geometry":{"type":"Polygon","coordinates":[[[13.41567,52.56324],[13.42132,52.56371],[13.42042,52.56711],[13.41869,52.56689],[13.41905,52.5657],[13.41256,52.56501],[13.41286,52.56301],[13.41567,52.56324]]]},"properties":{"UWB":"03511","UWB3":"511","BWB":"035D","BWB3":"5D","AWK":"0305","BEZ":"03","BWK":"76"}},
{"type":"Feature","geometry":{"type":"Polygon","coordinates":[[[13.42734,52.56437],[13.42794,52.56789],[13.42548,52.56772],[13.42454,52.56954],[13.42336,52.56909],[13.42405,52.56756],[13.42042,52.56711],[13.42132,52.56371],[13.42734,52.56437]]]},"properties":{"UWB":"03512","UWB3":"512","BWB":"035D","BWB3":"5D","AWK":"0305","BEZ":"03","BWK":"76"}},
{"type":"Feature","geometry":{"type":"Polygon","coordinates":[[[13.41842,52.569],[13.41917,52.56829],[13.41869,52.56689],[13.42042,52.56711],[13.42405,52.56756],[13.42336,52.56909],[13.42195,52.57053],[13.41842,52.569]]]},"properties":{"UWB":"03513","UWB3":"513","BWB":"035C","BWB3":"5C","AWK":"0305","BEZ":"03","BWK":"76"}},
{"type":"Feature","geometry":{"type":"Polygon","coordinates":[[[13.42195,52.57053],[13.42336,52.56909],[13.42454,52.56954],[13.42548,52.56772],[13.42794,52.56789],[13.42895,52.57199],[13.4293,52.57335],[13.42962,52.5746],[13.42779,52.57427],[13.42604,52.57168],[13.42195,52.57053]]]},"properties":{"UWB":"03514","UWB3":"514","BWB":"035A","BWB3":"5A","AWK":"0305","BEZ":"03","BWK":"76"}},
{"type":"Feature","geometry":{"type":"Polygon","coordinates":[[[13.44048,52.56112],[13.44796,52.56408],[13.44737,52.56479],[13.44238,52.5655],[13.44009,52.56723],[13.43778,52.56972],[13.4361,52.56977],[13.42895,52.57199],[13.42794,52.56789],[13.42734,52.56437],[13.42761,52.56319],[13.42936,52.5567],[13.43239,52.55772],[13.43561,52.5588],[13.44048,52.56112]]]},"properties":{"UWB":"03515","UWB3":"515","BWB":"035B","BWB3":"5B","AWK":"0305","BEZ":"03","BWK":"76"}},
{"type":"Feature","geometry":{"type":"Polygon","coordinates":[[[13.44837,52.56465],[13.44859,52.56506],[13.45317,52.56751],[13.44924,52.56832],[13.44635,52.5685],[13.44405,52.56852],[13.44253,52.57023],[13.43765,52.57177],[13.43769,52.57063],[13.4293,52.57335],[13.42895,52.57199],[13.4361,52.56977],[13.43778,52.56972],[13.44009,52.56723],[13.44238,52.5655],[13.44737,52.56479],[13.44837,52.56465]]]},"properties":{"UWB":"03516","UWB3":"516","BWB":"035B","BWB3":"5B","AWK":"0305","BEZ":"03","BWK":"76"}},
{"type":"Feature","geometry":{"type":"Polygon","coordinates":[[[13.42977,52.57617],[13.42962,52.5746],[13.4293,52.57335],[13.43769,52.57063],[13.43765,52.57177],[13.44253,52.57023],[13.44405,52.56852],[13.44635,52.5685],[13.4575,52.57558],[13.45371,52.57718],[13.45167,52.57663],[13.44972,52.57869],[13.44635,52.57567],[13.4445,52.57606],[13.4447,52.57912],[13.43982,52.57921],[13.43649,52.57849],[13.43564,52.58012],[13.43385,52.57881],[13.42977,52.57617]]]},"properties":{"UWB":"03517","UWB3":"517","BWB":"035A","BWB3":"5A","AWK":"0305","BEZ":"03","BWK":"76"}},
{"type":"Feature","geometry":{"type":"Polygon","coordinates":[[[13.41243,52.56618],[13.41256,52.56501],[13.41905,52.5657],[13.41869,52.56689],[13.41917,52.56829],[13.41842,52.569],[13.41243,52.56618]]]},"properties":{"UWB":"03518","UWB3":"518","BWB":"035C","BWB3":"5C","AWK":"0305","BEZ":"03","BWK":"76"}},
{"type":"Feature","geometry":{"type":"Polygon","coordinates":[[[13.41325,52.55937],[13.41391,52.55776],[13.41806,52.55876],[13.42276,52.55869],[13.42235,52.55985],[13.41624,52.55979],[13.41325,52.55937]]]},"properties":{"UWB":"03519","UWB3":"519","BWB":"035H","BWB3":"5H","AWK":"0305","BEZ":"03","BWK":"76"}},
{"type":"Feature","geometry":{"type":"Polygon","coordinates":[[[13.41503,52.55453],[13.41493,52.55395],[13.4208,52.5533],[13.42076,52.55511],[13.41978,52.55617],[13.41839,52.55745],[13.41844,52.55422],[13.41503,52.55453]]]},"properties":{"UWB":"03520","UWB3":"520","BWB":"035K","BWB3":"5K","AWK":"0305","BEZ":"03","BWK":"76"}},
{"type":"Feature","geometry":{"type":"Polygon","coordinates":[[[13.39756,52.55473],[13.39807,52.5528],[13.39684,52.5507],[13.3989,52.55088],[13.39956,52.55095],[13.39979,52.55189],[13.39915,52.55355],[13.40286,52.5536],[13.40253,52.55444],[13.4087,52.55409],[13.40917,52.55659],[13.41205,52.55644],[13.41277,52.5575],[13.40675,52.5578],[13.39866,52.55849],[13.3971,52.55827],[13.39756,52.55473]]]},"properties":{"UWB":"03600","UWB3":"600","BWB":"036A","BWB3":"6A","AWK":"0306","BEZ":"03","BWK":"76"}},
{"type":"Feature","geometry":{"type":"Polygon","coordinates":[[[13.41277,52.5575],[13.41205,52.55644],[13.40917,52.55659],[13.4087,52.55409],[13.41101,52.55395],[13.41454,52.55372],[13.41493,52.55395],[13.41503,52.55453],[13.41464,52.55713],[13.41413,52.55742],[13.41277,52.5575]]]},"properties":{"UWB":"03601","UWB3":"601","BWB":"036A","BWB3":"6A","AWK":"0306","BEZ":"03","BWK":"76"}},
{"type":"Feature","geometry":{"type":"Polygon","coordinates":[[[13.41101,52.55395],[13.4104,52.55091],[13.41391,52.55065],[13.41419,52.55214],[13.41434,52.55285],[13.41454,52.55372],[13.41101,52.55395]]]},"properties":{"UWB":"03602","UWB3":"602","BWB":"036D","BWB3":"6D","AWK":"0306","BEZ":"03","BWK":"76"}},
{"type":"Feature","geometry":{"type":"Polygon","coordinates":[[[13.4087,52.55409],[13.40842,52.55255],[13.4031,52.55298],[13.40341,52.55221],[13.40568,52.55126],[13.4104,52.55091],[13.41101,52.55395],[13.4087,52.55409]]]},"properties":{"UWB":"03603","UWB3":"603","BWB":"036C","BWB3":"6C","AWK":"0306","BEZ":"03","BWK":"76"}},
{"type":"Feature","geometry":{"type":"Polygon","coordinates":[[[13.40286,52.5536],[13.4031,52.55298],[13.40842,52.55255],[13.4087,52.55409],[13.40253,52.55444],[13.40286,52.5536]]]},"properties":{"UWB":"03604","UWB3":"604","BWB":"036C","BWB3":"6C","AWK":"0306","BEZ":"03","BWK":"76"}},
{"type":"Feature","geometry":{"type":"Polygon","coordinates":[[[13.39956,52.55095],[13.4003,52.54908],[13.40785,52.54941],[13.40809,52.5494],[13.40537,52.5498],[13.40568,52.55126],[13.40341,52.55221],[13.39979,52.55189],[13.39956,52.55095]]]},"properties":{"UWB":"03605","UWB3":"605","BWB":"036B","BWB3":"6B","AWK":"0306","BEZ":"03","BWK":"76"}},
{"type":"Feature","geometry":{"type":"Polygon","coordinates":[[[13.4104,52.55091],[13.40568,52.55126],[13.40537,52.5498],[13.40809,52.5494],[13.41369,52.54933],[13.41373,52.54963],[13.41391,52.55065],[13.4104,52.55091]]]},"properties":{"UWB":"03606","UWB3":"606","BWB":"036E","BWB3":"6E","AWK":"0306","BEZ":"03","BWK":"76"}},
{"type":"Feature","geometry":{"type":"Polygon","coordinates":[[[13.4003,52.54908],[13.40091,52.54749],[13.40511,52.54787],[13.40476,52.54876],[13.4078,52.54904],[13.40785,52.54941],[13.4003,52.54908]]]},"properties":{"UWB":"03607","UWB3":"607","BWB":"036F","BWB3":"6F","AWK":"0306","BEZ":"03","BWK":"76"}},
{"type":"Feature","geometry":{"type":"Polygon","coordinates":[[[13.40091,52.54749],[13.40128,52.5466],[13.40967,52.54737],[13.41001,52.54891],[13.4078,52.54904],[13.40476,52.54876],[13.40511,52.54787],[13.40091,52.54749]]]},"properties":{"UWB":"03608","UWB3":"608","BWB":"036G","BWB3":"6G","AWK":"0306","BEZ":"03","BWK":"76"}},
{"type":"Feature","geometry":{"type":"Polygon","coordinates":[[[13.40128,52.5466],[13.40221,52.54483],[13.41019,52.54634],[13.40967,52.54737],[13.40128,52.5466]]]},"properties":{"UWB":"03609","UWB3":"609","BWB":"036H","BWB3":"6H","AWK":"0306","BEZ":"03","BWK":"76"}},
{"type":"Feature","geometry":{"type":"Polygon","coordinates":[[[13.41369,52.54933],[13.41315,52.54673],[13.41278,52.54531],[13.41472,52.54512],[13.41529,52.54749],[13.41663,52.5491],[13.41373,52.54963],[13.41369,52.54933]]]},"properties":{"UWB":"03610","UWB3":"610","BWB":"036I","BWB3":"6I","AWK":"0306","BEZ":"03","BWK":"76"}},
{"type":"Feature","geometry":{"type":"Polygon","coordinates":[[[13.40419,52.5404],[13.40465,52.54051],[13.40821,52.54133],[13.41216,52.54103],[13.41254,52.54441],[13.41278,52.54531],[13.41315,52.54673],[13.41019,52.54634],[13.40221,52.54483],[13.40128,52.5466],[13.40091,52.54749],[13.4003,52.54908],[13.39956,52.55095],[13.3989,52.55088],[13.4003,52.54665],[13.39925,52.54642],[13.39996,52.54452],[13.40203,52.54013],[13.40345,52.54036],[13.40419,52.5404]]]},"properties":{"UWB":"03611","UWB3":"611","BWB":"036H","BWB3":"6H","AWK":"0306","BEZ":"03","BWK":"76"}},
{"type":"Feature","geometry":{"type":"Polygon","coordinates":[[[13.41472,52.54512],[13.4165,52.54492],[13.41822,52.54649],[13.41987,52.54804],[13.41663,52.5491],[13.41529,52.54749],[13.41472,52.54512]]]},"properties":{"UWB":"03612","UWB3":"612","BWB":"036I","BWB3":"6I","AWK":"0306","BEZ":"03","BWK":"76"}},
{"type":"Feature","geometry":{"type":"Polygon","coordinates":[[[13.41216,52.54103],[13.41422,52.54074],[13.41714,52.54335],[13.41525,52.54415],[13.41254,52.54441],[13.41216,52.54103]]]},"properties":{"UWB":"03613","UWB3":"613","BWB":"036N","BWB3":"6N","AWK":"0306","BEZ":"03","BWK":"76"}},
{"type":"Feature","geometry":{"type":"Polygon","coordinates":[[[13.41822,52.54649],[13.4199,52.54579],[13.42124,52.54519],[13.42264,52.54459],[13.42326,52.54526],[13.42687,52.5437],[13.42729,52.5445],[13.42391,52.54599],[13.41987,52.54804],[13.41822,52.54649]]]},"properties":{"UWB":"03614","UWB3":"614","BWB":"036K","BWB3":"6K","AWK":"0306","BEZ":"03","BWK":"76"}},
{"type":"Feature","geometry":{"type":"Polygon","coordinates":[[[13.41422,52.54074],[13.41628,52.54041],[13.41867,52.5427],[13.41714,52.54335],[13.41422,52.54074]]]},"properties":{"UWB":"03615","UWB3":"615","BWB":"036N","BWB3":"6N","AWK":"0306","BEZ":"03","BWK":"76"}},
{"type":"Feature","geometry":{"type":"Polygon","coordinates":[[[13.4199,52.54579],[13.41777,52.5439],[13.41927,52.54328],[13.42124,52.54519],[13.4199,52.54579]]]},"properties":{"UWB":"03616","UWB3":"616","BWB":"036M","BWB3":"6M","AWK":"0306","BEZ":"03","BWK":"76"}},
{"type":"Feature","geometry":{"type":"Polygon","coordinates":[[[13.42124,52.54519],[13.41927,52.54328],[13.41777,52.5439],[13.41714,52.54335],[13.41867,52.5427],[13.41628,52.54041],[13.418,52.54014],[13.41854,52.54006],[13.42034,52.54203],[13.42264,52.54459],[13.42124,52.54519]]]},"properties":{"UWB":"03617","UWB3":"617","BWB":"036M","BWB3":"6M","AWK":"0306","BEZ":"03","BWK":"76"}},
{"type":"Feature","geometry":{"type":"Polygon","coordinates":[[[13.41854,52.54006],[13.42165,52.53958],[13.42238,52.54067],[13.4214,52.5418],[13.42034,52.54203],[13.41854,52.54006]]]},"properties":{"UWB":"03618","UWB3":"618","BWB":"036P","BWB3":"6P","AWK":"0306","BEZ":"03","BWK":"76"}},
{"type":"Feature","geometry":{"type":"Polygon","coordinates":[[[13.42034,52.54203],[13.4214,52.5418],[13.42312,52.54222],[13.42391,52.54403],[13.42264,52.54459],[13.42034,52.54203]]]},"properties":{"UWB":"03619","UWB3":"619","BWB":"036L","BWB3":"6L","AWK":"0306","BEZ":"03","BWK":"76"}},
{"type":"Feature","geometry":{"type":"Polygon","coordinates":[[[13.42264,52.54459],[13.42391,52.54403],[13.42312,52.54222],[13.42565,52.54166],[13.42643,52.54296],[13.42687,52.5437],[13.42326,52.54526],[13.42264,52.54459]]]},"properties":{"UWB":"03620","UWB3":"620","BWB":"036L","BWB3":"6L","AWK":"0306","BEZ":"03","BWK":"76"}},
{"type":"Feature","geometry":{"type":"Polygon","coordinates":[[[13.39979,52.55189],[13.40341,52.55221],[13.4031,52.55298],[13.40286,52.5536],[13.39915,52.55355],[13.39979,52.55189]]]},"properties":{"UWB":"03621","UWB3":"621","BWB":"036B","BWB3":"6B","AWK":"0306","BEZ":"03","BWK":"76"}},
{"type":"Feature","geometry":{"type":"Polygon","coordinates":[[[13.42165,52.53958],[13.42423,52.53919],[13.42565,52.54166],[13.42312,52.54222],[13.4214,52.5418],[13.42238,52.54067],[13.42165,52.53958]]]},"properties":{"UWB":"03622","UWB3":"622","BWB":"036P","BWB3":"6P","AWK":"0306","BEZ":"03","BWK":"76"}},
{"type":"Feature","geometry":{"type":"Polygon","coordinates":[[[13.41278,52.54531],[13.41254,52.54441],[13.41525,52.54415],[13.41714,52.54335],[13.41777,52.5439],[13.4199,52.54579],[13.41822,52.54649],[13.4165,52.54492],[13.41472,52.54512],[13.41278,52.54531]]]},"properties":{"UWB":"03623","UWB3":"623","BWB":"036K","BWB3":"6K","AWK":"0306","BEZ":"03","BWK":"76"}},
{"type":"Feature","geometry":{"type":"Polygon","coordinates":[[[13.40785,52.54941],[13.4078,52.54904],[13.41001,52.54891],[13.40967,52.54737],[13.41019,52.54634],[13.41315,52.54673],[13.41369,52.54933],[13.40809,52.5494],[13.40785,52.54941]]]},"properties":{"UWB":"03624","UWB3":"624","BWB":"036E","BWB3":"6E","AWK":"0306","BEZ":"03","BWK":"76"}},
{"type":"Feature","geometry":{"type":"Polygon","coordinates":[[[13.44854,52.55299],[13.44524,52.55389],[13.44416,52.55269],[13.44781,52.55162],[13.44964,52.5511],[13.45404,52.54981],[13.45516,52.5512],[13.44854,52.55299]]]},"properties":{"UWB":"03700","UWB3":"700","BWB":"037C","BWB3":"7C","AWK":"0307","BEZ":"03","BWK":"76"}},
{"type":"Feature","geometry":{"type":"Polygon","coordinates":[[[13.43239,52.55772],[13.42936,52.5567],[13.42899,52.55631],[13.43022,52.55171],[13.4304,52.55165],[13.43171,52.55456],[13.43283,52.55732],[13.43239,52.55772]]]},"properties":{"UWB":"03701","UWB3":"701","BWB":"037A","BWB3":"7A","AWK":"0307","BEZ":"03","BWK":"76"}},
{"type":"Feature","geometry":{"type":"Polygon","coordinates":[[[13.43283,52.55732],[13.43171,52.55456],[13.43473,52.55359],[13.43916,52.55554],[13.43283,52.55732]]]},"properties":{"UWB":"03702","UWB3":"702","BWB":"037A","BWB3":"7A","AWK":"0307","BEZ":"03","BWK":"76"}},
{"type":"Feature","geometry":{"type":"Polygon","coordinates":[[[13.43916,52.55554],[13.43473,52.55359],[13.43729,52.55279],[13.43572,52.55101],[13.44119,52.54951],[13.44267,52.5511],[13.43945,52.55213],[13.44165,52.55486],[13.43916,52.55554]]]},"properties":{"UWB":"03703","UWB3":"703","BWB":"037B","BWB3":"7B","AWK":"0307","BEZ":"03","BWK":"76"}},
{"type":"Feature","geometry":{"type":"Polygon","coordinates":[[[13.44165,52.55486],[13.43945,52.55213],[13.44267,52.5511],[13.44627,52.54996],[13.44781,52.55162],[13.44416,52.55269],[13.44524,52.55389],[13.44165,52.55486]]]},"properties":{"UWB":"03704","UWB3":"704","BWB":"037C","BWB3":"7C","AWK":"0307","BEZ":"03","BWK":"76"}},
{"type":"Feature","geometry":{"type":"Polygon","coordinates":[[[13.45516,52.5512],[13.45404,52.54981],[13.44964,52.5511],[13.44816,52.54936],[13.45091,52.54828],[13.45887,52.55003],[13.45516,52.5512]]]},"properties":{"UWB":"03705","UWB3":"705","BWB":"037D","BWB3":"7D","AWK":"0307","BEZ":"03","BWK":"76"}},
{"type":"Feature","geometry":{"type":"Polygon","coordinates":[[[13.43572,52.55101],[13.4351,52.55028],[13.43736,52.54956],[13.43663,52.54862],[13.44459,52.54548],[13.44633,52.54627],[13.44789,52.54696],[13.44673,52.5477],[13.44119,52.54951],[13.43572,52.55101]]]},"properties":{"UWB":"03706","UWB3":"706","BWB":"037I","BWB3":"7I","AWK":"0307","BEZ":"03","BWK":"83"}},
{"type":"Feature","geometry":{"type":"Polygon","coordinates":[[[13.44279,52.54456],[13.43814,52.54631],[13.43685,52.54497],[13.43551,52.54356],[13.43876,52.54234],[13.43785,52.54461],[13.44144,52.54337],[13.44279,52.54456]]]},"properties":{"UWB":"03707","UWB3":"707","BWB":"037K","BWB3":"7K","AWK":"0307","BEZ":"03","BWK":"83"}},
{"type":"Feature","geometry":{"type":"Polygon","coordinates":[[[13.43551,52.54356],[13.43474,52.5428],[13.43891,52.54124],[13.44144,52.54337],[13.43785,52.54461],[13.43876,52.54234],[13.43551,52.54356]]]},"properties":{"UWB":"03708","UWB3":"708","BWB":"037M","BWB3":"7M","AWK":"0307","BEZ":"03","BWK":"83"}},
{"type":"Feature","geometry":{"type":"Polygon","coordinates":[[[13.42729,52.5445],[13.43834,52.54073],[13.43891,52.54124],[13.43474,52.5428],[13.43219,52.54379],[13.4319,52.54499],[13.43437,52.54756],[13.43215,52.54659],[13.42981,52.54479],[13.42775,52.54567],[13.42729,52.5445]]]},"properties":{"UWB":"03709","UWB3":"709","BWB":"037M","BWB3":"7M","AWK":"0307","BEZ":"03","BWK":"83"}},
{"type":"Feature","geometry":{"type":"Polygon","coordinates":[[[13.43663,52.54862],[13.43393,52.54969],[13.43121,52.54692],[13.43215,52.54659],[13.43437,52.54756],[13.43419,52.54589],[13.43685,52.54497],[13.43814,52.54631],[13.44279,52.54456],[13.44459,52.54548],[13.43663,52.54862]]]},"properties":{"UWB":"03710","UWB3":"710","BWB":"037L","BWB3":"7L","AWK":"0307","BEZ":"03","BWK":"83"}},
{"type":"Feature","geometry":{"type":"Polygon","coordinates":[[[13.43572,52.55101],[13.4315,52.55218],[13.4304,52.55165],[13.42865,52.54782],[13.42813,52.54662],[13.42775,52.54567],[13.42981,52.54479],[13.43215,52.54659],[13.43121,52.54692],[13.43393,52.54969],[13.43663,52.54862],[13.43736,52.54956],[13.4351,52.55028],[13.43572,52.55101]]]},"properties":{"UWB":"03711","UWB3":"711","BWB":"037I","BWB3":"7I","AWK":"0307","BEZ":"03","BWK":"83"}},
{"type":"Feature","geometry":{"type":"Polygon","coordinates":[[[13.4274,52.55255],[13.4252,52.55049],[13.42676,52.54998],[13.42629,52.54862],[13.42865,52.54782],[13.4304,52.55165],[13.43022,52.55171],[13.4274,52.55255]]]},"properties":{"UWB":"03712","UWB3":"712","BWB":"037F","BWB3":"7F","AWK":"0307","BEZ":"03","BWK":"76"}},
{"type":"Feature","geometry":{"type":"Polygon","coordinates":[[[13.42729,52.5445],[13.42775,52.54567],[13.42813,52.54662],[13.42547,52.54774],[13.42479,52.54698],[13.42391,52.54599],[13.42729,52.5445]]]},"properties":{"UWB":"03713","UWB3":"713","BWB":"037H","BWB3":"7H","AWK":"0307","BEZ":"03","BWK":"76"}},
{"type":"Feature","geometry":{"type":"Polygon","coordinates":[[[13.41987,52.54804],[13.42391,52.54599],[13.42479,52.54698],[13.42239,52.54799],[13.42396,52.5494],[13.42303,52.54973],[13.41844,52.55129],[13.41663,52.5491],[13.41987,52.54804]]]},"properties":{"UWB":"03714","UWB3":"714","BWB":"037G","BWB3":"7G","AWK":"0307","BEZ":"03","BWK":"76"}},
{"type":"Feature","geometry":{"type":"Polygon","coordinates":[[[13.4238,52.55297],[13.42212,52.5514],[13.42422,52.55081],[13.42303,52.54973],[13.42396,52.5494],[13.42676,52.54998],[13.4252,52.55049],[13.4274,52.55255],[13.42654,52.55267],[13.4238,52.55297]]]},"properties":{"UWB":"03715","UWB3":"715","BWB":"037F","BWB3":"7F","AWK":"0307","BEZ":"03","BWK":"76"}},
{"type":"Feature","geometry":{"type":"Polygon","coordinates":[[[13.41419,52.55214],[13.41844,52.55129],[13.42303,52.54973],[13.42422,52.55081],[13.42212,52.5514],[13.41914,52.55213],[13.41434,52.55285],[13.41419,52.55214]]]},"properties":{"UWB":"03716","UWB3":"716","BWB":"037E","BWB3":"7E","AWK":"0307","BEZ":"03","BWK":"76"}},
{"type":"Feature","geometry":{"type":"Polygon","coordinates":[[[13.41391,52.55065],[13.41373,52.54963],[13.41663,52.5491],[13.41844,52.55129],[13.41419,52.55214],[13.41391,52.55065]]]},"properties":{"UWB":"03717","UWB3":"717","BWB":"037G","BWB3":"7G","AWK":"0307","BEZ":"03","BWK":"76"}},
{"type":"Feature","geometry":{"type":"Polygon","coordinates":[[[13.4304,52.55165],[13.4315,52.55218],[13.43572,52.55101],[13.43729,52.55279],[13.43473,52.55359],[13.43171,52.55456],[13.4304,52.55165]]]},"properties":{"UWB":"03718","UWB3":"718","BWB":"037B","BWB3":"7B","AWK":"0307","BEZ":"03","BWK":"76"}},
{"type":"Feature","geometry":{"type":"Polygon","coordinates":[[[13.44781,52.55162],[13.44627,52.54996],[13.44267,52.5511],[13.44119,52.54951],[13.44673,52.5477],[13.44789,52.54696],[13.44934,52.54759],[13.45091,52.54828],[13.44816,52.54936],[13.44964,52.5511],[13.44781,52.55162]]]},"properties":{"UWB":"03719","UWB3":"719","BWB":"037D","BWB3":"7D","AWK":"0307","BEZ":"03","BWK":"76"}},
{"type":"Feature","geometry":{"type":"Polygon","coordinates":[[[13.42865,52.54782],[13.42629,52.54862],[13.42676,52.54998],[13.42396,52.5494],[13.42239,52.54799],[13.42479,52.54698],[13.42547,52.54774],[13.42813,52.54662],[13.42865,52.54782]]]},"properties":{"UWB":"03720","UWB3":"720","BWB":"037H","BWB3":"7H","AWK":"0307","BEZ":"03","BWK":"76"}},
{"type":"Feature","geometry":{"type":"Polygon","coordinates":[[[13.4208,52.5533],[13.41493,52.55395],[13.41454,52.55372],[13.41434,52.55285],[13.41914,52.55213],[13.42212,52.5514],[13.4238,52.55297],[13.4208,52.5533]]]},"properties":{"UWB":"03721","UWB3":"721","BWB":"037E","BWB3":"7E","AWK":"0307","BEZ":"03","BWK":"76"}},
{"type":"Feature","geometry":{"type":"Polygon","coordinates":[[[13.43685,52.54497],[13.43419,52.54589],[13.43437,52.54756],[13.4319,52.54499],[13.43219,52.54379],[13.43474,52.5428],[13.43551,52.54356],[13.43685,52.54497]]]},"properties":{"UWB":"03722","UWB3":"722","BWB":"037K","BWB3":"7K","AWK":"0307","BEZ":"03","BWK":"83"}},
{"type":"Feature","geometry":{"type":"Polygon","coordinates":[[[13.42687,52.5437],[13.42643,52.54296],[13.43138,52.54108],[13.4317,52.54047],[13.42909,52.53849],[13.43029,52.53741],[13.43264,52.54001],[13.43416,52.54001],[13.43645,52.53911],[13.43834,52.54073],[13.42729,52.5445],[13.42687,52.5437]]]},"properties":{"UWB":"03800","UWB3":"800","BWB":"038I","BWB3":"8I","AWK":"0308","BEZ":"03","BWK":"83"}},
{"type":"Feature","geometry":{"type":"Polygon","coordinates":[[[13.42565,52.54166],[13.42423,52.53919],[13.42379,52.53845],[13.42815,52.53695],[13.43029,52.53741],[13.42909,52.53849],[13.4317,52.54047],[13.43138,52.54108],[13.42643,52.54296],[13.42565,52.54166]]]},"properties":{"UWB":"03801","UWB3":"801","BWB":"038K","BWB3":"8K","AWK":"0308","BEZ":"03","BWK":"83"}},
{"type":"Feature","geometry":{"type":"Polygon","coordinates":[[[13.43029,52.53741],[13.42815,52.53695],[13.42766,52.53641],[13.4317,52.53501],[13.43217,52.53541],[13.43307,52.53618],[13.43623,52.53893],[13.43645,52.53911],[13.43416,52.54001],[13.43264,52.54001],[13.43029,52.53741]]]},"properties":{"UWB":"03802","UWB3":"802","BWB":"038I","BWB3":"8I","AWK":"0308","BEZ":"03","BWK":"83"}},
{"type":"Feature","geometry":{"type":"Polygon","coordinates":[[[13.42379,52.53845],[13.42304,52.53716],[13.42707,52.53577],[13.42766,52.53641],[13.42815,52.53695],[13.42379,52.53845]]]},"properties":{"UWB":"03803","UWB3":"803","BWB":"038K","BWB3":"8K","AWK":"0308","BEZ":"03","BWK":"83"}},
{"type":"Feature","geometry":{"type":"Polygon","coordinates":[[[13.42304,52.53716],[13.42209,52.53557],[13.42576,52.53433],[13.42707,52.53577],[13.42304,52.53716]]]},"properties":{"UWB":"03804","UWB3":"804","BWB":"038M","BWB3":"8M","AWK":"0308","BEZ":"03","BWK":"83"}},
{"type":"Feature","geometry":{"type":"Polygon","coordinates":[[[13.4294,52.53304],[13.42576,52.53433],[13.42408,52.53253],[13.42745,52.53138],[13.42823,52.53202],[13.4294,52.53304]]]},"properties":{"UWB":"03805","UWB3":"805","BWB":"038L","BWB3":"8L","AWK":"0308","BEZ":"03","BWK":"83"}},
{"type":"Feature","geometry":{"type":"Polygon","coordinates":[[[13.42209,52.53557],[13.42094,52.53362],[13.42408,52.53253],[13.42576,52.53433],[13.42209,52.53557]]]},"properties":{"UWB":"03806","UWB3":"806","BWB":"038M","BWB3":"8M","AWK":"0308","BEZ":"03","BWK":"83"}},
{"type":"Feature","geometry":{"type":"Polygon","coordinates":[[[13.42408,52.53253],[13.4225,52.53081],[13.42494,52.52917],[13.42745,52.53138],[13.42408,52.53253]]]},"properties":{"UWB":"03807","UWB3":"807","BWB":"038N","BWB3":"8N","AWK":"0308","BEZ":"03","BWK":"83"}},
{"type":"Feature","geometry":{"type":"Polygon","coordinates":[[[13.42094,52.53362],[13.41904,52.53059],[13.4182,52.52964],[13.4238,52.52819],[13.42494,52.52917],[13.4225,52.53081],[13.42408,52.53253],[13.42094,52.53362]]]},"properties":{"UWB":"03808","UWB3":"808","BWB":"038P","BWB3":"8P","AWK":"0308","BEZ":"03","BWK":"83"}},
{"type":"Feature","geometry":{"type":"Polygon","coordinates":[[[13.41975,52.52554],[13.42364,52.52791],[13.4238,52.52819],[13.4182,52.52964],[13.41595,52.52718],[13.41975,52.52554]]]},"properties":{"UWB":"03809","UWB3":"809","BWB":"038P","BWB3":"8P","AWK":"0308","BEZ":"03","BWK":"83"}},
{"type":"Feature","geometry":{"type":"Polygon","coordinates":[[[13.42766,52.53641],[13.42707,52.53577],[13.42576,52.53433],[13.4294,52.53304],[13.4317,52.53501],[13.42766,52.53641]]]},"properties":{"UWB":"03810","UWB3":"810","BWB":"038L","BWB3":"8L","AWK":"0308","BEZ":"03","BWK":"83"}},
{"type":"Feature","geometry":{"type":"Polygon","coordinates":[[[13.42209,52.53557],[13.41836,52.53661],[13.41701,52.53539],[13.41513,52.53371],[13.41786,52.53257],[13.41966,52.53415],[13.42094,52.53362],[13.42209,52.53557]]]},"properties":{"UWB":"03811","UWB3":"811","BWB":"038F","BWB3":"8F","AWK":"0308","BEZ":"03","BWK":"76"}},
{"type":"Feature","geometry":{"type":"Polygon","coordinates":[[[13.42094,52.53362],[13.41966,52.53415],[13.41786,52.53257],[13.41513,52.53371],[13.41366,52.5324],[13.41581,52.53169],[13.41904,52.53059],[13.42094,52.53362]]]},"properties":{"UWB":"03812","UWB3":"812","BWB":"038E","BWB3":"8E","AWK":"0308","BEZ":"03","BWK":"76"}},
{"type":"Feature","geometry":{"type":"Polygon","coordinates":[[[13.40971,52.52889],[13.41207,52.52841],[13.41581,52.53169],[13.41366,52.5324],[13.41513,52.53371],[13.41701,52.53539],[13.41593,52.53655],[13.4124,52.53606],[13.41286,52.53345],[13.41221,52.53145],[13.41109,52.53055],[13.40962,52.5289],[13.40971,52.52889]]]},"properties":{"UWB":"03813","UWB3":"813","BWB":"038E","BWB3":"8E","AWK":"0308","BEZ":"03","BWK":"76"}},
{"type":"Feature","geometry":{"type":"Polygon","coordinates":[[[13.40639,52.53222],[13.40558,52.52966],[13.40962,52.5289],[13.41109,52.53055],[13.40773,52.53168],[13.40725,52.53321],[13.40639,52.53222]]]},"properties":{"UWB":"03814","UWB3":"814","BWB":"038G","BWB3":"8G","AWK":"0308","BEZ":"03","BWK":"76"}},
{"type":"Feature","geometry":{"type":"Polygon","coordinates":[[[13.40725,52.53321],[13.40773,52.53168],[13.41109,52.53055],[13.41221,52.53145],[13.41286,52.53345],[13.4124,52.53606],[13.41222,52.53796],[13.41173,52.53783],[13.40824,52.53439],[13.40725,52.53321]]]},"properties":{"UWB":"03815","UWB3":"815","BWB":"038D","BWB3":"8D","AWK":"0308","BEZ":"03","BWK":"76"}},
{"type":"Feature","geometry":{"type":"Polygon","coordinates":[[[13.41216,52.54103],[13.41222,52.53796],[13.4124,52.53606],[13.41593,52.53655],[13.41628,52.54041],[13.41422,52.54074],[13.41216,52.54103]]]},"properties":{"UWB":"03816","UWB3":"816","BWB":"038A","BWB3":"8A","AWK":"0308","BEZ":"03","BWK":"76"}},
{"type":"Feature","geometry":{"type":"Polygon","coordinates":[[[13.40465,52.54051],[13.40969,52.53857],[13.41173,52.53783],[13.41222,52.53796],[13.41216,52.54103],[13.40821,52.54133],[13.40465,52.54051]]]},"properties":{"UWB":"03817","UWB3":"817","BWB":"038A","BWB3":"8A","AWK":"0308","BEZ":"03","BWK":"76"}},
{"type":"Feature","geometry":{"type":"Polygon","coordinates":[[[13.4061,52.53736],[13.40684,52.53589],[13.40969,52.53857],[13.40465,52.54051],[13.40419,52.5404],[13.4061,52.53736]]]},"properties":{"UWB":"03818","UWB3":"818","BWB":"038C","BWB3":"8C","AWK":"0308","BEZ":"03","BWK":"76"}},
{"type":"Feature","geometry":{"type":"Polygon","coordinates":[[[13.40824,52.53439],[13.41173,52.53783],[13.40969,52.53857],[13.40684,52.53589],[13.40824,52.53439]]]},"properties":{"UWB":"03819","UWB3":"819","BWB":"038C","BWB3":"8C","AWK":"0308","BEZ":"03","BWK":"76"}},
{"type":"Feature","geometry":{"type":"Polygon","coordinates":[[[13.418,52.54014],[13.41764,52.53833],[13.42011,52.53819],[13.42304,52.53716],[13.42379,52.53845],[13.42423,52.53919],[13.42165,52.53958],[13.41854,52.54006],[13.418,52.54014]]]},"properties":{"UWB":"03820","UWB3":"820","BWB":"038B","BWB3":"8B","AWK":"0308","BEZ":"03","BWK":"76"}},
{"type":"Feature","geometry":{"type":"Polygon","coordinates":[[[13.42304,52.53716],[13.42011,52.53819],[13.41836,52.53661],[13.42209,52.53557],[13.42304,52.53716]]]},"properties":{"UWB":"03821","UWB3":"821","BWB":"038F","BWB3":"8F","AWK":"0308","BEZ":"03","BWK":"76"}},
{"type":"Feature","geometry":{"type":"Polygon","coordinates":[[[13.41591,52.52721],[13.41595,52.52718],[13.4182,52.52964],[13.41904,52.53059],[13.41581,52.53169],[13.41207,52.52841],[13.41591,52.52721]]]},"properties":{"UWB":"03822","UWB3":"822","BWB":"038H","BWB3":"8H","AWK":"0308","BEZ":"03","BWK":"76"}},
{"type":"Feature","geometry":{"type":"Polygon","coordinates":[[[13.41628,52.54041],[13.41593,52.53655],[13.41701,52.53539],[13.41836,52.53661],[13.42011,52.53819],[13.41764,52.53833],[13.418,52.54014],[13.41628,52.54041]]]},"properties":{"UWB":"03823","UWB3":"823","BWB":"038B","BWB3":"8B","AWK":"0308","BEZ":"03","BWK":"76"}},
{"type":"Feature","geometry":{"type":"Polygon","coordinates":[[[13.44789,52.54696],[13.45345,52.5446],[13.45785,52.54251],[13.46731,52.53849],[13.46984,52.54046],[13.46753,52.54669],[13.46464,52.54607],[13.46008,52.547],[13.45483,52.54503],[13.45378,52.54682],[13.44934,52.54759],[13.44789,52.54696]]]},"properties":{"UWB":"03900","UWB3":"900","BWB":"039C","BWB3":"9C","AWK":"0309","BEZ":"03","BWK":"76"}},
{"type":"Feature","geometry":{"type":"Polygon","coordinates":[[[13.462,52.55072],[13.46257,52.54969],[13.45897,52.5489],[13.45946,52.54806],[13.4667,52.54964],[13.4655,52.55198],[13.462,52.55072]]]},"properties":{"UWB":"03901","UWB3":"901","BWB":"039A","BWB3":"9A","AWK":"0309","BEZ":"03","BWK":"76"}},
{"type":"Feature","geometry":{"type":"Polygon","coordinates":[[[13.4667,52.54964],[13.45946,52.54806],[13.46008,52.547],[13.46464,52.54607],[13.46753,52.54669],[13.46721,52.54821],[13.4667,52.54964]]]},"properties":{"UWB":"03902","UWB3":"902","BWB":"039C","BWB3":"9C","AWK":"0309","BEZ":"03","BWK":"76"}},
{"type":"Feature","geometry":{"type":"Polygon","coordinates":[[[13.46008,52.547],[13.45946,52.54806],[13.45897,52.5489],[13.45626,52.54832],[13.45675,52.54746],[13.45378,52.54682],[13.45483,52.54503],[13.46008,52.547]]]},"properties":{"UWB":"03903","UWB3":"903","BWB":"039B","BWB3":"9B","AWK":"0309","BEZ":"03","BWK":"76"}},
{"type":"Feature","geometry":{"type":"Polygon","coordinates":[[[13.45887,52.55003],[13.45091,52.54828],[13.44934,52.54759],[13.45378,52.54682],[13.45675,52.54746],[13.45626,52.54832],[13.45897,52.5489],[13.46257,52.54969],[13.462,52.55072],[13.45887,52.55003]]]},"properties":{"UWB":"03904","UWB3":"904","BWB":"039B","BWB3":"9B","AWK":"0309","BEZ":"03","BWK":"76"}},
{"type":"Feature","geometry":{"type":"Polygon","coordinates":[[[13.44459,52.54548],[13.44614,52.54485],[13.45347,52.54218],[13.45533,52.5413],[13.45785,52.54251],[13.45345,52.5446],[13.45196,52.544],[13.44633,52.54627],[13.44459,52.54548]]]},"properties":{"UWB":"03905","UWB3":"905","BWB":"039D","BWB3":"9D","AWK":"0309","BEZ":"03","BWK":"83"}},
{"type":"Feature","geometry":{"type":"Polygon","coordinates":[[[13.44634,52.54076],[13.44866,52.54309],[13.4467,52.54384],[13.4447,52.54201],[13.4423,52.54296],[13.44127,52.54192],[13.44425,52.54078],[13.44634,52.54076]]]},"properties":{"UWB":"03906","UWB3":"906","BWB":"039G","BWB3":"9G","AWK":"0309","BEZ":"03","BWK":"83"}},
{"type":"Feature","geometry":{"type":"Polygon","coordinates":[[[13.44614,52.54485],[13.4467,52.54384],[13.44866,52.54309],[13.44634,52.54076],[13.44686,52.54044],[13.45026,52.54177],[13.4523,52.54101],[13.45347,52.54218],[13.44614,52.54485]]]},"properties":{"UWB":"03907","UWB3":"907","BWB":"039F","BWB3":"9F","AWK":"0309","BEZ":"03","BWK":"83"}},
{"type":"Feature","geometry":{"type":"Polygon","coordinates":[[[13.45347,52.54218],[13.4523,52.54101],[13.45026,52.54177],[13.44686,52.54044],[13.44531,52.53887],[13.44951,52.53722],[13.45232,52.53907],[13.45533,52.5413],[13.45347,52.54218]]]},"properties":{"UWB":"03908","UWB3":"908","BWB":"039E","BWB3":"9E","AWK":"0309","BEZ":"03","BWK":"83"}},
{"type":"Feature","geometry":{"type":"Polygon","coordinates":[[[13.45785,52.54251],[13.45533,52.5413],[13.45232,52.53907],[13.45563,52.5357],[13.45838,52.53329],[13.45815,52.53196],[13.46221,52.53113],[13.46317,52.5323],[13.46452,52.5332],[13.46874,52.53471],[13.4678,52.53612],[13.46638,52.53665],[13.46731,52.53849],[13.45785,52.54251]]]},"properties":{"UWB":"03909","UWB3":"909","BWB":"039E","BWB3":"9E","AWK":"0309","BEZ":"03","BWK":"83"}},
{"type":"Feature","geometry":{"type":"Polygon","coordinates":[[[13.44951,52.53722],[13.44812,52.53631],[13.45594,52.52884],[13.45633,52.52839],[13.46085,52.52952],[13.46091,52.52959],[13.46221,52.53113],[13.45815,52.53196],[13.45838,52.53329],[13.45563,52.5357],[13.45232,52.53907],[13.44951,52.53722]]]},"properties":{"UWB":"03910","UWB3":"910","BWB":"039H","BWB3":"9H","AWK":"0309","BEZ":"03","BWK":"83"}},
{"type":"Feature","geometry":{"type":"Polygon","coordinates":[[[13.44753,52.52652],[13.45064,52.52744],[13.44726,52.53057],[13.44403,52.52941],[13.44753,52.52652]]]},"properties":{"UWB":"03911","UWB3":"911","BWB":"039P","BWB3":"9P","AWK":"0309","BEZ":"03","BWK":"83"}},
{"type":"Feature","geometry":{"type":"Polygon","coordinates":[[[13.44403,52.52941],[13.44726,52.53057],[13.45064,52.52744],[13.45218,52.52779],[13.45594,52.52884],[13.44812,52.53631],[13.44463,52.53409],[13.44151,52.53209],[13.44228,52.53102],[13.44403,52.52941]]]},"properties":{"UWB":"03912","UWB3":"912","BWB":"039H","BWB3":"9H","AWK":"0309","BEZ":"03","BWK":"83"}},
{"type":"Feature","geometry":{"type":"Polygon","coordinates":[[[13.43645,52.53911],[13.43623,52.53893],[13.4388,52.53781],[13.4367,52.53655],[13.43905,52.53543],[13.44016,52.53607],[13.44463,52.53409],[13.44812,52.53631],[13.44516,52.53791],[13.43834,52.54073],[13.43645,52.53911]]]},"properties":{"UWB":"03913","UWB3":"913","BWB":"039I","BWB3":"9I","AWK":"0309","BEZ":"03","BWK":"83"}},
{"type":"Feature","geometry":{"type":"Polygon","coordinates":[[[13.43217,52.53541],[13.4364,52.53338],[13.43738,52.53412],[13.43827,52.53483],[13.43564,52.53609],[13.43307,52.53618],[13.43217,52.53541]]]},"properties":{"UWB":"03914","UWB3":"914","BWB":"039L","BWB3":"9L","AWK":"0309","BEZ":"03","BWK":"83"}},
{"type":"Feature","geometry":{"type":"Polygon","coordinates":[[[13.44228,52.53102],[13.44151,52.53209],[13.43738,52.53412],[13.4364,52.53338],[13.43539,52.53262],[13.43611,52.53121],[13.43844,52.53017],[13.43748,52.52955],[13.43875,52.52878],[13.44228,52.53102]]]},"properties":{"UWB":"03915","UWB3":"915","BWB":"039K","BWB3":"9K","AWK":"0309","BEZ":"03","BWK":"83"}},
{"type":"Feature","geometry":{"type":"Polygon","coordinates":[[[13.4317,52.53501],[13.4294,52.53304],[13.43155,52.53208],[13.43245,52.53285],[13.43329,52.53358],[13.43539,52.53262],[13.4364,52.53338],[13.43217,52.53541],[13.4317,52.53501]]]},"properties":{"UWB":"03916","UWB3":"916","BWB":"039L","BWB3":"9L","AWK":"0309","BEZ":"03","BWK":"83"}},
{"type":"Feature","geometry":{"type":"Polygon","coordinates":[[[13.42823,52.53202],[13.43236,52.53028],[13.43359,52.53122],[13.4345,52.53193],[13.43245,52.53285],[13.43155,52.53208],[13.4294,52.53304],[13.42823,52.53202]]]},"properties":{"UWB":"03917","UWB3":"917","BWB":"039N","BWB3":"9N","AWK":"0309","BEZ":"03","BWK":"83"}},
{"type":"Feature","geometry":{"type":"Polygon","coordinates":[[[13.43748,52.52955],[13.43844,52.53017],[13.43611,52.53121],[13.43539,52.53262],[13.43329,52.53358],[13.43245,52.53285],[13.4345,52.53193],[13.43359,52.53122],[13.43738,52.52954],[13.43748,52.52955]]]},"properties":{"UWB":"03918","UWB3":"918","BWB":"039M","BWB3":"9M","AWK":"0309","BEZ":"03","BWK":"83"}},
{"type":"Feature","geometry":{"type":"Polygon","coordinates":[[[13.43738,52.52954],[13.43359,52.53122],[13.43236,52.53028],[13.43026,52.5287],[13.43738,52.52954]]]},"properties":{"UWB":"03919","UWB3":"919","BWB":"039M","BWB3":"9M","AWK":"0309","BEZ":"03","BWK":"83"}},
{"type":"Feature","geometry":{"type":"Polygon","coordinates":[[[13.44144,52.54337],[13.4423,52.54296],[13.4447,52.54201],[13.4467,52.54384],[13.44614,52.54485],[13.44459,52.54548],[13.44279,52.54456],[13.44144,52.54337]]]},"properties":{"UWB":"03920","UWB3":"920","BWB":"039F","BWB3":"9F","AWK":"0309","BEZ":"03","BWK":"83"}},
{"type":"Feature","geometry":{"type":"Polygon","coordinates":[[[13.43891,52.54124],[13.43834,52.54073],[13.44516,52.53791],[13.44812,52.53631],[13.44951,52.53722],[13.44531,52.53887],[13.44686,52.54044],[13.44634,52.54076],[13.44425,52.54078],[13.44127,52.54192],[13.4423,52.54296],[13.44144,52.54337],[13.43891,52.54124]]]},"properties":{"UWB":"03921","UWB3":"921","BWB":"039G","BWB3":"9G","AWK":"0309","BEZ":"03","BWK":"83"}},
{"type":"Feature","geometry":{"type":"Polygon","coordinates":[[[13.45513,52.52353],[13.45615,52.52246],[13.45529,52.52127],[13.45696,52.52097],[13.46253,52.51996],[13.46954,52.52048],[13.47211,52.52069],[13.46949,52.52287],[13.4676,52.52366],[13.46123,52.52498],[13.45885,52.52593],[13.45633,52.52839],[13.45594,52.52884],[13.45218,52.52779],[13.45513,52.52353]]]},"properties":{"UWB":"03922","UWB3":"922","BWB":"039Q","BWB3":"9Q","AWK":"0309","BEZ":"03","BWK":"83"}},
{"type":"Feature","geometry":{"type":"Polygon","coordinates":[[[13.44633,52.54627],[13.45196,52.544],[13.45345,52.5446],[13.44789,52.54696],[13.44633,52.54627]]]},"properties":{"UWB":"03923","UWB3":"923","BWB":"039D","BWB3":"9D","AWK":"0309","BEZ":"03","BWK":"83"}},
{"type":"Feature","geometry":{"type":"Polygon","coordinates":[[[13.43307,52.53618],[13.43564,52.53609],[13.43827,52.53483],[13.43905,52.53543],[13.4367,52.53655],[13.4388,52.53781],[13.43623,52.53893],[13.43307,52.53618]]]},"properties":{"UWB":"03924","UWB3":"924","BWB":"039I","BWB3":"9I","AWK":"0309","BEZ":"03","BWK":"83"}},
{"type":"Feature","geometry":{"type":"Polygon","coordinates":[[[13.42492,52.52796],[13.43026,52.5287],[13.43236,52.53028],[13.42823,52.53202],[13.42745,52.53138],[13.42494,52.52917],[13.4238,52.52819],[13.42364,52.52791],[13.42492,52.52796]]]},"properties":{"UWB":"03925","UWB3":"925","BWB":"039N","BWB3":"9N","AWK":"0309","BEZ":"03","BWK":"83"}},
{"type":"Feature","geometry":{"type":"Polygon","coordinates":[[[13.44463,52.53409],[13.44016,52.53607],[13.43905,52.53543],[13.43827,52.53483],[13.43738,52.53412],[13.44151,52.53209],[13.44463,52.53409]]]},"properties":{"UWB":"03926","UWB3":"926","BWB":"039K","BWB3":"9K","AWK":"0309","BEZ":"03","BWK":"83"}},
{"type":"Feature","geometry":{"type":"Polygon","coordinates":[[[13.30121,52.54881],[13.27033,52.54935],[13.27031,52.54876],[13.26997,52.54859],[13.27066,52.54788],[13.27314,52.54291],[13.27338,52.54179],[13.27247,52.53937],[13.27671,52.5382],[13.27942,52.53811],[13.27978,52.541],[13.28472,52.54039],[13.29118,52.53975],[13.29516,52.53961],[13.29772,52.54438],[13.30121,52.54881]]]},"properties":{"UWB":"04101","UWB3":"101","BWB":"041A","BWB3":"1A","AWK":"0401","BEZ":"04","BWK":"78"}},
{"type":"Feature","geometry":{"type":"Polygon","coordinates":[[[13.27942,52.53811],[13.28344,52.53817],[13.28442,52.53819],[13.28472,52.54039],[13.27978,52.541],[13.27942,52.53811]]]},"properties":{"UWB":"04102","UWB3":"102","BWB":"041B","BWB3":"1B","AWK":"0401","BEZ":"04","BWK":"78"}},
{"type":"Feature","geometry":{"type":"Polygon","coordinates":[[[13.28472,52.54039],[13.28442,52.53819],[13.28344,52.53817],[13.2834,52.53732],[13.28675,52.537],[13.28681,52.53517],[13.28863,52.53519],[13.29001,52.53563],[13.2909,52.53728],[13.29118,52.53975],[13.28472,52.54039]]]},"properties":{"UWB":"04103","UWB3":"103","BWB":"041C","BWB3":"1C","AWK":"0401","BEZ":"04","BWK":"78"}},
{"type":"Feature","geometry":{"type":"Polygon","coordinates":[[[13.29118,52.53975],[13.2909,52.53728],[13.29001,52.53563],[13.28863,52.53519],[13.28984,52.53414],[13.29312,52.53438],[13.29361,52.53475],[13.29335,52.53629],[13.29516,52.53961],[13.29118,52.53975]]]},"properties":{"UWB":"04104","UWB3":"104","BWB":"041D","BWB3":"1D","AWK":"0401","BEZ":"04","BWK":"78"}},
{"type":"Feature","geometry":{"type":"Polygon","coordinates":[[[13.27942,52.53811],[13.27954,52.5365],[13.28202,52.53512],[13.28681,52.53517],[13.28675,52.537],[13.2834,52.53732],[13.28344,52.53817],[13.27942,52.53811]]]},"properties":{"UWB":"04105","UWB3":"105","BWB":"041E","BWB3":"1E","AWK":"0401","BEZ":"04","BWK":"78"}},
{"type":"Feature","geometry":{"type":"Polygon","coordinates":[[[13.27247,52.53937],[13.27522,52.53769],[13.27627,52.53564],[13.28218,52.53405],[13.28102,52.53029],[13.28367,52.52943],[13.28732,52.52973],[13.29133,52.53129],[13.29259,52.53143],[13.29466,52.53259],[13.29312,52.53438],[13.28984,52.53414],[13.28863,52.53519],[13.28681,52.53517],[13.28202,52.53512],[13.27954,52.5365],[13.27942,52.53811],[13.27671,52.5382],[13.27247,52.53937]]]},"properties":{"UWB":"04106","UWB3":"106","BWB":"041F","BWB3":"1F","AWK":"0401","BEZ":"04","BWK":"78"}},
{"type":"Feature","geometry":{"type":"Polygon","coordinates":[[[13.32636,52.53768],[13.32913,52.53823],[13.32714,52.53973],[13.32733,52.54143],[13.32623,52.54187],[13.31793,52.54824],[13.30153,52.54881],[13.30121,52.54881],[13.29772,52.54438],[13.29516,52.53961],[13.29752,52.53948],[13.30203,52.53949],[13.30405,52.53948],[13.30403,52.53646],[13.30453,52.53491],[13.31141,52.53561],[13.32636,52.53768]]]},"properties":{"UWB":"04107","UWB3":"107","BWB":"041G","BWB3":"1G","AWK":"0401","BEZ":"04","BWK":"78"}},
{"type":"Feature","geometry":{"type":"Polygon","coordinates":[[[13.29752,52.53948],[13.29722,52.53772],[13.30249,52.53775],[13.30203,52.53949],[13.29752,52.53948]]]},"properties":{"UWB":"04108","UWB3":"108","BWB":"041H","BWB3":"1H","AWK":"0401","BEZ":"04","BWK":"78"}},
{"type":"Feature","geometry":{"type":"Polygon","coordinates":[[[13.29361,52.53475],[13.29852,52.5351],[13.29704,52.536],[13.29722,52.53772],[13.29752,52.53948],[13.29516,52.53961],[13.29335,52.53629],[13.29361,52.53475]]]},"properties":{"UWB":"04109","UWB3":"109","BWB":"041I","BWB3":"1I","AWK":"0401","BEZ":"04","BWK":"78"}},
{"type":"Feature","geometry":{"type":"Polygon","coordinates":[[[13.29722,52.53772],[13.29704,52.536],[13.29852,52.5351],[13.30287,52.53626],[13.30249,52.53775],[13.29722,52.53772]]]},"properties":{"UWB":"04110","UWB3":"110","BWB":"041J","BWB3":"1J","AWK":"0401","BEZ":"04","BWK":"78"}},
{"type":"Feature","geometry":{"type":"Polygon","coordinates":[[[13.31141,52.53561],[13.30453,52.53491],[13.30403,52.53646],[13.30405,52.53948],[13.30203,52.53949],[13.30249,52.53775],[13.30287,52.53626],[13.29852,52.5351],[13.29361,52.53475],[13.29312,52.53438],[13.29466,52.53259],[13.29812,52.5334],[13.30526,52.53449],[13.31149,52.5354],[13.31141,52.53561]]]},"properties":{"UWB":"04111","UWB3":"111","BWB":"041H","BWB3":"1H","AWK":"0401","BEZ":"04","BWK":"78"}},
{"type":"Feature","geometry":{"type":"Polygon","coordinates":[[[13.29259,52.53143],[13.29447,52.53078],[13.29511,52.52965],[13.2958,52.52843],[13.29926,52.52798],[13.29985,52.5295],[13.30155,52.52925],[13.30653,52.52883],[13.30572,52.53401],[13.30526,52.53449],[13.29812,52.5334],[13.29466,52.53259],[13.29259,52.53143]]]},"properties":{"UWB":"04112","UWB3":"112","BWB":"041K","BWB3":"1K","AWK":"0401","BEZ":"04","BWK":"78"}},
{"type":"Feature","geometry":{"type":"Polygon","coordinates":[[[13.2958,52.52843],[13.29674,52.52549],[13.29976,52.52504],[13.30084,52.52747],[13.30155,52.52925],[13.29985,52.5295],[13.29926,52.52798],[13.2958,52.52843]]]},"properties":{"UWB":"04113","UWB3":"113","BWB":"041L","BWB3":"1L","AWK":"0401","BEZ":"04","BWK":"78"}},
{"type":"Feature","geometry":{"type":"Polygon","coordinates":[[[13.31434,52.53044],[13.31674,52.5309],[13.31703,52.53235],[13.31303,52.53187],[13.31149,52.5354],[13.30526,52.53449],[13.30572,52.53401],[13.30653,52.52883],[13.30155,52.52925],[13.30084,52.52747],[13.30244,52.52696],[13.3057,52.52649],[13.30609,52.5257],[13.30988,52.52573],[13.30984,52.5246],[13.31173,52.52458],[13.31182,52.52575],[13.31494,52.52577],[13.31335,52.53026],[13.31434,52.53044]]]},"properties":{"UWB":"04114","UWB3":"114","BWB":"041M","BWB3":"1M","AWK":"0401","BEZ":"04","BWK":"78"}},
{"type":"Feature","geometry":{"type":"Polygon","coordinates":[[[13.29674,52.52549],[13.29779,52.52246],[13.30012,52.52188],[13.30042,52.52249],[13.30115,52.52413],[13.29976,52.52504],[13.29674,52.52549]]]},"properties":{"UWB":"04115","UWB3":"115","BWB":"041N","BWB3":"1N","AWK":"0401","BEZ":"04","BWK":"78"}},
{"type":"Feature","geometry":{"type":"Polygon","coordinates":[[[13.29976,52.52504],[13.30115,52.52413],[13.30042,52.52249],[13.30333,52.52451],[13.30144,52.52478],[13.30244,52.52696],[13.30084,52.52747],[13.29976,52.52504]]]},"properties":{"UWB":"04116","UWB3":"116","BWB":"041P","BWB3":"1P","AWK":"0401","BEZ":"04","BWK":"78"}},
{"type":"Feature","geometry":{"type":"Polygon","coordinates":[[[13.31587,52.52315],[13.30792,52.52326],[13.30798,52.52462],[13.30984,52.5246],[13.30988,52.52573],[13.30609,52.5257],[13.30623,52.52071],[13.31252,52.52071],[13.31452,52.52033],[13.31731,52.52062],[13.31587,52.52315]]]},"properties":{"UWB":"04117","UWB3":"117","BWB":"041Q","BWB3":"1Q","AWK":"0401","BEZ":"04","BWK":"78"}},
{"type":"Feature","geometry":{"type":"Polygon","coordinates":[[[13.31494,52.52577],[13.31182,52.52575],[13.31173,52.52458],[13.30984,52.5246],[13.30798,52.52462],[13.30792,52.52326],[13.31587,52.52315],[13.31494,52.52577]]]},"properties":{"UWB":"04118","UWB3":"118","BWB":"041R","BWB3":"1R","AWK":"0401","BEZ":"04","BWK":"78"}},
{"type":"Feature","geometry":{"type":"Polygon","coordinates":[[[13.30244,52.52696],[13.30144,52.52478],[13.30333,52.52451],[13.30042,52.52249],[13.30012,52.52188],[13.30217,52.52172],[13.30623,52.52071],[13.30609,52.5257],[13.3057,52.52649],[13.30244,52.52696]]]},"properties":{"UWB":"04119","UWB3":"119","BWB":"041S","BWB3":"1S","AWK":"0401","BEZ":"04","BWK":"78"}},
{"type":"Feature","geometry":{"type":"Polygon","coordinates":[[[13.24671,52.52447],[13.24055,52.52595],[13.2383,52.52612],[13.23127,52.52577],[13.22818,52.52602],[13.2273,52.52561],[13.22202,52.52617],[13.21939,52.52142],[13.21949,52.51816],[13.2201,52.5146],[13.22095,52.51362],[13.2235,52.51212],[13.22436,52.51257],[13.22312,52.5133],[13.22488,52.51423],[13.22821,52.51463],[13.2274,52.51601],[13.23085,52.51718],[13.23409,52.51964],[13.2352,52.51969],[13.24038,52.52137],[13.24274,52.52178],[13.2471,52.52071],[13.25001,52.51684],[13.254,52.51609],[13.25198,52.52102],[13.24671,52.52447]]]},"properties":{"UWB":"04201","UWB3":"201","BWB":"042A","BWB3":"2A","AWK":"0402","BEZ":"04","BWK":"80"}},
{"type":"Feature","geometry":{"type":"Polygon","coordinates":[[[13.22436,52.51257],[13.22699,52.51354],[13.23073,52.51387],[13.23132,52.5099],[13.24062,52.51134],[13.24089,52.51069],[13.24188,52.50824],[13.24523,52.50932],[13.24963,52.50943],[13.24967,52.50799],[13.25909,52.50855],[13.25667,52.51003],[13.25554,52.51168],[13.25404,52.51597],[13.254,52.51609],[13.25001,52.51684],[13.2471,52.52071],[13.24274,52.52178],[13.24038,52.52137],[13.2352,52.51969],[13.23409,52.51964],[13.23085,52.51718],[13.2274,52.51601],[13.22821,52.51463],[13.22488,52.51423],[13.22312,52.5133],[13.22436,52.51257]]]},"properties":{"UWB":"04202","UWB3":"202","BWB":"042B","BWB3":"2B","AWK":"0402","BEZ":"04","BWK":"80"}},
{"type":"Feature","geometry":{"type":"Polygon","coordinates":[[[13.22095,52.51362],[13.21847,52.5134],[13.21643,52.51165],[13.21498,52.50951],[13.21186,52.50935],[13.20876,52.50505],[13.20973,52.50291],[13.21186,52.50222],[13.21545,52.50266],[13.21441,52.5032],[13.21445,52.50547],[13.21599,52.50732],[13.21826,52.5088],[13.22166,52.51111],[13.2244,52.50947],[13.22828,52.50775],[13.22881,52.50946],[13.22644,52.51031],[13.2235,52.51212],[13.22095,52.51362]]]},"properties":{"UWB":"04203","UWB3":"203","BWB":"042A","BWB3":"2A","AWK":"0402","BEZ":"04","BWK":"80"}},
{"type":"Feature","geometry":{"type":"Polygon","coordinates":[[[13.21826,52.5088],[13.22844,52.50671],[13.22828,52.50775],[13.2244,52.50947],[13.22166,52.51111],[13.21826,52.5088]]]},"properties":{"UWB":"04204","UWB3":"204","BWB":"042C","BWB3":"2C","AWK":"0402","BEZ":"04","BWK":"80"}},
{"type":"Feature","geometry":{"type":"Polygon","coordinates":[[[13.24089,52.51069],[13.23657,52.51001],[13.23515,52.5087],[13.23565,52.50556],[13.23944,52.5058],[13.23844,52.50424],[13.24346,52.50455],[13.24586,52.50619],[13.24562,52.50774],[13.24967,52.50799],[13.24963,52.50943],[13.24523,52.50932],[13.24188,52.50824],[13.24089,52.51069]]]},"properties":{"UWB":"04205","UWB3":"205","BWB":"042B","BWB3":"2B","AWK":"0402","BEZ":"04","BWK":"80"}},
{"type":"Feature","geometry":{"type":"Polygon","coordinates":[[[13.26876,52.52894],[13.26393,52.52851],[13.25979,52.52732],[13.25121,52.52708],[13.24856,52.52746],[13.24668,52.52831],[13.2476,52.52443],[13.25289,52.523],[13.25278,52.52233],[13.25635,52.52108],[13.2552,52.52044],[13.25731,52.51884],[13.25837,52.51969],[13.25919,52.5218],[13.26304,52.52111],[13.27275,52.51939],[13.27464,52.52328],[13.27431,52.52742],[13.27369,52.52817],[13.26979,52.5285],[13.26876,52.52894]]]},"properties":{"UWB":"04206","UWB3":"206","BWB":"042D","BWB3":"2D","AWK":"0402","BEZ":"04","BWK":"80"}},
{"type":"Feature","geometry":{"type":"Polygon","coordinates":[[[13.28102,52.53029],[13.27915,52.53029],[13.27501,52.52892],[13.26876,52.52894],[13.26979,52.5285],[13.27369,52.52817],[13.27431,52.52742],[13.27464,52.52328],[13.27275,52.51939],[13.26304,52.52111],[13.26264,52.52041],[13.27229,52.51869],[13.27193,52.51792],[13.27734,52.51694],[13.27803,52.51839],[13.27943,52.51835],[13.28286,52.51858],[13.28097,52.52301],[13.28158,52.52669],[13.28288,52.52701],[13.28511,52.52864],[13.28832,52.52896],[13.29511,52.52965],[13.29447,52.53078],[13.29259,52.53143],[13.29133,52.53129],[13.28732,52.52973],[13.28367,52.52943],[13.28102,52.53029]]]},"properties":{"UWB":"04207","UWB3":"207","BWB":"042E","BWB3":"2E","AWK":"0402","BEZ":"04","BWK":"80"}},
{"type":"Feature","geometry":{"type":"Polygon","coordinates":[[[13.29511,52.52965],[13.28832,52.52896],[13.28861,52.52775],[13.286,52.52569],[13.2856,52.52458],[13.28848,52.52434],[13.28864,52.52329],[13.28567,52.52227],[13.28649,52.51937],[13.29095,52.51975],[13.29069,52.52129],[13.29779,52.52246],[13.29674,52.52549],[13.2958,52.52843],[13.29511,52.52965]]]},"properties":{"UWB":"04208","UWB3":"208","BWB":"042F","BWB3":"2F","AWK":"0402","BEZ":"04","BWK":"80"}},
{"type":"Feature","geometry":{"type":"Polygon","coordinates":[[[13.254,52.51609],[13.25404,52.51597],[13.25493,52.5161],[13.25708,52.51633],[13.25654,52.51754],[13.25731,52.51884],[13.2552,52.52044],[13.25635,52.52108],[13.25278,52.52233],[13.25289,52.523],[13.2476,52.52443],[13.24671,52.52447],[13.25198,52.52102],[13.254,52.51609]]]},"properties":{"UWB":"04209","UWB3":"209","BWB":"042G","BWB3":"2G","AWK":"0402","BEZ":"04","BWK":"80"}},
{"type":"Feature","geometry":{"type":"Polygon","coordinates":[[[13.25731,52.51884],[13.25654,52.51754],[13.25819,52.51816],[13.25993,52.51815],[13.26567,52.51712],[13.26612,52.51807],[13.26176,52.51886],[13.26264,52.52041],[13.26304,52.52111],[13.25919,52.5218],[13.25837,52.51969],[13.25731,52.51884]]]},"properties":{"UWB":"04210","UWB3":"210","BWB":"042H","BWB3":"2H","AWK":"0402","BEZ":"04","BWK":"80"}},
{"type":"Feature","geometry":{"type":"Polygon","coordinates":[[[13.26264,52.52041],[13.26176,52.51886],[13.26612,52.51807],[13.26855,52.51763],[13.26811,52.51667],[13.27176,52.51583],[13.27154,52.51708],[13.27466,52.51653],[13.27418,52.51558],[13.27651,52.51515],[13.27744,52.51418],[13.27943,52.51835],[13.27803,52.51839],[13.27734,52.51694],[13.27193,52.51792],[13.27229,52.51869],[13.26264,52.52041]]]},"properties":{"UWB":"04211","UWB3":"211","BWB":"042I","BWB3":"2I","AWK":"0402","BEZ":"04","BWK":"80"}},
{"type":"Feature","geometry":{"type":"Polygon","coordinates":[[[13.25493,52.5161],[13.25582,52.51358],[13.25877,52.51191],[13.2604,52.51268],[13.25979,52.51484],[13.26322,52.51484],[13.25819,52.51816],[13.25654,52.51754],[13.25708,52.51633],[13.25493,52.5161]]]},"properties":{"UWB":"04212","UWB3":"212","BWB":"042J","BWB3":"2J","AWK":"0402","BEZ":"04","BWK":"80"}},
{"type":"Feature","geometry":{"type":"Polygon","coordinates":[[[13.26811,52.51667],[13.26731,52.51493],[13.26454,52.51469],[13.27671,52.5126],[13.27719,52.51361],[13.27744,52.51418],[13.27651,52.51515],[13.27418,52.51558],[13.27466,52.51653],[13.27154,52.51708],[13.27176,52.51583],[13.26811,52.51667]]]},"properties":{"UWB":"04213","UWB3":"213","BWB":"042K","BWB3":"2K","AWK":"0402","BEZ":"04","BWK":"80"}},
{"type":"Feature","geometry":{"type":"Polygon","coordinates":[[[13.27943,52.51835],[13.27744,52.51418],[13.27719,52.51361],[13.28127,52.51386],[13.28074,52.51693],[13.28371,52.51686],[13.28286,52.51858],[13.27943,52.51835]]]},"properties":{"UWB":"04214","UWB3":"214","BWB":"042L","BWB3":"2L","AWK":"0402","BEZ":"04","BWK":"80"}},
{"type":"Feature","geometry":{"type":"Polygon","coordinates":[[[13.28371,52.51686],[13.28493,52.51478],[13.28537,52.51288],[13.28838,52.51307],[13.28776,52.51518],[13.29074,52.51535],[13.29049,52.51666],[13.2903,52.51776],[13.2857,52.51729],[13.28532,52.51871],[13.28286,52.51858],[13.28371,52.51686]]]},"properties":{"UWB":"04215","UWB3":"215","BWB":"042M","BWB3":"2M","AWK":"0402","BEZ":"04","BWK":"80"}},
{"type":"Feature","geometry":{"type":"Polygon","coordinates":[[[13.2604,52.51268],[13.26441,52.51093],[13.26639,52.509],[13.2685,52.50912],[13.26781,52.51003],[13.26471,52.51214],[13.26624,52.51305],[13.26405,52.51435],[13.26322,52.51484],[13.25979,52.51484],[13.2604,52.51268]]]},"properties":{"UWB":"04216","UWB3":"216","BWB":"042N","BWB3":"2N","AWK":"0402","BEZ":"04","BWK":"80"}},
{"type":"Feature","geometry":{"type":"Polygon","coordinates":[[[13.25909,52.50855],[13.26639,52.509],[13.26441,52.51093],[13.2604,52.51268],[13.25877,52.51191],[13.25582,52.51358],[13.25493,52.5161],[13.25404,52.51597],[13.25554,52.51168],[13.25667,52.51003],[13.25909,52.50855]]]},"properties":{"UWB":"04217","UWB3":"217","BWB":"042P","BWB3":"2P","AWK":"0402","BEZ":"04","BWK":"80"}},
{"type":"Feature","geometry":{"type":"Polygon","coordinates":[[[13.2685,52.50912],[13.27122,52.50927],[13.27203,52.50996],[13.27258,52.51217],[13.2695,52.51276],[13.2689,52.51147],[13.26624,52.51305],[13.26471,52.51214],[13.26781,52.51003],[13.2685,52.50912]]]},"properties":{"UWB":"04218","UWB3":"218","BWB":"042Q","BWB3":"2Q","AWK":"0402","BEZ":"04","BWK":"80"}},
{"type":"Feature","geometry":{"type":"Polygon","coordinates":[[[13.26454,52.51469],[13.26405,52.51435],[13.26624,52.51305],[13.2689,52.51147],[13.2695,52.51276],[13.27258,52.51217],[13.27203,52.50996],[13.27454,52.50958],[13.27779,52.50974],[13.27671,52.5126],[13.26454,52.51469]]]},"properties":{"UWB":"04219","UWB3":"219","BWB":"042R","BWB3":"2R","AWK":"0402","BEZ":"04","BWK":"80"}},
{"type":"Feature","geometry":{"type":"Polygon","coordinates":[[[13.24967,52.50799],[13.24562,52.50774],[13.24586,52.50619],[13.24346,52.50455],[13.25413,52.50521],[13.2555,52.50416],[13.25252,52.5014],[13.25524,52.5001],[13.2518,52.49741],[13.2565,52.49515],[13.2595,52.49371],[13.26286,52.49648],[13.26351,52.49618],[13.26692,52.49888],[13.27033,52.49728],[13.27183,52.49847],[13.26848,52.49963],[13.26658,52.50113],[13.26458,52.5053],[13.26368,52.50636],[13.25909,52.50855],[13.24967,52.50799]]]},"properties":{"UWB":"04220","UWB3":"220","BWB":"042S","BWB3":"2S","AWK":"0402","BEZ":"04","BWK":"80"}},
{"type":"Feature","geometry":{"type":"Polygon","coordinates":[[[13.26639,52.509],[13.25909,52.50855],[13.26368,52.50636],[13.26458,52.5053],[13.26658,52.50113],[13.26848,52.49963],[13.27183,52.49847],[13.27451,52.49832],[13.28119,52.50034],[13.28187,52.5016],[13.2813,52.503],[13.28194,52.50586],[13.28326,52.50644],[13.28373,52.50884],[13.28317,52.51008],[13.27779,52.50974],[13.27454,52.50958],[13.27203,52.50996],[13.27122,52.50927],[13.2685,52.50912],[13.26639,52.509]]]},"properties":{"UWB":"04221","UWB3":"221","BWB":"042T","BWB3":"2T","AWK":"0402","BEZ":"04","BWK":"80"}},
{"type":"Feature","geometry":{"type":"Polygon","coordinates":[[[13.27451,52.49832],[13.27303,52.49787],[13.27288,52.49712],[13.27587,52.49502],[13.28197,52.4981],[13.28267,52.49752],[13.28295,52.49728],[13.28759,52.49701],[13.28719,52.49789],[13.28468,52.49824],[13.2845,52.49923],[13.28697,52.49991],[13.28777,52.49929],[13.2905,52.49919],[13.29063,52.50019],[13.29469,52.50178],[13.29498,52.50186],[13.29585,52.50248],[13.2953,52.50332],[13.29037,52.50261],[13.28993,52.50289],[13.28568,52.50315],[13.28463,52.50379],[13.28365,52.50645],[13.28326,52.50644],[13.28194,52.50586],[13.2813,52.503],[13.28187,52.5016],[13.28119,52.50034],[13.27451,52.49832]]]},"properties":{"UWB":"04222","UWB3":"222","BWB":"042U","BWB3":"2U","AWK":"0402","BEZ":"04","BWK":"80"}},
{"type":"Feature","geometry":{"type":"Polygon","coordinates":[[[13.28295,52.49728],[13.28555,52.49475],[13.28653,52.49558],[13.29031,52.49703],[13.2905,52.49919],[13.28777,52.49929],[13.28697,52.49991],[13.2845,52.49923],[13.28468,52.49824],[13.28719,52.49789],[13.28759,52.49701],[13.28295,52.49728]]]},"properties":{"UWB":"04223","UWB3":"223","BWB":"042V","BWB3":"2V","AWK":"0402","BEZ":"04","BWK":"80"}},
{"type":"Feature","geometry":{"type":"Polygon","coordinates":[[[13.2565,52.49515],[13.2575,52.49213],[13.25935,52.48997],[13.26164,52.48892],[13.26443,52.49072],[13.26756,52.49419],[13.27102,52.49691],[13.27303,52.49787],[13.27451,52.49832],[13.27183,52.49847],[13.27033,52.49728],[13.26692,52.49888],[13.26351,52.49618],[13.26286,52.49648],[13.2595,52.49371],[13.2565,52.49515]]]},"properties":{"UWB":"04224","UWB3":"224","BWB":"042W","BWB3":"2W","AWK":"0402","BEZ":"04","BWK":"80"}},
{"type":"Feature","geometry":{"type":"Polygon","coordinates":[[[13.29779,52.52246],[13.29069,52.52129],[13.29095,52.51975],[13.28649,52.51937],[13.28567,52.52227],[13.28864,52.52329],[13.28848,52.52434],[13.2856,52.52458],[13.286,52.52569],[13.28861,52.52775],[13.28832,52.52896],[13.28511,52.52864],[13.28288,52.52701],[13.28158,52.52669],[13.28097,52.52301],[13.28286,52.51858],[13.28532,52.51871],[13.2857,52.51729],[13.2903,52.51776],[13.29267,52.51791],[13.29239,52.51921],[13.29808,52.51955],[13.29958,52.51962],[13.30012,52.52188],[13.29779,52.52246]]]},"properties":{"UWB":"04225","UWB3":"225","BWB":"042X","BWB3":"2X","AWK":"0402","BEZ":"04","BWK":"80"}},
{"type":"Feature","geometry":{"type":"Polygon","coordinates":[[[13.25819,52.51816],[13.26322,52.51484],[13.26405,52.51435],[13.26454,52.51469],[13.26731,52.51493],[13.26811,52.51667],[13.26855,52.51763],[13.26612,52.51807],[13.26567,52.51712],[13.25993,52.51815],[13.25819,52.51816]]]},"properties":{"UWB":"04226","UWB3":"226","BWB":"042I","BWB3":"2I","AWK":"0402","BEZ":"04","BWK":"80"}},
{"type":"Feature","geometry":{"type":"Polygon","coordinates":[[[13.2235,52.51212],[13.22644,52.51031],[13.22881,52.50946],[13.22828,52.50775],[13.22844,52.50671],[13.21826,52.5088],[13.21599,52.50732],[13.21445,52.50547],[13.21441,52.5032],[13.21545,52.50266],[13.22338,52.50332],[13.23844,52.50424],[13.23944,52.5058],[13.23565,52.50556],[13.23515,52.5087],[13.23657,52.51001],[13.24089,52.51069],[13.24062,52.51134],[13.23132,52.5099],[13.23073,52.51387],[13.22699,52.51354],[13.22436,52.51257],[13.2235,52.51212]]]},"properties":{"UWB":"04227","UWB3":"227","BWB":"042Y","BWB3":"2Y","AWK":"0402","BEZ":"04","BWK":"80"}},
{"type":"Feature","geometry":{"type":"Polygon","coordinates":[[[13.29049,52.51666],[13.29636,52.51687],[13.2961,52.51861],[13.29808,52.51955],[13.29239,52.51921],[13.29267,52.51791],[13.2903,52.51776],[13.29049,52.51666]]]},"properties":{"UWB":"04301","UWB3":"301","BWB":"043A","BWB3":"3A","AWK":"0403","BEZ":"04","BWK":"80"}},
{"type":"Feature","geometry":{"type":"Polygon","coordinates":[[[13.29808,52.51955],[13.2961,52.51861],[13.29636,52.51687],[13.30057,52.5171],[13.30128,52.51911],[13.29958,52.51962],[13.29808,52.51955]]]},"properties":{"UWB":"04302","UWB3":"302","BWB":"043B","BWB3":"3B","AWK":"0403","BEZ":"04","BWK":"80"}},
{"type":"Feature","geometry":{"type":"Polygon","coordinates":[[[13.29636,52.51687],[13.29654,52.51575],[13.29928,52.51521],[13.30085,52.5154],[13.30278,52.5155],[13.30258,52.51685],[13.3045,52.51734],[13.30658,52.51743],[13.30444,52.5181],[13.30128,52.51911],[13.30057,52.5171],[13.29636,52.51687]]]},"properties":{"UWB":"04303","UWB3":"303","BWB":"043C","BWB3":"3C","AWK":"0403","BEZ":"04","BWK":"80"}},
{"type":"Feature","geometry":{"type":"Polygon","coordinates":[[[13.30278,52.5155],[13.30313,52.51343],[13.30497,52.51342],[13.30492,52.51382],[13.30459,52.51661],[13.3045,52.51734],[13.30258,52.51685],[13.30278,52.5155]]]},"properties":{"UWB":"04304","UWB3":"304","BWB":"043D","BWB3":"3D","AWK":"0403","BEZ":"04","BWK":"80"}},
{"type":"Feature","geometry":{"type":"Polygon","coordinates":[[[13.29654,52.51575],[13.29405,52.51553],[13.29447,52.51343],[13.29688,52.51355],[13.29944,52.51346],[13.29909,52.51486],[13.30085,52.5154],[13.29928,52.51521],[13.29654,52.51575]]]},"properties":{"UWB":"04305","UWB3":"305","BWB":"043E","BWB3":"3E","AWK":"0403","BEZ":"04","BWK":"80"}},
{"type":"Feature","geometry":{"type":"Polygon","coordinates":[[[13.29074,52.51535],[13.29405,52.51553],[13.29654,52.51575],[13.29636,52.51687],[13.29049,52.51666],[13.29074,52.51535]]]},"properties":{"UWB":"04306","UWB3":"306","BWB":"043F","BWB3":"3F","AWK":"0403","BEZ":"04","BWK":"80"}},
{"type":"Feature","geometry":{"type":"Polygon","coordinates":[[[13.28838,52.51307],[13.28866,52.51226],[13.2913,52.51242],[13.29074,52.51535],[13.28776,52.51518],[13.28838,52.51307]]]},"properties":{"UWB":"04307","UWB3":"307","BWB":"043G","BWB3":"3G","AWK":"0403","BEZ":"04","BWK":"80"}},
{"type":"Feature","geometry":{"type":"Polygon","coordinates":[[[13.27671,52.5126],[13.28144,52.51283],[13.28537,52.51288],[13.28493,52.51478],[13.28371,52.51686],[13.28074,52.51693],[13.28127,52.51386],[13.27719,52.51361],[13.27671,52.5126]]]},"properties":{"UWB":"04308","UWB3":"308","BWB":"043H","BWB3":"3H","AWK":"0403","BEZ":"04","BWK":"80"}},
{"type":"Feature","geometry":{"type":"Polygon","coordinates":[[[13.27779,52.50974],[13.28317,52.51008],[13.28326,52.51111],[13.28166,52.51098],[13.28144,52.51283],[13.27671,52.5126],[13.27779,52.50974]]]},"properties":{"UWB":"04309","UWB3":"309","BWB":"043I","BWB3":"3I","AWK":"0403","BEZ":"04","BWK":"80"}},
{"type":"Feature","geometry":{"type":"Polygon","coordinates":[[[13.28373,52.50884],[13.28543,52.50849],[13.28626,52.51028],[13.28923,52.51046],[13.29158,52.51062],[13.2913,52.51242],[13.28866,52.51226],[13.28891,52.51145],[13.28326,52.51111],[13.28317,52.51008],[13.28373,52.50884]]]},"properties":{"UWB":"04310","UWB3":"310","BWB":"043J","BWB3":"3J","AWK":"0403","BEZ":"04","BWK":"80"}},
{"type":"Feature","geometry":{"type":"Polygon","coordinates":[[[13.28923,52.51046],[13.28953,52.50941],[13.28636,52.50818],[13.28365,52.50645],[13.28925,52.50663],[13.28962,52.5075],[13.29305,52.50794],[13.29598,52.51089],[13.29227,52.51066],[13.29355,52.51189],[13.2913,52.51242],[13.29158,52.51062],[13.28923,52.51046]]]},"properties":{"UWB":"04311","UWB3":"311","BWB":"043K","BWB3":"3K","AWK":"0403","BEZ":"04","BWK":"80"}},
{"type":"Feature","geometry":{"type":"Polygon","coordinates":[[[13.29447,52.51343],[13.29355,52.51189],[13.29227,52.51066],[13.29598,52.51089],[13.29628,52.51091],[13.29569,52.51257],[13.29688,52.51355],[13.29447,52.51343]]]},"properties":{"UWB":"04312","UWB3":"312","BWB":"043E","BWB3":"3E","AWK":"0403","BEZ":"04","BWK":"80"}},
{"type":"Feature","geometry":{"type":"Polygon","coordinates":[[[13.28326,52.50644],[13.28365,52.50645],[13.28636,52.50818],[13.28953,52.50941],[13.28923,52.51046],[13.28626,52.51028],[13.28543,52.50849],[13.28373,52.50884],[13.28326,52.50644]]]},"properties":{"UWB":"04313","UWB3":"313","BWB":"043L","BWB3":"3L","AWK":"0403","BEZ":"04","BWK":"80"}},
{"type":"Feature","geometry":{"type":"Polygon","coordinates":[[[13.29874,52.50798],[13.29709,52.50801],[13.29738,52.50681],[13.29499,52.50681],[13.29543,52.5058],[13.29912,52.50461],[13.29995,52.50487],[13.29874,52.50798]]]},"properties":{"UWB":"04314","UWB3":"314","BWB":"043M","BWB3":"3M","AWK":"0403","BEZ":"04","BWK":"80"}},
{"type":"Feature","geometry":{"type":"Polygon","coordinates":[[[13.29305,52.50794],[13.29276,52.50674],[13.29499,52.50681],[13.29738,52.50681],[13.29709,52.50801],[13.2958,52.50803],[13.29722,52.51061],[13.29734,52.51098],[13.29628,52.51091],[13.29598,52.51089],[13.29305,52.50794]]]},"properties":{"UWB":"04315","UWB3":"315","BWB":"043N","BWB3":"3N","AWK":"0403","BEZ":"04","BWK":"80"}},
{"type":"Feature","geometry":{"type":"Polygon","coordinates":[[[13.28925,52.50663],[13.29113,52.50669],[13.29256,52.50451],[13.29463,52.50503],[13.29543,52.5058],[13.29499,52.50681],[13.29276,52.50674],[13.29305,52.50794],[13.28962,52.5075],[13.28925,52.50663]]]},"properties":{"UWB":"04316","UWB3":"316","BWB":"043P","BWB3":"3P","AWK":"0403","BEZ":"04","BWK":"80"}},
{"type":"Feature","geometry":{"type":"Polygon","coordinates":[[[13.28993,52.50289],[13.29256,52.50451],[13.29113,52.50669],[13.28925,52.50663],[13.28365,52.50645],[13.28463,52.50379],[13.28568,52.50315],[13.28993,52.50289]]]},"properties":{"UWB":"04317","UWB3":"317","BWB":"043K","BWB3":"3K","AWK":"0403","BEZ":"04","BWK":"80"}},
{"type":"Feature","geometry":{"type":"Polygon","coordinates":[[[13.2953,52.50332],[13.29463,52.50503],[13.29256,52.50451],[13.28993,52.50289],[13.29037,52.50261],[13.2953,52.50332]]]},"properties":{"UWB":"04318","UWB3":"318","BWB":"043Q","BWB3":"3Q","AWK":"0403","BEZ":"04","BWK":"80"}},
{"type":"Feature","geometry":{"type":"Polygon","coordinates":[[[13.29585,52.50248],[13.30057,52.50358],[13.30375,52.50438],[13.30297,52.50552],[13.29995,52.50487],[13.29912,52.50461],[13.29543,52.5058],[13.29463,52.50503],[13.2953,52.50332],[13.29585,52.50248]]]},"properties":{"UWB":"04319","UWB3":"319","BWB":"043R","BWB3":"3R","AWK":"0403","BEZ":"04","BWK":"80"}},
{"type":"Feature","geometry":{"type":"Polygon","coordinates":[[[13.29995,52.50487],[13.30297,52.50552],[13.30684,52.50606],[13.30666,52.50669],[13.30062,52.50678],[13.30038,52.50797],[13.29874,52.50798],[13.29995,52.50487]]]},"properties":{"UWB":"04320","UWB3":"320","BWB":"043S","BWB3":"3S","AWK":"0403","BEZ":"04","BWK":"80"}},
{"type":"Feature","geometry":{"type":"Polygon","coordinates":[[[13.30567,52.50202],[13.3044,52.50356],[13.30075,52.5032],[13.30038,52.5001],[13.30175,52.49965],[13.30214,52.50197],[13.30567,52.50202]]]},"properties":{"UWB":"04321","UWB3":"321","BWB":"043T","BWB3":"3T","AWK":"0403","BEZ":"04","BWK":"80"}},
{"type":"Feature","geometry":{"type":"Polygon","coordinates":[[[13.29498,52.50186],[13.29665,52.50132],[13.29799,52.50088],[13.30038,52.5001],[13.30075,52.5032],[13.30057,52.50358],[13.29585,52.50248],[13.29498,52.50186]]]},"properties":{"UWB":"04322","UWB3":"322","BWB":"043U","BWB3":"3U","AWK":"0403","BEZ":"04","BWK":"80"}},
{"type":"Feature","geometry":{"type":"Polygon","coordinates":[[[13.30175,52.49965],[13.30166,52.49899],[13.30561,52.49955],[13.30567,52.50202],[13.30214,52.50197],[13.30175,52.49965]]]},"properties":{"UWB":"04323","UWB3":"323","BWB":"043V","BWB3":"3V","AWK":"0403","BEZ":"04","BWK":"80"}},
{"type":"Feature","geometry":{"type":"Polygon","coordinates":[[[13.30567,52.50202],[13.30561,52.49955],[13.30708,52.49982],[13.31177,52.50031],[13.31177,52.5008],[13.3076,52.50362],[13.3044,52.50356],[13.30567,52.50202]]]},"properties":{"UWB":"04324","UWB3":"324","BWB":"043V","BWB3":"3V","AWK":"0403","BEZ":"04","BWK":"80"}},
{"type":"Feature","geometry":{"type":"Polygon","coordinates":[[[13.30057,52.50358],[13.30075,52.5032],[13.3044,52.50356],[13.3076,52.50362],[13.3073,52.50458],[13.30696,52.50565],[13.30684,52.50606],[13.30297,52.50552],[13.30375,52.50438],[13.30057,52.50358]]]},"properties":{"UWB":"04325","UWB3":"325","BWB":"043R","BWB3":"3R","AWK":"0403","BEZ":"04","BWK":"80"}},
{"type":"Feature","geometry":{"type":"Polygon","coordinates":[[[13.29874,52.50798],[13.30038,52.50797],[13.30019,52.50893],[13.29722,52.51061],[13.2958,52.50803],[13.29709,52.50801],[13.29874,52.50798]]]},"properties":{"UWB":"04326","UWB3":"326","BWB":"043S","BWB3":"3S","AWK":"0403","BEZ":"04","BWK":"80"}},
{"type":"Feature","geometry":{"type":"Polygon","coordinates":[[[13.30085,52.5154],[13.29909,52.51486],[13.29944,52.51346],[13.30313,52.51343],[13.30278,52.5155],[13.30085,52.5154]]]},"properties":{"UWB":"04327","UWB3":"327","BWB":"043D","BWB3":"3D","AWK":"0403","BEZ":"04","BWK":"80"}},
{"type":"Feature","geometry":{"type":"Polygon","coordinates":[[[13.28537,52.51288],[13.28144,52.51283],[13.28166,52.51098],[13.28326,52.51111],[13.28891,52.51145],[13.28866,52.51226],[13.28838,52.51307],[13.28537,52.51288]]]},"properties":{"UWB":"04328","UWB3":"328","BWB":"043H","BWB3":"3H","AWK":"0403","BEZ":"04","BWK":"80"}},
{"type":"Feature","geometry":{"type":"Polygon","coordinates":[[[13.29405,52.51553],[13.29074,52.51535],[13.2913,52.51242],[13.29355,52.51189],[13.29447,52.51343],[13.29405,52.51553]]]},"properties":{"UWB":"04329","UWB3":"329","BWB":"043W","BWB3":"3W","AWK":"0403","BEZ":"04","BWK":"80"}},
{"type":"Feature","geometry":{"type":"Polygon","coordinates":[[[13.3045,52.51734],[13.30459,52.51661],[13.30492,52.51382],[13.30594,52.51374],[13.30674,52.51378],[13.307,52.51379],[13.30686,52.51486],[13.30979,52.51494],[13.31049,52.51619],[13.30658,52.51743],[13.3045,52.51734]]]},"properties":{"UWB":"04401","UWB3":"401","BWB":"044A","BWB3":"4A","AWK":"0404","BEZ":"04","BWK":"80"}},
{"type":"Feature","geometry":{"type":"Polygon","coordinates":[[[13.307,52.51379],[13.30703,52.51349],[13.31203,52.51366],[13.31266,52.51198],[13.31477,52.51212],[13.3152,52.51468],[13.31049,52.51619],[13.30979,52.51494],[13.30686,52.51486],[13.307,52.51379]]]},"properties":{"UWB":"04402","UWB3":"402","BWB":"044B","BWB3":"4B","AWK":"0404","BEZ":"04","BWK":"80"}},
{"type":"Feature","geometry":{"type":"Polygon","coordinates":[[[13.32878,52.52244],[13.32851,52.52232],[13.3285,52.52186],[13.3244,52.51693],[13.32243,52.51448],[13.3211,52.5132],[13.31739,52.51397],[13.31705,52.51229],[13.32079,52.51252],[13.3221,52.512],[13.32297,52.51267],[13.3304,52.51317],[13.33056,52.51283],[13.33593,52.51353],[13.33601,52.51378],[13.33421,52.51677],[13.33228,52.5167],[13.32963,52.51795],[13.32915,52.5187],[13.32946,52.52144],[13.32878,52.52244]]]},"properties":{"UWB":"04403","UWB3":"403","BWB":"044C","BWB3":"4C","AWK":"0404","BEZ":"04","BWK":"80"}},
{"type":"Feature","geometry":{"type":"Polygon","coordinates":[[[13.29688,52.51355],[13.29569,52.51257],[13.29628,52.51091],[13.29734,52.51098],[13.29994,52.51115],[13.29944,52.51346],[13.29688,52.51355]]]},"properties":{"UWB":"04404","UWB3":"404","BWB":"044D","BWB3":"4D","AWK":"0404","BEZ":"04","BWK":"80"}},
{"type":"Feature","geometry":{"type":"Polygon","coordinates":[[[13.30313,52.51343],[13.29944,52.51346],[13.29994,52.51115],[13.30156,52.51125],[13.30515,52.51148],[13.30497,52.51342],[13.30313,52.51343]]]},"properties":{"UWB":"04405","UWB3":"405","BWB":"044E","BWB3":"4E","AWK":"0404","BEZ":"04","BWK":"80"}},
{"type":"Feature","geometry":{"type":"Polygon","coordinates":[[[13.30492,52.51382],[13.30497,52.51342],[13.30515,52.51148],[13.31266,52.51198],[13.31203,52.51366],[13.30703,52.51349],[13.307,52.51379],[13.30674,52.51378],[13.30594,52.51374],[13.30492,52.51382]]]},"properties":{"UWB":"04406","UWB3":"406","BWB":"044F","BWB3":"4F","AWK":"0404","BEZ":"04","BWK":"80"}},
{"type":"Feature","geometry":{"type":"Polygon","coordinates":[[[13.29722,52.51061],[13.30019,52.50893],[13.30202,52.50847],[13.30609,52.50848],[13.30564,52.50995],[13.3018,52.50981],[13.30156,52.51125],[13.29994,52.51115],[13.29734,52.51098],[13.29722,52.51061]]]},"properties":{"UWB":"04407","UWB3":"407","BWB":"044D","BWB3":"4D","AWK":"0404","BEZ":"04","BWK":"80"}},
{"type":"Feature","geometry":{"type":"Polygon","coordinates":[[[13.31266,52.51198],[13.30515,52.51148],[13.30543,52.51063],[13.30782,52.51012],[13.31456,52.51068],[13.31477,52.51212],[13.31266,52.51198]]]},"properties":{"UWB":"04408","UWB3":"408","BWB":"044G","BWB3":"4G","AWK":"0404","BEZ":"04","BWK":"80"}},
{"type":"Feature","geometry":{"type":"Polygon","coordinates":[[[13.31705,52.51229],[13.31477,52.51212],[13.31456,52.51068],[13.31427,52.50887],[13.31797,52.50895],[13.31826,52.51094],[13.32293,52.51125],[13.3221,52.512],[13.32079,52.51252],[13.31705,52.51229]]]},"properties":{"UWB":"04409","UWB3":"409","BWB":"044H","BWB3":"4H","AWK":"0404","BEZ":"04","BWK":"80"}},
{"type":"Feature","geometry":{"type":"Polygon","coordinates":[[[13.30666,52.50669],[13.30627,52.5079],[13.30609,52.50848],[13.30202,52.50847],[13.30019,52.50893],[13.30038,52.50797],[13.30062,52.50678],[13.30666,52.50669]]]},"properties":{"UWB":"04410","UWB3":"410","BWB":"044I","BWB3":"4I","AWK":"0404","BEZ":"04","BWK":"80"}},
{"type":"Feature","geometry":{"type":"Polygon","coordinates":[[[13.30156,52.51125],[13.3018,52.50981],[13.30564,52.50995],[13.30609,52.50848],[13.30627,52.5079],[13.30945,52.50787],[13.30953,52.50887],[13.30782,52.51012],[13.30543,52.51063],[13.30515,52.51148],[13.30156,52.51125]]]},"properties":{"UWB":"04411","UWB3":"411","BWB":"044J","BWB3":"4J","AWK":"0404","BEZ":"04","BWK":"80"}},
{"type":"Feature","geometry":{"type":"Polygon","coordinates":[[[13.30684,52.50606],[13.30696,52.50565],[13.3093,52.50653],[13.3139,52.50627],[13.31415,52.50781],[13.3112,52.50784],[13.30953,52.50887],[13.30945,52.50787],[13.30627,52.5079],[13.30666,52.50669],[13.30684,52.50606]]]},"properties":{"UWB":"04412","UWB3":"412","BWB":"044K","BWB3":"4K","AWK":"0404","BEZ":"04","BWK":"80"}},
{"type":"Feature","geometry":{"type":"Polygon","coordinates":[[[13.31427,52.50887],[13.31415,52.50781],[13.3139,52.50627],[13.31752,52.50608],[13.31797,52.50895],[13.31427,52.50887]]]},"properties":{"UWB":"04413","UWB3":"413","BWB":"044L","BWB3":"4L","AWK":"0404","BEZ":"04","BWK":"80"}},
{"type":"Feature","geometry":{"type":"Polygon","coordinates":[[[13.31752,52.50608],[13.32009,52.50593],[13.32121,52.50741],[13.31999,52.50893],[13.31797,52.50895],[13.31752,52.50608]]]},"properties":{"UWB":"04414","UWB3":"414","BWB":"044M","BWB3":"4M","AWK":"0404","BEZ":"04","BWK":"80"}},
{"type":"Feature","geometry":{"type":"Polygon","coordinates":[[[13.33004,52.51007],[13.32809,52.5082],[13.3257,52.50925],[13.32284,52.50878],[13.32185,52.50643],[13.32308,52.50576],[13.33162,52.50529],[13.33375,52.50672],[13.33484,52.50816],[13.3339,52.50884],[13.33004,52.51007]]]},"properties":{"UWB":"04415","UWB3":"415","BWB":"044N","BWB3":"4N","AWK":"0404","BEZ":"04","BWK":"80"}},
{"type":"Feature","geometry":{"type":"Polygon","coordinates":[[[13.3073,52.50458],[13.31362,52.50442],[13.31397,52.5055],[13.31738,52.50501],[13.31752,52.50608],[13.3139,52.50627],[13.3093,52.50653],[13.30696,52.50565],[13.3073,52.50458]]]},"properties":{"UWB":"04416","UWB3":"416","BWB":"044K","BWB3":"4K","AWK":"0404","BEZ":"04","BWK":"80"}},
{"type":"Feature","geometry":{"type":"Polygon","coordinates":[[[13.31362,52.50442],[13.31344,52.50327],[13.31708,52.50307],[13.31724,52.50422],[13.31981,52.50405],[13.31994,52.50487],[13.31738,52.50501],[13.31397,52.5055],[13.31362,52.50442]]]},"properties":{"UWB":"04417","UWB3":"417","BWB":"044P","BWB3":"4P","AWK":"0404","BEZ":"04","BWK":"80"}},
{"type":"Feature","geometry":{"type":"Polygon","coordinates":[[[13.31177,52.50031],[13.31295,52.49985],[13.31344,52.50327],[13.3076,52.50362],[13.31177,52.5008],[13.31177,52.50031]]]},"properties":{"UWB":"04418","UWB3":"418","BWB":"044Q","BWB3":"4Q","AWK":"0404","BEZ":"04","BWK":"80"}},
{"type":"Feature","geometry":{"type":"Polygon","coordinates":[[[13.31752,52.50608],[13.31738,52.50501],[13.31994,52.50487],[13.31981,52.50405],[13.31724,52.50422],[13.31708,52.50307],[13.31964,52.50293],[13.31944,52.5016],[13.32182,52.50196],[13.3223,52.50512],[13.32308,52.50576],[13.32185,52.50643],[13.32121,52.50741],[13.32009,52.50593],[13.31752,52.50608]]]},"properties":{"UWB":"04419","UWB3":"419","BWB":"044R","BWB3":"4R","AWK":"0404","BEZ":"04","BWK":"80"}},
{"type":"Feature","geometry":{"type":"Polygon","coordinates":[[[13.32525,52.50255],[13.32485,52.49986],[13.32701,52.50001],[13.33082,52.50031],[13.33134,52.50377],[13.32525,52.50255]]]},"properties":{"UWB":"04420","UWB3":"420","BWB":"044S","BWB3":"4S","AWK":"0404","BEZ":"04","BWK":"80"}},
{"type":"Feature","geometry":{"type":"Polygon","coordinates":[[[13.33082,52.50031],[13.33156,52.50033],[13.33265,52.50118],[13.33604,52.49981],[13.33697,52.50069],[13.33947,52.50306],[13.33951,52.5031],[13.33674,52.50416],[13.33447,52.50447],[13.33134,52.50377],[13.33082,52.50031]]]},"properties":{"UWB":"04421","UWB3":"421","BWB":"044S","BWB3":"4S","AWK":"0404","BEZ":"04","BWK":"80"}},
{"type":"Feature","geometry":{"type":"Polygon","coordinates":[[[13.31344,52.50327],[13.31295,52.49985],[13.31344,52.49916],[13.31264,52.49692],[13.3137,52.49679],[13.31457,52.49903],[13.31638,52.49866],[13.31676,52.50118],[13.31944,52.5016],[13.31964,52.50293],[13.31708,52.50307],[13.31344,52.50327]]]},"properties":{"UWB":"04422","UWB3":"422","BWB":"044T","BWB3":"4T","AWK":"0404","BEZ":"04","BWK":"80"}},
{"type":"Feature","geometry":{"type":"Polygon","coordinates":[[[13.31944,52.5016],[13.31676,52.50118],[13.31638,52.49866],[13.31872,52.49818],[13.3203,52.49797],[13.32063,52.49965],[13.32297,52.49978],[13.32485,52.49986],[13.32525,52.50255],[13.32182,52.50196],[13.31944,52.5016]]]},"properties":{"UWB":"04423","UWB3":"423","BWB":"044U","BWB3":"4U","AWK":"0404","BEZ":"04","BWK":"80"}},
{"type":"Feature","geometry":{"type":"Polygon","coordinates":[[[13.30708,52.49982],[13.30732,52.49897],[13.30759,52.49818],[13.31205,52.49805],[13.31156,52.49704],[13.31264,52.49692],[13.31344,52.49916],[13.31295,52.49985],[13.31177,52.50031],[13.30708,52.49982]]]},"properties":{"UWB":"04424","UWB3":"424","BWB":"044V","BWB3":"4V","AWK":"0404","BEZ":"04","BWK":"80"}},
{"type":"Feature","geometry":{"type":"Polygon","coordinates":[[[13.3137,52.49679],[13.31817,52.49623],[13.31872,52.49818],[13.31638,52.49866],[13.31457,52.49903],[13.3137,52.49679]]]},"properties":{"UWB":"04425","UWB3":"425","BWB":"044W","BWB3":"4W","AWK":"0404","BEZ":"04","BWK":"80"}},
{"type":"Feature","geometry":{"type":"Polygon","coordinates":[[[13.3076,52.50362],[13.31344,52.50327],[13.31362,52.50442],[13.3073,52.50458],[13.3076,52.50362]]]},"properties":{"UWB":"04426","UWB3":"426","BWB":"044Q","BWB3":"4Q","AWK":"0404","BEZ":"04","BWK":"80"}},
{"type":"Feature","geometry":{"type":"Polygon","coordinates":[[[13.31477,52.51212],[13.31705,52.51229],[13.31739,52.51397],[13.3211,52.5132],[13.32243,52.51448],[13.31815,52.51577],[13.31944,52.51726],[13.31768,52.51784],[13.3152,52.51468],[13.31477,52.51212]]]},"properties":{"UWB":"04427","UWB3":"427","BWB":"044X","BWB3":"4X","AWK":"0404","BEZ":"04","BWK":"80"}},
{"type":"Feature","geometry":{"type":"Polygon","coordinates":[[[13.30782,52.51012],[13.30953,52.50887],[13.3112,52.50784],[13.31415,52.50781],[13.31427,52.50887],[13.31456,52.51068],[13.30782,52.51012]]]},"properties":{"UWB":"04428","UWB3":"428","BWB":"044Y","BWB3":"4Y","AWK":"0404","BEZ":"04","BWK":"80"}},
{"type":"Feature","geometry":{"type":"Polygon","coordinates":[[[13.33056,52.51283],[13.3304,52.51317],[13.32297,52.51267],[13.3221,52.512],[13.32293,52.51125],[13.31826,52.51094],[13.31797,52.50895],[13.31999,52.50893],[13.32121,52.50741],[13.32185,52.50643],[13.32284,52.50878],[13.3257,52.50925],[13.32809,52.5082],[13.33004,52.51007],[13.33374,52.51172],[13.33056,52.51283]]]},"properties":{"UWB":"04429","UWB3":"429","BWB":"044C","BWB3":"4C","AWK":"0404","BEZ":"04","BWK":"80"}},
{"type":"Feature","geometry":{"type":"Polygon","coordinates":[[[13.33375,52.50672],[13.33162,52.50529],[13.32308,52.50576],[13.3223,52.50512],[13.32182,52.50196],[13.32525,52.50255],[13.33134,52.50377],[13.33447,52.50447],[13.33674,52.50416],[13.33951,52.5031],[13.33967,52.50325],[13.34142,52.50487],[13.34116,52.50493],[13.33906,52.50507],[13.33864,52.50592],[13.33539,52.50588],[13.33375,52.50672]]]},"properties":{"UWB":"04430","UWB3":"430","BWB":"044N","BWB3":"4N","AWK":"0404","BEZ":"04","BWK":"80"}},
{"type":"Feature","geometry":{"type":"Polygon","coordinates":[[[13.20973,52.50291],[13.20513,52.50135],[13.19907,52.49988],[13.1952,52.49974],[13.1917,52.49868],[13.18984,52.49754],[13.18953,52.49293],[13.18755,52.49121],[13.18659,52.48929],[13.18715,52.48713],[13.18981,52.48433],[13.19016,52.48262],[13.18725,52.47865],[13.18829,52.47408],[13.18817,52.47184],[13.19456,52.47098],[13.19662,52.47134],[13.19809,52.46901],[13.20063,52.46904],[13.20156,52.46986],[13.20509,52.47052],[13.21147,52.46944],[13.21654,52.47012],[13.22378,52.46998],[13.23145,52.47075],[13.2351,52.46966],[13.23833,52.46917],[13.25263,52.46674],[13.25909,52.4665],[13.26162,52.46777],[13.26427,52.467],[13.27246,52.46796],[13.27329,52.47234],[13.27118,52.47235],[13.27126,52.47658],[13.26864,52.47808],[13.27001,52.47916],[13.26625,52.48095],[13.26349,52.48263],[13.26578,52.48337],[13.26402,52.48521],[13.26402,52.48767],[13.26969,52.49016],[13.26882,52.49077],[13.27462,52.4938],[13.27625,52.49359],[13.27873,52.49546],[13.28267,52.49752],[13.28197,52.4981],[13.27587,52.49502],[13.27288,52.49712],[13.27303,52.49787],[13.27102,52.49691],[13.26756,52.49419],[13.26443,52.49072],[13.26164,52.48892],[13.25935,52.48997],[13.2575,52.49213],[13.2565,52.49515],[13.2518,52.49741],[13.25524,52.5001],[13.25252,52.5014],[13.2555,52.50416],[13.25413,52.50521],[13.24346,52.50455],[13.23844,52.50424],[13.22338,52.50332],[13.21545,52.50266],[13.21186,52.50222],[13.20973,52.50291]]]},"properties":{"UWB":"04501","UWB3":"501","BWB":"045A","BWB3":"5A","AWK":"0405","BEZ":"04","BWK":"80"}},
{"type":"Feature","geometry":{"type":"Polygon","coordinates":[[[13.26578,52.48337],[13.26886,52.48513],[13.27411,52.48472],[13.27659,52.48339],[13.27918,52.48532],[13.27384,52.48754],[13.27635,52.49055],[13.27183,52.49125],[13.26969,52.49016],[13.26402,52.48767],[13.26402,52.48521],[13.26578,52.48337]]]},"properties":{"UWB":"04502","UWB3":"502","BWB":"045B","BWB3":"5B","AWK":"0405","BEZ":"04","BWK":"80"}},
{"type":"Feature","geometry":{"type":"Polygon","coordinates":[[[13.28267,52.49752],[13.27873,52.49546],[13.27625,52.49359],[13.27462,52.4938],[13.26882,52.49077],[13.26969,52.49016],[13.27183,52.49125],[13.27635,52.49055],[13.27851,52.49048],[13.27853,52.48811],[13.28023,52.48768],[13.28239,52.48894],[13.28467,52.48959],[13.2856,52.49182],[13.28496,52.49232],[13.28555,52.49475],[13.28295,52.49728],[13.28267,52.49752]]]},"properties":{"UWB":"04503","UWB3":"503","BWB":"045C","BWB3":"5C","AWK":"0405","BEZ":"04","BWK":"80"}},
{"type":"Feature","geometry":{"type":"Polygon","coordinates":[[[13.28555,52.49475],[13.28496,52.49232],[13.2856,52.49182],[13.28842,52.49167],[13.28866,52.49397],[13.29055,52.49306],[13.29036,52.49157],[13.29327,52.49141],[13.29478,52.49177],[13.29566,52.4922],[13.29307,52.49515],[13.29377,52.49638],[13.29133,52.49721],[13.29031,52.49703],[13.28653,52.49558],[13.28555,52.49475]]]},"properties":{"UWB":"04504","UWB3":"504","BWB":"045D","BWB3":"5D","AWK":"0405","BEZ":"04","BWK":"80"}},
{"type":"Feature","geometry":{"type":"Polygon","coordinates":[[[13.29566,52.4922],[13.29649,52.49263],[13.29779,52.49327],[13.29789,52.49551],[13.29595,52.49591],[13.29561,52.49331],[13.29307,52.49515],[13.29566,52.4922]]]},"properties":{"UWB":"04505","UWB3":"505","BWB":"045E","BWB3":"5E","AWK":"0405","BEZ":"04","BWK":"80"}},
{"type":"Feature","geometry":{"type":"Polygon","coordinates":[[[13.29307,52.49515],[13.29561,52.49331],[13.29595,52.49591],[13.29617,52.49763],[13.29622,52.49797],[13.29427,52.49767],[13.29133,52.49721],[13.29377,52.49638],[13.29307,52.49515]]]},"properties":{"UWB":"04506","UWB3":"506","BWB":"045F","BWB3":"5F","AWK":"0405","BEZ":"04","BWK":"80"}},
{"type":"Feature","geometry":{"type":"Polygon","coordinates":[[[13.2905,52.49919],[13.29031,52.49703],[13.29133,52.49721],[13.29427,52.49767],[13.29469,52.50178],[13.29063,52.50019],[13.2905,52.49919]]]},"properties":{"UWB":"04507","UWB3":"507","BWB":"045G","BWB3":"5G","AWK":"0405","BEZ":"04","BWK":"80"}},
{"type":"Feature","geometry":{"type":"Polygon","coordinates":[[[13.29469,52.50178],[13.29427,52.49767],[13.29622,52.49797],[13.29665,52.50132],[13.29498,52.50186],[13.29469,52.50178]]]},"properties":{"UWB":"04508","UWB3":"508","BWB":"045G","BWB3":"5G","AWK":"0405","BEZ":"04","BWK":"80"}},
{"type":"Feature","geometry":{"type":"Polygon","coordinates":[[[13.29665,52.50132],[13.29622,52.49797],[13.29617,52.49763],[13.29971,52.49527],[13.30014,52.49871],[13.29758,52.49822],[13.29799,52.50088],[13.29665,52.50132]]]},"properties":{"UWB":"04509","UWB3":"509","BWB":"045H","BWB3":"5H","AWK":"0405","BEZ":"04","BWK":"80"}},
{"type":"Feature","geometry":{"type":"Polygon","coordinates":[[[13.29649,52.49263],[13.29896,52.49077],[13.29958,52.49418],[13.30079,52.4948],[13.29971,52.49527],[13.29617,52.49763],[13.29595,52.49591],[13.29789,52.49551],[13.29779,52.49327],[13.29649,52.49263]]]},"properties":{"UWB":"04510","UWB3":"510","BWB":"045I","BWB3":"5I","AWK":"0405","BEZ":"04","BWK":"80"}},
{"type":"Feature","geometry":{"type":"Polygon","coordinates":[[[13.30166,52.49899],[13.30014,52.49871],[13.29971,52.49527],[13.30079,52.4948],[13.30525,52.49741],[13.30732,52.49897],[13.30708,52.49982],[13.30561,52.49955],[13.30166,52.49899]]]},"properties":{"UWB":"04511","UWB3":"511","BWB":"045J","BWB3":"5J","AWK":"0405","BEZ":"04","BWK":"80"}},
{"type":"Feature","geometry":{"type":"Polygon","coordinates":[[[13.30079,52.4948],[13.30658,52.49287],[13.31206,52.49131],[13.31277,52.49142],[13.31026,52.49392],[13.31076,52.49512],[13.30854,52.49535],[13.30826,52.49619],[13.30501,52.49555],[13.30525,52.49741],[13.30079,52.4948]]]},"properties":{"UWB":"04512","UWB3":"512","BWB":"045K","BWB3":"5K","AWK":"0405","BEZ":"04","BWK":"80"}},
{"type":"Feature","geometry":{"type":"Polygon","coordinates":[[[13.30732,52.49897],[13.30525,52.49741],[13.30501,52.49555],[13.30826,52.49619],[13.30759,52.49818],[13.30732,52.49897]]]},"properties":{"UWB":"04513","UWB3":"513","BWB":"045J","BWB3":"5J","AWK":"0405","BEZ":"04","BWK":"80"}},
{"type":"Feature","geometry":{"type":"Polygon","coordinates":[[[13.31264,52.49692],[13.31156,52.49704],[13.31076,52.49512],[13.31026,52.49392],[13.31258,52.49395],[13.31288,52.49476],[13.3137,52.49679],[13.31264,52.49692]]]},"properties":{"UWB":"04514","UWB3":"514","BWB":"045L","BWB3":"5L","AWK":"0405","BEZ":"04","BWK":"80"}},
{"type":"Feature","geometry":{"type":"Polygon","coordinates":[[[13.3137,52.49679],[13.31288,52.49476],[13.3151,52.49425],[13.3155,52.49555],[13.31792,52.49527],[13.31817,52.49623],[13.3137,52.49679]]]},"properties":{"UWB":"04515","UWB3":"515","BWB":"045M","BWB3":"5M","AWK":"0405","BEZ":"04","BWK":"80"}},
{"type":"Feature","geometry":{"type":"Polygon","coordinates":[[[13.31277,52.49142],[13.31425,52.4904],[13.31681,52.49124],[13.31792,52.49527],[13.3155,52.49555],[13.3151,52.49425],[13.31288,52.49476],[13.31258,52.49395],[13.31026,52.49392],[13.31277,52.49142]]]},"properties":{"UWB":"04516","UWB3":"516","BWB":"045M","BWB3":"5M","AWK":"0405","BEZ":"04","BWK":"80"}},
{"type":"Feature","geometry":{"type":"Polygon","coordinates":[[[13.30658,52.49287],[13.3064,52.49056],[13.30461,52.4907],[13.30438,52.48832],[13.30791,52.48854],[13.31425,52.4904],[13.31277,52.49142],[13.31206,52.49131],[13.30658,52.49287]]]},"properties":{"UWB":"04517","UWB3":"517","BWB":"045N","BWB3":"5N","AWK":"0405","BEZ":"04","BWK":"80"}},
{"type":"Feature","geometry":{"type":"Polygon","coordinates":[[[13.29478,52.49177],[13.29582,52.49119],[13.29539,52.48822],[13.30051,52.48788],[13.30214,52.48839],[13.29896,52.49077],[13.29649,52.49263],[13.29566,52.4922],[13.29478,52.49177]]]},"properties":{"UWB":"04518","UWB3":"518","BWB":"045E","BWB3":"5E","AWK":"0405","BEZ":"04","BWK":"80"}},
{"type":"Feature","geometry":{"type":"Polygon","coordinates":[[[13.29539,52.48822],[13.29388,52.48841],[13.29379,52.48424],[13.30051,52.48788],[13.29539,52.48822]]]},"properties":{"UWB":"04519","UWB3":"519","BWB":"045P","BWB3":"5P","AWK":"0405","BEZ":"04","BWK":"80"}},
{"type":"Feature","geometry":{"type":"Polygon","coordinates":[[[13.29388,52.48841],[13.28953,52.48896],[13.28536,52.48669],[13.28415,52.48519],[13.28562,52.48288],[13.28745,52.48284],[13.28747,52.48082],[13.29002,52.48221],[13.29379,52.48424],[13.29388,52.48841]]]},"properties":{"UWB":"04520","UWB3":"520","BWB":"045Q","BWB3":"5Q","AWK":"0405","BEZ":"04","BWK":"80"}},
{"type":"Feature","geometry":{"type":"Polygon","coordinates":[[[13.27918,52.48532],[13.28244,52.48376],[13.28415,52.48519],[13.28536,52.48669],[13.28953,52.48896],[13.28813,52.48915],[13.28842,52.49167],[13.2856,52.49182],[13.28467,52.48959],[13.28239,52.48894],[13.28023,52.48768],[13.27853,52.48811],[13.27851,52.49048],[13.27635,52.49055],[13.27384,52.48754],[13.27918,52.48532]]]},"properties":{"UWB":"04521","UWB3":"521","BWB":"045B","BWB3":"5B","AWK":"0405","BEZ":"04","BWK":"80"}},
{"type":"Feature","geometry":{"type":"Polygon","coordinates":[[[13.27001,52.47916],[13.2746,52.48203],[13.27889,52.47999],[13.28115,52.47985],[13.28138,52.48277],[13.28244,52.48376],[13.27918,52.48532],[13.27659,52.48339],[13.27411,52.48472],[13.26886,52.48513],[13.26578,52.48337],[13.26349,52.48263],[13.26625,52.48095],[13.27001,52.47916]]]},"properties":{"UWB":"04522","UWB3":"522","BWB":"045R","BWB3":"5R","AWK":"0405","BEZ":"04","BWK":"80"}},
{"type":"Feature","geometry":{"type":"Polygon","coordinates":[[[13.28415,52.48519],[13.28244,52.48376],[13.28138,52.48277],[13.28115,52.47985],[13.28528,52.4796],[13.28747,52.48082],[13.28745,52.48284],[13.28562,52.48288],[13.28415,52.48519]]]},"properties":{"UWB":"04523","UWB3":"523","BWB":"045S","BWB3":"5S","AWK":"0405","BEZ":"04","BWK":"80"}},
{"type":"Feature","geometry":{"type":"Polygon","coordinates":[[[13.27246,52.46796],[13.27833,52.46864],[13.27849,52.4748],[13.27889,52.47999],[13.2746,52.48203],[13.27001,52.47916],[13.26864,52.47808],[13.27126,52.47658],[13.27118,52.47235],[13.27329,52.47234],[13.27246,52.46796]]]},"properties":{"UWB":"04524","UWB3":"524","BWB":"045T","BWB3":"5T","AWK":"0405","BEZ":"04","BWK":"80"}},
{"type":"Feature","geometry":{"type":"Polygon","coordinates":[[[13.27889,52.47999],[13.27849,52.4748],[13.27833,52.46864],[13.28302,52.46921],[13.28584,52.46983],[13.28426,52.47097],[13.28844,52.47304],[13.28438,52.47607],[13.28094,52.47681],[13.28528,52.4796],[13.28115,52.47985],[13.27889,52.47999]]]},"properties":{"UWB":"04525","UWB3":"525","BWB":"045U","BWB3":"5U","AWK":"0405","BEZ":"04","BWK":"80"}},
{"type":"Feature","geometry":{"type":"Polygon","coordinates":[[[13.28842,52.49167],[13.28813,52.48915],[13.28953,52.48896],[13.29388,52.48841],[13.29539,52.48822],[13.29582,52.49119],[13.29478,52.49177],[13.29327,52.49141],[13.29036,52.49157],[13.29055,52.49306],[13.28866,52.49397],[13.28842,52.49167]]]},"properties":{"UWB":"04526","UWB3":"526","BWB":"045V","BWB3":"5V","AWK":"0405","BEZ":"04","BWK":"80"}},
{"type":"Feature","geometry":{"type":"Polygon","coordinates":[[[13.29896,52.49077],[13.30214,52.48839],[13.30438,52.48832],[13.30461,52.4907],[13.3064,52.49056],[13.30658,52.49287],[13.30079,52.4948],[13.29958,52.49418],[13.29896,52.49077]]]},"properties":{"UWB":"04527","UWB3":"527","BWB":"045N","BWB3":"5N","AWK":"0405","BEZ":"04","BWK":"80"}},
{"type":"Feature","geometry":{"type":"Polygon","coordinates":[[[13.30038,52.5001],[13.29799,52.50088],[13.29758,52.49822],[13.30014,52.49871],[13.30166,52.49899],[13.30175,52.49965],[13.30038,52.5001]]]},"properties":{"UWB":"04528","UWB3":"528","BWB":"045W","BWB3":"5W","AWK":"0405","BEZ":"04","BWK":"80"}},
{"type":"Feature","geometry":{"type":"Polygon","coordinates":[[[13.30759,52.49818],[13.30826,52.49619],[13.30854,52.49535],[13.31076,52.49512],[13.31156,52.49704],[13.31205,52.49805],[13.30759,52.49818]]]},"properties":{"UWB":"04529","UWB3":"529","BWB":"045L","BWB3":"5L","AWK":"0405","BEZ":"04","BWK":"80"}},
{"type":"Feature","geometry":{"type":"Polygon","coordinates":[[[13.31872,52.49818],[13.31817,52.49623],[13.32222,52.49559],[13.32251,52.49722],[13.32419,52.49702],[13.32261,52.49783],[13.32297,52.49978],[13.32063,52.49965],[13.3203,52.49797],[13.31872,52.49818]]]},"properties":{"UWB":"04601","UWB3":"601","BWB":"046A","BWB3":"6A","AWK":"0406","BEZ":"04","BWK":"80"}},
{"type":"Feature","geometry":{"type":"Polygon","coordinates":[[[13.32485,52.49986],[13.32297,52.49978],[13.32261,52.49783],[13.32419,52.49702],[13.32691,52.49645],[13.32701,52.50001],[13.32485,52.49986]]]},"properties":{"UWB":"04602","UWB3":"602","BWB":"046B","BWB3":"6B","AWK":"0406","BEZ":"04","BWK":"80"}},
{"type":"Feature","geometry":{"type":"Polygon","coordinates":[[[13.32701,52.50001],[13.32691,52.49645],[13.33078,52.49582],[13.33439,52.4985],[13.33211,52.4994],[13.33156,52.50033],[13.33082,52.50031],[13.32701,52.50001]]]},"properties":{"UWB":"04603","UWB3":"603","BWB":"046C","BWB3":"6C","AWK":"0406","BEZ":"04","BWK":"80"}},
{"type":"Feature","geometry":{"type":"Polygon","coordinates":[[[13.33156,52.50033],[13.33211,52.4994],[13.33439,52.4985],[13.33503,52.49813],[13.33802,52.49775],[13.33892,52.49991],[13.33697,52.50069],[13.33604,52.49981],[13.33265,52.50118],[13.33156,52.50033]]]},"properties":{"UWB":"04604","UWB3":"604","BWB":"046D","BWB3":"6D","AWK":"0406","BEZ":"04","BWK":"80"}},
{"type":"Feature","geometry":{"type":"Polygon","coordinates":[[[13.33503,52.49813],[13.3346,52.49509],[13.33744,52.49448],[13.33738,52.49591],[13.33802,52.49775],[13.33503,52.49813]]]},"properties":{"UWB":"04605","UWB3":"605","BWB":"046D","BWB3":"6D","AWK":"0406","BEZ":"04","BWK":"80"}},
{"type":"Feature","geometry":{"type":"Polygon","coordinates":[[[13.33078,52.49582],[13.33088,52.49318],[13.33363,52.49333],[13.33735,52.49407],[13.33744,52.49448],[13.3346,52.49509],[13.33503,52.49813],[13.33439,52.4985],[13.33078,52.49582]]]},"properties":{"UWB":"04606","UWB3":"606","BWB":"046E","BWB3":"6E","AWK":"0406","BEZ":"04","BWK":"80"}},
{"type":"Feature","geometry":{"type":"Polygon","coordinates":[[[13.32419,52.49702],[13.32387,52.49524],[13.3261,52.49461],[13.32832,52.49351],[13.33088,52.49318],[13.33078,52.49582],[13.32691,52.49645],[13.32419,52.49702]]]},"properties":{"UWB":"04607","UWB3":"607","BWB":"046B","BWB3":"6B","AWK":"0406","BEZ":"04","BWK":"80"}},
{"type":"Feature","geometry":{"type":"Polygon","coordinates":[[[13.32222,52.49559],[13.32174,52.49295],[13.32152,52.49173],[13.32322,52.49153],[13.3236,52.49366],[13.32476,52.4941],[13.3261,52.49461],[13.32387,52.49524],[13.32419,52.49702],[13.32251,52.49722],[13.32222,52.49559]]]},"properties":{"UWB":"04608","UWB3":"608","BWB":"046F","BWB3":"6F","AWK":"0406","BEZ":"04","BWK":"80"}},
{"type":"Feature","geometry":{"type":"Polygon","coordinates":[[[13.31792,52.49527],[13.31681,52.49124],[13.31766,52.49153],[13.32174,52.49295],[13.32222,52.49559],[13.31817,52.49623],[13.31792,52.49527]]]},"properties":{"UWB":"04609","UWB3":"609","BWB":"046A","BWB3":"6A","AWK":"0406","BEZ":"04","BWK":"80"}},
{"type":"Feature","geometry":{"type":"Polygon","coordinates":[[[13.32322,52.49153],[13.32485,52.49134],[13.32647,52.49116],[13.32637,52.49394],[13.32476,52.4941],[13.3236,52.49366],[13.32322,52.49153]]]},"properties":{"UWB":"04610","UWB3":"610","BWB":"046G","BWB3":"6G","AWK":"0406","BEZ":"04","BWK":"80"}},
{"type":"Feature","geometry":{"type":"Polygon","coordinates":[[[13.3261,52.49461],[13.32476,52.4941],[13.32637,52.49394],[13.32647,52.49116],[13.32868,52.49091],[13.33093,52.49082],[13.33088,52.49318],[13.32832,52.49351],[13.3261,52.49461]]]},"properties":{"UWB":"04611","UWB3":"611","BWB":"046H","BWB3":"6H","AWK":"0406","BEZ":"04","BWK":"80"}},
{"type":"Feature","geometry":{"type":"Polygon","coordinates":[[[13.33088,52.49318],[13.33093,52.49082],[13.33427,52.49067],[13.3355,52.49188],[13.33719,52.49223],[13.3372,52.4923],[13.33735,52.49407],[13.33363,52.49333],[13.33088,52.49318]]]},"properties":{"UWB":"04612","UWB3":"612","BWB":"046I","BWB3":"6I","AWK":"0406","BEZ":"04","BWK":"80"}},
{"type":"Feature","geometry":{"type":"Polygon","coordinates":[[[13.33427,52.49067],[13.33434,52.48784],[13.33717,52.48825],[13.33753,52.49071],[13.33719,52.49223],[13.3355,52.49188],[13.33427,52.49067]]]},"properties":{"UWB":"04613","UWB3":"613","BWB":"046J","BWB3":"6J","AWK":"0406","BEZ":"04","BWK":"80"}},
{"type":"Feature","geometry":{"type":"Polygon","coordinates":[[[13.33093,52.49082],[13.33097,52.48729],[13.33311,52.48763],[13.33434,52.48784],[13.33427,52.49067],[13.33093,52.49082]]]},"properties":{"UWB":"04614","UWB3":"614","BWB":"046K","BWB3":"6K","AWK":"0406","BEZ":"04","BWK":"80"}},
{"type":"Feature","geometry":{"type":"Polygon","coordinates":[[[13.32647,52.49116],[13.32657,52.48744],[13.32662,52.48649],[13.32875,52.48714],[13.32868,52.49091],[13.32647,52.49116]]]},"properties":{"UWB":"04615","UWB3":"615","BWB":"046L","BWB3":"6L","AWK":"0406","BEZ":"04","BWK":"80"}},
{"type":"Feature","geometry":{"type":"Polygon","coordinates":[[[13.32485,52.49134],[13.32452,52.48744],[13.32657,52.48744],[13.32647,52.49116],[13.32485,52.49134]]]},"properties":{"UWB":"04616","UWB3":"616","BWB":"046M","BWB3":"6M","AWK":"0406","BEZ":"04","BWK":"80"}},
{"type":"Feature","geometry":{"type":"Polygon","coordinates":[[[13.32322,52.49153],[13.32249,52.48647],[13.32662,52.48649],[13.32657,52.48744],[13.32452,52.48744],[13.32485,52.49134],[13.32322,52.49153]]]},"properties":{"UWB":"04617","UWB3":"617","BWB":"046N","BWB3":"6N","AWK":"0406","BEZ":"04","BWK":"80"}},
{"type":"Feature","geometry":{"type":"Polygon","coordinates":[[[13.32174,52.49295],[13.31766,52.49153],[13.31808,52.48936],[13.31941,52.48944],[13.32096,52.48862],[13.32152,52.49173],[13.32174,52.49295]]]},"properties":{"UWB":"04618","UWB3":"618","BWB":"046P","BWB3":"6P","AWK":"0406","BEZ":"04","BWK":"80"}},
{"type":"Feature","geometry":{"type":"Polygon","coordinates":[[[13.32152,52.49173],[13.32096,52.48862],[13.31941,52.48944],[13.3195,52.48761],[13.32038,52.48648],[13.32249,52.48647],[13.32322,52.49153],[13.32152,52.49173]]]},"properties":{"UWB":"04619","UWB3":"619","BWB":"046Q","BWB3":"6Q","AWK":"0406","BEZ":"04","BWK":"80"}},
{"type":"Feature","geometry":{"type":"Polygon","coordinates":[[[13.32868,52.49091],[13.32875,52.48714],[13.32662,52.48649],[13.32249,52.48647],[13.32246,52.48529],[13.32886,52.48515],[13.32884,52.48627],[13.33097,52.48729],[13.33093,52.49082],[13.32868,52.49091]]]},"properties":{"UWB":"04620","UWB3":"620","BWB":"046R","BWB3":"6R","AWK":"0406","BEZ":"04","BWK":"80"}},
{"type":"Feature","geometry":{"type":"Polygon","coordinates":[[[13.33279,52.47981],[13.33298,52.47785],[13.33706,52.47813],[13.33713,52.48232],[13.33713,52.48233],[13.3372,52.48253],[13.33711,52.48296],[13.33527,52.48397],[13.33521,52.4859],[13.33315,52.48601],[13.33326,52.4811],[13.33279,52.47981]]]},"properties":{"UWB":"04621","UWB3":"621","BWB":"046S","BWB3":"6S","AWK":"0406","BEZ":"04","BWK":"80"}},
{"type":"Feature","geometry":{"type":"Polygon","coordinates":[[[13.33434,52.48784],[13.33311,52.48763],[13.33315,52.48601],[13.33521,52.4859],[13.33527,52.48397],[13.33711,52.48296],[13.33717,52.48825],[13.33434,52.48784]]]},"properties":{"UWB":"04622","UWB3":"622","BWB":"046T","BWB3":"6T","AWK":"0406","BEZ":"04","BWK":"80"}},
{"type":"Feature","geometry":{"type":"Polygon","coordinates":[[[13.32038,52.48648],[13.32048,52.48538],[13.32025,52.48368],[13.32036,52.48323],[13.32286,52.48274],[13.32777,52.48283],[13.32998,52.48236],[13.33108,52.48449],[13.33101,52.48611],[13.32884,52.48627],[13.32886,52.48515],[13.32246,52.48529],[13.32249,52.48647],[13.32038,52.48648]]]},"properties":{"UWB":"04623","UWB3":"623","BWB":"046U","BWB3":"6U","AWK":"0406","BEZ":"04","BWK":"80"}},
{"type":"Feature","geometry":{"type":"Polygon","coordinates":[[[13.32286,52.48274],[13.32283,52.4818],[13.32427,52.48177],[13.32605,52.48176],[13.32601,52.47988],[13.32855,52.47986],[13.32998,52.48236],[13.32777,52.48283],[13.32286,52.48274]]]},"properties":{"UWB":"04624","UWB3":"624","BWB":"046V","BWB3":"6V","AWK":"0406","BEZ":"04","BWK":"80"}},
{"type":"Feature","geometry":{"type":"Polygon","coordinates":[[[13.32427,52.48177],[13.32424,52.47873],[13.32423,52.47748],[13.32849,52.47743],[13.32855,52.47986],[13.32601,52.47988],[13.32605,52.48176],[13.32427,52.48177]]]},"properties":{"UWB":"04625","UWB3":"625","BWB":"046W","BWB3":"6W","AWK":"0406","BEZ":"04","BWK":"80"}},
{"type":"Feature","geometry":{"type":"Polygon","coordinates":[[[13.33279,52.47981],[13.33089,52.48084],[13.32855,52.47986],[13.32849,52.47743],[13.3285,52.47743],[13.33062,52.47743],[13.33298,52.47785],[13.33279,52.47981]]]},"properties":{"UWB":"04626","UWB3":"626","BWB":"046X","BWB3":"6X","AWK":"0406","BEZ":"04","BWK":"80"}},
{"type":"Feature","geometry":{"type":"Polygon","coordinates":[[[13.33097,52.48729],[13.32884,52.48627],[13.33101,52.48611],[13.33108,52.48449],[13.32998,52.48236],[13.32855,52.47986],[13.33089,52.48084],[13.33279,52.47981],[13.33326,52.4811],[13.33315,52.48601],[13.33311,52.48763],[13.33097,52.48729]]]},"properties":{"UWB":"04627","UWB3":"627","BWB":"046Y","BWB3":"6Y","AWK":"0406","BEZ":"04","BWK":"80"}},
{"type":"Feature","geometry":{"type":"Polygon","coordinates":[[[13.31425,52.4904],[13.31367,52.48413],[13.31567,52.48514],[13.31565,52.4888],[13.31795,52.48801],[13.31808,52.48936],[13.31766,52.49153],[13.31681,52.49124],[13.31425,52.4904]]]},"properties":{"UWB":"04701","UWB3":"701","BWB":"047A","BWB3":"7A","AWK":"0407","BEZ":"04","BWK":"80"}},
{"type":"Feature","geometry":{"type":"Polygon","coordinates":[[[13.30438,52.48832],[13.30214,52.48839],[13.30051,52.48788],[13.30678,52.48322],[13.30851,52.48411],[13.31367,52.48413],[13.31425,52.4904],[13.30791,52.48854],[13.30438,52.48832]]]},"properties":{"UWB":"04702","UWB3":"702","BWB":"047B","BWB3":"7B","AWK":"0407","BEZ":"04","BWK":"80"}},
{"type":"Feature","geometry":{"type":"Polygon","coordinates":[[[13.31808,52.48936],[13.31795,52.48801],[13.31565,52.4888],[13.31567,52.48514],[13.32048,52.48538],[13.32038,52.48648],[13.3195,52.48761],[13.31941,52.48944],[13.31808,52.48936]]]},"properties":{"UWB":"04703","UWB3":"703","BWB":"047C","BWB3":"7C","AWK":"0407","BEZ":"04","BWK":"80"}},
{"type":"Feature","geometry":{"type":"Polygon","coordinates":[[[13.32048,52.48538],[13.31567,52.48514],[13.31367,52.48413],[13.30851,52.48411],[13.30678,52.48322],[13.31165,52.47976],[13.31212,52.48001],[13.31346,52.48073],[13.3136,52.48316],[13.31561,52.4831],[13.31558,52.48176],[13.32025,52.48368],[13.32048,52.48538]]]},"properties":{"UWB":"04704","UWB3":"704","BWB":"047D","BWB3":"7D","AWK":"0407","BEZ":"04","BWK":"80"}},
{"type":"Feature","geometry":{"type":"Polygon","coordinates":[[[13.32036,52.48323],[13.32034,52.48138],[13.32029,52.47878],[13.32164,52.47875],[13.32167,52.48181],[13.32283,52.4818],[13.32286,52.48274],[13.32036,52.48323]]]},"properties":{"UWB":"04705","UWB3":"705","BWB":"047E","BWB3":"7E","AWK":"0407","BEZ":"04","BWK":"80"}},
{"type":"Feature","geometry":{"type":"Polygon","coordinates":[[[13.32283,52.4818],[13.32167,52.48181],[13.32164,52.47875],[13.32424,52.47873],[13.32427,52.48177],[13.32283,52.4818]]]},"properties":{"UWB":"04706","UWB3":"706","BWB":"047F","BWB3":"7F","AWK":"0407","BEZ":"04","BWK":"80"}},
{"type":"Feature","geometry":{"type":"Polygon","coordinates":[[[13.32424,52.47873],[13.32164,52.47875],[13.32029,52.47878],[13.32034,52.48138],[13.31888,52.48144],[13.31878,52.47887],[13.31762,52.47794],[13.32048,52.47747],[13.3241,52.47747],[13.32421,52.47748],[13.32423,52.47748],[13.32424,52.47873]]]},"properties":{"UWB":"04707","UWB3":"707","BWB":"047G","BWB3":"7G","AWK":"0407","BEZ":"04","BWK":"80"}},
{"type":"Feature","geometry":{"type":"Polygon","coordinates":[[[13.30678,52.48322],[13.30666,52.47961],[13.30675,52.47732],[13.30828,52.47638],[13.31243,52.47621],[13.3154,52.47664],[13.31794,52.47709],[13.3204,52.47673],[13.32048,52.47747],[13.31762,52.47794],[13.3148,52.47862],[13.31212,52.48001],[13.31165,52.47976],[13.30678,52.48322]]]},"properties":{"UWB":"04708","UWB3":"708","BWB":"047H","BWB3":"7H","AWK":"0407","BEZ":"04","BWK":"80"}},
{"type":"Feature","geometry":{"type":"Polygon","coordinates":[[[13.30675,52.47732],[13.30328,52.47518],[13.30448,52.47498],[13.3042,52.47275],[13.30573,52.47264],[13.30804,52.47246],[13.30815,52.47338],[13.30828,52.47638],[13.30675,52.47732]]]},"properties":{"UWB":"04709","UWB3":"709","BWB":"047I","BWB3":"7I","AWK":"0407","BEZ":"04","BWK":"80"}},
{"type":"Feature","geometry":{"type":"Polygon","coordinates":[[[13.3154,52.47664],[13.31678,52.47573],[13.31447,52.4743],[13.31736,52.47396],[13.32029,52.4743],[13.32029,52.47433],[13.3204,52.47673],[13.31794,52.47709],[13.3154,52.47664]]]},"properties":{"UWB":"04710","UWB3":"710","BWB":"047J","BWB3":"7J","AWK":"0407","BEZ":"04","BWK":"80"}},
{"type":"Feature","geometry":{"type":"Polygon","coordinates":[[[13.30328,52.47518],[13.29965,52.47334],[13.29844,52.47164],[13.30103,52.47132],[13.30074,52.47041],[13.30238,52.47019],[13.30253,52.47158],[13.30555,52.46985],[13.30573,52.47264],[13.3042,52.47275],[13.30448,52.47498],[13.30328,52.47518]]]},"properties":{"UWB":"04711","UWB3":"711","BWB":"047K","BWB3":"7K","AWK":"0407","BEZ":"04","BWK":"80"}},
{"type":"Feature","geometry":{"type":"Polygon","coordinates":[[[13.31736,52.47396],[13.31693,52.47183],[13.31755,52.47052],[13.31832,52.46951],[13.32025,52.46997],[13.32018,52.47159],[13.32026,52.47353],[13.32026,52.47354],[13.32026,52.47359],[13.32029,52.47427],[13.32029,52.4743],[13.31736,52.47396]]]},"properties":{"UWB":"04712","UWB3":"712","BWB":"047L","BWB3":"7L","AWK":"0407","BEZ":"04","BWK":"80"}},
{"type":"Feature","geometry":{"type":"Polygon","coordinates":[[[13.30804,52.47246],[13.30797,52.47023],[13.30898,52.46765],[13.30959,52.46743],[13.31404,52.46907],[13.31275,52.47007],[13.31435,52.47212],[13.31693,52.47183],[13.31736,52.47396],[13.31447,52.4743],[13.31441,52.47316],[13.30815,52.47338],[13.30804,52.47246]]]},"properties":{"UWB":"04713","UWB3":"713","BWB":"047M","BWB3":"7M","AWK":"0407","BEZ":"04","BWK":"80"}},
{"type":"Feature","geometry":{"type":"Polygon","coordinates":[[[13.31693,52.47183],[13.31435,52.47212],[13.31275,52.47007],[13.31404,52.46907],[13.31492,52.46938],[13.31755,52.47052],[13.31693,52.47183]]]},"properties":{"UWB":"04714","UWB3":"714","BWB":"047N","BWB3":"7N","AWK":"0407","BEZ":"04","BWK":"80"}},
{"type":"Feature","geometry":{"type":"Polygon","coordinates":[[[13.30573,52.47264],[13.30555,52.46985],[13.30253,52.47158],[13.30238,52.47019],[13.30074,52.47041],[13.2983,52.47074],[13.29818,52.46972],[13.30064,52.46935],[13.30025,52.46848],[13.30628,52.4675],[13.30898,52.46765],[13.30797,52.47023],[13.30804,52.47246],[13.30573,52.47264]]]},"properties":{"UWB":"04715","UWB3":"715","BWB":"047P","BWB3":"7P","AWK":"0407","BEZ":"04","BWK":"80"}},
{"type":"Feature","geometry":{"type":"Polygon","coordinates":[[[13.30959,52.46743],[13.31142,52.46712],[13.31617,52.46704],[13.31899,52.467],[13.31998,52.46698],[13.31795,52.4685],[13.31589,52.46799],[13.31492,52.46938],[13.31404,52.46907],[13.30959,52.46743]]]},"properties":{"UWB":"04716","UWB3":"716","BWB":"047Q","BWB3":"7Q","AWK":"0407","BEZ":"04","BWK":"80"}},
{"type":"Feature","geometry":{"type":"Polygon","coordinates":[[[13.31755,52.47052],[13.31492,52.46938],[13.31589,52.46799],[13.31795,52.4685],[13.31998,52.46698],[13.32025,52.46997],[13.31832,52.46951],[13.31755,52.47052]]]},"properties":{"UWB":"04717","UWB3":"717","BWB":"047R","BWB3":"7R","AWK":"0407","BEZ":"04","BWK":"80"}},
{"type":"Feature","geometry":{"type":"Polygon","coordinates":[[[13.28747,52.48082],[13.28528,52.4796],[13.28568,52.47923],[13.28665,52.47948],[13.29557,52.47888],[13.29586,52.48118],[13.29002,52.48221],[13.28747,52.48082]]]},"properties":{"UWB":"04718","UWB3":"718","BWB":"047S","BWB3":"7S","AWK":"0407","BEZ":"04","BWK":"80"}},
{"type":"Feature","geometry":{"type":"Polygon","coordinates":[[[13.29379,52.48424],[13.29002,52.48221],[13.29586,52.48118],[13.29557,52.47888],[13.29719,52.47878],[13.29748,52.48098],[13.30666,52.47961],[13.30678,52.48322],[13.30051,52.48788],[13.29379,52.48424]]]},"properties":{"UWB":"04719","UWB3":"719","BWB":"047S","BWB3":"7S","AWK":"0407","BEZ":"04","BWK":"80"}},
{"type":"Feature","geometry":{"type":"Polygon","coordinates":[[[13.28844,52.47304],[13.29011,52.47391],[13.29037,52.47538],[13.28756,52.47575],[13.28798,52.47727],[13.28568,52.47923],[13.28528,52.4796],[13.28094,52.47681],[13.28438,52.47607],[13.28844,52.47304]]]},"properties":{"UWB":"04720","UWB3":"720","BWB":"047T","BWB3":"7T","AWK":"0407","BEZ":"04","BWK":"80"}},
{"type":"Feature","geometry":{"type":"Polygon","coordinates":[[[13.28568,52.47923],[13.28798,52.47727],[13.28756,52.47575],[13.29037,52.47538],[13.29074,52.47652],[13.2951,52.47534],[13.29534,52.47703],[13.29696,52.47695],[13.29719,52.47878],[13.29557,52.47888],[13.28665,52.47948],[13.28568,52.47923]]]},"properties":{"UWB":"04721","UWB3":"721","BWB":"047U","BWB3":"7U","AWK":"0407","BEZ":"04","BWK":"80"}},
{"type":"Feature","geometry":{"type":"Polygon","coordinates":[[[13.29011,52.47391],[13.28984,52.47228],[13.2937,52.47161],[13.29324,52.47236],[13.29454,52.47414],[13.2951,52.47534],[13.29074,52.47652],[13.29037,52.47538],[13.29011,52.47391]]]},"properties":{"UWB":"04722","UWB3":"722","BWB":"047V","BWB3":"7V","AWK":"0407","BEZ":"04","BWK":"80"}},
{"type":"Feature","geometry":{"type":"Polygon","coordinates":[[[13.30666,52.47961],[13.29748,52.48098],[13.29719,52.47878],[13.29696,52.47695],[13.29534,52.47703],[13.2951,52.47534],[13.29454,52.47414],[13.29719,52.47354],[13.29671,52.47093],[13.2983,52.47074],[13.30074,52.47041],[13.30103,52.47132],[13.29844,52.47164],[13.29965,52.47334],[13.30328,52.47518],[13.30675,52.47732],[13.30666,52.47961]]]},"properties":{"UWB":"04723","UWB3":"723","BWB":"047W","BWB3":"7W","AWK":"0407","BEZ":"04","BWK":"80"}},
{"type":"Feature","geometry":{"type":"Polygon","coordinates":[[[13.2937,52.47161],[13.29409,52.47095],[13.29671,52.47093],[13.29719,52.47354],[13.29454,52.47414],[13.29324,52.47236],[13.2937,52.47161]]]},"properties":{"UWB":"04724","UWB3":"724","BWB":"047X","BWB3":"7X","AWK":"0407","BEZ":"04","BWK":"80"}},
{"type":"Feature","geometry":{"type":"Polygon","coordinates":[[[13.32025,52.48368],[13.31558,52.48176],[13.31561,52.4831],[13.3136,52.48316],[13.31346,52.48073],[13.31212,52.48001],[13.3148,52.47862],[13.31762,52.47794],[13.31878,52.47887],[13.31888,52.48144],[13.32034,52.48138],[13.32036,52.48323],[13.32025,52.48368]]]},"properties":{"UWB":"04725","UWB3":"725","BWB":"047Y","BWB3":"7Y","AWK":"0407","BEZ":"04","BWK":"80"}},
{"type":"Feature","geometry":{"type":"Polygon","coordinates":[[[13.30828,52.47638],[13.30815,52.47338],[13.31441,52.47316],[13.31447,52.4743],[13.31678,52.47573],[13.3154,52.47664],[13.31243,52.47621],[13.30828,52.47638]]]},"properties":{"UWB":"04726","UWB3":"726","BWB":"047Z","BWB3":"7Z","AWK":"0407","BEZ":"04","BWK":"80"}},
{"type":"Feature","geometry":{"type":"Polygon","coordinates":[[[13.28584,52.46983],[13.28908,52.47053],[13.29234,52.46992],[13.30025,52.46848],[13.30064,52.46935],[13.29818,52.46972],[13.2983,52.47074],[13.29671,52.47093],[13.29409,52.47095],[13.2937,52.47161],[13.28984,52.47228],[13.29011,52.47391],[13.28844,52.47304],[13.28426,52.47097],[13.28584,52.46983]]]},"properties":{"UWB":"04727","UWB3":"727","BWB":"047X","BWB3":"7X","AWK":"0407","BEZ":"04","BWK":"80"}},
{"type":"Feature","geometry":{"type":"Polygon","coordinates":[[[13.30012,52.52188],[13.29958,52.51962],[13.30128,52.51911],[13.30444,52.5181],[13.30427,52.51964],[13.30208,52.52033],[13.30217,52.52172],[13.30012,52.52188]]]},"properties":{"UWB":"04801","UWB3":"801","BWB":"048A","BWB3":"8A","AWK":"0401","BEZ":"04","BWK":"80"}},
{"type":"Feature","geometry":{"type":"Polygon","coordinates":[[[13.30623,52.52071],[13.30217,52.52172],[13.30208,52.52033],[13.30427,52.51964],[13.30444,52.5181],[13.30658,52.51743],[13.30818,52.51832],[13.30856,52.52006],[13.31168,52.52025],[13.31436,52.5198],[13.31452,52.52033],[13.31252,52.52071],[13.30623,52.52071]]]},"properties":{"UWB":"04802","UWB3":"802","BWB":"048B","BWB3":"8B","AWK":"0401","BEZ":"04","BWK":"80"}},
{"type":"Feature","geometry":{"type":"Polygon","coordinates":[[[13.30818,52.51832],[13.31376,52.51817],[13.31436,52.5198],[13.31168,52.52025],[13.30856,52.52006],[13.30818,52.51832]]]},"properties":{"UWB":"04803","UWB3":"803","BWB":"048C","BWB3":"8C","AWK":"0401","BEZ":"04","BWK":"80"}},
{"type":"Feature","geometry":{"type":"Polygon","coordinates":[[[13.31785,52.52041],[13.31954,52.51958],[13.32239,52.52114],[13.32217,52.52206],[13.32457,52.52254],[13.32492,52.52158],[13.32851,52.52232],[13.32878,52.52244],[13.32877,52.52245],[13.32519,52.52442],[13.32325,52.52469],[13.32001,52.52406],[13.31894,52.52307],[13.31878,52.52111],[13.31785,52.52041]]]},"properties":{"UWB":"04804","UWB3":"804","BWB":"048D","BWB3":"8D","AWK":"0401","BEZ":"04","BWK":"80"}},
{"type":"Feature","geometry":{"type":"Polygon","coordinates":[[[13.31049,52.51619],[13.3152,52.51468],[13.31768,52.51784],[13.31539,52.51795],[13.31376,52.51817],[13.30818,52.51832],[13.30658,52.51743],[13.31049,52.51619]]]},"properties":{"UWB":"04805","UWB3":"805","BWB":"048E","BWB3":"8E","AWK":"0401","BEZ":"04","BWK":"80"}},
{"type":"Feature","geometry":{"type":"Polygon","coordinates":[[[13.3244,52.51693],[13.32135,52.51796],[13.31824,52.51947],[13.31655,52.51914],[13.31539,52.51795],[13.31768,52.51784],[13.31944,52.51726],[13.31815,52.51577],[13.32243,52.51448],[13.3244,52.51693]]]},"properties":{"UWB":"04806","UWB3":"806","BWB":"048F","BWB3":"8F","AWK":"0401","BEZ":"04","BWK":"80"}},
{"type":"Feature","geometry":{"type":"Polygon","coordinates":[[[13.31731,52.52062],[13.31452,52.52033],[13.31436,52.5198],[13.31376,52.51817],[13.31539,52.51795],[13.31655,52.51914],[13.31824,52.51947],[13.32135,52.51796],[13.3244,52.51693],[13.3285,52.52186],[13.32851,52.52232],[13.32492,52.52158],[13.32457,52.52254],[13.32217,52.52206],[13.32239,52.52114],[13.31954,52.51958],[13.31785,52.52041],[13.31731,52.52062]]]},"properties":{"UWB":"04807","UWB3":"807","BWB":"048G","BWB3":"8G","AWK":"0401","BEZ":"04","BWK":"80"}},
{"type":"Feature","geometry":{"type":"Polygon","coordinates":[[[13.19722,52.5681],[13.19995,52.56882],[13.2076,52.57333],[13.2087,52.57573],[13.20726,52.57914],[13.20239,52.58776],[13.202,52.58813],[13.20034,52.58877],[13.19086,52.59047],[13.18562,52.59255],[13.18447,52.59338],[13.17834,52.59488],[13.17367,52.59533],[13.17197,52.59629],[13.1679,52.59701],[13.16453,52.59879],[13.15706,52.59762],[13.15398,52.59577],[13.16201,52.59507],[13.16358,52.5945],[13.16985,52.59008],[13.17574,52.58689],[13.17684,52.58485],[13.17581,52.58303],[13.17618,52.58125],[13.18045,52.57748],[13.16443,52.56759],[13.1675,52.56667],[13.16946,52.56714],[13.17102,52.56664],[13.17092,52.56431],[13.17327,52.56387],[13.17503,52.56458],[13.18246,52.56575],[13.18438,52.56567],[13.19241,52.56699],[13.19722,52.5681]]]},"properties":{"UWB":"05101","UWB3":"101","BWB":"051A","BWB3":"1A","AWK":"0501","BEZ":"05","BWK":"78"}},
{"type":"Feature","geometry":{"type":"Polygon","coordinates":[[[13.21739,52.58748],[13.21124,52.58823],[13.20734,52.58837],[13.20671,52.5866],[13.20237,52.58797],[13.20755,52.58413],[13.21257,52.57327],[13.22333,52.57297],[13.22487,52.57337],[13.22204,52.57494],[13.21886,52.57716],[13.21796,52.57854],[13.21831,52.58096],[13.2172,52.5824],[13.21543,52.58353],[13.21536,52.58476],[13.21643,52.58571],[13.21739,52.58748]]]},"properties":{"UWB":"05102","UWB3":"102","BWB":"051B","BWB3":"1B","AWK":"0501","BEZ":"05","BWK":"78"}},
{"type":"Feature","geometry":{"type":"Polygon","coordinates":[[[13.19722,52.5681],[13.19725,52.56734],[13.20054,52.56626],[13.20326,52.56543],[13.20735,52.56535],[13.2093,52.56534],[13.213,52.57133],[13.21257,52.57327],[13.20755,52.58413],[13.20237,52.58797],[13.202,52.58813],[13.20239,52.58776],[13.20726,52.57914],[13.2087,52.57573],[13.2076,52.57333],[13.19995,52.56882],[13.19722,52.5681]]]},"properties":{"UWB":"05103","UWB3":"103","BWB":"051A","BWB3":"1A","AWK":"0501","BEZ":"05","BWK":"78"}},
{"type":"Feature","geometry":{"type":"Polygon","coordinates":[[[13.21257,52.57327],[13.213,52.57133],[13.2093,52.56534],[13.21089,52.56514],[13.2158,52.5646],[13.21383,52.56243],[13.21541,52.56266],[13.22119,52.562],[13.22298,52.56107],[13.22429,52.5595],[13.2256,52.56075],[13.22782,52.56188],[13.22804,52.56337],[13.22871,52.56567],[13.22739,52.56741],[13.22672,52.56933],[13.2253,52.57122],[13.22487,52.57337],[13.22333,52.57297],[13.21257,52.57327]]]},"properties":{"UWB":"05104","UWB3":"104","BWB":"051B","BWB3":"1B","AWK":"0501","BEZ":"05","BWK":"78"}},
{"type":"Feature","geometry":{"type":"Polygon","coordinates":[[[13.15398,52.59577],[13.14909,52.59177],[13.14334,52.58966],[13.1379,52.5887],[13.13547,52.58736],[13.13266,52.58692],[13.12896,52.5873],[13.12935,52.58593],[13.12796,52.58313],[13.13026,52.58304],[13.13168,52.58022],[13.13261,52.5796],[13.13751,52.58053],[13.13916,52.58039],[13.14203,52.58134],[13.14961,52.58336],[13.15124,52.58221],[13.15316,52.57894],[13.15354,52.57325],[13.15239,52.57046],[13.15126,52.56999],[13.15028,52.56771],[13.15501,52.56647],[13.15676,52.56629],[13.15957,52.56442],[13.16189,52.56388],[13.16372,52.56349],[13.1723,52.56068],[13.17098,52.55524],[13.17465,52.55432],[13.17959,52.55317],[13.1855,52.55151],[13.18866,52.55648],[13.18429,52.55763],[13.18449,52.55925],[13.18899,52.559],[13.18914,52.56082],[13.19155,52.56043],[13.19531,52.56086],[13.19703,52.56204],[13.19599,52.56365],[13.19241,52.56699],[13.18438,52.56567],[13.18246,52.56575],[13.17503,52.56458],[13.17327,52.56387],[13.17092,52.56431],[13.17102,52.56664],[13.16946,52.56714],[13.1675,52.56667],[13.16443,52.56759],[13.18045,52.57748],[13.17618,52.58125],[13.17581,52.58303],[13.17684,52.58485],[13.17574,52.58689],[13.16985,52.59008],[13.16358,52.5945],[13.16201,52.59507],[13.15398,52.59577]]]},"properties":{"UWB":"05105","UWB3":"105","BWB":"051M","BWB3":"1M","AWK":"0501","BEZ":"05","BWK":"78"}},
{"type":"Feature","geometry":{"type":"Polygon","coordinates":[[[13.1855,52.55151],[13.1897,52.55033],[13.19348,52.54892],[13.1935,52.55047],[13.19504,52.55194],[13.19606,52.55299],[13.19887,52.55403],[13.19863,52.55509],[13.19724,52.5551],[13.19685,52.55673],[13.19557,52.55671],[13.19425,52.55806],[13.19424,52.56008],[13.19155,52.56043],[13.18914,52.56082],[13.18899,52.559],[13.18449,52.55925],[13.18429,52.55763],[13.18866,52.55648],[13.1855,52.55151]]]},"properties":{"UWB":"05106","UWB3":"106","BWB":"051N","BWB3":"1N","AWK":"0501","BEZ":"05","BWK":"78"}},
{"type":"Feature","geometry":{"type":"Polygon","coordinates":[[[13.19241,52.56699],[13.19599,52.56365],[13.19703,52.56204],[13.19867,52.56208],[13.19925,52.56327],[13.20112,52.56404],[13.20054,52.56626],[13.19725,52.56734],[13.19722,52.5681],[13.19241,52.56699]]]},"properties":{"UWB":"05107","UWB3":"107","BWB":"051M","BWB3":"1M","AWK":"0501","BEZ":"05","BWK":"78"}},
{"type":"Feature","geometry":{"type":"Polygon","coordinates":[[[13.2093,52.56534],[13.20849,52.56197],[13.20843,52.56162],[13.21011,52.5614],[13.21113,52.5633],[13.21089,52.56514],[13.2093,52.56534]]]},"properties":{"UWB":"05108","UWB3":"108","BWB":"051C","BWB3":"1C","AWK":"0501","BEZ":"05","BWK":"78"}},
{"type":"Feature","geometry":{"type":"Polygon","coordinates":[[[13.22225,52.55576],[13.22045,52.55609],[13.21919,52.5545],[13.21729,52.55459],[13.21621,52.55697],[13.21601,52.55492],[13.21178,52.55465],[13.20756,52.55571],[13.20731,52.55547],[13.20742,52.55408],[13.21469,52.55362],[13.21473,52.55221],[13.21565,52.55195],[13.22229,52.55199],[13.22225,52.55576]]]},"properties":{"UWB":"05109","UWB3":"109","BWB":"051E","BWB3":"1E","AWK":"0501","BEZ":"05","BWK":"78"}},
{"type":"Feature","geometry":{"type":"Polygon","coordinates":[[[13.20849,52.56197],[13.20311,52.56217],[13.20266,52.56216],[13.20223,52.55948],[13.20488,52.55926],[13.20504,52.56033],[13.20818,52.5601],[13.20843,52.56162],[13.20849,52.56197]]]},"properties":{"UWB":"05110","UWB3":"110","BWB":"051J","BWB3":"1J","AWK":"0501","BEZ":"05","BWK":"78"}},
{"type":"Feature","geometry":{"type":"Polygon","coordinates":[[[13.20054,52.56626],[13.20112,52.56404],[13.19925,52.56327],[13.19867,52.56208],[13.20266,52.56216],[13.20311,52.56217],[13.20416,52.56395],[13.20735,52.56535],[13.20326,52.56543],[13.20054,52.56626]]]},"properties":{"UWB":"05111","UWB3":"111","BWB":"051L","BWB3":"1L","AWK":"0501","BEZ":"05","BWK":"78"}},
{"type":"Feature","geometry":{"type":"Polygon","coordinates":[[[13.20223,52.55948],[13.20184,52.55705],[13.20368,52.55702],[13.20539,52.55778],[13.20778,52.55726],[13.20818,52.5601],[13.20504,52.56033],[13.20488,52.55926],[13.20223,52.55948]]]},"properties":{"UWB":"05112","UWB3":"112","BWB":"051J","BWB3":"1J","AWK":"0501","BEZ":"05","BWK":"78"}},
{"type":"Feature","geometry":{"type":"Polygon","coordinates":[[[13.19155,52.56043],[13.19424,52.56008],[13.19425,52.55806],[13.19557,52.55671],[13.19685,52.55673],[13.19724,52.5551],[13.19863,52.55509],[13.20371,52.5554],[13.20368,52.55702],[13.20184,52.55705],[13.20223,52.55948],[13.20266,52.56216],[13.19867,52.56208],[13.19703,52.56204],[13.19531,52.56086],[13.19155,52.56043]]]},"properties":{"UWB":"05113","UWB3":"113","BWB":"051L","BWB3":"1L","AWK":"0501","BEZ":"05","BWK":"78"}},
{"type":"Feature","geometry":{"type":"Polygon","coordinates":[[[13.20756,52.55571],[13.20778,52.55726],[13.20539,52.55778],[13.20368,52.55702],[13.20371,52.5554],[13.20731,52.55547],[13.20756,52.55571]]]},"properties":{"UWB":"05114","UWB3":"114","BWB":"051G","BWB3":"1G","AWK":"0501","BEZ":"05","BWK":"78"}},
{"type":"Feature","geometry":{"type":"Polygon","coordinates":[[[13.19504,52.55194],[13.19794,52.55118],[13.1976,52.54942],[13.20057,52.54941],[13.20002,52.55138],[13.19606,52.55299],[13.19504,52.55194]]]},"properties":{"UWB":"05115","UWB3":"115","BWB":"051G","BWB3":"1G","AWK":"0501","BEZ":"05","BWK":"78"}},
{"type":"Feature","geometry":{"type":"Polygon","coordinates":[[[13.19348,52.54892],[13.19481,52.5501],[13.19751,52.54938],[13.1976,52.54942],[13.19794,52.55118],[13.19504,52.55194],[13.1935,52.55047],[13.19348,52.54892]]]},"properties":{"UWB":"05116","UWB3":"116","BWB":"051N","BWB3":"1N","AWK":"0501","BEZ":"05","BWK":"78"}},
{"type":"Feature","geometry":{"type":"Polygon","coordinates":[[[13.17465,52.55432],[13.1728,52.55146],[13.17789,52.55073],[13.17959,52.55317],[13.17465,52.55432]]]},"properties":{"UWB":"05117","UWB3":"117","BWB":"051Q","BWB3":"1Q","AWK":"0501","BEZ":"05","BWK":"78"}},
{"type":"Feature","geometry":{"type":"Polygon","coordinates":[[[13.20843,52.56162],[13.20818,52.5601],[13.20778,52.55726],[13.20756,52.55571],[13.21178,52.55465],[13.21601,52.55492],[13.21621,52.55697],[13.21767,52.55865],[13.21691,52.56019],[13.21256,52.56108],[13.21011,52.5614],[13.20843,52.56162]]]},"properties":{"UWB":"05118","UWB3":"118","BWB":"051H","BWB3":"1H","AWK":"0501","BEZ":"05","BWK":"78"}},
{"type":"Feature","geometry":{"type":"Polygon","coordinates":[[[13.20735,52.56535],[13.20416,52.56395],[13.20311,52.56217],[13.20849,52.56197],[13.2093,52.56534],[13.20735,52.56535]]]},"properties":{"UWB":"05119","UWB3":"119","BWB":"051K","BWB3":"1K","AWK":"0501","BEZ":"05","BWK":"78"}},
{"type":"Feature","geometry":{"type":"Polygon","coordinates":[[[13.22225,52.55576],[13.22345,52.55807],[13.22074,52.55844],[13.21841,52.55789],[13.21767,52.55865],[13.21621,52.55697],[13.21729,52.55459],[13.21919,52.5545],[13.22045,52.55609],[13.22225,52.55576]]]},"properties":{"UWB":"05120","UWB3":"120","BWB":"051E","BWB3":"1E","AWK":"0501","BEZ":"05","BWK":"78"}},
{"type":"Feature","geometry":{"type":"Polygon","coordinates":[[[13.21383,52.56243],[13.21256,52.56108],[13.21691,52.56019],[13.21767,52.55865],[13.21841,52.55789],[13.22074,52.55844],[13.22345,52.55807],[13.22429,52.5595],[13.22298,52.56107],[13.22119,52.562],[13.21541,52.56266],[13.21383,52.56243]]]},"properties":{"UWB":"05121","UWB3":"121","BWB":"051D","BWB3":"1D","AWK":"0501","BEZ":"05","BWK":"78"}},
{"type":"Feature","geometry":{"type":"Polygon","coordinates":[[[13.16128,52.54845],[13.16252,52.5483],[13.16539,52.55116],[13.16815,52.55064],[13.16838,52.55174],[13.16593,52.55221],[13.16612,52.5531],[13.16321,52.55344],[13.16205,52.55178],[13.16128,52.54845]]]},"properties":{"UWB":"05122","UWB3":"122","BWB":"051R","BWB3":"1R","AWK":"0501","BEZ":"05","BWK":"78"}},
{"type":"Feature","geometry":{"type":"Polygon","coordinates":[[[13.16815,52.55064],[13.16987,52.55032],[13.17098,52.55524],[13.16711,52.55605],[13.16612,52.5531],[13.16593,52.55221],[13.16838,52.55174],[13.16815,52.55064]]]},"properties":{"UWB":"05123","UWB3":"123","BWB":"051R","BWB3":"1R","AWK":"0501","BEZ":"05","BWK":"78"}},
{"type":"Feature","geometry":{"type":"Polygon","coordinates":[[[13.17098,52.55524],[13.16987,52.55032],[13.17532,52.54929],[13.1781,52.54877],[13.17857,52.55023],[13.17789,52.55073],[13.1728,52.55146],[13.17465,52.55432],[13.17098,52.55524]]]},"properties":{"UWB":"05124","UWB3":"124","BWB":"051Q","BWB3":"1Q","AWK":"0501","BEZ":"05","BWK":"78"}},
{"type":"Feature","geometry":{"type":"Polygon","coordinates":[[[13.17959,52.55317],[13.17789,52.55073],[13.17857,52.55023],[13.18041,52.55026],[13.18506,52.54941],[13.1855,52.55151],[13.17959,52.55317]]]},"properties":{"UWB":"05125","UWB3":"125","BWB":"051P","BWB3":"1P","AWK":"0501","BEZ":"05","BWK":"78"}},
{"type":"Feature","geometry":{"type":"Polygon","coordinates":[[[13.1855,52.55151],[13.18506,52.54941],[13.18466,52.54754],[13.18878,52.54676],[13.1897,52.55033],[13.1855,52.55151]]]},"properties":{"UWB":"05126","UWB3":"126","BWB":"051P","BWB3":"1P","AWK":"0501","BEZ":"05","BWK":"78"}},
{"type":"Feature","geometry":{"type":"Polygon","coordinates":[[[13.17532,52.54929],[13.1781,52.54877],[13.18466,52.54754],[13.18506,52.54941],[13.18041,52.55026],[13.17857,52.55023],[13.1781,52.54877],[13.17532,52.54929]]]},"properties":{"UWB":"05127","UWB3":"127","BWB":"051P","BWB3":"1P","AWK":"0501","BEZ":"05","BWK":"78"}},
{"type":"Feature","geometry":{"type":"Polygon","coordinates":[[[13.15028,52.56771],[13.14986,52.56676],[13.14751,52.56441],[13.14714,52.56145],[13.14658,52.56113],[13.1527,52.55993],[13.1561,52.55842],[13.15989,52.5576],[13.16189,52.56388],[13.15957,52.56442],[13.15676,52.56629],[13.15501,52.56647],[13.15028,52.56771]]]},"properties":{"UWB":"05128","UWB3":"128","BWB":"051S","BWB3":"1S","AWK":"0501","BEZ":"05","BWK":"78"}},
{"type":"Feature","geometry":{"type":"Polygon","coordinates":[[[13.16189,52.56388],[13.15989,52.5576],[13.1561,52.55842],[13.15353,52.55341],[13.15563,52.55302],[13.15939,52.5523],[13.15951,52.55228],[13.16205,52.55178],[13.16321,52.55344],[13.16612,52.5531],[13.16711,52.55605],[13.17098,52.55524],[13.1723,52.56068],[13.16372,52.56349],[13.16189,52.56388]]]},"properties":{"UWB":"05129","UWB3":"129","BWB":"051S","BWB3":"1S","AWK":"0501","BEZ":"05","BWK":"78"}},
{"type":"Feature","geometry":{"type":"Polygon","coordinates":[[[13.14658,52.56113],[13.14606,52.5604],[13.14685,52.55862],[13.14713,52.55475],[13.15353,52.55341],[13.1561,52.55842],[13.1527,52.55993],[13.14658,52.56113]]]},"properties":{"UWB":"05130","UWB3":"130","BWB":"051S","BWB3":"1S","AWK":"0501","BEZ":"05","BWK":"78"}},
{"type":"Feature","geometry":{"type":"Polygon","coordinates":[[[13.21473,52.55221],[13.21359,52.55196],[13.2099,52.5499],[13.21011,52.54899],[13.20963,52.54792],[13.21578,52.54702],[13.21842,52.54594],[13.22115,52.54595],[13.22284,52.5488],[13.22229,52.55199],[13.21565,52.55195],[13.21473,52.55221]]]},"properties":{"UWB":"05131","UWB3":"131","BWB":"051E","BWB3":"1E","AWK":"0501","BEZ":"05","BWK":"78"}},
{"type":"Feature","geometry":{"type":"Polygon","coordinates":[[[13.19606,52.55299],[13.20002,52.55138],[13.20057,52.54941],[13.20079,52.54868],[13.20368,52.54862],[13.21011,52.54899],[13.2099,52.5499],[13.2091,52.55198],[13.20742,52.55408],[13.20731,52.55547],[13.20371,52.5554],[13.19863,52.55509],[13.19887,52.55403],[13.19606,52.55299]]]},"properties":{"UWB":"05132","UWB3":"132","BWB":"051G","BWB3":"1G","AWK":"0501","BEZ":"05","BWK":"78"}},
{"type":"Feature","geometry":{"type":"Polygon","coordinates":[[[13.21089,52.56514],[13.21113,52.5633],[13.21011,52.5614],[13.21256,52.56108],[13.21383,52.56243],[13.2158,52.5646],[13.21089,52.56514]]]},"properties":{"UWB":"05133","UWB3":"133","BWB":"051C","BWB3":"1C","AWK":"0501","BEZ":"05","BWK":"78"}},
{"type":"Feature","geometry":{"type":"Polygon","coordinates":[[[13.20742,52.55408],[13.2091,52.55198],[13.2099,52.5499],[13.21359,52.55196],[13.21473,52.55221],[13.21469,52.55362],[13.20742,52.55408]]]},"properties":{"UWB":"05134","UWB3":"134","BWB":"051F","BWB3":"1F","AWK":"0501","BEZ":"05","BWK":"78"}},
{"type":"Feature","geometry":{"type":"Polygon","coordinates":[[[13.1788,52.54102],[13.17553,52.5417],[13.17349,52.5389],[13.17675,52.53807],[13.18193,52.53721],[13.18239,52.53842],[13.17823,52.53922],[13.1788,52.54102]]]},"properties":{"UWB":"05201","UWB3":"201","BWB":"052L","BWB3":"2L","AWK":"0502","BEZ":"05","BWK":"78"}},
{"type":"Feature","geometry":{"type":"Polygon","coordinates":[[[13.18308,52.54558],[13.17949,52.54552],[13.17899,52.54297],[13.18319,52.54156],[13.18341,52.54167],[13.18407,52.54478],[13.18424,52.54556],[13.18308,52.54558]]]},"properties":{"UWB":"05202","UWB3":"202","BWB":"052J","BWB3":"2J","AWK":"0502","BEZ":"05","BWK":"78"}},
{"type":"Feature","geometry":{"type":"Polygon","coordinates":[[[13.18239,52.53842],[13.18739,52.53755],[13.18804,52.53928],[13.1831,52.53984],[13.1788,52.54102],[13.17823,52.53922],[13.18239,52.53842]]]},"properties":{"UWB":"05203","UWB3":"203","BWB":"052M","BWB3":"2M","AWK":"0502","BEZ":"05","BWK":"78"}},
{"type":"Feature","geometry":{"type":"Polygon","coordinates":[[[13.18193,52.53721],[13.18167,52.53408],[13.19085,52.53435],[13.19843,52.53291],[13.19903,52.53382],[13.19484,52.53448],[13.19528,52.5355],[13.19233,52.53556],[13.18727,52.53635],[13.18739,52.53755],[13.18239,52.53842],[13.18193,52.53721]]]},"properties":{"UWB":"05204","UWB3":"204","BWB":"052M","BWB3":"2M","AWK":"0502","BEZ":"05","BWK":"78"}},
{"type":"Feature","geometry":{"type":"Polygon","coordinates":[[[13.19528,52.5355],[13.19583,52.53664],[13.18999,52.53826],[13.18982,52.53681],[13.18739,52.53755],[13.18727,52.53635],[13.19233,52.53556],[13.19528,52.5355]]]},"properties":{"UWB":"05205","UWB3":"205","BWB":"052M","BWB3":"2M","AWK":"0502","BEZ":"05","BWK":"78"}},
{"type":"Feature","geometry":{"type":"Polygon","coordinates":[[[13.18797,52.52769],[13.1872,52.5285],[13.18822,52.53249],[13.17916,52.53312],[13.17916,52.53074],[13.18186,52.52632],[13.18797,52.52769]]]},"properties":{"UWB":"05206","UWB3":"206","BWB":"052P","BWB3":"2P","AWK":"0502","BEZ":"05","BWK":"78"}},
{"type":"Feature","geometry":{"type":"Polygon","coordinates":[[[13.1781,52.54877],[13.17723,52.54706],[13.18206,52.5463],[13.18308,52.54558],[13.18424,52.54556],[13.18466,52.54754],[13.1781,52.54877]]]},"properties":{"UWB":"05207","UWB3":"207","BWB":"052J","BWB3":"2J","AWK":"0502","BEZ":"05","BWK":"78"}},
{"type":"Feature","geometry":{"type":"Polygon","coordinates":[[[13.20434,52.5439],[13.20602,52.54513],[13.20744,52.54675],[13.20377,52.5479],[13.20128,52.54778],[13.20233,52.54656],[13.20083,52.54587],[13.20434,52.5439]]]},"properties":{"UWB":"05208","UWB3":"208","BWB":"052D","BWB3":"2D","AWK":"0502","BEZ":"05","BWK":"78"}},
{"type":"Feature","geometry":{"type":"Polygon","coordinates":[[[13.1897,52.55033],[13.18878,52.54676],[13.19421,52.54564],[13.19526,52.54595],[13.19515,52.54721],[13.19751,52.54938],[13.19481,52.5501],[13.19348,52.54892],[13.1897,52.55033]]]},"properties":{"UWB":"05209","UWB3":"209","BWB":"052A","BWB3":"2A","AWK":"0502","BEZ":"05","BWK":"78"}},
{"type":"Feature","geometry":{"type":"Polygon","coordinates":[[[13.21011,52.54899],[13.20368,52.54862],[13.20377,52.5479],[13.20744,52.54675],[13.20602,52.54513],[13.20752,52.54479],[13.20963,52.54792],[13.21011,52.54899]]]},"properties":{"UWB":"05210","UWB3":"210","BWB":"052C","BWB3":"2C","AWK":"0502","BEZ":"05","BWK":"78"}},
{"type":"Feature","geometry":{"type":"Polygon","coordinates":[[[13.20083,52.54587],[13.19781,52.54714],[13.19623,52.54615],[13.20413,52.54377],[13.20434,52.5439],[13.20083,52.54587]]]},"properties":{"UWB":"05211","UWB3":"211","BWB":"052B","BWB3":"2B","AWK":"0502","BEZ":"05","BWK":"78"}},
{"type":"Feature","geometry":{"type":"Polygon","coordinates":[[[13.197,52.53135],[13.19296,52.53209],[13.19248,52.52863],[13.1957,52.52924],[13.197,52.53135]]]},"properties":{"UWB":"05212","UWB3":"212","BWB":"052Q","BWB3":"2Q","AWK":"0502","BEZ":"05","BWK":"78"}},
{"type":"Feature","geometry":{"type":"Polygon","coordinates":[[[13.16987,52.55032],[13.16832,52.54323],[13.17553,52.5417],[13.1788,52.54102],[13.1831,52.53984],[13.18319,52.54156],[13.17899,52.54297],[13.17633,52.5437],[13.17723,52.54706],[13.1781,52.54877],[13.17532,52.54929],[13.16987,52.55032]]]},"properties":{"UWB":"05213","UWB3":"213","BWB":"052L","BWB3":"2L","AWK":"0502","BEZ":"05","BWK":"78"}},
{"type":"Feature","geometry":{"type":"Polygon","coordinates":[[[13.18308,52.54558],[13.18206,52.5463],[13.17723,52.54706],[13.17633,52.5437],[13.17899,52.54297],[13.17949,52.54552],[13.18308,52.54558]]]},"properties":{"UWB":"05214","UWB3":"214","BWB":"052K","BWB3":"2K","AWK":"0502","BEZ":"05","BWK":"78"}},
{"type":"Feature","geometry":{"type":"Polygon","coordinates":[[[13.18466,52.54754],[13.18424,52.54556],[13.18407,52.54478],[13.1882,52.54423],[13.18878,52.54676],[13.18466,52.54754]]]},"properties":{"UWB":"05215","UWB3":"215","BWB":"052H","BWB3":"2H","AWK":"0502","BEZ":"05","BWK":"78"}},
{"type":"Feature","geometry":{"type":"Polygon","coordinates":[[[13.18878,52.54676],[13.1882,52.54423],[13.19033,52.54348],[13.1925,52.54455],[13.19424,52.54189],[13.19712,52.53836],[13.19845,52.53963],[13.19649,52.54207],[13.19421,52.54564],[13.18878,52.54676]]]},"properties":{"UWB":"05216","UWB3":"216","BWB":"052E","BWB3":"2E","AWK":"0502","BEZ":"05","BWK":"78"}},
{"type":"Feature","geometry":{"type":"Polygon","coordinates":[[[13.18186,52.52632],[13.18262,52.52497],[13.18198,52.5241],[13.18755,52.5226],[13.18991,52.5222],[13.19257,52.52424],[13.19429,52.52601],[13.1957,52.52924],[13.19248,52.52863],[13.18797,52.52769],[13.18186,52.52632]]]},"properties":{"UWB":"05217","UWB3":"217","BWB":"052R","BWB3":"2R","AWK":"0502","BEZ":"05","BWK":"78"}},
{"type":"Feature","geometry":{"type":"Polygon","coordinates":[[[13.19421,52.54564],[13.19649,52.54207],[13.19845,52.53963],[13.20071,52.53861],[13.2028,52.54005],[13.2009,52.54148],[13.20413,52.54377],[13.19623,52.54615],[13.19526,52.54595],[13.19421,52.54564]]]},"properties":{"UWB":"05218","UWB3":"218","BWB":"052E","BWB3":"2E","AWK":"0502","BEZ":"05","BWK":"78"}},
{"type":"Feature","geometry":{"type":"Polygon","coordinates":[[[13.20434,52.5439],[13.20413,52.54377],[13.2009,52.54148],[13.2028,52.54005],[13.2046,52.53987],[13.20882,52.54076],[13.20854,52.54225],[13.21109,52.54378],[13.20752,52.54479],[13.20602,52.54513],[13.20434,52.5439]]]},"properties":{"UWB":"05219","UWB3":"219","BWB":"052D","BWB3":"2D","AWK":"0502","BEZ":"05","BWK":"78"}},
{"type":"Feature","geometry":{"type":"Polygon","coordinates":[[[13.17916,52.53074],[13.1773,52.53085],[13.17901,52.528],[13.17596,52.52739],[13.17742,52.52531],[13.17406,52.52332],[13.17372,52.52287],[13.17525,52.52254],[13.17811,52.52244],[13.18198,52.5241],[13.18262,52.52497],[13.18186,52.52632],[13.17916,52.53074]]]},"properties":{"UWB":"05220","UWB3":"220","BWB":"052R","BWB3":"2R","AWK":"0502","BEZ":"05","BWK":"78"}},
{"type":"Feature","geometry":{"type":"Polygon","coordinates":[[[13.19903,52.53382],[13.19973,52.53454],[13.20292,52.53353],[13.2062,52.53508],[13.2069,52.53659],[13.20071,52.53861],[13.19845,52.53963],[13.19712,52.53836],[13.19583,52.53664],[13.19528,52.5355],[13.19484,52.53448],[13.19903,52.53382]]]},"properties":{"UWB":"05221","UWB3":"221","BWB":"052F","BWB3":"2F","AWK":"0502","BEZ":"05","BWK":"78"}},
{"type":"Feature","geometry":{"type":"Polygon","coordinates":[[[13.20071,52.53861],[13.2069,52.53659],[13.2062,52.53508],[13.20862,52.53616],[13.20951,52.53884],[13.20882,52.54076],[13.2046,52.53987],[13.2028,52.54005],[13.20071,52.53861]]]},"properties":{"UWB":"05222","UWB3":"222","BWB":"052D","BWB3":"2D","AWK":"0502","BEZ":"05","BWK":"78"}},
{"type":"Feature","geometry":{"type":"Polygon","coordinates":[[[13.19583,52.53664],[13.19712,52.53836],[13.19424,52.54189],[13.19159,52.54096],[13.18999,52.53826],[13.19583,52.53664]]]},"properties":{"UWB":"05223","UWB3":"223","BWB":"052F","BWB3":"2F","AWK":"0502","BEZ":"05","BWK":"78"}},
{"type":"Feature","geometry":{"type":"Polygon","coordinates":[[[13.18319,52.54156],[13.1831,52.53984],[13.18804,52.53928],[13.18739,52.53755],[13.18982,52.53681],[13.18999,52.53826],[13.19159,52.54096],[13.19424,52.54189],[13.1925,52.54455],[13.19033,52.54348],[13.18628,52.54147],[13.18341,52.54167],[13.18319,52.54156]]]},"properties":{"UWB":"05224","UWB3":"224","BWB":"052F","BWB3":"2F","AWK":"0502","BEZ":"05","BWK":"78"}},
{"type":"Feature","geometry":{"type":"Polygon","coordinates":[[[13.20079,52.54868],[13.1984,52.54847],[13.19781,52.54714],[13.20083,52.54587],[13.20233,52.54656],[13.20128,52.54778],[13.20377,52.5479],[13.20368,52.54862],[13.20079,52.54868]]]},"properties":{"UWB":"05225","UWB3":"225","BWB":"052B","BWB3":"2B","AWK":"0502","BEZ":"05","BWK":"78"}},
{"type":"Feature","geometry":{"type":"Polygon","coordinates":[[[13.18167,52.53408],[13.17925,52.53393],[13.17916,52.53312],[13.18822,52.53249],[13.19296,52.53209],[13.197,52.53135],[13.19843,52.53291],[13.19085,52.53435],[13.18167,52.53408]]]},"properties":{"UWB":"05226","UWB3":"226","BWB":"052N","BWB3":"2N","AWK":"0502","BEZ":"05","BWK":"78"}},
{"type":"Feature","geometry":{"type":"Polygon","coordinates":[[[13.20963,52.54792],[13.20752,52.54479],[13.21109,52.54378],[13.21508,52.54356],[13.21705,52.54404],[13.22115,52.54595],[13.21842,52.54594],[13.21578,52.54702],[13.20963,52.54792]]]},"properties":{"UWB":"05227","UWB3":"227","BWB":"052C","BWB3":"2C","AWK":"0502","BEZ":"05","BWK":"78"}},
{"type":"Feature","geometry":{"type":"Polygon","coordinates":[[[13.18797,52.52769],[13.19248,52.52863],[13.19296,52.53209],[13.18822,52.53249],[13.1872,52.5285],[13.18797,52.52769]]]},"properties":{"UWB":"05228","UWB3":"228","BWB":"052Q","BWB3":"2Q","AWK":"0502","BEZ":"05","BWK":"78"}},
{"type":"Feature","geometry":{"type":"Polygon","coordinates":[[[13.18341,52.54167],[13.18628,52.54147],[13.19033,52.54348],[13.1882,52.54423],[13.18407,52.54478],[13.18341,52.54167]]]},"properties":{"UWB":"05229","UWB3":"229","BWB":"052G","BWB3":"2G","AWK":"0502","BEZ":"05","BWK":"78"}},
{"type":"Feature","geometry":{"type":"Polygon","coordinates":[[[13.1976,52.54942],[13.19751,52.54938],[13.19515,52.54721],[13.19526,52.54595],[13.19623,52.54615],[13.19781,52.54714],[13.1984,52.54847],[13.20079,52.54868],[13.20057,52.54941],[13.1976,52.54942]]]},"properties":{"UWB":"05230","UWB3":"230","BWB":"052A","BWB3":"2A","AWK":"0502","BEZ":"05","BWK":"78"}},
{"type":"Feature","geometry":{"type":"Polygon","coordinates":[[[13.24229,52.54242],[13.24048,52.54194],[13.23978,52.54291],[13.23885,52.5415],[13.23293,52.54068],[13.23325,52.53958],[13.23842,52.53926],[13.24197,52.54009],[13.24281,52.54171],[13.24229,52.54242]]]},"properties":{"UWB":"05301","UWB3":"301","BWB":"053N","BWB3":"3N","AWK":"0503","BEZ":"05","BWK":"78"}},
{"type":"Feature","geometry":{"type":"Polygon","coordinates":[[[13.22202,52.52617],[13.2227,52.52751],[13.22213,52.52884],[13.21587,52.52706],[13.21889,52.52546],[13.22202,52.52617]]]},"properties":{"UWB":"05302","UWB3":"302","BWB":"053F","BWB3":"3F","AWK":"0503","BEZ":"05","BWK":"78"}},
{"type":"Feature","geometry":{"type":"Polygon","coordinates":[[[13.22202,52.52617],[13.21889,52.52546],[13.21587,52.52706],[13.21152,52.52736],[13.20808,52.52669],[13.20496,52.52452],[13.20635,52.52223],[13.20669,52.52027],[13.20512,52.51681],[13.20385,52.51388],[13.20642,52.51321],[13.20863,52.51405],[13.21402,52.51523],[13.21584,52.51461],[13.21551,52.51366],[13.21643,52.51165],[13.21847,52.5134],[13.22095,52.51362],[13.2201,52.5146],[13.21949,52.51816],[13.21939,52.52142],[13.22202,52.52617]]]},"properties":{"UWB":"05303","UWB3":"303","BWB":"053F","BWB3":"3F","AWK":"0503","BEZ":"05","BWK":"78"}},
{"type":"Feature","geometry":{"type":"Polygon","coordinates":[[[13.22429,52.5595],[13.22502,52.55938],[13.23002,52.55856],[13.22796,52.55376],[13.22568,52.55453],[13.22564,52.55187],[13.22718,52.54944],[13.23034,52.54671],[13.23254,52.5471],[13.23612,52.548],[13.23676,52.5482],[13.23655,52.54946],[13.23852,52.55481],[13.23864,52.55739],[13.23315,52.55998],[13.22804,52.56337],[13.22782,52.56188],[13.2256,52.56075],[13.22429,52.5595]]]},"properties":{"UWB":"05304","UWB3":"304","BWB":"053S","BWB3":"3S","AWK":"0503","BEZ":"05","BWK":"78"}},
{"type":"Feature","geometry":{"type":"Polygon","coordinates":[[[13.22115,52.54595],[13.21705,52.54404],[13.22801,52.54197],[13.23023,52.54188],[13.22987,52.54379],[13.22809,52.5441],[13.22881,52.54552],[13.23034,52.54671],[13.22718,52.54944],[13.2252,52.54876],[13.22284,52.5488],[13.22115,52.54595]]]},"properties":{"UWB":"05305","UWB3":"305","BWB":"053V","BWB3":"3V","AWK":"0503","BEZ":"05","BWK":"78"}},
{"type":"Feature","geometry":{"type":"Polygon","coordinates":[[[13.19843,52.53291],[13.197,52.53135],[13.1957,52.52924],[13.19704,52.52915],[13.20046,52.52912],[13.20089,52.53184],[13.20292,52.53353],[13.19973,52.53454],[13.19903,52.53382],[13.19843,52.53291]]]},"properties":{"UWB":"05306","UWB3":"306","BWB":"053E","BWB3":"3E","AWK":"0503","BEZ":"05","BWK":"78"}},
{"type":"Feature","geometry":{"type":"Polygon","coordinates":[[[13.23254,52.5471],[13.23396,52.54584],[13.23195,52.54512],[13.23257,52.54322],[13.23483,52.54382],[13.23844,52.54476],[13.23612,52.548],[13.23254,52.5471]]]},"properties":{"UWB":"05307","UWB3":"307","BWB":"053Q","BWB3":"3Q","AWK":"0503","BEZ":"05","BWK":"78"}},
{"type":"Feature","geometry":{"type":"Polygon","coordinates":[[[13.24229,52.54242],[13.24162,52.54337],[13.24128,52.54499],[13.24345,52.54513],[13.24292,52.54724],[13.23928,52.54699],[13.23676,52.5482],[13.23612,52.548],[13.23844,52.54476],[13.23978,52.54291],[13.24048,52.54194],[13.24229,52.54242]]]},"properties":{"UWB":"05308","UWB3":"308","BWB":"053R","BWB3":"3R","AWK":"0503","BEZ":"05","BWK":"78"}},
{"type":"Feature","geometry":{"type":"Polygon","coordinates":[[[13.27033,52.54935],[13.25694,52.54968],[13.25299,52.55045],[13.24913,52.55204],[13.23864,52.55739],[13.23852,52.55481],[13.23655,52.54946],[13.23676,52.5482],[13.23928,52.54699],[13.24292,52.54724],[13.24345,52.54513],[13.24128,52.54499],[13.24162,52.54337],[13.24471,52.54419],[13.24706,52.54414],[13.24811,52.54524],[13.24811,52.5475],[13.25877,52.54832],[13.26502,52.5488],[13.27031,52.54876],[13.27033,52.54935]]]},"properties":{"UWB":"05309","UWB3":"309","BWB":"053R","BWB3":"3R","AWK":"0503","BEZ":"05","BWK":"78"}},
{"type":"Feature","geometry":{"type":"Polygon","coordinates":[[[13.19257,52.52424],[13.19473,52.52363],[13.19526,52.52503],[13.19719,52.52502],[13.19662,52.52744],[13.19704,52.52915],[13.1957,52.52924],[13.19429,52.52601],[13.19257,52.52424]]]},"properties":{"UWB":"05310","UWB3":"310","BWB":"053A","BWB3":"3A","AWK":"0503","BEZ":"05","BWK":"78"}},
{"type":"Feature","geometry":{"type":"Polygon","coordinates":[[[13.19473,52.52363],[13.19635,52.52282],[13.19769,52.52284],[13.1976,52.52363],[13.20149,52.52429],[13.19951,52.52484],[13.19711,52.52656],[13.19662,52.52744],[13.19719,52.52502],[13.19526,52.52503],[13.19473,52.52363]]]},"properties":{"UWB":"05311","UWB3":"311","BWB":"053A","BWB3":"3A","AWK":"0503","BEZ":"05","BWK":"78"}},
{"type":"Feature","geometry":{"type":"Polygon","coordinates":[[[13.20292,52.53353],[13.20089,52.53184],[13.20046,52.52912],[13.20295,52.52609],[13.20409,52.5242],[13.20496,52.52452],[13.20808,52.52669],[13.21152,52.52736],[13.20789,52.5286],[13.20475,52.53018],[13.20753,52.53233],[13.2062,52.53508],[13.20292,52.53353]]]},"properties":{"UWB":"05312","UWB3":"312","BWB":"053E","BWB3":"3E","AWK":"0503","BEZ":"05","BWK":"78"}},
{"type":"Feature","geometry":{"type":"Polygon","coordinates":[[[13.24671,52.52447],[13.2476,52.52443],[13.24668,52.52831],[13.2469,52.52871],[13.23845,52.53273],[13.2359,52.53354],[13.23181,52.53433],[13.22325,52.53565],[13.2179,52.53624],[13.21252,52.53651],[13.20862,52.53616],[13.2062,52.53508],[13.20753,52.53233],[13.20475,52.53018],[13.20789,52.5286],[13.21152,52.52736],[13.21587,52.52706],[13.22213,52.52884],[13.2227,52.52751],[13.22202,52.52617],[13.2273,52.52561],[13.22818,52.52602],[13.23127,52.52577],[13.2383,52.52612],[13.24055,52.52595],[13.24671,52.52447]]]},"properties":{"UWB":"05313","UWB3":"313","BWB":"053G","BWB3":"3G","AWK":"0503","BEZ":"05","BWK":"78"}},
{"type":"Feature","geometry":{"type":"Polygon","coordinates":[[[13.19769,52.52284],[13.19781,52.52194],[13.20062,52.52239],[13.20319,52.52281],[13.20301,52.5237],[13.20149,52.52429],[13.1976,52.52363],[13.19769,52.52284]]]},"properties":{"UWB":"05314","UWB3":"314","BWB":"053D","BWB3":"3D","AWK":"0503","BEZ":"05","BWK":"78"}},
{"type":"Feature","geometry":{"type":"Polygon","coordinates":[[[13.26997,52.54859],[13.26845,52.54728],[13.26578,52.5473],[13.25954,52.54684],[13.26253,52.54134],[13.27314,52.54291],[13.27066,52.54788],[13.26997,52.54859]]]},"properties":{"UWB":"05315","UWB3":"315","BWB":"053K","BWB3":"3K","AWK":"0503","BEZ":"05","BWK":"78"}},
{"type":"Feature","geometry":{"type":"Polygon","coordinates":[[[13.18991,52.5222],[13.19122,52.52099],[13.19403,52.52101],[13.19443,52.5228],[13.19635,52.52282],[13.19473,52.52363],[13.19257,52.52424],[13.18991,52.5222]]]},"properties":{"UWB":"05316","UWB3":"316","BWB":"053B","BWB3":"3B","AWK":"0503","BEZ":"05","BWK":"78"}},
{"type":"Feature","geometry":{"type":"Polygon","coordinates":[[[13.20882,52.54076],[13.20951,52.53884],[13.20862,52.53616],[13.21252,52.53651],[13.2179,52.53624],[13.22325,52.53565],[13.23181,52.53433],[13.2399,52.53607],[13.24171,52.53689],[13.24454,52.53586],[13.24613,52.53745],[13.24797,52.53815],[13.24771,52.53828],[13.23842,52.53926],[13.23325,52.53958],[13.23293,52.54068],[13.23615,52.54195],[13.23483,52.54382],[13.23257,52.54322],[13.23195,52.54512],[13.23396,52.54584],[13.23254,52.5471],[13.23034,52.54671],[13.22881,52.54552],[13.22809,52.5441],[13.22987,52.54379],[13.23023,52.54188],[13.22801,52.54197],[13.21705,52.54404],[13.21508,52.54356],[13.21109,52.54378],[13.20854,52.54225],[13.20882,52.54076]]]},"properties":{"UWB":"05317","UWB3":"317","BWB":"053P","BWB3":"3P","AWK":"0503","BEZ":"05","BWK":"78"}},
{"type":"Feature","geometry":{"type":"Polygon","coordinates":[[[13.19635,52.52282],[13.19443,52.5228],[13.19403,52.52101],[13.19404,52.51943],[13.19782,52.51946],[13.19781,52.52194],[13.19769,52.52284],[13.19635,52.52282]]]},"properties":{"UWB":"05318","UWB3":"318","BWB":"053B","BWB3":"3B","AWK":"0503","BEZ":"05","BWK":"78"}},
{"type":"Feature","geometry":{"type":"Polygon","coordinates":[[[13.27031,52.54876],[13.26502,52.5488],[13.25877,52.54832],[13.25954,52.54684],[13.26578,52.5473],[13.26845,52.54728],[13.26997,52.54859],[13.27031,52.54876]]]},"properties":{"UWB":"05319","UWB3":"319","BWB":"053K","BWB3":"3K","AWK":"0503","BEZ":"05","BWK":"78"}},
{"type":"Feature","geometry":{"type":"Polygon","coordinates":[[[13.23978,52.54291],[13.23844,52.54476],[13.23483,52.54382],[13.23615,52.54195],[13.23293,52.54068],[13.23885,52.5415],[13.23978,52.54291]]]},"properties":{"UWB":"05320","UWB3":"320","BWB":"053Q","BWB3":"3Q","AWK":"0503","BEZ":"05","BWK":"78"}},
{"type":"Feature","geometry":{"type":"Polygon","coordinates":[[[13.19781,52.52194],[13.19782,52.51946],[13.20318,52.5195],[13.20339,52.52108],[13.20064,52.52106],[13.20062,52.52239],[13.19781,52.52194]]]},"properties":{"UWB":"05321","UWB3":"321","BWB":"053C","BWB3":"3C","AWK":"0503","BEZ":"05","BWK":"78"}},
{"type":"Feature","geometry":{"type":"Polygon","coordinates":[[[13.20496,52.52452],[13.20409,52.5242],[13.20301,52.5237],[13.20319,52.52281],[13.20062,52.52239],[13.20064,52.52106],[13.20339,52.52108],[13.20318,52.5195],[13.19782,52.51946],[13.1977,52.51748],[13.20128,52.51792],[13.20512,52.51681],[13.20669,52.52027],[13.20635,52.52223],[13.20496,52.52452]]]},"properties":{"UWB":"05322","UWB3":"322","BWB":"053C","BWB3":"3C","AWK":"0503","BEZ":"05","BWK":"78"}},
{"type":"Feature","geometry":{"type":"Polygon","coordinates":[[[13.23842,52.53926],[13.24771,52.53828],[13.24779,52.53946],[13.24693,52.54319],[13.24706,52.54414],[13.24471,52.54419],[13.24162,52.54337],[13.24229,52.54242],[13.24281,52.54171],[13.24197,52.54009],[13.23842,52.53926]]]},"properties":{"UWB":"05323","UWB3":"323","BWB":"053M","BWB3":"3M","AWK":"0503","BEZ":"05","BWK":"78"}},
{"type":"Feature","geometry":{"type":"Polygon","coordinates":[[[13.24706,52.54414],[13.24693,52.54319],[13.24779,52.53946],[13.24771,52.53828],[13.24797,52.53815],[13.26487,52.53675],[13.26359,52.53934],[13.26253,52.54134],[13.25954,52.54684],[13.25877,52.54832],[13.24811,52.5475],[13.24811,52.54524],[13.24706,52.54414]]]},"properties":{"UWB":"05324","UWB3":"324","BWB":"053L","BWB3":"3L","AWK":"0503","BEZ":"05","BWK":"78"}},
{"type":"Feature","geometry":{"type":"Polygon","coordinates":[[[13.27314,52.54291],[13.26253,52.54134],[13.26359,52.53934],[13.27032,52.53893],[13.2718,52.54189],[13.27338,52.54179],[13.27314,52.54291]]]},"properties":{"UWB":"05325","UWB3":"325","BWB":"053J","BWB3":"3J","AWK":"0503","BEZ":"05","BWK":"78"}},
{"type":"Feature","geometry":{"type":"Polygon","coordinates":[[[13.19704,52.52915],[13.19662,52.52744],[13.19711,52.52656],[13.19951,52.52484],[13.20149,52.52429],[13.20301,52.5237],[13.20409,52.5242],[13.20295,52.52609],[13.20046,52.52912],[13.19704,52.52915]]]},"properties":{"UWB":"05326","UWB3":"326","BWB":"053D","BWB3":"3D","AWK":"0503","BEZ":"05","BWK":"78"}},
{"type":"Feature","geometry":{"type":"Polygon","coordinates":[[[13.26876,52.52894],[13.27501,52.52892],[13.27915,52.53029],[13.27608,52.53306],[13.27584,52.53419],[13.2678,52.53542],[13.26845,52.53667],[13.26748,52.5378],[13.27053,52.53774],[13.27032,52.53893],[13.26359,52.53934],[13.26487,52.53675],[13.24797,52.53815],[13.24613,52.53745],[13.24454,52.53586],[13.24171,52.53689],[13.2399,52.53607],[13.23181,52.53433],[13.2359,52.53354],[13.23845,52.53273],[13.2469,52.52871],[13.24668,52.52831],[13.24856,52.52746],[13.25121,52.52708],[13.25979,52.52732],[13.26393,52.52851],[13.26876,52.52894]]]},"properties":{"UWB":"05327","UWB3":"327","BWB":"053J","BWB3":"3J","AWK":"0503","BEZ":"05","BWK":"78"}},
{"type":"Feature","geometry":{"type":"Polygon","coordinates":[[[13.27338,52.54179],[13.2718,52.54189],[13.27032,52.53893],[13.27053,52.53774],[13.26748,52.5378],[13.26845,52.53667],[13.27184,52.53659],[13.27627,52.53564],[13.27522,52.53769],[13.27247,52.53937],[13.27338,52.54179]]]},"properties":{"UWB":"05328","UWB3":"328","BWB":"053H","BWB3":"3H","AWK":"0503","BEZ":"05","BWK":"78"}},
{"type":"Feature","geometry":{"type":"Polygon","coordinates":[[[13.27627,52.53564],[13.27184,52.53659],[13.26845,52.53667],[13.2678,52.53542],[13.27584,52.53419],[13.27608,52.53306],[13.27915,52.53029],[13.28102,52.53029],[13.28218,52.53405],[13.27627,52.53564]]]},"properties":{"UWB":"05329","UWB3":"329","BWB":"053H","BWB3":"3H","AWK":"0503","BEZ":"05","BWK":"78"}},
{"type":"Feature","geometry":{"type":"Polygon","coordinates":[[[13.22225,52.55576],[13.22585,52.5551],[13.22737,52.5582],[13.22497,52.55857],[13.22502,52.55938],[13.22429,52.5595],[13.22345,52.55807],[13.22225,52.55576]]]},"properties":{"UWB":"05330","UWB3":"330","BWB":"053U","BWB3":"3U","AWK":"0503","BEZ":"05","BWK":"78"}},
{"type":"Feature","geometry":{"type":"Polygon","coordinates":[[[13.22502,52.55938],[13.22497,52.55857],[13.22737,52.5582],[13.22585,52.5551],[13.22568,52.55453],[13.22796,52.55376],[13.23002,52.55856],[13.22502,52.55938]]]},"properties":{"UWB":"05331","UWB3":"331","BWB":"053T","BWB3":"3T","AWK":"0503","BEZ":"05","BWK":"78"}},
{"type":"Feature","geometry":{"type":"Polygon","coordinates":[[[13.22229,52.55199],[13.22284,52.5488],[13.2252,52.54876],[13.22718,52.54944],[13.22564,52.55187],[13.22568,52.55453],[13.22585,52.5551],[13.22225,52.55576],[13.22229,52.55199]]]},"properties":{"UWB":"05332","UWB3":"332","BWB":"053V","BWB3":"3V","AWK":"0503","BEZ":"05","BWK":"78"}},
{"type":"Feature","geometry":{"type":"Polygon","coordinates":[[[13.14159,52.55242],[13.13632,52.5527],[13.13444,52.55335],[13.1305,52.55601],[13.12779,52.54999],[13.13019,52.54986],[13.13846,52.5477],[13.1406,52.54946],[13.14265,52.54986],[13.14159,52.55242]]]},"properties":{"UWB":"05401","UWB3":"401","BWB":"054C","BWB3":"4C","AWK":"0504","BEZ":"05","BWK":"78"}},
{"type":"Feature","geometry":{"type":"Polygon","coordinates":[[[13.17553,52.5417],[13.16832,52.54323],[13.16783,52.54272],[13.16368,52.54264],[13.16444,52.53977],[13.16442,52.5389],[13.16236,52.53798],[13.16337,52.53617],[13.1653,52.53611],[13.16675,52.53603],[13.16606,52.5334],[13.17925,52.53393],[13.18167,52.53408],[13.18193,52.53721],[13.17675,52.53807],[13.17349,52.5389],[13.17553,52.5417]]]},"properties":{"UWB":"05402","UWB3":"402","BWB":"054D","BWB3":"4D","AWK":"0504","BEZ":"05","BWK":"78"}},
{"type":"Feature","geometry":{"type":"Polygon","coordinates":[[[13.14265,52.54986],[13.14399,52.54729],[13.14372,52.54537],[13.15088,52.54357],[13.15915,52.5414],[13.16444,52.53977],[13.16368,52.54264],[13.16382,52.54325],[13.15621,52.54556],[13.15167,52.54574],[13.14664,52.54638],[13.14529,52.54712],[13.14352,52.55008],[13.14422,52.55212],[13.14159,52.55242],[13.14265,52.54986]]]},"properties":{"UWB":"05403","UWB3":"403","BWB":"054C","BWB3":"4C","AWK":"0504","BEZ":"05","BWK":"78"}},
{"type":"Feature","geometry":{"type":"Polygon","coordinates":[[[13.13355,52.52863],[13.13769,52.52852],[13.13981,52.52913],[13.141,52.53135],[13.14159,52.5325],[13.14197,52.53409],[13.14229,52.53803],[13.1403,52.538],[13.12955,52.53882],[13.12423,52.53916],[13.1231,52.53663],[13.1217,52.53487],[13.12035,52.53222],[13.11918,52.52901],[13.13355,52.52863]]]},"properties":{"UWB":"05404","UWB3":"404","BWB":"054R","BWB3":"4R","AWK":"0504","BEZ":"05","BWK":"78"}},
{"type":"Feature","geometry":{"type":"Polygon","coordinates":[[[13.16444,52.53977],[13.15915,52.5414],[13.15088,52.54357],[13.15019,52.5396],[13.14283,52.53961],[13.14229,52.53803],[13.14484,52.53774],[13.154,52.53716],[13.15664,52.53668],[13.16337,52.53617],[13.16236,52.53798],[13.16442,52.5389],[13.16444,52.53977]]]},"properties":{"UWB":"05405","UWB3":"405","BWB":"054D","BWB3":"4D","AWK":"0504","BEZ":"05","BWK":"78"}},
{"type":"Feature","geometry":{"type":"Polygon","coordinates":[[[13.14159,52.5325],[13.14997,52.53282],[13.15025,52.53531],[13.1447,52.53482],[13.14197,52.53409],[13.14159,52.5325]]]},"properties":{"UWB":"05406","UWB3":"406","BWB":"054L","BWB3":"4L","AWK":"0504","BEZ":"05","BWK":"78"}},
{"type":"Feature","geometry":{"type":"Polygon","coordinates":[[[13.16664,52.53068],[13.16297,52.53062],[13.15935,52.52955],[13.15636,52.52897],[13.15275,52.5287],[13.15265,52.5287],[13.15264,52.52869],[13.15264,52.52868],[13.15238,52.52834],[13.15167,52.52742],[13.15091,52.52655],[13.15098,52.52645],[13.15483,52.52572],[13.15596,52.52549],[13.15785,52.52514],[13.16104,52.52537],[13.1658,52.52609],[13.16645,52.5262],[13.16664,52.53068]]]},"properties":{"UWB":"05407","UWB3":"407","BWB":"054H","BWB3":"4H","AWK":"0504","BEZ":"05","BWK":"78"}},
{"type":"Feature","geometry":{"type":"Polygon","coordinates":[[[13.17406,52.52332],[13.16949,52.52441],[13.16645,52.5262],[13.1658,52.52609],[13.16638,52.52396],[13.16584,52.52266],[13.16905,52.52296],[13.16945,52.52367],[13.17372,52.52287],[13.17406,52.52332]]]},"properties":{"UWB":"05408","UWB3":"408","BWB":"054F","BWB3":"4F","AWK":"0504","BEZ":"05","BWK":"78"}},
{"type":"Feature","geometry":{"type":"Polygon","coordinates":[[[13.1773,52.53085],[13.17535,52.53089],[13.16946,52.53015],[13.16664,52.53068],[13.16645,52.5262],[13.16949,52.52441],[13.17406,52.52332],[13.17742,52.52531],[13.17596,52.52739],[13.17901,52.528],[13.1773,52.53085]]]},"properties":{"UWB":"05409","UWB3":"409","BWB":"054F","BWB3":"4F","AWK":"0504","BEZ":"05","BWK":"78"}},
{"type":"Feature","geometry":{"type":"Polygon","coordinates":[[[13.16128,52.54845],[13.15476,52.5492],[13.15093,52.54967],[13.15037,52.54714],[13.15212,52.54682],[13.15167,52.54574],[13.15621,52.54556],[13.16382,52.54325],[13.16368,52.54264],[13.16783,52.54272],[13.16832,52.54323],[13.16987,52.55032],[13.16815,52.55064],[13.16539,52.55116],[13.16252,52.5483],[13.16128,52.54845]]]},"properties":{"UWB":"05410","UWB3":"410","BWB":"054B","BWB3":"4B","AWK":"0504","BEZ":"05","BWK":"78"}},
{"type":"Feature","geometry":{"type":"Polygon","coordinates":[[[13.14997,52.53282],[13.15796,52.53311],[13.15737,52.53446],[13.15429,52.53391],[13.15389,52.53567],[13.15025,52.53531],[13.14997,52.53282]]]},"properties":{"UWB":"05411","UWB3":"411","BWB":"054K","BWB3":"4K","AWK":"0504","BEZ":"05","BWK":"78"}},
{"type":"Feature","geometry":{"type":"Polygon","coordinates":[[[13.14997,52.53282],[13.14983,52.53048],[13.15389,52.53065],[13.15861,52.53138],[13.15796,52.53311],[13.14997,52.53282]]]},"properties":{"UWB":"05412","UWB3":"412","BWB":"054J","BWB3":"4J","AWK":"0504","BEZ":"05","BWK":"78"}},
{"type":"Feature","geometry":{"type":"Polygon","coordinates":[[[13.17916,52.53312],[13.17925,52.53393],[13.16606,52.5334],[13.16675,52.53603],[13.1653,52.53611],[13.1652,52.53559],[13.15973,52.53575],[13.15994,52.53465],[13.15737,52.53446],[13.15796,52.53311],[13.15861,52.53138],[13.15935,52.52955],[13.16297,52.53062],[13.16664,52.53068],[13.16946,52.53015],[13.17535,52.53089],[13.1773,52.53085],[13.17916,52.53074],[13.17916,52.53312]]]},"properties":{"UWB":"05413","UWB3":"413","BWB":"054E","BWB3":"4E","AWK":"0504","BEZ":"05","BWK":"78"}},
{"type":"Feature","geometry":{"type":"Polygon","coordinates":[[[13.15935,52.52955],[13.15861,52.53138],[13.15389,52.53065],[13.14983,52.53048],[13.14997,52.52877],[13.15228,52.52868],[13.15265,52.5287],[13.15275,52.5287],[13.15636,52.52897],[13.15935,52.52955]]]},"properties":{"UWB":"05414","UWB3":"414","BWB":"054J","BWB3":"4J","AWK":"0504","BEZ":"05","BWK":"78"}},
{"type":"Feature","geometry":{"type":"Polygon","coordinates":[[[13.141,52.53135],[13.14517,52.52962],[13.14997,52.52877],[13.14983,52.53048],[13.14997,52.53282],[13.14159,52.5325],[13.141,52.53135]]]},"properties":{"UWB":"05415","UWB3":"415","BWB":"054L","BWB3":"4L","AWK":"0504","BEZ":"05","BWK":"78"}},
{"type":"Feature","geometry":{"type":"Polygon","coordinates":[[[13.12779,52.54999],[13.12529,52.5445],[13.12737,52.54434],[13.13286,52.54541],[13.1364,52.54525],[13.13713,52.54669],[13.13924,52.54654],[13.14372,52.54537],[13.14399,52.54729],[13.14265,52.54986],[13.1406,52.54946],[13.13846,52.5477],[13.13019,52.54986],[13.12779,52.54999]]]},"properties":{"UWB":"05416","UWB3":"416","BWB":"054U","BWB3":"4U","AWK":"0504","BEZ":"05","BWK":"78"}},
{"type":"Feature","geometry":{"type":"Polygon","coordinates":[[[13.11918,52.52901],[13.11836,52.52118],[13.11738,52.51706],[13.12699,52.51755],[13.13743,52.51884],[13.14267,52.51976],[13.14341,52.52416],[13.13317,52.52634],[13.13355,52.52863],[13.11918,52.52901]]]},"properties":{"UWB":"05417","UWB3":"417","BWB":"054Q","BWB3":"4Q","AWK":"0504","BEZ":"05","BWK":"78"}},
{"type":"Feature","geometry":{"type":"Polygon","coordinates":[[[13.15939,52.5523],[13.15754,52.55204],[13.15676,52.55084],[13.15838,52.55034],[13.16067,52.55134],[13.15951,52.55228],[13.15939,52.5523]]]},"properties":{"UWB":"05418","UWB3":"418","BWB":"054A","BWB3":"4A","AWK":"0504","BEZ":"05","BWK":"78"}},
{"type":"Feature","geometry":{"type":"Polygon","coordinates":[[[13.14229,52.53803],[13.14283,52.53961],[13.14372,52.54537],[13.13924,52.54654],[13.13713,52.54669],[13.1364,52.54525],[13.13499,52.54029],[13.13,52.54065],[13.12955,52.53882],[13.1403,52.538],[13.14229,52.53803]]]},"properties":{"UWB":"05419","UWB3":"419","BWB":"054S","BWB3":"4S","AWK":"0504","BEZ":"05","BWK":"78"}},
{"type":"Feature","geometry":{"type":"Polygon","coordinates":[[[13.12955,52.53882],[13.13,52.54065],[13.13499,52.54029],[13.1364,52.54525],[13.13286,52.54541],[13.12737,52.54434],[13.12529,52.5445],[13.1256,52.54354],[13.12423,52.53916],[13.12955,52.53882]]]},"properties":{"UWB":"05420","UWB3":"420","BWB":"054T","BWB3":"4T","AWK":"0504","BEZ":"05","BWK":"78"}},
{"type":"Feature","geometry":{"type":"Polygon","coordinates":[[[13.16259,52.5201],[13.16272,52.52135],[13.16175,52.52356],[13.15727,52.52314],[13.15574,52.52156],[13.16259,52.5201]]]},"properties":{"UWB":"05421","UWB3":"421","BWB":"054G","BWB3":"4G","AWK":"0504","BEZ":"05","BWK":"78"}},
{"type":"Feature","geometry":{"type":"Polygon","coordinates":[[[13.15596,52.52549],[13.15601,52.52386],[13.15419,52.52188],[13.15574,52.52156],[13.15727,52.52314],[13.16175,52.52356],[13.16104,52.52537],[13.15785,52.52514],[13.15596,52.52549]]]},"properties":{"UWB":"05422","UWB3":"422","BWB":"054G","BWB3":"4G","AWK":"0504","BEZ":"05","BWK":"78"}},
{"type":"Feature","geometry":{"type":"Polygon","coordinates":[[[13.16205,52.55178],[13.15951,52.55228],[13.16067,52.55134],[13.15838,52.55034],[13.15676,52.55084],[13.15754,52.55204],[13.15939,52.5523],[13.15563,52.55302],[13.15476,52.5492],[13.16128,52.54845],[13.16205,52.55178]]]},"properties":{"UWB":"05423","UWB3":"423","BWB":"054A","BWB3":"4A","AWK":"0504","BEZ":"05","BWK":"78"}},
{"type":"Feature","geometry":{"type":"Polygon","coordinates":[[[13.15353,52.55341],[13.14713,52.55475],[13.14524,52.55252],[13.14422,52.55212],[13.14352,52.55008],[13.14529,52.54712],[13.14664,52.54638],[13.15167,52.54574],[13.15212,52.54682],[13.15037,52.54714],[13.15093,52.54967],[13.15476,52.5492],[13.15563,52.55302],[13.15353,52.55341]]]},"properties":{"UWB":"05424","UWB3":"424","BWB":"054B","BWB3":"4B","AWK":"0504","BEZ":"05","BWK":"78"}},
{"type":"Feature","geometry":{"type":"Polygon","coordinates":[[[13.13355,52.52863],[13.13317,52.52634],[13.14341,52.52416],[13.14486,52.52385],[13.14565,52.52747],[13.14386,52.52694],[13.13976,52.52754],[13.13981,52.52913],[13.13769,52.52852],[13.13355,52.52863]]]},"properties":{"UWB":"05425","UWB3":"425","BWB":"054P","BWB3":"4P","AWK":"0504","BEZ":"05","BWK":"78"}},
{"type":"Feature","geometry":{"type":"Polygon","coordinates":[[[13.15098,52.52645],[13.1504,52.52656],[13.14565,52.52747],[13.14486,52.52385],[13.15419,52.52188],[13.15601,52.52386],[13.15596,52.52549],[13.15483,52.52572],[13.15098,52.52645]]]},"properties":{"UWB":"05426","UWB3":"426","BWB":"054N","BWB3":"4N","AWK":"0504","BEZ":"05","BWK":"78"}},
{"type":"Feature","geometry":{"type":"Polygon","coordinates":[[[13.16104,52.52537],[13.16175,52.52356],[13.16272,52.52135],[13.16584,52.52134],[13.16584,52.52266],[13.16638,52.52396],[13.1658,52.52609],[13.16104,52.52537]]]},"properties":{"UWB":"05427","UWB3":"427","BWB":"054G","BWB3":"4G","AWK":"0504","BEZ":"05","BWK":"78"}},
{"type":"Feature","geometry":{"type":"Polygon","coordinates":[[[13.14372,52.54537],[13.14283,52.53961],[13.15019,52.5396],[13.15088,52.54357],[13.14372,52.54537]]]},"properties":{"UWB":"05428","UWB3":"428","BWB":"054S","BWB3":"4S","AWK":"0504","BEZ":"05","BWK":"78"}},
{"type":"Feature","geometry":{"type":"Polygon","coordinates":[[[13.16337,52.53617],[13.15664,52.53668],[13.154,52.53716],[13.14484,52.53774],[13.14229,52.53803],[13.14197,52.53409],[13.1447,52.53482],[13.15025,52.53531],[13.15389,52.53567],[13.15429,52.53391],[13.15737,52.53446],[13.15994,52.53465],[13.15973,52.53575],[13.1652,52.53559],[13.1653,52.53611],[13.16337,52.53617]]]},"properties":{"UWB":"05429","UWB3":"429","BWB":"054K","BWB3":"4K","AWK":"0504","BEZ":"05","BWK":"78"}},
{"type":"Feature","geometry":{"type":"Polygon","coordinates":[[[13.15265,52.5287],[13.15228,52.52868],[13.14997,52.52877],[13.14517,52.52962],[13.141,52.53135],[13.13981,52.52913],[13.13976,52.52754],[13.14386,52.52694],[13.14565,52.52747],[13.1504,52.52656],[13.15098,52.52645],[13.15091,52.52655],[13.15167,52.52742],[13.15238,52.52834],[13.15264,52.52868],[13.15264,52.52869],[13.15265,52.5287]]]},"properties":{"UWB":"05430","UWB3":"430","BWB":"054M","BWB3":"4M","AWK":"0504","BEZ":"05","BWK":"78"}},
{"type":"Feature","geometry":{"type":"Polygon","coordinates":[[[13.19404,52.51943],[13.19253,52.51941],[13.1925,52.51805],[13.1947,52.51808],[13.19451,52.51664],[13.19744,52.51626],[13.1977,52.51748],[13.19782,52.51946],[13.19404,52.51943]]]},"properties":{"UWB":"05501","UWB3":"501","BWB":"055E","BWB3":"5E","AWK":"0505","BEZ":"05","BWK":"78"}},
{"type":"Feature","geometry":{"type":"Polygon","coordinates":[[[13.20512,52.51681],[13.20128,52.51792],[13.1977,52.51748],[13.19744,52.51626],[13.19451,52.51664],[13.1947,52.51808],[13.1925,52.51805],[13.19253,52.51941],[13.18989,52.51939],[13.18995,52.51751],[13.19068,52.51509],[13.19172,52.51408],[13.19687,52.51307],[13.20313,52.5118],[13.20385,52.51388],[13.20512,52.51681]]]},"properties":{"UWB":"05502","UWB3":"502","BWB":"055F","BWB3":"5F","AWK":"0505","BEZ":"05","BWK":"78"}},
{"type":"Feature","geometry":{"type":"Polygon","coordinates":[[[13.18022,52.50914],[13.17807,52.50959],[13.18132,52.51414],[13.17727,52.51556],[13.17485,52.51373],[13.17027,52.50981],[13.16882,52.50923],[13.16364,52.50582],[13.17945,52.50739],[13.18022,52.50914]]]},"properties":{"UWB":"05503","UWB3":"503","BWB":"055J","BWB3":"5J","AWK":"0505","BEZ":"05","BWK":"78"}},
{"type":"Feature","geometry":{"type":"Polygon","coordinates":[[[13.18022,52.50914],[13.1875,52.50812],[13.18493,52.50387],[13.18784,52.50544],[13.18871,52.50441],[13.1865,52.50282],[13.18511,52.50119],[13.18545,52.49997],[13.1917,52.49868],[13.19326,52.5056],[13.19296,52.5081],[13.19718,52.51175],[13.19002,52.51347],[13.18347,52.51197],[13.18278,52.51275],[13.18411,52.51462],[13.17855,52.51632],[13.17727,52.51556],[13.18132,52.51414],[13.17807,52.50959],[13.18022,52.50914]]]},"properties":{"UWB":"05504","UWB3":"504","BWB":"055J","BWB3":"5J","AWK":"0505","BEZ":"05","BWK":"78"}},
{"type":"Feature","geometry":{"type":"Polygon","coordinates":[[[13.21643,52.51165],[13.21551,52.51366],[13.21584,52.51461],[13.21402,52.51523],[13.20863,52.51405],[13.20642,52.51321],[13.20385,52.51388],[13.20313,52.5118],[13.19687,52.51307],[13.19718,52.51175],[13.19296,52.5081],[13.19326,52.5056],[13.1917,52.49868],[13.1952,52.49974],[13.19907,52.49988],[13.20513,52.50135],[13.20973,52.50291],[13.20876,52.50505],[13.21186,52.50935],[13.21498,52.50951],[13.21643,52.51165]]]},"properties":{"UWB":"05505","UWB3":"505","BWB":"055H","BWB3":"5H","AWK":"0505","BEZ":"05","BWK":"78"}},
{"type":"Feature","geometry":{"type":"Polygon","coordinates":[[[13.17485,52.51373],[13.17238,52.51472],[13.16996,52.51286],[13.16995,52.51162],[13.16423,52.51388],[13.16509,52.5152],[13.16283,52.51634],[13.16486,52.51845],[13.16318,52.51834],[13.16067,52.51907],[13.15617,52.51794],[13.16149,52.51527],[13.15859,52.51294],[13.16882,52.50923],[13.17027,52.50981],[13.17485,52.51373]]]},"properties":{"UWB":"05506","UWB3":"506","BWB":"055A","BWB3":"5A","AWK":"0505","BEZ":"05","BWK":"78"}},
{"type":"Feature","geometry":{"type":"Polygon","coordinates":[[[13.15724,52.50162],[13.14959,52.49631],[13.13555,52.4854],[13.14065,52.48289],[13.14009,52.47891],[13.14121,52.47774],[13.14312,52.4782],[13.1458,52.47884],[13.14566,52.48034],[13.14882,52.48183],[13.1562,52.48248],[13.16681,52.48198],[13.17274,52.48133],[13.17968,52.48241],[13.18278,52.48322],[13.18323,52.48513],[13.18035,52.48942],[13.18022,52.49618],[13.17978,52.50024],[13.16968,52.50091],[13.15724,52.50162]]]},"properties":{"UWB":"05507","UWB3":"507","BWB":"055L","BWB3":"5L","AWK":"0505","BEZ":"05","BWK":"78"}},
{"type":"Feature","geometry":{"type":"Polygon","coordinates":[[[13.18725,52.47865],[13.17919,52.47887],[13.18278,52.48322],[13.17968,52.48241],[13.17274,52.48133],[13.16681,52.48198],[13.1562,52.48248],[13.14882,52.48183],[13.14566,52.48034],[13.1458,52.47884],[13.14312,52.4782],[13.14339,52.47774],[13.14947,52.47849],[13.15189,52.47819],[13.15404,52.47851],[13.15425,52.47525],[13.15211,52.47368],[13.15684,52.47111],[13.16246,52.46826],[13.16395,52.46945],[13.16669,52.46829],[13.16926,52.47041],[13.17601,52.46769],[13.18663,52.46654],[13.18817,52.47184],[13.18829,52.47408],[13.18725,52.47865]]]},"properties":{"UWB":"05508","UWB3":"508","BWB":"055M","BWB3":"5M","AWK":"0505","BEZ":"05","BWK":"78"}},
{"type":"Feature","geometry":{"type":"Polygon","coordinates":[[[13.16669,52.46829],[13.16253,52.46488],[13.15601,52.46111],[13.15361,52.46246],[13.15795,52.46614],[13.15524,52.46742],[13.1535,52.46876],[13.15201,52.46904],[13.14518,52.46913],[13.13634,52.46342],[13.1347,52.461],[13.13686,52.45937],[13.14108,52.45579],[13.14338,52.45465],[13.14356,52.45631],[13.14247,52.45694],[13.1446,52.45934],[13.1476,52.45816],[13.14931,52.45908],[13.15011,52.45776],[13.15784,52.45476],[13.16258,52.4525],[13.17084,52.45611],[13.17741,52.45591],[13.18121,52.45962],[13.1853,52.46258],[13.18663,52.46654],[13.17601,52.46769],[13.16926,52.47041],[13.16669,52.46829]]]},"properties":{"UWB":"05509","UWB3":"509","BWB":"055P","BWB3":"5P","AWK":"0505","BEZ":"05","BWK":"78"}},
{"type":"Feature","geometry":{"type":"Polygon","coordinates":[[[13.13686,52.45937],[13.1357,52.45879],[13.1332,52.45634],[13.13064,52.4573],[13.12717,52.45319],[13.12473,52.45311],[13.12404,52.45236],[13.12639,52.45104],[13.12882,52.45043],[13.13077,52.45173],[13.13208,52.45083],[13.13554,52.4517],[13.14356,52.45328],[13.14338,52.45465],[13.14108,52.45579],[13.13686,52.45937]]]},"properties":{"UWB":"05510","UWB3":"510","BWB":"055R","BWB3":"5R","AWK":"0505","BEZ":"05","BWK":"78"}},
{"type":"Feature","geometry":{"type":"Polygon","coordinates":[[[13.12808,52.46657],[13.12641,52.46791],[13.12338,52.46691],[13.12043,52.46656],[13.12035,52.46283],[13.11616,52.46284],[13.11497,52.46009],[13.11588,52.45614],[13.11817,52.45587],[13.11937,52.4576],[13.12142,52.45875],[13.1243,52.45782],[13.12614,52.4598],[13.12785,52.4593],[13.13043,52.46213],[13.1287,52.46336],[13.13007,52.4642],[13.12808,52.46657]]]},"properties":{"UWB":"05511","UWB3":"511","BWB":"055V","BWB3":"5V","AWK":"0505","BEZ":"05","BWK":"78"}},
{"type":"Feature","geometry":{"type":"Polygon","coordinates":[[[13.16364,52.50582],[13.15724,52.50162],[13.16968,52.50091],[13.17978,52.50024],[13.18545,52.49997],[13.18511,52.50119],[13.1865,52.50282],[13.18871,52.50441],[13.18784,52.50544],[13.18493,52.50387],[13.1875,52.50812],[13.18022,52.50914],[13.17945,52.50739],[13.16364,52.50582]]]},"properties":{"UWB":"05512","UWB3":"512","BWB":"055K","BWB3":"5K","AWK":"0505","BEZ":"05","BWK":"78"}},
{"type":"Feature","geometry":{"type":"Polygon","coordinates":[[[13.12628,52.47866],[13.1205,52.47775],[13.12064,52.47526],[13.12308,52.47163],[13.12946,52.47265],[13.12898,52.47316],[13.13289,52.47398],[13.13136,52.47619],[13.12717,52.47581],[13.12628,52.47866]]]},"properties":{"UWB":"05513","UWB3":"513","BWB":"055Y","BWB3":"5Y","AWK":"0505","BEZ":"05","BWK":"78"}},
{"type":"Feature","geometry":{"type":"Polygon","coordinates":[[[13.16259,52.5201],[13.16972,52.51862],[13.17097,52.52016],[13.16584,52.52134],[13.16272,52.52135],[13.16259,52.5201]]]},"properties":{"UWB":"05514","UWB3":"514","BWB":"055D","BWB3":"5D","AWK":"0505","BEZ":"05","BWK":"78"}},
{"type":"Feature","geometry":{"type":"Polygon","coordinates":[[[13.19172,52.51408],[13.18469,52.51545],[13.17911,52.51664],[13.17855,52.51632],[13.18411,52.51462],[13.18278,52.51275],[13.18347,52.51197],[13.19002,52.51347],[13.19718,52.51175],[13.19687,52.51307],[13.19172,52.51408]]]},"properties":{"UWB":"05515","UWB3":"515","BWB":"055G","BWB3":"5G","AWK":"0505","BEZ":"05","BWK":"78"}},
{"type":"Feature","geometry":{"type":"Polygon","coordinates":[[[13.12473,52.45311],[13.11388,52.45394],[13.11184,52.45402],[13.1093,52.45063],[13.11536,52.44565],[13.11901,52.44401],[13.11906,52.4429],[13.12077,52.44261],[13.12374,52.44345],[13.12719,52.44707],[13.13208,52.45083],[13.13077,52.45173],[13.12882,52.45043],[13.12639,52.45104],[13.12404,52.45236],[13.12473,52.45311]]]},"properties":{"UWB":"05516","UWB3":"516","BWB":"055T","BWB3":"5T","AWK":"0505","BEZ":"05","BWK":"78"}},
{"type":"Feature","geometry":{"type":"Polygon","coordinates":[[[13.18995,52.51751],[13.18622,52.51764],[13.18469,52.51545],[13.19172,52.51408],[13.19068,52.51509],[13.18995,52.51751]]]},"properties":{"UWB":"05517","UWB3":"517","BWB":"055F","BWB3":"5F","AWK":"0505","BEZ":"05","BWK":"78"}},
{"type":"Feature","geometry":{"type":"Polygon","coordinates":[[[13.12641,52.46791],[13.12461,52.46943],[13.12308,52.47163],[13.12064,52.47526],[13.1205,52.47775],[13.11769,52.47732],[13.11723,52.47328],[13.1162,52.47168],[13.11379,52.4698],[13.11395,52.46862],[13.11185,52.46744],[13.11055,52.46566],[13.11142,52.46373],[13.11134,52.46186],[13.1105,52.45999],[13.1124,52.45899],[13.11267,52.45769],[13.11184,52.45402],[13.11388,52.45394],[13.11588,52.45614],[13.11497,52.46009],[13.11616,52.46284],[13.12035,52.46283],[13.12043,52.46656],[13.12338,52.46691],[13.12641,52.46791]]]},"properties":{"UWB":"05518","UWB3":"518","BWB":"055Z","BWB3":"5Z","AWK":"0505","BEZ":"05","BWK":"78"}},
{"type":"Feature","geometry":{"type":"Polygon","coordinates":[[[13.16509,52.5152],[13.16658,52.51446],[13.17078,52.51598],[13.16844,52.51729],[13.16486,52.51845],[13.16283,52.51634],[13.16509,52.5152]]]},"properties":{"UWB":"05519","UWB3":"519","BWB":"055B","BWB3":"5B","AWK":"0505","BEZ":"05","BWK":"78"}},
{"type":"Feature","geometry":{"type":"Polygon","coordinates":[[[13.14267,52.51976],[13.14435,52.51919],[13.14563,52.51747],[13.1475,52.51719],[13.15438,52.51433],[13.15859,52.51294],[13.16149,52.51527],[13.15617,52.51794],[13.16067,52.51907],[13.16318,52.51834],[13.16486,52.51845],[13.16844,52.51729],[13.16972,52.51862],[13.16259,52.5201],[13.15574,52.52156],[13.15419,52.52188],[13.14486,52.52385],[13.14341,52.52416],[13.14267,52.51976]]]},"properties":{"UWB":"05520","UWB3":"520","BWB":"055B","BWB3":"5B","AWK":"0505","BEZ":"05","BWK":"78"}},
{"type":"Feature","geometry":{"type":"Polygon","coordinates":[[[13.17372,52.52287],[13.16945,52.52367],[13.16905,52.52296],[13.16584,52.52266],[13.16584,52.52134],[13.17097,52.52016],[13.17342,52.51964],[13.17473,52.52003],[13.17574,52.52181],[13.17525,52.52254],[13.17372,52.52287]]]},"properties":{"UWB":"05521","UWB3":"521","BWB":"055D","BWB3":"5D","AWK":"0505","BEZ":"05","BWK":"78"}},
{"type":"Feature","geometry":{"type":"Polygon","coordinates":[[[13.14338,52.45465],[13.14356,52.45328],[13.14488,52.45266],[13.14357,52.45036],[13.14622,52.44935],[13.15773,52.4492],[13.16186,52.45219],[13.16258,52.4525],[13.15784,52.45476],[13.15011,52.45776],[13.14931,52.45908],[13.1476,52.45816],[13.1446,52.45934],[13.14247,52.45694],[13.14356,52.45631],[13.14338,52.45465]]]},"properties":{"UWB":"05522","UWB3":"522","BWB":"055Q","BWB3":"5Q","AWK":"0505","BEZ":"05","BWK":"78"}},
{"type":"Feature","geometry":{"type":"Polygon","coordinates":[[[13.13555,52.4854],[13.12833,52.47982],[13.12628,52.47866],[13.12717,52.47581],[13.13136,52.47619],[13.13289,52.47398],[13.12898,52.47316],[13.12946,52.47265],[13.13279,52.46934],[13.12808,52.46657],[13.13007,52.4642],[13.1287,52.46336],[13.13043,52.46213],[13.12785,52.4593],[13.12715,52.45863],[13.13064,52.4573],[13.1332,52.45634],[13.1357,52.45879],[13.13686,52.45937],[13.1347,52.461],[13.13634,52.46342],[13.14518,52.46913],[13.15201,52.46904],[13.15508,52.47108],[13.15684,52.47111],[13.15211,52.47368],[13.15425,52.47525],[13.15404,52.47851],[13.15189,52.47819],[13.14947,52.47849],[13.14339,52.47774],[13.14312,52.4782],[13.14121,52.47774],[13.14009,52.47891],[13.14065,52.48289],[13.13555,52.4854]]]},"properties":{"UWB":"05523","UWB3":"523","BWB":"055W","BWB3":"5W","AWK":"0505","BEZ":"05","BWK":"78"}},
{"type":"Feature","geometry":{"type":"Polygon","coordinates":[[[13.11906,52.4429],[13.11993,52.44152],[13.12312,52.43961],[13.12411,52.44068],[13.12804,52.44096],[13.13327,52.44209],[13.13609,52.44238],[13.13748,52.44646],[13.13526,52.44947],[13.13208,52.45083],[13.12719,52.44707],[13.12374,52.44345],[13.12077,52.44261],[13.11906,52.4429]]]},"properties":{"UWB":"05524","UWB3":"524","BWB":"055S","BWB3":"5S","AWK":"0505","BEZ":"05","BWK":"78"}},
{"type":"Feature","geometry":{"type":"Polygon","coordinates":[[[13.1917,52.49868],[13.18545,52.49997],[13.17978,52.50024],[13.18022,52.49618],[13.18035,52.48942],[13.18323,52.48513],[13.18278,52.48322],[13.17919,52.47887],[13.18725,52.47865],[13.19016,52.48262],[13.18981,52.48433],[13.18715,52.48713],[13.18659,52.48929],[13.18755,52.49121],[13.18953,52.49293],[13.18984,52.49754],[13.1917,52.49868]]]},"properties":{"UWB":"05525","UWB3":"525","BWB":"055L","BWB3":"5L","AWK":"0505","BEZ":"05","BWK":"78"}},
{"type":"Feature","geometry":{"type":"Polygon","coordinates":[[[13.17727,52.51556],[13.17855,52.51632],[13.17911,52.51664],[13.17357,52.51778],[13.16972,52.51862],[13.16844,52.51729],[13.17078,52.51598],[13.16658,52.51446],[13.16509,52.5152],[13.16423,52.51388],[13.16995,52.51162],[13.16996,52.51286],[13.17238,52.51472],[13.17485,52.51373],[13.17727,52.51556]]]},"properties":{"UWB":"05526","UWB3":"526","BWB":"055C","BWB3":"5C","AWK":"0505","BEZ":"05","BWK":"78"}},
{"type":"Feature","geometry":{"type":"Polygon","coordinates":[[[13.17525,52.52254],[13.17574,52.52181],[13.17473,52.52003],[13.17342,52.51964],[13.17097,52.52016],[13.16972,52.51862],[13.17357,52.51778],[13.17889,52.52196],[13.17811,52.52244],[13.17525,52.52254]]]},"properties":{"UWB":"05527","UWB3":"527","BWB":"055D","BWB3":"5D","AWK":"0505","BEZ":"05","BWK":"78"}},
{"type":"Feature","geometry":{"type":"Polygon","coordinates":[[[13.13208,52.45083],[13.13526,52.44947],[13.13748,52.44646],[13.13609,52.44238],[13.14852,52.44337],[13.15451,52.4466],[13.15773,52.4492],[13.14622,52.44935],[13.14357,52.45036],[13.14488,52.45266],[13.14356,52.45328],[13.13554,52.4517],[13.13208,52.45083]]]},"properties":{"UWB":"05528","UWB3":"528","BWB":"055R","BWB3":"5R","AWK":"0505","BEZ":"05","BWK":"78"}},
{"type":"Feature","geometry":{"type":"Polygon","coordinates":[[[13.13064,52.4573],[13.12715,52.45863],[13.12785,52.4593],[13.12614,52.4598],[13.1243,52.45782],[13.12142,52.45875],[13.11937,52.4576],[13.11817,52.45587],[13.11588,52.45614],[13.11388,52.45394],[13.12473,52.45311],[13.12717,52.45319],[13.13064,52.4573]]]},"properties":{"UWB":"05529","UWB3":"529","BWB":"055U","BWB3":"5U","AWK":"0505","BEZ":"05","BWK":"78"}},
{"type":"Feature","geometry":{"type":"Polygon","coordinates":[[[13.18198,52.5241],[13.17811,52.52244],[13.17889,52.52196],[13.17357,52.51778],[13.17911,52.51664],[13.18469,52.51545],[13.18622,52.51764],[13.18995,52.51751],[13.18989,52.51939],[13.19253,52.51941],[13.19404,52.51943],[13.19403,52.52101],[13.19122,52.52099],[13.18991,52.5222],[13.18755,52.5226],[13.18198,52.5241]]]},"properties":{"UWB":"05530","UWB3":"530","BWB":"055E","BWB3":"5E","AWK":"0505","BEZ":"05","BWK":"78"}},
{"type":"Feature","geometry":{"type":"Polygon","coordinates":[[[13.15684,52.47111],[13.15508,52.47108],[13.15201,52.46904],[13.1535,52.46876],[13.15524,52.46742],[13.15795,52.46614],[13.15361,52.46246],[13.15601,52.46111],[13.16253,52.46488],[13.16669,52.46829],[13.16395,52.46945],[13.16246,52.46826],[13.15684,52.47111]]]},"properties":{"UWB":"05531","UWB3":"531","BWB":"055N","BWB3":"5N","AWK":"0505","BEZ":"05","BWK":"78"}},
{"type":"Feature","geometry":{"type":"Polygon","coordinates":[[[13.12808,52.46657],[13.13279,52.46934],[13.12946,52.47265],[13.12308,52.47163],[13.12461,52.46943],[13.12641,52.46791],[13.12808,52.46657]]]},"properties":{"UWB":"05532","UWB3":"532","BWB":"055X","BWB3":"5X","AWK":"0505","BEZ":"05","BWK":"78"}},
{"type":"Feature","geometry":{"type":"Polygon","coordinates":[[[13.30025,52.46848],[13.29234,52.46992],[13.29951,52.46398],[13.30435,52.45996],[13.3042,52.45874],[13.30713,52.45925],[13.30819,52.45973],[13.30894,52.4644],[13.30535,52.46452],[13.30628,52.4675],[13.30025,52.46848]]]},"properties":{"UWB":"06101","UWB3":"101","BWB":"061A","BWB3":"1A","AWK":"0601","BEZ":"06","BWK":"79"}},
{"type":"Feature","geometry":{"type":"Polygon","coordinates":[[[13.30898,52.46765],[13.30628,52.4675],[13.30535,52.46452],[13.30894,52.4644],[13.31087,52.46534],[13.31383,52.46429],[13.31617,52.46704],[13.31142,52.46712],[13.30959,52.46743],[13.30898,52.46765]]]},"properties":{"UWB":"06102","UWB3":"102","BWB":"061B","BWB3":"1B","AWK":"0601","BEZ":"06","BWK":"79"}},
{"type":"Feature","geometry":{"type":"Polygon","coordinates":[[[13.31617,52.46704],[13.31383,52.46429],[13.31898,52.46248],[13.32075,52.46439],[13.3176,52.46551],[13.31899,52.467],[13.31617,52.46704]]]},"properties":{"UWB":"06103","UWB3":"103","BWB":"061C","BWB3":"1C","AWK":"0601","BEZ":"06","BWK":"79"}},
{"type":"Feature","geometry":{"type":"Polygon","coordinates":[[[13.32143,52.4668],[13.31998,52.46698],[13.32264,52.46373],[13.32602,52.46241],[13.32654,52.46295],[13.32798,52.46444],[13.32143,52.4668]]]},"properties":{"UWB":"06104","UWB3":"104","BWB":"061D","BWB3":"1D","AWK":"0601","BEZ":"06","BWK":"79"}},
{"type":"Feature","geometry":{"type":"Polygon","coordinates":[[[13.32602,52.46241],[13.32368,52.46124],[13.32235,52.46172],[13.32039,52.46026],[13.3231,52.45932],[13.32613,52.45885],[13.32743,52.45986],[13.32654,52.46295],[13.32602,52.46241]]]},"properties":{"UWB":"06105","UWB3":"105","BWB":"061E","BWB3":"1E","AWK":"0601","BEZ":"06","BWK":"79"}},
{"type":"Feature","geometry":{"type":"Polygon","coordinates":[[[13.33522,52.46184],[13.33916,52.46282],[13.33883,52.46537],[13.33595,52.46516],[13.33479,52.46418],[13.33522,52.46184]]]},"properties":{"UWB":"06106","UWB3":"106","BWB":"061F","BWB3":"1F","AWK":"0601","BEZ":"06","BWK":"79"}},
{"type":"Feature","geometry":{"type":"Polygon","coordinates":[[[13.34485,52.46149],[13.33932,52.4616],[13.33942,52.46034],[13.33764,52.4594],[13.33938,52.45949],[13.34235,52.45965],[13.34227,52.46049],[13.34495,52.46063],[13.34485,52.46149]]]},"properties":{"UWB":"06107","UWB3":"107","BWB":"061G","BWB3":"1G","AWK":"0601","BEZ":"06","BWK":"79"}},
{"type":"Feature","geometry":{"type":"Polygon","coordinates":[[[13.30819,52.45973],[13.31051,52.46],[13.31383,52.46429],[13.31087,52.46534],[13.30894,52.4644],[13.30819,52.45973]]]},"properties":{"UWB":"06108","UWB3":"108","BWB":"061H","BWB3":"1H","AWK":"0601","BEZ":"06","BWK":"79"}},
{"type":"Feature","geometry":{"type":"Polygon","coordinates":[[[13.31383,52.46429],[13.31051,52.46],[13.31273,52.45967],[13.31453,52.46227],[13.31776,52.46118],[13.31898,52.46248],[13.31383,52.46429]]]},"properties":{"UWB":"06109","UWB3":"109","BWB":"061J","BWB3":"1J","AWK":"0601","BEZ":"06","BWK":"79"}},
{"type":"Feature","geometry":{"type":"Polygon","coordinates":[[[13.32039,52.46026],[13.31869,52.45874],[13.31782,52.45794],[13.32069,52.45689],[13.31903,52.45483],[13.32018,52.45458],[13.32268,52.45647],[13.32382,52.45615],[13.32433,52.45658],[13.32868,52.46006],[13.32805,52.46036],[13.32743,52.45986],[13.32613,52.45885],[13.3231,52.45932],[13.32039,52.46026]]]},"properties":{"UWB":"06110","UWB3":"110","BWB":"061K","BWB3":"1K","AWK":"0601","BEZ":"06","BWK":"79"}},
{"type":"Feature","geometry":{"type":"Polygon","coordinates":[[[13.33522,52.46184],[13.3331,52.46008],[13.33533,52.46013],[13.33764,52.4594],[13.33942,52.46034],[13.33932,52.4616],[13.33916,52.46282],[13.33522,52.46184]]]},"properties":{"UWB":"06111","UWB3":"111","BWB":"061L","BWB3":"1L","AWK":"0601","BEZ":"06","BWK":"79"}},
{"type":"Feature","geometry":{"type":"Polygon","coordinates":[[[13.33479,52.46418],[13.33204,52.4638],[13.32805,52.46036],[13.32868,52.46006],[13.32973,52.45815],[13.33131,52.45823],[13.33242,52.45927],[13.3331,52.46008],[13.33522,52.46184],[13.33479,52.46418]]]},"properties":{"UWB":"06112","UWB3":"112","BWB":"061M","BWB3":"1M","AWK":"0601","BEZ":"06","BWK":"79"}},
{"type":"Feature","geometry":{"type":"Polygon","coordinates":[[[13.33938,52.45949],[13.33928,52.45863],[13.34659,52.45902],[13.34764,52.45908],[13.346,52.46081],[13.34515,52.46155],[13.34485,52.46149],[13.34495,52.46063],[13.34227,52.46049],[13.34235,52.45965],[13.33938,52.45949]]]},"properties":{"UWB":"06113","UWB3":"113","BWB":"061N","BWB3":"1N","AWK":"0601","BEZ":"06","BWK":"79"}},
{"type":"Feature","geometry":{"type":"Polygon","coordinates":[[[13.30713,52.45925],[13.30686,52.45779],[13.30914,52.45586],[13.31031,52.45405],[13.31207,52.45334],[13.31357,52.45398],[13.31498,52.45398],[13.31745,52.45538],[13.31903,52.45483],[13.32069,52.45689],[13.31782,52.45794],[13.31869,52.45874],[13.31632,52.45958],[13.3156,52.45878],[13.31273,52.45967],[13.31051,52.46],[13.30819,52.45973],[13.30713,52.45925]]]},"properties":{"UWB":"06114","UWB3":"114","BWB":"061P","BWB3":"1P","AWK":"0601","BEZ":"06","BWK":"79"}},
{"type":"Feature","geometry":{"type":"Polygon","coordinates":[[[13.31903,52.45483],[13.31745,52.45538],[13.31498,52.45398],[13.31357,52.45398],[13.31429,52.45307],[13.30995,52.45156],[13.31067,52.45085],[13.31264,52.4501],[13.31563,52.45049],[13.31907,52.45216],[13.31964,52.45298],[13.31995,52.4532],[13.32272,52.45524],[13.32382,52.45615],[13.32268,52.45647],[13.32018,52.45458],[13.31903,52.45483]]]},"properties":{"UWB":"06115","UWB3":"115","BWB":"061Q","BWB3":"1Q","AWK":"0601","BEZ":"06","BWK":"79"}},
{"type":"Feature","geometry":{"type":"Polygon","coordinates":[[[13.31531,52.44801],[13.3116,52.44717],[13.3104,52.44874],[13.30625,52.44726],[13.30675,52.44677],[13.30898,52.44474],[13.31529,52.44707],[13.31531,52.44801]]]},"properties":{"UWB":"06116","UWB3":"116","BWB":"061R","BWB3":"1R","AWK":"0601","BEZ":"06","BWK":"79"}},
{"type":"Feature","geometry":{"type":"Polygon","coordinates":[[[13.3042,52.45874],[13.29715,52.45217],[13.30031,52.45087],[13.30166,52.45141],[13.30542,52.44802],[13.3083,52.44908],[13.30765,52.44973],[13.31067,52.45085],[13.30995,52.45156],[13.31429,52.45307],[13.31357,52.45398],[13.31207,52.45334],[13.31031,52.45405],[13.30914,52.45586],[13.30686,52.45779],[13.30713,52.45925],[13.3042,52.45874]]]},"properties":{"UWB":"06117","UWB3":"117","BWB":"061S","BWB3":"1S","AWK":"0601","BEZ":"06","BWK":"79"}},
{"type":"Feature","geometry":{"type":"Polygon","coordinates":[[[13.29715,52.45217],[13.29519,52.45012],[13.29316,52.44647],[13.29352,52.44589],[13.29373,52.4457],[13.29945,52.44779],[13.30045,52.44685],[13.30275,52.44703],[13.30542,52.44802],[13.30166,52.45141],[13.30031,52.45087],[13.29715,52.45217]]]},"properties":{"UWB":"06118","UWB3":"118","BWB":"061T","BWB3":"1T","AWK":"0601","BEZ":"06","BWK":"79"}},
{"type":"Feature","geometry":{"type":"Polygon","coordinates":[[[13.31898,52.46248],[13.31776,52.46118],[13.32039,52.46026],[13.32235,52.46172],[13.32368,52.46124],[13.32602,52.46241],[13.32264,52.46373],[13.32075,52.46439],[13.31898,52.46248]]]},"properties":{"UWB":"06119","UWB3":"119","BWB":"061U","BWB3":"1U","AWK":"0601","BEZ":"06","BWK":"79"}},
{"type":"Feature","geometry":{"type":"Polygon","coordinates":[[[13.31899,52.467],[13.3176,52.46551],[13.32075,52.46439],[13.32264,52.46373],[13.31998,52.46698],[13.31899,52.467]]]},"properties":{"UWB":"06120","UWB3":"120","BWB":"061V","BWB3":"1V","AWK":"0601","BEZ":"06","BWK":"79"}},
{"type":"Feature","geometry":{"type":"Polygon","coordinates":[[[13.30625,52.44726],[13.30542,52.44802],[13.30275,52.44703],[13.30045,52.44685],[13.29945,52.44779],[13.29373,52.4457],[13.29577,52.44381],[13.30161,52.44572],[13.30245,52.44494],[13.30675,52.44677],[13.30625,52.44726]]]},"properties":{"UWB":"06121","UWB3":"121","BWB":"061W","BWB3":"1W","AWK":"0601","BEZ":"06","BWK":"79"}},
{"type":"Feature","geometry":{"type":"Polygon","coordinates":[[[13.31067,52.45085],[13.30765,52.44973],[13.3083,52.44908],[13.30542,52.44802],[13.30625,52.44726],[13.3104,52.44874],[13.3116,52.44717],[13.31531,52.44801],[13.31563,52.45049],[13.31264,52.4501],[13.31067,52.45085]]]},"properties":{"UWB":"06122","UWB3":"122","BWB":"061X","BWB3":"1X","AWK":"0601","BEZ":"06","BWK":"79"}},
{"type":"Feature","geometry":{"type":"Polygon","coordinates":[[[13.31273,52.45967],[13.3156,52.45878],[13.31632,52.45958],[13.31869,52.45874],[13.32039,52.46026],[13.31776,52.46118],[13.31453,52.46227],[13.31273,52.45967]]]},"properties":{"UWB":"06123","UWB3":"123","BWB":"061Y","BWB3":"1Y","AWK":"0601","BEZ":"06","BWK":"79"}},
{"type":"Feature","geometry":{"type":"Polygon","coordinates":[[[13.33916,52.46282],[13.33932,52.4616],[13.34485,52.46149],[13.34515,52.46155],[13.34495,52.46172],[13.3404,52.46465],[13.34033,52.46469],[13.3389,52.46556],[13.33883,52.46537],[13.33916,52.46282]]]},"properties":{"UWB":"06124","UWB3":"124","BWB":"061Z","BWB3":"1Z","AWK":"0601","BEZ":"06","BWK":"79"}},
{"type":"Feature","geometry":{"type":"Polygon","coordinates":[[[13.33883,52.46537],[13.3389,52.46556],[13.33754,52.46686],[13.33627,52.46741],[13.33466,52.46628],[13.33141,52.46586],[13.33063,52.46515],[13.33204,52.4638],[13.33479,52.46418],[13.33595,52.46516],[13.33883,52.46537]]]},"properties":{"UWB":"06125","UWB3":"125","BWB":"061AA","BWB3":"1AA","AWK":"0601","BEZ":"06","BWK":"79"}},
{"type":"Feature","geometry":{"type":"Polygon","coordinates":[[[13.32654,52.46295],[13.32743,52.45986],[13.32805,52.46036],[13.33204,52.4638],[13.33063,52.46515],[13.32936,52.46557],[13.32915,52.46535],[13.32896,52.46516],[13.32874,52.46493],[13.32798,52.46444],[13.32654,52.46295]]]},"properties":{"UWB":"06126","UWB3":"126","BWB":"061AB","BWB3":"1AB","AWK":"0601","BEZ":"06","BWK":"79"}},
{"type":"Feature","geometry":{"type":"Polygon","coordinates":[[[13.32433,52.45658],[13.33097,52.4561],[13.33259,52.45591],[13.33242,52.45927],[13.33131,52.45823],[13.32973,52.45815],[13.32868,52.46006],[13.32433,52.45658]]]},"properties":{"UWB":"06201","UWB3":"201","BWB":"062A","BWB3":"2A","AWK":"0602","BEZ":"06","BWK":"79"}},
{"type":"Feature","geometry":{"type":"Polygon","coordinates":[[[13.33764,52.4594],[13.33533,52.46013],[13.3331,52.46008],[13.33242,52.45927],[13.33259,52.45591],[13.33497,52.45556],[13.33734,52.45525],[13.33764,52.45855],[13.33928,52.45863],[13.33938,52.45949],[13.33764,52.4594]]]},"properties":{"UWB":"06202","UWB3":"202","BWB":"062B","BWB3":"2B","AWK":"0602","BEZ":"06","BWK":"79"}},
{"type":"Feature","geometry":{"type":"Polygon","coordinates":[[[13.33928,52.45863],[13.33764,52.45855],[13.33734,52.45525],[13.33497,52.45556],[13.33401,52.45373],[13.33626,52.45314],[13.34022,52.45291],[13.34302,52.45279],[13.34448,52.45412],[13.34624,52.45404],[13.34659,52.45902],[13.33928,52.45863]]]},"properties":{"UWB":"06203","UWB3":"203","BWB":"062C","BWB3":"2C","AWK":"0602","BEZ":"06","BWK":"79"}},
{"type":"Feature","geometry":{"type":"Polygon","coordinates":[[[13.34659,52.45902],[13.34624,52.45404],[13.34448,52.45412],[13.34302,52.45279],[13.34291,52.4519],[13.34806,52.45128],[13.34674,52.45001],[13.34964,52.44963],[13.34983,52.45102],[13.35348,52.45417],[13.35596,52.45393],[13.35642,52.45494],[13.35637,52.45502],[13.35526,52.45565],[13.35515,52.45565],[13.35504,52.45565],[13.35248,52.45707],[13.34908,52.45677],[13.34871,52.45876],[13.34868,52.45876],[13.34855,52.45876],[13.34764,52.45908],[13.34659,52.45902]]]},"properties":{"UWB":"06204","UWB3":"204","BWB":"062D","BWB3":"2D","AWK":"0602","BEZ":"06","BWK":"79"}},
{"type":"Feature","geometry":{"type":"Polygon","coordinates":[[[13.35408,52.4433],[13.3538,52.44573],[13.3555,52.44588],[13.35657,52.44753],[13.35425,52.4481],[13.35498,52.44893],[13.34964,52.44963],[13.34924,52.44662],[13.34939,52.44416],[13.34954,52.44404],[13.35408,52.4433]]]},"properties":{"UWB":"06205","UWB3":"205","BWB":"062E","BWB3":"2E","AWK":"0602","BEZ":"06","BWK":"79"}},
{"type":"Feature","geometry":{"type":"Polygon","coordinates":[[[13.35408,52.4433],[13.35593,52.44298],[13.3589,52.44314],[13.36238,52.44457],[13.35876,52.45088],[13.3576,52.44853],[13.35498,52.44893],[13.35425,52.4481],[13.35657,52.44753],[13.3555,52.44588],[13.3538,52.44573],[13.35408,52.4433]]]},"properties":{"UWB":"06206","UWB3":"206","BWB":"062F","BWB3":"2F","AWK":"0602","BEZ":"06","BWK":"79"}},
{"type":"Feature","geometry":{"type":"Polygon","coordinates":[[[13.33626,52.45314],[13.33603,52.45102],[13.33729,52.45014],[13.34207,52.44989],[13.3428,52.45047],[13.33987,52.45085],[13.34022,52.45291],[13.33626,52.45314]]]},"properties":{"UWB":"06207","UWB3":"207","BWB":"062G","BWB3":"2G","AWK":"0602","BEZ":"06","BWK":"79"}},
{"type":"Feature","geometry":{"type":"Polygon","coordinates":[[[13.34022,52.45291],[13.33987,52.45085],[13.3428,52.45047],[13.34674,52.45001],[13.34806,52.45128],[13.34291,52.4519],[13.34302,52.45279],[13.34022,52.45291]]]},"properties":{"UWB":"06208","UWB3":"208","BWB":"062H","BWB3":"2H","AWK":"0602","BEZ":"06","BWK":"79"}},
{"type":"Feature","geometry":{"type":"Polygon","coordinates":[[[13.31995,52.4532],[13.32161,52.45246],[13.32332,52.45386],[13.32637,52.45258],[13.32958,52.45118],[13.33114,52.45313],[13.32884,52.45412],[13.32537,52.45552],[13.32425,52.4546],[13.32272,52.45524],[13.31995,52.4532]]]},"properties":{"UWB":"06209","UWB3":"209","BWB":"062J","BWB3":"2J","AWK":"0602","BEZ":"06","BWK":"79"}},
{"type":"Feature","geometry":{"type":"Polygon","coordinates":[[[13.32637,52.45258],[13.32578,52.45205],[13.325,52.45134],[13.32953,52.44969],[13.33288,52.44859],[13.33428,52.4502],[13.33533,52.45143],[13.33114,52.45313],[13.32958,52.45118],[13.32637,52.45258]]]},"properties":{"UWB":"06210","UWB3":"210","BWB":"062K","BWB3":"2K","AWK":"0602","BEZ":"06","BWK":"79"}},
{"type":"Feature","geometry":{"type":"Polygon","coordinates":[[[13.33603,52.45102],[13.33428,52.4502],[13.33288,52.44859],[13.32953,52.44969],[13.32719,52.44689],[13.33042,52.44517],[13.33451,52.4456],[13.33667,52.44553],[13.33787,52.4478],[13.33875,52.44896],[13.33729,52.45014],[13.33603,52.45102]]]},"properties":{"UWB":"06211","UWB3":"211","BWB":"062L","BWB3":"2L","AWK":"0602","BEZ":"06","BWK":"79"}},
{"type":"Feature","geometry":{"type":"Polygon","coordinates":[[[13.34924,52.44662],[13.34479,52.44686],[13.34241,52.44694],[13.34009,52.44539],[13.34467,52.44506],[13.34939,52.44416],[13.34924,52.44662]]]},"properties":{"UWB":"06212","UWB3":"212","BWB":"062M","BWB3":"2M","AWK":"0602","BEZ":"06","BWK":"79"}},
{"type":"Feature","geometry":{"type":"Polygon","coordinates":[[[13.34674,52.45001],[13.3428,52.45047],[13.34207,52.44989],[13.34514,52.44885],[13.34648,52.44814],[13.34479,52.44686],[13.34924,52.44662],[13.34964,52.44963],[13.34674,52.45001]]]},"properties":{"UWB":"06213","UWB3":"213","BWB":"062N","BWB3":"2N","AWK":"0602","BEZ":"06","BWK":"79"}},
{"type":"Feature","geometry":{"type":"Polygon","coordinates":[[[13.34479,52.44686],[13.34648,52.44814],[13.34514,52.44885],[13.34353,52.44774],[13.34117,52.4489],[13.3401,52.4481],[13.34241,52.44694],[13.34479,52.44686]]]},"properties":{"UWB":"06214","UWB3":"214","BWB":"062P","BWB3":"2P","AWK":"0602","BEZ":"06","BWK":"79"}},
{"type":"Feature","geometry":{"type":"Polygon","coordinates":[[[13.32636,52.44753],[13.32375,52.4495],[13.32,52.44787],[13.31833,52.44759],[13.32015,52.44427],[13.31988,52.44361],[13.32449,52.44575],[13.32636,52.44753]]]},"properties":{"UWB":"06215","UWB3":"215","BWB":"062Q","BWB3":"2Q","AWK":"0602","BEZ":"06","BWK":"79"}},
{"type":"Feature","geometry":{"type":"Polygon","coordinates":[[[13.31964,52.45298],[13.3203,52.45236],[13.31859,52.45114],[13.32074,52.45021],[13.32229,52.4506],[13.32471,52.45248],[13.32578,52.45205],[13.32637,52.45258],[13.32332,52.45386],[13.32161,52.45246],[13.31995,52.4532],[13.31964,52.45298]]]},"properties":{"UWB":"06216","UWB3":"216","BWB":"062R","BWB3":"2R","AWK":"0602","BEZ":"06","BWK":"79"}},
{"type":"Feature","geometry":{"type":"Polygon","coordinates":[[[13.31833,52.44759],[13.31529,52.44707],[13.31569,52.44313],[13.31988,52.44361],[13.32015,52.44427],[13.31833,52.44759]]]},"properties":{"UWB":"06217","UWB3":"217","BWB":"062S","BWB3":"2S","AWK":"0602","BEZ":"06","BWK":"79"}},
{"type":"Feature","geometry":{"type":"Polygon","coordinates":[[[13.32719,52.44689],[13.32636,52.44753],[13.32449,52.44575],[13.31988,52.44361],[13.31569,52.44313],[13.31586,52.44175],[13.31455,52.44117],[13.31626,52.44042],[13.31609,52.43895],[13.31567,52.43784],[13.31963,52.4371],[13.323,52.44089],[13.32661,52.44389],[13.33044,52.44514],[13.33042,52.44517],[13.32719,52.44689]]]},"properties":{"UWB":"06218","UWB3":"218","BWB":"062T","BWB3":"2T","AWK":"0602","BEZ":"06","BWK":"79"}},
{"type":"Feature","geometry":{"type":"Polygon","coordinates":[[[13.32382,52.45615],[13.32272,52.45524],[13.32425,52.4546],[13.32537,52.45552],[13.32884,52.45412],[13.33097,52.4561],[13.32433,52.45658],[13.32382,52.45615]]]},"properties":{"UWB":"06219","UWB3":"219","BWB":"062U","BWB3":"2U","AWK":"0602","BEZ":"06","BWK":"79"}},
{"type":"Feature","geometry":{"type":"Polygon","coordinates":[[[13.33097,52.4561],[13.32884,52.45412],[13.33114,52.45313],[13.33533,52.45143],[13.33428,52.4502],[13.33603,52.45102],[13.33626,52.45314],[13.33401,52.45373],[13.33497,52.45556],[13.33259,52.45591],[13.33097,52.4561]]]},"properties":{"UWB":"06220","UWB3":"220","BWB":"062V","BWB3":"2V","AWK":"0602","BEZ":"06","BWK":"79"}},
{"type":"Feature","geometry":{"type":"Polygon","coordinates":[[[13.34964,52.44963],[13.35498,52.44893],[13.3576,52.44853],[13.35876,52.45088],[13.35642,52.45493],[13.35642,52.45494],[13.35596,52.45393],[13.35348,52.45417],[13.34983,52.45102],[13.34964,52.44963]]]},"properties":{"UWB":"06221","UWB3":"221","BWB":"062W","BWB3":"2W","AWK":"0602","BEZ":"06","BWK":"79"}},
{"type":"Feature","geometry":{"type":"Polygon","coordinates":[[[13.33667,52.44553],[13.33713,52.44551],[13.34009,52.44539],[13.34241,52.44694],[13.3401,52.4481],[13.33787,52.4478],[13.33667,52.44553]]]},"properties":{"UWB":"06222","UWB3":"222","BWB":"062X","BWB3":"2X","AWK":"0602","BEZ":"06","BWK":"79"}},
{"type":"Feature","geometry":{"type":"Polygon","coordinates":[[[13.33729,52.45014],[13.33875,52.44896],[13.33787,52.4478],[13.3401,52.4481],[13.34117,52.4489],[13.34353,52.44774],[13.34514,52.44885],[13.34207,52.44989],[13.33729,52.45014]]]},"properties":{"UWB":"06223","UWB3":"223","BWB":"062Y","BWB3":"2Y","AWK":"0602","BEZ":"06","BWK":"79"}},
{"type":"Feature","geometry":{"type":"Polygon","coordinates":[[[13.31563,52.45049],[13.31531,52.44801],[13.31529,52.44707],[13.31833,52.44759],[13.32,52.44787],[13.32375,52.4495],[13.32229,52.4506],[13.32074,52.45021],[13.31859,52.45114],[13.3203,52.45236],[13.31964,52.45298],[13.31907,52.45216],[13.31563,52.45049]]]},"properties":{"UWB":"06224","UWB3":"224","BWB":"062Z","BWB3":"2Z","AWK":"0602","BEZ":"06","BWK":"79"}},
{"type":"Feature","geometry":{"type":"Polygon","coordinates":[[[13.32578,52.45205],[13.32471,52.45248],[13.32229,52.4506],[13.32375,52.4495],[13.32636,52.44753],[13.32719,52.44689],[13.32953,52.44969],[13.325,52.45134],[13.32578,52.45205]]]},"properties":{"UWB":"06225","UWB3":"225","BWB":"062AA","BWB3":"2AA","AWK":"0602","BEZ":"06","BWK":"79"}},
{"type":"Feature","geometry":{"type":"Polygon","coordinates":[[[13.29352,52.44589],[13.28306,52.44195],[13.28194,52.43888],[13.28094,52.4356],[13.28218,52.43713],[13.28822,52.43893],[13.28862,52.4395],[13.28923,52.44035],[13.29556,52.44258],[13.29609,52.44353],[13.29577,52.44381],[13.29373,52.4457],[13.29352,52.44589]]]},"properties":{"UWB":"06301","UWB3":"301","BWB":"063A","BWB3":"3A","AWK":"0603","BEZ":"06","BWK":"79"}},
{"type":"Feature","geometry":{"type":"Polygon","coordinates":[[[13.29577,52.44381],[13.29609,52.44353],[13.30021,52.43979],[13.30564,52.44205],[13.30419,52.44337],[13.30245,52.44494],[13.30161,52.44572],[13.29577,52.44381]]]},"properties":{"UWB":"06302","UWB3":"302","BWB":"063B","BWB3":"3B","AWK":"0603","BEZ":"06","BWK":"79"}},
{"type":"Feature","geometry":{"type":"Polygon","coordinates":[[[13.30898,52.44474],[13.31097,52.44296],[13.31455,52.44117],[13.31586,52.44175],[13.31569,52.44313],[13.31529,52.44707],[13.30898,52.44474]]]},"properties":{"UWB":"06303","UWB3":"303","BWB":"063C","BWB3":"3C","AWK":"0603","BEZ":"06","BWK":"79"}},
{"type":"Feature","geometry":{"type":"Polygon","coordinates":[[[13.28094,52.4356],[13.28037,52.43367],[13.28092,52.43332],[13.28748,52.43427],[13.29341,52.43695],[13.29324,52.43861],[13.28862,52.4395],[13.28822,52.43893],[13.28218,52.43713],[13.28094,52.4356]]]},"properties":{"UWB":"06304","UWB3":"304","BWB":"063D","BWB3":"3D","AWK":"0603","BEZ":"06","BWK":"79"}},
{"type":"Feature","geometry":{"type":"Polygon","coordinates":[[[13.30675,52.44677],[13.30245,52.44494],[13.30419,52.44337],[13.30795,52.44242],[13.31135,52.43973],[13.30936,52.43892],[13.31146,52.43758],[13.31309,52.43862],[13.3151,52.43807],[13.31609,52.43895],[13.31626,52.44042],[13.31455,52.44117],[13.31097,52.44296],[13.30898,52.44474],[13.30675,52.44677]]]},"properties":{"UWB":"06305","UWB3":"305","BWB":"063E","BWB3":"3E","AWK":"0603","BEZ":"06","BWK":"79"}},
{"type":"Feature","geometry":{"type":"Polygon","coordinates":[[[13.25586,52.42442],[13.25361,52.42405],[13.25281,52.42572],[13.25179,52.42419],[13.25316,52.42076],[13.25394,52.42062],[13.25573,52.41594],[13.25841,52.41614],[13.25889,52.41486],[13.25962,52.41373],[13.26264,52.41401],[13.25966,52.42152],[13.25691,52.4217],[13.25586,52.42442]]]},"properties":{"UWB":"06306","UWB3":"306","BWB":"063F","BWB3":"3F","AWK":"0603","BEZ":"06","BWK":"79"}},
{"type":"Feature","geometry":{"type":"Polygon","coordinates":[[[13.26264,52.41401],[13.26439,52.41421],[13.26365,52.41659],[13.26532,52.41777],[13.26736,52.41804],[13.26562,52.42226],[13.26383,52.42204],[13.26333,52.42329],[13.26096,52.42597],[13.26028,52.42726],[13.25674,52.42656],[13.25772,52.42475],[13.25586,52.42442],[13.25691,52.4217],[13.25966,52.42152],[13.26264,52.41401]]]},"properties":{"UWB":"06307","UWB3":"307","BWB":"063G","BWB3":"3G","AWK":"0603","BEZ":"06","BWK":"79"}},
{"type":"Feature","geometry":{"type":"Polygon","coordinates":[[[13.27701,52.43023],[13.27337,52.43083],[13.27044,52.42456],[13.27109,52.42305],[13.2718,52.42155],[13.27722,52.42259],[13.27818,52.42504],[13.27734,52.42615],[13.27694,52.42632],[13.27865,52.42994],[13.27701,52.43023]]]},"properties":{"UWB":"06308","UWB3":"308","BWB":"063H","BWB3":"3H","AWK":"0603","BEZ":"06","BWK":"79"}},
{"type":"Feature","geometry":{"type":"Polygon","coordinates":[[[13.28037,52.43367],[13.27865,52.42994],[13.2819,52.42949],[13.28917,52.42949],[13.28956,52.43056],[13.29263,52.43046],[13.29281,52.43271],[13.28708,52.43272],[13.28748,52.43427],[13.28092,52.43332],[13.28037,52.43367]]]},"properties":{"UWB":"06309","UWB3":"309","BWB":"063J","BWB3":"3J","AWK":"0603","BEZ":"06","BWK":"79"}},
{"type":"Feature","geometry":{"type":"Polygon","coordinates":[[[13.28748,52.43427],[13.28708,52.43272],[13.29281,52.43271],[13.29921,52.43243],[13.29936,52.43429],[13.29921,52.4352],[13.29602,52.43806],[13.29341,52.43695],[13.28748,52.43427]]]},"properties":{"UWB":"06310","UWB3":"310","BWB":"063K","BWB3":"3K","AWK":"0603","BEZ":"06","BWK":"79"}},
{"type":"Feature","geometry":{"type":"Polygon","coordinates":[[[13.30039,52.42683],[13.30299,52.42676],[13.30418,52.42663],[13.30686,52.42892],[13.30867,52.42757],[13.3111,52.43067],[13.30739,52.43331],[13.30473,52.43226],[13.30341,52.43229],[13.30315,52.42904],[13.30059,52.42912],[13.30039,52.42683]]]},"properties":{"UWB":"06311","UWB3":"311","BWB":"063L","BWB3":"3L","AWK":"0603","BEZ":"06","BWK":"79"}},
{"type":"Feature","geometry":{"type":"Polygon","coordinates":[[[13.29663,52.42694],[13.29683,52.42923],[13.28917,52.42949],[13.29078,52.4271],[13.28968,52.42682],[13.29176,52.42375],[13.29641,52.42419],[13.29663,52.42694]]]},"properties":{"UWB":"06312","UWB3":"312","BWB":"063M","BWB3":"3M","AWK":"0603","BEZ":"06","BWK":"79"}},
{"type":"Feature","geometry":{"type":"Polygon","coordinates":[[[13.30039,52.42683],[13.29663,52.42694],[13.29641,52.42419],[13.29176,52.42375],[13.28689,52.42247],[13.28966,52.41855],[13.28711,52.41788],[13.28489,52.4173],[13.28804,52.41523],[13.28699,52.4136],[13.28897,52.41215],[13.29322,52.41456],[13.29675,52.41625],[13.30098,52.41813],[13.30275,52.41974],[13.29849,52.42194],[13.30298,52.42558],[13.30299,52.42676],[13.30039,52.42683]]]},"properties":{"UWB":"06313","UWB3":"313","BWB":"063N","BWB3":"3N","AWK":"0603","BEZ":"06","BWK":"79"}},
{"type":"Feature","geometry":{"type":"Polygon","coordinates":[[[13.28489,52.4173],[13.28211,52.41622],[13.28059,52.41725],[13.27845,52.42026],[13.27437,52.41915],[13.27284,52.41469],[13.27186,52.41268],[13.27008,52.41247],[13.27058,52.4108],[13.26725,52.40987],[13.26781,52.40707],[13.26901,52.40423],[13.272,52.40432],[13.27581,52.4052],[13.28035,52.40736],[13.28897,52.41215],[13.28699,52.4136],[13.28804,52.41523],[13.28489,52.4173]]]},"properties":{"UWB":"06314","UWB3":"314","BWB":"063P","BWB3":"3P","AWK":"0603","BEZ":"06","BWK":"79"}},
{"type":"Feature","geometry":{"type":"Polygon","coordinates":[[[13.26736,52.41804],[13.26811,52.41813],[13.27008,52.41247],[13.27186,52.41268],[13.27284,52.41469],[13.27437,52.41915],[13.27845,52.42026],[13.28299,52.42147],[13.27974,52.4261],[13.27734,52.42615],[13.27818,52.42504],[13.27722,52.42259],[13.2718,52.42155],[13.27109,52.42305],[13.26562,52.42226],[13.26736,52.41804]]]},"properties":{"UWB":"06315","UWB3":"315","BWB":"063Q","BWB3":"3Q","AWK":"0603","BEZ":"06","BWK":"79"}},
{"type":"Feature","geometry":{"type":"Polygon","coordinates":[[[13.26264,52.41401],[13.26288,52.41196],[13.2607,52.41094],[13.25531,52.41061],[13.25351,52.40972],[13.2516,52.4095],[13.25168,52.40765],[13.24927,52.40744],[13.24978,52.40498],[13.25331,52.40603],[13.25714,52.4064],[13.26136,52.40586],[13.26359,52.40499],[13.26696,52.40428],[13.26901,52.40423],[13.26781,52.40707],[13.26725,52.40987],[13.26634,52.41443],[13.26439,52.41421],[13.26264,52.41401]]]},"properties":{"UWB":"06316","UWB3":"316","BWB":"063R","BWB3":"3R","AWK":"0603","BEZ":"06","BWK":"79"}},
{"type":"Feature","geometry":{"type":"Polygon","coordinates":[[[13.25889,52.41486],[13.25487,52.41429],[13.25531,52.41061],[13.2607,52.41094],[13.26288,52.41196],[13.26264,52.41401],[13.25962,52.41373],[13.25889,52.41486]]]},"properties":{"UWB":"06317","UWB3":"317","BWB":"063S","BWB3":"3S","AWK":"0603","BEZ":"06","BWK":"79"}},
{"type":"Feature","geometry":{"type":"Polygon","coordinates":[[[13.25531,52.41061],[13.25487,52.41429],[13.2514,52.41496],[13.25018,52.41854],[13.24913,52.41935],[13.24744,52.41732],[13.24903,52.41176],[13.24927,52.40744],[13.25168,52.40765],[13.2516,52.4095],[13.25351,52.40972],[13.25531,52.41061]]]},"properties":{"UWB":"06318","UWB3":"318","BWB":"063T","BWB3":"3T","AWK":"0603","BEZ":"06","BWK":"79"}},
{"type":"Feature","geometry":{"type":"Polygon","coordinates":[[[13.29936,52.43429],[13.30208,52.4342],[13.30192,52.43235],[13.30341,52.43229],[13.30473,52.43226],[13.30739,52.43331],[13.30373,52.43661],[13.30021,52.43979],[13.29602,52.43806],[13.29921,52.4352],[13.29936,52.43429]]]},"properties":{"UWB":"06319","UWB3":"319","BWB":"063U","BWB3":"3U","AWK":"0603","BEZ":"06","BWK":"79"}},
{"type":"Feature","geometry":{"type":"Polygon","coordinates":[[[13.27734,52.42615],[13.27974,52.4261],[13.28299,52.42147],[13.28435,52.42182],[13.28711,52.41788],[13.28966,52.41855],[13.28689,52.42247],[13.29176,52.42375],[13.28968,52.42682],[13.29078,52.4271],[13.28917,52.42949],[13.2819,52.42949],[13.27865,52.42994],[13.27694,52.42632],[13.27734,52.42615]]]},"properties":{"UWB":"06320","UWB3":"320","BWB":"063V","BWB3":"3V","AWK":"0603","BEZ":"06","BWK":"79"}},
{"type":"Feature","geometry":{"type":"Polygon","coordinates":[[[13.26439,52.41421],[13.26634,52.41443],[13.26725,52.40987],[13.27058,52.4108],[13.27008,52.41247],[13.26811,52.41813],[13.26736,52.41804],[13.26532,52.41777],[13.26365,52.41659],[13.26439,52.41421]]]},"properties":{"UWB":"06321","UWB3":"321","BWB":"063W","BWB3":"3W","AWK":"0603","BEZ":"06","BWK":"79"}},
{"type":"Feature","geometry":{"type":"Polygon","coordinates":[[[13.25179,52.42419],[13.25013,52.42131],[13.24913,52.41935],[13.25018,52.41854],[13.2514,52.41496],[13.25487,52.41429],[13.25889,52.41486],[13.25841,52.41614],[13.25573,52.41594],[13.25394,52.42062],[13.25316,52.42076],[13.25179,52.42419]]]},"properties":{"UWB":"06322","UWB3":"322","BWB":"063X","BWB3":"3X","AWK":"0603","BEZ":"06","BWK":"79"}},
{"type":"Feature","geometry":{"type":"Polygon","coordinates":[[[13.26562,52.42226],[13.27109,52.42305],[13.27044,52.42456],[13.27337,52.43083],[13.26934,52.43073],[13.26648,52.43065],[13.26348,52.43049],[13.25987,52.42924],[13.26028,52.42726],[13.26096,52.42597],[13.26333,52.42329],[13.26383,52.42204],[13.26562,52.42226]]]},"properties":{"UWB":"06323","UWB3":"323","BWB":"063Y","BWB3":"3Y","AWK":"0603","BEZ":"06","BWK":"79"}},
{"type":"Feature","geometry":{"type":"Polygon","coordinates":[[[13.28711,52.41788],[13.28435,52.42182],[13.28299,52.42147],[13.27845,52.42026],[13.28059,52.41725],[13.28211,52.41622],[13.28489,52.4173],[13.28711,52.41788]]]},"properties":{"UWB":"06324","UWB3":"324","BWB":"063Z","BWB3":"3Z","AWK":"0603","BEZ":"06","BWK":"79"}},
{"type":"Feature","geometry":{"type":"Polygon","coordinates":[[[13.28917,52.42949],[13.29683,52.42923],[13.29663,52.42694],[13.30039,52.42683],[13.30059,52.42912],[13.30315,52.42904],[13.30341,52.43229],[13.30192,52.43235],[13.30208,52.4342],[13.29936,52.43429],[13.29921,52.43243],[13.29281,52.43271],[13.29263,52.43046],[13.28956,52.43056],[13.28917,52.42949]]]},"properties":{"UWB":"06325","UWB3":"325","BWB":"063AA","BWB3":"3AA","AWK":"0603","BEZ":"06","BWK":"79"}},
{"type":"Feature","geometry":{"type":"Polygon","coordinates":[[[13.28862,52.4395],[13.29324,52.43861],[13.29341,52.43695],[13.29602,52.43806],[13.30021,52.43979],[13.29609,52.44353],[13.29556,52.44258],[13.28923,52.44035],[13.28862,52.4395]]]},"properties":{"UWB":"06326","UWB3":"326","BWB":"063AB","BWB3":"3AB","AWK":"0603","BEZ":"06","BWK":"79"}},
{"type":"Feature","geometry":{"type":"Polygon","coordinates":[[[13.30021,52.43979],[13.30373,52.43661],[13.30936,52.43892],[13.31135,52.43973],[13.30795,52.44242],[13.30419,52.44337],[13.30564,52.44205],[13.30021,52.43979]]]},"properties":{"UWB":"06327","UWB3":"327","BWB":"063AC","BWB3":"3AC","AWK":"0603","BEZ":"06","BWK":"79"}},
{"type":"Feature","geometry":{"type":"Polygon","coordinates":[[[13.31609,52.43895],[13.3151,52.43807],[13.31309,52.43862],[13.31146,52.43758],[13.30936,52.43892],[13.30373,52.43661],[13.30739,52.43331],[13.31356,52.43563],[13.31567,52.43784],[13.31609,52.43895]]]},"properties":{"UWB":"06401","UWB3":"401","BWB":"064A","BWB3":"4A","AWK":"0604","BEZ":"06","BWK":"79"}},
{"type":"Feature","geometry":{"type":"Polygon","coordinates":[[[13.31678,52.42579],[13.31941,52.42646],[13.31912,52.42729],[13.32132,52.42959],[13.3175,52.43079],[13.31225,52.43043],[13.31057,52.42666],[13.31366,52.42676],[13.31435,52.42395],[13.31678,52.42579]]]},"properties":{"UWB":"06402","UWB3":"402","BWB":"064B","BWB3":"4B","AWK":"0604","BEZ":"06","BWK":"79"}},
{"type":"Feature","geometry":{"type":"Polygon","coordinates":[[[13.31678,52.42579],[13.3187,52.42522],[13.32143,52.42533],[13.3237,52.42668],[13.32733,52.42952],[13.31854,52.43256],[13.3175,52.43079],[13.32132,52.42959],[13.31912,52.42729],[13.31941,52.42646],[13.31678,52.42579]]]},"properties":{"UWB":"06403","UWB3":"403","BWB":"064C","BWB3":"4C","AWK":"0604","BEZ":"06","BWK":"79"}},
{"type":"Feature","geometry":{"type":"Polygon","coordinates":[[[13.31379,52.41849],[13.31466,52.41744],[13.31703,52.41704],[13.32,52.41889],[13.32229,52.41874],[13.32468,52.41857],[13.32644,52.42121],[13.32538,52.4221],[13.32349,52.4217],[13.32043,52.42458],[13.31795,52.42271],[13.31379,52.41849]]]},"properties":{"UWB":"06404","UWB3":"404","BWB":"064D","BWB3":"4D","AWK":"0604","BEZ":"06","BWK":"79"}},
{"type":"Feature","geometry":{"type":"Polygon","coordinates":[[[13.32468,52.41857],[13.3275,52.41836],[13.32807,52.41693],[13.32974,52.41753],[13.33137,52.41653],[13.3323,52.41772],[13.3348,52.41724],[13.33824,52.41659],[13.33664,52.41872],[13.33816,52.41911],[13.33532,52.42287],[13.33343,52.42318],[13.33492,52.421],[13.33122,52.42001],[13.32644,52.42121],[13.32468,52.41857]]]},"properties":{"UWB":"06405","UWB3":"405","BWB":"064E","BWB3":"4E","AWK":"0604","BEZ":"06","BWK":"79"}},
{"type":"Feature","geometry":{"type":"Polygon","coordinates":[[[13.3237,52.42668],[13.32574,52.42514],[13.33485,52.4274],[13.33341,52.43],[13.33515,52.43043],[13.33414,52.43183],[13.33194,52.43118],[13.33135,52.43224],[13.33099,52.43199],[13.32733,52.42952],[13.3237,52.42668]]]},"properties":{"UWB":"06406","UWB3":"406","BWB":"064F","BWB3":"4F","AWK":"0604","BEZ":"06","BWK":"79"}},
{"type":"Feature","geometry":{"type":"Polygon","coordinates":[[[13.33485,52.4274],[13.33672,52.4252],[13.33932,52.42633],[13.33801,52.42745],[13.33744,52.42849],[13.34055,52.42995],[13.33924,52.43109],[13.34109,52.43196],[13.33991,52.43294],[13.33515,52.43043],[13.33341,52.43],[13.33485,52.4274]]]},"properties":{"UWB":"06407","UWB3":"407","BWB":"064G","BWB3":"4G","AWK":"0604","BEZ":"06","BWK":"79"}},
{"type":"Feature","geometry":{"type":"Polygon","coordinates":[[[13.33824,52.41659],[13.34367,52.41566],[13.34466,52.41608],[13.34535,52.41908],[13.34263,52.41947],[13.34341,52.42157],[13.34005,52.42173],[13.33928,52.423],[13.33672,52.4252],[13.33506,52.42449],[13.33532,52.42287],[13.33816,52.41911],[13.33664,52.41872],[13.33824,52.41659]]]},"properties":{"UWB":"06408","UWB3":"408","BWB":"064H","BWB3":"4H","AWK":"0604","BEZ":"06","BWK":"79"}},
{"type":"Feature","geometry":{"type":"Polygon","coordinates":[[[13.30299,52.42676],[13.30298,52.42558],[13.29849,52.42194],[13.30275,52.41974],[13.30662,52.42492],[13.30925,52.42654],[13.31087,52.42881],[13.31132,52.4306],[13.3111,52.43067],[13.30867,52.42757],[13.30686,52.42892],[13.30418,52.42663],[13.30299,52.42676]]]},"properties":{"UWB":"06409","UWB3":"409","BWB":"064J","BWB3":"4J","AWK":"0604","BEZ":"06","BWK":"79"}},
{"type":"Feature","geometry":{"type":"Polygon","coordinates":[[[13.31225,52.43043],[13.31132,52.4306],[13.31087,52.42881],[13.30925,52.42654],[13.30662,52.42492],[13.30275,52.41974],[13.30523,52.41786],[13.30688,52.41964],[13.30831,52.41876],[13.31118,52.42],[13.31079,52.42118],[13.31435,52.42395],[13.31366,52.42676],[13.31057,52.42666],[13.31225,52.43043]]]},"properties":{"UWB":"06410","UWB3":"410","BWB":"064K","BWB3":"4K","AWK":"0604","BEZ":"06","BWK":"79"}},
{"type":"Feature","geometry":{"type":"Polygon","coordinates":[[[13.29675,52.41625],[13.29593,52.4145],[13.30115,52.40962],[13.30511,52.41017],[13.30156,52.41373],[13.30381,52.41602],[13.30679,52.41315],[13.30758,52.41346],[13.30892,52.41397],[13.30796,52.41418],[13.3055,52.41646],[13.30523,52.41786],[13.30275,52.41974],[13.30098,52.41813],[13.29675,52.41625]]]},"properties":{"UWB":"06411","UWB3":"411","BWB":"064L","BWB3":"4L","AWK":"0604","BEZ":"06","BWK":"79"}},
{"type":"Feature","geometry":{"type":"Polygon","coordinates":[[[13.30115,52.40962],[13.30524,52.40589],[13.30692,52.40823],[13.30897,52.41215],[13.30758,52.41346],[13.30679,52.41315],[13.30381,52.41602],[13.30156,52.41373],[13.30511,52.41017],[13.30115,52.40962]]]},"properties":{"UWB":"06412","UWB3":"412","BWB":"064M","BWB3":"4M","AWK":"0604","BEZ":"06","BWK":"79"}},
{"type":"Feature","geometry":{"type":"Polygon","coordinates":[[[13.31466,52.41744],[13.31557,52.41656],[13.31298,52.41532],[13.31199,52.41373],[13.31295,52.4124],[13.31782,52.4144],[13.31932,52.41553],[13.31703,52.41704],[13.31466,52.41744]]]},"properties":{"UWB":"06413","UWB3":"413","BWB":"064N","BWB3":"4N","AWK":"0604","BEZ":"06","BWK":"79"}},
{"type":"Feature","geometry":{"type":"Polygon","coordinates":[[[13.31295,52.4124],[13.31389,52.41098],[13.31743,52.4109],[13.32037,52.41197],[13.31782,52.4144],[13.31295,52.4124]]]},"properties":{"UWB":"06414","UWB3":"414","BWB":"064P","BWB3":"4P","AWK":"0604","BEZ":"06","BWK":"79"}},
{"type":"Feature","geometry":{"type":"Polygon","coordinates":[[[13.31379,52.41849],[13.31034,52.41367],[13.30892,52.41397],[13.30758,52.41346],[13.30897,52.41215],[13.30692,52.40823],[13.30524,52.40589],[13.31206,52.3991],[13.31381,52.40045],[13.31899,52.40259],[13.32721,52.40569],[13.32211,52.41037],[13.32742,52.41072],[13.32728,52.41138],[13.32481,52.41369],[13.32037,52.41197],[13.31743,52.4109],[13.31389,52.41098],[13.31295,52.4124],[13.31199,52.41373],[13.31298,52.41532],[13.31557,52.41656],[13.31466,52.41744],[13.31379,52.41849]]]},"properties":{"UWB":"06415","UWB3":"415","BWB":"064Q","BWB3":"4Q","AWK":"0604","BEZ":"06","BWK":"79"}},
{"type":"Feature","geometry":{"type":"Polygon","coordinates":[[[13.32229,52.41874],[13.32048,52.41707],[13.32212,52.41685],[13.32276,52.41559],[13.32435,52.41621],[13.32976,52.41089],[13.33349,52.41116],[13.33208,52.41266],[13.33406,52.41315],[13.33409,52.41512],[13.3348,52.41724],[13.3323,52.41772],[13.33137,52.41653],[13.32974,52.41753],[13.32807,52.41693],[13.3275,52.41836],[13.32468,52.41857],[13.32229,52.41874]]]},"properties":{"UWB":"06416","UWB3":"416","BWB":"064R","BWB3":"4R","AWK":"0604","BEZ":"06","BWK":"79"}},
{"type":"Feature","geometry":{"type":"Polygon","coordinates":[[[13.32721,52.40569],[13.33567,52.4088],[13.33452,52.41001],[13.33776,52.41056],[13.33758,52.41142],[13.33452,52.41122],[13.33406,52.41315],[13.33208,52.41266],[13.33349,52.41116],[13.32976,52.41089],[13.32435,52.41621],[13.32276,52.41559],[13.32481,52.41369],[13.32728,52.41138],[13.32742,52.41072],[13.32211,52.41037],[13.32721,52.40569]]]},"properties":{"UWB":"06417","UWB3":"417","BWB":"064S","BWB3":"4S","AWK":"0604","BEZ":"06","BWK":"79"}},
{"type":"Feature","geometry":{"type":"Polygon","coordinates":[[[13.32143,52.42533],[13.32043,52.42458],[13.32349,52.4217],[13.32538,52.4221],[13.32644,52.42121],[13.33122,52.42001],[13.33492,52.421],[13.33343,52.42318],[13.32888,52.42418],[13.32656,52.42385],[13.32574,52.42514],[13.3237,52.42668],[13.32143,52.42533]]]},"properties":{"UWB":"06418","UWB3":"418","BWB":"064T","BWB3":"4T","AWK":"0604","BEZ":"06","BWK":"79"}},
{"type":"Feature","geometry":{"type":"Polygon","coordinates":[[[13.31567,52.43784],[13.31356,52.43563],[13.30739,52.43331],[13.3111,52.43067],[13.31132,52.4306],[13.31225,52.43043],[13.3175,52.43079],[13.31854,52.43256],[13.31942,52.43347],[13.31641,52.43447],[13.31963,52.4371],[13.31567,52.43784]]]},"properties":{"UWB":"06419","UWB3":"419","BWB":"064U","BWB3":"4U","AWK":"0604","BEZ":"06","BWK":"79"}},
{"type":"Feature","geometry":{"type":"Polygon","coordinates":[[[13.31703,52.41704],[13.31932,52.41553],[13.31782,52.4144],[13.32037,52.41197],[13.32481,52.41369],[13.32276,52.41559],[13.32212,52.41685],[13.32048,52.41707],[13.32229,52.41874],[13.32,52.41889],[13.31703,52.41704]]]},"properties":{"UWB":"06420","UWB3":"420","BWB":"064V","BWB3":"4V","AWK":"0604","BEZ":"06","BWK":"79"}},
{"type":"Feature","geometry":{"type":"Polygon","coordinates":[[[13.31435,52.42395],[13.31079,52.42118],[13.31118,52.42],[13.30831,52.41876],[13.30688,52.41964],[13.30523,52.41786],[13.3055,52.41646],[13.30796,52.41418],[13.30892,52.41397],[13.31034,52.41367],[13.31379,52.41849],[13.31795,52.42271],[13.32043,52.42458],[13.32143,52.42533],[13.3187,52.42522],[13.31678,52.42579],[13.31435,52.42395]]]},"properties":{"UWB":"06421","UWB3":"421","BWB":"064W","BWB3":"4W","AWK":"0604","BEZ":"06","BWK":"79"}},
{"type":"Feature","geometry":{"type":"Polygon","coordinates":[[[13.33532,52.42287],[13.33506,52.42449],[13.33672,52.4252],[13.33485,52.4274],[13.32574,52.42514],[13.32656,52.42385],[13.32888,52.42418],[13.33343,52.42318],[13.33532,52.42287]]]},"properties":{"UWB":"06422","UWB3":"422","BWB":"064X","BWB3":"4X","AWK":"0604","BEZ":"06","BWK":"79"}},
{"type":"Feature","geometry":{"type":"Polygon","coordinates":[[[13.3348,52.41724],[13.33409,52.41512],[13.33406,52.41315],[13.33452,52.41122],[13.33758,52.41142],[13.33776,52.41056],[13.33452,52.41001],[13.33567,52.4088],[13.34334,52.41172],[13.34295,52.41177],[13.34274,52.41416],[13.34547,52.41525],[13.34367,52.41566],[13.33824,52.41659],[13.3348,52.41724]]]},"properties":{"UWB":"06423","UWB3":"423","BWB":"064Y","BWB3":"4Y","AWK":"0604","BEZ":"06","BWK":"79"}},
{"type":"Feature","geometry":{"type":"Polygon","coordinates":[[[13.33042,52.44517],[13.33044,52.44514],[13.33208,52.44242],[13.33769,52.44381],[13.34013,52.44028],[13.33744,52.43959],[13.33824,52.43842],[13.3391,52.43715],[13.34013,52.43619],[13.34306,52.43725],[13.34457,52.43559],[13.34576,52.43628],[13.34316,52.4397],[13.34057,52.44362],[13.33708,52.44499],[13.33713,52.44551],[13.33667,52.44553],[13.33451,52.4456],[13.33042,52.44517]]]},"properties":{"UWB":"06501","UWB3":"501","BWB":"065A","BWB3":"5A","AWK":"0605","BEZ":"06","BWK":"79"}},
{"type":"Feature","geometry":{"type":"Polygon","coordinates":[[[13.34939,52.44416],[13.34467,52.44506],[13.34009,52.44539],[13.33713,52.44551],[13.33708,52.44499],[13.34057,52.44362],[13.34316,52.4397],[13.34576,52.43628],[13.34837,52.4379],[13.34718,52.43933],[13.34869,52.44025],[13.34741,52.44203],[13.34954,52.44404],[13.34939,52.44416]]]},"properties":{"UWB":"06502","UWB3":"502","BWB":"065B","BWB3":"5B","AWK":"0605","BEZ":"06","BWK":"79"}},
{"type":"Feature","geometry":{"type":"Polygon","coordinates":[[[13.34954,52.44404],[13.34741,52.44203],[13.34869,52.44025],[13.34718,52.43933],[13.34837,52.4379],[13.35149,52.44018],[13.35419,52.43845],[13.35886,52.43718],[13.35996,52.43954],[13.36025,52.44226],[13.36089,52.44309],[13.36192,52.44361],[13.36219,52.44376],[13.36261,52.44402],[13.3626,52.44404],[13.36263,52.44405],[13.36268,52.44408],[13.36267,52.4441],[13.36249,52.44446],[13.36238,52.44457],[13.3589,52.44314],[13.35593,52.44298],[13.35408,52.4433],[13.34954,52.44404]]]},"properties":{"UWB":"06503","UWB3":"503","BWB":"065C","BWB3":"5C","AWK":"0605","BEZ":"06","BWK":"79"}},
{"type":"Feature","geometry":{"type":"Polygon","coordinates":[[[13.33135,52.43224],[13.33203,52.43281],[13.33028,52.434],[13.32902,52.43604],[13.32748,52.43873],[13.32547,52.43682],[13.32336,52.43757],[13.32231,52.4365],[13.31963,52.4371],[13.31641,52.43447],[13.31942,52.43347],[13.32157,52.43571],[13.32915,52.433],[13.33099,52.43199],[13.33135,52.43224]]]},"properties":{"UWB":"06504","UWB3":"504","BWB":"065D","BWB3":"5D","AWK":"0605","BEZ":"06","BWK":"79"}},
{"type":"Feature","geometry":{"type":"Polygon","coordinates":[[[13.33824,52.43842],[13.33461,52.43748],[13.3326,52.44032],[13.3302,52.4397],[13.33222,52.43687],[13.32902,52.43604],[13.33028,52.434],[13.33203,52.43281],[13.3347,52.43407],[13.3391,52.43715],[13.33824,52.43842]]]},"properties":{"UWB":"06505","UWB3":"505","BWB":"065E","BWB3":"5E","AWK":"0605","BEZ":"06","BWK":"79"}},
{"type":"Feature","geometry":{"type":"Polygon","coordinates":[[[13.33515,52.43043],[13.33991,52.43294],[13.33997,52.43451],[13.34126,52.43534],[13.34013,52.43619],[13.3391,52.43715],[13.3347,52.43407],[13.33203,52.43281],[13.33135,52.43224],[13.33194,52.43118],[13.33414,52.43183],[13.33515,52.43043]]]},"properties":{"UWB":"06506","UWB3":"506","BWB":"065F","BWB3":"5F","AWK":"0605","BEZ":"06","BWK":"79"}},
{"type":"Feature","geometry":{"type":"Polygon","coordinates":[[[13.34576,52.43628],[13.34842,52.43497],[13.35043,52.43639],[13.35205,52.43591],[13.35419,52.43845],[13.35149,52.44018],[13.34837,52.4379],[13.34576,52.43628]]]},"properties":{"UWB":"06507","UWB3":"507","BWB":"065G","BWB3":"5G","AWK":"0605","BEZ":"06","BWK":"79"}},
{"type":"Feature","geometry":{"type":"Polygon","coordinates":[[[13.35419,52.43845],[13.35205,52.43591],[13.35043,52.43639],[13.34842,52.43497],[13.35011,52.43423],[13.35301,52.43336],[13.3586,52.43412],[13.35823,52.43564],[13.35886,52.43718],[13.35419,52.43845]]]},"properties":{"UWB":"06508","UWB3":"508","BWB":"065H","BWB3":"5H","AWK":"0605","BEZ":"06","BWK":"79"}},
{"type":"Feature","geometry":{"type":"Polygon","coordinates":[[[13.35886,52.43718],[13.35823,52.43564],[13.3586,52.43412],[13.36198,52.43458],[13.36256,52.4366],[13.36234,52.43862],[13.36489,52.44042],[13.36268,52.44408],[13.36263,52.44405],[13.3626,52.44404],[13.36261,52.44402],[13.36219,52.44376],[13.36192,52.44361],[13.36089,52.44309],[13.36025,52.44226],[13.35996,52.43954],[13.35886,52.43718]]]},"properties":{"UWB":"06509","UWB3":"509","BWB":"065J","BWB3":"5J","AWK":"0605","BEZ":"06","BWK":"79"}},
{"type":"Feature","geometry":{"type":"Polygon","coordinates":[[[13.36612,52.43022],[13.36321,52.43003],[13.36268,52.42827],[13.3614,52.42631],[13.36165,52.42547],[13.36305,52.42452],[13.36536,52.42399],[13.36537,52.42401],[13.36791,52.42761],[13.36975,52.42816],[13.37109,52.42877],[13.36978,52.42968],[13.36612,52.43022]]]},"properties":{"UWB":"06510","UWB3":"510","BWB":"065K","BWB3":"5K","AWK":"0605","BEZ":"06","BWK":"79"}},
{"type":"Feature","geometry":{"type":"Polygon","coordinates":[[[13.32733,52.42952],[13.33099,52.43199],[13.32915,52.433],[13.32157,52.43571],[13.31942,52.43347],[13.31854,52.43256],[13.32733,52.42952]]]},"properties":{"UWB":"06511","UWB3":"511","BWB":"065L","BWB3":"5L","AWK":"0605","BEZ":"06","BWK":"79"}},
{"type":"Feature","geometry":{"type":"Polygon","coordinates":[[[13.33801,52.42745],[13.34547,52.43068],[13.34652,52.43088],[13.34634,52.43193],[13.34347,52.43095],[13.34109,52.43196],[13.33924,52.43109],[13.34055,52.42995],[13.33744,52.42849],[13.33801,52.42745]]]},"properties":{"UWB":"06512","UWB3":"512","BWB":"065M","BWB3":"5M","AWK":"0605","BEZ":"06","BWK":"79"}},
{"type":"Feature","geometry":{"type":"Polygon","coordinates":[[[13.33932,52.42633],[13.34135,52.42701],[13.3429,52.4256],[13.34733,52.42651],[13.34697,52.42843],[13.34652,52.43088],[13.34547,52.43068],[13.33801,52.42745],[13.33932,52.42633]]]},"properties":{"UWB":"06513","UWB3":"513","BWB":"065N","BWB3":"5N","AWK":"0605","BEZ":"06","BWK":"79"}},
{"type":"Feature","geometry":{"type":"Polygon","coordinates":[[[13.34367,52.41566],[13.34547,52.41525],[13.35263,52.41769],[13.35264,52.41769],[13.35272,52.41772],[13.35476,52.41836],[13.35479,52.41837],[13.35103,52.42332],[13.34898,52.42234],[13.34341,52.42157],[13.34263,52.41947],[13.34535,52.41908],[13.34466,52.41608],[13.34367,52.41566]]]},"properties":{"UWB":"06514","UWB3":"514","BWB":"065P","BWB3":"5P","AWK":"0605","BEZ":"06","BWK":"79"}},
{"type":"Feature","geometry":{"type":"Polygon","coordinates":[[[13.36165,52.42547],[13.35673,52.42458],[13.35103,52.42332],[13.35479,52.41837],[13.35483,52.41838],[13.35912,52.4199],[13.35914,52.41991],[13.35927,52.41994],[13.36074,52.4207],[13.3632,52.42141],[13.3641,52.42224],[13.36412,52.42227],[13.36535,52.42399],[13.36536,52.42399],[13.36305,52.42452],[13.36165,52.42547]]]},"properties":{"UWB":"06515","UWB3":"515","BWB":"065Q","BWB3":"5Q","AWK":"0605","BEZ":"06","BWK":"79"}},
{"type":"Feature","geometry":{"type":"Polygon","coordinates":[[[13.36268,52.42827],[13.35807,52.42936],[13.35851,52.43137],[13.35571,52.4309],[13.35601,52.42933],[13.35465,52.42914],[13.35364,52.42745],[13.35522,52.42766],[13.35673,52.42458],[13.36165,52.42547],[13.3614,52.42631],[13.36268,52.42827]]]},"properties":{"UWB":"06516","UWB3":"516","BWB":"065R","BWB3":"5R","AWK":"0605","BEZ":"06","BWK":"79"}},
{"type":"Feature","geometry":{"type":"Polygon","coordinates":[[[13.35011,52.43423],[13.34904,52.43333],[13.34634,52.43193],[13.34652,52.43088],[13.34697,52.42843],[13.34879,52.42852],[13.35364,52.42745],[13.35465,52.42914],[13.35301,52.43336],[13.35011,52.43423]]]},"properties":{"UWB":"06517","UWB3":"517","BWB":"065S","BWB3":"5S","AWK":"0605","BEZ":"06","BWK":"79"}},
{"type":"Feature","geometry":{"type":"Polygon","coordinates":[[[13.36198,52.43458],[13.36234,52.43358],[13.3591,52.43297],[13.35861,52.43188],[13.36236,52.43079],[13.36291,52.43182],[13.36661,52.43146],[13.36612,52.43022],[13.36978,52.42968],[13.37109,52.42877],[13.37115,52.4288],[13.37155,52.42919],[13.36489,52.44042],[13.36234,52.43862],[13.36256,52.4366],[13.36198,52.43458]]]},"properties":{"UWB":"06518","UWB3":"518","BWB":"065T","BWB3":"5T","AWK":"0605","BEZ":"06","BWK":"79"}},
{"type":"Feature","geometry":{"type":"Polygon","coordinates":[[[13.31963,52.4371],[13.32231,52.4365],[13.32336,52.43757],[13.32547,52.43682],[13.32748,52.43873],[13.32902,52.43604],[13.33222,52.43687],[13.3302,52.4397],[13.3326,52.44032],[13.33208,52.44242],[13.33044,52.44514],[13.32661,52.44389],[13.323,52.44089],[13.31963,52.4371]]]},"properties":{"UWB":"06519","UWB3":"519","BWB":"065U","BWB3":"5U","AWK":"0605","BEZ":"06","BWK":"79"}},
{"type":"Feature","geometry":{"type":"Polygon","coordinates":[[[13.33208,52.44242],[13.3326,52.44032],[13.33461,52.43748],[13.33824,52.43842],[13.33744,52.43959],[13.34013,52.44028],[13.33769,52.44381],[13.33208,52.44242]]]},"properties":{"UWB":"06520","UWB3":"520","BWB":"065V","BWB3":"5V","AWK":"0605","BEZ":"06","BWK":"79"}},
{"type":"Feature","geometry":{"type":"Polygon","coordinates":[[[13.33672,52.4252],[13.33928,52.423],[13.34005,52.42173],[13.34341,52.42157],[13.34898,52.42234],[13.35103,52.42332],[13.35673,52.42458],[13.35522,52.42766],[13.35364,52.42745],[13.34879,52.42852],[13.34697,52.42843],[13.34733,52.42651],[13.3429,52.4256],[13.34135,52.42701],[13.33932,52.42633],[13.33672,52.4252]]]},"properties":{"UWB":"06521","UWB3":"521","BWB":"065W","BWB3":"5W","AWK":"0605","BEZ":"06","BWK":"79"}},
{"type":"Feature","geometry":{"type":"Polygon","coordinates":[[[13.34013,52.43619],[13.34126,52.43534],[13.34378,52.43346],[13.3461,52.43467],[13.3467,52.43349],[13.34904,52.43333],[13.35011,52.43423],[13.34842,52.43497],[13.34576,52.43628],[13.34457,52.43559],[13.34306,52.43725],[13.34013,52.43619]]]},"properties":{"UWB":"06522","UWB3":"522","BWB":"065X","BWB3":"5X","AWK":"0605","BEZ":"06","BWK":"79"}},
{"type":"Feature","geometry":{"type":"Polygon","coordinates":[[[13.34109,52.43196],[13.34347,52.43095],[13.34634,52.43193],[13.34904,52.43333],[13.3467,52.43349],[13.3461,52.43467],[13.34378,52.43346],[13.34126,52.43534],[13.33997,52.43451],[13.33991,52.43294],[13.34109,52.43196]]]},"properties":{"UWB":"06523","UWB3":"523","BWB":"065Y","BWB3":"5Y","AWK":"0605","BEZ":"06","BWK":"79"}},
{"type":"Feature","geometry":{"type":"Polygon","coordinates":[[[13.35301,52.43336],[13.35465,52.42914],[13.35601,52.42933],[13.35571,52.4309],[13.35851,52.43137],[13.35861,52.43188],[13.3591,52.43297],[13.36234,52.43358],[13.36198,52.43458],[13.3586,52.43412],[13.35301,52.43336]]]},"properties":{"UWB":"06524","UWB3":"524","BWB":"065Z","BWB3":"5Z","AWK":"0605","BEZ":"06","BWK":"79"}},
{"type":"Feature","geometry":{"type":"Polygon","coordinates":[[[13.36612,52.43022],[13.36661,52.43146],[13.36291,52.43182],[13.36236,52.43079],[13.35861,52.43188],[13.35851,52.43137],[13.35807,52.42936],[13.36268,52.42827],[13.36321,52.43003],[13.36612,52.43022]]]},"properties":{"UWB":"06525","UWB3":"525","BWB":"065AA","BWB3":"5AA","AWK":"0605","BEZ":"06","BWK":"79"}},
{"type":"Feature","geometry":{"type":"Polygon","coordinates":[[[13.24632,52.4476],[13.24,52.45096],[13.23914,52.4517],[13.23297,52.44827],[13.23126,52.44666],[13.23761,52.44404],[13.24013,52.44274],[13.24252,52.445],[13.24632,52.4476]]]},"properties":{"UWB":"06601","UWB3":"601","BWB":"066A","BWB3":"6A","AWK":"0606","BEZ":"06","BWK":"79"}},
{"type":"Feature","geometry":{"type":"Polygon","coordinates":[[[13.24632,52.4476],[13.24795,52.44852],[13.25113,52.45003],[13.25036,52.45365],[13.24281,52.45264],[13.23914,52.4517],[13.24,52.45096],[13.24632,52.4476]]]},"properties":{"UWB":"06602","UWB3":"602","BWB":"066B","BWB3":"6B","AWK":"0606","BEZ":"06","BWK":"79"}},
{"type":"Feature","geometry":{"type":"Polygon","coordinates":[[[13.24013,52.44274],[13.24234,52.44163],[13.24387,52.44087],[13.24811,52.44277],[13.24881,52.44112],[13.2516,52.44135],[13.25522,52.44062],[13.26168,52.44172],[13.26544,52.4422],[13.26589,52.44271],[13.26435,52.44418],[13.26133,52.44323],[13.26056,52.44449],[13.25638,52.44829],[13.25539,52.44789],[13.25716,52.44599],[13.25375,52.44493],[13.25397,52.44368],[13.24795,52.44852],[13.24632,52.4476],[13.24252,52.445],[13.24013,52.44274]]]},"properties":{"UWB":"06603","UWB3":"603","BWB":"066C","BWB3":"6C","AWK":"0606","BEZ":"06","BWK":"79"}},
{"type":"Feature","geometry":{"type":"Polygon","coordinates":[[[13.23833,52.46917],[13.23714,52.46844],[13.21886,52.45405],[13.21812,52.45314],[13.22754,52.44859],[13.22852,52.44785],[13.22882,52.44768],[13.22892,52.44762],[13.23126,52.44666],[13.23297,52.44827],[13.23914,52.4517],[13.24281,52.45264],[13.25036,52.45365],[13.25207,52.45269],[13.25819,52.45412],[13.26141,52.45153],[13.26851,52.45109],[13.26827,52.45186],[13.26577,52.45202],[13.26387,52.45403],[13.26689,52.45544],[13.26408,52.45707],[13.26223,52.45868],[13.26191,52.46156],[13.26111,52.46263],[13.25812,52.46441],[13.25263,52.46674],[13.23833,52.46917]]]},"properties":{"UWB":"06604","UWB3":"604","BWB":"066D","BWB3":"6D","AWK":"0606","BEZ":"06","BWK":"79"}},
{"type":"Feature","geometry":{"type":"Polygon","coordinates":[[[13.26689,52.45544],[13.2694,52.45415],[13.27223,52.45351],[13.27282,52.45449],[13.27488,52.46046],[13.27421,52.46051],[13.26408,52.45707],[13.26689,52.45544]]]},"properties":{"UWB":"06605","UWB3":"605","BWB":"066E","BWB3":"6E","AWK":"0606","BEZ":"06","BWK":"79"}},
{"type":"Feature","geometry":{"type":"Polygon","coordinates":[[[13.25263,52.46674],[13.25812,52.46441],[13.26111,52.46263],[13.26191,52.46156],[13.26223,52.45868],[13.26408,52.45707],[13.27421,52.46051],[13.27488,52.46046],[13.28105,52.45922],[13.2833,52.45877],[13.28482,52.46037],[13.28598,52.46324],[13.28561,52.46479],[13.28765,52.46535],[13.28302,52.46921],[13.27833,52.46864],[13.27246,52.46796],[13.26427,52.467],[13.26162,52.46777],[13.25909,52.4665],[13.25263,52.46674]]]},"properties":{"UWB":"06606","UWB3":"606","BWB":"066F","BWB3":"6F","AWK":"0606","BEZ":"06","BWK":"79"}},
{"type":"Feature","geometry":{"type":"Polygon","coordinates":[[[13.27282,52.45449],[13.27791,52.45387],[13.27793,52.45226],[13.27673,52.45052],[13.27932,52.44986],[13.28124,52.45061],[13.28271,52.44943],[13.28146,52.44838],[13.28446,52.44657],[13.28611,52.44964],[13.28929,52.44768],[13.29221,52.44888],[13.29302,52.45025],[13.29174,52.45141],[13.2942,52.45253],[13.2902,52.45615],[13.2895,52.45678],[13.28609,52.4531],[13.28503,52.45476],[13.2825,52.45609],[13.28074,52.45768],[13.28105,52.45922],[13.27488,52.46046],[13.27282,52.45449]]]},"properties":{"UWB":"06607","UWB3":"607","BWB":"066G","BWB3":"6G","AWK":"0606","BEZ":"06","BWK":"79"}},
{"type":"Feature","geometry":{"type":"Polygon","coordinates":[[[13.26141,52.45153],[13.26243,52.45053],[13.26316,52.44925],[13.26726,52.44599],[13.26783,52.44586],[13.2707,52.45091],[13.27673,52.45052],[13.27793,52.45226],[13.27791,52.45387],[13.27282,52.45449],[13.27223,52.45351],[13.2694,52.45415],[13.26689,52.45544],[13.26387,52.45403],[13.26577,52.45202],[13.26827,52.45186],[13.26851,52.45109],[13.26141,52.45153]]]},"properties":{"UWB":"06608","UWB3":"608","BWB":"066H","BWB3":"6H","AWK":"0606","BEZ":"06","BWK":"79"}},
{"type":"Feature","geometry":{"type":"Polygon","coordinates":[[[13.29316,52.44647],[13.29082,52.44635],[13.28929,52.44768],[13.28611,52.44964],[13.28446,52.44657],[13.28146,52.44838],[13.28271,52.44943],[13.28124,52.45061],[13.27932,52.44986],[13.27634,52.44831],[13.27923,52.44704],[13.27757,52.44491],[13.27891,52.44465],[13.27792,52.44207],[13.28154,52.44148],[13.28306,52.44195],[13.29352,52.44589],[13.29316,52.44647]]]},"properties":{"UWB":"06609","UWB3":"609","BWB":"066J","BWB3":"6J","AWK":"0606","BEZ":"06","BWK":"79"}},
{"type":"Feature","geometry":{"type":"Polygon","coordinates":[[[13.29951,52.46398],[13.29664,52.46269],[13.29536,52.46375],[13.29345,52.46294],[13.29228,52.46169],[13.29057,52.45805],[13.29393,52.4579],[13.2902,52.45615],[13.2942,52.45253],[13.29174,52.45141],[13.29302,52.45025],[13.29221,52.44888],[13.28929,52.44768],[13.29082,52.44635],[13.29316,52.44647],[13.29519,52.45012],[13.29715,52.45217],[13.3042,52.45874],[13.30435,52.45996],[13.29951,52.46398]]]},"properties":{"UWB":"06610","UWB3":"610","BWB":"066K","BWB3":"6K","AWK":"0606","BEZ":"06","BWK":"79"}},
{"type":"Feature","geometry":{"type":"Polygon","coordinates":[[[13.24234,52.44163],[13.24013,52.44074],[13.23751,52.43825],[13.24111,52.43898],[13.24307,52.43977],[13.24672,52.43638],[13.24948,52.43625],[13.24859,52.43707],[13.25074,52.43795],[13.25228,52.43775],[13.2516,52.44135],[13.24881,52.44112],[13.24811,52.44277],[13.24387,52.44087],[13.24234,52.44163]]]},"properties":{"UWB":"06611","UWB3":"611","BWB":"066L","BWB3":"6L","AWK":"0606","BEZ":"06","BWK":"79"}},
{"type":"Feature","geometry":{"type":"Polygon","coordinates":[[[13.2516,52.44135],[13.25228,52.43775],[13.25074,52.43795],[13.24859,52.43707],[13.24948,52.43625],[13.25077,52.43496],[13.25605,52.43574],[13.26046,52.43507],[13.2629,52.4392],[13.26168,52.44172],[13.25522,52.44062],[13.2516,52.44135]]]},"properties":{"UWB":"06612","UWB3":"612","BWB":"066M","BWB3":"6M","AWK":"0606","BEZ":"06","BWK":"79"}},
{"type":"Feature","geometry":{"type":"Polygon","coordinates":[[[13.26589,52.44271],[13.26783,52.44586],[13.26726,52.44599],[13.26316,52.44925],[13.26243,52.45053],[13.25505,52.44976],[13.25638,52.44829],[13.26056,52.44449],[13.26133,52.44323],[13.26435,52.44418],[13.26589,52.44271]]]},"properties":{"UWB":"06613","UWB3":"613","BWB":"066N","BWB3":"6N","AWK":"0606","BEZ":"06","BWK":"79"}},
{"type":"Feature","geometry":{"type":"Polygon","coordinates":[[[13.26544,52.4422],[13.27016,52.44235],[13.27212,52.44233],[13.2723,52.44121],[13.27708,52.44161],[13.27792,52.44207],[13.27891,52.44465],[13.27757,52.44491],[13.27923,52.44704],[13.27634,52.44831],[13.27932,52.44986],[13.27673,52.45052],[13.2707,52.45091],[13.26783,52.44586],[13.26589,52.44271],[13.26544,52.4422]]]},"properties":{"UWB":"06614","UWB3":"614","BWB":"066P","BWB3":"6P","AWK":"0606","BEZ":"06","BWK":"79"}},
{"type":"Feature","geometry":{"type":"Polygon","coordinates":[[[13.28306,52.44195],[13.28154,52.44148],[13.27607,52.43979],[13.27693,52.43879],[13.27281,52.43684],[13.27335,52.43625],[13.2736,52.43602],[13.28194,52.43888],[13.28306,52.44195]]]},"properties":{"UWB":"06615","UWB3":"615","BWB":"066Q","BWB3":"6Q","AWK":"0606","BEZ":"06","BWK":"79"}},
{"type":"Feature","geometry":{"type":"Polygon","coordinates":[[[13.28194,52.43888],[13.2736,52.43602],[13.2736,52.43601],[13.27769,52.4319],[13.27701,52.43023],[13.27865,52.42994],[13.28037,52.43367],[13.28094,52.4356],[13.28194,52.43888]]]},"properties":{"UWB":"06616","UWB3":"616","BWB":"066R","BWB3":"6R","AWK":"0606","BEZ":"06","BWK":"79"}},
{"type":"Feature","geometry":{"type":"Polygon","coordinates":[[[13.26168,52.44172],[13.2629,52.4392],[13.26943,52.43778],[13.27139,52.43834],[13.27019,52.44083],[13.27016,52.44235],[13.26544,52.4422],[13.26168,52.44172]]]},"properties":{"UWB":"06617","UWB3":"617","BWB":"066S","BWB3":"6S","AWK":"0606","BEZ":"06","BWK":"79"}},
{"type":"Feature","geometry":{"type":"Polygon","coordinates":[[[13.27701,52.43023],[13.27769,52.4319],[13.2736,52.43601],[13.27102,52.4351],[13.27235,52.43344],[13.26955,52.43358],[13.26934,52.43073],[13.27337,52.43083],[13.27701,52.43023]]]},"properties":{"UWB":"06618","UWB3":"618","BWB":"066T","BWB3":"6T","AWK":"0606","BEZ":"06","BWK":"79"}},
{"type":"Feature","geometry":{"type":"Polygon","coordinates":[[[13.25586,52.42442],[13.25772,52.42475],[13.25674,52.42656],[13.26028,52.42726],[13.25987,52.42924],[13.26348,52.43049],[13.26648,52.43065],[13.26475,52.43324],[13.26069,52.43173],[13.25888,52.43185],[13.25956,52.43317],[13.25729,52.43369],[13.25623,52.43271],[13.25769,52.43034],[13.25432,52.42896],[13.255,52.42773],[13.25281,52.42572],[13.25361,52.42405],[13.25586,52.42442]]]},"properties":{"UWB":"06619","UWB3":"619","BWB":"066U","BWB3":"6U","AWK":"0606","BEZ":"06","BWK":"79"}},
{"type":"Feature","geometry":{"type":"Polygon","coordinates":[[[13.26934,52.43073],[13.26955,52.43358],[13.27235,52.43344],[13.27102,52.4351],[13.2736,52.43601],[13.2736,52.43602],[13.27335,52.43625],[13.2688,52.43465],[13.26711,52.43639],[13.26228,52.43487],[13.26046,52.43507],[13.25956,52.43317],[13.25888,52.43185],[13.26069,52.43173],[13.26475,52.43324],[13.26648,52.43065],[13.26934,52.43073]]]},"properties":{"UWB":"06620","UWB3":"620","BWB":"066V","BWB3":"6V","AWK":"0606","BEZ":"06","BWK":"79"}},
{"type":"Feature","geometry":{"type":"Polygon","coordinates":[[[13.26046,52.43507],[13.26228,52.43487],[13.26711,52.43639],[13.2688,52.43465],[13.27335,52.43625],[13.27281,52.43684],[13.27139,52.43834],[13.26943,52.43778],[13.2629,52.4392],[13.26046,52.43507]]]},"properties":{"UWB":"06621","UWB3":"621","BWB":"066W","BWB3":"6W","AWK":"0606","BEZ":"06","BWK":"79"}},
{"type":"Feature","geometry":{"type":"Polygon","coordinates":[[[13.24795,52.44852],[13.25397,52.44368],[13.25375,52.44493],[13.25716,52.44599],[13.25539,52.44789],[13.25638,52.44829],[13.25505,52.44976],[13.25207,52.45269],[13.25036,52.45365],[13.25113,52.45003],[13.24795,52.44852]]]},"properties":{"UWB":"06622","UWB3":"622","BWB":"066X","BWB3":"6X","AWK":"0606","BEZ":"06","BWK":"79"}},
{"type":"Feature","geometry":{"type":"Polygon","coordinates":[[[13.25207,52.45269],[13.25505,52.44976],[13.26243,52.45053],[13.26141,52.45153],[13.25819,52.45412],[13.25207,52.45269]]]},"properties":{"UWB":"06623","UWB3":"623","BWB":"066Y","BWB3":"6Y","AWK":"0606","BEZ":"06","BWK":"79"}},
{"type":"Feature","geometry":{"type":"Polygon","coordinates":[[[13.27792,52.44207],[13.27708,52.44161],[13.2723,52.44121],[13.27212,52.44233],[13.27016,52.44235],[13.27019,52.44083],[13.27139,52.43834],[13.27281,52.43684],[13.27693,52.43879],[13.27607,52.43979],[13.28154,52.44148],[13.27792,52.44207]]]},"properties":{"UWB":"06624","UWB3":"624","BWB":"066Z","BWB3":"6Z","AWK":"0606","BEZ":"06","BWK":"79"}},
{"type":"Feature","geometry":{"type":"Polygon","coordinates":[[[13.28302,52.46921],[13.28765,52.46535],[13.28561,52.46479],[13.28598,52.46324],[13.28482,52.46037],[13.2833,52.45877],[13.28105,52.45922],[13.28074,52.45768],[13.2825,52.45609],[13.28503,52.45476],[13.28609,52.4531],[13.2895,52.45678],[13.2902,52.45615],[13.29393,52.4579],[13.29057,52.45805],[13.29228,52.46169],[13.29345,52.46294],[13.29536,52.46375],[13.29664,52.46269],[13.29951,52.46398],[13.29234,52.46992],[13.28908,52.47053],[13.28584,52.46983],[13.28302,52.46921]]]},"properties":{"UWB":"06625","UWB3":"625","BWB":"066AA","BWB3":"6AA","AWK":"0606","BEZ":"06","BWK":"79"}},
{"type":"Feature","geometry":{"type":"Polygon","coordinates":[[[13.15771,52.41587],[13.15643,52.4192],[13.15305,52.41883],[13.14783,52.41829],[13.14688,52.41665],[13.14401,52.414],[13.1413,52.41265],[13.13602,52.41146],[13.13976,52.41139],[13.14222,52.41192],[13.14372,52.41071],[13.1466,52.41117],[13.14868,52.41272],[13.1501,52.41277],[13.15304,52.41179],[13.15446,52.4131],[13.15447,52.41468],[13.15771,52.41587]]]},"properties":{"UWB":"06701","UWB3":"701","BWB":"067A","BWB3":"7A","AWK":"0607","BEZ":"06","BWK":"79"}},
{"type":"Feature","geometry":{"type":"Polygon","coordinates":[[[13.13602,52.41146],[13.13605,52.40949],[13.13895,52.41063],[13.13777,52.40835],[13.1381,52.40762],[13.14179,52.40495],[13.14161,52.40317],[13.14005,52.40193],[13.14023,52.40061],[13.13697,52.40061],[13.13495,52.39859],[13.13571,52.39617],[13.13822,52.3957],[13.13449,52.39368],[13.13174,52.3918],[13.12729,52.39161],[13.12673,52.38958],[13.13075,52.38738],[13.13318,52.3873],[13.13287,52.38874],[13.13037,52.39037],[13.1347,52.39356],[13.14182,52.3971],[13.14574,52.3955],[13.15328,52.39484],[13.15886,52.39394],[13.16876,52.39439],[13.17175,52.39564],[13.17116,52.39782],[13.16874,52.39735],[13.15779,52.39635],[13.15778,52.39722],[13.15938,52.39991],[13.15935,52.40286],[13.18523,52.4115],[13.17491,52.41641],[13.17439,52.41773],[13.17728,52.41944],[13.17528,52.41992],[13.17202,52.42078],[13.17039,52.42042],[13.16597,52.41856],[13.16229,52.41671],[13.15931,52.41649],[13.15771,52.41587],[13.15447,52.41468],[13.15446,52.4131],[13.15304,52.41179],[13.1501,52.41277],[13.14868,52.41272],[13.1466,52.41117],[13.14372,52.41071],[13.14222,52.41192],[13.13976,52.41139],[13.13602,52.41146]]]},"properties":{"UWB":"06702","UWB3":"702","BWB":"067B","BWB3":"7B","AWK":"0607","BEZ":"06","BWK":"79"}},
{"type":"Feature","geometry":{"type":"Polygon","coordinates":[[[13.15773,52.4492],[13.15451,52.4466],[13.14852,52.44337],[13.13609,52.44238],[13.13327,52.44209],[13.12804,52.44096],[13.12411,52.44068],[13.12312,52.43961],[13.12214,52.43788],[13.11721,52.43616],[13.11393,52.43296],[13.11207,52.43231],[13.11278,52.4292],[13.1054,52.42528],[13.10457,52.42398],[13.1016,52.42463],[13.09997,52.42545],[13.0984,52.42489],[13.09772,52.42346],[13.09584,52.42197],[13.08835,52.41963],[13.09021,52.41347],[13.09602,52.41321],[13.10048,52.41391],[13.10419,52.41376],[13.10923,52.41402],[13.12532,52.41552],[13.13674,52.41684],[13.1407,52.4175],[13.14783,52.41829],[13.15305,52.41883],[13.15117,52.42143],[13.15294,52.42459],[13.15784,52.42544],[13.15953,52.42636],[13.16037,52.42434],[13.16186,52.42713],[13.16445,52.42969],[13.165,52.43163],[13.16402,52.43312],[13.16563,52.4339],[13.16556,52.4352],[13.16132,52.43668],[13.15679,52.43951],[13.16484,52.44603],[13.16186,52.45219],[13.15773,52.4492]]]},"properties":{"UWB":"06703","UWB3":"703","BWB":"067C","BWB3":"7C","AWK":"0607","BEZ":"06","BWK":"79"}},
{"type":"Feature","geometry":{"type":"Polygon","coordinates":[[[13.15771,52.41587],[13.15931,52.41649],[13.16229,52.41671],[13.16597,52.41856],[13.17039,52.42042],[13.17202,52.42078],[13.17528,52.41992],[13.17621,52.42081],[13.18043,52.42204],[13.18512,52.42447],[13.18677,52.42626],[13.18497,52.42899],[13.18295,52.42986],[13.1735,52.42816],[13.16484,52.44603],[13.15679,52.43951],[13.16132,52.43668],[13.16556,52.4352],[13.16563,52.4339],[13.16402,52.43312],[13.165,52.43163],[13.16445,52.42969],[13.16186,52.42713],[13.16037,52.42434],[13.16191,52.42066],[13.16162,52.41979],[13.15643,52.4192],[13.15771,52.41587]]]},"properties":{"UWB":"06704","UWB3":"704","BWB":"067D","BWB3":"7D","AWK":"0607","BEZ":"06","BWK":"79"}},
{"type":"Feature","geometry":{"type":"Polygon","coordinates":[[[13.18817,52.47184],[13.18663,52.46654],[13.1853,52.46258],[13.18121,52.45962],[13.17741,52.45591],[13.17084,52.45611],[13.16258,52.4525],[13.16186,52.45219],[13.16484,52.44603],[13.1735,52.42816],[13.18295,52.42986],[13.18497,52.42899],[13.18677,52.42626],[13.18719,52.42604],[13.19196,52.43037],[13.19326,52.43131],[13.19378,52.43174],[13.19731,52.42955],[13.19868,52.43009],[13.19894,52.43419],[13.19893,52.43419],[13.20008,52.43556],[13.20847,52.43879],[13.2138,52.44007],[13.21385,52.44007],[13.21382,52.44013],[13.21374,52.44034],[13.21348,52.44091],[13.21393,52.44095],[13.2138,52.44233],[13.2079,52.44513],[13.21756,52.45284],[13.21812,52.45314],[13.21886,52.45405],[13.23714,52.46844],[13.23833,52.46917],[13.2351,52.46966],[13.23145,52.47075],[13.22378,52.46998],[13.21654,52.47012],[13.21147,52.46944],[13.20509,52.47052],[13.20156,52.46986],[13.20063,52.46904],[13.19809,52.46901],[13.19662,52.47134],[13.19456,52.47098],[13.18817,52.47184]]]},"properties":{"UWB":"06705","UWB3":"705","BWB":"067E","BWB3":"7E","AWK":"0607","BEZ":"06","BWK":"79"}},
{"type":"Feature","geometry":{"type":"Polygon","coordinates":[[[13.21812,52.45314],[13.21756,52.45284],[13.2079,52.44513],[13.2138,52.44233],[13.21393,52.44095],[13.21348,52.44091],[13.21374,52.44034],[13.21382,52.44013],[13.21385,52.44007],[13.21417,52.4401],[13.2166,52.43623],[13.21867,52.43253],[13.22026,52.43172],[13.2246,52.43281],[13.22094,52.44058],[13.22317,52.44038],[13.22385,52.44128],[13.22314,52.44245],[13.22478,52.44347],[13.22685,52.44372],[13.2268,52.44471],[13.2242,52.44558],[13.22461,52.44577],[13.22872,52.44763],[13.22882,52.44768],[13.22852,52.44785],[13.22754,52.44859],[13.21812,52.45314]]]},"properties":{"UWB":"06706","UWB3":"706","BWB":"067F","BWB3":"7F","AWK":"0607","BEZ":"06","BWK":"79"}},
{"type":"Feature","geometry":{"type":"Polygon","coordinates":[[[13.23126,52.44666],[13.22892,52.44762],[13.22882,52.44768],[13.22872,52.44763],[13.22461,52.44577],[13.2242,52.44558],[13.2268,52.44471],[13.22685,52.44372],[13.22478,52.44347],[13.22773,52.44179],[13.22665,52.4393],[13.23168,52.43712],[13.23366,52.43871],[13.23751,52.43825],[13.24013,52.44074],[13.24234,52.44163],[13.24013,52.44274],[13.23761,52.44404],[13.23126,52.44666]]]},"properties":{"UWB":"06707","UWB3":"707","BWB":"067G","BWB3":"7G","AWK":"0607","BEZ":"06","BWK":"79"}},
{"type":"Feature","geometry":{"type":"Polygon","coordinates":[[[13.18523,52.4115],[13.19711,52.41549],[13.19531,52.42348],[13.19684,52.4243],[13.19644,52.42766],[13.19222,52.42927],[13.19196,52.43037],[13.18719,52.42604],[13.18677,52.42626],[13.18512,52.42447],[13.18043,52.42204],[13.17621,52.42081],[13.17528,52.41992],[13.17728,52.41944],[13.17439,52.41773],[13.17491,52.41641],[13.18523,52.4115]]]},"properties":{"UWB":"06708","UWB3":"708","BWB":"067H","BWB3":"7H","AWK":"0607","BEZ":"06","BWK":"79"}},
{"type":"Feature","geometry":{"type":"Polygon","coordinates":[[[13.19196,52.43037],[13.19222,52.42927],[13.19644,52.42766],[13.19684,52.4243],[13.19531,52.42348],[13.19823,52.42342],[13.19961,52.4239],[13.20032,52.42602],[13.2018,52.42727],[13.20365,52.42765],[13.20411,52.42983],[13.20655,52.43051],[13.20744,52.43191],[13.20663,52.43404],[13.19926,52.43409],[13.19894,52.43419],[13.19868,52.43009],[13.19731,52.42955],[13.19378,52.43174],[13.19326,52.43131],[13.19196,52.43037]]]},"properties":{"UWB":"06709","UWB3":"709","BWB":"067J","BWB3":"7J","AWK":"0607","BEZ":"06","BWK":"79"}},
{"type":"Feature","geometry":{"type":"Polygon","coordinates":[[[13.19711,52.41549],[13.19725,52.41553],[13.20955,52.41959],[13.20631,52.4248],[13.20529,52.42437],[13.20362,52.42593],[13.20365,52.42765],[13.2018,52.42727],[13.20032,52.42602],[13.19961,52.4239],[13.19823,52.42342],[13.19531,52.42348],[13.19711,52.41549]]]},"properties":{"UWB":"06710","UWB3":"710","BWB":"067K","BWB3":"7K","AWK":"0607","BEZ":"06","BWK":"79"}},
{"type":"Feature","geometry":{"type":"Polygon","coordinates":[[[13.21867,52.43253],[13.21792,52.43222],[13.22122,52.42894],[13.22997,52.43095],[13.23749,52.43269],[13.23683,52.43316],[13.23364,52.43405],[13.23119,52.43408],[13.2246,52.43281],[13.22026,52.43172],[13.21867,52.43253]]]},"properties":{"UWB":"06711","UWB3":"711","BWB":"067L","BWB3":"7L","AWK":"0607","BEZ":"06","BWK":"79"}},
{"type":"Feature","geometry":{"type":"Polygon","coordinates":[[[13.19725,52.41553],[13.19944,52.41541],[13.20451,52.41583],[13.20949,52.41676],[13.21804,52.4193],[13.22506,52.42108],[13.22484,52.4234],[13.22457,52.42561],[13.22336,52.42706],[13.22076,52.42645],[13.21947,52.42853],[13.21472,52.42743],[13.21057,52.42647],[13.20631,52.4248],[13.20955,52.41959],[13.19725,52.41553]]]},"properties":{"UWB":"06712","UWB3":"712","BWB":"067M","BWB3":"7M","AWK":"0607","BEZ":"06","BWK":"79"}},
{"type":"Feature","geometry":{"type":"Polygon","coordinates":[[[13.19894,52.43419],[13.19926,52.43409],[13.20663,52.43404],[13.21198,52.434],[13.2166,52.43623],[13.21417,52.4401],[13.21385,52.44007],[13.2138,52.44007],[13.20847,52.43879],[13.20008,52.43556],[13.19893,52.43419],[13.19894,52.43419]]]},"properties":{"UWB":"06713","UWB3":"713","BWB":"067N","BWB3":"7N","AWK":"0607","BEZ":"06","BWK":"79"}},
{"type":"Feature","geometry":{"type":"Polygon","coordinates":[[[13.2166,52.43623],[13.21198,52.434],[13.21286,52.43126],[13.21472,52.42743],[13.21947,52.42853],[13.22122,52.42894],[13.21792,52.43222],[13.21867,52.43253],[13.2166,52.43623]]]},"properties":{"UWB":"06714","UWB3":"714","BWB":"067P","BWB3":"7P","AWK":"0607","BEZ":"06","BWK":"79"}},
{"type":"Feature","geometry":{"type":"Polygon","coordinates":[[[13.22997,52.43095],[13.22935,52.42642],[13.22662,52.42652],[13.22457,52.42561],[13.22484,52.4234],[13.22921,52.42478],[13.23095,52.4226],[13.23381,52.42345],[13.23537,52.42338],[13.24027,52.42453],[13.23905,52.42524],[13.24368,52.42637],[13.25012,52.42835],[13.24472,52.43157],[13.24067,52.43342],[13.23749,52.43269],[13.22997,52.43095]]]},"properties":{"UWB":"06715","UWB3":"715","BWB":"067Q","BWB3":"7Q","AWK":"0607","BEZ":"06","BWK":"79"}},
{"type":"Feature","geometry":{"type":"Polygon","coordinates":[[[13.23751,52.43825],[13.23366,52.43871],[13.23168,52.43712],[13.23522,52.43562],[13.23683,52.43316],[13.23749,52.43269],[13.24067,52.43342],[13.25077,52.43496],[13.24948,52.43625],[13.24672,52.43638],[13.24307,52.43977],[13.24111,52.43898],[13.23751,52.43825]]]},"properties":{"UWB":"06716","UWB3":"716","BWB":"067R","BWB3":"7R","AWK":"0607","BEZ":"06","BWK":"79"}},
{"type":"Feature","geometry":{"type":"Polygon","coordinates":[[[13.25077,52.43496],[13.24067,52.43342],[13.24472,52.43157],[13.25012,52.42835],[13.25663,52.43023],[13.25769,52.43034],[13.25623,52.43271],[13.25729,52.43369],[13.25956,52.43317],[13.26046,52.43507],[13.25605,52.43574],[13.25077,52.43496]]]},"properties":{"UWB":"06717","UWB3":"717","BWB":"067S","BWB3":"7S","AWK":"0607","BEZ":"06","BWK":"79"}},
{"type":"Feature","geometry":{"type":"Polygon","coordinates":[[[13.22506,52.42108],[13.22925,52.42052],[13.23314,52.42034],[13.23762,52.42079],[13.24595,52.42117],[13.24554,52.42168],[13.24027,52.42453],[13.23537,52.42338],[13.23381,52.42345],[13.23095,52.4226],[13.22921,52.42478],[13.22484,52.4234],[13.22506,52.42108]]]},"properties":{"UWB":"06718","UWB3":"718","BWB":"067T","BWB3":"7T","AWK":"0607","BEZ":"06","BWK":"79"}},
{"type":"Feature","geometry":{"type":"Polygon","coordinates":[[[13.25281,52.42572],[13.255,52.42773],[13.25432,52.42896],[13.25769,52.43034],[13.25663,52.43023],[13.25012,52.42835],[13.24368,52.42637],[13.24467,52.4238],[13.2485,52.42445],[13.25013,52.42131],[13.25179,52.42419],[13.25281,52.42572]]]},"properties":{"UWB":"06719","UWB3":"719","BWB":"067U","BWB3":"7U","AWK":"0607","BEZ":"06","BWK":"79"}},
{"type":"Feature","geometry":{"type":"Polygon","coordinates":[[[13.14783,52.41829],[13.1407,52.4175],[13.13674,52.41684],[13.12532,52.41552],[13.10923,52.41402],[13.10419,52.41376],[13.10048,52.41391],[13.09602,52.41321],[13.09021,52.41347],[13.09076,52.41156],[13.09739,52.40942],[13.09885,52.41112],[13.09645,52.41309],[13.1003,52.41378],[13.10103,52.41053],[13.10591,52.40955],[13.10713,52.40996],[13.1071,52.41318],[13.10962,52.41294],[13.11013,52.41128],[13.11179,52.41048],[13.11063,52.40944],[13.10655,52.40877],[13.10945,52.40804],[13.10832,52.40725],[13.1111,52.4053],[13.11181,52.40398],[13.11846,52.40128],[13.122,52.39854],[13.12478,52.39687],[13.12692,52.39657],[13.13252,52.39866],[13.13495,52.39859],[13.13697,52.40061],[13.14023,52.40061],[13.14005,52.40193],[13.14161,52.40317],[13.14179,52.40495],[13.1381,52.40762],[13.13777,52.40835],[13.13895,52.41063],[13.13605,52.40949],[13.13602,52.41146],[13.1413,52.41265],[13.14401,52.414],[13.14688,52.41665],[13.14783,52.41829]]]},"properties":{"UWB":"06720","UWB3":"720","BWB":"067V","BWB3":"7V","AWK":"0607","BEZ":"06","BWK":"79"}},
{"type":"Feature","geometry":{"type":"Polygon","coordinates":[[[13.15643,52.4192],[13.16162,52.41979],[13.16191,52.42066],[13.16037,52.42434],[13.15953,52.42636],[13.15784,52.42544],[13.15294,52.42459],[13.15117,52.42143],[13.15305,52.41883],[13.15643,52.4192]]]},"properties":{"UWB":"06721","UWB3":"721","BWB":"067W","BWB3":"7W","AWK":"0607","BEZ":"06","BWK":"79"}},
{"type":"Feature","geometry":{"type":"Polygon","coordinates":[[[13.2246,52.43281],[13.23119,52.43408],[13.23364,52.43405],[13.23683,52.43316],[13.23522,52.43562],[13.23168,52.43712],[13.22665,52.4393],[13.22773,52.44179],[13.22478,52.44347],[13.22314,52.44245],[13.22385,52.44128],[13.22317,52.44038],[13.22094,52.44058],[13.2246,52.43281]]]},"properties":{"UWB":"06722","UWB3":"722","BWB":"067X","BWB3":"7X","AWK":"0607","BEZ":"06","BWK":"79"}},
{"type":"Feature","geometry":{"type":"Polygon","coordinates":[[[13.20365,52.42765],[13.20362,52.42593],[13.20529,52.42437],[13.20631,52.4248],[13.21057,52.42647],[13.21472,52.42743],[13.21286,52.43126],[13.21198,52.434],[13.20663,52.43404],[13.20744,52.43191],[13.20655,52.43051],[13.20411,52.42983],[13.20365,52.42765]]]},"properties":{"UWB":"06723","UWB3":"723","BWB":"067Y","BWB3":"7Y","AWK":"0607","BEZ":"06","BWK":"79"}},
{"type":"Feature","geometry":{"type":"Polygon","coordinates":[[[13.22122,52.42894],[13.21947,52.42853],[13.22076,52.42645],[13.22336,52.42706],[13.22457,52.42561],[13.22662,52.42652],[13.22935,52.42642],[13.22997,52.43095],[13.22122,52.42894]]]},"properties":{"UWB":"06724","UWB3":"724","BWB":"067Z","BWB3":"7Z","AWK":"0607","BEZ":"06","BWK":"79"}},
{"type":"Feature","geometry":{"type":"Polygon","coordinates":[[[13.24913,52.41935],[13.25013,52.42131],[13.2485,52.42445],[13.24467,52.4238],[13.24368,52.42637],[13.23905,52.42524],[13.24027,52.42453],[13.24554,52.42168],[13.24595,52.42117],[13.24744,52.41732],[13.24913,52.41935]]]},"properties":{"UWB":"06725","UWB3":"725","BWB":"067AA","BWB3":"7AA","AWK":"0607","BEZ":"06","BWK":"79"}},
{"type":"Feature","geometry":{"type":"Polygon","coordinates":[[[13.34142,52.50487],[13.33967,52.50325],[13.33951,52.5031],[13.33947,52.50306],[13.33697,52.50069],[13.33892,52.49991],[13.34068,52.50259],[13.3419,52.50212],[13.34634,52.50111],[13.34795,52.50226],[13.34856,52.50253],[13.34889,52.50268],[13.34947,52.50301],[13.34142,52.50487]]]},"properties":{"UWB":"07101","UWB3":"101","BWB":"071A","BWB3":"1A","AWK":"0701","BEZ":"07","BWK":"81"}},
{"type":"Feature","geometry":{"type":"Polygon","coordinates":[[[13.33802,52.49775],[13.33738,52.49591],[13.33901,52.49586],[13.33902,52.49585],[13.33964,52.49757],[13.34173,52.5012],[13.3419,52.50212],[13.34068,52.50259],[13.33892,52.49991],[13.33802,52.49775]]]},"properties":{"UWB":"07102","UWB3":"102","BWB":"071A","BWB3":"1A","AWK":"0701","BEZ":"07","BWK":"81"}},
{"type":"Feature","geometry":{"type":"Polygon","coordinates":[[[13.3419,52.50212],[13.34173,52.5012],[13.33964,52.49757],[13.34182,52.49732],[13.34234,52.49916],[13.34601,52.49882],[13.34634,52.50111],[13.3419,52.50212]]]},"properties":{"UWB":"07103","UWB3":"103","BWB":"071B","BWB3":"1B","AWK":"0701","BEZ":"07","BWK":"81"}},
{"type":"Feature","geometry":{"type":"Polygon","coordinates":[[[13.34634,52.50111],[13.34601,52.49882],[13.3461,52.49713],[13.34955,52.49822],[13.35301,52.49941],[13.35408,52.4992],[13.3541,52.49954],[13.35407,52.49977],[13.34989,52.50051],[13.34982,52.50189],[13.34943,52.50224],[13.34856,52.50253],[13.34795,52.50226],[13.34634,52.50111]]]},"properties":{"UWB":"07104","UWB3":"104","BWB":"071C","BWB3":"1C","AWK":"0701","BEZ":"07","BWK":"81"}},
{"type":"Feature","geometry":{"type":"Polygon","coordinates":[[[13.34955,52.49822],[13.34966,52.49642],[13.35455,52.49714],[13.35427,52.49822],[13.35408,52.4992],[13.35301,52.49941],[13.34955,52.49822]]]},"properties":{"UWB":"07105","UWB3":"105","BWB":"071D","BWB3":"1D","AWK":"0701","BEZ":"07","BWK":"81"}},
{"type":"Feature","geometry":{"type":"Polygon","coordinates":[[[13.35771,52.50104],[13.35407,52.49977],[13.3541,52.49954],[13.362,52.49781],[13.36202,52.49781],[13.36385,52.49746],[13.36457,52.49935],[13.36455,52.49936],[13.36278,52.49961],[13.35813,52.50092],[13.35771,52.50104]]]},"properties":{"UWB":"07106","UWB3":"106","BWB":"071E","BWB3":"1E","AWK":"0701","BEZ":"07","BWK":"81"}},
{"type":"Feature","geometry":{"type":"Polygon","coordinates":[[[13.35408,52.4992],[13.35427,52.49822],[13.35645,52.49785],[13.35591,52.49688],[13.36119,52.49587],[13.36202,52.49781],[13.362,52.49781],[13.3541,52.49954],[13.35408,52.4992]]]},"properties":{"UWB":"07107","UWB3":"107","BWB":"071F","BWB3":"1F","AWK":"0701","BEZ":"07","BWK":"81"}},
{"type":"Feature","geometry":{"type":"Polygon","coordinates":[[[13.35455,52.49714],[13.35525,52.49465],[13.35667,52.49454],[13.36105,52.49434],[13.36119,52.49587],[13.35591,52.49688],[13.35645,52.49785],[13.35427,52.49822],[13.35455,52.49714]]]},"properties":{"UWB":"07108","UWB3":"108","BWB":"071G","BWB3":"1G","AWK":"0701","BEZ":"07","BWK":"81"}},
{"type":"Feature","geometry":{"type":"Polygon","coordinates":[[[13.34966,52.49642],[13.34976,52.49464],[13.35525,52.49465],[13.35455,52.49714],[13.34966,52.49642]]]},"properties":{"UWB":"07109","UWB3":"109","BWB":"071G","BWB3":"1G","AWK":"0701","BEZ":"07","BWK":"81"}},
{"type":"Feature","geometry":{"type":"Polygon","coordinates":[[[13.34976,52.49464],[13.34952,52.49336],[13.35368,52.49345],[13.35332,52.492],[13.35507,52.49196],[13.35525,52.49465],[13.34976,52.49464]]]},"properties":{"UWB":"07110","UWB3":"110","BWB":"071H","BWB3":"1H","AWK":"0701","BEZ":"07","BWK":"81"}},
{"type":"Feature","geometry":{"type":"Polygon","coordinates":[[[13.34919,52.49122],[13.34509,52.49127],[13.34503,52.48905],[13.34903,52.48943],[13.35116,52.49049],[13.34919,52.49122]]]},"properties":{"UWB":"07111","UWB3":"111","BWB":"071I","BWB3":"1I","AWK":"0701","BEZ":"07","BWK":"81"}},
{"type":"Feature","geometry":{"type":"Polygon","coordinates":[[[13.34903,52.48943],[13.34935,52.48829],[13.35232,52.48854],[13.3537,52.48864],[13.35468,52.48749],[13.35757,52.48864],[13.3532,52.48985],[13.35332,52.492],[13.35128,52.49206],[13.35116,52.49049],[13.34903,52.48943]]]},"properties":{"UWB":"07112","UWB3":"112","BWB":"071K","BWB3":"1K","AWK":"0701","BEZ":"07","BWK":"81"}},
{"type":"Feature","geometry":{"type":"Polygon","coordinates":[[[13.34952,52.49336],[13.34745,52.49327],[13.34919,52.49122],[13.35116,52.49049],[13.35128,52.49206],[13.35332,52.492],[13.35368,52.49345],[13.34952,52.49336]]]},"properties":{"UWB":"07113","UWB3":"113","BWB":"071L","BWB3":"1L","AWK":"0701","BEZ":"07","BWK":"81"}},
{"type":"Feature","geometry":{"type":"Polygon","coordinates":[[[13.34976,52.49464],[13.34592,52.49438],[13.34514,52.49224],[13.34509,52.49127],[13.34919,52.49122],[13.34745,52.49327],[13.34952,52.49336],[13.34976,52.49464]]]},"properties":{"UWB":"07114","UWB3":"114","BWB":"071M","BWB3":"1M","AWK":"0701","BEZ":"07","BWK":"81"}},
{"type":"Feature","geometry":{"type":"Polygon","coordinates":[[[13.34509,52.49127],[13.34514,52.49224],[13.34188,52.49232],[13.34213,52.48982],[13.34059,52.48859],[13.34503,52.48905],[13.34509,52.49127]]]},"properties":{"UWB":"07115","UWB3":"115","BWB":"071N","BWB3":"1N","AWK":"0701","BEZ":"07","BWK":"81"}},
{"type":"Feature","geometry":{"type":"Polygon","coordinates":[[[13.33717,52.48825],[13.33949,52.48829],[13.34014,52.48819],[13.34059,52.48859],[13.34213,52.48982],[13.34188,52.49232],[13.34043,52.49232],[13.33928,52.49114],[13.33753,52.49071],[13.33717,52.48825]]]},"properties":{"UWB":"07116","UWB3":"116","BWB":"071P","BWB3":"1P","AWK":"0701","BEZ":"07","BWK":"81"}},
{"type":"Feature","geometry":{"type":"Polygon","coordinates":[[[13.33744,52.49448],[13.33735,52.49407],[13.3372,52.4923],[13.34043,52.49232],[13.34008,52.49425],[13.34182,52.49533],[13.34283,52.49565],[13.34086,52.49577],[13.33902,52.49585],[13.33901,52.49586],[13.33738,52.49591],[13.33744,52.49448]]]},"properties":{"UWB":"07117","UWB3":"117","BWB":"071R","BWB3":"1R","AWK":"0701","BEZ":"07","BWK":"81"}},
{"type":"Feature","geometry":{"type":"Polygon","coordinates":[[[13.33719,52.49223],[13.33753,52.49071],[13.33928,52.49114],[13.34043,52.49232],[13.3372,52.4923],[13.33719,52.49223]]]},"properties":{"UWB":"07118","UWB3":"118","BWB":"071P","BWB3":"1P","AWK":"0701","BEZ":"07","BWK":"81"}},
{"type":"Feature","geometry":{"type":"Polygon","coordinates":[[[13.34947,52.50301],[13.34889,52.50268],[13.34856,52.50253],[13.34943,52.50224],[13.34982,52.50189],[13.34989,52.50051],[13.35407,52.49977],[13.35771,52.50104],[13.35542,52.50161],[13.34947,52.50301]]]},"properties":{"UWB":"07119","UWB3":"119","BWB":"071E","BWB3":"1E","AWK":"0701","BEZ":"07","BWK":"81"}},
{"type":"Feature","geometry":{"type":"Polygon","coordinates":[[[13.34592,52.49438],[13.34178,52.49431],[13.34182,52.49533],[13.34008,52.49425],[13.34043,52.49232],[13.34188,52.49232],[13.34514,52.49224],[13.34592,52.49438]]]},"properties":{"UWB":"07120","UWB3":"120","BWB":"071N","BWB3":"1N","AWK":"0701","BEZ":"07","BWK":"81"}},
{"type":"Feature","geometry":{"type":"Polygon","coordinates":[[[13.3461,52.49713],[13.34616,52.49593],[13.34296,52.49569],[13.34283,52.49565],[13.34182,52.49533],[13.34178,52.49431],[13.34592,52.49438],[13.34976,52.49464],[13.34966,52.49642],[13.34955,52.49822],[13.3461,52.49713]]]},"properties":{"UWB":"07121","UWB3":"121","BWB":"071D","BWB3":"1D","AWK":"0701","BEZ":"07","BWK":"81"}},
{"type":"Feature","geometry":{"type":"Polygon","coordinates":[[[13.33902,52.49585],[13.34086,52.49577],[13.34283,52.49565],[13.34296,52.49569],[13.34616,52.49593],[13.3461,52.49713],[13.34601,52.49882],[13.34234,52.49916],[13.34182,52.49732],[13.33964,52.49757],[13.33902,52.49585]]]},"properties":{"UWB":"07122","UWB3":"122","BWB":"071S","BWB3":"1S","AWK":"0701","BEZ":"07","BWK":"81"}},
{"type":"Feature","geometry":{"type":"Polygon","coordinates":[[[13.35468,52.48749],[13.35602,52.48603],[13.35656,52.48631],[13.36026,52.49044],[13.35636,52.49021],[13.3532,52.48985],[13.35757,52.48864],[13.35468,52.48749]]]},"properties":{"UWB":"07123","UWB3":"123","BWB":"071T","BWB3":"1T","AWK":"0701","BEZ":"07","BWK":"81"}},
{"type":"Feature","geometry":{"type":"Polygon","coordinates":[[[13.35525,52.49465],[13.35507,52.49196],[13.35332,52.492],[13.3532,52.48985],[13.35636,52.49021],[13.35667,52.49454],[13.35525,52.49465]]]},"properties":{"UWB":"07124","UWB3":"124","BWB":"071U","BWB3":"1U","AWK":"0701","BEZ":"07","BWK":"81"}},
{"type":"Feature","geometry":{"type":"Polygon","coordinates":[[[13.35667,52.49454],[13.35636,52.49021],[13.36026,52.49044],[13.36086,52.49013],[13.36541,52.4908],[13.36641,52.49158],[13.36221,52.49135],[13.36263,52.4941],[13.36319,52.49564],[13.36119,52.49587],[13.36105,52.49434],[13.35667,52.49454]]]},"properties":{"UWB":"07125","UWB3":"125","BWB":"071V","BWB3":"1V","AWK":"0701","BEZ":"07","BWK":"81"}},
{"type":"Feature","geometry":{"type":"Polygon","coordinates":[[[13.36457,52.49935],[13.36385,52.49746],[13.36202,52.49781],[13.36119,52.49587],[13.36319,52.49564],[13.36263,52.4941],[13.36552,52.49355],[13.36641,52.4955],[13.36696,52.49696],[13.36546,52.49726],[13.36614,52.49914],[13.36599,52.49916],[13.36472,52.49933],[13.36457,52.49935]]]},"properties":{"UWB":"07126","UWB3":"126","BWB":"071F","BWB3":"1F","AWK":"0701","BEZ":"07","BWK":"81"}},
{"type":"Feature","geometry":{"type":"Polygon","coordinates":[[[13.36641,52.49158],[13.36719,52.49353],[13.36641,52.4955],[13.36552,52.49355],[13.36263,52.4941],[13.36221,52.49135],[13.36641,52.49158]]]},"properties":{"UWB":"07127","UWB3":"127","BWB":"071V","BWB3":"1V","AWK":"0701","BEZ":"07","BWK":"81"}},
{"type":"Feature","geometry":{"type":"Polygon","coordinates":[[[13.36614,52.49914],[13.36546,52.49726],[13.36696,52.49696],[13.36641,52.4955],[13.36719,52.49353],[13.36641,52.49158],[13.36727,52.49138],[13.36731,52.49137],[13.36756,52.49122],[13.36862,52.49097],[13.36916,52.49314],[13.36895,52.49318],[13.36821,52.49333],[13.36868,52.49738],[13.36953,52.49887],[13.36616,52.49914],[13.36614,52.49914]]]},"properties":{"UWB":"07128","UWB3":"128","BWB":"071W","BWB3":"1W","AWK":"0701","BEZ":"07","BWK":"81"}},
{"type":"Feature","geometry":{"type":"Polygon","coordinates":[[[13.36916,52.49314],[13.36862,52.49097],[13.36931,52.49081],[13.36939,52.48936],[13.37056,52.48804],[13.37352,52.48787],[13.37642,52.49155],[13.3761,52.49174],[13.37606,52.49175],[13.37596,52.49177],[13.36918,52.49317],[13.36916,52.49314]]]},"properties":{"UWB":"07129","UWB3":"129","BWB":"071W","BWB3":"1W","AWK":"0701","BEZ":"07","BWK":"81"}},
{"type":"Feature","geometry":{"type":"Polygon","coordinates":[[[13.33713,52.48233],[13.33824,52.48275],[13.33859,52.4857],[13.33949,52.48829],[13.33717,52.48825],[13.33711,52.48296],[13.3372,52.48253],[13.33713,52.48233]]]},"properties":{"UWB":"07201","UWB3":"201","BWB":"072A","BWB3":"2A","AWK":"0702","BEZ":"07","BWK":"81"}},
{"type":"Feature","geometry":{"type":"Polygon","coordinates":[[[13.33949,52.48829],[13.33859,52.4857],[13.33824,52.48275],[13.3402,52.48347],[13.34174,52.48386],[13.34139,52.48473],[13.34076,52.48651],[13.34014,52.48819],[13.33949,52.48829]]]},"properties":{"UWB":"07202","UWB3":"202","BWB":"072B","BWB3":"2B","AWK":"0702","BEZ":"07","BWK":"81"}},
{"type":"Feature","geometry":{"type":"Polygon","coordinates":[[[13.34059,52.48859],[13.34014,52.48819],[13.34076,52.48651],[13.34505,52.48685],[13.34503,52.48905],[13.34059,52.48859]]]},"properties":{"UWB":"07203","UWB3":"203","BWB":"072C","BWB3":"2C","AWK":"0702","BEZ":"07","BWK":"81"}},
{"type":"Feature","geometry":{"type":"Polygon","coordinates":[[[13.34503,52.48905],[13.34505,52.48685],[13.34506,52.48589],[13.34768,52.48615],[13.34744,52.48707],[13.35247,52.48756],[13.35232,52.48854],[13.34935,52.48829],[13.34903,52.48943],[13.34503,52.48905]]]},"properties":{"UWB":"07204","UWB3":"204","BWB":"072D","BWB3":"2D","AWK":"0702","BEZ":"07","BWK":"81"}},
{"type":"Feature","geometry":{"type":"Polygon","coordinates":[[[13.35232,52.48854],[13.35247,52.48756],[13.35103,52.48621],[13.35311,52.48456],[13.35602,52.48603],[13.35468,52.48749],[13.3537,52.48864],[13.35232,52.48854]]]},"properties":{"UWB":"07205","UWB3":"205","BWB":"072E","BWB3":"2E","AWK":"0702","BEZ":"07","BWK":"81"}},
{"type":"Feature","geometry":{"type":"Polygon","coordinates":[[[13.34506,52.48589],[13.34506,52.48562],[13.34516,52.4846],[13.35103,52.48621],[13.35247,52.48756],[13.34744,52.48707],[13.34768,52.48615],[13.34506,52.48589]]]},"properties":{"UWB":"07206","UWB3":"206","BWB":"072F","BWB3":"2F","AWK":"0702","BEZ":"07","BWK":"81"}},
{"type":"Feature","geometry":{"type":"Polygon","coordinates":[[[13.33713,52.48233],[13.33713,52.48232],[13.33706,52.47813],[13.34085,52.47833],[13.34382,52.47811],[13.34469,52.4783],[13.34443,52.4788],[13.34496,52.47922],[13.34394,52.48086],[13.34286,52.4807],[13.34175,52.48383],[13.34174,52.48386],[13.3402,52.48347],[13.33824,52.48275],[13.33713,52.48233]]]},"properties":{"UWB":"07207","UWB3":"207","BWB":"072G","BWB3":"2G","AWK":"0702","BEZ":"07","BWK":"81"}},
{"type":"Feature","geometry":{"type":"Polygon","coordinates":[[[13.35103,52.48621],[13.34516,52.4846],[13.3468,52.48252],[13.34837,52.48181],[13.34986,52.48118],[13.3542,52.48348],[13.35296,52.48449],[13.35311,52.48456],[13.35103,52.48621]]]},"properties":{"UWB":"07208","UWB3":"208","BWB":"072H","BWB3":"2H","AWK":"0702","BEZ":"07","BWK":"81"}},
{"type":"Feature","geometry":{"type":"Polygon","coordinates":[[[13.34174,52.48386],[13.34175,52.48383],[13.34286,52.4807],[13.34394,52.48086],[13.34353,52.48262],[13.34504,52.48261],[13.34516,52.4846],[13.34506,52.48562],[13.34506,52.48589],[13.34505,52.48685],[13.34076,52.48651],[13.34139,52.48473],[13.34174,52.48386]]]},"properties":{"UWB":"07209","UWB3":"209","BWB":"072G","BWB3":"2G","AWK":"0702","BEZ":"07","BWK":"81"}},
{"type":"Feature","geometry":{"type":"Polygon","coordinates":[[[13.34496,52.47922],[13.34505,52.47929],[13.34661,52.48046],[13.34837,52.48181],[13.3468,52.48252],[13.34516,52.4846],[13.34504,52.48261],[13.34353,52.48262],[13.34394,52.48086],[13.34496,52.47922]]]},"properties":{"UWB":"07210","UWB3":"210","BWB":"072I","BWB3":"2I","AWK":"0702","BEZ":"07","BWK":"81"}},
{"type":"Feature","geometry":{"type":"Polygon","coordinates":[[[13.34469,52.4783],[13.3449,52.47835],[13.34771,52.47888],[13.3475,52.4796],[13.34977,52.48014],[13.34971,52.48087],[13.35024,52.481],[13.34986,52.48118],[13.34837,52.48181],[13.34661,52.48046],[13.34505,52.47929],[13.34496,52.47922],[13.34443,52.4788],[13.34469,52.4783]]]},"properties":{"UWB":"07211","UWB3":"211","BWB":"072I","BWB3":"2I","AWK":"0702","BEZ":"07","BWK":"81"}},
{"type":"Feature","geometry":{"type":"Polygon","coordinates":[[[13.34382,52.47811],[13.34351,52.47787],[13.34647,52.4778],[13.35118,52.47891],[13.35237,52.47929],[13.35314,52.47944],[13.35319,52.47939],[13.35343,52.47943],[13.35315,52.47964],[13.35254,52.47996],[13.35217,52.48013],[13.35024,52.481],[13.34971,52.48087],[13.34977,52.48014],[13.3475,52.4796],[13.34771,52.47888],[13.3449,52.47835],[13.34469,52.4783],[13.34382,52.47811]]]},"properties":{"UWB":"07212","UWB3":"212","BWB":"072K","BWB3":"2K","AWK":"0702","BEZ":"07","BWK":"81"}},
{"type":"Feature","geometry":{"type":"Polygon","coordinates":[[[13.35539,52.478],[13.35512,52.47819],[13.35343,52.47943],[13.35319,52.47939],[13.35314,52.47944],[13.35237,52.47929],[13.35118,52.47891],[13.34647,52.4778],[13.34351,52.47787],[13.34248,52.4773],[13.34284,52.47657],[13.34293,52.47592],[13.34295,52.47584],[13.34355,52.47187],[13.34368,52.47117],[13.34736,52.47061],[13.34825,52.47231],[13.35323,52.476],[13.35539,52.478]]]},"properties":{"UWB":"07213","UWB3":"213","BWB":"072K","BWB3":"2K","AWK":"0702","BEZ":"07","BWK":"81"}},
{"type":"Feature","geometry":{"type":"Polygon","coordinates":[[[13.36141,52.48139],[13.36144,52.486],[13.35907,52.48358],[13.36029,52.48358],[13.36027,52.4814],[13.36141,52.48139]]]},"properties":{"UWB":"07214","UWB3":"214","BWB":"072L","BWB3":"2L","AWK":"0702","BEZ":"07","BWK":"81"}},
{"type":"Feature","geometry":{"type":"Polygon","coordinates":[[[13.35602,52.48603],[13.35311,52.48456],[13.35296,52.48449],[13.3542,52.48348],[13.35873,52.48583],[13.36037,52.48638],[13.36228,52.48788],[13.36205,52.48848],[13.36202,52.48847],[13.35656,52.48631],[13.35602,52.48603]]]},"properties":{"UWB":"07215","UWB3":"215","BWB":"072M","BWB3":"2M","AWK":"0702","BEZ":"07","BWK":"81"}},
{"type":"Feature","geometry":{"type":"Polygon","coordinates":[[[13.35656,52.48631],[13.36202,52.48847],[13.36205,52.48848],[13.36211,52.4885],[13.36086,52.49013],[13.36026,52.49044],[13.35656,52.48631]]]},"properties":{"UWB":"07216","UWB3":"216","BWB":"072N","BWB3":"2N","AWK":"0702","BEZ":"07","BWK":"81"}},
{"type":"Feature","geometry":{"type":"Polygon","coordinates":[[[13.35343,52.47943],[13.35512,52.47819],[13.35539,52.478],[13.35568,52.47778],[13.35746,52.47655],[13.36007,52.47554],[13.36023,52.47978],[13.35902,52.48044],[13.35907,52.48358],[13.36144,52.486],[13.36037,52.48638],[13.35873,52.48583],[13.3542,52.48348],[13.35575,52.4824],[13.35254,52.47996],[13.35315,52.47964],[13.35343,52.47943]]]},"properties":{"UWB":"07217","UWB3":"217","BWB":"072M","BWB3":"2M","AWK":"0702","BEZ":"07","BWK":"81"}},
{"type":"Feature","geometry":{"type":"Polygon","coordinates":[[[13.36086,52.49013],[13.36211,52.4885],[13.36205,52.48848],[13.36228,52.48788],[13.36037,52.48638],[13.36144,52.486],[13.36351,52.48522],[13.36481,52.4861],[13.3648,52.48639],[13.36198,52.48652],[13.36407,52.48826],[13.36609,52.49044],[13.36725,52.49136],[13.36727,52.49138],[13.36641,52.49158],[13.36541,52.4908],[13.36086,52.49013]]]},"properties":{"UWB":"07218","UWB3":"218","BWB":"072N","BWB3":"2N","AWK":"0702","BEZ":"07","BWK":"81"}},
{"type":"Feature","geometry":{"type":"Polygon","coordinates":[[[13.36727,52.49138],[13.36725,52.49136],[13.36609,52.49044],[13.36407,52.48826],[13.36198,52.48652],[13.3648,52.48639],[13.36482,52.48828],[13.36903,52.4882],[13.36939,52.48936],[13.36931,52.49081],[13.36862,52.49097],[13.36756,52.49122],[13.36731,52.49137],[13.36727,52.49138]]]},"properties":{"UWB":"07219","UWB3":"219","BWB":"072P","BWB3":"2P","AWK":"0702","BEZ":"07","BWK":"81"}},
{"type":"Feature","geometry":{"type":"Polygon","coordinates":[[[13.37352,52.48787],[13.37056,52.48804],[13.36939,52.48936],[13.36903,52.4882],[13.36482,52.48828],[13.3648,52.48639],[13.36481,52.4861],[13.36792,52.48609],[13.3679,52.48509],[13.37163,52.48507],[13.37402,52.48517],[13.37416,52.48771],[13.37352,52.48787]]]},"properties":{"UWB":"07220","UWB3":"220","BWB":"072P","BWB3":"2P","AWK":"0702","BEZ":"07","BWK":"81"}},
{"type":"Feature","geometry":{"type":"Polygon","coordinates":[[[13.37219,52.48495],[13.3722,52.48464],[13.37335,52.48297],[13.37438,52.48322],[13.37555,52.48336],[13.37622,52.4834],[13.37673,52.48342],[13.37686,52.48343],[13.37681,52.48357],[13.37659,52.48492],[13.37658,52.48492],[13.37223,52.48495],[13.37219,52.48495]]]},"properties":{"UWB":"07221","UWB3":"221","BWB":"072R","BWB3":"2R","AWK":"0702","BEZ":"07","BWK":"81"}},
{"type":"Feature","geometry":{"type":"Polygon","coordinates":[[[13.37686,52.48343],[13.37673,52.48342],[13.37622,52.4834],[13.37555,52.48336],[13.37438,52.48322],[13.37335,52.48297],[13.3722,52.48464],[13.37219,52.48495],[13.37218,52.48495],[13.37157,52.48495],[13.36908,52.4808],[13.36899,52.48065],[13.36918,52.48065],[13.37061,52.48064],[13.37337,52.48084],[13.3748,52.4813],[13.37688,52.47957],[13.37743,52.4821],[13.37686,52.48341],[13.37686,52.48343]]]},"properties":{"UWB":"07222","UWB3":"222","BWB":"072R","BWB3":"2R","AWK":"0702","BEZ":"07","BWK":"81"}},
{"type":"Feature","geometry":{"type":"Polygon","coordinates":[[[13.36899,52.48065],[13.36672,52.47677],[13.36653,52.47466],[13.36668,52.47462],[13.37027,52.47459],[13.37059,52.47457],[13.37134,52.47456],[13.37144,52.4789],[13.37672,52.47883],[13.37688,52.47957],[13.3748,52.4813],[13.37337,52.48084],[13.37061,52.48064],[13.36918,52.48065],[13.36899,52.48065]]]},"properties":{"UWB":"07223","UWB3":"223","BWB":"072S","BWB3":"2S","AWK":"0702","BEZ":"07","BWK":"81"}},
{"type":"Feature","geometry":{"type":"Polygon","coordinates":[[[13.37163,52.48507],[13.3679,52.48509],[13.36792,52.48609],[13.36481,52.4861],[13.36351,52.48522],[13.36348,52.48357],[13.36341,52.47857],[13.36136,52.47936],[13.36023,52.47978],[13.36007,52.47554],[13.35746,52.47655],[13.35568,52.47778],[13.35539,52.478],[13.35323,52.476],[13.34825,52.47231],[13.34736,52.47061],[13.34908,52.47034],[13.3525,52.47044],[13.35437,52.47119],[13.35809,52.47404],[13.36116,52.47423],[13.36167,52.47417],[13.36392,52.47416],[13.36544,52.47344],[13.36653,52.47466],[13.36672,52.47677],[13.36899,52.48065],[13.36908,52.4808],[13.37157,52.48495],[13.37163,52.48507]]]},"properties":{"UWB":"07224","UWB3":"224","BWB":"072S","BWB3":"2S","AWK":"0702","BEZ":"07","BWK":"81"}},
{"type":"Feature","geometry":{"type":"Polygon","coordinates":[[[13.35907,52.48358],[13.35902,52.48044],[13.36023,52.47978],[13.36136,52.47936],[13.36141,52.48139],[13.36027,52.4814],[13.36029,52.48358],[13.35907,52.48358]]]},"properties":{"UWB":"07225","UWB3":"225","BWB":"072T","BWB3":"2T","AWK":"0702","BEZ":"07","BWK":"81"}},
{"type":"Feature","geometry":{"type":"Polygon","coordinates":[[[13.36348,52.48357],[13.3625,52.48325],[13.36141,52.48139],[13.36136,52.47936],[13.36341,52.47857],[13.36348,52.48357]]]},"properties":{"UWB":"07226","UWB3":"226","BWB":"072U","BWB3":"2U","AWK":"0702","BEZ":"07","BWK":"81"}},
{"type":"Feature","geometry":{"type":"Polygon","coordinates":[[[13.34986,52.48118],[13.35024,52.481],[13.35217,52.48013],[13.35254,52.47996],[13.35575,52.4824],[13.3542,52.48348],[13.34986,52.48118]]]},"properties":{"UWB":"07227","UWB3":"227","BWB":"072H","BWB3":"2H","AWK":"0702","BEZ":"07","BWK":"81"}},
{"type":"Feature","geometry":{"type":"Polygon","coordinates":[[[13.36141,52.48139],[13.3625,52.48325],[13.36348,52.48357],[13.36351,52.48522],[13.36144,52.486],[13.36141,52.48139]]]},"properties":{"UWB":"07228","UWB3":"228","BWB":"072V","BWB3":"2V","AWK":"0702","BEZ":"07","BWK":"81"}},
{"type":"Feature","geometry":{"type":"Polygon","coordinates":[[[13.32048,52.47747],[13.3204,52.47673],[13.32029,52.47433],[13.32029,52.4743],[13.32029,52.47427],[13.32026,52.47359],[13.32026,52.47354],[13.32199,52.47352],[13.3238,52.47503],[13.32418,52.47542],[13.32421,52.47748],[13.3241,52.47747],[13.32048,52.47747]]]},"properties":{"UWB":"07301","UWB3":"301","BWB":"073A","BWB3":"3A","AWK":"0703","BEZ":"07","BWK":"81"}},
{"type":"Feature","geometry":{"type":"Polygon","coordinates":[[[13.32018,52.47159],[13.32411,52.47156],[13.32413,52.47253],[13.32414,52.47351],[13.32417,52.47493],[13.3238,52.47503],[13.32199,52.47352],[13.32026,52.47354],[13.32026,52.47353],[13.32018,52.47159]]]},"properties":{"UWB":"07302","UWB3":"302","BWB":"073B","BWB3":"3B","AWK":"0703","BEZ":"07","BWK":"81"}},
{"type":"Feature","geometry":{"type":"Polygon","coordinates":[[[13.32025,52.46997],[13.31998,52.46698],[13.32143,52.4668],[13.32146,52.46882],[13.32292,52.4688],[13.32367,52.46879],[13.32534,52.46971],[13.32411,52.47156],[13.32018,52.47159],[13.32025,52.46997]]]},"properties":{"UWB":"07303","UWB3":"303","BWB":"073C","BWB3":"3C","AWK":"0703","BEZ":"07","BWK":"81"}},
{"type":"Feature","geometry":{"type":"Polygon","coordinates":[[[13.32367,52.46879],[13.32476,52.46786],[13.32664,52.46916],[13.32834,52.46892],[13.32836,52.47114],[13.32769,52.47154],[13.32411,52.47156],[13.32534,52.46971],[13.32367,52.46879]]]},"properties":{"UWB":"07304","UWB3":"304","BWB":"073D","BWB3":"3D","AWK":"0703","BEZ":"07","BWK":"81"}},
{"type":"Feature","geometry":{"type":"Polygon","coordinates":[[[13.32292,52.4688],[13.3236,52.467],[13.32508,52.46647],[13.32644,52.4671],[13.3283,52.46709],[13.32834,52.46892],[13.32664,52.46916],[13.32476,52.46786],[13.32367,52.46879],[13.32292,52.4688]]]},"properties":{"UWB":"07305","UWB3":"305","BWB":"073E","BWB3":"3E","AWK":"0703","BEZ":"07","BWK":"81"}},
{"type":"Feature","geometry":{"type":"Polygon","coordinates":[[[13.32798,52.46444],[13.32874,52.46493],[13.32896,52.46516],[13.32828,52.46628],[13.32644,52.4671],[13.32508,52.46647],[13.3236,52.467],[13.32292,52.4688],[13.32146,52.46882],[13.32143,52.4668],[13.32798,52.46444]]]},"properties":{"UWB":"07306","UWB3":"306","BWB":"073F","BWB3":"3F","AWK":"0703","BEZ":"07","BWK":"81"}},
{"type":"Feature","geometry":{"type":"Polygon","coordinates":[[[13.32423,52.47748],[13.32421,52.47748],[13.32418,52.47542],[13.32814,52.47326],[13.32846,52.47339],[13.3285,52.47743],[13.32849,52.47743],[13.32423,52.47748]]]},"properties":{"UWB":"07307","UWB3":"307","BWB":"073G","BWB3":"3G","AWK":"0703","BEZ":"07","BWK":"81"}},
{"type":"Feature","geometry":{"type":"Polygon","coordinates":[[[13.3238,52.47503],[13.32417,52.47493],[13.32414,52.47351],[13.32413,52.47253],[13.32784,52.47251],[13.32814,52.47326],[13.32418,52.47542],[13.3238,52.47503]]]},"properties":{"UWB":"07308","UWB3":"308","BWB":"073A","BWB3":"3A","AWK":"0703","BEZ":"07","BWK":"81"}},
{"type":"Feature","geometry":{"type":"Polygon","coordinates":[[[13.3285,52.47743],[13.32846,52.47339],[13.33057,52.4744],[13.3306,52.47604],[13.33062,52.47743],[13.3285,52.47743]]]},"properties":{"UWB":"07309","UWB3":"309","BWB":"073H","BWB3":"3H","AWK":"0703","BEZ":"07","BWK":"81"}},
{"type":"Feature","geometry":{"type":"Polygon","coordinates":[[[13.32846,52.47339],[13.32906,52.47154],[13.33225,52.47151],[13.33265,52.47178],[13.3327,52.47444],[13.33273,52.4754],[13.33273,52.47543],[13.3306,52.47604],[13.33057,52.4744],[13.32846,52.47339]]]},"properties":{"UWB":"07310","UWB3":"310","BWB":"073I","BWB3":"3I","AWK":"0703","BEZ":"07","BWK":"81"}},
{"type":"Feature","geometry":{"type":"Polygon","coordinates":[[[13.33298,52.47785],[13.33062,52.47743],[13.3306,52.47604],[13.33273,52.47543],[13.33273,52.4754],[13.33534,52.47566],[13.34027,52.47561],[13.34248,52.4773],[13.34351,52.47787],[13.34382,52.47811],[13.34085,52.47833],[13.33706,52.47813],[13.33298,52.47785]]]},"properties":{"UWB":"07311","UWB3":"311","BWB":"073K","BWB3":"3K","AWK":"0703","BEZ":"07","BWK":"81"}},
{"type":"Feature","geometry":{"type":"Polygon","coordinates":[[[13.33273,52.4754],[13.3327,52.47444],[13.33529,52.47441],[13.33526,52.47246],[13.33751,52.4734],[13.34027,52.47561],[13.33534,52.47566],[13.33273,52.4754]]]},"properties":{"UWB":"07312","UWB3":"312","BWB":"073L","BWB3":"3L","AWK":"0703","BEZ":"07","BWK":"81"}},
{"type":"Feature","geometry":{"type":"Polygon","coordinates":[[[13.33265,52.47178],[13.3374,52.47148],[13.33751,52.4734],[13.33526,52.47246],[13.33529,52.47441],[13.3327,52.47444],[13.33265,52.47178]]]},"properties":{"UWB":"07313","UWB3":"313","BWB":"073I","BWB3":"3I","AWK":"0703","BEZ":"07","BWK":"81"}},
{"type":"Feature","geometry":{"type":"Polygon","coordinates":[[[13.33225,52.47151],[13.33137,52.46968],[13.3326,52.46897],[13.33533,52.4693],[13.33728,52.46926],[13.3374,52.47148],[13.33265,52.47178],[13.33225,52.47151]]]},"properties":{"UWB":"07314","UWB3":"314","BWB":"073M","BWB3":"3M","AWK":"0703","BEZ":"07","BWK":"81"}},
{"type":"Feature","geometry":{"type":"Polygon","coordinates":[[[13.34248,52.4773],[13.34027,52.47561],[13.33751,52.4734],[13.3374,52.47148],[13.34033,52.47141],[13.34047,52.47468],[13.34181,52.47474],[13.34293,52.47592],[13.34284,52.47657],[13.34248,52.4773]]]},"properties":{"UWB":"07315","UWB3":"315","BWB":"073N","BWB3":"3N","AWK":"0703","BEZ":"07","BWK":"81"}},
{"type":"Feature","geometry":{"type":"Polygon","coordinates":[[[13.32411,52.47156],[13.32769,52.47154],[13.32836,52.47114],[13.32834,52.46892],[13.33137,52.46968],[13.33225,52.47151],[13.32906,52.47154],[13.32846,52.47339],[13.32814,52.47326],[13.32784,52.47251],[13.32413,52.47253],[13.32411,52.47156]]]},"properties":{"UWB":"07316","UWB3":"316","BWB":"073D","BWB3":"3D","AWK":"0703","BEZ":"07","BWK":"81"}},
{"type":"Feature","geometry":{"type":"Polygon","coordinates":[[[13.32936,52.46557],[13.3326,52.46897],[13.33137,52.46968],[13.32834,52.46892],[13.3283,52.46709],[13.32644,52.4671],[13.32828,52.46628],[13.32896,52.46516],[13.32915,52.46535],[13.32936,52.46557]]]},"properties":{"UWB":"07317","UWB3":"317","BWB":"073P","BWB3":"3P","AWK":"0703","BEZ":"07","BWK":"81"}},
{"type":"Feature","geometry":{"type":"Polygon","coordinates":[[[13.33627,52.46741],[13.33503,52.46801],[13.33533,52.4693],[13.3326,52.46897],[13.32936,52.46557],[13.33063,52.46515],[13.33141,52.46586],[13.33466,52.46628],[13.33627,52.46741]]]},"properties":{"UWB":"07318","UWB3":"318","BWB":"073R","BWB3":"3R","AWK":"0703","BEZ":"07","BWK":"81"}},
{"type":"Feature","geometry":{"type":"Polygon","coordinates":[[[13.34293,52.47592],[13.34181,52.47474],[13.34047,52.47468],[13.34033,52.47141],[13.34093,52.46983],[13.34355,52.47187],[13.34295,52.47584],[13.34293,52.47592]]]},"properties":{"UWB":"07319","UWB3":"319","BWB":"073S","BWB3":"3S","AWK":"0703","BEZ":"07","BWK":"81"}},
{"type":"Feature","geometry":{"type":"Polygon","coordinates":[[[13.33754,52.46686],[13.33989,52.46875],[13.33983,52.46877],[13.34093,52.46983],[13.34033,52.47141],[13.3374,52.47148],[13.33728,52.46926],[13.33533,52.4693],[13.33503,52.46801],[13.33627,52.46741],[13.33754,52.46686]]]},"properties":{"UWB":"07320","UWB3":"320","BWB":"073M","BWB3":"3M","AWK":"0703","BEZ":"07","BWK":"81"}},
{"type":"Feature","geometry":{"type":"Polygon","coordinates":[[[13.3404,52.46465],[13.34254,52.46476],[13.34224,52.46706],[13.34014,52.46696],[13.34014,52.46861],[13.33989,52.46875],[13.33754,52.46686],[13.3389,52.46556],[13.34033,52.46469],[13.3404,52.46465]]]},"properties":{"UWB":"07321","UWB3":"321","BWB":"073T","BWB3":"3T","AWK":"0703","BEZ":"07","BWK":"81"}},
{"type":"Feature","geometry":{"type":"Polygon","coordinates":[[[13.34355,52.47187],[13.34093,52.46983],[13.33983,52.46877],[13.33989,52.46875],[13.34014,52.46861],[13.34014,52.46696],[13.34224,52.46706],[13.34225,52.46706],[13.34196,52.46935],[13.34389,52.46945],[13.34737,52.4695],[13.34736,52.47061],[13.34368,52.47117],[13.34355,52.47187]]]},"properties":{"UWB":"07322","UWB3":"322","BWB":"073U","BWB3":"3U","AWK":"0703","BEZ":"07","BWK":"81"}},
{"type":"Feature","geometry":{"type":"Polygon","coordinates":[[[13.34224,52.46706],[13.34254,52.46476],[13.34448,52.46486],[13.34423,52.46684],[13.34389,52.46945],[13.34196,52.46935],[13.34225,52.46706],[13.34224,52.46706]]]},"properties":{"UWB":"07323","UWB3":"323","BWB":"073U","BWB3":"3U","AWK":"0703","BEZ":"07","BWK":"81"}},
{"type":"Feature","geometry":{"type":"Polygon","coordinates":[[[13.34736,52.47061],[13.34737,52.4695],[13.34389,52.46945],[13.34423,52.46684],[13.34542,52.46689],[13.34568,52.46491],[13.34794,52.46502],[13.34767,52.46699],[13.34952,52.46707],[13.34908,52.47034],[13.34736,52.47061]]]},"properties":{"UWB":"07324","UWB3":"324","BWB":"073V","BWB3":"3V","AWK":"0703","BEZ":"07","BWK":"81"}},
{"type":"Feature","geometry":{"type":"Polygon","coordinates":[[[13.34515,52.46155],[13.346,52.46081],[13.34764,52.45908],[13.34855,52.45876],[13.34868,52.45876],[13.34794,52.46502],[13.34568,52.46491],[13.34542,52.46689],[13.34423,52.46684],[13.34448,52.46486],[13.34254,52.46476],[13.3404,52.46465],[13.34495,52.46172],[13.34515,52.46155]]]},"properties":{"UWB":"07325","UWB3":"325","BWB":"073V","BWB3":"3V","AWK":"0703","BEZ":"07","BWK":"81"}},
{"type":"Feature","geometry":{"type":"Polygon","coordinates":[[[13.34868,52.45876],[13.34871,52.45876],[13.34908,52.45677],[13.35248,52.45707],[13.35504,52.45565],[13.35515,52.45565],[13.35589,52.4573],[13.35882,52.45684],[13.3599,52.45803],[13.36146,52.46],[13.36385,52.46673],[13.36445,52.4672],[13.37026,52.4671],[13.37061,52.47045],[13.37062,52.47051],[13.37036,52.47114],[13.36896,52.47146],[13.36544,52.47344],[13.36392,52.47416],[13.36167,52.47417],[13.36116,52.47423],[13.35809,52.47404],[13.35437,52.47119],[13.3525,52.47044],[13.34908,52.47034],[13.34952,52.46707],[13.34767,52.46699],[13.34794,52.46502],[13.34868,52.45876]]]},"properties":{"UWB":"07326","UWB3":"326","BWB":"073W","BWB3":"3W","AWK":"0703","BEZ":"07","BWK":"81"}},
{"type":"Feature","geometry":{"type":"Polygon","coordinates":[[[13.3599,52.45803],[13.36423,52.45767],[13.36444,52.4598],[13.36799,52.45965],[13.36975,52.46064],[13.36995,52.46316],[13.37026,52.4671],[13.36445,52.4672],[13.36385,52.46673],[13.36146,52.46],[13.3599,52.45803]]]},"properties":{"UWB":"07327","UWB3":"327","BWB":"073W","BWB3":"3W","AWK":"0703","BEZ":"07","BWK":"81"}},
{"type":"Feature","geometry":{"type":"Polygon","coordinates":[[[13.35642,52.45494],[13.35642,52.45493],[13.35876,52.45088],[13.36238,52.44457],[13.36249,52.44446],[13.3657,52.44625],[13.3696,52.4484],[13.36968,52.44844],[13.37071,52.44902],[13.36854,52.45054],[13.36689,52.4497],[13.36501,52.45019],[13.36246,52.45217],[13.36546,52.45343],[13.36641,52.45464],[13.36388,52.4549],[13.36423,52.45767],[13.3599,52.45803],[13.35882,52.45684],[13.35589,52.4573],[13.35515,52.45565],[13.35526,52.45565],[13.35637,52.45502],[13.35642,52.45494]]]},"properties":{"UWB":"07328","UWB3":"328","BWB":"073X","BWB3":"3X","AWK":"0703","BEZ":"07","BWK":"81"}},
{"type":"Feature","geometry":{"type":"Polygon","coordinates":[[[13.36423,52.45767],[13.36388,52.4549],[13.36641,52.45464],[13.36546,52.45343],[13.36246,52.45217],[13.36501,52.45019],[13.36689,52.4497],[13.36854,52.45054],[13.37071,52.44902],[13.37128,52.44934],[13.37433,52.45101],[13.3717,52.45281],[13.37065,52.45454],[13.37064,52.45456],[13.36945,52.45642],[13.36958,52.45838],[13.36799,52.45965],[13.36444,52.4598],[13.36423,52.45767]]]},"properties":{"UWB":"07329","UWB3":"329","BWB":"073Y","BWB3":"3Y","AWK":"0703","BEZ":"07","BWK":"81"}},
{"type":"Feature","geometry":{"type":"Polygon","coordinates":[[[13.38221,52.48489],[13.3822,52.48489],[13.37659,52.48492],[13.37681,52.48357],[13.37686,52.48343],[13.37686,52.48341],[13.37743,52.4821],[13.38119,52.48259],[13.38593,52.48487],[13.3824,52.48489],[13.38221,52.48489]]]},"properties":{"UWB":"07401","UWB3":"401","BWB":"074A","BWB3":"4A","AWK":"0704","BEZ":"07","BWK":"81"}},
{"type":"Feature","geometry":{"type":"Polygon","coordinates":[[[13.37688,52.47957],[13.37672,52.47883],[13.37144,52.4789],[13.37134,52.47456],[13.37133,52.47451],[13.37378,52.47495],[13.37839,52.47764],[13.37836,52.47846],[13.37834,52.47875],[13.37958,52.48121],[13.38119,52.48259],[13.37743,52.4821],[13.37688,52.47957]]]},"properties":{"UWB":"07402","UWB3":"402","BWB":"074B","BWB3":"4B","AWK":"0704","BEZ":"07","BWK":"81"}},
{"type":"Feature","geometry":{"type":"Polygon","coordinates":[[[13.37133,52.47451],[13.37188,52.47367],[13.37421,52.47261],[13.37924,52.47246],[13.37951,52.47391],[13.38065,52.47477],[13.37935,52.47566],[13.37839,52.47764],[13.37378,52.47495],[13.37133,52.47451]]]},"properties":{"UWB":"07403","UWB3":"403","BWB":"074B","BWB3":"4B","AWK":"0704","BEZ":"07","BWK":"81"}},
{"type":"Feature","geometry":{"type":"Polygon","coordinates":[[[13.36653,52.47466],[13.36544,52.47344],[13.36896,52.47146],[13.37036,52.47114],[13.37787,52.47003],[13.38561,52.46983],[13.38565,52.4717],[13.38566,52.47204],[13.38065,52.47477],[13.37951,52.47391],[13.37924,52.47246],[13.37421,52.47261],[13.37188,52.47367],[13.37133,52.47451],[13.37134,52.47456],[13.37059,52.47457],[13.37027,52.47459],[13.36668,52.47462],[13.36653,52.47466]]]},"properties":{"UWB":"07404","UWB3":"404","BWB":"074C","BWB3":"4C","AWK":"0704","BEZ":"07","BWK":"81"}},
{"type":"Feature","geometry":{"type":"Polygon","coordinates":[[[13.39425,52.48577],[13.38629,52.48583],[13.38593,52.48487],[13.38119,52.48259],[13.38288,52.48182],[13.38595,52.48163],[13.38582,52.47818],[13.38574,52.47485],[13.38566,52.47204],[13.38565,52.4717],[13.38561,52.46983],[13.39121,52.4689],[13.39597,52.4669],[13.40092,52.46534],[13.4042,52.46282],[13.4062,52.462],[13.41157,52.46128],[13.4122,52.46442],[13.41346,52.46518],[13.41686,52.46548],[13.41604,52.46915],[13.41578,52.47031],[13.41349,52.47871],[13.41088,52.47772],[13.40662,52.47823],[13.40606,52.48098],[13.40639,52.48277],[13.40023,52.4839],[13.39425,52.48409],[13.39425,52.48577]]]},"properties":{"UWB":"07405","UWB3":"405","BWB":"074C","BWB3":"4C","AWK":"0704","BEZ":"07","BWK":"81"}},
{"type":"Feature","geometry":{"type":"Polygon","coordinates":[[[13.37839,52.47764],[13.37935,52.47566],[13.38137,52.47631],[13.38421,52.47628],[13.38426,52.47821],[13.38582,52.47818],[13.38595,52.48163],[13.38288,52.48182],[13.38119,52.48259],[13.37958,52.48121],[13.37834,52.47875],[13.37836,52.47846],[13.37839,52.47764]]]},"properties":{"UWB":"07406","UWB3":"406","BWB":"074D","BWB3":"4D","AWK":"0704","BEZ":"07","BWK":"81"}},
{"type":"Feature","geometry":{"type":"Polygon","coordinates":[[[13.38065,52.47477],[13.38566,52.47204],[13.38574,52.47485],[13.38582,52.47818],[13.38426,52.47821],[13.38421,52.47628],[13.38137,52.47631],[13.37935,52.47566],[13.38065,52.47477]]]},"properties":{"UWB":"07407","UWB3":"407","BWB":"074E","BWB3":"4E","AWK":"0704","BEZ":"07","BWK":"81"}},
{"type":"Feature","geometry":{"type":"Polygon","coordinates":[[[13.37026,52.4671],[13.3767,52.46699],[13.37808,52.46635],[13.37928,52.46585],[13.37966,52.46584],[13.37964,52.46708],[13.38559,52.46711],[13.38559,52.46858],[13.38561,52.46983],[13.37787,52.47003],[13.37036,52.47114],[13.37062,52.47051],[13.37061,52.47045],[13.37026,52.4671]]]},"properties":{"UWB":"07408","UWB3":"408","BWB":"074F","BWB3":"4F","AWK":"0704","BEZ":"07","BWK":"81"}},
{"type":"Feature","geometry":{"type":"Polygon","coordinates":[[[13.36995,52.46316],[13.37134,52.46315],[13.37289,52.46314],[13.37519,52.46313],[13.37534,52.46604],[13.37782,52.46598],[13.37788,52.46611],[13.37808,52.46635],[13.3767,52.46699],[13.37026,52.4671],[13.36995,52.46316]]]},"properties":{"UWB":"07409","UWB3":"409","BWB":"074F","BWB3":"4F","AWK":"0704","BEZ":"07","BWK":"81"}},
{"type":"Feature","geometry":{"type":"Polygon","coordinates":[[[13.36799,52.45965],[13.36958,52.45838],[13.37087,52.45937],[13.37257,52.45927],[13.37257,52.45928],[13.37267,52.46038],[13.37289,52.46314],[13.37134,52.46315],[13.36995,52.46316],[13.36975,52.46064],[13.36799,52.45965]]]},"properties":{"UWB":"07410","UWB3":"410","BWB":"074G","BWB3":"4G","AWK":"0704","BEZ":"07","BWK":"81"}},
{"type":"Feature","geometry":{"type":"Polygon","coordinates":[[[13.37065,52.45454],[13.37223,52.4556],[13.37092,52.45653],[13.37104,52.45819],[13.37247,52.45799],[13.37252,52.45866],[13.37257,52.45927],[13.37087,52.45937],[13.36958,52.45838],[13.36945,52.45642],[13.37064,52.45456],[13.37065,52.45454]]]},"properties":{"UWB":"07411","UWB3":"411","BWB":"074G","BWB3":"4G","AWK":"0704","BEZ":"07","BWK":"81"}},
{"type":"Feature","geometry":{"type":"Polygon","coordinates":[[[13.37519,52.46313],[13.37479,52.46019],[13.37648,52.46005],[13.37713,52.46296],[13.37779,52.46591],[13.37782,52.46598],[13.37534,52.46604],[13.37519,52.46313]]]},"properties":{"UWB":"07412","UWB3":"412","BWB":"074H","BWB3":"4H","AWK":"0704","BEZ":"07","BWK":"81"}},
{"type":"Feature","geometry":{"type":"Polygon","coordinates":[[[13.37289,52.46314],[13.37267,52.46038],[13.37257,52.45928],[13.37257,52.45927],[13.37252,52.45866],[13.37247,52.45799],[13.37595,52.45769],[13.37648,52.46005],[13.37479,52.46019],[13.37519,52.46313],[13.37289,52.46314]]]},"properties":{"UWB":"07413","UWB3":"413","BWB":"074H","BWB3":"4H","AWK":"0704","BEZ":"07","BWK":"81"}},
{"type":"Feature","geometry":{"type":"Polygon","coordinates":[[[13.37223,52.4556],[13.37544,52.45543],[13.37595,52.45769],[13.37247,52.45799],[13.37104,52.45819],[13.37092,52.45653],[13.37223,52.4556]]]},"properties":{"UWB":"07414","UWB3":"414","BWB":"074I","BWB3":"4I","AWK":"0704","BEZ":"07","BWK":"81"}},
{"type":"Feature","geometry":{"type":"Polygon","coordinates":[[[13.37433,52.45101],[13.37795,52.45234],[13.37718,52.45363],[13.37399,52.45244],[13.3727,52.45344],[13.37544,52.45543],[13.37223,52.4556],[13.37065,52.45454],[13.3717,52.45281],[13.37433,52.45101]]]},"properties":{"UWB":"07415","UWB3":"415","BWB":"074I","BWB3":"4I","AWK":"0704","BEZ":"07","BWK":"81"}},
{"type":"Feature","geometry":{"type":"Polygon","coordinates":[[[13.37544,52.45543],[13.3727,52.45344],[13.37399,52.45244],[13.37718,52.45363],[13.37663,52.45426],[13.37975,52.45535],[13.37989,52.45607],[13.37811,52.45621],[13.37702,52.4563],[13.37731,52.45757],[13.37595,52.45769],[13.37544,52.45543]]]},"properties":{"UWB":"07416","UWB3":"416","BWB":"074K","BWB3":"4K","AWK":"0704","BEZ":"07","BWK":"81"}},
{"type":"Feature","geometry":{"type":"Polygon","coordinates":[[[13.37966,52.46584],[13.37988,52.46583],[13.38227,52.46318],[13.38558,52.46429],[13.38559,52.46482],[13.38559,52.46711],[13.37964,52.46708],[13.37966,52.46584]]]},"properties":{"UWB":"07417","UWB3":"417","BWB":"074L","BWB3":"4L","AWK":"0704","BEZ":"07","BWK":"81"}},
{"type":"Feature","geometry":{"type":"Polygon","coordinates":[[[13.37808,52.46635],[13.37788,52.46611],[13.37782,52.46598],[13.37779,52.46591],[13.37713,52.46296],[13.381,52.4626],[13.3818,52.46109],[13.38483,52.46081],[13.38558,52.46429],[13.38227,52.46318],[13.37988,52.46583],[13.37966,52.46584],[13.37928,52.46585],[13.37808,52.46635]]]},"properties":{"UWB":"07418","UWB3":"418","BWB":"074M","BWB3":"4M","AWK":"0704","BEZ":"07","BWK":"81"}},
{"type":"Feature","geometry":{"type":"Polygon","coordinates":[[[13.37648,52.46005],[13.38163,52.4596],[13.3818,52.46109],[13.381,52.4626],[13.37713,52.46296],[13.37648,52.46005]]]},"properties":{"UWB":"07419","UWB3":"419","BWB":"074N","BWB3":"4N","AWK":"0704","BEZ":"07","BWK":"81"}},
{"type":"Feature","geometry":{"type":"Polygon","coordinates":[[[13.37595,52.45769],[13.37731,52.45757],[13.37844,52.45748],[13.37872,52.4587],[13.3816,52.45843],[13.38163,52.4596],[13.37648,52.46005],[13.37595,52.45769]]]},"properties":{"UWB":"07420","UWB3":"420","BWB":"074P","BWB3":"4P","AWK":"0704","BEZ":"07","BWK":"81"}},
{"type":"Feature","geometry":{"type":"Polygon","coordinates":[[[13.3818,52.46109],[13.38163,52.4596],[13.3816,52.45843],[13.37872,52.4587],[13.37844,52.45748],[13.38394,52.457],[13.38483,52.46081],[13.3818,52.46109]]]},"properties":{"UWB":"07421","UWB3":"421","BWB":"074P","BWB3":"4P","AWK":"0704","BEZ":"07","BWK":"81"}},
{"type":"Feature","geometry":{"type":"Polygon","coordinates":[[[13.37989,52.45607],[13.38072,52.45488],[13.38417,52.45465],[13.38389,52.45663],[13.38394,52.457],[13.37844,52.45748],[13.37731,52.45757],[13.37702,52.4563],[13.37811,52.45621],[13.37989,52.45607]]]},"properties":{"UWB":"07422","UWB3":"422","BWB":"074R","BWB3":"4R","AWK":"0704","BEZ":"07","BWK":"81"}},
{"type":"Feature","geometry":{"type":"Polygon","coordinates":[[[13.37795,52.45234],[13.38426,52.45388],[13.38428,52.45389],[13.38439,52.45392],[13.39436,52.45641],[13.39332,52.45796],[13.39149,52.45752],[13.38718,52.45791],[13.38692,52.45678],[13.38394,52.457],[13.38389,52.45663],[13.38417,52.45465],[13.38072,52.45488],[13.37989,52.45607],[13.37975,52.45535],[13.37663,52.45426],[13.37718,52.45363],[13.37795,52.45234]]]},"properties":{"UWB":"07423","UWB3":"423","BWB":"074S","BWB3":"4S","AWK":"0704","BEZ":"07","BWK":"81"}},
{"type":"Feature","geometry":{"type":"Polygon","coordinates":[[[13.38559,52.46711],[13.38941,52.46707],[13.38938,52.46579],[13.39271,52.46564],[13.39459,52.46548],[13.39461,52.46612],[13.38884,52.46855],[13.38559,52.46858],[13.38559,52.46711]]]},"properties":{"UWB":"07424","UWB3":"424","BWB":"074T","BWB3":"4T","AWK":"0704","BEZ":"07","BWK":"81"}},
{"type":"Feature","geometry":{"type":"Polygon","coordinates":[[[13.38561,52.46983],[13.38559,52.46858],[13.38884,52.46855],[13.39461,52.46612],[13.39459,52.46548],[13.39401,52.45989],[13.39208,52.46009],[13.39194,52.46011],[13.39332,52.45796],[13.39436,52.45641],[13.40156,52.4581],[13.406,52.45863],[13.4118,52.45842],[13.41157,52.46128],[13.4062,52.462],[13.4042,52.46282],[13.40092,52.46534],[13.39597,52.4669],[13.39121,52.4689],[13.38561,52.46983]]]},"properties":{"UWB":"07425","UWB3":"425","BWB":"074T","BWB3":"4T","AWK":"0704","BEZ":"07","BWK":"81"}},
{"type":"Feature","geometry":{"type":"Polygon","coordinates":[[[13.38559,52.46482],[13.3924,52.46431],[13.39271,52.46564],[13.38938,52.46579],[13.38941,52.46707],[13.38559,52.46711],[13.38559,52.46482]]]},"properties":{"UWB":"07426","UWB3":"426","BWB":"074U","BWB3":"4U","AWK":"0704","BEZ":"07","BWK":"81"}},
{"type":"Feature","geometry":{"type":"Polygon","coordinates":[[[13.38558,52.46429],[13.38483,52.46081],[13.39143,52.46018],[13.39194,52.46011],[13.39208,52.46009],[13.39401,52.45989],[13.39459,52.46548],[13.39271,52.46564],[13.3924,52.46431],[13.38559,52.46482],[13.38558,52.46429]]]},"properties":{"UWB":"07427","UWB3":"427","BWB":"074V","BWB3":"4V","AWK":"0704","BEZ":"07","BWK":"81"}},
{"type":"Feature","geometry":{"type":"Polygon","coordinates":[[[13.38394,52.457],[13.38692,52.45678],[13.38718,52.45791],[13.39149,52.45752],[13.39332,52.45796],[13.39194,52.46011],[13.39143,52.46018],[13.38483,52.46081],[13.38394,52.457]]]},"properties":{"UWB":"07428","UWB3":"428","BWB":"074S","BWB3":"4S","AWK":"0704","BEZ":"07","BWK":"81"}},
{"type":"Feature","geometry":{"type":"Polygon","coordinates":[[[13.3657,52.44625],[13.37216,52.44449],[13.37396,52.44513],[13.37281,52.44601],[13.3696,52.4484],[13.3657,52.44625]]]},"properties":{"UWB":"07501","UWB3":"501","BWB":"075A","BWB3":"5A","AWK":"0705","BEZ":"07","BWK":"81"}},
{"type":"Feature","geometry":{"type":"Polygon","coordinates":[[[13.36268,52.44408],[13.36489,52.44042],[13.37155,52.42919],[13.37383,52.42638],[13.37382,52.42638],[13.3738,52.42629],[13.37394,52.42613],[13.37421,52.42661],[13.37463,52.42733],[13.37591,52.42975],[13.38182,52.42935],[13.3823,52.43111],[13.38307,52.43401],[13.38074,52.43438],[13.37829,52.43481],[13.38181,52.43934],[13.38168,52.4394],[13.38058,52.44287],[13.38055,52.44286],[13.37771,52.44254],[13.37396,52.44513],[13.37216,52.44449],[13.3657,52.44625],[13.36249,52.44446],[13.36267,52.4441],[13.36268,52.44408]]]},"properties":{"UWB":"07502","UWB3":"502","BWB":"075A","BWB3":"5A","AWK":"0705","BEZ":"07","BWK":"81"}},
{"type":"Feature","geometry":{"type":"Polygon","coordinates":[[[13.3696,52.4484],[13.37281,52.44601],[13.37487,52.44622],[13.37455,52.44775],[13.37908,52.44812],[13.3788,52.4499],[13.37795,52.45234],[13.37433,52.45101],[13.37128,52.44934],[13.37071,52.44902],[13.36968,52.44844],[13.3696,52.4484]]]},"properties":{"UWB":"07503","UWB3":"503","BWB":"075B","BWB3":"5B","AWK":"0705","BEZ":"07","BWK":"81"}},
{"type":"Feature","geometry":{"type":"Polygon","coordinates":[[[13.37396,52.44513],[13.37948,52.4454],[13.37908,52.44812],[13.37455,52.44775],[13.37487,52.44622],[13.37281,52.44601],[13.37396,52.44513]]]},"properties":{"UWB":"07504","UWB3":"504","BWB":"075B","BWB3":"5B","AWK":"0705","BEZ":"07","BWK":"81"}},
{"type":"Feature","geometry":{"type":"Polygon","coordinates":[[[13.38055,52.44286],[13.38018,52.44367],[13.37957,52.44486],[13.3795,52.44526],[13.37948,52.4454],[13.37396,52.44513],[13.37771,52.44254],[13.38055,52.44286]]]},"properties":{"UWB":"07505","UWB3":"505","BWB":"075C","BWB3":"5C","AWK":"0705","BEZ":"07","BWK":"81"}},
{"type":"Feature","geometry":{"type":"Polygon","coordinates":[[[13.37795,52.45234],[13.3788,52.4499],[13.38162,52.45003],[13.38493,52.45018],[13.38493,52.45019],[13.38448,52.4527],[13.38428,52.45389],[13.38426,52.45388],[13.37795,52.45234]]]},"properties":{"UWB":"07506","UWB3":"506","BWB":"075D","BWB3":"5D","AWK":"0705","BEZ":"07","BWK":"81"}},
{"type":"Feature","geometry":{"type":"Polygon","coordinates":[[[13.3788,52.4499],[13.37908,52.44812],[13.38532,52.44804],[13.38509,52.44927],[13.38493,52.45018],[13.38162,52.45003],[13.3788,52.4499]]]},"properties":{"UWB":"07507","UWB3":"507","BWB":"075E","BWB3":"5E","AWK":"0705","BEZ":"07","BWK":"81"}},
{"type":"Feature","geometry":{"type":"Polygon","coordinates":[[[13.37948,52.4454],[13.3795,52.44526],[13.3858,52.44561],[13.38555,52.44681],[13.38532,52.44804],[13.37908,52.44812],[13.37948,52.4454]]]},"properties":{"UWB":"07508","UWB3":"508","BWB":"075F","BWB3":"5F","AWK":"0705","BEZ":"07","BWK":"81"}},
{"type":"Feature","geometry":{"type":"Polygon","coordinates":[[[13.38058,52.44287],[13.38278,52.44305],[13.38288,52.44183],[13.38661,52.44215],[13.38581,52.44556],[13.3858,52.44561],[13.3795,52.44526],[13.37957,52.44486],[13.38018,52.44367],[13.38055,52.44286],[13.38058,52.44287]]]},"properties":{"UWB":"07509","UWB3":"509","BWB":"075C","BWB3":"5C","AWK":"0705","BEZ":"07","BWK":"81"}},
{"type":"Feature","geometry":{"type":"Polygon","coordinates":[[[13.38181,52.43934],[13.38194,52.43928],[13.3842,52.43841],[13.38772,52.43902],[13.38661,52.44215],[13.38288,52.44183],[13.38278,52.44305],[13.38058,52.44287],[13.38168,52.4394],[13.38181,52.43934]]]},"properties":{"UWB":"07510","UWB3":"510","BWB":"075G","BWB3":"5G","AWK":"0705","BEZ":"07","BWK":"81"}},
{"type":"Feature","geometry":{"type":"Polygon","coordinates":[[[13.38074,52.43438],[13.38222,52.436],[13.38357,52.4359],[13.3842,52.43841],[13.38194,52.43928],[13.38181,52.43934],[13.37829,52.43481],[13.38074,52.43438]]]},"properties":{"UWB":"07511","UWB3":"511","BWB":"075H","BWB3":"5H","AWK":"0705","BEZ":"07","BWK":"81"}},
{"type":"Feature","geometry":{"type":"Polygon","coordinates":[[[13.3823,52.43111],[13.38679,52.43106],[13.38608,52.43381],[13.38558,52.43557],[13.38357,52.4359],[13.38222,52.436],[13.38074,52.43438],[13.38307,52.43401],[13.3823,52.43111]]]},"properties":{"UWB":"07512","UWB3":"512","BWB":"075H","BWB3":"5H","AWK":"0705","BEZ":"07","BWK":"81"}},
{"type":"Feature","geometry":{"type":"Polygon","coordinates":[[[13.3842,52.43841],[13.38357,52.4359],[13.38558,52.43557],[13.38608,52.43381],[13.38994,52.43434],[13.39093,52.43428],[13.39119,52.43609],[13.38951,52.43932],[13.38772,52.43902],[13.3842,52.43841]]]},"properties":{"UWB":"07513","UWB3":"513","BWB":"075G","BWB3":"5G","AWK":"0705","BEZ":"07","BWK":"81"}},
{"type":"Feature","geometry":{"type":"Polygon","coordinates":[[[13.38493,52.45018],[13.38509,52.44927],[13.38532,52.44804],[13.38715,52.44798],[13.38856,52.44787],[13.38881,52.44947],[13.38791,52.45306],[13.38448,52.4527],[13.38493,52.45019],[13.38493,52.45018]]]},"properties":{"UWB":"07514","UWB3":"514","BWB":"075D","BWB3":"5D","AWK":"0705","BEZ":"07","BWK":"81"}},
{"type":"Feature","geometry":{"type":"Polygon","coordinates":[[[13.38428,52.45389],[13.38448,52.4527],[13.38791,52.45306],[13.38881,52.44947],[13.38856,52.44787],[13.38715,52.44798],[13.38802,52.44351],[13.38969,52.44374],[13.38951,52.44565],[13.39104,52.44555],[13.39142,52.44765],[13.39605,52.44729],[13.3967,52.45294],[13.39676,52.45295],[13.39436,52.45641],[13.38439,52.45392],[13.38428,52.45389]]]},"properties":{"UWB":"07515","UWB3":"515","BWB":"075I","BWB3":"5I","AWK":"0705","BEZ":"07","BWK":"81"}},
{"type":"Feature","geometry":{"type":"Polygon","coordinates":[[[13.3858,52.44561],[13.38581,52.44556],[13.38661,52.44215],[13.38772,52.43902],[13.38951,52.43932],[13.39337,52.44],[13.39519,52.44011],[13.39917,52.44403],[13.39921,52.44406],[13.39903,52.44413],[13.39822,52.44445],[13.39556,52.44466],[13.39394,52.44443],[13.38969,52.44374],[13.38802,52.44351],[13.38715,52.44798],[13.38532,52.44804],[13.38555,52.44681],[13.3858,52.44561]]]},"properties":{"UWB":"07516","UWB3":"516","BWB":"075K","BWB3":"5K","AWK":"0705","BEZ":"07","BWK":"81"}},
{"type":"Feature","geometry":{"type":"Polygon","coordinates":[[[13.38969,52.44374],[13.39394,52.44443],[13.39585,52.44525],[13.39605,52.44729],[13.39142,52.44765],[13.39104,52.44555],[13.38951,52.44565],[13.38969,52.44374]]]},"properties":{"UWB":"07517","UWB3":"517","BWB":"075L","BWB3":"5L","AWK":"0705","BEZ":"07","BWK":"81"}},
{"type":"Feature","geometry":{"type":"Polygon","coordinates":[[[13.39921,52.44406],[13.40015,52.44495],[13.40193,52.44666],[13.39605,52.44729],[13.39585,52.44525],[13.39394,52.44443],[13.39556,52.44466],[13.39822,52.44445],[13.39903,52.44413],[13.39921,52.44406]]]},"properties":{"UWB":"07518","UWB3":"518","BWB":"075K","BWB3":"5K","AWK":"0705","BEZ":"07","BWK":"81"}},
{"type":"Feature","geometry":{"type":"Polygon","coordinates":[[[13.41157,52.46128],[13.4173,52.46071],[13.41872,52.46086],[13.41768,52.46484],[13.42162,52.46521],[13.42136,52.46582],[13.41686,52.46548],[13.41346,52.46518],[13.4122,52.46442],[13.41157,52.46128]]]},"properties":{"UWB":"07519","UWB3":"519","BWB":"075M","BWB3":"5M","AWK":"0705","BEZ":"07","BWK":"81"}},
{"type":"Feature","geometry":{"type":"Polygon","coordinates":[[[13.39436,52.45641],[13.39676,52.45295],[13.39739,52.45298],[13.40505,52.45279],[13.40795,52.45252],[13.40528,52.44967],[13.41075,52.44946],[13.41362,52.44935],[13.41573,52.44927],[13.41594,52.45017],[13.42119,52.45675],[13.42657,52.4567],[13.42476,52.45782],[13.42061,52.45937],[13.42212,52.46258],[13.42162,52.46521],[13.41768,52.46484],[13.41872,52.46086],[13.4173,52.46071],[13.41157,52.46128],[13.4118,52.45842],[13.406,52.45863],[13.40156,52.4581],[13.39436,52.45641]]]},"properties":{"UWB":"07520","UWB3":"520","BWB":"075M","BWB3":"5M","AWK":"0705","BEZ":"07","BWK":"81"}},
{"type":"Feature","geometry":{"type":"Polygon","coordinates":[[[13.39605,52.44729],[13.40193,52.44666],[13.402,52.44673],[13.40691,52.44662],[13.41212,52.44621],[13.41458,52.44674],[13.41573,52.44926],[13.41573,52.44927],[13.41362,52.44935],[13.41075,52.44946],[13.40528,52.44967],[13.40795,52.45252],[13.40505,52.45279],[13.39739,52.45298],[13.39676,52.45295],[13.3967,52.45294],[13.39605,52.44729]]]},"properties":{"UWB":"07521","UWB3":"521","BWB":"075N","BWB3":"5N","AWK":"0705","BEZ":"07","BWK":"81"}},
{"type":"Feature","geometry":{"type":"Polygon","coordinates":[[[13.39519,52.44011],[13.39925,52.43995],[13.39963,52.44272],[13.40111,52.44255],[13.40137,52.44481],[13.4049,52.44455],[13.40797,52.44503],[13.41173,52.44475],[13.41204,52.44467],[13.41343,52.44461],[13.41458,52.44674],[13.41212,52.44621],[13.40691,52.44662],[13.402,52.44673],[13.40193,52.44666],[13.40015,52.44495],[13.39921,52.44406],[13.39917,52.44403],[13.39519,52.44011]]]},"properties":{"UWB":"07522","UWB3":"522","BWB":"075P","BWB3":"5P","AWK":"0705","BEZ":"07","BWK":"81"}},
{"type":"Feature","geometry":{"type":"Polygon","coordinates":[[[13.4049,52.44455],[13.40401,52.43955],[13.41121,52.43901],[13.41342,52.44458],[13.41342,52.44459],[13.41343,52.44461],[13.41204,52.44467],[13.41173,52.44475],[13.40797,52.44503],[13.4049,52.44455]]]},"properties":{"UWB":"07523","UWB3":"523","BWB":"075R","BWB3":"5R","AWK":"0705","BEZ":"07","BWK":"81"}},
{"type":"Feature","geometry":{"type":"Polygon","coordinates":[[[13.39925,52.43995],[13.40401,52.43955],[13.4049,52.44455],[13.40137,52.44481],[13.40111,52.44255],[13.39963,52.44272],[13.39925,52.43995]]]},"properties":{"UWB":"07524","UWB3":"524","BWB":"075R","BWB3":"5R","AWK":"0705","BEZ":"07","BWK":"81"}},
{"type":"Feature","geometry":{"type":"Polygon","coordinates":[[[13.39119,52.43609],[13.39982,52.4349],[13.40161,52.43562],[13.40199,52.43756],[13.40359,52.4374],[13.40298,52.4345],[13.40909,52.434],[13.41038,52.43614],[13.41121,52.43901],[13.40401,52.43955],[13.39925,52.43995],[13.39519,52.44011],[13.39337,52.44],[13.38951,52.43932],[13.39119,52.43609]]]},"properties":{"UWB":"07525","UWB3":"525","BWB":"075S","BWB3":"5S","AWK":"0705","BEZ":"07","BWK":"81"}},
{"type":"Feature","geometry":{"type":"Polygon","coordinates":[[[13.39093,52.43428],[13.39129,52.43391],[13.39913,52.43297],[13.39878,52.432],[13.40396,52.43132],[13.40698,52.43032],[13.40701,52.43034],[13.40824,52.43222],[13.40829,52.43229],[13.40835,52.43236],[13.40909,52.434],[13.40298,52.4345],[13.40359,52.4374],[13.40199,52.43756],[13.40161,52.43562],[13.39982,52.4349],[13.39119,52.43609],[13.39093,52.43428]]]},"properties":{"UWB":"07526","UWB3":"526","BWB":"075S","BWB3":"5S","AWK":"0705","BEZ":"07","BWK":"81"}},
{"type":"Feature","geometry":{"type":"Polygon","coordinates":[[[13.39129,52.43391],[13.39252,52.43253],[13.39878,52.432],[13.39913,52.43297],[13.39129,52.43391]]]},"properties":{"UWB":"07527","UWB3":"527","BWB":"075T","BWB3":"5T","AWK":"0705","BEZ":"07","BWK":"81"}},
{"type":"Feature","geometry":{"type":"Polygon","coordinates":[[[13.38994,52.43434],[13.39247,52.42986],[13.39338,52.43005],[13.40554,52.42837],[13.40514,52.42793],[13.4062,52.42743],[13.4062,52.42744],[13.40698,52.43032],[13.40396,52.43132],[13.39878,52.432],[13.39252,52.43253],[13.39129,52.43391],[13.39093,52.43428],[13.38994,52.43434]]]},"properties":{"UWB":"07528","UWB3":"528","BWB":"075T","BWB3":"5T","AWK":"0705","BEZ":"07","BWK":"81"}},
{"type":"Feature","geometry":{"type":"Polygon","coordinates":[[[13.37421,52.42661],[13.37486,52.42629],[13.37525,52.42609],[13.37551,52.42593],[13.37931,52.42424],[13.38245,52.42315],[13.38727,52.42463],[13.39459,52.42614],[13.39428,52.42669],[13.39247,52.42986],[13.38994,52.43434],[13.38608,52.43381],[13.38679,52.43106],[13.3823,52.43111],[13.38182,52.42935],[13.37591,52.42975],[13.37463,52.42733],[13.37421,52.42661]]]},"properties":{"UWB":"07601","UWB3":"601","BWB":"076A","BWB3":"6A","AWK":"0706","BEZ":"07","BWK":"81"}},
{"type":"Feature","geometry":{"type":"Polygon","coordinates":[[[13.36536,52.42399],[13.36535,52.42399],[13.36412,52.42227],[13.3641,52.42224],[13.36507,52.42195],[13.37067,52.42235],[13.37072,52.42241],[13.37298,52.42491],[13.37382,52.42638],[13.37383,52.42638],[13.37155,52.42919],[13.37115,52.4288],[13.37109,52.42877],[13.36975,52.42816],[13.36791,52.42761],[13.36537,52.42401],[13.36536,52.42399]]]},"properties":{"UWB":"07602","UWB3":"602","BWB":"076B","BWB3":"6B","AWK":"0706","BEZ":"07","BWK":"81"}},
{"type":"Feature","geometry":{"type":"Polygon","coordinates":[[[13.36074,52.4207],[13.36241,52.41853],[13.3666,52.41752],[13.36785,52.41899],[13.36929,52.42071],[13.37067,52.42235],[13.36507,52.42195],[13.3641,52.42224],[13.3632,52.42141],[13.36074,52.4207]]]},"properties":{"UWB":"07603","UWB3":"603","BWB":"076C","BWB3":"6C","AWK":"0706","BEZ":"07","BWK":"81"}},
{"type":"Feature","geometry":{"type":"Polygon","coordinates":[[[13.35914,52.41991],[13.36192,52.41521],[13.362,52.41374],[13.36142,52.41252],[13.36075,52.41118],[13.36105,52.4111],[13.36341,52.41342],[13.3666,52.41752],[13.36241,52.41853],[13.36074,52.4207],[13.35927,52.41994],[13.35914,52.41991]]]},"properties":{"UWB":"07604","UWB3":"604","BWB":"076C","BWB3":"6C","AWK":"0706","BEZ":"07","BWK":"81"}},
{"type":"Feature","geometry":{"type":"Polygon","coordinates":[[[13.35264,52.41769],[13.35333,52.41677],[13.35443,52.41553],[13.35795,52.41471],[13.35703,52.4139],[13.362,52.41374],[13.36192,52.41521],[13.35914,52.41991],[13.35912,52.4199],[13.35483,52.41838],[13.35479,52.41837],[13.35476,52.41836],[13.35272,52.41772],[13.35264,52.41769]]]},"properties":{"UWB":"07605","UWB3":"605","BWB":"076D","BWB3":"6D","AWK":"0706","BEZ":"07","BWK":"81"}},
{"type":"Feature","geometry":{"type":"Polygon","coordinates":[[[13.362,52.41374],[13.35703,52.4139],[13.35795,52.41471],[13.35443,52.41553],[13.35333,52.41677],[13.35112,52.41544],[13.35024,52.41431],[13.3523,52.41389],[13.35531,52.41329],[13.36142,52.41252],[13.362,52.41374]]]},"properties":{"UWB":"07606","UWB3":"606","BWB":"076E","BWB3":"6E","AWK":"0706","BEZ":"07","BWK":"81"}},
{"type":"Feature","geometry":{"type":"Polygon","coordinates":[[[13.34295,52.41177],[13.34701,52.41206],[13.34797,52.41473],[13.35024,52.41431],[13.35112,52.41544],[13.35333,52.41677],[13.35264,52.41769],[13.35263,52.41769],[13.34547,52.41525],[13.34274,52.41416],[13.34295,52.41177]]]},"properties":{"UWB":"07607","UWB3":"607","BWB":"076F","BWB3":"6F","AWK":"0706","BEZ":"07","BWK":"81"}},
{"type":"Feature","geometry":{"type":"Polygon","coordinates":[[[13.34701,52.41206],[13.34727,52.41127],[13.34754,52.40929],[13.35054,52.40929],[13.35052,52.4094],[13.35034,52.40995],[13.35032,52.41001],[13.34982,52.41324],[13.35024,52.41431],[13.34797,52.41473],[13.34701,52.41206]]]},"properties":{"UWB":"07608","UWB3":"608","BWB":"076F","BWB3":"6F","AWK":"0706","BEZ":"07","BWK":"81"}},
{"type":"Feature","geometry":{"type":"Polygon","coordinates":[[[13.34334,52.41172],[13.34305,52.40768],[13.34605,52.40584],[13.3488,52.40664],[13.34756,52.40917],[13.34754,52.40929],[13.34727,52.41127],[13.34701,52.41206],[13.34295,52.41177],[13.34334,52.41172]]]},"properties":{"UWB":"07609","UWB3":"609","BWB":"076G","BWB3":"6G","AWK":"0706","BEZ":"07","BWK":"81"}},
{"type":"Feature","geometry":{"type":"Polygon","coordinates":[[[13.34754,52.40929],[13.34756,52.40917],[13.3488,52.40664],[13.34605,52.40584],[13.35037,52.40316],[13.3534,52.40598],[13.35448,52.40565],[13.35451,52.40564],[13.35314,52.40771],[13.35065,52.40709],[13.35061,52.40892],[13.35054,52.40929],[13.34754,52.40929]]]},"properties":{"UWB":"07610","UWB3":"610","BWB":"076G","BWB3":"6G","AWK":"0706","BEZ":"07","BWK":"81"}},
{"type":"Feature","geometry":{"type":"Polygon","coordinates":[[[13.35024,52.41431],[13.34982,52.41324],[13.35032,52.41001],[13.35034,52.40995],[13.35303,52.40991],[13.35309,52.41132],[13.35524,52.41128],[13.35525,52.41191],[13.35531,52.41329],[13.3523,52.41389],[13.35024,52.41431]]]},"properties":{"UWB":"07611","UWB3":"611","BWB":"076H","BWB3":"6H","AWK":"0706","BEZ":"07","BWK":"81"}},
{"type":"Feature","geometry":{"type":"Polygon","coordinates":[[[13.37067,52.42235],[13.36929,52.42071],[13.36785,52.41899],[13.37198,52.4177],[13.37394,52.41925],[13.375,52.41892],[13.37619,52.42036],[13.37417,52.42434],[13.37298,52.42491],[13.37072,52.42241],[13.37067,52.42235]]]},"properties":{"UWB":"07612","UWB3":"612","BWB":"076B","BWB3":"6B","AWK":"0706","BEZ":"07","BWK":"81"}},
{"type":"Feature","geometry":{"type":"Polygon","coordinates":[[[13.3666,52.41752],[13.36341,52.41342],[13.36833,52.4123],[13.36911,52.41332],[13.37342,52.41216],[13.37514,52.41421],[13.37612,52.41539],[13.37342,52.41637],[13.375,52.41892],[13.37394,52.41925],[13.37198,52.4177],[13.36785,52.41899],[13.3666,52.41752]]]},"properties":{"UWB":"07613","UWB3":"613","BWB":"076I","BWB3":"6I","AWK":"0706","BEZ":"07","BWK":"81"}},
{"type":"Feature","geometry":{"type":"Polygon","coordinates":[[[13.35054,52.40929],[13.35061,52.40892],[13.35065,52.40709],[13.35314,52.40771],[13.35368,52.40842],[13.35402,52.40855],[13.35508,52.40957],[13.35524,52.41128],[13.35309,52.41132],[13.35303,52.40991],[13.35034,52.40995],[13.35052,52.4094],[13.35054,52.40929]]]},"properties":{"UWB":"07614","UWB3":"614","BWB":"076H","BWB3":"6H","AWK":"0706","BEZ":"07","BWK":"81"}},
{"type":"Feature","geometry":{"type":"Polygon","coordinates":[[[13.38843,52.3943],[13.38634,52.3943],[13.38512,52.39767],[13.38184,52.39694],[13.38072,52.39099],[13.38222,52.39011],[13.38563,52.38899],[13.38591,52.3914],[13.38824,52.39134],[13.38843,52.3943]]]},"properties":{"UWB":"07615","UWB3":"615","BWB":"076K","BWB3":"6K","AWK":"0706","BEZ":"07","BWK":"81"}},
{"type":"Feature","geometry":{"type":"Polygon","coordinates":[[[13.38843,52.3943],[13.39126,52.39431],[13.38923,52.3985],[13.38949,52.39856],[13.39045,52.39876],[13.39264,52.39825],[13.39264,52.39826],[13.39351,52.39969],[13.39551,52.40029],[13.39549,52.40034],[13.39538,52.40052],[13.39404,52.40281],[13.39019,52.40296],[13.3894,52.40139],[13.3872,52.40524],[13.38709,52.40522],[13.38567,52.40793],[13.38255,52.41109],[13.38023,52.41059],[13.38033,52.41048],[13.37667,52.40927],[13.3769,52.40832],[13.38223,52.40462],[13.38278,52.40356],[13.38184,52.39694],[13.38512,52.39767],[13.38634,52.3943],[13.38843,52.3943]]]},"properties":{"UWB":"07616","UWB3":"616","BWB":"076L","BWB3":"6L","AWK":"0706","BEZ":"07","BWK":"81"}},
{"type":"Feature","geometry":{"type":"Polygon","coordinates":[[[13.37382,52.42638],[13.37298,52.42491],[13.37417,52.42434],[13.37619,52.42036],[13.375,52.41892],[13.37342,52.41637],[13.37612,52.41539],[13.37613,52.41541],[13.37853,52.41564],[13.37611,52.4127],[13.37672,52.41251],[13.3843,52.41603],[13.39059,52.42001],[13.38652,52.42123],[13.38245,52.42315],[13.37931,52.42424],[13.37551,52.42593],[13.37525,52.42609],[13.37486,52.42629],[13.37421,52.42661],[13.37394,52.42613],[13.3738,52.42629],[13.37382,52.42638]]]},"properties":{"UWB":"07617","UWB3":"617","BWB":"076M","BWB3":"6M","AWK":"0706","BEZ":"07","BWK":"81"}},
{"type":"Feature","geometry":{"type":"Polygon","coordinates":[[[13.36142,52.41252],[13.35531,52.41329],[13.35525,52.41191],[13.3583,52.41153],[13.35735,52.40895],[13.35927,52.40903],[13.36041,52.4105],[13.36075,52.41118],[13.36142,52.41252]]]},"properties":{"UWB":"07618","UWB3":"618","BWB":"076N","BWB3":"6N","AWK":"0706","BEZ":"07","BWK":"81"}},
{"type":"Feature","geometry":{"type":"Polygon","coordinates":[[[13.35451,52.40564],[13.35484,52.40556],[13.35612,52.40519],[13.35927,52.40903],[13.35735,52.40895],[13.3583,52.41153],[13.35525,52.41191],[13.35524,52.41128],[13.35508,52.40957],[13.35402,52.40855],[13.35368,52.40842],[13.35314,52.40771],[13.35451,52.40564]]]},"properties":{"UWB":"07619","UWB3":"619","BWB":"076N","BWB3":"6N","AWK":"0706","BEZ":"07","BWK":"81"}},
{"type":"Feature","geometry":{"type":"Polygon","coordinates":[[[13.36075,52.41118],[13.36041,52.4105],[13.35927,52.40903],[13.35612,52.40519],[13.35484,52.40556],[13.35451,52.40564],[13.35448,52.40565],[13.3534,52.40598],[13.35037,52.40316],[13.35931,52.3985],[13.37195,52.3938],[13.37035,52.38842],[13.3787,52.38816],[13.3873,52.38857],[13.38563,52.38899],[13.38222,52.39011],[13.38072,52.39099],[13.38184,52.39694],[13.38278,52.40356],[13.38223,52.40462],[13.3769,52.40832],[13.37667,52.40927],[13.38033,52.41048],[13.38023,52.41059],[13.38012,52.41071],[13.37626,52.41049],[13.37243,52.411],[13.36833,52.4123],[13.36341,52.41342],[13.36105,52.4111],[13.36075,52.41118]]]},"properties":{"UWB":"07620","UWB3":"620","BWB":"076P","BWB3":"6P","AWK":"0706","BEZ":"07","BWK":"81"}},
{"type":"Feature","geometry":{"type":"Polygon","coordinates":[[[13.36833,52.4123],[13.37243,52.411],[13.37626,52.41049],[13.38012,52.41071],[13.38023,52.41059],[13.38255,52.41109],[13.38567,52.40793],[13.38709,52.40522],[13.3872,52.40524],[13.38747,52.40529],[13.38858,52.40553],[13.38951,52.40774],[13.39153,52.4073],[13.39442,52.40791],[13.39318,52.40998],[13.39404,52.41111],[13.39272,52.41263],[13.39241,52.41317],[13.39239,52.41322],[13.39231,52.41353],[13.39276,52.41788],[13.39059,52.42001],[13.3843,52.41603],[13.37672,52.41251],[13.37611,52.4127],[13.37853,52.41564],[13.37613,52.41541],[13.37612,52.41539],[13.37514,52.41421],[13.37342,52.41216],[13.36911,52.41332],[13.36833,52.4123]]]},"properties":{"UWB":"07621","UWB3":"621","BWB":"076R","BWB3":"6R","AWK":"0706","BEZ":"07","BWK":"81"}},
{"type":"Feature","geometry":{"type":"Polygon","coordinates":[[[13.39272,52.41263],[13.40143,52.4146],[13.40142,52.41462],[13.39949,52.41802],[13.3988,52.4192],[13.39682,52.4188],[13.39678,52.41879],[13.39661,52.41876],[13.39618,52.41751],[13.39304,52.4134],[13.39239,52.41322],[13.39241,52.41317],[13.39272,52.41263]]]},"properties":{"UWB":"07622","UWB3":"622","BWB":"076S","BWB3":"6S","AWK":"0706","BEZ":"07","BWK":"81"}},
{"type":"Feature","geometry":{"type":"Polygon","coordinates":[[[13.39239,52.41322],[13.39304,52.4134],[13.39618,52.41751],[13.39661,52.41876],[13.39678,52.41879],[13.3966,52.41883],[13.3957,52.41905],[13.39397,52.41943],[13.39414,52.41981],[13.39275,52.42008],[13.39173,52.42071],[13.39059,52.42001],[13.39276,52.41788],[13.39231,52.41353],[13.39239,52.41322]]]},"properties":{"UWB":"07623","UWB3":"623","BWB":"076S","BWB3":"6S","AWK":"0706","BEZ":"07","BWK":"81"}},
{"type":"Feature","geometry":{"type":"Polygon","coordinates":[[[13.39678,52.41879],[13.39682,52.4188],[13.3988,52.4192],[13.39949,52.41802],[13.40012,52.41877],[13.40424,52.41985],[13.40481,52.42],[13.40547,52.42176],[13.40306,52.42277],[13.40307,52.42278],[13.40022,52.42333],[13.40089,52.42466],[13.40001,52.42529],[13.39717,52.42383],[13.39242,52.42113],[13.39173,52.42071],[13.39275,52.42008],[13.39414,52.41981],[13.39397,52.41943],[13.3957,52.41905],[13.3966,52.41883],[13.39678,52.41879]]]},"properties":{"UWB":"07624","UWB3":"624","BWB":"076T","BWB3":"6T","AWK":"0706","BEZ":"07","BWK":"81"}},
{"type":"Feature","geometry":{"type":"Polygon","coordinates":[[[13.38245,52.42315],[13.38652,52.42123],[13.39059,52.42001],[13.39173,52.42071],[13.39242,52.42113],[13.39717,52.42383],[13.39591,52.42703],[13.39428,52.42669],[13.39459,52.42614],[13.38727,52.42463],[13.38245,52.42315]]]},"properties":{"UWB":"07625","UWB3":"625","BWB":"076A","BWB3":"6A","AWK":"0706","BEZ":"07","BWK":"81"}},
{"type":"Feature","geometry":{"type":"Polygon","coordinates":[[[13.39247,52.42986],[13.39428,52.42669],[13.39591,52.42703],[13.39717,52.42383],[13.40001,52.42529],[13.40514,52.42793],[13.40554,52.42837],[13.39338,52.43005],[13.39247,52.42986]]]},"properties":{"UWB":"07626","UWB3":"626","BWB":"076U","BWB3":"6U","AWK":"0706","BEZ":"07","BWK":"81"}},
{"type":"Feature","geometry":{"type":"Polygon","coordinates":[[[13.40514,52.42793],[13.40001,52.42529],[13.40089,52.42466],[13.40022,52.42333],[13.40307,52.42278],[13.4062,52.42743],[13.40514,52.42793]]]},"properties":{"UWB":"07627","UWB3":"627","BWB":"076U","BWB3":"6U","AWK":"0706","BEZ":"07","BWK":"81"}},
{"type":"Feature","geometry":{"type":"Polygon","coordinates":[[[13.39404,52.40281],[13.39864,52.40332],[13.3971,52.40605],[13.39404,52.41111],[13.39318,52.40998],[13.39442,52.40791],[13.39153,52.4073],[13.38951,52.40774],[13.38858,52.40553],[13.38747,52.40529],[13.3872,52.40524],[13.3894,52.40139],[13.39019,52.40296],[13.39404,52.40281]]]},"properties":{"UWB":"07628","UWB3":"628","BWB":"076R","BWB3":"6R","AWK":"0706","BEZ":"07","BWK":"81"}},
{"type":"Feature","geometry":{"type":"Polygon","coordinates":[[[13.39404,52.41111],[13.3971,52.40605],[13.40081,52.40647],[13.39944,52.40895],[13.40381,52.40985],[13.40348,52.41046],[13.4025,52.41271],[13.40143,52.4146],[13.39272,52.41263],[13.39404,52.41111]]]},"properties":{"UWB":"07701","UWB3":"701","BWB":"077A","BWB3":"7A","AWK":"0707","BEZ":"07","BWK":"81"}},
{"type":"Feature","geometry":{"type":"Polygon","coordinates":[[[13.39864,52.40332],[13.40617,52.40437],[13.40572,52.4065],[13.40571,52.40652],[13.40542,52.407],[13.40459,52.40846],[13.40381,52.40984],[13.40381,52.40985],[13.39944,52.40895],[13.40081,52.40647],[13.3971,52.40605],[13.39864,52.40332]]]},"properties":{"UWB":"07702","UWB3":"702","BWB":"077B","BWB3":"7B","AWK":"0707","BEZ":"07","BWK":"81"}},
{"type":"Feature","geometry":{"type":"Polygon","coordinates":[[[13.39549,52.40034],[13.39708,52.40052],[13.39849,52.40067],[13.40004,52.40085],[13.40181,52.40122],[13.40324,52.39856],[13.40643,52.39848],[13.40617,52.40437],[13.39864,52.40332],[13.39404,52.40281],[13.39538,52.40052],[13.39549,52.40034]]]},"properties":{"UWB":"07703","UWB3":"703","BWB":"077C","BWB3":"7C","AWK":"0707","BEZ":"07","BWK":"81"}},
{"type":"Feature","geometry":{"type":"Polygon","coordinates":[[[13.39264,52.39826],[13.3921,52.39771],[13.39313,52.39596],[13.3955,52.39703],[13.39766,52.39611],[13.40168,52.39439],[13.4017,52.39438],[13.40126,52.39862],[13.40324,52.39856],[13.40181,52.40122],[13.40004,52.40085],[13.39849,52.40067],[13.39708,52.40052],[13.39549,52.40034],[13.39551,52.40029],[13.39351,52.39969],[13.39264,52.39826]]]},"properties":{"UWB":"07704","UWB3":"704","BWB":"077D","BWB3":"7D","AWK":"0707","BEZ":"07","BWK":"81"}},
{"type":"Feature","geometry":{"type":"Polygon","coordinates":[[[13.38923,52.3985],[13.3938,52.39138],[13.39633,52.38669],[13.39902,52.38236],[13.40197,52.37721],[13.40406,52.37699],[13.40248,52.37876],[13.4013,52.38206],[13.40051,52.38316],[13.39857,52.38668],[13.39851,52.38826],[13.39806,52.39258],[13.39766,52.39611],[13.3955,52.39703],[13.39313,52.39596],[13.3921,52.39771],[13.39264,52.39826],[13.39264,52.39825],[13.39045,52.39876],[13.38949,52.39856],[13.38923,52.3985]]]},"properties":{"UWB":"07705","UWB3":"705","BWB":"077D","BWB3":"7D","AWK":"0707","BEZ":"07","BWK":"81"}},
{"type":"Feature","geometry":{"type":"Polygon","coordinates":[[[13.39766,52.39611],[13.39806,52.39258],[13.40442,52.39232],[13.40462,52.39266],[13.40475,52.39377],[13.40243,52.39415],[13.4017,52.39438],[13.40168,52.39439],[13.39766,52.39611]]]},"properties":{"UWB":"07706","UWB3":"706","BWB":"077E","BWB3":"7E","AWK":"0707","BEZ":"07","BWK":"81"}},
{"type":"Feature","geometry":{"type":"Polygon","coordinates":[[[13.39851,52.38826],[13.39999,52.38826],[13.40025,52.39059],[13.40198,52.39036],[13.40149,52.38788],[13.40291,52.38952],[13.40442,52.39231],[13.40442,52.39232],[13.39806,52.39258],[13.39851,52.38826]]]},"properties":{"UWB":"07707","UWB3":"707","BWB":"077E","BWB3":"7E","AWK":"0707","BEZ":"07","BWK":"81"}},
{"type":"Feature","geometry":{"type":"Polygon","coordinates":[[[13.40442,52.39232],[13.40442,52.39231],[13.40291,52.38952],[13.40149,52.38788],[13.40141,52.38668],[13.40324,52.38668],[13.40506,52.38668],[13.40507,52.38826],[13.40838,52.38846],[13.40727,52.38986],[13.40665,52.39377],[13.40475,52.39377],[13.40462,52.39266],[13.40442,52.39232]]]},"properties":{"UWB":"07708","UWB3":"708","BWB":"077F","BWB3":"7F","AWK":"0707","BEZ":"07","BWK":"81"}},
{"type":"Feature","geometry":{"type":"Polygon","coordinates":[[[13.40051,52.38316],[13.40325,52.38373],[13.4089,52.38375],[13.40971,52.38744],[13.40838,52.38846],[13.40507,52.38826],[13.40506,52.38668],[13.40324,52.38668],[13.40141,52.38668],[13.40149,52.38788],[13.40198,52.39036],[13.40025,52.39059],[13.39999,52.38826],[13.39851,52.38826],[13.39857,52.38668],[13.40051,52.38316]]]},"properties":{"UWB":"07709","UWB3":"709","BWB":"077F","BWB3":"7F","AWK":"0707","BEZ":"07","BWK":"81"}},
{"type":"Feature","geometry":{"type":"Polygon","coordinates":[[[13.38563,52.38899],[13.3873,52.38857],[13.3876,52.38668],[13.39188,52.38669],[13.39189,52.38866],[13.39433,52.38865],[13.3954,52.38669],[13.39633,52.38669],[13.3938,52.39138],[13.38923,52.3985],[13.39126,52.39431],[13.38843,52.3943],[13.38824,52.39134],[13.38591,52.3914],[13.38563,52.38899]]]},"properties":{"UWB":"07710","UWB3":"710","BWB":"077G","BWB3":"7G","AWK":"0707","BEZ":"07","BWK":"81"}},
{"type":"Feature","geometry":{"type":"Polygon","coordinates":[[[13.39633,52.38669],[13.3954,52.38669],[13.39433,52.38865],[13.39189,52.38866],[13.39188,52.38669],[13.3876,52.38668],[13.38798,52.38426],[13.39654,52.38425],[13.39762,52.382],[13.39902,52.38236],[13.39633,52.38669]]]},"properties":{"UWB":"07711","UWB3":"711","BWB":"077H","BWB3":"7H","AWK":"0707","BEZ":"07","BWK":"81"}},
{"type":"Feature","geometry":{"type":"Polygon","coordinates":[[[13.39902,52.38236],[13.39762,52.382],[13.39654,52.38425],[13.38798,52.38426],[13.38809,52.37936],[13.38843,52.37786],[13.39712,52.37758],[13.40197,52.37721],[13.39902,52.38236]]]},"properties":{"UWB":"07712","UWB3":"712","BWB":"077I","BWB3":"7I","AWK":"0707","BEZ":"07","BWK":"81"}},
{"type":"Feature","geometry":{"type":"Polygon","coordinates":[[[13.40406,52.37699],[13.41048,52.37664],[13.40971,52.37823],[13.41167,52.37885],[13.4094,52.38222],[13.4089,52.38375],[13.40325,52.38373],[13.40051,52.38316],[13.4013,52.38206],[13.40248,52.37876],[13.40406,52.37699]]]},"properties":{"UWB":"07713","UWB3":"713","BWB":"077K","BWB3":"7K","AWK":"0707","BEZ":"07","BWK":"81"}},
{"type":"Feature","geometry":{"type":"Polygon","coordinates":[[[13.4089,52.38375],[13.4094,52.38222],[13.41167,52.37885],[13.40971,52.37823],[13.41048,52.37664],[13.41793,52.37623],[13.41376,52.38189],[13.41309,52.38288],[13.41051,52.38666],[13.40971,52.38744],[13.4089,52.38375]]]},"properties":{"UWB":"07714","UWB3":"714","BWB":"077L","BWB3":"7L","AWK":"0707","BEZ":"07","BWK":"81"}},
{"type":"Feature","geometry":{"type":"Polygon","coordinates":[[[13.40381,52.40985],[13.40381,52.40984],[13.40459,52.40846],[13.40741,52.40905],[13.40689,52.40998],[13.4107,52.41036],[13.4144,52.40936],[13.41603,52.40751],[13.41825,52.41077],[13.41823,52.41078],[13.41148,52.41314],[13.40847,52.41344],[13.4025,52.41271],[13.40348,52.41046],[13.40381,52.40985]]]},"properties":{"UWB":"07715","UWB3":"715","BWB":"077M","BWB3":"7M","AWK":"0707","BEZ":"07","BWK":"81"}},
{"type":"Feature","geometry":{"type":"Polygon","coordinates":[[[13.40571,52.40652],[13.40802,52.40664],[13.40873,52.40669],[13.41059,52.40679],[13.4147,52.40676],[13.41416,52.4048],[13.41928,52.40511],[13.41829,52.40793],[13.41874,52.40998],[13.41958,52.41018],[13.41825,52.41077],[13.41603,52.40751],[13.4144,52.40936],[13.4107,52.41036],[13.40689,52.40998],[13.40741,52.40905],[13.40459,52.40846],[13.40542,52.407],[13.40571,52.40652]]]},"properties":{"UWB":"07716","UWB3":"716","BWB":"077N","BWB3":"7N","AWK":"0707","BEZ":"07","BWK":"81"}},
{"type":"Feature","geometry":{"type":"Polygon","coordinates":[[[13.40617,52.40437],[13.40837,52.40183],[13.41231,52.40207],[13.41416,52.4048],[13.4147,52.40676],[13.41059,52.40679],[13.40873,52.40669],[13.40802,52.40664],[13.40571,52.40652],[13.40572,52.4065],[13.40617,52.40437]]]},"properties":{"UWB":"07717","UWB3":"717","BWB":"077P","BWB3":"7P","AWK":"0707","BEZ":"07","BWK":"81"}},
{"type":"Feature","geometry":{"type":"Polygon","coordinates":[[[13.41416,52.4048],[13.41231,52.40207],[13.41096,52.40013],[13.42053,52.40069],[13.421,52.40121],[13.41928,52.40511],[13.41416,52.4048]]]},"properties":{"UWB":"07718","UWB3":"718","BWB":"077P","BWB3":"7P","AWK":"0707","BEZ":"07","BWK":"81"}},
{"type":"Feature","geometry":{"type":"Polygon","coordinates":[[[13.40643,52.39848],[13.40977,52.39911],[13.41316,52.39922],[13.41333,52.39819],[13.42144,52.39867],[13.42053,52.40069],[13.41096,52.40013],[13.41231,52.40207],[13.40837,52.40183],[13.40617,52.40437],[13.40643,52.39848]]]},"properties":{"UWB":"07719","UWB3":"719","BWB":"077R","BWB3":"7R","AWK":"0707","BEZ":"07","BWK":"81"}},
{"type":"Feature","geometry":{"type":"Polygon","coordinates":[[[13.40324,52.39856],[13.40126,52.39862],[13.4017,52.39438],[13.40243,52.39415],[13.40475,52.39377],[13.40665,52.39377],[13.41108,52.39427],[13.4108,52.397],[13.41348,52.39716],[13.41333,52.39819],[13.41316,52.39922],[13.40977,52.39911],[13.40643,52.39848],[13.40324,52.39856]]]},"properties":{"UWB":"07720","UWB3":"720","BWB":"077R","BWB3":"7R","AWK":"0707","BEZ":"07","BWK":"81"}},
{"type":"Feature","geometry":{"type":"Polygon","coordinates":[[[13.42053,52.40069],[13.42144,52.39867],[13.41333,52.39819],[13.41348,52.39716],[13.4108,52.397],[13.41108,52.39427],[13.41251,52.3944],[13.41734,52.39466],[13.41639,52.39732],[13.4192,52.39749],[13.42016,52.39481],[13.42382,52.39501],[13.421,52.40121],[13.42053,52.40069]]]},"properties":{"UWB":"07721","UWB3":"721","BWB":"077S","BWB3":"7S","AWK":"0707","BEZ":"07","BWK":"81"}},
{"type":"Feature","geometry":{"type":"Polygon","coordinates":[[[13.41251,52.3944],[13.41236,52.39015],[13.41319,52.38985],[13.41843,52.39014],[13.42021,52.39026],[13.41978,52.39313],[13.42016,52.39481],[13.4192,52.39749],[13.41639,52.39732],[13.41734,52.39466],[13.41251,52.3944]]]},"properties":{"UWB":"07722","UWB3":"722","BWB":"077T","BWB3":"7T","AWK":"0707","BEZ":"07","BWK":"81"}},
{"type":"Feature","geometry":{"type":"Polygon","coordinates":[[[13.42021,52.39026],[13.42411,52.39048],[13.42357,52.39279],[13.4227,52.3933],[13.41978,52.39313],[13.42021,52.39026]]]},"properties":{"UWB":"07723","UWB3":"723","BWB":"077T","BWB3":"7T","AWK":"0707","BEZ":"07","BWK":"81"}},
{"type":"Feature","geometry":{"type":"Polygon","coordinates":[[[13.42016,52.39481],[13.41978,52.39313],[13.4227,52.3933],[13.42357,52.39279],[13.42411,52.39048],[13.42021,52.39026],[13.42201,52.38944],[13.42219,52.38826],[13.4246,52.38839],[13.42463,52.38839],[13.42667,52.38851],[13.42382,52.39501],[13.42016,52.39481]]]},"properties":{"UWB":"07724","UWB3":"724","BWB":"077S","BWB3":"7S","AWK":"0707","BEZ":"07","BWK":"81"}},
{"type":"Feature","geometry":{"type":"Polygon","coordinates":[[[13.41236,52.39015],[13.41088,52.38773],[13.41868,52.38806],[13.41843,52.39014],[13.41319,52.38985],[13.41236,52.39015]]]},"properties":{"UWB":"07725","UWB3":"725","BWB":"077U","BWB3":"7U","AWK":"0707","BEZ":"07","BWK":"81"}},
{"type":"Feature","geometry":{"type":"Polygon","coordinates":[[[13.40838,52.38846],[13.40971,52.38744],[13.41051,52.38666],[13.41801,52.38703],[13.41967,52.38636],[13.42172,52.38823],[13.42219,52.38826],[13.42201,52.38944],[13.42021,52.39026],[13.41843,52.39014],[13.41868,52.38806],[13.41088,52.38773],[13.41236,52.39015],[13.41251,52.3944],[13.41108,52.39427],[13.40665,52.39377],[13.40727,52.38986],[13.40838,52.38846]]]},"properties":{"UWB":"07726","UWB3":"726","BWB":"077U","BWB3":"7U","AWK":"0707","BEZ":"07","BWK":"81"}},
{"type":"Feature","geometry":{"type":"Polygon","coordinates":[[[13.41309,52.38288],[13.41751,52.38365],[13.42556,52.38577],[13.42499,52.38736],[13.42463,52.38839],[13.4246,52.38839],[13.42219,52.38826],[13.42172,52.38823],[13.41967,52.38636],[13.41801,52.38703],[13.41051,52.38666],[13.41309,52.38288]]]},"properties":{"UWB":"07727","UWB3":"727","BWB":"077V","BWB3":"7V","AWK":"0707","BEZ":"07","BWK":"81"}},
{"type":"Feature","geometry":{"type":"Polygon","coordinates":[[[13.41793,52.37623],[13.42081,52.37614],[13.42745,52.38578],[13.42667,52.38851],[13.42463,52.38839],[13.42499,52.38736],[13.42556,52.38577],[13.41751,52.38365],[13.41309,52.38288],[13.41376,52.38189],[13.41793,52.37623]]]},"properties":{"UWB":"07728","UWB3":"728","BWB":"077V","BWB3":"7V","AWK":"0707","BEZ":"07","BWK":"81"}},
{"type":"Feature","geometry":{"type":"Polygon","coordinates":[[[13.42474,52.49472],[13.42199,52.49558],[13.4204,52.49586],[13.42235,52.493],[13.42549,52.49328],[13.42528,52.49454],[13.42474,52.49472]]]},"properties":{"UWB":"08101","UWB3":"101","BWB":"081A","BWB3":"1A","AWK":"0801","BEZ":"08","BWK":"82"}},
{"type":"Feature","geometry":{"type":"Polygon","coordinates":[[[13.42528,52.49454],[13.42549,52.49328],[13.42235,52.493],[13.42286,52.49218],[13.42571,52.49243],[13.42803,52.49263],[13.42832,52.49355],[13.42528,52.49454]]]},"properties":{"UWB":"08102","UWB3":"102","BWB":"081AA","BWB3":"1AA","AWK":"0801","BEZ":"08","BWK":"82"}},
{"type":"Feature","geometry":{"type":"Polygon","coordinates":[[[13.42832,52.49355],[13.42803,52.49263],[13.42571,52.49243],[13.42601,52.49134],[13.42758,52.49026],[13.42904,52.49023],[13.42907,52.49134],[13.4308,52.49275],[13.42832,52.49355]]]},"properties":{"UWB":"08103","UWB3":"103","BWB":"081AB","BWB3":"1AB","AWK":"0801","BEZ":"08","BWK":"82"}},
{"type":"Feature","geometry":{"type":"Polygon","coordinates":[[[13.42401,52.49034],[13.42425,52.48996],[13.42758,52.49026],[13.42601,52.49134],[13.42571,52.49243],[13.42286,52.49218],[13.42401,52.49034]]]},"properties":{"UWB":"08104","UWB3":"104","BWB":"081AC","BWB3":"1AC","AWK":"0801","BEZ":"08","BWK":"82"}},
{"type":"Feature","geometry":{"type":"Polygon","coordinates":[[[13.42512,52.4879],[13.42793,52.48834],[13.42758,52.49026],[13.42425,52.48996],[13.42512,52.4879]]]},"properties":{"UWB":"08105","UWB3":"105","BWB":"081B","BWB3":"1B","AWK":"0801","BEZ":"08","BWK":"82"}},
{"type":"Feature","geometry":{"type":"Polygon","coordinates":[[[13.42904,52.49023],[13.4305,52.48933],[13.42939,52.4882],[13.43155,52.48745],[13.43389,52.48987],[13.42907,52.49134],[13.42904,52.49023]]]},"properties":{"UWB":"08106","UWB3":"106","BWB":"081C","BWB3":"1C","AWK":"0801","BEZ":"08","BWK":"82"}},
{"type":"Feature","geometry":{"type":"Polygon","coordinates":[[[13.42758,52.49026],[13.42793,52.48834],[13.42896,52.48653],[13.43042,52.4863],[13.43155,52.48745],[13.42939,52.4882],[13.4305,52.48933],[13.42904,52.49023],[13.42758,52.49026]]]},"properties":{"UWB":"08107","UWB3":"107","BWB":"081D","BWB3":"1D","AWK":"0801","BEZ":"08","BWK":"82"}},
{"type":"Feature","geometry":{"type":"Polygon","coordinates":[[[13.42385,52.48652],[13.42737,52.48498],[13.42883,52.48432],[13.42889,52.4854],[13.42896,52.48653],[13.42793,52.48834],[13.42512,52.4879],[13.42385,52.48652]]]},"properties":{"UWB":"08108","UWB3":"108","BWB":"081E","BWB3":"1E","AWK":"0801","BEZ":"08","BWK":"82"}},
{"type":"Feature","geometry":{"type":"Polygon","coordinates":[[[13.42883,52.48432],[13.43143,52.48313],[13.43245,52.48389],[13.43371,52.48485],[13.43291,52.48513],[13.43051,52.48598],[13.42889,52.4854],[13.42883,52.48432]]]},"properties":{"UWB":"08109","UWB3":"109","BWB":"081F","BWB3":"1F","AWK":"0801","BEZ":"08","BWK":"82"}},
{"type":"Feature","geometry":{"type":"Polygon","coordinates":[[[13.43082,52.49274],[13.4308,52.49275],[13.42907,52.49134],[13.43389,52.48987],[13.4353,52.49132],[13.43082,52.49274]]]},"properties":{"UWB":"08110","UWB3":"110","BWB":"081G","BWB3":"1G","AWK":"0801","BEZ":"08","BWK":"82"}},
{"type":"Feature","geometry":{"type":"Polygon","coordinates":[[[13.42896,52.48653],[13.42889,52.4854],[13.43051,52.48598],[13.43291,52.48513],[13.43427,52.48651],[13.43155,52.48745],[13.43042,52.4863],[13.42896,52.48653]]]},"properties":{"UWB":"08111","UWB3":"111","BWB":"081H","BWB3":"1H","AWK":"0801","BEZ":"08","BWK":"82"}},
{"type":"Feature","geometry":{"type":"Polygon","coordinates":[[[13.4353,52.49132],[13.43389,52.48987],[13.43522,52.49007],[13.4384,52.48879],[13.43788,52.48801],[13.44,52.48695],[13.44215,52.48583],[13.44371,52.48703],[13.44434,52.48751],[13.44301,52.48819],[13.44009,52.48968],[13.43966,52.48991],[13.4353,52.49132]]]},"properties":{"UWB":"08112","UWB3":"112","BWB":"081I","BWB3":"1I","AWK":"0801","BEZ":"08","BWK":"82"}},
{"type":"Feature","geometry":{"type":"Polygon","coordinates":[[[13.43155,52.48745],[13.43427,52.48651],[13.43291,52.48513],[13.43371,52.48485],[13.43535,52.4861],[13.43788,52.48801],[13.4384,52.48879],[13.43522,52.49007],[13.43389,52.48987],[13.43155,52.48745]]]},"properties":{"UWB":"08113","UWB3":"113","BWB":"081J","BWB3":"1J","AWK":"0801","BEZ":"08","BWK":"82"}},
{"type":"Feature","geometry":{"type":"Polygon","coordinates":[[[13.43245,52.48389],[13.43467,52.48287],[13.43752,52.48504],[13.43535,52.4861],[13.43371,52.48485],[13.43245,52.48389]]]},"properties":{"UWB":"08114","UWB3":"114","BWB":"081K","BWB3":"1K","AWK":"0801","BEZ":"08","BWK":"82"}},
{"type":"Feature","geometry":{"type":"Polygon","coordinates":[[[13.43467,52.48287],[13.43601,52.48217],[13.43888,52.48339],[13.43968,52.48399],[13.43752,52.48504],[13.43467,52.48287]]]},"properties":{"UWB":"08115","UWB3":"115","BWB":"081L","BWB3":"1L","AWK":"0801","BEZ":"08","BWK":"82"}},
{"type":"Feature","geometry":{"type":"Polygon","coordinates":[[[13.43601,52.48217],[13.43912,52.48044],[13.44096,52.48233],[13.43888,52.48339],[13.43601,52.48217]]]},"properties":{"UWB":"08116","UWB3":"116","BWB":"081M","BWB3":"1M","AWK":"0801","BEZ":"08","BWK":"82"}},
{"type":"Feature","geometry":{"type":"Polygon","coordinates":[[[13.43788,52.48801],[13.43535,52.4861],[13.43752,52.48504],[13.44,52.48695],[13.43788,52.48801]]]},"properties":{"UWB":"08117","UWB3":"117","BWB":"081N","BWB3":"1N","AWK":"0801","BEZ":"08","BWK":"82"}},
{"type":"Feature","geometry":{"type":"Polygon","coordinates":[[[13.44,52.48695],[13.43752,52.48504],[13.43968,52.48399],[13.44087,52.48489],[13.44338,52.48415],[13.44421,52.48477],[13.44215,52.48583],[13.44,52.48695]]]},"properties":{"UWB":"08118","UWB3":"118","BWB":"081P","BWB3":"1P","AWK":"0801","BEZ":"08","BWK":"82"}},
{"type":"Feature","geometry":{"type":"Polygon","coordinates":[[[13.43912,52.48044],[13.43989,52.4794],[13.44215,52.47856],[13.44397,52.47979],[13.4436,52.48109],[13.44305,52.4823],[13.44096,52.48233],[13.43912,52.48044]]]},"properties":{"UWB":"08119","UWB3":"119","BWB":"081Q","BWB3":"1Q","AWK":"0801","BEZ":"08","BWK":"82"}},
{"type":"Feature","geometry":{"type":"Polygon","coordinates":[[[13.43888,52.48339],[13.44096,52.48233],[13.44305,52.4823],[13.44387,52.4829],[13.44338,52.48415],[13.44087,52.48489],[13.43968,52.48399],[13.43888,52.48339]]]},"properties":{"UWB":"08120","UWB3":"120","BWB":"081R","BWB3":"1R","AWK":"0801","BEZ":"08","BWK":"82"}},
{"type":"Feature","geometry":{"type":"Polygon","coordinates":[[[13.44215,52.47856],[13.44557,52.47647],[13.44783,52.47788],[13.44397,52.47979],[13.44215,52.47856]]]},"properties":{"UWB":"08121","UWB3":"121","BWB":"081S","BWB3":"1S","AWK":"0801","BEZ":"08","BWK":"82"}},
{"type":"Feature","geometry":{"type":"Polygon","coordinates":[[[13.44397,52.47979],[13.44783,52.47788],[13.44864,52.4785],[13.44612,52.47984],[13.4436,52.48109],[13.44397,52.47979]]]},"properties":{"UWB":"08122","UWB3":"122","BWB":"081T","BWB3":"1T","AWK":"0801","BEZ":"08","BWK":"82"}},
{"type":"Feature","geometry":{"type":"Polygon","coordinates":[[[13.44371,52.48703],[13.44634,52.48638],[13.44865,52.48798],[13.44676,52.48895],[13.44434,52.48751],[13.44371,52.48703]]]},"properties":{"UWB":"08123","UWB3":"123","BWB":"081U","BWB3":"1U","AWK":"0801","BEZ":"08","BWK":"82"}},
{"type":"Feature","geometry":{"type":"Polygon","coordinates":[[[13.44783,52.47788],[13.4481,52.47774],[13.45302,52.47529],[13.4546,52.4745],[13.45496,52.47642],[13.44687,52.48042],[13.44612,52.47984],[13.44864,52.4785],[13.44783,52.47788]]]},"properties":{"UWB":"08124","UWB3":"124","BWB":"081T","BWB3":"1T","AWK":"0801","BEZ":"08","BWK":"82"}},
{"type":"Feature","geometry":{"type":"Polygon","coordinates":[[[13.4436,52.48109],[13.44612,52.47984],[13.44687,52.48042],[13.44815,52.48139],[13.44568,52.48266],[13.44387,52.4829],[13.44305,52.4823],[13.4436,52.48109]]]},"properties":{"UWB":"08125","UWB3":"125","BWB":"081V","BWB3":"1V","AWK":"0801","BEZ":"08","BWK":"82"}},
{"type":"Feature","geometry":{"type":"Polygon","coordinates":[[[13.44215,52.48583],[13.44421,52.48477],[13.4472,52.48381],[13.44804,52.48444],[13.44554,52.48578],[13.44634,52.48638],[13.44371,52.48703],[13.44215,52.48583]]]},"properties":{"UWB":"08126","UWB3":"126","BWB":"081W","BWB3":"1W","AWK":"0801","BEZ":"08","BWK":"82"}},
{"type":"Feature","geometry":{"type":"Polygon","coordinates":[[[13.44634,52.48638],[13.44554,52.48578],[13.44804,52.48444],[13.44887,52.48507],[13.45114,52.48679],[13.45113,52.48679],[13.44865,52.48798],[13.44634,52.48638]]]},"properties":{"UWB":"08127","UWB3":"127","BWB":"081X","BWB3":"1X","AWK":"0801","BEZ":"08","BWK":"82"}},
{"type":"Feature","geometry":{"type":"Polygon","coordinates":[[[13.4546,52.4745],[13.4559,52.47387],[13.45706,52.47827],[13.45164,52.48077],[13.45073,52.48006],[13.44815,52.48139],[13.44687,52.48042],[13.45496,52.47642],[13.4546,52.4745]]]},"properties":{"UWB":"08128","UWB3":"128","BWB":"081Y","BWB3":"1Y","AWK":"0801","BEZ":"08","BWK":"82"}},
{"type":"Feature","geometry":{"type":"Polygon","coordinates":[[[13.44338,52.48415],[13.44387,52.4829],[13.44568,52.48266],[13.44815,52.48139],[13.45073,52.48006],[13.45164,52.48077],[13.44967,52.48255],[13.45135,52.48381],[13.44887,52.48507],[13.44804,52.48444],[13.4472,52.48381],[13.44421,52.48477],[13.44338,52.48415]]]},"properties":{"UWB":"08129","UWB3":"129","BWB":"081Z","BWB3":"1Z","AWK":"0801","BEZ":"08","BWK":"82"}},
{"type":"Feature","geometry":{"type":"Polygon","coordinates":[[[13.44887,52.48507],[13.45135,52.48381],[13.45393,52.4825],[13.45607,52.48425],[13.45114,52.48679],[13.44887,52.48507]]]},"properties":{"UWB":"08130","UWB3":"130","BWB":"081Z","BWB3":"1Z","AWK":"0801","BEZ":"08","BWK":"82"}},
{"type":"Feature","geometry":{"type":"Polygon","coordinates":[[[13.45706,52.47827],[13.45856,52.48552],[13.45813,52.48582],[13.45607,52.48425],[13.45393,52.4825],[13.45135,52.48381],[13.44967,52.48255],[13.45164,52.48077],[13.45706,52.47827]]]},"properties":{"UWB":"08131","UWB3":"131","BWB":"081Y","BWB3":"1Y","AWK":"0801","BEZ":"08","BWK":"82"}},
{"type":"Feature","geometry":{"type":"Polygon","coordinates":[[[13.40639,52.48277],[13.40606,52.48098],[13.40662,52.47823],[13.41088,52.47772],[13.41349,52.47871],[13.41622,52.47849],[13.41796,52.4778],[13.41865,52.47669],[13.4202,52.47687],[13.41968,52.47852],[13.42158,52.47874],[13.4213,52.47963],[13.42299,52.48047],[13.42111,52.48025],[13.42078,52.48536],[13.42108,52.48711],[13.41652,52.48773],[13.41406,52.48805],[13.41369,52.4881],[13.40789,52.48886],[13.40772,52.48875],[13.40853,52.48714],[13.40676,52.48521],[13.40639,52.48277]]]},"properties":{"UWB":"08201","UWB3":"201","BWB":"082A","BWB3":"2A","AWK":"0802","BEZ":"08","BWK":"82"}},
{"type":"Feature","geometry":{"type":"Polygon","coordinates":[[[13.42108,52.48711],[13.42078,52.48536],[13.42111,52.48025],[13.42299,52.48047],[13.42509,52.48071],[13.42485,52.48218],[13.42321,52.48226],[13.42318,52.4865],[13.42108,52.48711]]]},"properties":{"UWB":"08202","UWB3":"202","BWB":"082AA","BWB3":"2AA","AWK":"0802","BEZ":"08","BWK":"82"}},
{"type":"Feature","geometry":{"type":"Polygon","coordinates":[[[13.42318,52.4865],[13.42321,52.48226],[13.42485,52.48218],[13.42509,52.48071],[13.42549,52.48078],[13.42523,52.48452],[13.42737,52.48498],[13.42385,52.48652],[13.42318,52.4865]]]},"properties":{"UWB":"08203","UWB3":"203","BWB":"082AB","BWB3":"2AB","AWK":"0802","BEZ":"08","BWK":"82"}},
{"type":"Feature","geometry":{"type":"Polygon","coordinates":[[[13.42737,52.48498],[13.42523,52.48452],[13.42549,52.48078],[13.42775,52.48115],[13.42898,52.48259],[13.42883,52.48432],[13.42737,52.48498]]]},"properties":{"UWB":"08204","UWB3":"204","BWB":"082B","BWB3":"2B","AWK":"0802","BEZ":"08","BWK":"82"}},
{"type":"Feature","geometry":{"type":"Polygon","coordinates":[[[13.42883,52.48432],[13.42898,52.48259],[13.42775,52.48115],[13.43373,52.48197],[13.43143,52.48313],[13.42883,52.48432]]]},"properties":{"UWB":"08205","UWB3":"205","BWB":"082C","BWB3":"2C","AWK":"0802","BEZ":"08","BWK":"82"}},
{"type":"Feature","geometry":{"type":"Polygon","coordinates":[[[13.43143,52.48313],[13.43373,52.48197],[13.435,52.48108],[13.43701,52.47961],[13.43476,52.47865],[13.43783,52.47897],[13.43989,52.4794],[13.43912,52.48044],[13.43601,52.48217],[13.43467,52.48287],[13.43245,52.48389],[13.43143,52.48313]]]},"properties":{"UWB":"08206","UWB3":"206","BWB":"082D","BWB3":"2D","AWK":"0802","BEZ":"08","BWK":"82"}},
{"type":"Feature","geometry":{"type":"Polygon","coordinates":[[[13.42775,52.48115],[13.42811,52.48011],[13.435,52.48108],[13.43373,52.48197],[13.42775,52.48115]]]},"properties":{"UWB":"08207","UWB3":"207","BWB":"082E","BWB3":"2E","AWK":"0802","BEZ":"08","BWK":"82"}},
{"type":"Feature","geometry":{"type":"Polygon","coordinates":[[[13.43989,52.4794],[13.43783,52.47897],[13.44257,52.47628],[13.43956,52.47585],[13.44321,52.47575],[13.44466,52.47498],[13.44557,52.47647],[13.44215,52.47856],[13.43989,52.4794]]]},"properties":{"UWB":"08208","UWB3":"208","BWB":"082F","BWB3":"2F","AWK":"0802","BEZ":"08","BWK":"82"}},
{"type":"Feature","geometry":{"type":"Polygon","coordinates":[[[13.43956,52.47585],[13.43708,52.47638],[13.43764,52.47476],[13.43658,52.47444],[13.44059,52.47375],[13.4451,52.47418],[13.44466,52.47498],[13.44321,52.47575],[13.43956,52.47585]]]},"properties":{"UWB":"08209","UWB3":"209","BWB":"082G","BWB3":"2G","AWK":"0802","BEZ":"08","BWK":"82"}},
{"type":"Feature","geometry":{"type":"Polygon","coordinates":[[[13.43476,52.47865],[13.43272,52.47839],[13.43292,52.47777],[13.43629,52.47809],[13.43708,52.47638],[13.43956,52.47585],[13.44257,52.47628],[13.43783,52.47897],[13.43476,52.47865]]]},"properties":{"UWB":"08210","UWB3":"210","BWB":"082H","BWB3":"2H","AWK":"0802","BEZ":"08","BWK":"82"}},
{"type":"Feature","geometry":{"type":"Polygon","coordinates":[[[13.435,52.48108],[13.42811,52.48011],[13.42559,52.47919],[13.42617,52.47755],[13.43272,52.47839],[13.43476,52.47865],[13.43701,52.47961],[13.435,52.48108]]]},"properties":{"UWB":"08211","UWB3":"211","BWB":"082H","BWB3":"2H","AWK":"0802","BEZ":"08","BWK":"82"}},
{"type":"Feature","geometry":{"type":"Polygon","coordinates":[[[13.42158,52.47874],[13.42346,52.47895],[13.42559,52.47919],[13.42811,52.48011],[13.42775,52.48115],[13.42549,52.48078],[13.42509,52.48071],[13.42299,52.48047],[13.4213,52.47963],[13.42158,52.47874]]]},"properties":{"UWB":"08212","UWB3":"212","BWB":"082I","BWB3":"2I","AWK":"0802","BEZ":"08","BWK":"82"}},
{"type":"Feature","geometry":{"type":"Polygon","coordinates":[[[13.42559,52.47919],[13.42346,52.47895],[13.42398,52.47729],[13.42443,52.47583],[13.42679,52.47609],[13.42617,52.47755],[13.42559,52.47919]]]},"properties":{"UWB":"08213","UWB3":"213","BWB":"082J","BWB3":"2J","AWK":"0802","BEZ":"08","BWK":"82"}},
{"type":"Feature","geometry":{"type":"Polygon","coordinates":[[[13.4202,52.47687],[13.42398,52.47729],[13.42346,52.47895],[13.42158,52.47874],[13.41968,52.47852],[13.4202,52.47687]]]},"properties":{"UWB":"08214","UWB3":"214","BWB":"082K","BWB3":"2K","AWK":"0802","BEZ":"08","BWK":"82"}},
{"type":"Feature","geometry":{"type":"Polygon","coordinates":[[[13.41865,52.47669],[13.41905,52.47522],[13.42443,52.47583],[13.42398,52.47729],[13.4202,52.47687],[13.41865,52.47669]]]},"properties":{"UWB":"08215","UWB3":"215","BWB":"082L","BWB3":"2L","AWK":"0802","BEZ":"08","BWK":"82"}},
{"type":"Feature","geometry":{"type":"Polygon","coordinates":[[[13.41905,52.47522],[13.4193,52.4743],[13.42282,52.47471],[13.42311,52.47379],[13.42499,52.47402],[13.42443,52.47583],[13.41905,52.47522]]]},"properties":{"UWB":"08216","UWB3":"216","BWB":"082M","BWB3":"2M","AWK":"0802","BEZ":"08","BWK":"82"}},
{"type":"Feature","geometry":{"type":"Polygon","coordinates":[[[13.42443,52.47583],[13.42499,52.47402],[13.42741,52.47478],[13.43071,52.47519],[13.42887,52.47574],[13.42679,52.47609],[13.42443,52.47583]]]},"properties":{"UWB":"08217","UWB3":"217","BWB":"082N","BWB3":"2N","AWK":"0802","BEZ":"08","BWK":"82"}},
{"type":"Feature","geometry":{"type":"Polygon","coordinates":[[[13.42311,52.47379],[13.42338,52.47291],[13.42813,52.47343],[13.42835,52.473],[13.42892,52.47191],[13.43177,52.47226],[13.43451,52.4726],[13.43612,52.4728],[13.43562,52.47442],[13.43071,52.47519],[13.42741,52.47478],[13.42499,52.47402],[13.42311,52.47379]]]},"properties":{"UWB":"08218","UWB3":"218","BWB":"082P","BWB3":"2P","AWK":"0802","BEZ":"08","BWK":"82"}},
{"type":"Feature","geometry":{"type":"Polygon","coordinates":[[[13.4193,52.4743],[13.42124,52.47359],[13.4224,52.47233],[13.42835,52.473],[13.42813,52.47343],[13.42338,52.47291],[13.42311,52.47379],[13.42282,52.47471],[13.4193,52.4743]]]},"properties":{"UWB":"08219","UWB3":"219","BWB":"082Q","BWB3":"2Q","AWK":"0802","BEZ":"08","BWK":"82"}},
{"type":"Feature","geometry":{"type":"Polygon","coordinates":[[[13.41604,52.46915],[13.41754,52.47036],[13.42081,52.47086],[13.42203,52.46948],[13.42966,52.47036],[13.42892,52.47191],[13.42835,52.473],[13.4224,52.47233],[13.42124,52.47359],[13.4193,52.4743],[13.41905,52.47522],[13.41865,52.47669],[13.41796,52.4778],[13.41622,52.47849],[13.41349,52.47871],[13.41578,52.47031],[13.41604,52.46915]]]},"properties":{"UWB":"08220","UWB3":"220","BWB":"082R","BWB3":"2R","AWK":"0802","BEZ":"08","BWK":"82"}},
{"type":"Feature","geometry":{"type":"Polygon","coordinates":[[[13.42081,52.47086],[13.42108,52.46878],[13.42918,52.4697],[13.43052,52.46844],[13.4304,52.46911],[13.43,52.46985],[13.42966,52.47036],[13.42203,52.46948],[13.42081,52.47086]]]},"properties":{"UWB":"08221","UWB3":"221","BWB":"082S","BWB3":"2S","AWK":"0802","BEZ":"08","BWK":"82"}},
{"type":"Feature","geometry":{"type":"Polygon","coordinates":[[[13.41686,52.46548],[13.42136,52.46582],[13.42117,52.4667],[13.42509,52.46713],[13.42489,52.4678],[13.43052,52.46844],[13.42918,52.4697],[13.42108,52.46878],[13.42081,52.47086],[13.41754,52.47036],[13.41604,52.46915],[13.41686,52.46548]]]},"properties":{"UWB":"08222","UWB3":"222","BWB":"082T","BWB3":"2T","AWK":"0802","BEZ":"08","BWK":"82"}},
{"type":"Feature","geometry":{"type":"Polygon","coordinates":[[[13.43272,52.47839],[13.42617,52.47755],[13.42679,52.47609],[13.42887,52.47574],[13.43134,52.47605],[13.43105,52.47755],[13.43292,52.47777],[13.43272,52.47839]]]},"properties":{"UWB":"08223","UWB3":"223","BWB":"082U","BWB3":"2U","AWK":"0802","BEZ":"08","BWK":"82"}},
{"type":"Feature","geometry":{"type":"Polygon","coordinates":[[[13.43708,52.47638],[13.43629,52.47809],[13.43292,52.47777],[13.43105,52.47755],[13.43134,52.47605],[13.42887,52.47574],[13.43071,52.47519],[13.43562,52.47442],[13.43658,52.47444],[13.43764,52.47476],[13.43708,52.47638]]]},"properties":{"UWB":"08224","UWB3":"224","BWB":"082U","BWB3":"2U","AWK":"0802","BEZ":"08","BWK":"82"}},
{"type":"Feature","geometry":{"type":"Polygon","coordinates":[[[13.43658,52.47444],[13.43562,52.47442],[13.43612,52.4728],[13.43451,52.4726],[13.43521,52.47048],[13.44098,52.47118],[13.44137,52.47123],[13.44059,52.47375],[13.43658,52.47444]]]},"properties":{"UWB":"08225","UWB3":"225","BWB":"082V","BWB3":"2V","AWK":"0802","BEZ":"08","BWK":"82"}},
{"type":"Feature","geometry":{"type":"Polygon","coordinates":[[[13.42892,52.47191],[13.42966,52.47036],[13.43,52.46985],[13.43239,52.47014],[13.43177,52.47226],[13.42892,52.47191]]]},"properties":{"UWB":"08226","UWB3":"226","BWB":"082W","BWB3":"2W","AWK":"0802","BEZ":"08","BWK":"82"}},
{"type":"Feature","geometry":{"type":"Polygon","coordinates":[[[13.43177,52.47226],[13.43239,52.47014],[13.43521,52.47048],[13.43451,52.4726],[13.43177,52.47226]]]},"properties":{"UWB":"08227","UWB3":"227","BWB":"082X","BWB3":"2X","AWK":"0802","BEZ":"08","BWK":"82"}},
{"type":"Feature","geometry":{"type":"Polygon","coordinates":[[[13.4304,52.46911],[13.43262,52.4694],[13.43715,52.46996],[13.43955,52.47003],[13.44098,52.47118],[13.43521,52.47048],[13.43239,52.47014],[13.43,52.46985],[13.4304,52.46911]]]},"properties":{"UWB":"08228","UWB3":"228","BWB":"082V","BWB3":"2V","AWK":"0802","BEZ":"08","BWK":"82"}},
{"type":"Feature","geometry":{"type":"Polygon","coordinates":[[[13.43052,52.46844],[13.42489,52.4678],[13.42509,52.46713],[13.43302,52.46812],[13.43262,52.4694],[13.4304,52.46911],[13.43052,52.46844]]]},"properties":{"UWB":"08229","UWB3":"229","BWB":"082Y","BWB3":"2Y","AWK":"0802","BEZ":"08","BWK":"82"}},
{"type":"Feature","geometry":{"type":"Polygon","coordinates":[[[13.43262,52.4694],[13.43302,52.46812],[13.43587,52.46853],[13.43715,52.46996],[13.43262,52.4694]]]},"properties":{"UWB":"08230","UWB3":"230","BWB":"082Z","BWB3":"2Z","AWK":"0802","BEZ":"08","BWK":"82"}},
{"type":"Feature","geometry":{"type":"Polygon","coordinates":[[[13.44098,52.47118],[13.43955,52.47003],[13.43715,52.46996],[13.43587,52.46853],[13.44172,52.46927],[13.44163,52.46974],[13.44137,52.47123],[13.44098,52.47118]]]},"properties":{"UWB":"08231","UWB3":"231","BWB":"082Z","BWB3":"2Z","AWK":"0802","BEZ":"08","BWK":"82"}},
{"type":"Feature","geometry":{"type":"Polygon","coordinates":[[[13.44557,52.47647],[13.44466,52.47498],[13.4451,52.47418],[13.44933,52.47407],[13.44934,52.47506],[13.44756,52.47611],[13.4481,52.47774],[13.44783,52.47788],[13.44557,52.47647]]]},"properties":{"UWB":"08301","UWB3":"301","BWB":"083A","BWB3":"3A","AWK":"0803","BEZ":"08","BWK":"82"}},
{"type":"Feature","geometry":{"type":"Polygon","coordinates":[[[13.4481,52.47774],[13.44756,52.47611],[13.44934,52.47506],[13.44933,52.47407],[13.45087,52.47369],[13.45302,52.47529],[13.4481,52.47774]]]},"properties":{"UWB":"08302","UWB3":"302","BWB":"083B","BWB3":"3B","AWK":"0803","BEZ":"08","BWK":"82"}},
{"type":"Feature","geometry":{"type":"Polygon","coordinates":[[[13.45302,52.47529],[13.45087,52.47369],[13.45248,52.47286],[13.45368,52.47375],[13.45531,52.47288],[13.4559,52.47387],[13.4546,52.4745],[13.45302,52.47529]]]},"properties":{"UWB":"08303","UWB3":"303","BWB":"083C","BWB3":"3C","AWK":"0803","BEZ":"08","BWK":"82"}},
{"type":"Feature","geometry":{"type":"Polygon","coordinates":[[[13.44933,52.47407],[13.44916,52.47358],[13.45208,52.47103],[13.45215,52.47099],[13.45531,52.47288],[13.45368,52.47375],[13.45248,52.47286],[13.45087,52.47369],[13.44933,52.47407]]]},"properties":{"UWB":"08304","UWB3":"304","BWB":"083D","BWB3":"3D","AWK":"0803","BEZ":"08","BWK":"82"}},
{"type":"Feature","geometry":{"type":"Polygon","coordinates":[[[13.44916,52.47358],[13.4463,52.4724],[13.4479,52.47114],[13.44815,52.47042],[13.45208,52.47103],[13.44916,52.47358]]]},"properties":{"UWB":"08305","UWB3":"305","BWB":"083E","BWB3":"3E","AWK":"0803","BEZ":"08","BWK":"82"}},
{"type":"Feature","geometry":{"type":"Polygon","coordinates":[[[13.4451,52.47418],[13.44596,52.47202],[13.4479,52.47114],[13.4463,52.4724],[13.44916,52.47358],[13.44933,52.47407],[13.4451,52.47418]]]},"properties":{"UWB":"08306","UWB3":"306","BWB":"083A","BWB3":"3A","AWK":"0803","BEZ":"08","BWK":"82"}},
{"type":"Feature","geometry":{"type":"Polygon","coordinates":[[[13.4479,52.47114],[13.44596,52.47202],[13.4429,52.47167],[13.44331,52.46982],[13.44815,52.47042],[13.4479,52.47114]]]},"properties":{"UWB":"08307","UWB3":"307","BWB":"083E","BWB3":"3E","AWK":"0803","BEZ":"08","BWK":"82"}},
{"type":"Feature","geometry":{"type":"Polygon","coordinates":[[[13.44059,52.47375],[13.44137,52.47123],[13.44163,52.46974],[13.44331,52.46982],[13.4429,52.47167],[13.44596,52.47202],[13.4451,52.47418],[13.44059,52.47375]]]},"properties":{"UWB":"08308","UWB3":"308","BWB":"083F","BWB3":"3F","AWK":"0803","BEZ":"08","BWK":"82"}},
{"type":"Feature","geometry":{"type":"Polygon","coordinates":[[[13.4559,52.47387],[13.45531,52.47288],[13.45215,52.47099],[13.45403,52.46915],[13.45889,52.46887],[13.46057,52.46812],[13.46462,52.47028],[13.46681,52.4714],[13.46537,52.47243],[13.46666,52.47315],[13.46657,52.47442],[13.46431,52.47438],[13.46486,52.47733],[13.46804,52.47869],[13.46383,52.48165],[13.46118,52.4837],[13.45856,52.48552],[13.45706,52.47827],[13.4559,52.47387]]]},"properties":{"UWB":"08309","UWB3":"309","BWB":"083G","BWB3":"3G","AWK":"0803","BEZ":"08","BWK":"82"}},
{"type":"Feature","geometry":{"type":"Polygon","coordinates":[[[13.46681,52.4714],[13.47004,52.47303],[13.4696,52.47399],[13.47057,52.4769],[13.46804,52.47869],[13.46486,52.47733],[13.46431,52.47438],[13.46657,52.47442],[13.46666,52.47315],[13.46537,52.47243],[13.46681,52.4714]]]},"properties":{"UWB":"08310","UWB3":"310","BWB":"083G","BWB3":"3G","AWK":"0803","BEZ":"08","BWK":"82"}},
{"type":"Feature","geometry":{"type":"Polygon","coordinates":[[[13.46462,52.47028],[13.46728,52.46856],[13.47105,52.46605],[13.47507,52.46811],[13.47295,52.47014],[13.47004,52.47302],[13.47004,52.47303],[13.46681,52.4714],[13.46462,52.47028]]]},"properties":{"UWB":"08311","UWB3":"311","BWB":"083G","BWB3":"3G","AWK":"0803","BEZ":"08","BWK":"82"}},
{"type":"Feature","geometry":{"type":"Polygon","coordinates":[[[13.47105,52.46605],[13.47228,52.46522],[13.47726,52.46209],[13.47849,52.46486],[13.47507,52.46811],[13.47105,52.46605]]]},"properties":{"UWB":"08312","UWB3":"312","BWB":"083H","BWB3":"3H","AWK":"0803","BEZ":"08","BWK":"82"}},
{"type":"Feature","geometry":{"type":"Polygon","coordinates":[[[13.47228,52.46522],[13.47204,52.46162],[13.46594,52.46503],[13.46363,52.46351],[13.46069,52.46212],[13.46103,52.46071],[13.47193,52.46039],[13.47199,52.45884],[13.47497,52.45876],[13.47579,52.46091],[13.47725,52.46207],[13.47726,52.46209],[13.47228,52.46522]]]},"properties":{"UWB":"08313","UWB3":"313","BWB":"083H","BWB3":"3H","AWK":"0803","BEZ":"08","BWK":"82"}},
{"type":"Feature","geometry":{"type":"Polygon","coordinates":[[[13.46728,52.46856],[13.46368,52.46637],[13.46594,52.46503],[13.47204,52.46162],[13.47228,52.46522],[13.47105,52.46605],[13.46728,52.46856]]]},"properties":{"UWB":"08314","UWB3":"314","BWB":"083H","BWB3":"3H","AWK":"0803","BEZ":"08","BWK":"82"}},
{"type":"Feature","geometry":{"type":"Polygon","coordinates":[[[13.43587,52.46853],[13.43626,52.46735],[13.43983,52.46803],[13.44211,52.46571],[13.44282,52.46505],[13.44504,52.46247],[13.44724,52.45944],[13.45331,52.45988],[13.45544,52.46079],[13.45698,52.45911],[13.45734,52.45923],[13.47199,52.45884],[13.47193,52.46039],[13.46103,52.46071],[13.46069,52.46212],[13.46363,52.46351],[13.46594,52.46503],[13.46368,52.46637],[13.46728,52.46856],[13.46462,52.47028],[13.46057,52.46812],[13.45889,52.46887],[13.45403,52.46915],[13.45215,52.47099],[13.45208,52.47103],[13.44815,52.47042],[13.44331,52.46982],[13.44163,52.46974],[13.44172,52.46927],[13.43587,52.46853]]]},"properties":{"UWB":"08315","UWB3":"315","BWB":"083I","BWB3":"3I","AWK":"0803","BEZ":"08","BWK":"82"}},
{"type":"Feature","geometry":{"type":"Polygon","coordinates":[[[13.44724,52.45944],[13.44145,52.45872],[13.44214,52.45653],[13.4488,52.45735],[13.44936,52.45656],[13.44648,52.45621],[13.44663,52.45521],[13.44761,52.45241],[13.44923,52.45244],[13.4522,52.45253],[13.46057,52.45414],[13.45698,52.45911],[13.45544,52.46079],[13.45331,52.45988],[13.44724,52.45944]]]},"properties":{"UWB":"08316","UWB3":"316","BWB":"083I","BWB3":"3I","AWK":"0803","BEZ":"08","BWK":"82"}},
{"type":"Feature","geometry":{"type":"Polygon","coordinates":[[[13.44214,52.45653],[13.44272,52.45472],[13.44663,52.45521],[13.44648,52.45621],[13.44936,52.45656],[13.4488,52.45735],[13.44214,52.45653]]]},"properties":{"UWB":"08317","UWB3":"317","BWB":"083J","BWB3":"3J","AWK":"0803","BEZ":"08","BWK":"82"}},
{"type":"Feature","geometry":{"type":"Polygon","coordinates":[[[13.44663,52.45521],[13.44272,52.45472],[13.43797,52.45415],[13.43737,52.4556],[13.43597,52.4554],[13.43698,52.45256],[13.4402,52.45274],[13.44391,52.45242],[13.4451,52.45237],[13.44761,52.45241],[13.44663,52.45521]]]},"properties":{"UWB":"08318","UWB3":"318","BWB":"083J","BWB3":"3J","AWK":"0803","BEZ":"08","BWK":"82"}},
{"type":"Feature","geometry":{"type":"Polygon","coordinates":[[[13.44145,52.45872],[13.43613,52.4583],[13.43737,52.4556],[13.43797,52.45415],[13.44272,52.45472],[13.44214,52.45653],[13.44145,52.45872]]]},"properties":{"UWB":"08319","UWB3":"319","BWB":"083K","BWB3":"3K","AWK":"0803","BEZ":"08","BWK":"82"}},
{"type":"Feature","geometry":{"type":"Polygon","coordinates":[[[13.44504,52.46247],[13.43777,52.46162],[13.43811,52.46051],[13.43531,52.46018],[13.43613,52.4583],[13.44145,52.45872],[13.44724,52.45944],[13.44504,52.46247]]]},"properties":{"UWB":"08320","UWB3":"320","BWB":"083K","BWB3":"3K","AWK":"0803","BEZ":"08","BWK":"82"}},
{"type":"Feature","geometry":{"type":"Polygon","coordinates":[[[13.43597,52.4554],[13.43488,52.45658],[13.42952,52.45582],[13.42877,52.45544],[13.43297,52.45247],[13.43698,52.45256],[13.43597,52.4554]]]},"properties":{"UWB":"08321","UWB3":"321","BWB":"083L","BWB3":"3L","AWK":"0803","BEZ":"08","BWK":"82"}},
{"type":"Feature","geometry":{"type":"Polygon","coordinates":[[[13.43737,52.4556],[13.43613,52.4583],[13.43531,52.46018],[13.43506,52.4609],[13.43155,52.46046],[13.43243,52.45813],[13.43007,52.45752],[13.42676,52.45672],[13.42877,52.45544],[13.42952,52.45582],[13.43488,52.45658],[13.43597,52.4554],[13.43737,52.4556]]]},"properties":{"UWB":"08322","UWB3":"322","BWB":"083M","BWB3":"3M","AWK":"0803","BEZ":"08","BWK":"82"}},
{"type":"Feature","geometry":{"type":"Polygon","coordinates":[[[13.42657,52.4567],[13.42676,52.45672],[13.43007,52.45752],[13.42983,52.45965],[13.42803,52.46009],[13.42668,52.45874],[13.42476,52.45782],[13.42657,52.4567]]]},"properties":{"UWB":"08323","UWB3":"323","BWB":"083N","BWB3":"3N","AWK":"0803","BEZ":"08","BWK":"82"}},
{"type":"Feature","geometry":{"type":"Polygon","coordinates":[[[13.43777,52.46162],[13.43493,52.4613],[13.43435,52.46278],[13.42898,52.462],[13.42946,52.46082],[13.42803,52.46009],[13.42983,52.45965],[13.43007,52.45752],[13.43243,52.45813],[13.43155,52.46046],[13.43506,52.4609],[13.43531,52.46018],[13.43811,52.46051],[13.43777,52.46162]]]},"properties":{"UWB":"08324","UWB3":"324","BWB":"083P","BWB3":"3P","AWK":"0803","BEZ":"08","BWK":"82"}},
{"type":"Feature","geometry":{"type":"Polygon","coordinates":[[[13.44282,52.46505],[13.43894,52.46462],[13.43759,52.46313],[13.43435,52.46278],[13.43493,52.4613],[13.43777,52.46162],[13.44504,52.46247],[13.44282,52.46505]]]},"properties":{"UWB":"08325","UWB3":"325","BWB":"083P","BWB3":"3P","AWK":"0803","BEZ":"08","BWK":"82"}},
{"type":"Feature","geometry":{"type":"Polygon","coordinates":[[[13.42162,52.46521],[13.43193,52.46643],[13.43229,52.46577],[13.43454,52.46595],[13.43639,52.46695],[13.43626,52.46735],[13.43587,52.46853],[13.43302,52.46812],[13.42509,52.46713],[13.42117,52.4667],[13.42136,52.46582],[13.42162,52.46521]]]},"properties":{"UWB":"08326","UWB3":"326","BWB":"083Q","BWB3":"3Q","AWK":"0803","BEZ":"08","BWK":"82"}},
{"type":"Feature","geometry":{"type":"Polygon","coordinates":[[[13.42212,52.46258],[13.42408,52.46356],[13.43292,52.46462],[13.43285,52.46474],[13.43229,52.46577],[13.43193,52.46643],[13.42162,52.46521],[13.42212,52.46258]]]},"properties":{"UWB":"08327","UWB3":"327","BWB":"083R","BWB3":"3R","AWK":"0803","BEZ":"08","BWK":"82"}},
{"type":"Feature","geometry":{"type":"Polygon","coordinates":[[[13.44211,52.46571],[13.43868,52.46536],[13.43285,52.46474],[13.43292,52.46462],[13.43435,52.46278],[13.43759,52.46313],[13.43894,52.46462],[13.44282,52.46505],[13.44211,52.46571]]]},"properties":{"UWB":"08328","UWB3":"328","BWB":"083S","BWB3":"3S","AWK":"0803","BEZ":"08","BWK":"82"}},
{"type":"Feature","geometry":{"type":"Polygon","coordinates":[[[13.43229,52.46577],[13.43285,52.46474],[13.43868,52.46536],[13.43832,52.46655],[13.43639,52.46695],[13.43454,52.46595],[13.43229,52.46577]]]},"properties":{"UWB":"08329","UWB3":"329","BWB":"083S","BWB3":"3S","AWK":"0803","BEZ":"08","BWK":"82"}},
{"type":"Feature","geometry":{"type":"Polygon","coordinates":[[[13.43626,52.46735],[13.43639,52.46695],[13.43832,52.46655],[13.43868,52.46536],[13.44211,52.46571],[13.43983,52.46803],[13.43626,52.46735]]]},"properties":{"UWB":"08330","UWB3":"330","BWB":"083Q","BWB3":"3Q","AWK":"0803","BEZ":"08","BWK":"82"}},
{"type":"Feature","geometry":{"type":"Polygon","coordinates":[[[13.42476,52.45782],[13.42668,52.45874],[13.42803,52.46009],[13.42946,52.46082],[13.42898,52.462],[13.43435,52.46278],[13.43292,52.46462],[13.42408,52.46356],[13.42212,52.46258],[13.42061,52.45937],[13.42476,52.45782]]]},"properties":{"UWB":"08331","UWB3":"331","BWB":"083N","BWB3":"3N","AWK":"0803","BEZ":"08","BWK":"82"}},
{"type":"Feature","geometry":{"type":"Polygon","coordinates":[[[13.4522,52.45253],[13.45504,52.44545],[13.45909,52.4453],[13.45917,52.44457],[13.46229,52.44419],[13.46554,52.44267],[13.4665,52.44221],[13.46852,52.44071],[13.46881,52.44005],[13.47307,52.43758],[13.47455,52.43891],[13.47586,52.43828],[13.47953,52.44141],[13.47861,52.44277],[13.47556,52.44426],[13.46614,52.44883],[13.46376,52.45031],[13.46057,52.45414],[13.4522,52.45253]]]},"properties":{"UWB":"08401","UWB3":"401","BWB":"084A","BWB3":"4A","AWK":"0804","BEZ":"08","BWK":"82"}},
{"type":"Feature","geometry":{"type":"Polygon","coordinates":[[[13.45504,52.44545],[13.45283,52.44552],[13.44993,52.44565],[13.4493,52.44399],[13.45634,52.44251],[13.45717,52.44353],[13.45917,52.44457],[13.45909,52.4453],[13.45504,52.44545]]]},"properties":{"UWB":"08402","UWB3":"402","BWB":"084B","BWB3":"4B","AWK":"0804","BEZ":"08","BWK":"82"}},
{"type":"Feature","geometry":{"type":"Polygon","coordinates":[[[13.4493,52.44399],[13.44717,52.44231],[13.44657,52.44104],[13.44764,52.43694],[13.45123,52.43672],[13.45205,52.43826],[13.44988,52.43874],[13.44903,52.43986],[13.45052,52.44062],[13.45328,52.4398],[13.45634,52.44251],[13.4493,52.44399]]]},"properties":{"UWB":"08403","UWB3":"403","BWB":"084B","BWB3":"4B","AWK":"0804","BEZ":"08","BWK":"82"}},
{"type":"Feature","geometry":{"type":"Polygon","coordinates":[[[13.45917,52.44457],[13.45717,52.44353],[13.46554,52.44267],[13.46229,52.44419],[13.45917,52.44457]]]},"properties":{"UWB":"08404","UWB3":"404","BWB":"084C","BWB3":"4C","AWK":"0804","BEZ":"08","BWK":"82"}},
{"type":"Feature","geometry":{"type":"Polygon","coordinates":[[[13.46554,52.44267],[13.45717,52.44353],[13.45634,52.44251],[13.45889,52.44031],[13.46113,52.43955],[13.4665,52.44221],[13.46554,52.44267]]]},"properties":{"UWB":"08405","UWB3":"405","BWB":"084D","BWB3":"4D","AWK":"0804","BEZ":"08","BWK":"82"}},
{"type":"Feature","geometry":{"type":"Polygon","coordinates":[[[13.45205,52.43826],[13.45234,52.43869],[13.45664,52.43769],[13.45889,52.44031],[13.45634,52.44251],[13.45328,52.4398],[13.45052,52.44062],[13.44903,52.43986],[13.44988,52.43874],[13.45205,52.43826]]]},"properties":{"UWB":"08406","UWB3":"406","BWB":"084E","BWB3":"4E","AWK":"0804","BEZ":"08","BWK":"82"}},
{"type":"Feature","geometry":{"type":"Polygon","coordinates":[[[13.45123,52.43672],[13.45134,52.43665],[13.45446,52.43476],[13.45838,52.43338],[13.45927,52.4343],[13.46031,52.43539],[13.46356,52.43399],[13.46599,52.43608],[13.46264,52.43774],[13.45889,52.44031],[13.45664,52.43769],[13.45234,52.43869],[13.45205,52.43826],[13.45123,52.43672]]]},"properties":{"UWB":"08407","UWB3":"407","BWB":"084F","BWB3":"4F","AWK":"0804","BEZ":"08","BWK":"82"}},
{"type":"Feature","geometry":{"type":"Polygon","coordinates":[[[13.4665,52.44221],[13.46113,52.43955],[13.45889,52.44031],[13.46264,52.43774],[13.46599,52.43608],[13.46655,52.43576],[13.46786,52.43718],[13.46565,52.4373],[13.464,52.43834],[13.46852,52.44071],[13.4665,52.44221]]]},"properties":{"UWB":"08408","UWB3":"408","BWB":"084G","BWB3":"4G","AWK":"0804","BEZ":"08","BWK":"82"}},
{"type":"Feature","geometry":{"type":"Polygon","coordinates":[[[13.46852,52.44071],[13.464,52.43834],[13.46565,52.4373],[13.46786,52.43718],[13.46655,52.43576],[13.47157,52.43321],[13.47315,52.43444],[13.47511,52.43361],[13.47649,52.43467],[13.47229,52.43687],[13.47307,52.43758],[13.46881,52.44005],[13.46852,52.44071]]]},"properties":{"UWB":"08409","UWB3":"409","BWB":"084G","BWB3":"4G","AWK":"0804","BEZ":"08","BWK":"82"}},
{"type":"Feature","geometry":{"type":"Polygon","coordinates":[[[13.47586,52.43828],[13.48353,52.43455],[13.48446,52.43528],[13.48701,52.4341],[13.48873,52.43554],[13.4872,52.43645],[13.48912,52.43777],[13.47861,52.44277],[13.47953,52.44141],[13.47586,52.43828]]]},"properties":{"UWB":"08410","UWB3":"410","BWB":"084H","BWB3":"4H","AWK":"0804","BEZ":"08","BWK":"82"}},
{"type":"Feature","geometry":{"type":"Polygon","coordinates":[[[13.47307,52.43758],[13.47229,52.43687],[13.47649,52.43467],[13.48356,52.43123],[13.48519,52.43259],[13.48701,52.4341],[13.48446,52.43528],[13.48353,52.43455],[13.47586,52.43828],[13.47455,52.43891],[13.47307,52.43758]]]},"properties":{"UWB":"08411","UWB3":"411","BWB":"084I","BWB3":"4I","AWK":"0804","BEZ":"08","BWK":"82"}},
{"type":"Feature","geometry":{"type":"Polygon","coordinates":[[[13.47157,52.43321],[13.47345,52.4324],[13.4727,52.43137],[13.47137,52.42988],[13.47405,52.42817],[13.47797,52.42964],[13.47975,52.42828],[13.48041,52.42879],[13.48356,52.43123],[13.47649,52.43467],[13.47511,52.43361],[13.47315,52.43444],[13.47157,52.43321]]]},"properties":{"UWB":"08412","UWB3":"412","BWB":"084J","BWB3":"4J","AWK":"0804","BEZ":"08","BWK":"82"}},
{"type":"Feature","geometry":{"type":"Polygon","coordinates":[[[13.45134,52.43665],[13.45053,52.43338],[13.45377,52.42961],[13.45425,52.42981],[13.45354,52.43028],[13.45379,52.43423],[13.45446,52.43476],[13.45134,52.43665]]]},"properties":{"UWB":"08413","UWB3":"413","BWB":"084K","BWB3":"4K","AWK":"0804","BEZ":"08","BWK":"82"}},
{"type":"Feature","geometry":{"type":"Polygon","coordinates":[[[13.45927,52.4343],[13.4623,52.43267],[13.46423,52.43312],[13.467,52.43094],[13.47008,52.43241],[13.4727,52.43137],[13.47345,52.4324],[13.47157,52.43321],[13.46655,52.43576],[13.46599,52.43608],[13.46356,52.43399],[13.46031,52.43539],[13.45927,52.4343]]]},"properties":{"UWB":"08414","UWB3":"414","BWB":"084L","BWB3":"4L","AWK":"0804","BEZ":"08","BWK":"82"}},
{"type":"Feature","geometry":{"type":"Polygon","coordinates":[[[13.4727,52.43137],[13.47008,52.43241],[13.467,52.43094],[13.46809,52.43031],[13.46609,52.42904],[13.46814,52.42772],[13.47137,52.42988],[13.4727,52.43137]]]},"properties":{"UWB":"08415","UWB3":"415","BWB":"084M","BWB3":"4M","AWK":"0804","BEZ":"08","BWK":"82"}},
{"type":"Feature","geometry":{"type":"Polygon","coordinates":[[[13.45053,52.43338],[13.44962,52.43301],[13.44693,52.42702],[13.44904,52.42518],[13.45147,52.42561],[13.45171,52.42636],[13.45005,52.42811],[13.45306,52.42932],[13.45377,52.42961],[13.45053,52.43338]]]},"properties":{"UWB":"08416","UWB3":"416","BWB":"084N","BWB3":"4N","AWK":"0804","BEZ":"08","BWK":"82"}},
{"type":"Feature","geometry":{"type":"Polygon","coordinates":[[[13.45377,52.42961],[13.45306,52.42932],[13.4553,52.42771],[13.4564,52.42815],[13.46018,52.42947],[13.46162,52.4309],[13.46008,52.4319],[13.45425,52.42981],[13.45377,52.42961]]]},"properties":{"UWB":"08417","UWB3":"417","BWB":"084P","BWB3":"4P","AWK":"0804","BEZ":"08","BWK":"82"}},
{"type":"Feature","geometry":{"type":"Polygon","coordinates":[[[13.4564,52.42815],[13.45904,52.42674],[13.45791,52.42588],[13.46351,52.42589],[13.46295,52.4272],[13.46414,52.42789],[13.461,52.42954],[13.46018,52.42947],[13.4564,52.42815]]]},"properties":{"UWB":"08418","UWB3":"418","BWB":"084Q","BWB3":"4Q","AWK":"0804","BEZ":"08","BWK":"82"}},
{"type":"Feature","geometry":{"type":"Polygon","coordinates":[[[13.45446,52.43476],[13.45379,52.43423],[13.45354,52.43028],[13.45425,52.42981],[13.46008,52.4319],[13.45838,52.43338],[13.45446,52.43476]]]},"properties":{"UWB":"08419","UWB3":"419","BWB":"084R","BWB3":"4R","AWK":"0804","BEZ":"08","BWK":"82"}},
{"type":"Feature","geometry":{"type":"Polygon","coordinates":[[[13.45838,52.43338],[13.46008,52.4319],[13.46162,52.4309],[13.46018,52.42947],[13.461,52.42954],[13.46414,52.42789],[13.46609,52.42904],[13.46809,52.43031],[13.467,52.43094],[13.46423,52.43312],[13.4623,52.43267],[13.45927,52.4343],[13.45838,52.43338]]]},"properties":{"UWB":"08420","UWB3":"420","BWB":"084S","BWB3":"4S","AWK":"0804","BEZ":"08","BWK":"82"}},
{"type":"Feature","geometry":{"type":"Polygon","coordinates":[[[13.46609,52.42904],[13.46414,52.42789],[13.46295,52.4272],[13.46351,52.42589],[13.46507,52.42591],[13.46629,52.42662],[13.46814,52.42772],[13.46609,52.42904]]]},"properties":{"UWB":"08421","UWB3":"421","BWB":"084T","BWB3":"4T","AWK":"0804","BEZ":"08","BWK":"82"}},
{"type":"Feature","geometry":{"type":"Polygon","coordinates":[[[13.45171,52.42636],[13.45285,52.42649],[13.45364,52.42769],[13.4553,52.42771],[13.45306,52.42932],[13.45005,52.42811],[13.45171,52.42636]]]},"properties":{"UWB":"08422","UWB3":"422","BWB":"084U","BWB3":"4U","AWK":"0804","BEZ":"08","BWK":"82"}},
{"type":"Feature","geometry":{"type":"Polygon","coordinates":[[[13.4553,52.42771],[13.45364,52.42769],[13.45285,52.42649],[13.45297,52.42497],[13.45551,52.42499],[13.45646,52.42424],[13.45828,52.42479],[13.46269,52.42346],[13.46275,52.42355],[13.46507,52.42591],[13.46351,52.42589],[13.45791,52.42588],[13.45904,52.42674],[13.4564,52.42815],[13.4553,52.42771]]]},"properties":{"UWB":"08423","UWB3":"423","BWB":"084T","BWB3":"4T","AWK":"0804","BEZ":"08","BWK":"82"}},
{"type":"Feature","geometry":{"type":"Polygon","coordinates":[[[13.46269,52.42346],[13.46245,52.42305],[13.46165,52.42178],[13.46336,52.42105],[13.46802,52.42003],[13.46722,52.42281],[13.46275,52.42355],[13.46269,52.42346]]]},"properties":{"UWB":"08424","UWB3":"424","BWB":"084V","BWB3":"4V","AWK":"0804","BEZ":"08","BWK":"82"}},
{"type":"Feature","geometry":{"type":"Polygon","coordinates":[[[13.46507,52.42591],[13.46275,52.42355],[13.46722,52.42281],[13.46739,52.42289],[13.46803,52.4247],[13.46861,52.42601],[13.46629,52.42662],[13.46507,52.42591]]]},"properties":{"UWB":"08425","UWB3":"425","BWB":"084V","BWB3":"4V","AWK":"0804","BEZ":"08","BWK":"82"}},
{"type":"Feature","geometry":{"type":"Polygon","coordinates":[[[13.47137,52.42988],[13.46814,52.42772],[13.47068,52.4262],[13.47254,52.42581],[13.47396,52.42577],[13.47651,52.42569],[13.47719,52.42411],[13.47959,52.42441],[13.47974,52.4256],[13.48229,52.42553],[13.48324,52.42576],[13.47975,52.42828],[13.47797,52.42964],[13.47405,52.42817],[13.47137,52.42988]]]},"properties":{"UWB":"08426","UWB3":"426","BWB":"084W","BWB3":"4W","AWK":"0804","BEZ":"08","BWK":"82"}},
{"type":"Feature","geometry":{"type":"Polygon","coordinates":[[[13.46739,52.42289],[13.469,52.42336],[13.4733,52.42312],[13.47553,52.42366],[13.47396,52.42577],[13.47254,52.42581],[13.47082,52.42468],[13.46803,52.4247],[13.46739,52.42289]]]},"properties":{"UWB":"08427","UWB3":"427","BWB":"084X","BWB3":"4X","AWK":"0804","BEZ":"08","BWK":"82"}},
{"type":"Feature","geometry":{"type":"Polygon","coordinates":[[[13.46629,52.42662],[13.46861,52.42601],[13.46803,52.4247],[13.47082,52.42468],[13.47254,52.42581],[13.47068,52.4262],[13.46814,52.42772],[13.46629,52.42662]]]},"properties":{"UWB":"08428","UWB3":"428","BWB":"084Y","BWB3":"4Y","AWK":"0804","BEZ":"08","BWK":"82"}},
{"type":"Feature","geometry":{"type":"Polygon","coordinates":[[[13.45646,52.42424],[13.46054,52.42307],[13.46245,52.42305],[13.46269,52.42346],[13.45828,52.42479],[13.45646,52.42424]]]},"properties":{"UWB":"08429","UWB3":"429","BWB":"084Z","BWB3":"4Z","AWK":"0804","BEZ":"08","BWK":"82"}},
{"type":"Feature","geometry":{"type":"Polygon","coordinates":[[[13.44904,52.42518],[13.45212,52.42395],[13.45742,52.42277],[13.46165,52.42178],[13.46245,52.42305],[13.46054,52.42307],[13.45646,52.42424],[13.45551,52.42499],[13.45297,52.42497],[13.45285,52.42649],[13.45171,52.42636],[13.45147,52.42561],[13.44904,52.42518]]]},"properties":{"UWB":"08430","UWB3":"430","BWB":"084Z","BWB3":"4Z","AWK":"0804","BEZ":"08","BWK":"82"}},
{"type":"Feature","geometry":{"type":"Polygon","coordinates":[[[13.47396,52.42577],[13.47553,52.42366],[13.48112,52.42395],[13.48229,52.42553],[13.47974,52.4256],[13.47959,52.42441],[13.47719,52.42411],[13.47651,52.42569],[13.47396,52.42577]]]},"properties":{"UWB":"08431","UWB3":"431","BWB":"084W","BWB3":"4W","AWK":"0804","BEZ":"08","BWK":"82"}},
{"type":"Feature","geometry":{"type":"Polygon","coordinates":[[[13.41573,52.44927],[13.41573,52.44926],[13.41458,52.44674],[13.41343,52.44461],[13.41342,52.44459],[13.41342,52.44458],[13.41626,52.44464],[13.42727,52.4447],[13.43339,52.44491],[13.4362,52.44892],[13.43875,52.44826],[13.44083,52.45141],[13.44391,52.45242],[13.4402,52.45274],[13.43698,52.45256],[13.43297,52.45247],[13.42877,52.45544],[13.42676,52.45672],[13.42657,52.4567],[13.42119,52.45675],[13.41594,52.45017],[13.41573,52.44927]]]},"properties":{"UWB":"08501","UWB3":"501","BWB":"085A","BWB3":"5A","AWK":"0805","BEZ":"08","BWK":"82"}},
{"type":"Feature","geometry":{"type":"Polygon","coordinates":[[[13.44923,52.45244],[13.45012,52.44769],[13.45246,52.44809],[13.45283,52.44552],[13.45504,52.44545],[13.4522,52.45253],[13.44923,52.45244]]]},"properties":{"UWB":"08502","UWB3":"502","BWB":"085AA","BWB3":"5AA","AWK":"0805","BEZ":"08","BWK":"82"}},
{"type":"Feature","geometry":{"type":"Polygon","coordinates":[[[13.44761,52.45241],[13.4451,52.45237],[13.4455,52.45107],[13.44487,52.44839],[13.447,52.44819],[13.44872,52.44743],[13.45012,52.44769],[13.44923,52.45244],[13.44761,52.45241]]]},"properties":{"UWB":"08503","UWB3":"503","BWB":"085AB","BWB3":"5AB","AWK":"0805","BEZ":"08","BWK":"82"}},
{"type":"Feature","geometry":{"type":"Polygon","coordinates":[[[13.45283,52.44552],[13.45246,52.44809],[13.45012,52.44769],[13.44872,52.44743],[13.447,52.44819],[13.44487,52.44839],[13.44463,52.44587],[13.44993,52.44565],[13.45283,52.44552]]]},"properties":{"UWB":"08504","UWB3":"504","BWB":"085AC","BWB3":"5AC","AWK":"0805","BEZ":"08","BWK":"82"}},
{"type":"Feature","geometry":{"type":"Polygon","coordinates":[[[13.44391,52.45242],[13.44083,52.45141],[13.43875,52.44826],[13.4362,52.44892],[13.43339,52.44491],[13.43357,52.44413],[13.43379,52.44356],[13.4363,52.44442],[13.44146,52.44543],[13.44463,52.44587],[13.44487,52.44839],[13.4455,52.45107],[13.4451,52.45237],[13.44391,52.45242]]]},"properties":{"UWB":"08505","UWB3":"505","BWB":"085B","BWB3":"5B","AWK":"0805","BEZ":"08","BWK":"82"}},
{"type":"Feature","geometry":{"type":"Polygon","coordinates":[[[13.44993,52.44565],[13.44463,52.44587],[13.44146,52.44543],[13.44038,52.44516],[13.44074,52.44307],[13.44247,52.44208],[13.44441,52.44097],[13.44657,52.44104],[13.44717,52.44231],[13.4493,52.44399],[13.44993,52.44565]]]},"properties":{"UWB":"08506","UWB3":"506","BWB":"085C","BWB3":"5C","AWK":"0805","BEZ":"08","BWK":"82"}},
{"type":"Feature","geometry":{"type":"Polygon","coordinates":[[[13.44657,52.44104],[13.44441,52.44097],[13.44247,52.44208],[13.44015,52.43836],[13.44312,52.43725],[13.44764,52.43694],[13.44657,52.44104]]]},"properties":{"UWB":"08507","UWB3":"507","BWB":"085D","BWB3":"5D","AWK":"0805","BEZ":"08","BWK":"82"}},
{"type":"Feature","geometry":{"type":"Polygon","coordinates":[[[13.43379,52.44356],[13.43479,52.44037],[13.44015,52.43836],[13.44247,52.44208],[13.44074,52.44307],[13.44038,52.44516],[13.44146,52.44543],[13.4363,52.44442],[13.43379,52.44356]]]},"properties":{"UWB":"08508","UWB3":"508","BWB":"085E","BWB3":"5E","AWK":"0805","BEZ":"08","BWK":"82"}},
{"type":"Feature","geometry":{"type":"Polygon","coordinates":[[[13.41121,52.43901],[13.41038,52.43614],[13.40909,52.434],[13.40835,52.43236],[13.40829,52.43229],[13.40909,52.43173],[13.41668,52.43571],[13.42533,52.44025],[13.42607,52.43984],[13.42851,52.44133],[13.43022,52.44292],[13.41924,52.44061],[13.41851,52.44195],[13.41596,52.44159],[13.41626,52.44464],[13.41342,52.44458],[13.41121,52.43901]]]},"properties":{"UWB":"08509","UWB3":"509","BWB":"085F","BWB3":"5F","AWK":"0805","BEZ":"08","BWK":"82"}},
{"type":"Feature","geometry":{"type":"Polygon","coordinates":[[[13.41626,52.44464],[13.41596,52.44159],[13.41851,52.44195],[13.41924,52.44061],[13.43022,52.44292],[13.43357,52.44413],[13.43339,52.44491],[13.42727,52.4447],[13.41626,52.44464]]]},"properties":{"UWB":"08510","UWB3":"510","BWB":"085G","BWB3":"5G","AWK":"0805","BEZ":"08","BWK":"82"}},
{"type":"Feature","geometry":{"type":"Polygon","coordinates":[[[13.43357,52.44413],[13.43022,52.44292],[13.42851,52.44133],[13.42607,52.43984],[13.42533,52.44025],[13.41668,52.43571],[13.43081,52.42796],[13.42983,52.42588],[13.43271,52.42528],[13.43327,52.42452],[13.43553,52.42486],[13.43495,52.43026],[13.43513,52.43532],[13.43479,52.44037],[13.43379,52.44356],[13.43357,52.44413]]]},"properties":{"UWB":"08511","UWB3":"511","BWB":"085H","BWB3":"5H","AWK":"0805","BEZ":"08","BWK":"82"}},
{"type":"Feature","geometry":{"type":"Polygon","coordinates":[[[13.44764,52.43694],[13.44312,52.43725],[13.44015,52.43836],[13.43479,52.44037],[13.43513,52.43532],[13.43612,52.43533],[13.44128,52.43003],[13.44306,52.42665],[13.44553,52.42648],[13.44693,52.42702],[13.44962,52.43301],[13.45053,52.43338],[13.45134,52.43665],[13.45123,52.43672],[13.44764,52.43694]]]},"properties":{"UWB":"08512","UWB3":"512","BWB":"085D","BWB3":"5D","AWK":"0805","BEZ":"08","BWK":"82"}},
{"type":"Feature","geometry":{"type":"Polygon","coordinates":[[[13.43553,52.42486],[13.43917,52.42539],[13.44306,52.42665],[13.44128,52.43003],[13.43612,52.43533],[13.43513,52.43532],[13.43495,52.43026],[13.43553,52.42486]]]},"properties":{"UWB":"08513","UWB3":"513","BWB":"085I","BWB3":"5I","AWK":"0805","BEZ":"08","BWK":"82"}},
{"type":"Feature","geometry":{"type":"Polygon","coordinates":[[[13.40698,52.43032],[13.4062,52.42744],[13.40737,52.427],[13.40444,52.42345],[13.41249,52.42263],[13.4149,52.42294],[13.41575,52.42287],[13.42128,52.42432],[13.42164,52.42441],[13.42798,52.42479],[13.42983,52.42588],[13.43081,52.42796],[13.41668,52.43571],[13.40909,52.43173],[13.40829,52.43229],[13.40824,52.43222],[13.40701,52.43034],[13.40698,52.43032]]]},"properties":{"UWB":"08514","UWB3":"514","BWB":"085J","BWB3":"5J","AWK":"0805","BEZ":"08","BWK":"82"}},
{"type":"Feature","geometry":{"type":"Polygon","coordinates":[[[13.4062,52.42743],[13.40307,52.42278],[13.40306,52.42277],[13.40547,52.42176],[13.40944,52.42121],[13.41273,52.42076],[13.41249,52.42263],[13.40444,52.42345],[13.40737,52.427],[13.4062,52.42744],[13.4062,52.42743]]]},"properties":{"UWB":"08515","UWB3":"515","BWB":"085K","BWB3":"5K","AWK":"0805","BEZ":"08","BWK":"82"}},
{"type":"Feature","geometry":{"type":"Polygon","coordinates":[[[13.40142,52.41462],[13.40623,52.41574],[13.40466,52.41819],[13.40476,52.41911],[13.40424,52.41985],[13.40012,52.41877],[13.39949,52.41802],[13.40142,52.41462]]]},"properties":{"UWB":"08516","UWB3":"516","BWB":"085L","BWB3":"5L","AWK":"0805","BEZ":"08","BWK":"82"}},
{"type":"Feature","geometry":{"type":"Polygon","coordinates":[[[13.40424,52.41985],[13.40476,52.41911],[13.40466,52.41819],[13.40623,52.41574],[13.40989,52.4166],[13.41685,52.41825],[13.41621,52.41927],[13.41217,52.41929],[13.41142,52.41814],[13.40773,52.41728],[13.40695,52.41951],[13.40944,52.42121],[13.40547,52.42176],[13.40481,52.42],[13.40424,52.41985]]]},"properties":{"UWB":"08517","UWB3":"517","BWB":"085L","BWB3":"5L","AWK":"0805","BEZ":"08","BWK":"82"}},
{"type":"Feature","geometry":{"type":"Polygon","coordinates":[[[13.41249,52.42263],[13.41273,52.42076],[13.40944,52.42121],[13.40695,52.41951],[13.40773,52.41728],[13.41142,52.41814],[13.41217,52.41929],[13.41621,52.41927],[13.41535,52.42087],[13.41793,52.42111],[13.41723,52.42234],[13.4149,52.42294],[13.41249,52.42263]]]},"properties":{"UWB":"08518","UWB3":"518","BWB":"085M","BWB3":"5M","AWK":"0805","BEZ":"08","BWK":"82"}},
{"type":"Feature","geometry":{"type":"Polygon","coordinates":[[[13.4149,52.42294],[13.41723,52.42234],[13.41793,52.42111],[13.41535,52.42087],[13.41621,52.41927],[13.41685,52.41825],[13.42114,52.4193],[13.42024,52.4207],[13.42187,52.42127],[13.42083,52.42284],[13.42128,52.42432],[13.41575,52.42287],[13.4149,52.42294]]]},"properties":{"UWB":"08519","UWB3":"519","BWB":"085N","BWB3":"5N","AWK":"0805","BEZ":"08","BWK":"82"}},
{"type":"Feature","geometry":{"type":"Polygon","coordinates":[[[13.40143,52.4146],[13.4025,52.41271],[13.40847,52.41344],[13.41148,52.41314],[13.41823,52.41078],[13.42005,52.41279],[13.41807,52.413],[13.41381,52.41451],[13.41052,52.41497],[13.40989,52.4166],[13.40623,52.41574],[13.40142,52.41462],[13.40143,52.4146]]]},"properties":{"UWB":"08520","UWB3":"520","BWB":"085P","BWB3":"5P","AWK":"0805","BEZ":"08","BWK":"82"}},
{"type":"Feature","geometry":{"type":"Polygon","coordinates":[[[13.40989,52.4166],[13.41052,52.41497],[13.41381,52.41451],[13.41807,52.413],[13.42005,52.41279],[13.42118,52.41308],[13.42039,52.41548],[13.42205,52.41721],[13.42083,52.41804],[13.41754,52.41729],[13.41685,52.41825],[13.40989,52.4166]]]},"properties":{"UWB":"08521","UWB3":"521","BWB":"085Q","BWB3":"5Q","AWK":"0805","BEZ":"08","BWK":"82"}},
{"type":"Feature","geometry":{"type":"Polygon","coordinates":[[[13.41825,52.41077],[13.41958,52.41018],[13.42795,52.41189],[13.43193,52.41251],[13.43879,52.41444],[13.43814,52.41749],[13.43602,52.41714],[13.43376,52.41569],[13.43019,52.41458],[13.42943,52.41528],[13.42748,52.41556],[13.42524,52.415],[13.42367,52.41819],[13.42205,52.41721],[13.42039,52.41548],[13.42118,52.41308],[13.42005,52.41279],[13.41823,52.41078],[13.41825,52.41077]]]},"properties":{"UWB":"08522","UWB3":"522","BWB":"085R","BWB3":"5R","AWK":"0805","BEZ":"08","BWK":"82"}},
{"type":"Feature","geometry":{"type":"Polygon","coordinates":[[[13.41685,52.41825],[13.41754,52.41729],[13.42083,52.41804],[13.42205,52.41721],[13.42367,52.41819],[13.42524,52.415],[13.42748,52.41556],[13.42943,52.41528],[13.42979,52.41599],[13.42621,52.4171],[13.42748,52.41826],[13.42887,52.41947],[13.43395,52.4208],[13.43124,52.42174],[13.42765,52.42079],[13.42114,52.4193],[13.41685,52.41825]]]},"properties":{"UWB":"08523","UWB3":"523","BWB":"085S","BWB3":"5S","AWK":"0805","BEZ":"08","BWK":"82"}},
{"type":"Feature","geometry":{"type":"Polygon","coordinates":[[[13.43602,52.41714],[13.43511,52.41834],[13.43165,52.41837],[13.43138,52.41712],[13.42748,52.41826],[13.42621,52.4171],[13.42979,52.41599],[13.42943,52.41528],[13.43019,52.41458],[13.43376,52.41569],[13.43602,52.41714]]]},"properties":{"UWB":"08524","UWB3":"524","BWB":"085T","BWB3":"5T","AWK":"0805","BEZ":"08","BWK":"82"}},
{"type":"Feature","geometry":{"type":"Polygon","coordinates":[[[13.42748,52.41826],[13.43138,52.41712],[13.43165,52.41837],[13.43511,52.41834],[13.43395,52.4208],[13.42887,52.41947],[13.42748,52.41826]]]},"properties":{"UWB":"08525","UWB3":"525","BWB":"085T","BWB3":"5T","AWK":"0805","BEZ":"08","BWK":"82"}},
{"type":"Feature","geometry":{"type":"Polygon","coordinates":[[[13.42128,52.42432],[13.42083,52.42284],[13.42187,52.42127],[13.42024,52.4207],[13.42114,52.4193],[13.42765,52.42079],[13.42728,52.42249],[13.42894,52.42485],[13.42798,52.42479],[13.42164,52.42441],[13.42128,52.42432]]]},"properties":{"UWB":"08526","UWB3":"526","BWB":"085U","BWB3":"5U","AWK":"0805","BEZ":"08","BWK":"82"}},
{"type":"Feature","geometry":{"type":"Polygon","coordinates":[[[13.43814,52.41749],[13.44043,52.41755],[13.44029,52.41943],[13.43824,52.41937],[13.43786,52.42181],[13.43663,52.42365],[13.43227,52.42202],[13.43124,52.42174],[13.43395,52.4208],[13.43511,52.41834],[13.43602,52.41714],[13.43814,52.41749]]]},"properties":{"UWB":"08527","UWB3":"527","BWB":"085R","BWB3":"5R","AWK":"0805","BEZ":"08","BWK":"82"}},
{"type":"Feature","geometry":{"type":"Polygon","coordinates":[[[13.43879,52.41444],[13.44706,52.41668],[13.44944,52.41768],[13.44945,52.41775],[13.44354,52.4176],[13.44331,52.41914],[13.44029,52.41943],[13.44043,52.41755],[13.43814,52.41749],[13.43879,52.41444]]]},"properties":{"UWB":"08528","UWB3":"528","BWB":"085V","BWB3":"5V","AWK":"0805","BEZ":"08","BWK":"82"}},
{"type":"Feature","geometry":{"type":"Polygon","coordinates":[[[13.42983,52.42588],[13.42798,52.42479],[13.42894,52.42485],[13.42728,52.42249],[13.42765,52.42079],[13.43124,52.42174],[13.43227,52.42202],[13.43075,52.42429],[13.43327,52.42452],[13.43271,52.42528],[13.42983,52.42588]]]},"properties":{"UWB":"08529","UWB3":"529","BWB":"085W","BWB3":"5W","AWK":"0805","BEZ":"08","BWK":"82"}},
{"type":"Feature","geometry":{"type":"Polygon","coordinates":[[[13.43327,52.42452],[13.43075,52.42429],[13.43227,52.42202],[13.43663,52.42365],[13.43952,52.42414],[13.43992,52.42325],[13.44273,52.42325],[13.44464,52.42334],[13.44431,52.42468],[13.44752,52.42515],[13.44553,52.42648],[13.44306,52.42665],[13.43917,52.42539],[13.43553,52.42486],[13.43327,52.42452]]]},"properties":{"UWB":"08530","UWB3":"530","BWB":"085W","BWB3":"5W","AWK":"0805","BEZ":"08","BWK":"82"}},
{"type":"Feature","geometry":{"type":"Polygon","coordinates":[[[13.44945,52.41775],[13.44602,52.41815],[13.44702,52.41961],[13.44502,52.42026],[13.44022,52.42017],[13.44029,52.41943],[13.44331,52.41914],[13.44354,52.4176],[13.44945,52.41775]]]},"properties":{"UWB":"08531","UWB3":"531","BWB":"085X","BWB3":"5X","AWK":"0805","BEZ":"08","BWK":"82"}},
{"type":"Feature","geometry":{"type":"Polygon","coordinates":[[[13.44029,52.41943],[13.44022,52.42017],[13.44502,52.42026],[13.44512,52.42227],[13.44273,52.42325],[13.43992,52.42325],[13.43952,52.42414],[13.43663,52.42365],[13.43786,52.42181],[13.43824,52.41937],[13.44029,52.41943]]]},"properties":{"UWB":"08532","UWB3":"532","BWB":"085Y","BWB3":"5Y","AWK":"0805","BEZ":"08","BWK":"82"}},
{"type":"Feature","geometry":{"type":"Polygon","coordinates":[[[13.46165,52.42178],[13.45742,52.42277],[13.45666,52.422],[13.44827,52.42125],[13.44885,52.41958],[13.44702,52.41961],[13.44602,52.41815],[13.44945,52.41775],[13.44944,52.41768],[13.45469,52.41945],[13.45946,52.42057],[13.46336,52.42105],[13.46165,52.42178]]]},"properties":{"UWB":"08533","UWB3":"533","BWB":"085Z","BWB3":"5Z","AWK":"0805","BEZ":"08","BWK":"82"}},
{"type":"Feature","geometry":{"type":"Polygon","coordinates":[[[13.44693,52.42702],[13.44553,52.42648],[13.44752,52.42515],[13.44431,52.42468],[13.44464,52.42334],[13.44273,52.42325],[13.44512,52.42227],[13.44502,52.42026],[13.44702,52.41961],[13.44885,52.41958],[13.44827,52.42125],[13.45666,52.422],[13.45742,52.42277],[13.45212,52.42395],[13.44904,52.42518],[13.44693,52.42702]]]},"properties":{"UWB":"08534","UWB3":"534","BWB":"085X","BWB3":"5X","AWK":"0805","BEZ":"08","BWK":"82"}},
{"type":"Feature","geometry":{"type":"Polygon","coordinates":[[[13.48701,52.4341],[13.48519,52.43259],[13.4921,52.42923],[13.49769,52.4335],[13.49492,52.43495],[13.48912,52.43777],[13.4872,52.43645],[13.48873,52.43554],[13.48701,52.4341]]]},"properties":{"UWB":"08601","UWB3":"601","BWB":"086A","BWB3":"6A","AWK":"0806","BEZ":"08","BWK":"82"}},
{"type":"Feature","geometry":{"type":"Polygon","coordinates":[[[13.48356,52.43123],[13.48041,52.42879],[13.48423,52.42684],[13.48516,52.42752],[13.48807,52.42615],[13.49173,52.42895],[13.4921,52.42923],[13.48519,52.43259],[13.48356,52.43123]]]},"properties":{"UWB":"08602","UWB3":"602","BWB":"086AA","BWB3":"6AA","AWK":"0806","BEZ":"08","BWK":"82"}},
{"type":"Feature","geometry":{"type":"Polygon","coordinates":[[[13.4921,52.42923],[13.49173,52.42895],[13.49446,52.42769],[13.49542,52.4259],[13.49818,52.42603],[13.4999,52.42488],[13.50059,52.4232],[13.50233,52.42308],[13.50459,52.42328],[13.50236,52.42475],[13.50624,52.42693],[13.50808,52.42871],[13.4978,52.43345],[13.49769,52.4335],[13.4921,52.42923]]]},"properties":{"UWB":"08603","UWB3":"603","BWB":"086B","BWB3":"6B","AWK":"0806","BEZ":"08","BWK":"82"}},
{"type":"Feature","geometry":{"type":"Polygon","coordinates":[[[13.50459,52.42328],[13.50639,52.42217],[13.5108,52.42319],[13.51111,52.42235],[13.51366,52.42273],[13.51462,52.42043],[13.5157,52.42086],[13.5186,52.42242],[13.51843,52.42291],[13.52046,52.42624],[13.51994,52.42672],[13.51585,52.42699],[13.5114,52.42771],[13.50808,52.42871],[13.50624,52.42693],[13.50236,52.42475],[13.50459,52.42328]]]},"properties":{"UWB":"08604","UWB3":"604","BWB":"086C","BWB3":"6C","AWK":"0806","BEZ":"08","BWK":"82"}},
{"type":"Feature","geometry":{"type":"Polygon","coordinates":[[[13.50233,52.42308],[13.50203,52.42201],[13.5032,52.42111],[13.50162,52.42043],[13.504,52.42013],[13.50579,52.41848],[13.51037,52.41924],[13.51462,52.42043],[13.51366,52.42273],[13.51111,52.42235],[13.5108,52.42319],[13.50639,52.42217],[13.50459,52.42328],[13.50233,52.42308]]]},"properties":{"UWB":"08605","UWB3":"605","BWB":"086D","BWB3":"6D","AWK":"0806","BEZ":"08","BWK":"82"}},
{"type":"Feature","geometry":{"type":"Polygon","coordinates":[[[13.50059,52.4232],[13.49751,52.42177],[13.49511,52.42288],[13.49468,52.42129],[13.49789,52.41885],[13.50162,52.42043],[13.5032,52.42111],[13.50203,52.42201],[13.50233,52.42308],[13.50059,52.4232]]]},"properties":{"UWB":"08606","UWB3":"606","BWB":"086E","BWB3":"6E","AWK":"0806","BEZ":"08","BWK":"82"}},
{"type":"Feature","geometry":{"type":"Polygon","coordinates":[[[13.49542,52.4259],[13.49557,52.42475],[13.49101,52.42475],[13.49177,52.42386],[13.49527,52.42359],[13.49511,52.42288],[13.49751,52.42177],[13.50059,52.4232],[13.4999,52.42488],[13.49818,52.42603],[13.49542,52.4259]]]},"properties":{"UWB":"08607","UWB3":"607","BWB":"086F","BWB3":"6F","AWK":"0806","BEZ":"08","BWK":"82"}},
{"type":"Feature","geometry":{"type":"Polygon","coordinates":[[[13.47975,52.42828],[13.48324,52.42576],[13.48709,52.42289],[13.48834,52.42186],[13.49001,52.42118],[13.49277,52.42279],[13.49177,52.42386],[13.49101,52.42475],[13.49557,52.42475],[13.49542,52.4259],[13.49446,52.42769],[13.49173,52.42895],[13.48807,52.42615],[13.48516,52.42752],[13.48423,52.42684],[13.48041,52.42879],[13.47975,52.42828]]]},"properties":{"UWB":"08608","UWB3":"608","BWB":"086G","BWB3":"6G","AWK":"0806","BEZ":"08","BWK":"82"}},
{"type":"Feature","geometry":{"type":"Polygon","coordinates":[[[13.48229,52.42553],[13.48112,52.42395],[13.48054,52.42221],[13.48152,52.42109],[13.48284,52.42039],[13.48709,52.42289],[13.48324,52.42576],[13.48229,52.42553]]]},"properties":{"UWB":"08609","UWB3":"609","BWB":"086H","BWB3":"6H","AWK":"0806","BEZ":"08","BWK":"82"}},
{"type":"Feature","geometry":{"type":"Polygon","coordinates":[[[13.48709,52.42289],[13.48284,52.42039],[13.48152,52.42109],[13.47799,52.41781],[13.48293,52.41603],[13.48523,52.41788],[13.48699,52.41874],[13.48993,52.42001],[13.48834,52.42186],[13.48709,52.42289]]]},"properties":{"UWB":"08610","UWB3":"610","BWB":"086I","BWB3":"6I","AWK":"0806","BEZ":"08","BWK":"82"}},
{"type":"Feature","geometry":{"type":"Polygon","coordinates":[[[13.51462,52.42043],[13.51037,52.41924],[13.51125,52.41827],[13.5144,52.41576],[13.51769,52.41643],[13.51529,52.4194],[13.5157,52.42086],[13.51462,52.42043]]]},"properties":{"UWB":"08611","UWB3":"611","BWB":"086D","BWB3":"6D","AWK":"0806","BEZ":"08","BWK":"82"}},
{"type":"Feature","geometry":{"type":"Polygon","coordinates":[[[13.5157,52.42086],[13.51529,52.4194],[13.51769,52.41643],[13.5144,52.41576],[13.51125,52.41827],[13.50869,52.41783],[13.51427,52.41274],[13.51651,52.41363],[13.52234,52.40854],[13.52406,52.41359],[13.52226,52.41443],[13.52296,52.41545],[13.52212,52.41843],[13.5205,52.42083],[13.5186,52.42242],[13.5157,52.42086]]]},"properties":{"UWB":"08612","UWB3":"612","BWB":"086J","BWB3":"6J","AWK":"0806","BEZ":"08","BWK":"82"}},
{"type":"Feature","geometry":{"type":"Polygon","coordinates":[[[13.51427,52.41274],[13.51277,52.41211],[13.50845,52.41069],[13.51367,52.40585],[13.51242,52.40535],[13.516,52.40183],[13.51665,52.40333],[13.51877,52.40466],[13.52178,52.40744],[13.52234,52.40854],[13.51651,52.41363],[13.51427,52.41274]]]},"properties":{"UWB":"08613","UWB3":"613","BWB":"086J","BWB3":"6J","AWK":"0806","BEZ":"08","BWK":"82"}},
{"type":"Feature","geometry":{"type":"Polygon","coordinates":[[[13.51277,52.41211],[13.51026,52.4144],[13.50822,52.41352],[13.50623,52.41277],[13.50343,52.41164],[13.50535,52.40973],[13.50818,52.40693],[13.5113,52.40363],[13.51383,52.40121],[13.516,52.40179],[13.516,52.40183],[13.51242,52.40535],[13.51367,52.40585],[13.50845,52.41069],[13.51277,52.41211]]]},"properties":{"UWB":"08614","UWB3":"614","BWB":"086K","BWB3":"6K","AWK":"0806","BEZ":"08","BWK":"82"}},
{"type":"Feature","geometry":{"type":"Polygon","coordinates":[[[13.5113,52.40363],[13.50723,52.40206],[13.50632,52.40296],[13.50451,52.40227],[13.50545,52.40138],[13.50082,52.39934],[13.50574,52.3999],[13.51383,52.40121],[13.5113,52.40363]]]},"properties":{"UWB":"08615","UWB3":"615","BWB":"086L","BWB3":"6L","AWK":"0806","BEZ":"08","BWK":"82"}},
{"type":"Feature","geometry":{"type":"Polygon","coordinates":[[[13.50818,52.40693],[13.50583,52.40587],[13.50473,52.40452],[13.50632,52.40296],[13.50723,52.40206],[13.5113,52.40363],[13.50818,52.40693]]]},"properties":{"UWB":"08616","UWB3":"616","BWB":"086K","BWB3":"6K","AWK":"0806","BEZ":"08","BWK":"82"}},
{"type":"Feature","geometry":{"type":"Polygon","coordinates":[[[13.50632,52.40296],[13.50473,52.40452],[13.50114,52.40316],[13.50273,52.40159],[13.50069,52.40081],[13.50034,52.40379],[13.49891,52.40349],[13.49938,52.40111],[13.49794,52.40101],[13.49846,52.39896],[13.50082,52.39934],[13.50545,52.40138],[13.50451,52.40227],[13.50632,52.40296]]]},"properties":{"UWB":"08617","UWB3":"617","BWB":"086L","BWB3":"6L","AWK":"0806","BEZ":"08","BWK":"82"}},
{"type":"Feature","geometry":{"type":"Polygon","coordinates":[[[13.50535,52.40973],[13.49954,52.40758],[13.50034,52.40379],[13.50069,52.40081],[13.50273,52.40159],[13.50114,52.40316],[13.50473,52.40452],[13.50583,52.40587],[13.50818,52.40693],[13.50535,52.40973]]]},"properties":{"UWB":"08618","UWB3":"618","BWB":"086M","BWB3":"6M","AWK":"0806","BEZ":"08","BWK":"82"}},
{"type":"Feature","geometry":{"type":"Polygon","coordinates":[[[13.50623,52.41277],[13.5022,52.41652],[13.50086,52.41614],[13.50289,52.41425],[13.49804,52.41257],[13.49855,52.41046],[13.49954,52.40758],[13.50535,52.40973],[13.50343,52.41164],[13.50623,52.41277]]]},"properties":{"UWB":"08619","UWB3":"619","BWB":"086M","BWB3":"6M","AWK":"0806","BEZ":"08","BWK":"82"}},
{"type":"Feature","geometry":{"type":"Polygon","coordinates":[[[13.50579,52.41848],[13.5079,52.41656],[13.50583,52.41572],[13.50822,52.41352],[13.51026,52.4144],[13.51277,52.41211],[13.51427,52.41274],[13.50869,52.41783],[13.51125,52.41827],[13.51037,52.41924],[13.50579,52.41848]]]},"properties":{"UWB":"08620","UWB3":"620","BWB":"086N","BWB3":"6N","AWK":"0806","BEZ":"08","BWK":"82"}},
{"type":"Feature","geometry":{"type":"Polygon","coordinates":[[[13.50822,52.41352],[13.50583,52.41572],[13.5079,52.41656],[13.50579,52.41848],[13.50154,52.41807],[13.4996,52.41729],[13.50086,52.41614],[13.5022,52.41652],[13.50623,52.41277],[13.50822,52.41352]]]},"properties":{"UWB":"08621","UWB3":"621","BWB":"086N","BWB3":"6N","AWK":"0806","BEZ":"08","BWK":"82"}},
{"type":"Feature","geometry":{"type":"Polygon","coordinates":[[[13.50086,52.41614],[13.4996,52.41729],[13.49789,52.41885],[13.49572,52.41769],[13.4935,52.41734],[13.49644,52.41571],[13.49271,52.41398],[13.49505,52.41261],[13.49384,52.41081],[13.49855,52.41046],[13.49804,52.41257],[13.50289,52.41425],[13.50086,52.41614]]]},"properties":{"UWB":"08622","UWB3":"622","BWB":"086P","BWB3":"6P","AWK":"0806","BEZ":"08","BWK":"82"}},
{"type":"Feature","geometry":{"type":"Polygon","coordinates":[[[13.50162,52.42043],[13.49789,52.41885],[13.4996,52.41729],[13.50154,52.41807],[13.50579,52.41848],[13.504,52.42013],[13.50162,52.42043]]]},"properties":{"UWB":"08623","UWB3":"623","BWB":"086P","BWB3":"6P","AWK":"0806","BEZ":"08","BWK":"82"}},
{"type":"Feature","geometry":{"type":"Polygon","coordinates":[[[13.49511,52.42288],[13.49527,52.42359],[13.49177,52.42386],[13.49277,52.42279],[13.49001,52.42118],[13.48834,52.42186],[13.48993,52.42001],[13.4935,52.41734],[13.49572,52.41769],[13.49789,52.41885],[13.49468,52.42129],[13.49511,52.42288]]]},"properties":{"UWB":"08624","UWB3":"624","BWB":"086E","BWB3":"6E","AWK":"0806","BEZ":"08","BWK":"82"}},
{"type":"Feature","geometry":{"type":"Polygon","coordinates":[[[13.48699,52.41874],[13.48877,52.41668],[13.48756,52.41533],[13.48975,52.4134],[13.49271,52.41398],[13.49644,52.41571],[13.4935,52.41734],[13.48993,52.42001],[13.48699,52.41874]]]},"properties":{"UWB":"08625","UWB3":"625","BWB":"086Q","BWB3":"6Q","AWK":"0806","BEZ":"08","BWK":"82"}},
{"type":"Feature","geometry":{"type":"Polygon","coordinates":[[[13.4719,52.41901],[13.4684,52.41916],[13.47101,52.41406],[13.47414,52.40872],[13.47942,52.41046],[13.47833,52.41216],[13.47694,52.41434],[13.47548,52.41532],[13.47391,52.4149],[13.47185,52.41823],[13.4719,52.41901]]]},"properties":{"UWB":"08626","UWB3":"626","BWB":"086R","BWB3":"6R","AWK":"0806","BEZ":"08","BWK":"82"}},
{"type":"Feature","geometry":{"type":"Polygon","coordinates":[[[13.47799,52.41781],[13.47366,52.41893],[13.4719,52.41901],[13.47185,52.41823],[13.47391,52.4149],[13.47548,52.41532],[13.47694,52.41434],[13.47833,52.41216],[13.48266,52.41352],[13.48161,52.41506],[13.48293,52.41603],[13.47799,52.41781]]]},"properties":{"UWB":"08627","UWB3":"627","BWB":"086S","BWB3":"6S","AWK":"0806","BEZ":"08","BWK":"82"}},
{"type":"Feature","geometry":{"type":"Polygon","coordinates":[[[13.48293,52.41603],[13.48161,52.41506],[13.48266,52.41352],[13.47833,52.41216],[13.47942,52.41046],[13.48369,52.41187],[13.48554,52.40926],[13.48666,52.41052],[13.48803,52.40911],[13.48918,52.41004],[13.49074,52.41132],[13.48975,52.4134],[13.48756,52.41533],[13.48877,52.41668],[13.48699,52.41874],[13.48523,52.41788],[13.48293,52.41603]]]},"properties":{"UWB":"08628","UWB3":"628","BWB":"086T","BWB3":"6T","AWK":"0806","BEZ":"08","BWK":"82"}},
{"type":"Feature","geometry":{"type":"Polygon","coordinates":[[[13.47414,52.40872],[13.4759,52.40609],[13.47516,52.40806],[13.47783,52.40894],[13.48079,52.40638],[13.48281,52.40791],[13.48376,52.40757],[13.48554,52.40926],[13.48369,52.41187],[13.47942,52.41046],[13.47414,52.40872]]]},"properties":{"UWB":"08629","UWB3":"629","BWB":"086U","BWB3":"6U","AWK":"0806","BEZ":"08","BWK":"82"}},
{"type":"Feature","geometry":{"type":"Polygon","coordinates":[[[13.48554,52.40926],[13.48376,52.40757],[13.48281,52.40791],[13.48079,52.40638],[13.47783,52.40894],[13.47516,52.40806],[13.4759,52.40609],[13.47765,52.40265],[13.48055,52.40477],[13.48228,52.40464],[13.48423,52.4015],[13.48502,52.40283],[13.48456,52.40449],[13.48626,52.40554],[13.49022,52.40948],[13.48918,52.41004],[13.48803,52.40911],[13.48666,52.41052],[13.48554,52.40926]]]},"properties":{"UWB":"08630","UWB3":"630","BWB":"086V","BWB3":"6V","AWK":"0806","BEZ":"08","BWK":"82"}},
{"type":"Feature","geometry":{"type":"Polygon","coordinates":[[[13.50034,52.40379],[13.49954,52.40758],[13.49855,52.41046],[13.49384,52.41081],[13.49505,52.41261],[13.49271,52.41398],[13.48975,52.4134],[13.49074,52.41132],[13.48918,52.41004],[13.49022,52.40948],[13.48626,52.40554],[13.48456,52.40449],[13.48502,52.40283],[13.487,52.40253],[13.48865,52.40562],[13.49394,52.40428],[13.49735,52.40404],[13.49891,52.40349],[13.50034,52.40379]]]},"properties":{"UWB":"08631","UWB3":"631","BWB":"086W","BWB3":"6W","AWK":"0806","BEZ":"08","BWK":"82"}},
{"type":"Feature","geometry":{"type":"Polygon","coordinates":[[[13.49891,52.40349],[13.49735,52.40404],[13.49394,52.40428],[13.48865,52.40562],[13.487,52.40253],[13.48502,52.40283],[13.48423,52.4015],[13.48228,52.40464],[13.48055,52.40477],[13.47765,52.40265],[13.47895,52.39998],[13.47976,52.39594],[13.48354,52.39693],[13.49056,52.39776],[13.49846,52.39896],[13.49794,52.40101],[13.49938,52.40111],[13.49891,52.40349]]]},"properties":{"UWB":"08632","UWB3":"632","BWB":"086X","BWB3":"6X","AWK":"0806","BEZ":"08","BWK":"82"}},
{"type":"Feature","geometry":{"type":"Polygon","coordinates":[[[13.48054,52.42221],[13.48004,52.4207],[13.47416,52.42067],[13.47366,52.41893],[13.47799,52.41781],[13.48152,52.42109],[13.48054,52.42221]]]},"properties":{"UWB":"08633","UWB3":"633","BWB":"086Y","BWB3":"6Y","AWK":"0806","BEZ":"08","BWK":"82"}},
{"type":"Feature","geometry":{"type":"Polygon","coordinates":[[[13.46802,52.42003],[13.4684,52.41916],[13.4719,52.41901],[13.47366,52.41893],[13.47416,52.42067],[13.47459,52.4218],[13.4733,52.42312],[13.469,52.42336],[13.46739,52.42289],[13.46722,52.42281],[13.46802,52.42003]]]},"properties":{"UWB":"08634","UWB3":"634","BWB":"086Y","BWB3":"6Y","AWK":"0806","BEZ":"08","BWK":"82"}},
{"type":"Feature","geometry":{"type":"Polygon","coordinates":[[[13.4733,52.42312],[13.47459,52.4218],[13.47756,52.42158],[13.48054,52.42221],[13.48112,52.42395],[13.47553,52.42366],[13.4733,52.42312]]]},"properties":{"UWB":"08635","UWB3":"635","BWB":"086Z","BWB3":"6Z","AWK":"0806","BEZ":"08","BWK":"82"}},
{"type":"Feature","geometry":{"type":"Polygon","coordinates":[[[13.48054,52.42221],[13.47756,52.42158],[13.47459,52.4218],[13.47416,52.42067],[13.48004,52.4207],[13.48054,52.42221]]]},"properties":{"UWB":"08636","UWB3":"636","BWB":"086Z","BWB3":"6Z","AWK":"0806","BEZ":"08","BWK":"82"}},
{"type":"Feature","geometry":{"type":"Polygon","coordinates":[[[13.43966,52.48991],[13.44009,52.48968],[13.44245,52.49148],[13.44446,52.49299],[13.44668,52.49162],[13.44825,52.49265],[13.44425,52.49386],[13.43989,52.4906],[13.43966,52.48991]]]},"properties":{"UWB":"09101","UWB3":"101","BWB":"091A","BWB3":"1A","AWK":"0901","BEZ":"09","BWK":"84"}},
{"type":"Feature","geometry":{"type":"Polygon","coordinates":[[[13.44245,52.49148],[13.44454,52.49039],[13.44668,52.49162],[13.44446,52.49299],[13.44245,52.49148]]]},"properties":{"UWB":"09102","UWB3":"102","BWB":"091B","BWB3":"1B","AWK":"0901","BEZ":"09","BWK":"84"}},
{"type":"Feature","geometry":{"type":"Polygon","coordinates":[[[13.44301,52.48819],[13.44407,52.48898],[13.44454,52.49039],[13.44245,52.49148],[13.44009,52.48968],[13.44301,52.48819]]]},"properties":{"UWB":"09103","UWB3":"103","BWB":"091A","BWB3":"1A","AWK":"0901","BEZ":"09","BWK":"84"}},
{"type":"Feature","geometry":{"type":"Polygon","coordinates":[[[13.44434,52.48751],[13.44676,52.48895],[13.44677,52.48908],[13.44502,52.49008],[13.44407,52.48898],[13.44301,52.48819],[13.44434,52.48751]]]},"properties":{"UWB":"09104","UWB3":"104","BWB":"091A","BWB3":"1A","AWK":"0901","BEZ":"09","BWK":"84"}},
{"type":"Feature","geometry":{"type":"Polygon","coordinates":[[[13.44454,52.49039],[13.44407,52.48898],[13.44502,52.49008],[13.44677,52.48908],[13.44875,52.49034],[13.44668,52.49162],[13.44454,52.49039]]]},"properties":{"UWB":"09105","UWB3":"105","BWB":"091B","BWB3":"1B","AWK":"0901","BEZ":"09","BWK":"84"}},
{"type":"Feature","geometry":{"type":"Polygon","coordinates":[[[13.44668,52.49162],[13.44875,52.49034],[13.45044,52.49144],[13.44825,52.49265],[13.44668,52.49162]]]},"properties":{"UWB":"09106","UWB3":"106","BWB":"091C","BWB3":"1C","AWK":"0901","BEZ":"09","BWK":"84"}},
{"type":"Feature","geometry":{"type":"Polygon","coordinates":[[[13.44875,52.49034],[13.45087,52.48902],[13.45351,52.48926],[13.45044,52.49144],[13.44875,52.49034]]]},"properties":{"UWB":"09107","UWB3":"107","BWB":"091D","BWB3":"1D","AWK":"0901","BEZ":"09","BWK":"84"}},
{"type":"Feature","geometry":{"type":"Polygon","coordinates":[[[13.44865,52.48798],[13.45113,52.48679],[13.45399,52.48894],[13.45351,52.48926],[13.45087,52.48902],[13.44875,52.49034],[13.44677,52.48908],[13.44676,52.48895],[13.44865,52.48798]]]},"properties":{"UWB":"09108","UWB3":"108","BWB":"091D","BWB3":"1D","AWK":"0901","BEZ":"09","BWK":"84"}},
{"type":"Feature","geometry":{"type":"Polygon","coordinates":[[[13.45114,52.48679],[13.45607,52.48425],[13.45813,52.48582],[13.45758,52.48815],[13.45494,52.48947],[13.45399,52.48894],[13.45113,52.48679],[13.45114,52.48679]]]},"properties":{"UWB":"09109","UWB3":"109","BWB":"091E","BWB3":"1E","AWK":"0901","BEZ":"09","BWK":"84"}},
{"type":"Feature","geometry":{"type":"Polygon","coordinates":[[[13.44464,52.49416],[13.44425,52.49386],[13.44825,52.49265],[13.45044,52.49144],[13.45509,52.48978],[13.46254,52.49546],[13.4595,52.49654],[13.45423,52.49752],[13.45335,52.49752],[13.45091,52.49711],[13.44788,52.49484],[13.44464,52.49416]]]},"properties":{"UWB":"09110","UWB3":"110","BWB":"091C","BWB3":"1C","AWK":"0901","BEZ":"09","BWK":"84"}},
{"type":"Feature","geometry":{"type":"Polygon","coordinates":[[[13.46375,52.4952],[13.46254,52.49546],[13.45509,52.48978],[13.45044,52.49144],[13.45351,52.48926],[13.45399,52.48894],[13.45494,52.48947],[13.45758,52.48815],[13.45813,52.48582],[13.45856,52.48552],[13.46118,52.4837],[13.46366,52.48506],[13.46368,52.48513],[13.46142,52.48661],[13.46008,52.48826],[13.46008,52.48995],[13.46094,52.49237],[13.47618,52.48782],[13.47938,52.48458],[13.48295,52.48605],[13.48205,52.48744],[13.47923,52.48787],[13.47613,52.48995],[13.47379,52.49103],[13.47102,52.49149],[13.46706,52.49268],[13.4632,52.49421],[13.46375,52.4952]]]},"properties":{"UWB":"09111","UWB3":"111","BWB":"091E","BWB3":"1E","AWK":"0901","BEZ":"09","BWK":"84"}},
{"type":"Feature","geometry":{"type":"Polygon","coordinates":[[[13.46368,52.48513],[13.46517,52.48667],[13.4687,52.48427],[13.47192,52.48227],[13.47296,52.48156],[13.47938,52.48458],[13.47618,52.48782],[13.46094,52.49237],[13.46008,52.48995],[13.46008,52.48826],[13.46142,52.48661],[13.46368,52.48513]]]},"properties":{"UWB":"09112","UWB3":"112","BWB":"091F","BWB3":"1F","AWK":"0901","BEZ":"09","BWK":"84"}},
{"type":"Feature","geometry":{"type":"Polygon","coordinates":[[[13.46366,52.48506],[13.46664,52.48316],[13.4687,52.48427],[13.46517,52.48667],[13.46368,52.48513],[13.46366,52.48506]]]},"properties":{"UWB":"09113","UWB3":"113","BWB":"091F","BWB3":"1F","AWK":"0901","BEZ":"09","BWK":"84"}},
{"type":"Feature","geometry":{"type":"Polygon","coordinates":[[[13.46383,52.48165],[13.46599,52.48283],[13.46905,52.48074],[13.47192,52.48227],[13.4687,52.48427],[13.46664,52.48316],[13.46366,52.48506],[13.46118,52.4837],[13.46383,52.48165]]]},"properties":{"UWB":"09114","UWB3":"114","BWB":"091G","BWB3":"1G","AWK":"0901","BEZ":"09","BWK":"84"}},
{"type":"Feature","geometry":{"type":"Polygon","coordinates":[[[13.46804,52.47869],[13.47057,52.4769],[13.4696,52.47399],[13.47004,52.47303],[13.47004,52.47302],[13.47657,52.47646],[13.47873,52.47758],[13.47296,52.48156],[13.47192,52.48227],[13.46905,52.48074],[13.46599,52.48283],[13.46383,52.48165],[13.46804,52.47869]]]},"properties":{"UWB":"09115","UWB3":"115","BWB":"091G","BWB3":"1G","AWK":"0901","BEZ":"09","BWK":"84"}},
{"type":"Feature","geometry":{"type":"Polygon","coordinates":[[[13.47296,52.48156],[13.47873,52.47758],[13.48082,52.47868],[13.47715,52.48103],[13.48123,52.48256],[13.47938,52.48458],[13.47296,52.48156]]]},"properties":{"UWB":"09116","UWB3":"116","BWB":"091H","BWB3":"1H","AWK":"0901","BEZ":"09","BWK":"84"}},
{"type":"Feature","geometry":{"type":"Polygon","coordinates":[[[13.48295,52.48605],[13.47938,52.48458],[13.48123,52.48256],[13.47715,52.48103],[13.48082,52.47868],[13.48348,52.48009],[13.48545,52.47786],[13.48743,52.47564],[13.4884,52.47454],[13.4907,52.47197],[13.49245,52.47004],[13.49507,52.47223],[13.49448,52.4752],[13.49561,52.47877],[13.49418,52.48312],[13.49274,52.48582],[13.49071,52.48744],[13.4885,52.48783],[13.48595,52.4874],[13.48295,52.48605]]]},"properties":{"UWB":"09117","UWB3":"117","BWB":"091H","BWB3":"1H","AWK":"0901","BEZ":"09","BWK":"84"}},
{"type":"Feature","geometry":{"type":"Polygon","coordinates":[[[13.4884,52.47454],[13.48805,52.47443],[13.48727,52.47518],[13.48534,52.4742],[13.48515,52.47326],[13.48753,52.47169],[13.49024,52.46985],[13.49133,52.46911],[13.49245,52.47004],[13.4907,52.47197],[13.4884,52.47454]]]},"properties":{"UWB":"09118","UWB3":"118","BWB":"091L","BWB3":"1L","AWK":"0901","BEZ":"09","BWK":"84"}},
{"type":"Feature","geometry":{"type":"Polygon","coordinates":[[[13.48545,52.47786],[13.4834,52.47706],[13.48161,52.47725],[13.48031,52.47652],[13.48123,52.4759],[13.48199,52.47632],[13.48466,52.4745],[13.48423,52.47387],[13.48515,52.47326],[13.48534,52.4742],[13.48727,52.47518],[13.48805,52.47443],[13.4884,52.47454],[13.48743,52.47564],[13.48545,52.47786]]]},"properties":{"UWB":"09119","UWB3":"119","BWB":"091I","BWB3":"1I","AWK":"0901","BEZ":"09","BWK":"84"}},
{"type":"Feature","geometry":{"type":"Polygon","coordinates":[[[13.47873,52.47758],[13.48031,52.47652],[13.48161,52.47725],[13.4834,52.47706],[13.48545,52.47786],[13.48348,52.48009],[13.48082,52.47868],[13.47873,52.47758]]]},"properties":{"UWB":"09120","UWB3":"120","BWB":"091I","BWB3":"1I","AWK":"0901","BEZ":"09","BWK":"84"}},
{"type":"Feature","geometry":{"type":"Polygon","coordinates":[[[13.49024,52.46985],[13.48829,52.46879],[13.49132,52.46681],[13.49319,52.46783],[13.49133,52.46911],[13.49024,52.46985]]]},"properties":{"UWB":"09121","UWB3":"121","BWB":"091S","BWB3":"1S","AWK":"0901","BEZ":"09","BWK":"84"}},
{"type":"Feature","geometry":{"type":"Polygon","coordinates":[[[13.49245,52.47004],[13.49133,52.46911],[13.49319,52.46783],[13.49132,52.46681],[13.49383,52.46483],[13.49791,52.46899],[13.49903,52.469],[13.49648,52.47048],[13.49507,52.47223],[13.49245,52.47004]]]},"properties":{"UWB":"09122","UWB3":"122","BWB":"091S","BWB3":"1S","AWK":"0901","BEZ":"09","BWK":"84"}},
{"type":"Feature","geometry":{"type":"Polygon","coordinates":[[[13.47657,52.47646],[13.48156,52.47302],[13.48352,52.47435],[13.48123,52.4759],[13.48031,52.47652],[13.47873,52.47758],[13.47657,52.47646]]]},"properties":{"UWB":"09123","UWB3":"123","BWB":"091J","BWB3":"1J","AWK":"0901","BEZ":"09","BWK":"84"}},
{"type":"Feature","geometry":{"type":"Polygon","coordinates":[[[13.47295,52.47014],[13.47936,52.47103],[13.48276,52.47109],[13.48415,52.47143],[13.48156,52.47302],[13.47657,52.47646],[13.47004,52.47302],[13.47295,52.47014]]]},"properties":{"UWB":"09124","UWB3":"124","BWB":"091J","BWB3":"1J","AWK":"0901","BEZ":"09","BWK":"84"}},
{"type":"Feature","geometry":{"type":"Polygon","coordinates":[[[13.47507,52.46811],[13.47849,52.46486],[13.48005,52.46482],[13.48032,52.46508],[13.47957,52.46621],[13.47682,52.46828],[13.48049,52.47024],[13.47936,52.47103],[13.47295,52.47014],[13.47507,52.46811]]]},"properties":{"UWB":"09125","UWB3":"125","BWB":"091K","BWB3":"1K","AWK":"0901","BEZ":"09","BWK":"84"}},
{"type":"Feature","geometry":{"type":"Polygon","coordinates":[[[13.47936,52.47103],[13.48049,52.47024],[13.4846,52.46732],[13.48705,52.46559],[13.48884,52.46705],[13.48913,52.46729],[13.48276,52.47109],[13.47936,52.47103]]]},"properties":{"UWB":"09126","UWB3":"126","BWB":"091M","BWB3":"1M","AWK":"0901","BEZ":"09","BWK":"84"}},
{"type":"Feature","geometry":{"type":"Polygon","coordinates":[[[13.48032,52.46508],[13.48235,52.46408],[13.48419,52.46543],[13.48581,52.46456],[13.48705,52.46559],[13.4846,52.46732],[13.48258,52.46626],[13.48131,52.46716],[13.47957,52.46621],[13.48032,52.46508]]]},"properties":{"UWB":"09127","UWB3":"127","BWB":"091N","BWB3":"1N","AWK":"0901","BEZ":"09","BWK":"84"}},
{"type":"Feature","geometry":{"type":"Polygon","coordinates":[[[13.47957,52.46621],[13.48131,52.46716],[13.48258,52.46626],[13.4846,52.46732],[13.48049,52.47024],[13.47682,52.46828],[13.47957,52.46621]]]},"properties":{"UWB":"09128","UWB3":"128","BWB":"091K","BWB3":"1K","AWK":"0901","BEZ":"09","BWK":"84"}},
{"type":"Feature","geometry":{"type":"Polygon","coordinates":[[[13.47726,52.46209],[13.47725,52.46207],[13.48129,52.46082],[13.48259,52.4619],[13.48057,52.46249],[13.48005,52.46482],[13.47849,52.46486],[13.47726,52.46209]]]},"properties":{"UWB":"09129","UWB3":"129","BWB":"091Q","BWB3":"1Q","AWK":"0901","BEZ":"09","BWK":"84"}},
{"type":"Feature","geometry":{"type":"Polygon","coordinates":[[[13.48005,52.46482],[13.48057,52.46249],[13.48259,52.4619],[13.48416,52.46318],[13.48581,52.46456],[13.48419,52.46543],[13.48235,52.46408],[13.48032,52.46508],[13.48005,52.46482]]]},"properties":{"UWB":"09130","UWB3":"130","BWB":"091N","BWB3":"1N","AWK":"0901","BEZ":"09","BWK":"84"}},
{"type":"Feature","geometry":{"type":"Polygon","coordinates":[[[13.47497,52.45876],[13.47511,52.45631],[13.47925,52.45415],[13.48021,52.45676],[13.48117,52.45774],[13.48438,52.4579],[13.48805,52.45924],[13.48635,52.45976],[13.48568,52.46081],[13.48412,52.46153],[13.48537,52.46257],[13.48416,52.46318],[13.48259,52.4619],[13.48129,52.46082],[13.47725,52.46207],[13.47579,52.46091],[13.47497,52.45876]]]},"properties":{"UWB":"09131","UWB3":"131","BWB":"091Q","BWB3":"1Q","AWK":"0901","BEZ":"09","BWK":"84"}},
{"type":"Feature","geometry":{"type":"Polygon","coordinates":[[[13.47199,52.45884],[13.45734,52.45923],[13.45698,52.45911],[13.46057,52.45414],[13.46376,52.45031],[13.46614,52.44883],[13.47556,52.44426],[13.48031,52.44943],[13.47756,52.45076],[13.48054,52.45323],[13.47925,52.45415],[13.47511,52.45631],[13.47497,52.45876],[13.47199,52.45884]]]},"properties":{"UWB":"09132","UWB3":"132","BWB":"091R","BWB3":"1R","AWK":"0901","BEZ":"09","BWK":"84"}},
{"type":"Feature","geometry":{"type":"Polygon","coordinates":[[[13.47861,52.44277],[13.48845,52.45141],[13.48575,52.45205],[13.48238,52.45222],[13.48054,52.45323],[13.47756,52.45076],[13.48031,52.44943],[13.47556,52.44426],[13.47861,52.44277]]]},"properties":{"UWB":"09133","UWB3":"133","BWB":"091R","BWB3":"1R","AWK":"0901","BEZ":"09","BWK":"84"}},
{"type":"Feature","geometry":{"type":"Polygon","coordinates":[[[13.48705,52.46559],[13.48894,52.46426],[13.48982,52.46363],[13.49188,52.4649],[13.48884,52.46705],[13.48705,52.46559]]]},"properties":{"UWB":"09134","UWB3":"134","BWB":"091M","BWB3":"1M","AWK":"0901","BEZ":"09","BWK":"84"}},
{"type":"Feature","geometry":{"type":"Polygon","coordinates":[[[13.48884,52.46705],[13.49188,52.4649],[13.48982,52.46363],[13.48894,52.46426],[13.48763,52.46336],[13.48914,52.46206],[13.48568,52.46081],[13.48635,52.45976],[13.48855,52.46063],[13.49183,52.4627],[13.49358,52.4645],[13.49366,52.46466],[13.48913,52.46729],[13.48884,52.46705]]]},"properties":{"UWB":"09135","UWB3":"135","BWB":"091P","BWB3":"1P","AWK":"0901","BEZ":"09","BWK":"84"}},
{"type":"Feature","geometry":{"type":"Polygon","coordinates":[[[13.48568,52.46081],[13.48914,52.46206],[13.48763,52.46336],[13.48894,52.46426],[13.48705,52.46559],[13.48581,52.46456],[13.48416,52.46318],[13.48537,52.46257],[13.48412,52.46153],[13.48568,52.46081]]]},"properties":{"UWB":"09136","UWB3":"136","BWB":"091P","BWB3":"1P","AWK":"0901","BEZ":"09","BWK":"84"}},
{"type":"Feature","geometry":{"type":"Polygon","coordinates":[[[13.48515,52.47326],[13.48423,52.47387],[13.48466,52.4745],[13.48199,52.47632],[13.48123,52.4759],[13.48352,52.47435],[13.48156,52.47302],[13.48415,52.47143],[13.48276,52.47109],[13.48913,52.46729],[13.49366,52.46466],[13.49383,52.46483],[13.49132,52.46681],[13.48829,52.46879],[13.49024,52.46985],[13.48753,52.47169],[13.48515,52.47326]]]},"properties":{"UWB":"09137","UWB3":"137","BWB":"091L","BWB3":"1L","AWK":"0901","BEZ":"09","BWK":"84"}},
{"type":"Feature","geometry":{"type":"Polygon","coordinates":[[[13.49383,52.46483],[13.49366,52.46466],[13.49358,52.4645],[13.49691,52.4627],[13.50997,52.45364],[13.51213,52.45489],[13.51319,52.45419],[13.51411,52.4552],[13.5111,52.45622],[13.51218,52.45733],[13.51362,52.45889],[13.51268,52.45933],[13.50607,52.46197],[13.50261,52.4636],[13.49903,52.469],[13.49791,52.46899],[13.49383,52.46483]]]},"properties":{"UWB":"09138","UWB3":"138","BWB":"091T","BWB3":"1T","AWK":"0901","BEZ":"09","BWK":"84"}},
{"type":"Feature","geometry":{"type":"Polygon","coordinates":[[[13.51411,52.4552],[13.51738,52.45446],[13.51774,52.45607],[13.51606,52.45592],[13.51218,52.45733],[13.5111,52.45622],[13.51411,52.4552]]]},"properties":{"UWB":"09139","UWB3":"139","BWB":"091U","BWB3":"1U","AWK":"0901","BEZ":"09","BWK":"84"}},
{"type":"Feature","geometry":{"type":"Polygon","coordinates":[[[13.51218,52.45733],[13.51606,52.45592],[13.51774,52.45607],[13.51738,52.45446],[13.51935,52.45407],[13.52119,52.455],[13.52005,52.45681],[13.51818,52.45788],[13.51362,52.45889],[13.51218,52.45733]]]},"properties":{"UWB":"09140","UWB3":"140","BWB":"091U","BWB3":"1U","AWK":"0901","BEZ":"09","BWK":"84"}},
{"type":"Feature","geometry":{"type":"Polygon","coordinates":[[[13.49507,52.47223],[13.49648,52.47048],[13.49903,52.469],[13.50261,52.4636],[13.50607,52.46197],[13.50729,52.46309],[13.50335,52.46763],[13.50482,52.46814],[13.50293,52.47007],[13.50981,52.47292],[13.50785,52.4749],[13.50432,52.47812],[13.50177,52.48258],[13.49785,52.48328],[13.49418,52.48312],[13.49561,52.47877],[13.49448,52.4752],[13.49507,52.47223]]]},"properties":{"UWB":"09141","UWB3":"141","BWB":"091T","BWB3":"1T","AWK":"0901","BEZ":"09","BWK":"84"}},
{"type":"Feature","geometry":{"type":"Polygon","coordinates":[[[13.50729,52.46309],[13.50847,52.46372],[13.50633,52.46629],[13.50801,52.4668],[13.50636,52.46879],[13.50918,52.46956],[13.51167,52.46954],[13.51341,52.46782],[13.51399,52.46842],[13.51421,52.46857],[13.5154,52.4694],[13.52031,52.47407],[13.51688,52.47526],[13.5145,52.4757],[13.51138,52.47543],[13.50785,52.4749],[13.50981,52.47292],[13.50293,52.47007],[13.50482,52.46814],[13.50335,52.46763],[13.50729,52.46309]]]},"properties":{"UWB":"09142","UWB3":"142","BWB":"091V","BWB3":"1V","AWK":"0901","BEZ":"09","BWK":"84"}},
{"type":"Feature","geometry":{"type":"Polygon","coordinates":[[[13.50918,52.46956],[13.50889,52.46693],[13.51082,52.46724],[13.51314,52.46725],[13.51336,52.46776],[13.51341,52.46782],[13.51167,52.46954],[13.50918,52.46956]]]},"properties":{"UWB":"09143","UWB3":"143","BWB":"091V","BWB3":"1V","AWK":"0901","BEZ":"09","BWK":"84"}},
{"type":"Feature","geometry":{"type":"Polygon","coordinates":[[[13.47925,52.45415],[13.48054,52.45323],[13.48238,52.45222],[13.48575,52.45205],[13.48845,52.45141],[13.49156,52.45023],[13.50055,52.44751],[13.50154,52.44884],[13.5017,52.44976],[13.50342,52.45151],[13.50343,52.45336],[13.5047,52.45459],[13.5087,52.45263],[13.50997,52.45364],[13.49691,52.4627],[13.49358,52.4645],[13.49183,52.4627],[13.48855,52.46063],[13.48635,52.45976],[13.48805,52.45924],[13.48438,52.4579],[13.48117,52.45774],[13.48021,52.45676],[13.47925,52.45415]]]},"properties":{"UWB":"09201","UWB3":"201","BWB":"092A","BWB3":"2A","AWK":"0902","BEZ":"09","BWK":"84"}},
{"type":"Feature","geometry":{"type":"Polygon","coordinates":[[[13.50154,52.44884],[13.50531,52.44776],[13.50628,52.45062],[13.50791,52.45042],[13.50791,52.45043],[13.5087,52.45263],[13.5047,52.45459],[13.50343,52.45336],[13.50342,52.45151],[13.5017,52.44976],[13.50154,52.44884]]]},"properties":{"UWB":"09202","UWB3":"202","BWB":"092I","BWB3":"2I","AWK":"0902","BEZ":"09","BWK":"84"}},
{"type":"Feature","geometry":{"type":"Polygon","coordinates":[[[13.50055,52.44751],[13.50657,52.44657],[13.50695,52.44757],[13.50791,52.45042],[13.50628,52.45062],[13.50531,52.44776],[13.50154,52.44884],[13.50055,52.44751]]]},"properties":{"UWB":"09203","UWB3":"203","BWB":"092F","BWB3":"2F","AWK":"0902","BEZ":"09","BWK":"84"}},
{"type":"Feature","geometry":{"type":"Polygon","coordinates":[[[13.50055,52.44751],[13.50048,52.44652],[13.49817,52.44524],[13.50295,52.44347],[13.50575,52.44583],[13.50657,52.44657],[13.50055,52.44751]]]},"properties":{"UWB":"09204","UWB3":"204","BWB":"092F","BWB3":"2F","AWK":"0902","BEZ":"09","BWK":"84"}},
{"type":"Feature","geometry":{"type":"Polygon","coordinates":[[[13.48912,52.43777],[13.49492,52.43495],[13.49566,52.43547],[13.49286,52.43856],[13.49459,52.44074],[13.49655,52.44171],[13.50038,52.44125],[13.50256,52.44314],[13.50295,52.44347],[13.49817,52.44524],[13.50048,52.44652],[13.50055,52.44751],[13.49156,52.45023],[13.48845,52.45141],[13.47861,52.44277],[13.48912,52.43777]]]},"properties":{"UWB":"09205","UWB3":"205","BWB":"092A","BWB3":"2A","AWK":"0902","BEZ":"09","BWK":"84"}},
{"type":"Feature","geometry":{"type":"Polygon","coordinates":[[[13.49769,52.4335],[13.4978,52.43345],[13.50077,52.43524],[13.49907,52.4364],[13.4947,52.43786],[13.49609,52.43975],[13.49853,52.43896],[13.50031,52.43997],[13.50038,52.44125],[13.49655,52.44171],[13.49459,52.44074],[13.49286,52.43856],[13.49566,52.43547],[13.49492,52.43495],[13.49769,52.4335]]]},"properties":{"UWB":"09206","UWB3":"206","BWB":"092B","BWB3":"2B","AWK":"0902","BEZ":"09","BWK":"84"}},
{"type":"Feature","geometry":{"type":"Polygon","coordinates":[[[13.49907,52.4364],[13.50055,52.43805],[13.49853,52.43896],[13.49609,52.43975],[13.4947,52.43786],[13.49907,52.4364]]]},"properties":{"UWB":"09207","UWB3":"207","BWB":"092B","BWB3":"2B","AWK":"0902","BEZ":"09","BWK":"84"}},
{"type":"Feature","geometry":{"type":"Polygon","coordinates":[[[13.49853,52.43896],[13.50055,52.43805],[13.49907,52.4364],[13.50077,52.43524],[13.50396,52.43673],[13.50031,52.43997],[13.49853,52.43896]]]},"properties":{"UWB":"09208","UWB3":"208","BWB":"092D","BWB3":"2D","AWK":"0902","BEZ":"09","BWK":"84"}},
{"type":"Feature","geometry":{"type":"Polygon","coordinates":[[[13.50031,52.43997],[13.50396,52.43673],[13.50416,52.43679],[13.50629,52.43752],[13.50723,52.43832],[13.50777,52.44162],[13.50867,52.44265],[13.50615,52.44195],[13.50559,52.44038],[13.50229,52.4397],[13.50038,52.44125],[13.50031,52.43997]]]},"properties":{"UWB":"09209","UWB3":"209","BWB":"092D","BWB3":"2D","AWK":"0902","BEZ":"09","BWK":"84"}},
{"type":"Feature","geometry":{"type":"Polygon","coordinates":[[[13.50808,52.42871],[13.5114,52.42771],[13.51585,52.42699],[13.51994,52.42672],[13.51943,52.42831],[13.51537,52.42897],[13.51164,52.42961],[13.50416,52.43679],[13.50396,52.43673],[13.50077,52.43524],[13.4978,52.43345],[13.50808,52.42871]]]},"properties":{"UWB":"09210","UWB3":"210","BWB":"092C","BWB3":"2C","AWK":"0902","BEZ":"09","BWK":"84"}},
{"type":"Feature","geometry":{"type":"Polygon","coordinates":[[[13.50629,52.43752],[13.51325,52.43005],[13.5157,52.43088],[13.51537,52.42897],[13.51943,52.42831],[13.51844,52.43129],[13.51797,52.43271],[13.52686,52.43785],[13.52986,52.4358],[13.53157,52.43463],[13.53516,52.4367],[13.5371,52.43609],[13.53557,52.43713],[13.53323,52.43873],[13.52432,52.44302],[13.52017,52.44534],[13.51716,52.4478],[13.51435,52.44648],[13.51169,52.44522],[13.50983,52.44378],[13.50867,52.44265],[13.50777,52.44162],[13.50723,52.43832],[13.50629,52.43752]]]},"properties":{"UWB":"09211","UWB3":"211","BWB":"092H","BWB3":"2H","AWK":"0902","BEZ":"09","BWK":"84"}},
{"type":"Feature","geometry":{"type":"Polygon","coordinates":[[[13.50416,52.43679],[13.51164,52.42961],[13.51537,52.42897],[13.5157,52.43088],[13.51325,52.43005],[13.50629,52.43752],[13.50416,52.43679]]]},"properties":{"UWB":"09212","UWB3":"212","BWB":"092C","BWB3":"2C","AWK":"0902","BEZ":"09","BWK":"84"}},
{"type":"Feature","geometry":{"type":"Polygon","coordinates":[[[13.5087,52.45263],[13.50791,52.45043],[13.51036,52.45048],[13.51194,52.44876],[13.51417,52.44965],[13.51093,52.45231],[13.50997,52.45364],[13.5087,52.45263]]]},"properties":{"UWB":"09213","UWB3":"213","BWB":"092I","BWB3":"2I","AWK":"0902","BEZ":"09","BWK":"84"}},
{"type":"Feature","geometry":{"type":"Polygon","coordinates":[[[13.50997,52.45364],[13.51093,52.45231],[13.51417,52.44965],[13.51194,52.44876],[13.51435,52.44648],[13.51716,52.4478],[13.52028,52.44987],[13.51666,52.45186],[13.51319,52.45419],[13.51213,52.45489],[13.50997,52.45364]]]},"properties":{"UWB":"09214","UWB3":"214","BWB":"092H","BWB3":"2H","AWK":"0902","BEZ":"09","BWK":"84"}},
{"type":"Feature","geometry":{"type":"Polygon","coordinates":[[[13.50791,52.45042],[13.50695,52.44757],[13.51169,52.44522],[13.51435,52.44648],[13.51194,52.44876],[13.51036,52.45048],[13.50791,52.45043],[13.50791,52.45042]]]},"properties":{"UWB":"09215","UWB3":"215","BWB":"092G","BWB3":"2G","AWK":"0902","BEZ":"09","BWK":"84"}},
{"type":"Feature","geometry":{"type":"Polygon","coordinates":[[[13.50657,52.44657],[13.50575,52.44583],[13.50983,52.44378],[13.51169,52.44522],[13.50695,52.44757],[13.50657,52.44657]]]},"properties":{"UWB":"09216","UWB3":"216","BWB":"092G","BWB3":"2G","AWK":"0902","BEZ":"09","BWK":"84"}},
{"type":"Feature","geometry":{"type":"Polygon","coordinates":[[[13.50295,52.44347],[13.50256,52.44314],[13.50337,52.44213],[13.50615,52.44195],[13.50867,52.44265],[13.50983,52.44378],[13.50575,52.44583],[13.50295,52.44347]]]},"properties":{"UWB":"09217","UWB3":"217","BWB":"092E","BWB3":"2E","AWK":"0902","BEZ":"09","BWK":"84"}},
{"type":"Feature","geometry":{"type":"Polygon","coordinates":[[[13.50038,52.44125],[13.50229,52.4397],[13.50559,52.44038],[13.50615,52.44195],[13.50337,52.44213],[13.50256,52.44314],[13.50038,52.44125]]]},"properties":{"UWB":"09218","UWB3":"218","BWB":"092E","BWB3":"2E","AWK":"0902","BEZ":"09","BWK":"84"}},
{"type":"Feature","geometry":{"type":"Polygon","coordinates":[[[13.51268,52.45933],[13.51329,52.46063],[13.5141,52.46241],[13.51363,52.46447],[13.5136,52.46461],[13.51211,52.46436],[13.51077,52.46413],[13.50801,52.4668],[13.50633,52.46629],[13.50847,52.46372],[13.50729,52.46309],[13.50607,52.46197],[13.51268,52.45933]]]},"properties":{"UWB":"09219","UWB3":"219","BWB":"092S","BWB3":"2S","AWK":"0902","BEZ":"09","BWK":"84"}},
{"type":"Feature","geometry":{"type":"Polygon","coordinates":[[[13.50801,52.4668],[13.51077,52.46413],[13.51211,52.46436],[13.51082,52.46724],[13.50889,52.46693],[13.50918,52.46956],[13.50636,52.46879],[13.50801,52.4668]]]},"properties":{"UWB":"09220","UWB3":"220","BWB":"092V","BWB3":"2V","AWK":"0902","BEZ":"09","BWK":"84"}},
{"type":"Feature","geometry":{"type":"Polygon","coordinates":[[[13.51082,52.46724],[13.51211,52.46436],[13.5136,52.46461],[13.51314,52.46725],[13.51082,52.46724]]]},"properties":{"UWB":"09221","UWB3":"221","BWB":"092V","BWB3":"2V","AWK":"0902","BEZ":"09","BWK":"84"}},
{"type":"Feature","geometry":{"type":"Polygon","coordinates":[[[13.51341,52.46782],[13.51336,52.46776],[13.51314,52.46725],[13.5136,52.46461],[13.51363,52.46447],[13.51537,52.46461],[13.51491,52.46681],[13.51421,52.46857],[13.51399,52.46842],[13.51341,52.46782]]]},"properties":{"UWB":"09222","UWB3":"222","BWB":"092U","BWB3":"2U","AWK":"0902","BEZ":"09","BWK":"84"}},
{"type":"Feature","geometry":{"type":"Polygon","coordinates":[[[13.51421,52.46857],[13.51491,52.46681],[13.52041,52.46546],[13.52429,52.46392],[13.52555,52.46471],[13.53247,52.46172],[13.53725,52.45973],[13.54205,52.45794],[13.5455,52.45723],[13.54827,52.45714],[13.55106,52.4563],[13.55533,52.45571],[13.55738,52.45573],[13.55801,52.45582],[13.56028,52.46034],[13.5649,52.46363],[13.55311,52.46883],[13.55333,52.46967],[13.551,52.47017],[13.54244,52.47395],[13.53986,52.47499],[13.53856,52.47396],[13.53077,52.46793],[13.52721,52.4709],[13.52156,52.4752],[13.52031,52.47407],[13.5154,52.4694],[13.51421,52.46857]]]},"properties":{"UWB":"09223","UWB3":"223","BWB":"092N","BWB3":"2N","AWK":"0902","BEZ":"09","BWK":"84"}},
{"type":"Feature","geometry":{"type":"Polygon","coordinates":[[[13.51537,52.46461],[13.51658,52.46435],[13.52055,52.46373],[13.52332,52.46309],[13.52429,52.46392],[13.52041,52.46546],[13.51491,52.46681],[13.51537,52.46461]]]},"properties":{"UWB":"09224","UWB3":"224","BWB":"092U","BWB3":"2U","AWK":"0902","BEZ":"09","BWK":"84"}},
{"type":"Feature","geometry":{"type":"Polygon","coordinates":[[[13.5141,52.46241],[13.51694,52.46178],[13.5174,52.46254],[13.51594,52.46348],[13.51658,52.46435],[13.51537,52.46461],[13.51363,52.46447],[13.5141,52.46241]]]},"properties":{"UWB":"09225","UWB3":"225","BWB":"092T","BWB3":"2T","AWK":"0902","BEZ":"09","BWK":"84"}},
{"type":"Feature","geometry":{"type":"Polygon","coordinates":[[[13.51658,52.46435],[13.51594,52.46348],[13.5174,52.46254],[13.52039,52.46205],[13.52128,52.46266],[13.52055,52.46373],[13.51658,52.46435]]]},"properties":{"UWB":"09226","UWB3":"226","BWB":"092T","BWB3":"2T","AWK":"0902","BEZ":"09","BWK":"84"}},
{"type":"Feature","geometry":{"type":"Polygon","coordinates":[[[13.51329,52.46063],[13.51562,52.45937],[13.51926,52.45901],[13.52107,52.46084],[13.52254,52.46208],[13.52128,52.46266],[13.52039,52.46205],[13.5174,52.46254],[13.51694,52.46178],[13.5141,52.46241],[13.51329,52.46063]]]},"properties":{"UWB":"09227","UWB3":"227","BWB":"092S","BWB3":"2S","AWK":"0902","BEZ":"09","BWK":"84"}},
{"type":"Feature","geometry":{"type":"Polygon","coordinates":[[[13.52055,52.46373],[13.52128,52.46266],[13.52254,52.46208],[13.52107,52.46084],[13.52257,52.46019],[13.52401,52.46142],[13.52536,52.46078],[13.52557,52.46201],[13.52363,52.46298],[13.52332,52.46309],[13.52055,52.46373]]]},"properties":{"UWB":"09228","UWB3":"228","BWB":"092R","BWB3":"2R","AWK":"0902","BEZ":"09","BWK":"84"}},
{"type":"Feature","geometry":{"type":"Polygon","coordinates":[[[13.52257,52.46019],[13.52533,52.459],[13.52671,52.46018],[13.52536,52.46078],[13.52401,52.46142],[13.52257,52.46019]]]},"properties":{"UWB":"09229","UWB3":"229","BWB":"092R","BWB3":"2R","AWK":"0902","BEZ":"09","BWK":"84"}},
{"type":"Feature","geometry":{"type":"Polygon","coordinates":[[[13.51362,52.45889],[13.51818,52.45788],[13.52005,52.45681],[13.52119,52.455],[13.52414,52.45349],[13.52851,52.45268],[13.53213,52.4532],[13.53536,52.45422],[13.53749,52.4554],[13.54015,52.45561],[13.54599,52.45504],[13.54949,52.4541],[13.5551,52.4531],[13.5577,52.45306],[13.55738,52.45437],[13.55359,52.45461],[13.54805,52.45607],[13.54343,52.45683],[13.53829,52.4567],[13.53473,52.45589],[13.53124,52.45433],[13.52885,52.45682],[13.53276,52.45714],[13.52924,52.45989],[13.52671,52.46018],[13.52533,52.459],[13.52257,52.46019],[13.52107,52.46084],[13.51926,52.45901],[13.51562,52.45937],[13.51329,52.46063],[13.51268,52.45933],[13.51362,52.45889]]]},"properties":{"UWB":"09230","UWB3":"230","BWB":"092P","BWB3":"2P","AWK":"0902","BEZ":"09","BWK":"84"}},
{"type":"Feature","geometry":{"type":"Polygon","coordinates":[[[13.52536,52.46078],[13.52671,52.46018],[13.52924,52.45989],[13.53044,52.46057],[13.52579,52.46264],[13.52363,52.46298],[13.52557,52.46201],[13.52536,52.46078]]]},"properties":{"UWB":"09231","UWB3":"231","BWB":"092Q","BWB3":"2Q","AWK":"0902","BEZ":"09","BWK":"84"}},
{"type":"Feature","geometry":{"type":"Polygon","coordinates":[[[13.52429,52.46392],[13.52332,52.46309],[13.52363,52.46298],[13.52579,52.46264],[13.53044,52.46057],[13.53247,52.46172],[13.52555,52.46471],[13.52429,52.46392]]]},"properties":{"UWB":"09232","UWB3":"232","BWB":"092Q","BWB3":"2Q","AWK":"0902","BEZ":"09","BWK":"84"}},
{"type":"Feature","geometry":{"type":"Polygon","coordinates":[[[13.53247,52.46172],[13.53044,52.46057],[13.52924,52.45989],[13.53276,52.45714],[13.53468,52.45727],[13.53725,52.45973],[13.53247,52.46172]]]},"properties":{"UWB":"09233","UWB3":"233","BWB":"092P","BWB3":"2P","AWK":"0902","BEZ":"09","BWK":"84"}},
{"type":"Feature","geometry":{"type":"Polygon","coordinates":[[[13.53725,52.45973],[13.53468,52.45727],[13.53276,52.45714],[13.52885,52.45682],[13.53124,52.45433],[13.53473,52.45589],[13.53829,52.4567],[13.54343,52.45683],[13.54805,52.45607],[13.55359,52.45461],[13.55738,52.45437],[13.55738,52.45573],[13.55533,52.45571],[13.55106,52.4563],[13.54827,52.45714],[13.5455,52.45723],[13.54205,52.45794],[13.53725,52.45973]]]},"properties":{"UWB":"09234","UWB3":"234","BWB":"092N","BWB3":"2N","AWK":"0902","BEZ":"09","BWK":"84"}},
{"type":"Feature","geometry":{"type":"Polygon","coordinates":[[[13.51319,52.45419],[13.51666,52.45186],[13.52028,52.44987],[13.52392,52.45005],[13.52333,52.45135],[13.52317,52.45171],[13.52108,52.45064],[13.51919,52.45176],[13.52144,52.45285],[13.51935,52.45407],[13.51738,52.45446],[13.51411,52.4552],[13.51319,52.45419]]]},"properties":{"UWB":"09235","UWB3":"235","BWB":"092J","BWB3":"2J","AWK":"0902","BEZ":"09","BWK":"84"}},
{"type":"Feature","geometry":{"type":"Polygon","coordinates":[[[13.51935,52.45407],[13.52144,52.45285],[13.51919,52.45176],[13.52108,52.45064],[13.52317,52.45171],[13.52414,52.45349],[13.52119,52.455],[13.51935,52.45407]]]},"properties":{"UWB":"09236","UWB3":"236","BWB":"092J","BWB3":"2J","AWK":"0902","BEZ":"09","BWK":"84"}},
{"type":"Feature","geometry":{"type":"Polygon","coordinates":[[[13.52414,52.45349],[13.52317,52.45171],[13.52333,52.45135],[13.52529,52.45171],[13.52704,52.4506],[13.53036,52.45125],[13.53055,52.45128],[13.53379,52.45186],[13.53417,52.45193],[13.53213,52.4532],[13.52851,52.45268],[13.52414,52.45349]]]},"properties":{"UWB":"09237","UWB3":"237","BWB":"092K","BWB3":"2K","AWK":"0902","BEZ":"09","BWK":"84"}},
{"type":"Feature","geometry":{"type":"Polygon","coordinates":[[[13.52333,52.45135],[13.52392,52.45005],[13.52418,52.4495],[13.5308,52.44792],[13.53143,52.44884],[13.53132,52.45006],[13.53087,52.4506],[13.53055,52.45128],[13.53036,52.45125],[13.52704,52.4506],[13.52529,52.45171],[13.52333,52.45135]]]},"properties":{"UWB":"09238","UWB3":"238","BWB":"092K","BWB3":"2K","AWK":"0902","BEZ":"09","BWK":"84"}},
{"type":"Feature","geometry":{"type":"Polygon","coordinates":[[[13.53055,52.45128],[13.53087,52.4506],[13.53132,52.45006],[13.53143,52.44884],[13.5308,52.44792],[13.53298,52.44643],[13.53279,52.44774],[13.53962,52.44811],[13.54234,52.45021],[13.535,52.45177],[13.53417,52.45193],[13.53379,52.45186],[13.53055,52.45128]]]},"properties":{"UWB":"09239","UWB3":"239","BWB":"092L","BWB3":"2L","AWK":"0902","BEZ":"09","BWK":"84"}},
{"type":"Feature","geometry":{"type":"Polygon","coordinates":[[[13.53962,52.44811],[13.54233,52.44921],[13.54287,52.45018],[13.54448,52.45307],[13.54385,52.45331],[13.535,52.45177],[13.54234,52.45021],[13.53962,52.44811]]]},"properties":{"UWB":"09240","UWB3":"240","BWB":"092L","BWB3":"2L","AWK":"0902","BEZ":"09","BWK":"84"}},
{"type":"Feature","geometry":{"type":"Polygon","coordinates":[[[13.53213,52.4532],[13.53417,52.45193],[13.535,52.45177],[13.54385,52.45331],[13.54448,52.45307],[13.54287,52.45018],[13.55331,52.44797],[13.55496,52.45083],[13.5585,52.44984],[13.55849,52.45001],[13.5577,52.45306],[13.5551,52.4531],[13.54949,52.4541],[13.54599,52.45504],[13.54015,52.45561],[13.53749,52.4554],[13.53536,52.45422],[13.53213,52.4532]]]},"properties":{"UWB":"09241","UWB3":"241","BWB":"092M","BWB3":"2M","AWK":"0902","BEZ":"09","BWK":"84"}},
{"type":"Feature","geometry":{"type":"Polygon","coordinates":[[[13.55331,52.44797],[13.55064,52.44337],[13.55205,52.44222],[13.55512,52.44044],[13.55913,52.44183],[13.5585,52.44984],[13.55496,52.45083],[13.55331,52.44797]]]},"properties":{"UWB":"09301","UWB3":"301","BWB":"093A","BWB3":"3A","AWK":"0903","BEZ":"09","BWK":"84"}},
{"type":"Feature","geometry":{"type":"Polygon","coordinates":[[[13.55205,52.44222],[13.54976,52.44128],[13.5522,52.43942],[13.55283,52.43963],[13.55512,52.44044],[13.55205,52.44222]]]},"properties":{"UWB":"09302","UWB3":"302","BWB":"093C","BWB3":"3C","AWK":"0903","BEZ":"09","BWK":"84"}},
{"type":"Feature","geometry":{"type":"Polygon","coordinates":[[[13.53298,52.44643],[13.53937,52.44252],[13.5418,52.44257],[13.54409,52.44366],[13.54583,52.44108],[13.54909,52.43827],[13.54939,52.43839],[13.5522,52.43942],[13.54976,52.44128],[13.55205,52.44222],[13.55064,52.44337],[13.55331,52.44797],[13.54287,52.45018],[13.54233,52.44921],[13.53962,52.44811],[13.53279,52.44774],[13.53298,52.44643]]]},"properties":{"UWB":"09303","UWB3":"303","BWB":"093B","BWB3":"3B","AWK":"0903","BEZ":"09","BWK":"84"}},
{"type":"Feature","geometry":{"type":"Polygon","coordinates":[[[13.53557,52.43713],[13.53886,52.43897],[13.54016,52.44161],[13.53937,52.44252],[13.53298,52.44643],[13.5308,52.44792],[13.52418,52.4495],[13.52392,52.45005],[13.52028,52.44987],[13.51716,52.4478],[13.52017,52.44534],[13.52432,52.44302],[13.53323,52.43873],[13.53557,52.43713]]]},"properties":{"UWB":"09304","UWB3":"304","BWB":"093D","BWB3":"3D","AWK":"0903","BEZ":"09","BWK":"84"}},
{"type":"Feature","geometry":{"type":"Polygon","coordinates":[[[13.5371,52.43609],[13.53883,52.4371],[13.54075,52.43794],[13.54274,52.43883],[13.54392,52.44008],[13.5418,52.44257],[13.53937,52.44252],[13.54016,52.44161],[13.53886,52.43897],[13.53557,52.43713],[13.5371,52.43609]]]},"properties":{"UWB":"09305","UWB3":"305","BWB":"093D","BWB3":"3D","AWK":"0903","BEZ":"09","BWK":"84"}},
{"type":"Feature","geometry":{"type":"Polygon","coordinates":[[[13.5418,52.44257],[13.54392,52.44008],[13.54274,52.43883],[13.54075,52.43794],[13.54286,52.436],[13.54799,52.43786],[13.54909,52.43827],[13.54583,52.44108],[13.54409,52.44366],[13.5418,52.44257]]]},"properties":{"UWB":"09306","UWB3":"306","BWB":"093F","BWB3":"3F","AWK":"0903","BEZ":"09","BWK":"84"}},
{"type":"Feature","geometry":{"type":"Polygon","coordinates":[[[13.53883,52.4371],[13.5435,52.43373],[13.54509,52.43437],[13.54286,52.436],[13.54075,52.43794],[13.53883,52.4371]]]},"properties":{"UWB":"09307","UWB3":"307","BWB":"093G","BWB3":"3G","AWK":"0903","BEZ":"09","BWK":"84"}},
{"type":"Feature","geometry":{"type":"Polygon","coordinates":[[[13.54286,52.436],[13.54509,52.43437],[13.55002,52.43631],[13.54799,52.43786],[13.54286,52.436]]]},"properties":{"UWB":"09308","UWB3":"308","BWB":"093F","BWB3":"3F","AWK":"0903","BEZ":"09","BWK":"84"}},
{"type":"Feature","geometry":{"type":"Polygon","coordinates":[[[13.5435,52.43373],[13.54677,52.43153],[13.55298,52.43389],[13.55002,52.43631],[13.54509,52.43437],[13.5435,52.43373]]]},"properties":{"UWB":"09309","UWB3":"309","BWB":"093G","BWB3":"3G","AWK":"0903","BEZ":"09","BWK":"84"}},
{"type":"Feature","geometry":{"type":"Polygon","coordinates":[[[13.54909,52.43827],[13.54799,52.43786],[13.55002,52.43631],[13.55298,52.43389],[13.54677,52.43153],[13.55074,52.42906],[13.55539,52.42592],[13.56342,52.42671],[13.56369,52.43051],[13.56318,52.43274],[13.562,52.43465],[13.56097,52.43595],[13.55969,52.4354],[13.55708,52.4342],[13.55487,52.43266],[13.55333,52.43402],[13.55596,52.43502],[13.55493,52.43581],[13.5533,52.43543],[13.54939,52.43839],[13.54909,52.43827]]]},"properties":{"UWB":"09310","UWB3":"310","BWB":"093E","BWB3":"3E","AWK":"0903","BEZ":"09","BWK":"84"}},
{"type":"Feature","geometry":{"type":"Polygon","coordinates":[[[13.54939,52.43839],[13.5533,52.43543],[13.55493,52.43581],[13.55281,52.4374],[13.55417,52.43794],[13.5522,52.43942],[13.54939,52.43839]]]},"properties":{"UWB":"09311","UWB3":"311","BWB":"093B","BWB3":"3B","AWK":"0903","BEZ":"09","BWK":"84"}},
{"type":"Feature","geometry":{"type":"Polygon","coordinates":[[[13.5522,52.43942],[13.55417,52.43794],[13.55281,52.4374],[13.55493,52.43581],[13.55596,52.43502],[13.55629,52.43633],[13.55815,52.43703],[13.55283,52.43963],[13.5522,52.43942]]]},"properties":{"UWB":"09312","UWB3":"312","BWB":"093C","BWB3":"3C","AWK":"0903","BEZ":"09","BWK":"84"}},
{"type":"Feature","geometry":{"type":"Polygon","coordinates":[[[13.55512,52.44044],[13.55283,52.43963],[13.55815,52.43703],[13.55969,52.4354],[13.56097,52.43595],[13.56041,52.43675],[13.55965,52.43822],[13.55913,52.44183],[13.55512,52.44044]]]},"properties":{"UWB":"09313","UWB3":"313","BWB":"093A","BWB3":"3A","AWK":"0903","BEZ":"09","BWK":"84"}},
{"type":"Feature","geometry":{"type":"Polygon","coordinates":[[[13.55969,52.4354],[13.55815,52.43703],[13.55629,52.43633],[13.55596,52.43502],[13.55333,52.43402],[13.55487,52.43266],[13.55708,52.4342],[13.55969,52.4354]]]},"properties":{"UWB":"09314","UWB3":"314","BWB":"093E","BWB3":"3E","AWK":"0903","BEZ":"09","BWK":"84"}},
{"type":"Feature","geometry":{"type":"Polygon","coordinates":[[[13.52046,52.42624],[13.53308,52.42548],[13.53959,52.42512],[13.54367,52.42444],[13.55074,52.42906],[13.54677,52.43153],[13.5435,52.43373],[13.53883,52.4371],[13.5371,52.43609],[13.53516,52.4367],[13.53157,52.43463],[13.52986,52.4358],[13.52631,52.43375],[13.52808,52.43262],[13.52431,52.43117],[13.51844,52.43129],[13.51943,52.42831],[13.51994,52.42672],[13.52046,52.42624]]]},"properties":{"UWB":"09315","UWB3":"315","BWB":"093H","BWB3":"3H","AWK":"0903","BEZ":"09","BWK":"84"}},
{"type":"Feature","geometry":{"type":"Polygon","coordinates":[[[13.51844,52.43129],[13.52431,52.43117],[13.52808,52.43262],[13.52631,52.43375],[13.52986,52.4358],[13.52686,52.43785],[13.51797,52.43271],[13.51844,52.43129]]]},"properties":{"UWB":"09316","UWB3":"316","BWB":"093H","BWB3":"3H","AWK":"0903","BEZ":"09","BWK":"84"}},
{"type":"Feature","geometry":{"type":"Polygon","coordinates":[[[13.53308,52.42548],[13.52991,52.42247],[13.5358,52.42115],[13.53635,52.42219],[13.5393,52.42161],[13.54367,52.42444],[13.53959,52.42512],[13.53308,52.42548]]]},"properties":{"UWB":"09317","UWB3":"317","BWB":"093I","BWB3":"3I","AWK":"0903","BEZ":"09","BWK":"84"}},
{"type":"Feature","geometry":{"type":"Polygon","coordinates":[[[13.5186,52.42242],[13.5205,52.42083],[13.52212,52.41843],[13.52296,52.41545],[13.52226,52.41443],[13.52406,52.41359],[13.52512,52.41333],[13.52631,52.41516],[13.53009,52.41456],[13.531,52.41558],[13.52894,52.41707],[13.52365,52.41819],[13.52727,52.42285],[13.52991,52.42247],[13.53308,52.42548],[13.52046,52.42624],[13.51843,52.42291],[13.5186,52.42242]]]},"properties":{"UWB":"09318","UWB3":"318","BWB":"093I","BWB3":"3I","AWK":"0903","BEZ":"09","BWK":"84"}},
{"type":"Feature","geometry":{"type":"Polygon","coordinates":[[[13.52991,52.42247],[13.52727,52.42285],[13.52365,52.41819],[13.52894,52.41707],[13.5309,52.41949],[13.5362,52.41843],[13.53733,52.42002],[13.5358,52.42115],[13.52991,52.42247]]]},"properties":{"UWB":"09319","UWB3":"319","BWB":"093K","BWB3":"3K","AWK":"0903","BEZ":"09","BWK":"84"}},
{"type":"Feature","geometry":{"type":"Polygon","coordinates":[[[13.531,52.41558],[13.53213,52.41476],[13.53676,52.41297],[13.53928,52.41702],[13.53736,52.4185],[13.5362,52.41843],[13.5309,52.41949],[13.52894,52.41707],[13.531,52.41558]]]},"properties":{"UWB":"09320","UWB3":"320","BWB":"093L","BWB3":"3L","AWK":"0903","BEZ":"09","BWK":"84"}},
{"type":"Feature","geometry":{"type":"Polygon","coordinates":[[[13.55074,52.42906],[13.54367,52.42444],[13.5393,52.42161],[13.5431,52.42028],[13.54256,52.41933],[13.54864,52.41858],[13.54901,52.41925],[13.55272,52.42091],[13.55213,52.42156],[13.555,52.42293],[13.55557,52.42483],[13.55539,52.42592],[13.55074,52.42906]]]},"properties":{"UWB":"09321","UWB3":"321","BWB":"093J","BWB3":"3J","AWK":"0903","BEZ":"09","BWK":"84"}},
{"type":"Feature","geometry":{"type":"Polygon","coordinates":[[[13.5358,52.42115],[13.53733,52.42002],[13.5362,52.41843],[13.53736,52.4185],[13.54538,52.41699],[13.54587,52.41778],[13.55317,52.41625],[13.554,52.4155],[13.55526,52.41703],[13.55376,52.42032],[13.55272,52.42091],[13.54901,52.41925],[13.54864,52.41858],[13.54256,52.41933],[13.5431,52.42028],[13.5393,52.42161],[13.53635,52.42219],[13.5358,52.42115]]]},"properties":{"UWB":"09322","UWB3":"322","BWB":"093K","BWB3":"3K","AWK":"0903","BEZ":"09","BWK":"84"}},
{"type":"Feature","geometry":{"type":"Polygon","coordinates":[[[13.55272,52.42091],[13.55376,52.42032],[13.55526,52.41703],[13.554,52.4155],[13.55945,52.41063],[13.56255,52.40962],[13.56707,52.41361],[13.56866,52.41573],[13.566,52.41736],[13.55557,52.42483],[13.555,52.42293],[13.55213,52.42156],[13.55272,52.42091]]]},"properties":{"UWB":"09323","UWB3":"323","BWB":"093J","BWB3":"3J","AWK":"0903","BEZ":"09","BWK":"84"}},
{"type":"Feature","geometry":{"type":"Polygon","coordinates":[[[13.53928,52.41702],[13.54177,52.41689],[13.5449,52.41619],[13.54325,52.4143],[13.54743,52.41088],[13.54979,52.4127],[13.5509,52.41211],[13.554,52.4155],[13.55317,52.41625],[13.54587,52.41778],[13.54538,52.41699],[13.53736,52.4185],[13.53928,52.41702]]]},"properties":{"UWB":"09324","UWB3":"324","BWB":"093L","BWB3":"3L","AWK":"0903","BEZ":"09","BWK":"84"}},
{"type":"Feature","geometry":{"type":"Polygon","coordinates":[[[13.554,52.4155],[13.5509,52.41211],[13.54809,52.40942],[13.54871,52.40919],[13.55138,52.40959],[13.5537,52.40906],[13.55545,52.40484],[13.55819,52.40654],[13.56255,52.40962],[13.55945,52.41063],[13.554,52.4155]]]},"properties":{"UWB":"09325","UWB3":"325","BWB":"093M","BWB3":"3M","AWK":"0903","BEZ":"09","BWK":"84"}},
{"type":"Feature","geometry":{"type":"Polygon","coordinates":[[[13.53676,52.41297],[13.53614,52.41196],[13.54717,52.40867],[13.54809,52.40942],[13.5509,52.41211],[13.54979,52.4127],[13.54743,52.41088],[13.54325,52.4143],[13.5449,52.41619],[13.54177,52.41689],[13.53928,52.41702],[13.53676,52.41297]]]},"properties":{"UWB":"09326","UWB3":"326","BWB":"093M","BWB3":"3M","AWK":"0903","BEZ":"09","BWK":"84"}},
{"type":"Feature","geometry":{"type":"Polygon","coordinates":[[[13.54809,52.40942],[13.54717,52.40867],[13.5457,52.4076],[13.54207,52.4074],[13.53624,52.40771],[13.53829,52.40255],[13.54117,52.40412],[13.54567,52.40649],[13.54682,52.40681],[13.54841,52.40776],[13.54871,52.40919],[13.54809,52.40942]]]},"properties":{"UWB":"09327","UWB3":"327","BWB":"093Q","BWB3":"3Q","AWK":"0903","BEZ":"09","BWK":"84"}},
{"type":"Feature","geometry":{"type":"Polygon","coordinates":[[[13.54871,52.40919],[13.54841,52.40776],[13.54682,52.40681],[13.54878,52.40194],[13.54871,52.40105],[13.55328,52.40335],[13.55545,52.40484],[13.5537,52.40906],[13.55138,52.40959],[13.54871,52.40919]]]},"properties":{"UWB":"09328","UWB3":"328","BWB":"093N","BWB3":"3N","AWK":"0903","BEZ":"09","BWK":"84"}},
{"type":"Feature","geometry":{"type":"Polygon","coordinates":[[[13.54117,52.40412],[13.54211,52.40317],[13.54611,52.40374],[13.54638,52.40149],[13.54688,52.4003],[13.54871,52.40105],[13.54878,52.40194],[13.54682,52.40681],[13.54567,52.40649],[13.54117,52.40412]]]},"properties":{"UWB":"09329","UWB3":"329","BWB":"093N","BWB3":"3N","AWK":"0903","BEZ":"09","BWK":"84"}},
{"type":"Feature","geometry":{"type":"Polygon","coordinates":[[[13.54211,52.40317],[13.54233,52.40118],[13.54638,52.40149],[13.54611,52.40374],[13.54211,52.40317]]]},"properties":{"UWB":"09330","UWB3":"330","BWB":"093P","BWB3":"3P","AWK":"0903","BEZ":"09","BWK":"84"}},
{"type":"Feature","geometry":{"type":"Polygon","coordinates":[[[13.53829,52.40255],[13.53843,52.40063],[13.54233,52.40118],[13.54211,52.40317],[13.54117,52.40412],[13.53829,52.40255]]]},"properties":{"UWB":"09331","UWB3":"331","BWB":"093Q","BWB3":"3Q","AWK":"0903","BEZ":"09","BWK":"84"}},
{"type":"Feature","geometry":{"type":"Polygon","coordinates":[[[13.54638,52.40149],[13.54233,52.40118],[13.53843,52.40063],[13.53565,52.39502],[13.53982,52.39664],[13.54688,52.4003],[13.54638,52.40149]]]},"properties":{"UWB":"09332","UWB3":"332","BWB":"093P","BWB3":"3P","AWK":"0903","BEZ":"09","BWK":"84"}},
{"type":"Feature","geometry":{"type":"Polygon","coordinates":[[[13.53614,52.41196],[13.53566,52.41118],[13.53408,52.40862],[13.53398,52.40846],[13.53624,52.40771],[13.54207,52.4074],[13.5457,52.4076],[13.54717,52.40867],[13.53614,52.41196]]]},"properties":{"UWB":"09333","UWB3":"333","BWB":"093R","BWB3":"3R","AWK":"0903","BEZ":"09","BWK":"84"}},
{"type":"Feature","geometry":{"type":"Polygon","coordinates":[[[13.53009,52.41456],[13.52865,52.41245],[13.53566,52.41118],[13.53614,52.41196],[13.53676,52.41297],[13.53213,52.41476],[13.531,52.41558],[13.53009,52.41456]]]},"properties":{"UWB":"09334","UWB3":"334","BWB":"093S","BWB3":"3S","AWK":"0903","BEZ":"09","BWK":"84"}},
{"type":"Feature","geometry":{"type":"Polygon","coordinates":[[[13.52234,52.40854],[13.52178,52.40744],[13.51877,52.40466],[13.51665,52.40333],[13.516,52.40183],[13.516,52.40179],[13.52109,52.4007],[13.52216,52.40242],[13.52348,52.40452],[13.52493,52.4067],[13.52692,52.40975],[13.53408,52.40862],[13.53566,52.41118],[13.52865,52.41245],[13.53009,52.41456],[13.52631,52.41516],[13.52512,52.41333],[13.52406,52.41359],[13.52234,52.40854]]]},"properties":{"UWB":"09335","UWB3":"335","BWB":"093S","BWB3":"3S","AWK":"0903","BEZ":"09","BWK":"84"}},
{"type":"Feature","geometry":{"type":"Polygon","coordinates":[[[13.53408,52.40862],[13.52692,52.40975],[13.52493,52.4067],[13.52878,52.40573],[13.5313,52.40511],[13.53273,52.40644],[13.53398,52.40846],[13.53408,52.40862]]]},"properties":{"UWB":"09336","UWB3":"336","BWB":"093T","BWB3":"3T","AWK":"0903","BEZ":"09","BWK":"84"}},
{"type":"Feature","geometry":{"type":"Polygon","coordinates":[[[13.53624,52.40771],[13.53398,52.40846],[13.53273,52.40644],[13.5313,52.40511],[13.53002,52.40361],[13.52704,52.40167],[13.52678,52.40129],[13.53246,52.4004],[13.52778,52.39825],[13.5297,52.3973],[13.53843,52.40063],[13.53829,52.40255],[13.53624,52.40771]]]},"properties":{"UWB":"09337","UWB3":"337","BWB":"093R","BWB3":"3R","AWK":"0903","BEZ":"09","BWK":"84"}},
{"type":"Feature","geometry":{"type":"Polygon","coordinates":[[[13.52109,52.4007],[13.52778,52.39825],[13.53246,52.4004],[13.52678,52.40129],[13.52216,52.40242],[13.52109,52.4007]]]},"properties":{"UWB":"09338","UWB3":"338","BWB":"093V","BWB3":"3V","AWK":"0903","BEZ":"09","BWK":"84"}},
{"type":"Feature","geometry":{"type":"Polygon","coordinates":[[[13.52348,52.40452],[13.52612,52.40387],[13.52759,52.40447],[13.52878,52.40573],[13.52493,52.4067],[13.52348,52.40452]]]},"properties":{"UWB":"09339","UWB3":"339","BWB":"093U","BWB3":"3U","AWK":"0903","BEZ":"09","BWK":"84"}},
{"type":"Feature","geometry":{"type":"Polygon","coordinates":[[[13.52878,52.40573],[13.52759,52.40447],[13.52525,52.4021],[13.52704,52.40167],[13.53002,52.40361],[13.5313,52.40511],[13.52878,52.40573]]]},"properties":{"UWB":"09340","UWB3":"340","BWB":"093U","BWB3":"3U","AWK":"0903","BEZ":"09","BWK":"84"}},
{"type":"Feature","geometry":{"type":"Polygon","coordinates":[[[13.52216,52.40242],[13.52678,52.40129],[13.52704,52.40167],[13.52525,52.4021],[13.52759,52.40447],[13.52612,52.40387],[13.52348,52.40452],[13.52216,52.40242]]]},"properties":{"UWB":"09341","UWB3":"341","BWB":"093V","BWB3":"3V","AWK":"0903","BEZ":"09","BWK":"84"}},
{"type":"Feature","geometry":{"type":"Polygon","coordinates":[[[13.54871,52.40105],[13.54688,52.4003],[13.53982,52.39664],[13.53565,52.39502],[13.53482,52.39077],[13.53549,52.38899],[13.54537,52.38873],[13.55886,52.38823],[13.56036,52.39508],[13.56201,52.39628],[13.56314,52.39582],[13.56624,52.39871],[13.56858,52.4013],[13.56572,52.40152],[13.56535,52.39992],[13.56157,52.4003],[13.56124,52.39914],[13.55786,52.3993],[13.55328,52.40335],[13.54871,52.40105]]]},"properties":{"UWB":"09401","UWB3":"401","BWB":"094A","BWB3":"4A","AWK":"0904","BEZ":"09","BWK":"84"}},
{"type":"Feature","geometry":{"type":"Polygon","coordinates":[[[13.55545,52.40484],[13.55328,52.40335],[13.55786,52.3993],[13.56124,52.39914],[13.56157,52.4003],[13.56535,52.39992],[13.56572,52.40152],[13.56858,52.4013],[13.56807,52.403],[13.5669,52.40594],[13.56003,52.40514],[13.55819,52.40654],[13.55545,52.40484]]]},"properties":{"UWB":"09402","UWB3":"402","BWB":"094C","BWB3":"4C","AWK":"0904","BEZ":"09","BWK":"84"}},
{"type":"Feature","geometry":{"type":"Polygon","coordinates":[[[13.55886,52.38823],[13.56416,52.38813],[13.57072,52.38933],[13.57336,52.39438],[13.56616,52.39501],[13.56314,52.39582],[13.56201,52.39628],[13.56036,52.39508],[13.55886,52.38823]]]},"properties":{"UWB":"09403","UWB3":"403","BWB":"094B","BWB3":"4B","AWK":"0904","BEZ":"09","BWK":"84"}},
{"type":"Feature","geometry":{"type":"Polygon","coordinates":[[[13.57072,52.38933],[13.57436,52.39011],[13.58166,52.39122],[13.58605,52.39212],[13.58315,52.39292],[13.5817,52.3952],[13.57415,52.39585],[13.57336,52.39438],[13.57072,52.38933]]]},"properties":{"UWB":"09404","UWB3":"404","BWB":"094B","BWB3":"4B","AWK":"0904","BEZ":"09","BWK":"84"}},
{"type":"Feature","geometry":{"type":"Polygon","coordinates":[[[13.56314,52.39582],[13.56616,52.39501],[13.57336,52.39438],[13.57415,52.39585],[13.57487,52.39799],[13.56624,52.39871],[13.56314,52.39582]]]},"properties":{"UWB":"09405","UWB3":"405","BWB":"094A","BWB3":"4A","AWK":"0904","BEZ":"09","BWK":"84"}},
{"type":"Feature","geometry":{"type":"Polygon","coordinates":[[[13.5817,52.3952],[13.58059,52.3968],[13.5854,52.39791],[13.58463,52.39882],[13.58646,52.3994],[13.5843,52.40133],[13.58532,52.40241],[13.58304,52.40425],[13.57756,52.40229],[13.5801,52.39954],[13.57493,52.39972],[13.57487,52.39799],[13.57415,52.39585],[13.5817,52.3952]]]},"properties":{"UWB":"09406","UWB3":"406","BWB":"094D","BWB3":"4D","AWK":"0904","BEZ":"09","BWK":"84"}},
{"type":"Feature","geometry":{"type":"Polygon","coordinates":[[[13.56624,52.39871],[13.57487,52.39799],[13.57493,52.39972],[13.5801,52.39954],[13.57756,52.40229],[13.57672,52.40314],[13.57138,52.40232],[13.57071,52.40393],[13.56807,52.403],[13.56858,52.4013],[13.56624,52.39871]]]},"properties":{"UWB":"09407","UWB3":"407","BWB":"094C","BWB3":"4C","AWK":"0904","BEZ":"09","BWK":"84"}},
{"type":"Feature","geometry":{"type":"Polygon","coordinates":[[[13.58605,52.39212],[13.59269,52.39381],[13.59299,52.3969],[13.59034,52.39717],[13.58856,52.39964],[13.58646,52.3994],[13.58463,52.39882],[13.5854,52.39791],[13.58059,52.3968],[13.5817,52.3952],[13.58315,52.39292],[13.58605,52.39212]]]},"properties":{"UWB":"09408","UWB3":"408","BWB":"094D","BWB3":"4D","AWK":"0904","BEZ":"09","BWK":"84"}},
{"type":"Feature","geometry":{"type":"Polygon","coordinates":[[[13.58646,52.3994],[13.58856,52.39964],[13.59034,52.39717],[13.59299,52.3969],[13.59269,52.39381],[13.59409,52.39254],[13.59367,52.38996],[13.59525,52.38816],[13.59494,52.38723],[13.59612,52.38598],[13.59939,52.3854],[13.603,52.38284],[13.60639,52.37912],[13.60547,52.37797],[13.6068,52.37602],[13.60737,52.37397],[13.62851,52.38135],[13.62611,52.38396],[13.61447,52.37995],[13.61135,52.38339],[13.61452,52.38613],[13.60992,52.38812],[13.6164,52.39365],[13.58902,52.40549],[13.58744,52.40413],[13.58532,52.40241],[13.5843,52.40133],[13.58646,52.3994]]]},"properties":{"UWB":"09409","UWB3":"409","BWB":"094E","BWB3":"4E","AWK":"0904","BEZ":"09","BWK":"84"}},
{"type":"Feature","geometry":{"type":"Polygon","coordinates":[[[13.64268,52.37751],[13.64284,52.37258],[13.6421,52.37081],[13.64683,52.37015],[13.64726,52.36802],[13.64694,52.36608],[13.6461,52.36527],[13.64114,52.36309],[13.63908,52.36098],[13.63808,52.3563],[13.6438,52.35585],[13.64309,52.35756],[13.64342,52.35914],[13.64624,52.36171],[13.66475,52.35806],[13.66717,52.36297],[13.6699,52.36469],[13.67182,52.36678],[13.67614,52.36795],[13.6784,52.36919],[13.68215,52.36964],[13.68475,52.36881],[13.68723,52.3673],[13.68998,52.36785],[13.69308,52.36797],[13.69268,52.36882],[13.69509,52.3707],[13.69996,52.37559],[13.70062,52.37719],[13.69929,52.37773],[13.6972,52.37744],[13.69881,52.38112],[13.69518,52.38095],[13.68973,52.38325],[13.68791,52.38295],[13.68612,52.38399],[13.67851,52.38657],[13.6716,52.38498],[13.6697,52.38253],[13.66591,52.38178],[13.65745,52.38052],[13.65452,52.38194],[13.65208,52.38345],[13.64786,52.3805],[13.64671,52.37957],[13.64509,52.37852],[13.64268,52.37751]]]},"properties":{"UWB":"09410","UWB3":"410","BWB":"094G","BWB3":"4G","AWK":"0904","BEZ":"09","BWK":"84"}},
{"type":"Feature","geometry":{"type":"Polygon","coordinates":[[[13.63808,52.3563],[13.63779,52.34821],[13.63632,52.34681],[13.63682,52.34522],[13.6387,52.34319],[13.64086,52.34188],[13.64282,52.33994],[13.64449,52.33991],[13.6455,52.33878],[13.64884,52.33834],[13.65169,52.33946],[13.65114,52.3426],[13.65363,52.34589],[13.65557,52.34721],[13.65677,52.34961],[13.65709,52.35161],[13.65898,52.35235],[13.65957,52.3533],[13.66202,52.35421],[13.66315,52.35705],[13.66475,52.35806],[13.64624,52.36171],[13.64342,52.35914],[13.64309,52.35756],[13.6438,52.35585],[13.63808,52.3563]]]},"properties":{"UWB":"09411","UWB3":"411","BWB":"094G","BWB3":"4G","AWK":"0904","BEZ":"09","BWK":"84"}},
{"type":"Feature","geometry":{"type":"Polygon","coordinates":[[[13.6255,52.38968],[13.6336,52.38609],[13.63623,52.38716],[13.63776,52.3906],[13.6371,52.39194],[13.63293,52.39559],[13.63018,52.39693],[13.62902,52.3967],[13.62942,52.3957],[13.6279,52.39439],[13.62871,52.39246],[13.6255,52.38968]]]},"properties":{"UWB":"09412","UWB3":"412","BWB":"094F","BWB3":"4F","AWK":"0904","BEZ":"09","BWK":"84"}},
{"type":"Feature","geometry":{"type":"Polygon","coordinates":[[[13.55539,52.42592],[13.55557,52.42483],[13.566,52.41736],[13.56866,52.41573],[13.57271,52.41302],[13.57377,52.41363],[13.57431,52.41386],[13.57215,52.41851],[13.57574,52.41894],[13.57489,52.42047],[13.57482,52.42052],[13.5735,52.42156],[13.57151,52.42356],[13.57182,52.42477],[13.57469,52.4252],[13.57281,52.42803],[13.56342,52.42671],[13.55539,52.42592]]]},"properties":{"UWB":"09413","UWB3":"413","BWB":"094I","BWB3":"4I","AWK":"0904","BEZ":"09","BWK":"84"}},
{"type":"Feature","geometry":{"type":"Polygon","coordinates":[[[13.62851,52.38135],[13.63324,52.37624],[13.64268,52.37751],[13.64509,52.37852],[13.64671,52.37957],[13.64786,52.3805],[13.65208,52.38345],[13.65134,52.3839],[13.64832,52.38616],[13.64518,52.39249],[13.64272,52.39547],[13.63921,52.39697],[13.63312,52.40077],[13.62791,52.39776],[13.62902,52.3967],[13.63018,52.39693],[13.63293,52.39559],[13.6371,52.39194],[13.63776,52.3906],[13.63623,52.38716],[13.6336,52.38609],[13.6255,52.38968],[13.6164,52.39365],[13.60992,52.38812],[13.61452,52.38613],[13.61135,52.38339],[13.61447,52.37995],[13.62611,52.38396],[13.62851,52.38135]]]},"properties":{"UWB":"09414","UWB3":"414","BWB":"094F","BWB3":"4F","AWK":"0904","BEZ":"09","BWK":"84"}},
{"type":"Feature","geometry":{"type":"Polygon","coordinates":[[[13.6164,52.39365],[13.6255,52.38968],[13.62871,52.39246],[13.6279,52.39439],[13.62942,52.3957],[13.62902,52.3967],[13.62791,52.39776],[13.63312,52.40077],[13.62826,52.40378],[13.62738,52.40489],[13.62651,52.40743],[13.62426,52.40908],[13.62303,52.40924],[13.61428,52.40871],[13.6055,52.41105],[13.60093,52.41304],[13.59831,52.41325],[13.59299,52.41244],[13.59044,52.41254],[13.58785,52.41334],[13.58541,52.41484],[13.58464,52.41597],[13.58477,52.41785],[13.58264,52.41754],[13.58106,52.41685],[13.5834,52.41363],[13.57984,52.4129],[13.57984,52.41428],[13.57868,52.41578],[13.57431,52.41386],[13.57377,52.41363],[13.57755,52.41053],[13.58285,52.40776],[13.58438,52.40653],[13.58697,52.40546],[13.58744,52.40413],[13.58902,52.40549],[13.6164,52.39365]]]},"properties":{"UWB":"09415","UWB3":"415","BWB":"094H","BWB3":"4H","AWK":"0904","BEZ":"09","BWK":"84"}},
{"type":"Feature","geometry":{"type":"Polygon","coordinates":[[[13.57431,52.41386],[13.57868,52.41578],[13.57984,52.41428],[13.57984,52.4129],[13.5834,52.41363],[13.58106,52.41685],[13.57972,52.41625],[13.57825,52.41784],[13.5768,52.41726],[13.57574,52.41894],[13.57215,52.41851],[13.57431,52.41386]]]},"properties":{"UWB":"09416","UWB3":"416","BWB":"094H","BWB3":"4H","AWK":"0904","BEZ":"09","BWK":"84"}},
{"type":"Feature","geometry":{"type":"Polygon","coordinates":[[[13.56255,52.40962],[13.55819,52.40654],[13.56003,52.40514],[13.5669,52.40594],[13.571,52.40808],[13.56979,52.4093],[13.57303,52.41179],[13.57271,52.41302],[13.56866,52.41573],[13.56707,52.41361],[13.56255,52.40962]]]},"properties":{"UWB":"09417","UWB3":"417","BWB":"094I","BWB3":"4I","AWK":"0904","BEZ":"09","BWK":"84"}},
{"type":"Feature","geometry":{"type":"Polygon","coordinates":[[[13.57469,52.4252],[13.57637,52.4227],[13.57486,52.4221],[13.57583,52.42094],[13.57808,52.42025],[13.58083,52.42135],[13.58251,52.41926],[13.58264,52.41754],[13.58477,52.41785],[13.58483,52.41816],[13.58477,52.41943],[13.58245,52.4219],[13.58111,52.42568],[13.57923,52.42705],[13.57584,52.42837],[13.5728,52.42807],[13.57281,52.42803],[13.57469,52.4252]]]},"properties":{"UWB":"09418","UWB3":"418","BWB":"094K","BWB3":"4K","AWK":"0904","BEZ":"09","BWK":"84"}},
{"type":"Feature","geometry":{"type":"Polygon","coordinates":[[[13.57482,52.42052],[13.57583,52.42094],[13.57486,52.4221],[13.57637,52.4227],[13.57469,52.4252],[13.57182,52.42477],[13.57151,52.42356],[13.5735,52.42156],[13.57482,52.42052]]]},"properties":{"UWB":"09419","UWB3":"419","BWB":"094J","BWB3":"4J","AWK":"0904","BEZ":"09","BWK":"84"}},
{"type":"Feature","geometry":{"type":"Polygon","coordinates":[[[13.56342,52.42671],[13.57281,52.42803],[13.5728,52.42807],[13.57133,52.43269],[13.57165,52.43833],[13.56975,52.44196],[13.5677,52.4406],[13.5675,52.439],[13.56716,52.43911],[13.56623,52.43798],[13.56656,52.4379],[13.56473,52.43546],[13.562,52.43465],[13.56318,52.43274],[13.56369,52.43051],[13.56342,52.42671]]]},"properties":{"UWB":"09420","UWB3":"420","BWB":"094L","BWB3":"4L","AWK":"0904","BEZ":"09","BWK":"84"}},
{"type":"Feature","geometry":{"type":"Polygon","coordinates":[[[13.57584,52.42837],[13.574,52.43265],[13.57679,52.43702],[13.57545,52.43881],[13.57199,52.44144],[13.57117,52.44225],[13.57152,52.44454],[13.56929,52.44456],[13.56937,52.44264],[13.56975,52.44196],[13.57165,52.43833],[13.57133,52.43269],[13.5728,52.42807],[13.57584,52.42837]]]},"properties":{"UWB":"09421","UWB3":"421","BWB":"094K","BWB3":"4K","AWK":"0904","BEZ":"09","BWK":"84"}},
{"type":"Feature","geometry":{"type":"Polygon","coordinates":[[[13.58275,52.45647],[13.58219,52.45653],[13.57808,52.45715],[13.57711,52.45577],[13.57624,52.45454],[13.57835,52.45431],[13.58054,52.45552],[13.58228,52.45537],[13.58275,52.45647]]]},"properties":{"UWB":"09422","UWB3":"422","BWB":"094U","BWB3":"4U","AWK":"0904","BEZ":"09","BWK":"84"}},
{"type":"Feature","geometry":{"type":"Polygon","coordinates":[[[13.56975,52.44196],[13.56937,52.44264],[13.56698,52.44322],[13.56736,52.44037],[13.56604,52.43948],[13.56716,52.43911],[13.5675,52.439],[13.5677,52.4406],[13.56975,52.44196]]]},"properties":{"UWB":"09423","UWB3":"423","BWB":"094M","BWB3":"4M","AWK":"0904","BEZ":"09","BWK":"84"}},
{"type":"Feature","geometry":{"type":"Polygon","coordinates":[[[13.56499,52.44547],[13.56277,52.44593],[13.56099,52.44385],[13.56032,52.44226],[13.56312,52.44248],[13.56319,52.44401],[13.56574,52.44412],[13.56617,52.44523],[13.56499,52.44547]]]},"properties":{"UWB":"09424","UWB3":"424","BWB":"094N","BWB3":"4N","AWK":"0904","BEZ":"09","BWK":"84"}},
{"type":"Feature","geometry":{"type":"Polygon","coordinates":[[[13.56041,52.43675],[13.56285,52.43736],[13.56604,52.43948],[13.56736,52.44037],[13.56698,52.44322],[13.56574,52.44412],[13.56319,52.44401],[13.56312,52.44248],[13.56032,52.44226],[13.55913,52.44183],[13.55965,52.43822],[13.56041,52.43675]]]},"properties":{"UWB":"09425","UWB3":"425","BWB":"094M","BWB3":"4M","AWK":"0904","BEZ":"09","BWK":"84"}},
{"type":"Feature","geometry":{"type":"Polygon","coordinates":[[[13.56929,52.44456],[13.57111,52.44756],[13.57037,52.44783],[13.5681,52.44484],[13.56617,52.44523],[13.56574,52.44412],[13.56698,52.44322],[13.56937,52.44264],[13.56929,52.44456]]]},"properties":{"UWB":"09426","UWB3":"426","BWB":"094P","BWB3":"4P","AWK":"0904","BEZ":"09","BWK":"84"}},
{"type":"Feature","geometry":{"type":"Polygon","coordinates":[[[13.57152,52.44454],[13.5733,52.44811],[13.56902,52.44979],[13.5681,52.44956],[13.56499,52.44547],[13.56617,52.44523],[13.5681,52.44484],[13.57037,52.44783],[13.57111,52.44756],[13.56929,52.44456],[13.57152,52.44454]]]},"properties":{"UWB":"09427","UWB3":"427","BWB":"094P","BWB3":"4P","AWK":"0904","BEZ":"09","BWK":"84"}},
{"type":"Feature","geometry":{"type":"Polygon","coordinates":[[[13.57422,52.45409],[13.57135,52.45358],[13.57023,52.45456],[13.56839,52.45379],[13.5721,52.45091],[13.57298,52.4516],[13.5777,52.45161],[13.57922,52.45097],[13.58054,52.45208],[13.57736,52.45268],[13.57598,52.45282],[13.57422,52.45409]]]},"properties":{"UWB":"09428","UWB3":"428","BWB":"094T","BWB3":"4T","AWK":"0904","BEZ":"09","BWK":"84"}},
{"type":"Feature","geometry":{"type":"Polygon","coordinates":[[[13.5733,52.44811],[13.57711,52.44858],[13.58064,52.4472],[13.58129,52.44749],[13.58316,52.45161],[13.58054,52.45208],[13.57922,52.45097],[13.5777,52.45161],[13.57298,52.4516],[13.5721,52.45091],[13.56839,52.45379],[13.5656,52.45265],[13.56568,52.45255],[13.5681,52.44956],[13.56902,52.44979],[13.5733,52.44811]]]},"properties":{"UWB":"09429","UWB3":"429","BWB":"094T","BWB3":"4T","AWK":"0904","BEZ":"09","BWK":"84"}},
{"type":"Feature","geometry":{"type":"Polygon","coordinates":[[[13.55738,52.45573],[13.55738,52.45437],[13.5577,52.45306],[13.55849,52.45001],[13.55988,52.44982],[13.56162,52.44814],[13.5626,52.4489],[13.56511,52.44909],[13.56391,52.45063],[13.56593,52.4512],[13.56544,52.45281],[13.5656,52.45265],[13.56839,52.45379],[13.57023,52.45456],[13.57135,52.45358],[13.57422,52.45409],[13.57414,52.45591],[13.57408,52.45688],[13.57048,52.45662],[13.56678,52.45525],[13.56459,52.45639],[13.56245,52.45648],[13.55801,52.45582],[13.55738,52.45573]]]},"properties":{"UWB":"09430","UWB3":"430","BWB":"094Q","BWB3":"4Q","AWK":"0904","BEZ":"09","BWK":"84"}},
{"type":"Feature","geometry":{"type":"Polygon","coordinates":[[[13.5585,52.44984],[13.55913,52.44183],[13.56032,52.44226],[13.56099,52.44385],[13.56277,52.44593],[13.56499,52.44547],[13.5681,52.44956],[13.56568,52.45255],[13.5656,52.45265],[13.56544,52.45281],[13.56593,52.4512],[13.56391,52.45063],[13.56511,52.44909],[13.5626,52.4489],[13.56162,52.44814],[13.55988,52.44982],[13.55849,52.45001],[13.5585,52.44984]]]},"properties":{"UWB":"09431","UWB3":"431","BWB":"094N","BWB3":"4N","AWK":"0904","BEZ":"09","BWK":"84"}},
{"type":"Feature","geometry":{"type":"Polygon","coordinates":[[[13.57711,52.45577],[13.57414,52.45591],[13.57422,52.45409],[13.57598,52.45282],[13.57835,52.45431],[13.57624,52.45454],[13.57711,52.45577]]]},"properties":{"UWB":"09432","UWB3":"432","BWB":"094U","BWB3":"4U","AWK":"0904","BEZ":"09","BWK":"84"}},
{"type":"Feature","geometry":{"type":"Polygon","coordinates":[[[13.55801,52.45582],[13.56245,52.45648],[13.56459,52.45639],[13.56678,52.45525],[13.57048,52.45662],[13.57408,52.45688],[13.57414,52.45591],[13.57711,52.45577],[13.57808,52.45715],[13.57906,52.45825],[13.57929,52.45851],[13.57632,52.45914],[13.57184,52.46055],[13.56694,52.46273],[13.5649,52.46363],[13.56028,52.46034],[13.55801,52.45582]]]},"properties":{"UWB":"09433","UWB3":"433","BWB":"094Q","BWB3":"4Q","AWK":"0904","BEZ":"09","BWK":"84"}},
{"type":"Feature","geometry":{"type":"Polygon","coordinates":[[[13.58054,52.45208],[13.58316,52.45161],[13.58129,52.44749],[13.58365,52.44805],[13.58359,52.4504],[13.58531,52.45015],[13.58529,52.45169],[13.59163,52.45127],[13.59325,52.4517],[13.59303,52.45378],[13.59105,52.45418],[13.58501,52.45451],[13.57882,52.45357],[13.57736,52.45268],[13.58054,52.45208]]]},"properties":{"UWB":"09434","UWB3":"434","BWB":"094S","BWB3":"4S","AWK":"0904","BEZ":"09","BWK":"84"}},
{"type":"Feature","geometry":{"type":"Polygon","coordinates":[[[13.58064,52.4472],[13.5818,52.4462],[13.58411,52.4468],[13.58734,52.449],[13.58905,52.44953],[13.59351,52.44958],[13.5949,52.44979],[13.59484,52.45036],[13.59438,52.45167],[13.59499,52.45305],[13.59738,52.45378],[13.59711,52.45691],[13.59705,52.45901],[13.59538,52.45906],[13.58724,52.45928],[13.57971,52.45901],[13.57929,52.45851],[13.57906,52.45825],[13.58256,52.45817],[13.58595,52.45761],[13.58582,52.45626],[13.58606,52.45545],[13.58907,52.45553],[13.59243,52.45505],[13.59303,52.45378],[13.59325,52.4517],[13.59163,52.45127],[13.58529,52.45169],[13.58531,52.45015],[13.58359,52.4504],[13.58365,52.44805],[13.58129,52.44749],[13.58064,52.4472]]]},"properties":{"UWB":"09435","UWB3":"435","BWB":"094R","BWB3":"4R","AWK":"0904","BEZ":"09","BWK":"84"}},
{"type":"Feature","geometry":{"type":"Polygon","coordinates":[[[13.58275,52.45647],[13.58407,52.45634],[13.58582,52.45626],[13.58595,52.45761],[13.58256,52.45817],[13.57906,52.45825],[13.57808,52.45715],[13.58219,52.45653],[13.58275,52.45647]]]},"properties":{"UWB":"09436","UWB3":"436","BWB":"094R","BWB3":"4R","AWK":"0904","BEZ":"09","BWK":"84"}},
{"type":"Feature","geometry":{"type":"Polygon","coordinates":[[[13.57835,52.45431],[13.57598,52.45282],[13.57736,52.45268],[13.57882,52.45357],[13.58501,52.45451],[13.59105,52.45418],[13.59303,52.45378],[13.59243,52.45505],[13.58907,52.45553],[13.58606,52.45545],[13.58582,52.45626],[13.58407,52.45634],[13.58275,52.45647],[13.58228,52.45537],[13.58054,52.45552],[13.57835,52.45431]]]},"properties":{"UWB":"09437","UWB3":"437","BWB":"094S","BWB3":"4S","AWK":"0904","BEZ":"09","BWK":"84"}},
{"type":"Feature","geometry":{"type":"Polygon","coordinates":[[[13.56807,52.403],[13.57071,52.40393],[13.57138,52.40232],[13.57672,52.40314],[13.57756,52.40229],[13.58304,52.40425],[13.58532,52.40241],[13.58744,52.40413],[13.58697,52.40546],[13.58438,52.40653],[13.58285,52.40776],[13.57755,52.41053],[13.57377,52.41363],[13.57271,52.41302],[13.57303,52.41179],[13.56979,52.4093],[13.571,52.40808],[13.5669,52.40594],[13.56807,52.403]]]},"properties":{"UWB":"09438","UWB3":"438","BWB":"094E","BWB3":"4E","AWK":"0904","BEZ":"09","BWK":"84"}},
{"type":"Feature","geometry":{"type":"Polygon","coordinates":[[[13.57574,52.41894],[13.5768,52.41726],[13.57825,52.41784],[13.57972,52.41625],[13.58106,52.41685],[13.58264,52.41754],[13.58251,52.41926],[13.58083,52.42135],[13.57808,52.42025],[13.57583,52.42094],[13.57482,52.42052],[13.57489,52.42047],[13.57574,52.41894]]]},"properties":{"UWB":"09439","UWB3":"439","BWB":"094J","BWB3":"4J","AWK":"0904","BEZ":"09","BWK":"84"}},
{"type":"Feature","geometry":{"type":"Polygon","coordinates":[[[13.56716,52.43911],[13.56604,52.43948],[13.56285,52.43736],[13.56041,52.43675],[13.56097,52.43595],[13.562,52.43465],[13.56473,52.43546],[13.56656,52.4379],[13.56623,52.43798],[13.56716,52.43911]]]},"properties":{"UWB":"09440","UWB3":"440","BWB":"094L","BWB3":"4L","AWK":"0904","BEZ":"09","BWK":"84"}},
{"type":"Feature","geometry":{"type":"Polygon","coordinates":[[[13.57199,52.44144],[13.57393,52.4417],[13.57504,52.44347],[13.57908,52.44502],[13.5818,52.4462],[13.58064,52.4472],[13.57711,52.44858],[13.5733,52.44811],[13.57152,52.44454],[13.57117,52.44225],[13.57199,52.44144]]]},"properties":{"UWB":"09501","UWB3":"501","BWB":"095A","BWB3":"5A","AWK":"0905","BEZ":"09","BWK":"84"}},
{"type":"Feature","geometry":{"type":"Polygon","coordinates":[[[13.5818,52.4462],[13.57908,52.44502],[13.57911,52.4438],[13.58228,52.44259],[13.58511,52.44297],[13.58393,52.44399],[13.58651,52.44494],[13.59283,52.44746],[13.59378,52.4475],[13.59351,52.44958],[13.58905,52.44953],[13.58734,52.449],[13.58411,52.4468],[13.5818,52.4462]]]},"properties":{"UWB":"09502","UWB3":"502","BWB":"095A","BWB3":"5A","AWK":"0905","BEZ":"09","BWK":"84"}},
{"type":"Feature","geometry":{"type":"Polygon","coordinates":[[[13.58228,52.44259],[13.58443,52.4418],[13.58529,52.44147],[13.58714,52.44291],[13.58769,52.44385],[13.58651,52.44494],[13.58393,52.44399],[13.58511,52.44297],[13.58228,52.44259]]]},"properties":{"UWB":"09503","UWB3":"503","BWB":"095M","BWB3":"5M","AWK":"0905","BEZ":"09","BWK":"84"}},
{"type":"Feature","geometry":{"type":"Polygon","coordinates":[[[13.58651,52.44494],[13.58769,52.44385],[13.58779,52.44379],[13.58863,52.44455],[13.59121,52.44513],[13.59362,52.44507],[13.59378,52.4475],[13.59283,52.44746],[13.58651,52.44494]]]},"properties":{"UWB":"09504","UWB3":"504","BWB":"095N","BWB3":"5N","AWK":"0905","BEZ":"09","BWK":"84"}},
{"type":"Feature","geometry":{"type":"Polygon","coordinates":[[[13.58529,52.44147],[13.58661,52.44084],[13.59947,52.44167],[13.59972,52.44328],[13.59756,52.44315],[13.59669,52.44384],[13.5935,52.44346],[13.59343,52.44249],[13.58714,52.44291],[13.58529,52.44147]]]},"properties":{"UWB":"09505","UWB3":"505","BWB":"095M","BWB3":"5M","AWK":"0905","BEZ":"09","BWK":"84"}},
{"type":"Feature","geometry":{"type":"Polygon","coordinates":[[[13.58714,52.44291],[13.59343,52.44249],[13.5935,52.44346],[13.59669,52.44384],[13.59923,52.44451],[13.59707,52.44487],[13.59358,52.44442],[13.59162,52.44372],[13.58779,52.44379],[13.58769,52.44385],[13.58714,52.44291]]]},"properties":{"UWB":"09506","UWB3":"506","BWB":"095K","BWB3":"5K","AWK":"0905","BEZ":"09","BWK":"84"}},
{"type":"Feature","geometry":{"type":"Polygon","coordinates":[[[13.58779,52.44379],[13.59162,52.44372],[13.59358,52.44442],[13.59362,52.44507],[13.59121,52.44513],[13.58863,52.44455],[13.58779,52.44379]]]},"properties":{"UWB":"09507","UWB3":"507","BWB":"095N","BWB3":"5N","AWK":"0905","BEZ":"09","BWK":"84"}},
{"type":"Feature","geometry":{"type":"Polygon","coordinates":[[[13.59351,52.44958],[13.59378,52.4475],[13.59362,52.44507],[13.59358,52.44442],[13.59707,52.44487],[13.59923,52.44451],[13.60357,52.44324],[13.60571,52.44761],[13.60165,52.44896],[13.59862,52.44905],[13.5949,52.44979],[13.59351,52.44958]]]},"properties":{"UWB":"09508","UWB3":"508","BWB":"095I","BWB3":"5I","AWK":"0905","BEZ":"09","BWK":"84"}},
{"type":"Feature","geometry":{"type":"Polygon","coordinates":[[[13.59934,52.43989],[13.5979,52.43846],[13.60108,52.43858],[13.60645,52.43851],[13.60651,52.4396],[13.6029,52.43978],[13.59934,52.43989]]]},"properties":{"UWB":"09509","UWB3":"509","BWB":"095L","BWB3":"5L","AWK":"0905","BEZ":"09","BWK":"84"}},
{"type":"Feature","geometry":{"type":"Polygon","coordinates":[[[13.58661,52.44084],[13.59683,52.43691],[13.59813,52.43798],[13.60102,52.43785],[13.60108,52.43858],[13.5979,52.43846],[13.59934,52.43989],[13.59947,52.44167],[13.58661,52.44084]]]},"properties":{"UWB":"09510","UWB3":"510","BWB":"095L","BWB3":"5L","AWK":"0905","BEZ":"09","BWK":"84"}},
{"type":"Feature","geometry":{"type":"Polygon","coordinates":[[[13.57545,52.43881],[13.5789,52.43874],[13.57906,52.44109],[13.57698,52.4416],[13.57911,52.4438],[13.57908,52.44502],[13.57504,52.44347],[13.57393,52.4417],[13.57199,52.44144],[13.57545,52.43881]]]},"properties":{"UWB":"09511","UWB3":"511","BWB":"095B","BWB3":"5B","AWK":"0905","BEZ":"09","BWK":"84"}},
{"type":"Feature","geometry":{"type":"Polygon","coordinates":[[[13.57911,52.4438],[13.57698,52.4416],[13.57906,52.44109],[13.58166,52.44066],[13.58228,52.44259],[13.57911,52.4438]]]},"properties":{"UWB":"09512","UWB3":"512","BWB":"095B","BWB3":"5B","AWK":"0905","BEZ":"09","BWK":"84"}},
{"type":"Feature","geometry":{"type":"Polygon","coordinates":[[[13.574,52.43265],[13.57891,52.43292],[13.58012,52.43412],[13.58293,52.43421],[13.58197,52.43885],[13.58166,52.44066],[13.57906,52.44109],[13.5789,52.43874],[13.57545,52.43881],[13.57679,52.43702],[13.574,52.43265]]]},"properties":{"UWB":"09513","UWB3":"513","BWB":"095C","BWB3":"5C","AWK":"0905","BEZ":"09","BWK":"84"}},
{"type":"Feature","geometry":{"type":"Polygon","coordinates":[[[13.58228,52.44259],[13.58166,52.44066],[13.58197,52.43885],[13.58483,52.43892],[13.58443,52.4418],[13.58228,52.44259]]]},"properties":{"UWB":"09514","UWB3":"514","BWB":"095P","BWB3":"5P","AWK":"0905","BEZ":"09","BWK":"84"}},
{"type":"Feature","geometry":{"type":"Polygon","coordinates":[[[13.58443,52.4418],[13.58483,52.43892],[13.58641,52.43897],[13.58691,52.43615],[13.58834,52.43476],[13.59018,52.43511],[13.58656,52.44039],[13.58661,52.44084],[13.58529,52.44147],[13.58443,52.4418]]]},"properties":{"UWB":"09515","UWB3":"515","BWB":"095P","BWB3":"5P","AWK":"0905","BEZ":"09","BWK":"84"}},
{"type":"Feature","geometry":{"type":"Polygon","coordinates":[[[13.58661,52.44084],[13.58656,52.44039],[13.59018,52.43511],[13.59162,52.43229],[13.59501,52.43323],[13.59758,52.43443],[13.60279,52.43109],[13.603,52.43454],[13.59683,52.43691],[13.58661,52.44084]]]},"properties":{"UWB":"09516","UWB3":"516","BWB":"095J","BWB3":"5J","AWK":"0905","BEZ":"09","BWK":"84"}},
{"type":"Feature","geometry":{"type":"Polygon","coordinates":[[[13.58293,52.43421],[13.58378,52.43113],[13.58559,52.43131],[13.58439,52.43592],[13.58691,52.43615],[13.58641,52.43897],[13.58483,52.43892],[13.58197,52.43885],[13.58293,52.43421]]]},"properties":{"UWB":"09517","UWB3":"517","BWB":"095Q","BWB3":"5Q","AWK":"0905","BEZ":"09","BWK":"84"}},
{"type":"Feature","geometry":{"type":"Polygon","coordinates":[[[13.58691,52.43615],[13.58439,52.43592],[13.58559,52.43131],[13.58697,52.42809],[13.58952,52.42848],[13.59271,52.42897],[13.59162,52.43229],[13.59018,52.43511],[13.58834,52.43476],[13.58691,52.43615]]]},"properties":{"UWB":"09518","UWB3":"518","BWB":"095Q","BWB3":"5Q","AWK":"0905","BEZ":"09","BWK":"84"}},
{"type":"Feature","geometry":{"type":"Polygon","coordinates":[[[13.59162,52.43229],[13.59271,52.42897],[13.59455,52.42923],[13.59451,52.42644],[13.59288,52.42644],[13.59239,52.42537],[13.59358,52.42398],[13.5963,52.42344],[13.59675,52.42457],[13.5996,52.42606],[13.60131,52.42759],[13.60376,52.4281],[13.6114,52.42831],[13.61483,52.42867],[13.61598,52.42945],[13.61514,52.42988],[13.603,52.43454],[13.60279,52.43109],[13.59758,52.43443],[13.59501,52.43323],[13.59162,52.43229]]]},"properties":{"UWB":"09519","UWB3":"519","BWB":"095J","BWB3":"5J","AWK":"0905","BEZ":"09","BWK":"84"}},
{"type":"Feature","geometry":{"type":"Polygon","coordinates":[[[13.58378,52.43113],[13.58613,52.42557],[13.59101,52.42623],[13.58952,52.42848],[13.58697,52.42809],[13.58559,52.43131],[13.58378,52.43113]]]},"properties":{"UWB":"09520","UWB3":"520","BWB":"095R","BWB3":"5R","AWK":"0905","BEZ":"09","BWK":"84"}},
{"type":"Feature","geometry":{"type":"Polygon","coordinates":[[[13.58952,52.42848],[13.59101,52.42623],[13.59288,52.42644],[13.59451,52.42644],[13.59455,52.42923],[13.59271,52.42897],[13.58952,52.42848]]]},"properties":{"UWB":"09521","UWB3":"521","BWB":"095D","BWB3":"5D","AWK":"0905","BEZ":"09","BWK":"84"}},
{"type":"Feature","geometry":{"type":"Polygon","coordinates":[[[13.58483,52.41816],[13.58894,52.41865],[13.58733,52.42306],[13.58613,52.42557],[13.58378,52.43113],[13.58293,52.43421],[13.58012,52.43412],[13.57891,52.43292],[13.574,52.43265],[13.57584,52.42837],[13.57923,52.42705],[13.58111,52.42568],[13.58245,52.4219],[13.58477,52.41943],[13.58483,52.41816]]]},"properties":{"UWB":"09522","UWB3":"522","BWB":"095C","BWB3":"5C","AWK":"0905","BEZ":"09","BWK":"84"}},
{"type":"Feature","geometry":{"type":"Polygon","coordinates":[[[13.59288,52.42644],[13.59101,52.42623],[13.58613,52.42557],[13.58733,52.42306],[13.59132,52.42341],[13.59239,52.42537],[13.59288,52.42644]]]},"properties":{"UWB":"09523","UWB3":"523","BWB":"095D","BWB3":"5D","AWK":"0905","BEZ":"09","BWK":"84"}},
{"type":"Feature","geometry":{"type":"Polygon","coordinates":[[[13.61428,52.40871],[13.62158,52.42256],[13.62285,52.42516],[13.6237,52.42505],[13.62294,52.42534],[13.61598,52.42945],[13.61483,52.42867],[13.6114,52.42831],[13.60376,52.4281],[13.60131,52.42759],[13.5996,52.42606],[13.59675,52.42457],[13.5963,52.42344],[13.59358,52.42398],[13.59239,52.42537],[13.59132,52.42341],[13.58733,52.42306],[13.58894,52.41865],[13.59535,52.41944],[13.59395,52.41827],[13.59529,52.41571],[13.59707,52.41514],[13.59871,52.4157],[13.60192,52.41492],[13.60093,52.41304],[13.6055,52.41105],[13.61428,52.40871]]]},"properties":{"UWB":"09524","UWB3":"524","BWB":"095E","BWB3":"5E","AWK":"0905","BEZ":"09","BWK":"84"}},
{"type":"Feature","geometry":{"type":"Polygon","coordinates":[[[13.60093,52.41304],[13.60192,52.41492],[13.59871,52.4157],[13.59707,52.41514],[13.59529,52.41571],[13.59395,52.41827],[13.59535,52.41944],[13.58894,52.41865],[13.58483,52.41816],[13.58477,52.41785],[13.58464,52.41597],[13.58541,52.41484],[13.58785,52.41334],[13.59044,52.41254],[13.59299,52.41244],[13.59831,52.41325],[13.60093,52.41304]]]},"properties":{"UWB":"09525","UWB3":"525","BWB":"095E","BWB3":"5E","AWK":"0905","BEZ":"09","BWK":"84"}},
{"type":"Feature","geometry":{"type":"Polygon","coordinates":[[[13.64832,52.38616],[13.64816,52.38743],[13.64923,52.38916],[13.65187,52.39094],[13.65241,52.39262],[13.65241,52.39665],[13.64726,52.40397],[13.64856,52.40494],[13.65298,52.40539],[13.6492,52.40743],[13.65166,52.40908],[13.6496,52.4102],[13.65218,52.41194],[13.65116,52.41237],[13.65583,52.41556],[13.65363,52.41674],[13.64757,52.42013],[13.64549,52.4208],[13.63591,52.42259],[13.6237,52.42505],[13.62285,52.42516],[13.62158,52.42256],[13.61428,52.40871],[13.62303,52.40924],[13.62426,52.40908],[13.62651,52.40743],[13.62738,52.40489],[13.62826,52.40378],[13.63312,52.40077],[13.63921,52.39697],[13.64272,52.39547],[13.64518,52.39249],[13.64832,52.38616]]]},"properties":{"UWB":"09526","UWB3":"526","BWB":"095F","BWB3":"5F","AWK":"0905","BEZ":"09","BWK":"84"}},
{"type":"Feature","geometry":{"type":"Polygon","coordinates":[[[13.6607,52.40583],[13.65865,52.40697],[13.66439,52.41083],[13.66235,52.4116],[13.6585,52.409],[13.65583,52.41041],[13.66002,52.41325],[13.65583,52.41556],[13.65116,52.41237],[13.65218,52.41194],[13.6496,52.4102],[13.65166,52.40908],[13.6492,52.40743],[13.65298,52.40539],[13.65498,52.40666],[13.65839,52.40478],[13.6607,52.40583]]]},"properties":{"UWB":"09527","UWB3":"527","BWB":"095F","BWB3":"5F","AWK":"0905","BEZ":"09","BWK":"84"}},
{"type":"Feature","geometry":{"type":"Polygon","coordinates":[[[13.65583,52.41556],[13.66002,52.41325],[13.65583,52.41041],[13.6585,52.409],[13.66235,52.4116],[13.66439,52.41083],[13.66809,52.41091],[13.67221,52.41372],[13.6684,52.41568],[13.6657,52.41742],[13.66155,52.41759],[13.66034,52.41826],[13.65692,52.41824],[13.65363,52.41674],[13.65583,52.41556]]]},"properties":{"UWB":"09528","UWB3":"528","BWB":"095H","BWB3":"5H","AWK":"0905","BEZ":"09","BWK":"84"}},
{"type":"Feature","geometry":{"type":"Polygon","coordinates":[[[13.6607,52.40583],[13.66083,52.40577],[13.66214,52.40726],[13.66453,52.40763],[13.66413,52.40982],[13.6656,52.41031],[13.66929,52.40766],[13.67107,52.40719],[13.67686,52.41111],[13.67587,52.41166],[13.67729,52.41293],[13.67606,52.41356],[13.67679,52.41479],[13.67877,52.41641],[13.6777,52.41695],[13.6726,52.41352],[13.67221,52.41372],[13.66809,52.41091],[13.66439,52.41083],[13.65865,52.40697],[13.6607,52.40583]]]},"properties":{"UWB":"09529","UWB3":"529","BWB":"095G","BWB3":"5G","AWK":"0905","BEZ":"09","BWK":"84"}},
{"type":"Feature","geometry":{"type":"Polygon","coordinates":[[[13.65208,52.38345],[13.65452,52.38194],[13.65745,52.38052],[13.66591,52.38178],[13.6697,52.38253],[13.6716,52.38498],[13.67851,52.38657],[13.68612,52.38399],[13.68682,52.3853],[13.6909,52.38564],[13.69542,52.38887],[13.70017,52.39113],[13.70187,52.39301],[13.70545,52.39402],[13.71137,52.39713],[13.7136,52.39803],[13.71584,52.3997],[13.71756,52.39892],[13.71984,52.39907],[13.72279,52.39823],[13.72762,52.40019],[13.73131,52.40007],[13.73427,52.40213],[13.73416,52.40334],[13.73536,52.40598],[13.73865,52.40724],[13.73688,52.40967],[13.73408,52.41075],[13.73351,52.41207],[13.73022,52.4154],[13.72981,52.41634],[13.73141,52.41975],[13.73007,52.41825],[13.7264,52.41645],[13.72513,52.41638],[13.72283,52.41787],[13.72064,52.41873],[13.71977,52.42127],[13.71578,52.42459],[13.71532,52.42345],[13.71103,52.42345],[13.70751,52.42257],[13.70299,52.42204],[13.69599,52.4231],[13.69276,52.42297],[13.68929,52.4243],[13.6862,52.4237],[13.68556,52.42167],[13.68342,52.41997],[13.67984,52.42179],[13.67717,52.41985],[13.67569,52.42061],[13.6731,52.41889],[13.66519,52.42349],[13.66296,52.42188],[13.66231,52.41926],[13.66034,52.41826],[13.66155,52.41759],[13.6657,52.41742],[13.6684,52.41568],[13.67221,52.41372],[13.6726,52.41352],[13.6777,52.41695],[13.67877,52.41641],[13.67679,52.41479],[13.67606,52.41356],[13.67729,52.41293],[13.67587,52.41166],[13.67686,52.41111],[13.67107,52.40719],[13.66929,52.40766],[13.6656,52.41031],[13.66413,52.40982],[13.66453,52.40763],[13.66214,52.40726],[13.66083,52.40577],[13.6607,52.40583],[13.65839,52.40478],[13.65498,52.40666],[13.65298,52.40539],[13.64856,52.40494],[13.64726,52.40397],[13.65241,52.39665],[13.65241,52.39262],[13.65187,52.39094],[13.64923,52.38916],[13.64816,52.38743],[13.64832,52.38616],[13.65134,52.3839],[13.65208,52.38345]]]},"properties":{"UWB":"09530","UWB3":"530","BWB":"095G","BWB3":"5G","AWK":"0905","BEZ":"09","BWK":"84"}},
{"type":"Feature","geometry":{"type":"Polygon","coordinates":[[[13.6237,52.42505],[13.63591,52.42259],[13.64549,52.4208],[13.64757,52.42013],[13.65363,52.41674],[13.65692,52.41824],[13.66034,52.41826],[13.66231,52.41926],[13.66296,52.42188],[13.66519,52.42349],[13.6731,52.41889],[13.67569,52.42061],[13.67717,52.41985],[13.67984,52.42179],[13.68342,52.41997],[13.68556,52.42167],[13.6862,52.4237],[13.68929,52.4243],[13.69276,52.42297],[13.69599,52.4231],[13.70299,52.42204],[13.70751,52.42257],[13.71103,52.42345],[13.71532,52.42345],[13.71578,52.42459],[13.71371,52.42566],[13.70894,52.4256],[13.70243,52.42639],[13.70059,52.4272],[13.69841,52.42875],[13.69608,52.42941],[13.69058,52.43004],[13.68547,52.4287],[13.68176,52.42929],[13.67803,52.4307],[13.67613,52.43298],[13.67479,52.43417],[13.67574,52.43859],[13.67238,52.44551],[13.66219,52.44698],[13.66237,52.44731],[13.65507,52.44837],[13.64874,52.44842],[13.64528,52.44712],[13.64196,52.44659],[13.63719,52.44706],[13.6329,52.4466],[13.62819,52.44421],[13.62586,52.44481],[13.62485,52.44438],[13.62489,52.44366],[13.62231,52.44127],[13.62093,52.43794],[13.62041,52.43551],[13.62074,52.43229],[13.62225,52.42966],[13.62475,52.4289],[13.62294,52.42534],[13.6237,52.42505]]]},"properties":{"UWB":"09531","UWB3":"531","BWB":"095H","BWB3":"5H","AWK":"0905","BEZ":"09","BWK":"84"}},
{"type":"Feature","geometry":{"type":"Polygon","coordinates":[[[13.60357,52.44324],[13.60161,52.44131],[13.6029,52.43978],[13.60651,52.4396],[13.60645,52.43851],[13.60108,52.43858],[13.60102,52.43785],[13.59813,52.43798],[13.59683,52.43691],[13.603,52.43454],[13.61514,52.42988],[13.61598,52.42945],[13.62294,52.42534],[13.62475,52.4289],[13.62225,52.42966],[13.62074,52.43229],[13.62041,52.43551],[13.62093,52.43794],[13.62231,52.44127],[13.62489,52.44366],[13.62485,52.44438],[13.62206,52.444],[13.62122,52.44416],[13.6177,52.44316],[13.6149,52.44451],[13.61253,52.4451],[13.6074,52.44737],[13.60571,52.44761],[13.60357,52.44324]]]},"properties":{"UWB":"09532","UWB3":"532","BWB":"095I","BWB3":"5I","AWK":"0905","BEZ":"09","BWK":"84"}},
{"type":"Feature","geometry":{"type":"Polygon","coordinates":[[[13.59947,52.44167],[13.59934,52.43989],[13.6029,52.43978],[13.60161,52.44131],[13.60357,52.44324],[13.59923,52.44451],[13.59669,52.44384],[13.59756,52.44315],[13.59972,52.44328],[13.59947,52.44167]]]},"properties":{"UWB":"09533","UWB3":"533","BWB":"095K","BWB3":"5K","AWK":"0905","BEZ":"09","BWK":"84"}},
{"type":"Feature","geometry":{"type":"Polygon","coordinates":[[[13.5649,52.46363],[13.56694,52.46273],[13.56794,52.46426],[13.56642,52.46521],[13.56853,52.46645],[13.56985,52.46584],[13.57191,52.46639],[13.57093,52.46777],[13.56725,52.46913],[13.56778,52.47036],[13.57258,52.47076],[13.57298,52.47242],[13.57595,52.47408],[13.57194,52.47616],[13.56819,52.4747],[13.56705,52.47387],[13.56513,52.47395],[13.56087,52.47326],[13.55352,52.47364],[13.55259,52.47365],[13.54919,52.47386],[13.54848,52.47331],[13.54244,52.47395],[13.551,52.47017],[13.55333,52.46967],[13.55311,52.46883],[13.5649,52.46363]]]},"properties":{"UWB":"09601","UWB3":"601","BWB":"096A","BWB3":"6A","AWK":"0906","BEZ":"09","BWK":"84"}},
{"type":"Feature","geometry":{"type":"Polygon","coordinates":[[[13.57191,52.46639],[13.57427,52.46661],[13.57593,52.46649],[13.57724,52.46905],[13.57762,52.47013],[13.57613,52.47118],[13.57298,52.47242],[13.57258,52.47076],[13.56778,52.47036],[13.56725,52.46913],[13.57093,52.46777],[13.57191,52.46639]]]},"properties":{"UWB":"09602","UWB3":"602","BWB":"096B","BWB3":"6B","AWK":"0906","BEZ":"09","BWK":"84"}},
{"type":"Feature","geometry":{"type":"Polygon","coordinates":[[[13.57298,52.47242],[13.57613,52.47118],[13.57762,52.47013],[13.57724,52.46905],[13.58602,52.46755],[13.58891,52.46992],[13.59156,52.47126],[13.59888,52.47365],[13.59987,52.47434],[13.5998,52.47439],[13.58892,52.47994],[13.58645,52.48107],[13.58187,52.47997],[13.57971,52.48102],[13.57512,52.47948],[13.57444,52.47752],[13.57194,52.47616],[13.57595,52.47408],[13.57298,52.47242]]]},"properties":{"UWB":"09603","UWB3":"603","BWB":"096A","BWB3":"6A","AWK":"0906","BEZ":"09","BWK":"84"}},
{"type":"Feature","geometry":{"type":"Polygon","coordinates":[[[13.57593,52.46649],[13.57889,52.46521],[13.57978,52.46642],[13.58255,52.46603],[13.58486,52.46658],[13.58602,52.46755],[13.57724,52.46905],[13.57593,52.46649]]]},"properties":{"UWB":"09604","UWB3":"604","BWB":"096E","BWB3":"6E","AWK":"0906","BEZ":"09","BWK":"84"}},
{"type":"Feature","geometry":{"type":"Polygon","coordinates":[[[13.57889,52.46521],[13.58367,52.46315],[13.58409,52.46422],[13.58612,52.46417],[13.5863,52.46567],[13.58765,52.46681],[13.58602,52.46755],[13.58486,52.46658],[13.58255,52.46603],[13.57978,52.46642],[13.57889,52.46521]]]},"properties":{"UWB":"09605","UWB3":"605","BWB":"096E","BWB3":"6E","AWK":"0906","BEZ":"09","BWK":"84"}},
{"type":"Feature","geometry":{"type":"Polygon","coordinates":[[[13.57427,52.46661],[13.57583,52.46393],[13.57589,52.46381],[13.57716,52.46407],[13.58243,52.46169],[13.58418,52.46138],[13.58808,52.46156],[13.58821,52.46234],[13.58367,52.46315],[13.57889,52.46521],[13.57593,52.46649],[13.57427,52.46661]]]},"properties":{"UWB":"09606","UWB3":"606","BWB":"096D","BWB3":"6D","AWK":"0906","BEZ":"09","BWK":"84"}},
{"type":"Feature","geometry":{"type":"Polygon","coordinates":[[[13.57589,52.46381],[13.57742,52.46151],[13.58085,52.46002],[13.58243,52.46169],[13.57716,52.46407],[13.57589,52.46381]]]},"properties":{"UWB":"09607","UWB3":"607","BWB":"096D","BWB3":"6D","AWK":"0906","BEZ":"09","BWK":"84"}},
{"type":"Feature","geometry":{"type":"Polygon","coordinates":[[[13.57632,52.45914],[13.57659,52.45993],[13.57494,52.46127],[13.57363,52.46339],[13.57583,52.46393],[13.57427,52.46661],[13.57191,52.46639],[13.56985,52.46584],[13.56853,52.46645],[13.56642,52.46521],[13.56794,52.46426],[13.56694,52.46273],[13.57184,52.46055],[13.57632,52.45914]]]},"properties":{"UWB":"09608","UWB3":"608","BWB":"096B","BWB3":"6B","AWK":"0906","BEZ":"09","BWK":"84"}},
{"type":"Feature","geometry":{"type":"Polygon","coordinates":[[[13.57929,52.45851],[13.57971,52.45901],[13.58085,52.46002],[13.57742,52.46151],[13.57589,52.46381],[13.57583,52.46393],[13.57363,52.46339],[13.57494,52.46127],[13.57659,52.45993],[13.57632,52.45914],[13.57929,52.45851]]]},"properties":{"UWB":"09609","UWB3":"609","BWB":"096C","BWB3":"6C","AWK":"0906","BEZ":"09","BWK":"84"}},
{"type":"Feature","geometry":{"type":"Polygon","coordinates":[[[13.59538,52.45906],[13.59555,52.45977],[13.59486,52.46179],[13.5912,52.46047],[13.58808,52.46156],[13.58418,52.46138],[13.58243,52.46169],[13.58085,52.46002],[13.57971,52.45901],[13.58724,52.45928],[13.59538,52.45906]]]},"properties":{"UWB":"09610","UWB3":"610","BWB":"096C","BWB3":"6C","AWK":"0906","BEZ":"09","BWK":"84"}},
{"type":"Feature","geometry":{"type":"Polygon","coordinates":[[[13.58808,52.46156],[13.5912,52.46047],[13.59486,52.46179],[13.59555,52.45977],[13.59617,52.46221],[13.59699,52.4656],[13.59439,52.46649],[13.59271,52.46542],[13.5883,52.46422],[13.58821,52.46234],[13.58808,52.46156]]]},"properties":{"UWB":"09611","UWB3":"611","BWB":"096F","BWB3":"6F","AWK":"0906","BEZ":"09","BWK":"84"}},
{"type":"Feature","geometry":{"type":"Polygon","coordinates":[[[13.58602,52.46755],[13.58765,52.46681],[13.5863,52.46567],[13.58612,52.46417],[13.58409,52.46422],[13.58367,52.46315],[13.58821,52.46234],[13.5883,52.46422],[13.59271,52.46542],[13.59439,52.46649],[13.59699,52.4656],[13.59617,52.46221],[13.60175,52.46396],[13.60537,52.46553],[13.61131,52.47048],[13.60815,52.47109],[13.60837,52.47285],[13.60306,52.47279],[13.59989,52.47433],[13.59987,52.47434],[13.59888,52.47365],[13.59156,52.47126],[13.58891,52.46992],[13.58602,52.46755]]]},"properties":{"UWB":"09612","UWB3":"612","BWB":"096F","BWB3":"6F","AWK":"0906","BEZ":"09","BWK":"84"}},
{"type":"Feature","geometry":{"type":"Polygon","coordinates":[[[13.59711,52.45691],[13.60317,52.45764],[13.60909,52.45726],[13.6116,52.45741],[13.61834,52.45687],[13.61868,52.45554],[13.62117,52.45522],[13.62397,52.4551],[13.62521,52.45504],[13.62546,52.45694],[13.63582,52.45656],[13.6429,52.45605],[13.64467,52.456],[13.66419,52.45401],[13.66946,52.47328],[13.66724,52.47428],[13.66265,52.47376],[13.65836,52.475],[13.65546,52.47664],[13.6483,52.47873],[13.64322,52.47922],[13.64257,52.4787],[13.63615,52.47614],[13.63104,52.47502],[13.62818,52.47354],[13.62534,52.4737],[13.62471,52.46905],[13.62102,52.46849],[13.62116,52.47046],[13.61712,52.4712],[13.61507,52.46971],[13.6115,52.47063],[13.61131,52.47048],[13.60537,52.46553],[13.60175,52.46396],[13.59617,52.46221],[13.59555,52.45977],[13.59538,52.45906],[13.59705,52.45901],[13.59711,52.45691]]]},"properties":{"UWB":"09613","UWB3":"613","BWB":"096G","BWB3":"6G","AWK":"0906","BEZ":"09","BWK":"84"}},
{"type":"Feature","geometry":{"type":"Polygon","coordinates":[[[13.60909,52.45726],[13.60967,52.45557],[13.61194,52.45504],[13.61244,52.45414],[13.6171,52.45518],[13.61868,52.45554],[13.61834,52.45687],[13.6116,52.45741],[13.60909,52.45726]]]},"properties":{"UWB":"09614","UWB3":"614","BWB":"096H","BWB3":"6H","AWK":"0906","BEZ":"09","BWK":"84"}},
{"type":"Feature","geometry":{"type":"Polygon","coordinates":[[[13.62117,52.45522],[13.62079,52.45211],[13.62361,52.45197],[13.62397,52.4551],[13.62117,52.45522]]]},"properties":{"UWB":"09615","UWB3":"615","BWB":"096K","BWB3":"6K","AWK":"0906","BEZ":"09","BWK":"84"}},
{"type":"Feature","geometry":{"type":"Polygon","coordinates":[[[13.61868,52.45554],[13.6171,52.45518],[13.61676,52.45116],[13.62061,52.45064],[13.62079,52.45211],[13.62117,52.45522],[13.61868,52.45554]]]},"properties":{"UWB":"09616","UWB3":"616","BWB":"096H","BWB3":"6H","AWK":"0906","BEZ":"09","BWK":"84"}},
{"type":"Feature","geometry":{"type":"Polygon","coordinates":[[[13.5949,52.44979],[13.59862,52.44905],[13.60165,52.44896],[13.60571,52.44761],[13.6074,52.44737],[13.61253,52.4451],[13.6149,52.44451],[13.6177,52.44316],[13.62122,52.44416],[13.62206,52.444],[13.62366,52.44683],[13.62179,52.44712],[13.62204,52.44938],[13.62061,52.45064],[13.61676,52.45116],[13.6171,52.45518],[13.61244,52.45414],[13.60445,52.45235],[13.60089,52.45154],[13.59924,52.4502],[13.59484,52.45036],[13.5949,52.44979]]]},"properties":{"UWB":"09617","UWB3":"617","BWB":"096J","BWB3":"6J","AWK":"0906","BEZ":"09","BWK":"84"}},
{"type":"Feature","geometry":{"type":"Polygon","coordinates":[[[13.59484,52.45036],[13.59924,52.4502],[13.60089,52.45154],[13.60445,52.45235],[13.60397,52.45327],[13.60021,52.45315],[13.59738,52.45378],[13.59499,52.45305],[13.59438,52.45167],[13.59484,52.45036]]]},"properties":{"UWB":"09618","UWB3":"618","BWB":"096I","BWB3":"6I","AWK":"0906","BEZ":"09","BWK":"84"}},
{"type":"Feature","geometry":{"type":"Polygon","coordinates":[[[13.59738,52.45378],[13.60021,52.45315],[13.60397,52.45327],[13.60445,52.45235],[13.61244,52.45414],[13.61194,52.45504],[13.60967,52.45557],[13.60909,52.45726],[13.60317,52.45764],[13.59711,52.45691],[13.59738,52.45378]]]},"properties":{"UWB":"09619","UWB3":"619","BWB":"096I","BWB3":"6I","AWK":"0906","BEZ":"09","BWK":"84"}},
{"type":"Feature","geometry":{"type":"Polygon","coordinates":[[[13.6329,52.4466],[13.63253,52.44705],[13.62834,52.44669],[13.62819,52.44549],[13.62467,52.44618],[13.62425,52.44686],[13.62468,52.45049],[13.62061,52.45064],[13.62204,52.44938],[13.62179,52.44712],[13.62366,52.44683],[13.62206,52.444],[13.62485,52.44438],[13.62586,52.44481],[13.62819,52.44421],[13.6329,52.4466]]]},"properties":{"UWB":"09620","UWB3":"620","BWB":"096J","BWB3":"6J","AWK":"0906","BEZ":"09","BWK":"84"}},
{"type":"Feature","geometry":{"type":"Polygon","coordinates":[[[13.62397,52.4551],[13.62361,52.45197],[13.62079,52.45211],[13.62061,52.45064],[13.62468,52.45049],[13.62762,52.45041],[13.62775,52.45136],[13.6279,52.45267],[13.62494,52.45272],[13.62521,52.45504],[13.62397,52.4551]]]},"properties":{"UWB":"09621","UWB3":"621","BWB":"096K","BWB3":"6K","AWK":"0906","BEZ":"09","BWK":"84"}},
{"type":"Feature","geometry":{"type":"Polygon","coordinates":[[[13.62521,52.45504],[13.62494,52.45272],[13.6279,52.45267],[13.62821,52.45522],[13.63268,52.45523],[13.63486,52.4541],[13.63582,52.45656],[13.62546,52.45694],[13.62521,52.45504]]]},"properties":{"UWB":"09622","UWB3":"622","BWB":"096G","BWB3":"6G","AWK":"0906","BEZ":"09","BWK":"84"}},
{"type":"Feature","geometry":{"type":"Polygon","coordinates":[[[13.62775,52.45136],[13.62907,52.45204],[13.63249,52.45208],[13.63268,52.45523],[13.62821,52.45522],[13.6279,52.45267],[13.62775,52.45136]]]},"properties":{"UWB":"09623","UWB3":"623","BWB":"096M","BWB3":"6M","AWK":"0906","BEZ":"09","BWK":"84"}},
{"type":"Feature","geometry":{"type":"Polygon","coordinates":[[[13.62762,52.45041],[13.62745,52.44888],[13.63257,52.44878],[13.63252,52.45065],[13.63249,52.45208],[13.62907,52.45204],[13.62775,52.45136],[13.62762,52.45041]]]},"properties":{"UWB":"09624","UWB3":"624","BWB":"096M","BWB3":"6M","AWK":"0906","BEZ":"09","BWK":"84"}},
{"type":"Feature","geometry":{"type":"Polygon","coordinates":[[[13.63253,52.44705],[13.63263,52.44709],[13.6326,52.44773],[13.62728,52.44758],[13.62745,52.44888],[13.62762,52.45041],[13.62468,52.45049],[13.62425,52.44686],[13.62467,52.44618],[13.62819,52.44549],[13.62834,52.44669],[13.63253,52.44705]]]},"properties":{"UWB":"09625","UWB3":"625","BWB":"096L","BWB3":"6L","AWK":"0906","BEZ":"09","BWK":"84"}},
{"type":"Feature","geometry":{"type":"Polygon","coordinates":[[[13.62745,52.44888],[13.62728,52.44758],[13.6326,52.44773],[13.63263,52.44709],[13.63479,52.44759],[13.63395,52.44879],[13.63388,52.45067],[13.63252,52.45065],[13.63257,52.44878],[13.62745,52.44888]]]},"properties":{"UWB":"09626","UWB3":"626","BWB":"096L","BWB3":"6L","AWK":"0906","BEZ":"09","BWK":"84"}},
{"type":"Feature","geometry":{"type":"Polygon","coordinates":[[[13.63582,52.45656],[13.63486,52.4541],[13.63268,52.45523],[13.63249,52.45208],[13.63252,52.45065],[13.63388,52.45067],[13.64042,52.45093],[13.63865,52.45477],[13.6433,52.45557],[13.6429,52.45605],[13.63582,52.45656]]]},"properties":{"UWB":"09627","UWB3":"627","BWB":"096N","BWB3":"6N","AWK":"0906","BEZ":"09","BWK":"84"}},
{"type":"Feature","geometry":{"type":"Polygon","coordinates":[[[13.66237,52.44731],[13.66419,52.45401],[13.64467,52.456],[13.6429,52.45605],[13.6433,52.45557],[13.63865,52.45477],[13.64042,52.45093],[13.63388,52.45067],[13.63395,52.44879],[13.63479,52.44759],[13.63263,52.44709],[13.63253,52.44705],[13.6329,52.4466],[13.63719,52.44706],[13.64196,52.44659],[13.64528,52.44712],[13.64874,52.44842],[13.65507,52.44837],[13.66237,52.44731]]]},"properties":{"UWB":"09628","UWB3":"628","BWB":"096N","BWB3":"6N","AWK":"0906","BEZ":"09","BWK":"84"}},
{"type":"Feature","geometry":{"type":"Polygon","coordinates":[[[13.67613,52.43298],[13.67836,52.43425],[13.68589,52.43459],[13.68872,52.43614],[13.6901,52.43911],[13.69299,52.43908],[13.6891,52.44091],[13.69029,52.4412],[13.69195,52.44459],[13.69163,52.44506],[13.69146,52.44971],[13.69375,52.45028],[13.69423,52.45127],[13.69651,52.45166],[13.70149,52.45487],[13.69835,52.45526],[13.69868,52.45648],[13.69769,52.45851],[13.69708,52.46173],[13.69544,52.46418],[13.68984,52.46501],[13.68657,52.46513],[13.68277,52.46607],[13.67864,52.46924],[13.67641,52.47001],[13.66946,52.47328],[13.66419,52.45401],[13.66237,52.44731],[13.66219,52.44698],[13.67238,52.44551],[13.67574,52.43859],[13.67479,52.43417],[13.67613,52.43298]]]},"properties":{"UWB":"09629","UWB3":"629","BWB":"096P","BWB3":"6P","AWK":"0906","BEZ":"09","BWK":"84"}},
{"type":"Feature","geometry":{"type":"Polygon","coordinates":[[[13.69299,52.43908],[13.69746,52.43634],[13.70023,52.44133],[13.70197,52.44538],[13.69195,52.44459],[13.69029,52.4412],[13.6891,52.44091],[13.69299,52.43908]]]},"properties":{"UWB":"09630","UWB3":"630","BWB":"096Q","BWB3":"6Q","AWK":"0906","BEZ":"09","BWK":"84"}},
{"type":"Feature","geometry":{"type":"Polygon","coordinates":[[[13.69195,52.44459],[13.70197,52.44538],[13.70023,52.44133],[13.71918,52.44175],[13.71935,52.44143],[13.72181,52.43839],[13.72373,52.43677],[13.72811,52.43479],[13.73143,52.4338],[13.73818,52.43296],[13.74289,52.43293],[13.74407,52.43806],[13.75052,52.44148],[13.7563,52.44161],[13.75445,52.43669],[13.75988,52.43618],[13.76092,52.43788],[13.75531,52.43842],[13.75708,52.44296],[13.75437,52.44328],[13.75538,52.446],[13.75381,52.44744],[13.74923,52.44867],[13.74477,52.44923],[13.74329,52.44893],[13.73786,52.44963],[13.73435,52.45074],[13.7327,52.45036],[13.72907,52.45078],[13.72057,52.45675],[13.71596,52.46292],[13.7115,52.46329],[13.7057,52.46555],[13.70191,52.46753],[13.69908,52.46828],[13.70209,52.46436],[13.70335,52.46005],[13.70526,52.45987],[13.70558,52.4577],[13.70462,52.45475],[13.70149,52.45487],[13.69651,52.45166],[13.69423,52.45127],[13.69375,52.45028],[13.69146,52.44971],[13.69163,52.44506],[13.69195,52.44459]]]},"properties":{"UWB":"09631","UWB3":"631","BWB":"096P","BWB3":"6P","AWK":"0906","BEZ":"09","BWK":"84"}},
{"type":"Feature","geometry":{"type":"Polygon","coordinates":[[[13.69746,52.43634],[13.71098,52.43277],[13.71436,52.43481],[13.71422,52.43533],[13.70974,52.4366],[13.71935,52.44143],[13.71918,52.44175],[13.70023,52.44133],[13.69746,52.43634]]]},"properties":{"UWB":"09632","UWB3":"632","BWB":"096Q","BWB3":"6Q","AWK":"0906","BEZ":"09","BWK":"84"}},
{"type":"Feature","geometry":{"type":"Polygon","coordinates":[[[13.71935,52.44143],[13.70974,52.4366],[13.71422,52.43533],[13.71436,52.43481],[13.71098,52.43277],[13.71376,52.43204],[13.71556,52.43493],[13.71891,52.43398],[13.71898,52.43481],[13.72221,52.43449],[13.72281,52.43682],[13.72373,52.43677],[13.72181,52.43839],[13.71935,52.44143]]]},"properties":{"UWB":"09633","UWB3":"633","BWB":"096S","BWB3":"6S","AWK":"0906","BEZ":"09","BWK":"84"}},
{"type":"Feature","geometry":{"type":"Polygon","coordinates":[[[13.71376,52.43204],[13.71287,52.42993],[13.71245,52.42725],[13.71483,52.42652],[13.71937,52.42681],[13.72053,52.42554],[13.72335,52.42445],[13.73058,52.42735],[13.73099,52.43012],[13.72075,52.43123],[13.72221,52.43449],[13.71898,52.43481],[13.71891,52.43398],[13.71556,52.43493],[13.71376,52.43204]]]},"properties":{"UWB":"09634","UWB3":"634","BWB":"096S","BWB3":"6S","AWK":"0906","BEZ":"09","BWK":"84"}},
{"type":"Feature","geometry":{"type":"Polygon","coordinates":[[[13.73141,52.41975],[13.73126,52.42059],[13.73766,52.42669],[13.74077,52.42642],[13.7416,52.42807],[13.73893,52.42886],[13.7401,52.43247],[13.73414,52.4331],[13.7297,52.43398],[13.72722,52.43481],[13.72281,52.43682],[13.72221,52.43449],[13.72075,52.43123],[13.73099,52.43012],[13.73058,52.42735],[13.72335,52.42445],[13.72053,52.42554],[13.71937,52.42681],[13.71483,52.42652],[13.71245,52.42725],[13.71287,52.42993],[13.71032,52.42776],[13.70931,52.42896],[13.70363,52.42971],[13.70243,52.42918],[13.70059,52.4272],[13.70243,52.42639],[13.70894,52.4256],[13.71371,52.42566],[13.71578,52.42459],[13.71977,52.42127],[13.72064,52.41873],[13.72283,52.41787],[13.72513,52.41638],[13.7264,52.41645],[13.73007,52.41825],[13.73141,52.41975]]]},"properties":{"UWB":"09635","UWB3":"635","BWB":"096R","BWB3":"6R","AWK":"0906","BEZ":"09","BWK":"84"}},
{"type":"Feature","geometry":{"type":"Polygon","coordinates":[[[13.70059,52.4272],[13.70243,52.42918],[13.70363,52.42971],[13.70931,52.42896],[13.71032,52.42776],[13.71287,52.42993],[13.71376,52.43204],[13.71098,52.43277],[13.69746,52.43634],[13.69299,52.43908],[13.6901,52.43911],[13.68872,52.43614],[13.68589,52.43459],[13.67836,52.43425],[13.67613,52.43298],[13.67803,52.4307],[13.68176,52.42929],[13.68547,52.4287],[13.69058,52.43004],[13.69608,52.42941],[13.69841,52.42875],[13.70059,52.4272]]]},"properties":{"UWB":"09636","UWB3":"636","BWB":"096R","BWB3":"6R","AWK":"0906","BEZ":"09","BWK":"84"}},
{"type":"Feature","geometry":{"type":"Polygon","coordinates":[[[13.58569,52.55842],[13.58469,52.55928],[13.58317,52.56521],[13.58336,52.56768],[13.58154,52.5711],[13.57789,52.57112],[13.57697,52.5729],[13.57483,52.5738],[13.57569,52.5691],[13.57464,52.56785],[13.57705,52.56666],[13.57927,52.56587],[13.57935,52.56583],[13.58043,52.5653],[13.57903,52.56336],[13.57842,52.56288],[13.5781,52.56262],[13.57648,52.56134],[13.57824,52.56111],[13.58231,52.55926],[13.58569,52.55842]]]},"properties":{"UWB":"10101","UWB3":"101","BWB":"101A","BWB3":"1A","AWK":"1001","BEZ":"10","BWK":"85"}},
{"type":"Feature","geometry":{"type":"Polygon","coordinates":[[[13.57483,52.5738],[13.57141,52.57324],[13.57236,52.57086],[13.57028,52.56889],[13.57075,52.56873],[13.57086,52.5687],[13.57188,52.56836],[13.57441,52.56754],[13.57705,52.56666],[13.57464,52.56785],[13.57569,52.5691],[13.57483,52.5738]]]},"properties":{"UWB":"10102","UWB3":"102","BWB":"101A","BWB3":"1A","AWK":"1001","BEZ":"10","BWK":"85"}},
{"type":"Feature","geometry":{"type":"Polygon","coordinates":[[[13.57141,52.57324],[13.56832,52.57371],[13.56559,52.57043],[13.57028,52.56889],[13.57236,52.57086],[13.57141,52.57324]]]},"properties":{"UWB":"10103","UWB3":"103","BWB":"101B","BWB3":"1B","AWK":"1001","BEZ":"10","BWK":"85"}},
{"type":"Feature","geometry":{"type":"Polygon","coordinates":[[[13.56832,52.57371],[13.5677,52.57451],[13.56647,52.57293],[13.56441,52.57219],[13.55584,52.57013],[13.55605,52.56867],[13.55987,52.56751],[13.55857,52.56601],[13.55847,52.56489],[13.55531,52.56553],[13.55416,52.56407],[13.55858,52.56267],[13.56196,52.56651],[13.56321,52.56779],[13.56559,52.57043],[13.56832,52.57371]]]},"properties":{"UWB":"10104","UWB3":"104","BWB":"101B","BWB3":"1B","AWK":"1001","BEZ":"10","BWK":"85"}},
{"type":"Feature","geometry":{"type":"Polygon","coordinates":[[[13.55531,52.56553],[13.5553,52.56708],[13.55437,52.5681],[13.55605,52.56867],[13.55584,52.57013],[13.54563,52.56777],[13.54453,52.56688],[13.55342,52.56323],[13.55416,52.56407],[13.55531,52.56553]]]},"properties":{"UWB":"10105","UWB3":"105","BWB":"101C","BWB3":"1C","AWK":"1001","BEZ":"10","BWK":"85"}},
{"type":"Feature","geometry":{"type":"Polygon","coordinates":[[[13.55605,52.56867],[13.55437,52.5681],[13.5553,52.56708],[13.55531,52.56553],[13.55847,52.56489],[13.55857,52.56601],[13.55987,52.56751],[13.55605,52.56867]]]},"properties":{"UWB":"10106","UWB3":"106","BWB":"101C","BWB3":"1C","AWK":"1001","BEZ":"10","BWK":"85"}},
{"type":"Feature","geometry":{"type":"Polygon","coordinates":[[[13.57028,52.56889],[13.56559,52.57043],[13.56321,52.56779],[13.56615,52.56683],[13.5671,52.5678],[13.56863,52.5673],[13.56881,52.56724],[13.56955,52.56826],[13.57039,52.56815],[13.57086,52.5687],[13.57075,52.56873],[13.57028,52.56889]]]},"properties":{"UWB":"10107","UWB3":"107","BWB":"101D","BWB3":"1D","AWK":"1001","BEZ":"10","BWK":"85"}},
{"type":"Feature","geometry":{"type":"Polygon","coordinates":[[[13.57086,52.5687],[13.57039,52.56815],[13.56955,52.56826],[13.56881,52.56724],[13.56863,52.5673],[13.56811,52.56668],[13.57092,52.56579],[13.57038,52.56524],[13.56861,52.5657],[13.56805,52.56504],[13.57099,52.56415],[13.5711,52.56411],[13.57116,52.56409],[13.57277,52.56553],[13.57441,52.56754],[13.57188,52.56836],[13.57086,52.5687]]]},"properties":{"UWB":"10108","UWB3":"108","BWB":"101D","BWB3":"1D","AWK":"1001","BEZ":"10","BWK":"85"}},
{"type":"Feature","geometry":{"type":"Polygon","coordinates":[[[13.56196,52.56651],[13.56632,52.56511],[13.56861,52.5657],[13.57038,52.56524],[13.57092,52.56579],[13.56811,52.56668],[13.56863,52.5673],[13.5671,52.5678],[13.56615,52.56683],[13.56321,52.56779],[13.56196,52.56651]]]},"properties":{"UWB":"10109","UWB3":"109","BWB":"101E","BWB3":"1E","AWK":"1001","BEZ":"10","BWK":"85"}},
{"type":"Feature","geometry":{"type":"Polygon","coordinates":[[[13.55858,52.56267],[13.56371,52.56124],[13.56962,52.56081],[13.57388,52.56052],[13.57424,52.56042],[13.57438,52.56039],[13.57501,52.56017],[13.57648,52.56134],[13.56965,52.56144],[13.56987,52.56254],[13.57022,52.56311],[13.57064,52.5636],[13.57098,52.56398],[13.5711,52.56411],[13.57099,52.56415],[13.56805,52.56504],[13.56861,52.5657],[13.56632,52.56511],[13.56196,52.56651],[13.55858,52.56267]]]},"properties":{"UWB":"10110","UWB3":"110","BWB":"101E","BWB3":"1E","AWK":"1001","BEZ":"10","BWK":"85"}},
{"type":"Feature","geometry":{"type":"Polygon","coordinates":[[[13.57705,52.56666],[13.57441,52.56754],[13.57277,52.56553],[13.57505,52.56598],[13.57808,52.5655],[13.5789,52.56526],[13.57935,52.56583],[13.57927,52.56587],[13.57705,52.56666]]]},"properties":{"UWB":"10111","UWB3":"111","BWB":"101F","BWB3":"1F","AWK":"1001","BEZ":"10","BWK":"85"}},
{"type":"Feature","geometry":{"type":"Polygon","coordinates":[[[13.57935,52.56583],[13.5789,52.56526],[13.57808,52.5655],[13.57721,52.56449],[13.57487,52.56385],[13.57842,52.56288],[13.57903,52.56336],[13.58043,52.5653],[13.57935,52.56583]]]},"properties":{"UWB":"10112","UWB3":"112","BWB":"101F","BWB3":"1F","AWK":"1001","BEZ":"10","BWK":"85"}},
{"type":"Feature","geometry":{"type":"Polygon","coordinates":[[[13.57842,52.56288],[13.57487,52.56385],[13.57721,52.56449],[13.57808,52.5655],[13.57505,52.56598],[13.57277,52.56553],[13.57116,52.56409],[13.5711,52.56411],[13.57098,52.56398],[13.57064,52.5636],[13.57022,52.56311],[13.56987,52.56254],[13.56965,52.56144],[13.57648,52.56134],[13.5781,52.56262],[13.57842,52.56288]]]},"properties":{"UWB":"10113","UWB3":"113","BWB":"101F","BWB3":"1F","AWK":"1001","BEZ":"10","BWK":"85"}},
{"type":"Feature","geometry":{"type":"Polygon","coordinates":[[[13.55858,52.56267],[13.55435,52.55779],[13.55839,52.55654],[13.55856,52.55649],[13.55865,52.55646],[13.5612,52.558],[13.55922,52.55945],[13.56099,52.56147],[13.5635,52.56072],[13.56371,52.56124],[13.55858,52.56267]]]},"properties":{"UWB":"10114","UWB3":"114","BWB":"101G","BWB3":"1G","AWK":"1001","BEZ":"10","BWK":"85"}},
{"type":"Feature","geometry":{"type":"Polygon","coordinates":[[[13.55865,52.55646],[13.5591,52.55633],[13.56014,52.55617],[13.56259,52.55643],[13.56736,52.55599],[13.56745,52.5567],[13.56415,52.55706],[13.56436,52.5579],[13.5612,52.558],[13.55865,52.55646]]]},"properties":{"UWB":"10115","UWB3":"115","BWB":"101G","BWB3":"1G","AWK":"1001","BEZ":"10","BWK":"85"}},
{"type":"Feature","geometry":{"type":"Polygon","coordinates":[[[13.5612,52.558],[13.56436,52.5579],[13.56485,52.55946],[13.5635,52.56072],[13.56099,52.56147],[13.55922,52.55945],[13.5612,52.558]]]},"properties":{"UWB":"10116","UWB3":"116","BWB":"101H","BWB3":"1H","AWK":"1001","BEZ":"10","BWK":"85"}},
{"type":"Feature","geometry":{"type":"Polygon","coordinates":[[[13.56371,52.56124],[13.5635,52.56072],[13.56485,52.55946],[13.56436,52.5579],[13.56415,52.55706],[13.56745,52.5567],[13.56736,52.55599],[13.56838,52.55744],[13.56859,52.55801],[13.5687,52.5583],[13.56962,52.56081],[13.56371,52.56124]]]},"properties":{"UWB":"10117","UWB3":"117","BWB":"101H","BWB3":"1H","AWK":"1001","BEZ":"10","BWK":"85"}},
{"type":"Feature","geometry":{"type":"Polygon","coordinates":[[[13.56962,52.56081],[13.5687,52.5583],[13.56859,52.55801],[13.56901,52.55795],[13.57183,52.55765],[13.57359,52.55836],[13.57374,52.55887],[13.57415,52.55881],[13.57427,52.55918],[13.57385,52.55923],[13.57418,52.56033],[13.57422,52.5604],[13.57424,52.56042],[13.57388,52.56052],[13.56962,52.56081]]]},"properties":{"UWB":"10118","UWB3":"118","BWB":"101J","BWB3":"1J","AWK":"1001","BEZ":"10","BWK":"85"}},
{"type":"Feature","geometry":{"type":"Polygon","coordinates":[[[13.57424,52.56042],[13.57422,52.5604],[13.57418,52.56033],[13.57385,52.55923],[13.57427,52.55918],[13.57415,52.55881],[13.57374,52.55887],[13.57359,52.55836],[13.57183,52.55765],[13.56901,52.55795],[13.56859,52.55801],[13.56838,52.55744],[13.56736,52.55599],[13.56827,52.55588],[13.57029,52.55564],[13.57008,52.55499],[13.5712,52.55486],[13.5714,52.55552],[13.57455,52.55516],[13.57489,52.55608],[13.57521,52.55697],[13.57582,52.55924],[13.57501,52.56017],[13.57438,52.56039],[13.57424,52.56042]]]},"properties":{"UWB":"10119","UWB3":"119","BWB":"101J","BWB3":"1J","AWK":"1001","BEZ":"10","BWK":"85"}},
{"type":"Feature","geometry":{"type":"Polygon","coordinates":[[[13.57008,52.55499],[13.56989,52.55438],[13.56936,52.55198],[13.57077,52.55133],[13.57123,52.5511],[13.57323,52.55141],[13.57373,52.55285],[13.57407,52.5538],[13.57429,52.55443],[13.57433,52.55454],[13.57455,52.55516],[13.5714,52.55552],[13.5712,52.55486],[13.57008,52.55499]]]},"properties":{"UWB":"10120","UWB3":"120","BWB":"101K","BWB3":"1K","AWK":"1001","BEZ":"10","BWK":"85"}},
{"type":"Feature","geometry":{"type":"Polygon","coordinates":[[[13.57123,52.5511],[13.57198,52.55071],[13.57277,52.55008],[13.57274,52.55002],[13.5721,52.54812],[13.57361,52.54793],[13.57635,52.54837],[13.57675,52.54957],[13.57692,52.55007],[13.5765,52.55097],[13.57323,52.55141],[13.57123,52.5511]]]},"properties":{"UWB":"10121","UWB3":"121","BWB":"101K","BWB3":"1K","AWK":"1001","BEZ":"10","BWK":"85"}},
{"type":"Feature","geometry":{"type":"Polygon","coordinates":[[[13.57323,52.55141],[13.5765,52.55097],[13.57692,52.55007],[13.57728,52.55115],[13.57741,52.55113],[13.57765,52.55183],[13.57769,52.55198],[13.57694,52.55208],[13.57729,52.55309],[13.57558,52.55363],[13.57407,52.5538],[13.57373,52.55285],[13.57323,52.55141]]]},"properties":{"UWB":"10122","UWB3":"122","BWB":"101L","BWB3":"1L","AWK":"1001","BEZ":"10","BWK":"85"}},
{"type":"Feature","geometry":{"type":"Polygon","coordinates":[[[13.57455,52.55516],[13.57433,52.55454],[13.57429,52.55443],[13.57407,52.5538],[13.57558,52.55363],[13.57729,52.55309],[13.57694,52.55208],[13.57769,52.55198],[13.57892,52.55181],[13.5793,52.55176],[13.58037,52.55299],[13.57836,52.55402],[13.57684,52.55482],[13.57733,52.55651],[13.57521,52.55697],[13.57489,52.55608],[13.57455,52.55516]]]},"properties":{"UWB":"10123","UWB3":"123","BWB":"101L","BWB3":"1L","AWK":"1001","BEZ":"10","BWK":"85"}},
{"type":"Feature","geometry":{"type":"Polygon","coordinates":[[[13.57648,52.56134],[13.57501,52.56017],[13.57582,52.55924],[13.57521,52.55697],[13.57733,52.55651],[13.57684,52.55482],[13.57836,52.55402],[13.58037,52.55299],[13.5793,52.55176],[13.57961,52.55172],[13.57886,52.54958],[13.57991,52.54944],[13.58236,52.55046],[13.5832,52.54915],[13.58624,52.54959],[13.58641,52.54998],[13.58777,52.55333],[13.5876,52.55562],[13.58569,52.55842],[13.58231,52.55926],[13.57824,52.56111],[13.57648,52.56134]]]},"properties":{"UWB":"10124","UWB3":"124","BWB":"101M","BWB3":"1M","AWK":"1001","BEZ":"10","BWK":"85"}},
{"type":"Feature","geometry":{"type":"Polygon","coordinates":[[[13.57769,52.55198],[13.57765,52.55183],[13.57741,52.55113],[13.57728,52.55115],[13.57692,52.55007],[13.57675,52.54957],[13.57635,52.54837],[13.57361,52.54793],[13.5721,52.54812],[13.5715,52.5463],[13.57162,52.54611],[13.57514,52.54707],[13.5832,52.54915],[13.58236,52.55046],[13.57991,52.54944],[13.57886,52.54958],[13.57961,52.55172],[13.5793,52.55176],[13.57892,52.55181],[13.57769,52.55198]]]},"properties":{"UWB":"10125","UWB3":"125","BWB":"101M","BWB3":"1M","AWK":"1001","BEZ":"10","BWK":"85"}},
{"type":"Feature","geometry":{"type":"Polygon","coordinates":[[[13.56827,52.55588],[13.56598,52.55349],[13.566,52.55272],[13.56623,52.55148],[13.56792,52.55092],[13.56936,52.55198],[13.56989,52.55438],[13.57008,52.55499],[13.57029,52.55564],[13.56827,52.55588]]]},"properties":{"UWB":"10201","UWB3":"201","BWB":"102A","BWB3":"2A","AWK":"1002","BEZ":"10","BWK":"85"}},
{"type":"Feature","geometry":{"type":"Polygon","coordinates":[[[13.56014,52.55617],[13.56156,52.55426],[13.55941,52.55233],[13.55936,52.5523],[13.55931,52.55226],[13.55875,52.55076],[13.55776,52.54874],[13.55582,52.54842],[13.55873,52.54777],[13.56166,52.54983],[13.566,52.55272],[13.56598,52.55349],[13.56827,52.55588],[13.56736,52.55599],[13.56259,52.55643],[13.56014,52.55617]]]},"properties":{"UWB":"10202","UWB3":"202","BWB":"102A","BWB3":"2A","AWK":"1002","BEZ":"10","BWK":"85"}},
{"type":"Feature","geometry":{"type":"Polygon","coordinates":[[[13.55839,52.55654],[13.5568,52.55465],[13.55673,52.55457],[13.55668,52.55452],[13.55995,52.55314],[13.55936,52.5523],[13.55941,52.55233],[13.56156,52.55426],[13.56014,52.55617],[13.5591,52.55633],[13.55865,52.55646],[13.55856,52.55649],[13.55839,52.55654]]]},"properties":{"UWB":"10203","UWB3":"203","BWB":"102B","BWB3":"2B","AWK":"1002","BEZ":"10","BWK":"85"}},
{"type":"Feature","geometry":{"type":"Polygon","coordinates":[[[13.55435,52.55779],[13.55273,52.55589],[13.55194,52.55498],[13.55312,52.55457],[13.55434,52.55466],[13.55673,52.55457],[13.5568,52.55465],[13.55839,52.55654],[13.55435,52.55779]]]},"properties":{"UWB":"10204","UWB3":"204","BWB":"102B","BWB3":"2B","AWK":"1002","BEZ":"10","BWK":"85"}},
{"type":"Feature","geometry":{"type":"Polygon","coordinates":[[[13.55194,52.55498],[13.55138,52.55433],[13.54831,52.55075],[13.55202,52.54964],[13.55208,52.54961],[13.55245,52.55008],[13.55254,52.55019],[13.55254,52.55021],[13.55339,52.55125],[13.55508,52.551],[13.55377,52.55166],[13.55548,52.55358],[13.55434,52.55466],[13.55312,52.55457],[13.55194,52.55498]]]},"properties":{"UWB":"10205","UWB3":"205","BWB":"102C","BWB3":"2C","AWK":"1002","BEZ":"10","BWK":"85"}},
{"type":"Feature","geometry":{"type":"Polygon","coordinates":[[[13.55936,52.5523],[13.55995,52.55314],[13.55668,52.55452],[13.55673,52.55457],[13.55434,52.55466],[13.55548,52.55358],[13.55377,52.55166],[13.55508,52.551],[13.55751,52.55022],[13.55875,52.55076],[13.55931,52.55226],[13.55936,52.5523]]]},"properties":{"UWB":"10206","UWB3":"206","BWB":"102D","BWB3":"2D","AWK":"1002","BEZ":"10","BWK":"85"}},
{"type":"Feature","geometry":{"type":"Polygon","coordinates":[[[13.55875,52.55076],[13.55751,52.55022],[13.55508,52.551],[13.55339,52.55125],[13.55254,52.55021],[13.55254,52.55019],[13.55245,52.55008],[13.55208,52.54961],[13.55227,52.54953],[13.55582,52.54842],[13.55776,52.54874],[13.55875,52.55076]]]},"properties":{"UWB":"10207","UWB3":"207","BWB":"102D","BWB3":"2D","AWK":"1002","BEZ":"10","BWK":"85"}},
{"type":"Feature","geometry":{"type":"Polygon","coordinates":[[[13.56936,52.55198],[13.56792,52.55092],[13.56623,52.55148],[13.566,52.55272],[13.56166,52.54983],[13.56407,52.54909],[13.56457,52.54793],[13.56705,52.54758],[13.57024,52.54841],[13.57068,52.55035],[13.57277,52.55008],[13.57198,52.55071],[13.57123,52.5511],[13.57077,52.55133],[13.56936,52.55198]]]},"properties":{"UWB":"10208","UWB3":"208","BWB":"102E","BWB3":"2E","AWK":"1002","BEZ":"10","BWK":"85"}},
{"type":"Feature","geometry":{"type":"Polygon","coordinates":[[[13.5721,52.54812],[13.57274,52.55002],[13.57277,52.55008],[13.57068,52.55035],[13.57024,52.54841],[13.56705,52.54758],[13.56457,52.54793],[13.56407,52.54909],[13.56166,52.54983],[13.55873,52.54777],[13.56223,52.54716],[13.5639,52.54637],[13.56457,52.54462],[13.56685,52.54488],[13.57162,52.54611],[13.5715,52.5463],[13.5721,52.54812]]]},"properties":{"UWB":"10209","UWB3":"209","BWB":"102F","BWB3":"2F","AWK":"1002","BEZ":"10","BWK":"85"}},
{"type":"Feature","geometry":{"type":"Polygon","coordinates":[[[13.55582,52.54842],[13.55431,52.54673],[13.55421,52.54659],[13.55434,52.54655],[13.55615,52.54607],[13.55696,52.54573],[13.55891,52.54626],[13.55868,52.54502],[13.55898,52.54503],[13.56457,52.54462],[13.5639,52.54637],[13.56223,52.54716],[13.55873,52.54777],[13.55582,52.54842]]]},"properties":{"UWB":"10210","UWB3":"210","BWB":"102G","BWB3":"2G","AWK":"1002","BEZ":"10","BWK":"85"}},
{"type":"Feature","geometry":{"type":"Polygon","coordinates":[[[13.55227,52.54953],[13.55117,52.54834],[13.54879,52.54882],[13.54801,52.54791],[13.55012,52.54715],[13.55018,52.54723],[13.55224,52.54622],[13.55416,52.54653],[13.55421,52.54659],[13.55431,52.54673],[13.55582,52.54842],[13.55227,52.54953]]]},"properties":{"UWB":"10211","UWB3":"211","BWB":"102H","BWB3":"2H","AWK":"1002","BEZ":"10","BWK":"85"}},
{"type":"Feature","geometry":{"type":"Polygon","coordinates":[[[13.55416,52.56407],[13.55342,52.56323],[13.54453,52.56688],[13.54119,52.56601],[13.5349,52.56111],[13.5309,52.55849],[13.53061,52.55831],[13.53061,52.5583],[13.52615,52.55578],[13.52535,52.55532],[13.52748,52.55152],[13.53189,52.53953],[13.53159,52.5386],[13.53742,52.53959],[13.53951,52.5398],[13.54361,52.54521],[13.54634,52.54845],[13.54801,52.54791],[13.54879,52.54882],[13.55117,52.54834],[13.55227,52.54953],[13.55208,52.54961],[13.55202,52.54964],[13.54831,52.55075],[13.55138,52.55433],[13.55194,52.55498],[13.55273,52.55589],[13.55435,52.55779],[13.55858,52.56267],[13.55416,52.56407]]]},"properties":{"UWB":"10212","UWB3":"212","BWB":"102H","BWB3":"2H","AWK":"1002","BEZ":"10","BWK":"85"}},
{"type":"Feature","geometry":{"type":"Polygon","coordinates":[[[13.54801,52.54791],[13.54634,52.54845],[13.54361,52.54521],[13.54844,52.54522],[13.54912,52.54601],[13.55012,52.54715],[13.54801,52.54791]]]},"properties":{"UWB":"10213","UWB3":"213","BWB":"102J","BWB3":"2J","AWK":"1002","BEZ":"10","BWK":"85"}},
{"type":"Feature","geometry":{"type":"Polygon","coordinates":[[[13.55421,52.54659],[13.55416,52.54653],[13.55224,52.54622],[13.55018,52.54723],[13.55012,52.54715],[13.54912,52.54601],[13.54844,52.54522],[13.55013,52.5429],[13.55581,52.54459],[13.55863,52.54501],[13.55868,52.54502],[13.55891,52.54626],[13.55696,52.54573],[13.55615,52.54607],[13.55434,52.54655],[13.55421,52.54659]]]},"properties":{"UWB":"10214","UWB3":"214","BWB":"102K","BWB3":"2K","AWK":"1002","BEZ":"10","BWK":"85"}},
{"type":"Feature","geometry":{"type":"Polygon","coordinates":[[[13.53951,52.5398],[13.54365,52.54077],[13.54385,52.54084],[13.54535,52.54138],[13.55013,52.5429],[13.54844,52.54522],[13.54361,52.54521],[13.53951,52.5398]]]},"properties":{"UWB":"10215","UWB3":"215","BWB":"102K","BWB3":"2K","AWK":"1002","BEZ":"10","BWK":"85"}},
{"type":"Feature","geometry":{"type":"Polygon","coordinates":[[[13.53742,52.53959],[13.53643,52.53863],[13.53485,52.53486],[13.53713,52.53449],[13.5414,52.53443],[13.54481,52.53891],[13.54491,52.54023],[13.5442,52.54049],[13.54385,52.54084],[13.54365,52.54077],[13.53951,52.5398],[13.53742,52.53959]]]},"properties":{"UWB":"10216","UWB3":"216","BWB":"102L","BWB3":"2L","AWK":"1002","BEZ":"10","BWK":"85"}},
{"type":"Feature","geometry":{"type":"Polygon","coordinates":[[[13.54385,52.54084],[13.5442,52.54049],[13.54491,52.54023],[13.54481,52.53891],[13.5414,52.53443],[13.54328,52.5343],[13.54581,52.53413],[13.54679,52.53405],[13.54681,52.53405],[13.54886,52.53392],[13.5482,52.53523],[13.54946,52.53678],[13.5478,52.53735],[13.54939,52.53905],[13.54787,52.53961],[13.55095,52.54221],[13.55013,52.5429],[13.54535,52.54138],[13.54385,52.54084]]]},"properties":{"UWB":"10217","UWB3":"217","BWB":"102L","BWB3":"2L","AWK":"1002","BEZ":"10","BWK":"85"}},
{"type":"Feature","geometry":{"type":"Polygon","coordinates":[[[13.55868,52.54502],[13.55863,52.54501],[13.55581,52.54459],[13.55013,52.5429],[13.55095,52.54221],[13.55322,52.54199],[13.55639,52.54066],[13.5581,52.54056],[13.55871,52.54055],[13.55956,52.54054],[13.56115,52.53891],[13.56435,52.54292],[13.56457,52.54462],[13.55898,52.54503],[13.55868,52.54502]]]},"properties":{"UWB":"10218","UWB3":"218","BWB":"102M","BWB3":"2M","AWK":"1002","BEZ":"10","BWK":"85"}},
{"type":"Feature","geometry":{"type":"Polygon","coordinates":[[[13.54939,52.53905],[13.54972,52.53893],[13.55431,52.53764],[13.55501,52.5376],[13.5571,52.5376],[13.55708,52.53936],[13.55875,52.53937],[13.55871,52.54055],[13.5581,52.54056],[13.55639,52.54066],[13.55322,52.54199],[13.55095,52.54221],[13.54787,52.53961],[13.54939,52.53905]]]},"properties":{"UWB":"10219","UWB3":"219","BWB":"102N","BWB3":"2N","AWK":"1002","BEZ":"10","BWK":"85"}},
{"type":"Feature","geometry":{"type":"Polygon","coordinates":[[[13.54886,52.53392],[13.55116,52.53361],[13.55328,52.53377],[13.55341,52.53378],[13.55276,52.53494],[13.55431,52.53764],[13.54972,52.53893],[13.54939,52.53905],[13.5478,52.53735],[13.54946,52.53678],[13.5482,52.53523],[13.54886,52.53392]]]},"properties":{"UWB":"10220","UWB3":"220","BWB":"102P","BWB3":"2P","AWK":"1002","BEZ":"10","BWK":"85"}},
{"type":"Feature","geometry":{"type":"Polygon","coordinates":[[[13.55431,52.53764],[13.55276,52.53494],[13.55341,52.53378],[13.55425,52.53381],[13.55573,52.53386],[13.55761,52.53468],[13.55888,52.53621],[13.55984,52.5374],[13.55903,52.53759],[13.5571,52.5376],[13.55501,52.5376],[13.55431,52.53764]]]},"properties":{"UWB":"10221","UWB3":"221","BWB":"102Q","BWB3":"2Q","AWK":"1002","BEZ":"10","BWK":"85"}},
{"type":"Feature","geometry":{"type":"Polygon","coordinates":[[[13.55871,52.54055],[13.55875,52.53937],[13.55708,52.53936],[13.5571,52.5376],[13.55903,52.53759],[13.55984,52.5374],[13.56053,52.53819],[13.56056,52.53822],[13.56115,52.53891],[13.55956,52.54054],[13.55871,52.54055]]]},"properties":{"UWB":"10222","UWB3":"222","BWB":"102R","BWB3":"2R","AWK":"1002","BEZ":"10","BWK":"85"}},
{"type":"Feature","geometry":{"type":"Polygon","coordinates":[[[13.56115,52.53891],[13.56056,52.53822],[13.56053,52.53819],[13.5612,52.53795],[13.56322,52.53773],[13.56419,52.5379],[13.56591,52.5384],[13.56579,52.5409],[13.56706,52.54244],[13.56435,52.54292],[13.56115,52.53891]]]},"properties":{"UWB":"10223","UWB3":"223","BWB":"102R","BWB3":"2R","AWK":"1002","BEZ":"10","BWK":"85"}},
{"type":"Feature","geometry":{"type":"Polygon","coordinates":[[[13.55888,52.53621],[13.56416,52.53609],[13.56419,52.5379],[13.56322,52.53773],[13.5612,52.53795],[13.56053,52.53819],[13.55984,52.5374],[13.55888,52.53621]]]},"properties":{"UWB":"10224","UWB3":"224","BWB":"102S","BWB3":"2S","AWK":"1002","BEZ":"10","BWK":"85"}},
{"type":"Feature","geometry":{"type":"Polygon","coordinates":[[[13.55573,52.53386],[13.5654,52.53422],[13.56552,52.53423],[13.56562,52.53423],[13.56626,52.53425],[13.56671,52.5351],[13.56867,52.53809],[13.56591,52.5384],[13.56419,52.5379],[13.56416,52.53609],[13.55888,52.53621],[13.55761,52.53468],[13.55573,52.53386]]]},"properties":{"UWB":"10225","UWB3":"225","BWB":"102S","BWB3":"2S","AWK":"1002","BEZ":"10","BWK":"85"}},
{"type":"Feature","geometry":{"type":"Polygon","coordinates":[[[13.56591,52.5384],[13.56867,52.53809],[13.57017,52.54208],[13.57018,52.54208],[13.57018,52.54209],[13.57031,52.54246],[13.56706,52.54244],[13.56579,52.5409],[13.56591,52.5384]]]},"properties":{"UWB":"10226","UWB3":"226","BWB":"102T","BWB3":"2T","AWK":"1002","BEZ":"10","BWK":"85"}},
{"type":"Feature","geometry":{"type":"Polygon","coordinates":[[[13.57162,52.54611],[13.56685,52.54488],[13.56457,52.54462],[13.56435,52.54292],[13.56706,52.54244],[13.57031,52.54246],[13.57034,52.54253],[13.57062,52.54333],[13.57101,52.54454],[13.57728,52.54377],[13.57514,52.54707],[13.57162,52.54611]]]},"properties":{"UWB":"10227","UWB3":"227","BWB":"102T","BWB3":"2T","AWK":"1002","BEZ":"10","BWK":"85"}},
{"type":"Feature","geometry":{"type":"Polygon","coordinates":[[[13.58624,52.54959],[13.58476,52.54789],[13.58071,52.54217],[13.58125,52.5398],[13.58436,52.53958],[13.58424,52.5424],[13.58508,52.54543],[13.58652,52.54559],[13.59012,52.54509],[13.59069,52.54709],[13.59303,52.54851],[13.58741,52.54945],[13.58641,52.54998],[13.58624,52.54959]]]},"properties":{"UWB":"10301","UWB3":"301","BWB":"103A","BWB3":"3A","AWK":"1003","BEZ":"10","BWK":"85"}},
{"type":"Feature","geometry":{"type":"Polygon","coordinates":[[[13.59012,52.54509],[13.59158,52.54489],[13.59414,52.54454],[13.59651,52.5442],[13.5973,52.54625],[13.59889,52.54752],[13.59303,52.54851],[13.59069,52.54709],[13.59012,52.54509]]]},"properties":{"UWB":"10302","UWB3":"302","BWB":"103A","BWB3":"3A","AWK":"1003","BEZ":"10","BWK":"85"}},
{"type":"Feature","geometry":{"type":"Polygon","coordinates":[[[13.59651,52.5442],[13.60045,52.54391],[13.60325,52.54414],[13.6036,52.54674],[13.59889,52.54752],[13.5973,52.54625],[13.59651,52.5442]]]},"properties":{"UWB":"10303","UWB3":"303","BWB":"103B","BWB3":"3B","AWK":"1003","BEZ":"10","BWK":"85"}},
{"type":"Feature","geometry":{"type":"Polygon","coordinates":[[[13.60325,52.54414],[13.60359,52.54257],[13.60563,52.54223],[13.60594,52.54084],[13.608,52.54099],[13.6077,52.54246],[13.60919,52.54257],[13.60926,52.54225],[13.61019,52.54238],[13.61035,52.5424],[13.61025,52.54289],[13.61088,52.54348],[13.6106,52.54556],[13.6036,52.54674],[13.60325,52.54414]]]},"properties":{"UWB":"10304","UWB3":"304","BWB":"103C","BWB3":"3C","AWK":"1003","BEZ":"10","BWK":"85"}},
{"type":"Feature","geometry":{"type":"Polygon","coordinates":[[[13.61035,52.5424],[13.61036,52.54232],[13.61119,52.54165],[13.61216,52.53876],[13.6122,52.53867],[13.61247,52.5381],[13.61727,52.53914],[13.61672,52.54076],[13.61933,52.54108],[13.61954,52.5422],[13.61997,52.5441],[13.6106,52.54556],[13.61088,52.54348],[13.61025,52.54289],[13.61035,52.5424]]]},"properties":{"UWB":"10305","UWB3":"305","BWB":"103C","BWB3":"3C","AWK":"1003","BEZ":"10","BWK":"85"}},
{"type":"Feature","geometry":{"type":"Polygon","coordinates":[[[13.61727,52.53914],[13.61975,52.53951],[13.62295,52.53976],[13.62334,52.54154],[13.61954,52.5422],[13.61933,52.54108],[13.61672,52.54076],[13.61727,52.53914]]]},"properties":{"UWB":"10306","UWB3":"306","BWB":"103D","BWB3":"3D","AWK":"1003","BEZ":"10","BWK":"85"}},
{"type":"Feature","geometry":{"type":"Polygon","coordinates":[[[13.61954,52.5422],[13.62334,52.54154],[13.62295,52.53976],[13.61975,52.53951],[13.61994,52.53904],[13.62342,52.53914],[13.62482,52.53811],[13.62753,52.53748],[13.62885,52.53798],[13.63395,52.53765],[13.63765,52.54093],[13.63721,52.54226],[13.6344,52.54282],[13.61997,52.5441],[13.61954,52.5422]]]},"properties":{"UWB":"10307","UWB3":"307","BWB":"103D","BWB3":"3D","AWK":"1003","BEZ":"10","BWK":"85"}},
{"type":"Feature","geometry":{"type":"Polygon","coordinates":[[[13.58424,52.5424],[13.58881,52.54239],[13.59145,52.54251],[13.59158,52.54489],[13.59012,52.54509],[13.58652,52.54559],[13.58508,52.54543],[13.58424,52.5424]]]},"properties":{"UWB":"10308","UWB3":"308","BWB":"103E","BWB3":"3E","AWK":"1003","BEZ":"10","BWK":"85"}},
{"type":"Feature","geometry":{"type":"Polygon","coordinates":[[[13.58436,52.53958],[13.5862,52.53941],[13.58886,52.53933],[13.58881,52.54239],[13.58424,52.5424],[13.58436,52.53958]]]},"properties":{"UWB":"10309","UWB3":"309","BWB":"103E","BWB3":"3E","AWK":"1003","BEZ":"10","BWK":"85"}},
{"type":"Feature","geometry":{"type":"Polygon","coordinates":[[[13.59158,52.54489],[13.59145,52.54251],[13.58881,52.54239],[13.58886,52.53933],[13.59199,52.53961],[13.5918,52.54039],[13.5945,52.54061],[13.59414,52.54454],[13.59158,52.54489]]]},"properties":{"UWB":"10310","UWB3":"310","BWB":"103F","BWB3":"3F","AWK":"1003","BEZ":"10","BWK":"85"}},
{"type":"Feature","geometry":{"type":"Polygon","coordinates":[[[13.59414,52.54454],[13.5945,52.54061],[13.59836,52.54093],[13.60006,52.54108],[13.59983,52.54231],[13.602,52.54248],[13.60045,52.54391],[13.59651,52.5442],[13.59414,52.54454]]]},"properties":{"UWB":"10311","UWB3":"311","BWB":"103F","BWB3":"3F","AWK":"1003","BEZ":"10","BWK":"85"}},
{"type":"Feature","geometry":{"type":"Polygon","coordinates":[[[13.60045,52.54391],[13.602,52.54248],[13.59983,52.54231],[13.60006,52.54108],[13.60008,52.54099],[13.60222,52.54119],[13.60407,52.54036],[13.60594,52.54084],[13.60563,52.54223],[13.60359,52.54257],[13.60325,52.54414],[13.60045,52.54391]]]},"properties":{"UWB":"10312","UWB3":"312","BWB":"103B","BWB3":"3B","AWK":"1003","BEZ":"10","BWK":"85"}},
{"type":"Feature","geometry":{"type":"Polygon","coordinates":[[[13.58125,52.5398],[13.5833,52.53851],[13.58646,52.53507],[13.58595,52.53281],[13.58627,52.53118],[13.58511,52.53042],[13.58909,52.52971],[13.59071,52.53012],[13.59278,52.53292],[13.59131,52.534],[13.59177,52.53706],[13.58764,52.53718],[13.58621,52.5383],[13.5862,52.53941],[13.58436,52.53958],[13.58125,52.5398]]]},"properties":{"UWB":"10313","UWB3":"313","BWB":"103G","BWB3":"3G","AWK":"1003","BEZ":"10","BWK":"85"}},
{"type":"Feature","geometry":{"type":"Polygon","coordinates":[[[13.5862,52.53941],[13.58621,52.5383],[13.58764,52.53718],[13.59177,52.53706],[13.59369,52.53677],[13.59416,52.53769],[13.59779,52.53842],[13.59896,52.53906],[13.59836,52.54093],[13.5945,52.54061],[13.5918,52.54039],[13.59199,52.53961],[13.58886,52.53933],[13.5862,52.53941]]]},"properties":{"UWB":"10314","UWB3":"314","BWB":"103G","BWB3":"3G","AWK":"1003","BEZ":"10","BWK":"85"}},
{"type":"Feature","geometry":{"type":"Polygon","coordinates":[[[13.59278,52.53292],[13.59625,52.53432],[13.5972,52.53459],[13.59695,52.53619],[13.59369,52.53677],[13.59177,52.53706],[13.59131,52.534],[13.59278,52.53292]]]},"properties":{"UWB":"10315","UWB3":"315","BWB":"103H","BWB3":"3H","AWK":"1003","BEZ":"10","BWK":"85"}},
{"type":"Feature","geometry":{"type":"Polygon","coordinates":[[[13.59836,52.54093],[13.59896,52.53906],[13.59779,52.53842],[13.59416,52.53769],[13.59369,52.53677],[13.59695,52.53619],[13.5972,52.53459],[13.60133,52.53576],[13.60008,52.54099],[13.60006,52.54108],[13.59836,52.54093]]]},"properties":{"UWB":"10316","UWB3":"316","BWB":"103H","BWB3":"3H","AWK":"1003","BEZ":"10","BWK":"85"}},
{"type":"Feature","geometry":{"type":"Polygon","coordinates":[[[13.60008,52.54099],[13.60133,52.53576],[13.60502,52.53647],[13.60407,52.54036],[13.60222,52.54119],[13.60008,52.54099]]]},"properties":{"UWB":"10317","UWB3":"317","BWB":"103J","BWB3":"3J","AWK":"1003","BEZ":"10","BWK":"85"}},
{"type":"Feature","geometry":{"type":"Polygon","coordinates":[[[13.60594,52.54084],[13.60407,52.54036],[13.60502,52.53647],[13.61247,52.5381],[13.6122,52.53867],[13.6111,52.53846],[13.61093,52.53884],[13.6097,52.53864],[13.60829,52.53953],[13.608,52.54099],[13.60594,52.54084]]]},"properties":{"UWB":"10318","UWB3":"318","BWB":"103J","BWB3":"3J","AWK":"1003","BEZ":"10","BWK":"85"}},
{"type":"Feature","geometry":{"type":"Polygon","coordinates":[[[13.608,52.54099],[13.60829,52.53953],[13.6097,52.53864],[13.61093,52.53884],[13.6111,52.53846],[13.6122,52.53867],[13.61216,52.53876],[13.61119,52.54165],[13.61036,52.54232],[13.61035,52.5424],[13.61019,52.54238],[13.60926,52.54225],[13.60919,52.54257],[13.6077,52.54246],[13.608,52.54099]]]},"properties":{"UWB":"10319","UWB3":"319","BWB":"103K","BWB3":"3K","AWK":"1003","BEZ":"10","BWK":"85"}},
{"type":"Feature","geometry":{"type":"Polygon","coordinates":[[[13.61247,52.5381],[13.60502,52.53647],[13.60563,52.53559],[13.60632,52.53459],[13.60884,52.53459],[13.61262,52.53405],[13.61308,52.53491],[13.61521,52.53514],[13.61492,52.53625],[13.61788,52.53737],[13.61886,52.53756],[13.62029,52.53783],[13.61994,52.53904],[13.61975,52.53951],[13.61727,52.53914],[13.61247,52.5381]]]},"properties":{"UWB":"10320","UWB3":"320","BWB":"103L","BWB3":"3L","AWK":"1003","BEZ":"10","BWK":"85"}},
{"type":"Feature","geometry":{"type":"Polygon","coordinates":[[[13.61286,52.53246],[13.6139,52.53225],[13.61544,52.53194],[13.61597,52.53406],[13.61262,52.53405],[13.60884,52.53459],[13.60632,52.53459],[13.60717,52.53378],[13.61191,52.53266],[13.61286,52.53246]]]},"properties":{"UWB":"10321","UWB3":"321","BWB":"103L","BWB3":"3L","AWK":"1003","BEZ":"10","BWK":"85"}},
{"type":"Feature","geometry":{"type":"Polygon","coordinates":[[[13.61262,52.53405],[13.61597,52.53406],[13.61544,52.53194],[13.61839,52.53133],[13.61946,52.53307],[13.61931,52.53428],[13.62063,52.53548],[13.61941,52.53636],[13.61938,52.53646],[13.61891,52.53745],[13.61891,52.53747],[13.61886,52.53756],[13.61788,52.53737],[13.61492,52.53625],[13.61521,52.53514],[13.61308,52.53491],[13.61262,52.53405]]]},"properties":{"UWB":"10322","UWB3":"322","BWB":"103M","BWB3":"3M","AWK":"1003","BEZ":"10","BWK":"85"}},
{"type":"Feature","geometry":{"type":"Polygon","coordinates":[[[13.61994,52.53904],[13.62029,52.53783],[13.61886,52.53756],[13.61891,52.53747],[13.61891,52.53745],[13.61938,52.53646],[13.61941,52.53636],[13.62063,52.53548],[13.62258,52.53583],[13.62523,52.53629],[13.62482,52.53811],[13.62342,52.53914],[13.61994,52.53904]]]},"properties":{"UWB":"10323","UWB3":"323","BWB":"103M","BWB3":"3M","AWK":"1003","BEZ":"10","BWK":"85"}},
{"type":"Feature","geometry":{"type":"Polygon","coordinates":[[[13.61839,52.53133],[13.62077,52.53082],[13.62084,52.5308],[13.6211,52.53075],[13.62238,52.53047],[13.62104,52.53128],[13.62325,52.53446],[13.62258,52.53583],[13.62063,52.53548],[13.61931,52.53428],[13.61946,52.53307],[13.61839,52.53133]]]},"properties":{"UWB":"10324","UWB3":"324","BWB":"103N","BWB3":"3N","AWK":"1003","BEZ":"10","BWK":"85"}},
{"type":"Feature","geometry":{"type":"Polygon","coordinates":[[[13.62258,52.53583],[13.62325,52.53446],[13.62104,52.53128],[13.62238,52.53047],[13.62286,52.53037],[13.62375,52.53009],[13.62506,52.5296],[13.62569,52.53018],[13.62481,52.53358],[13.62574,52.53404],[13.62523,52.53629],[13.62258,52.53583]]]},"properties":{"UWB":"10325","UWB3":"325","BWB":"103N","BWB3":"3N","AWK":"1003","BEZ":"10","BWK":"85"}},
{"type":"Feature","geometry":{"type":"Polygon","coordinates":[[[13.57018,52.54208],[13.5719,52.54188],[13.57347,52.54245],[13.57695,52.5421],[13.57728,52.54377],[13.57101,52.54454],[13.57062,52.54333],[13.57034,52.54253],[13.57031,52.54246],[13.57018,52.54209],[13.57018,52.54208]]]},"properties":{"UWB":"10326","UWB3":"326","BWB":"103P","BWB3":"3P","AWK":"1003","BEZ":"10","BWK":"85"}},
{"type":"Feature","geometry":{"type":"Polygon","coordinates":[[[13.56867,52.53809],[13.56671,52.5351],[13.57313,52.53405],[13.57547,52.53404],[13.57549,52.53403],[13.57827,52.53204],[13.58414,52.53016],[13.58511,52.53042],[13.58627,52.53118],[13.58595,52.53281],[13.58646,52.53507],[13.5833,52.53851],[13.58125,52.5398],[13.58071,52.54217],[13.58476,52.54789],[13.58624,52.54959],[13.5832,52.54915],[13.57514,52.54707],[13.57728,52.54377],[13.57695,52.5421],[13.57347,52.54245],[13.5719,52.54188],[13.57018,52.54208],[13.57017,52.54208],[13.56867,52.53809]]]},"properties":{"UWB":"10327","UWB3":"327","BWB":"103P","BWB3":"3P","AWK":"1003","BEZ":"10","BWK":"85"}},
{"type":"Feature","geometry":{"type":"Polygon","coordinates":[[[13.5368,52.53045],[13.53914,52.53045],[13.53828,52.52876],[13.5429,52.52877],[13.54319,52.53031],[13.54476,52.53031],[13.54319,52.53072],[13.54,52.53279],[13.53689,52.53289],[13.53677,52.53117],[13.5368,52.53045]]]},"properties":{"UWB":"10401","UWB3":"401","BWB":"104A","BWB3":"4A","AWK":"1004","BEZ":"10","BWK":"85"}},
{"type":"Feature","geometry":{"type":"Polygon","coordinates":[[[13.53713,52.53449],[13.53689,52.53289],[13.54,52.53279],[13.54319,52.53072],[13.54328,52.5343],[13.5414,52.53443],[13.53713,52.53449]]]},"properties":{"UWB":"10402","UWB3":"402","BWB":"104B","BWB3":"4B","AWK":"1004","BEZ":"10","BWK":"85"}},
{"type":"Feature","geometry":{"type":"Polygon","coordinates":[[[13.54328,52.5343],[13.54319,52.53072],[13.54476,52.53031],[13.54736,52.53167],[13.54679,52.53405],[13.54581,52.53413],[13.54328,52.5343]]]},"properties":{"UWB":"10403","UWB3":"403","BWB":"104B","BWB3":"4B","AWK":"1004","BEZ":"10","BWK":"85"}},
{"type":"Feature","geometry":{"type":"Polygon","coordinates":[[[13.54679,52.53405],[13.54736,52.53167],[13.54476,52.53031],[13.54319,52.53031],[13.5429,52.52877],[13.5429,52.52849],[13.54639,52.52802],[13.54871,52.52724],[13.54895,52.52831],[13.54977,52.53013],[13.55022,52.53294],[13.55116,52.53361],[13.54886,52.53392],[13.54681,52.53405],[13.54679,52.53405]]]},"properties":{"UWB":"10404","UWB3":"404","BWB":"104C","BWB3":"4C","AWK":"1004","BEZ":"10","BWK":"85"}},
{"type":"Feature","geometry":{"type":"Polygon","coordinates":[[[13.5429,52.52849],[13.54308,52.52591],[13.54843,52.52596],[13.54853,52.52642],[13.54871,52.52724],[13.54639,52.52802],[13.5429,52.52849]]]},"properties":{"UWB":"10405","UWB3":"405","BWB":"104D","BWB3":"4D","AWK":"1004","BEZ":"10","BWK":"85"}},
{"type":"Feature","geometry":{"type":"Polygon","coordinates":[[[13.5368,52.53045],[13.53681,52.53007],[13.53798,52.52577],[13.5402,52.52584],[13.54063,52.52585],[13.54308,52.52591],[13.5429,52.52849],[13.5429,52.52877],[13.53828,52.52876],[13.53914,52.53045],[13.5368,52.53045]]]},"properties":{"UWB":"10406","UWB3":"406","BWB":"104E","BWB3":"4E","AWK":"1004","BEZ":"10","BWK":"85"}},
{"type":"Feature","geometry":{"type":"Polygon","coordinates":[[[13.53159,52.5386],[13.52784,52.5378],[13.52307,52.53627],[13.51712,52.5354],[13.51861,52.5329],[13.51877,52.53147],[13.51877,52.53142],[13.51878,52.53135],[13.5192,52.52595],[13.51943,52.52384],[13.51858,52.51434],[13.51855,52.51391],[13.51875,52.5139],[13.52463,52.51381],[13.52624,52.51435],[13.5318,52.51461],[13.53198,52.51574],[13.52728,52.51631],[13.53196,52.52082],[13.53387,52.52369],[13.53372,52.52561],[13.53798,52.52577],[13.53681,52.53007],[13.5368,52.53045],[13.53677,52.53117],[13.53689,52.53289],[13.53713,52.53449],[13.53485,52.53486],[13.53643,52.53863],[13.53742,52.53959],[13.53159,52.5386]]]},"properties":{"UWB":"10407","UWB3":"407","BWB":"104F","BWB3":"4F","AWK":"1004","BEZ":"10","BWK":"85"}},
{"type":"Feature","geometry":{"type":"Polygon","coordinates":[[[13.52463,52.51381],[13.52523,52.51379],[13.52524,52.51379],[13.52958,52.5136],[13.53398,52.51362],[13.53443,52.51354],[13.53758,52.51178],[13.53785,52.50992],[13.54378,52.50964],[13.54561,52.51649],[13.54424,52.5191],[13.54303,52.5202],[13.54005,52.5225],[13.53798,52.52577],[13.53372,52.52561],[13.53387,52.52369],[13.53196,52.52082],[13.52728,52.51631],[13.53198,52.51574],[13.5318,52.51461],[13.52624,52.51435],[13.52463,52.51381]]]},"properties":{"UWB":"10408","UWB3":"408","BWB":"104F","BWB3":"4F","AWK":"1004","BEZ":"10","BWK":"85"}},
{"type":"Feature","geometry":{"type":"Polygon","coordinates":[[[13.54063,52.52585],[13.5402,52.52584],[13.53798,52.52577],[13.54005,52.5225],[13.54303,52.5202],[13.54464,52.5202],[13.54484,52.52209],[13.5433,52.52356],[13.54205,52.52506],[13.54067,52.52537],[13.54063,52.52585]]]},"properties":{"UWB":"10409","UWB3":"409","BWB":"104G","BWB3":"4G","AWK":"1004","BEZ":"10","BWK":"85"}},
{"type":"Feature","geometry":{"type":"Polygon","coordinates":[[[13.54308,52.52591],[13.54063,52.52585],[13.54067,52.52537],[13.54205,52.52506],[13.5433,52.52356],[13.54564,52.52406],[13.54562,52.52499],[13.5482,52.52491],[13.54825,52.52512],[13.54841,52.52588],[13.54843,52.52596],[13.54308,52.52591]]]},"properties":{"UWB":"10410","UWB3":"410","BWB":"104H","BWB3":"4H","AWK":"1004","BEZ":"10","BWK":"85"}},
{"type":"Feature","geometry":{"type":"Polygon","coordinates":[[[13.54561,52.51649],[13.54605,52.51848],[13.54606,52.51849],[13.54607,52.51856],[13.54671,52.52144],[13.54801,52.52405],[13.5482,52.52491],[13.54562,52.52499],[13.54564,52.52406],[13.5433,52.52356],[13.54484,52.52209],[13.54464,52.5202],[13.54303,52.5202],[13.54424,52.5191],[13.54561,52.51649]]]},"properties":{"UWB":"10411","UWB3":"411","BWB":"104H","BWB3":"4H","AWK":"1004","BEZ":"10","BWK":"85"}},
{"type":"Feature","geometry":{"type":"Polygon","coordinates":[[[13.55116,52.53361],[13.55022,52.53294],[13.54977,52.53013],[13.54895,52.52831],[13.54871,52.52724],[13.54853,52.52642],[13.54843,52.52596],[13.54841,52.52588],[13.55002,52.52576],[13.5532,52.52551],[13.55361,52.52742],[13.5555,52.52725],[13.55623,52.52975],[13.55731,52.52968],[13.55874,52.53178],[13.56487,52.53137],[13.56552,52.53423],[13.5654,52.53422],[13.55573,52.53386],[13.55425,52.53381],[13.55341,52.53378],[13.55328,52.53377],[13.55116,52.53361]]]},"properties":{"UWB":"10412","UWB3":"412","BWB":"104J","BWB3":"4J","AWK":"1004","BEZ":"10","BWK":"85"}},
{"type":"Feature","geometry":{"type":"Polygon","coordinates":[[[13.55002,52.52576],[13.54953,52.52353],[13.55101,52.52341],[13.55045,52.52091],[13.55207,52.52041],[13.55593,52.5201],[13.55853,52.51988],[13.56269,52.51905],[13.56341,52.52208],[13.55649,52.52265],[13.55805,52.52963],[13.55741,52.52967],[13.55731,52.52968],[13.55623,52.52975],[13.5555,52.52725],[13.55361,52.52742],[13.5532,52.52551],[13.55002,52.52576]]]},"properties":{"UWB":"10413","UWB3":"413","BWB":"104K","BWB3":"4K","AWK":"1004","BEZ":"10","BWK":"85"}},
{"type":"Feature","geometry":{"type":"Polygon","coordinates":[[[13.56552,52.53423],[13.56487,52.53137],[13.55874,52.53178],[13.55731,52.52968],[13.55741,52.52967],[13.55805,52.52963],[13.55649,52.52265],[13.56341,52.52208],[13.56269,52.51905],[13.56394,52.51884],[13.56535,52.52514],[13.56574,52.52911],[13.56552,52.531],[13.56626,52.53425],[13.56562,52.53423],[13.56552,52.53423]]]},"properties":{"UWB":"10414","UWB3":"414","BWB":"104L","BWB3":"4L","AWK":"1004","BEZ":"10","BWK":"85"}},
{"type":"Feature","geometry":{"type":"Polygon","coordinates":[[[13.56535,52.52514],[13.56862,52.52475],[13.5687,52.52474],[13.56969,52.52517],[13.56984,52.52564],[13.56994,52.52564],[13.57002,52.52596],[13.569,52.52606],[13.56957,52.52888],[13.56574,52.52911],[13.56535,52.52514]]]},"properties":{"UWB":"10415","UWB3":"415","BWB":"104M","BWB3":"4M","AWK":"1004","BEZ":"10","BWK":"85"}},
{"type":"Feature","geometry":{"type":"Polygon","coordinates":[[[13.56626,52.53425],[13.56552,52.531],[13.56574,52.52911],[13.56957,52.52888],[13.57129,52.5285],[13.57193,52.52977],[13.57489,52.52931],[13.57457,52.52786],[13.5773,52.52784],[13.57612,52.53164],[13.57497,52.53173],[13.57547,52.53404],[13.57313,52.53405],[13.56671,52.5351],[13.56626,52.53425]]]},"properties":{"UWB":"10416","UWB3":"416","BWB":"104M","BWB3":"4M","AWK":"1004","BEZ":"10","BWK":"85"}},
{"type":"Feature","geometry":{"type":"Polygon","coordinates":[[[13.57547,52.53404],[13.57497,52.53173],[13.57612,52.53164],[13.5773,52.52784],[13.57457,52.52786],[13.57489,52.52931],[13.57193,52.52977],[13.57129,52.5285],[13.56957,52.52888],[13.569,52.52606],[13.57002,52.52596],[13.57023,52.52595],[13.5732,52.5256],[13.57456,52.527],[13.57809,52.52591],[13.58414,52.53016],[13.57827,52.53204],[13.57549,52.53403],[13.57547,52.53404]]]},"properties":{"UWB":"10417","UWB3":"417","BWB":"104N","BWB3":"4N","AWK":"1004","BEZ":"10","BWK":"85"}},
{"type":"Feature","geometry":{"type":"Polygon","coordinates":[[[13.5687,52.52474],[13.57094,52.52444],[13.57264,52.52421],[13.57106,52.52031],[13.57435,52.51969],[13.57393,52.51814],[13.5717,52.51847],[13.57122,52.51639],[13.56837,52.51316],[13.57344,52.51277],[13.57378,52.51315],[13.57641,52.51884],[13.57698,52.52347],[13.57809,52.52591],[13.57456,52.527],[13.5732,52.5256],[13.57023,52.52595],[13.57002,52.52596],[13.56994,52.52564],[13.56984,52.52564],[13.56969,52.52517],[13.5687,52.52474]]]},"properties":{"UWB":"10418","UWB3":"418","BWB":"104N","BWB3":"4N","AWK":"1004","BEZ":"10","BWK":"85"}},
{"type":"Feature","geometry":{"type":"Polygon","coordinates":[[[13.55593,52.5201],[13.5545,52.51371],[13.55636,52.51331],[13.56732,52.5128],[13.56837,52.51316],[13.57122,52.51639],[13.5717,52.51847],[13.57393,52.51814],[13.57435,52.51969],[13.57106,52.52031],[13.57264,52.52421],[13.57094,52.52444],[13.5687,52.52474],[13.56862,52.52475],[13.56535,52.52514],[13.56394,52.51884],[13.56269,52.51905],[13.55853,52.51988],[13.55593,52.5201]]]},"properties":{"UWB":"10419","UWB3":"419","BWB":"104P","BWB3":"4P","AWK":"1004","BEZ":"10","BWK":"85"}},
{"type":"Feature","geometry":{"type":"Polygon","coordinates":[[[13.5482,52.52491],[13.54801,52.52405],[13.54671,52.52144],[13.54607,52.51856],[13.54606,52.51849],[13.54689,52.51843],[13.54646,52.51641],[13.5511,52.51603],[13.55067,52.51402],[13.5545,52.51371],[13.55593,52.5201],[13.55207,52.52041],[13.55045,52.52091],[13.55101,52.52341],[13.54953,52.52353],[13.55002,52.52576],[13.54841,52.52588],[13.54825,52.52512],[13.5482,52.52491]]]},"properties":{"UWB":"10420","UWB3":"420","BWB":"104Q","BWB3":"4Q","AWK":"1004","BEZ":"10","BWK":"85"}},
{"type":"Feature","geometry":{"type":"Polygon","coordinates":[[[13.54378,52.50964],[13.55075,52.50936],[13.55312,52.50904],[13.55313,52.50904],[13.55318,52.50904],[13.5613,52.50863],[13.56893,52.50636],[13.57381,52.50526],[13.57943,52.50514],[13.57868,52.50661],[13.5739,52.51023],[13.57353,52.5121],[13.57344,52.51277],[13.56837,52.51316],[13.56732,52.5128],[13.55636,52.51331],[13.5545,52.51371],[13.55067,52.51402],[13.5511,52.51603],[13.54646,52.51641],[13.54689,52.51843],[13.54606,52.51849],[13.54605,52.51848],[13.54561,52.51649],[13.54378,52.50964]]]},"properties":{"UWB":"10421","UWB3":"421","BWB":"104R","BWB3":"4R","AWK":"1004","BEZ":"10","BWK":"85"}},
{"type":"Feature","geometry":{"type":"Polygon","coordinates":[[[13.55313,52.50904],[13.55274,52.50753],[13.55255,52.50547],[13.55473,52.50538],[13.55448,52.50746],[13.56151,52.50716],[13.5613,52.50863],[13.55318,52.50904],[13.55313,52.50904]]]},"properties":{"UWB":"10422","UWB3":"422","BWB":"104S","BWB3":"4S","AWK":"1004","BEZ":"10","BWK":"85"}},
{"type":"Feature","geometry":{"type":"Polygon","coordinates":[[[13.53785,52.50992],[13.53621,52.50999],[13.5363,52.5064],[13.5352,52.50555],[13.53949,52.49854],[13.54173,52.4983],[13.54268,52.49768],[13.54395,52.49808],[13.54803,52.49909],[13.54807,52.4991],[13.55516,52.50109],[13.55457,52.50169],[13.55455,52.50172],[13.5543,52.50198],[13.55618,52.50273],[13.55473,52.50538],[13.55255,52.50547],[13.55274,52.50753],[13.55313,52.50904],[13.55312,52.50904],[13.55075,52.50936],[13.54378,52.50964],[13.53785,52.50992]]]},"properties":{"UWB":"10423","UWB3":"423","BWB":"104T","BWB3":"4T","AWK":"1004","BEZ":"10","BWK":"85"}},
{"type":"Feature","geometry":{"type":"Polygon","coordinates":[[[13.5613,52.50863],[13.56151,52.50716],[13.55448,52.50746],[13.55473,52.50538],[13.55618,52.50273],[13.5543,52.50198],[13.55455,52.50172],[13.55457,52.50169],[13.55466,52.50173],[13.55458,52.5018],[13.5562,52.50243],[13.55669,52.50263],[13.56178,52.50548],[13.5617,52.50342],[13.56324,52.50337],[13.56759,52.50529],[13.56893,52.50636],[13.5613,52.50863]]]},"properties":{"UWB":"10424","UWB3":"424","BWB":"104T","BWB3":"4T","AWK":"1004","BEZ":"10","BWK":"85"}},
{"type":"Feature","geometry":{"type":"Polygon","coordinates":[[[13.56893,52.50636],[13.56759,52.50529],[13.57023,52.50216],[13.57228,52.50269],[13.57435,52.50048],[13.57662,52.5006],[13.57769,52.50127],[13.57943,52.50514],[13.57381,52.50526],[13.56893,52.50636]]]},"properties":{"UWB":"10425","UWB3":"425","BWB":"104V","BWB3":"4V","AWK":"1004","BEZ":"10","BWK":"85"}},
{"type":"Feature","geometry":{"type":"Polygon","coordinates":[[[13.56324,52.50337],[13.56441,52.50171],[13.56167,52.50102],[13.56366,52.4977],[13.5633,52.49609],[13.56771,52.49604],[13.5683,52.49306],[13.56948,52.49289],[13.56819,52.49636],[13.56874,52.49756],[13.56967,52.49868],[13.57294,52.50049],[13.57434,52.50048],[13.57435,52.50048],[13.57228,52.50269],[13.57023,52.50216],[13.56759,52.50529],[13.56324,52.50337]]]},"properties":{"UWB":"10426","UWB3":"426","BWB":"104W","BWB3":"4W","AWK":"1004","BEZ":"10","BWK":"85"}},
{"type":"Feature","geometry":{"type":"Polygon","coordinates":[[[13.54803,52.49909],[13.54864,52.49818],[13.55539,52.49798],[13.55962,52.49783],[13.56366,52.4977],[13.56167,52.50102],[13.56441,52.50171],[13.56324,52.50337],[13.5617,52.50342],[13.56178,52.50548],[13.55669,52.50263],[13.5562,52.50243],[13.55458,52.5018],[13.55466,52.50173],[13.55457,52.50169],[13.55516,52.50109],[13.54807,52.4991],[13.54803,52.49909]]]},"properties":{"UWB":"10427","UWB3":"427","BWB":"104X","BWB3":"4X","AWK":"1004","BEZ":"10","BWK":"85"}},
{"type":"Feature","geometry":{"type":"Polygon","coordinates":[[[13.54803,52.49909],[13.54395,52.49808],[13.54268,52.49768],[13.54445,52.49548],[13.54482,52.49339],[13.54484,52.49322],[13.54502,52.49302],[13.54895,52.49282],[13.54961,52.49278],[13.55496,52.49266],[13.55507,52.4941],[13.55856,52.49398],[13.55941,52.49523],[13.55953,52.49657],[13.55962,52.49783],[13.55539,52.49798],[13.54864,52.49818],[13.54803,52.49909]]]},"properties":{"UWB":"10428","UWB3":"428","BWB":"104Y","BWB3":"4Y","AWK":"1004","BEZ":"10","BWK":"85"}},
{"type":"Feature","geometry":{"type":"Polygon","coordinates":[[[13.56366,52.4977],[13.55962,52.49783],[13.55953,52.49657],[13.55941,52.49523],[13.55856,52.49398],[13.55507,52.4941],[13.55496,52.49266],[13.54961,52.49278],[13.54895,52.49282],[13.55009,52.49059],[13.55325,52.49015],[13.56066,52.48983],[13.56724,52.48979],[13.56948,52.49289],[13.5683,52.49306],[13.56771,52.49604],[13.5633,52.49609],[13.56366,52.4977]]]},"properties":{"UWB":"10429","UWB3":"429","BWB":"104ZA","BWB3":"4ZA","AWK":"1004","BEZ":"10","BWK":"85"}},
{"type":"Feature","geometry":{"type":"Polygon","coordinates":[[[13.55352,52.47364],[13.55203,52.48235],[13.55764,52.48235],[13.55986,52.48265],[13.56406,52.48276],[13.56407,52.48301],[13.5637,52.48453],[13.56607,52.48711],[13.56724,52.48979],[13.56066,52.48983],[13.55325,52.49015],[13.55009,52.49059],[13.54895,52.49282],[13.54502,52.49302],[13.54625,52.49176],[13.55014,52.48549],[13.55015,52.48507],[13.54828,52.48248],[13.54845,52.47978],[13.55085,52.47701],[13.55204,52.47375],[13.55259,52.47365],[13.55352,52.47364]]]},"properties":{"UWB":"10430","UWB3":"430","BWB":"104ZB","BWB3":"4ZB","AWK":"1004","BEZ":"10","BWK":"85"}},
{"type":"Feature","geometry":{"type":"Polygon","coordinates":[[[13.55352,52.47364],[13.56087,52.47326],[13.56513,52.47395],[13.56705,52.47387],[13.56819,52.4747],[13.56746,52.4767],[13.56356,52.47928],[13.56358,52.48201],[13.56406,52.48276],[13.55986,52.48265],[13.55764,52.48235],[13.55203,52.48235],[13.55352,52.47364]]]},"properties":{"UWB":"10431","UWB3":"431","BWB":"104ZC","BWB3":"4ZC","AWK":"1004","BEZ":"10","BWK":"85"}},
{"type":"Feature","geometry":{"type":"Polygon","coordinates":[[[13.62139,52.52704],[13.6208,52.52746],[13.61777,52.52566],[13.61682,52.52472],[13.61318,52.52376],[13.61255,52.52236],[13.61981,52.51966],[13.62081,52.52073],[13.62394,52.51964],[13.62624,52.52201],[13.62636,52.52425],[13.62175,52.52477],[13.6235,52.5266],[13.62139,52.52704]]]},"properties":{"UWB":"10501","UWB3":"501","BWB":"105A","BWB3":"5A","AWK":"1005","BEZ":"10","BWK":"85"}},
{"type":"Feature","geometry":{"type":"Polygon","coordinates":[[[13.62506,52.5296],[13.62544,52.52946],[13.6214,52.52705],[13.62139,52.52704],[13.6235,52.5266],[13.62175,52.52477],[13.62636,52.52425],[13.6304,52.5245],[13.63324,52.52291],[13.63837,52.52635],[13.6409,52.52804],[13.63664,52.5305],[13.63156,52.53057],[13.62569,52.53018],[13.62506,52.5296]]]},"properties":{"UWB":"10502","UWB3":"502","BWB":"105B","BWB3":"5B","AWK":"1005","BEZ":"10","BWK":"85"}},
{"type":"Feature","geometry":{"type":"Polygon","coordinates":[[[13.63837,52.52635],[13.6419,52.52443],[13.64035,52.52337],[13.64524,52.52069],[13.64707,52.52068],[13.65502,52.52392],[13.6585,52.52594],[13.65691,52.52984],[13.64854,52.52964],[13.64368,52.52989],[13.64062,52.53042],[13.63664,52.5305],[13.6409,52.52804],[13.63837,52.52635]]]},"properties":{"UWB":"10503","UWB3":"503","BWB":"105C","BWB3":"5C","AWK":"1005","BEZ":"10","BWK":"85"}},
{"type":"Feature","geometry":{"type":"Polygon","coordinates":[[[13.62394,52.51964],[13.62544,52.51887],[13.62799,52.52074],[13.63143,52.51902],[13.63293,52.52014],[13.63454,52.51936],[13.63714,52.52117],[13.64414,52.51932],[13.64707,52.52068],[13.64524,52.52069],[13.64035,52.52337],[13.6419,52.52443],[13.63837,52.52635],[13.63324,52.52291],[13.6304,52.5245],[13.62636,52.52425],[13.62624,52.52201],[13.62394,52.51964]]]},"properties":{"UWB":"10504","UWB3":"504","BWB":"105D","BWB3":"5D","AWK":"1005","BEZ":"10","BWK":"85"}},
{"type":"Feature","geometry":{"type":"Polygon","coordinates":[[[13.62709,52.51413],[13.62717,52.51408],[13.62753,52.51389],[13.6364,52.51466],[13.64246,52.51855],[13.64414,52.51932],[13.63714,52.52117],[13.63454,52.51936],[13.63293,52.52014],[13.63143,52.51902],[13.62799,52.52074],[13.62544,52.51887],[13.62826,52.51745],[13.62568,52.51556],[13.62709,52.51414],[13.62709,52.51413]]]},"properties":{"UWB":"10505","UWB3":"505","BWB":"105E","BWB3":"5E","AWK":"1005","BEZ":"10","BWK":"85"}},
{"type":"Feature","geometry":{"type":"Polygon","coordinates":[[[13.61255,52.52236],[13.61147,52.521],[13.61652,52.51924],[13.61563,52.51831],[13.6197,52.51686],[13.61858,52.51597],[13.62168,52.51441],[13.6206,52.51324],[13.62074,52.51325],[13.6266,52.51377],[13.62709,52.51413],[13.62709,52.51414],[13.62568,52.51556],[13.62826,52.51745],[13.62544,52.51887],[13.62394,52.51964],[13.62081,52.52073],[13.61981,52.51966],[13.61255,52.52236]]]},"properties":{"UWB":"10506","UWB3":"506","BWB":"105F","BWB3":"5F","AWK":"1005","BEZ":"10","BWK":"85"}},
{"type":"Feature","geometry":{"type":"Polygon","coordinates":[[[13.61147,52.521],[13.61048,52.51943],[13.60954,52.51779],[13.61089,52.51745],[13.60667,52.5139],[13.60661,52.51385],[13.60655,52.51379],[13.60349,52.51183],[13.6036,52.51183],[13.61216,52.51237],[13.61249,52.5124],[13.61252,52.5124],[13.62047,52.51323],[13.6206,52.51324],[13.62168,52.51441],[13.61858,52.51597],[13.6197,52.51686],[13.61563,52.51831],[13.61652,52.51924],[13.61147,52.521]]]},"properties":{"UWB":"10507","UWB3":"507","BWB":"105G","BWB3":"5G","AWK":"1005","BEZ":"10","BWK":"85"}},
{"type":"Feature","geometry":{"type":"Polygon","coordinates":[[[13.57344,52.51277],[13.57353,52.5121],[13.57457,52.5108],[13.5768,52.51062],[13.57934,52.5089],[13.58142,52.50837],[13.58267,52.50886],[13.58453,52.50753],[13.59138,52.50784],[13.59259,52.50854],[13.5932,52.50951],[13.58974,52.50924],[13.58775,52.51129],[13.59891,52.51104],[13.59898,52.51153],[13.59905,52.51187],[13.59891,52.51188],[13.59767,52.51193],[13.59147,52.5123],[13.58887,52.5122],[13.57893,52.51258],[13.57799,52.5132],[13.57378,52.51315],[13.57344,52.51277]]]},"properties":{"UWB":"10508","UWB3":"508","BWB":"105H","BWB3":"5H","AWK":"1005","BEZ":"10","BWK":"85"}},
{"type":"Feature","geometry":{"type":"Polygon","coordinates":[[[13.58142,52.50837],[13.58218,52.5066],[13.58009,52.50185],[13.58812,52.50033],[13.58918,52.50236],[13.59719,52.50204],[13.59742,52.50237],[13.59854,52.50495],[13.59579,52.50498],[13.59698,52.50755],[13.59259,52.50854],[13.59138,52.50784],[13.58453,52.50753],[13.58267,52.50886],[13.58142,52.50837]]]},"properties":{"UWB":"10509","UWB3":"509","BWB":"105J","BWB3":"5J","AWK":"1005","BEZ":"10","BWK":"85"}},
{"type":"Feature","geometry":{"type":"Polygon","coordinates":[[[13.60349,52.51183],[13.59973,52.51186],[13.59905,52.51187],[13.59898,52.51153],[13.59891,52.51104],[13.58775,52.51129],[13.58974,52.50924],[13.5932,52.50951],[13.59259,52.50854],[13.59698,52.50755],[13.59579,52.50498],[13.59854,52.50495],[13.60253,52.5103],[13.60325,52.51131],[13.6033,52.51137],[13.6036,52.51183],[13.60349,52.51183]]]},"properties":{"UWB":"10510","UWB3":"510","BWB":"105K","BWB3":"5K","AWK":"1005","BEZ":"10","BWK":"85"}},
{"type":"Feature","geometry":{"type":"Polygon","coordinates":[[[13.60325,52.51131],[13.60253,52.5103],[13.59854,52.50495],[13.6135,52.50484],[13.61257,52.50732],[13.6132,52.50864],[13.60868,52.50928],[13.60938,52.51103],[13.60598,52.51084],[13.60325,52.51131]]]},"properties":{"UWB":"10511","UWB3":"511","BWB":"105L","BWB3":"5L","AWK":"1005","BEZ":"10","BWK":"85"}},
{"type":"Feature","geometry":{"type":"Polygon","coordinates":[[[13.61249,52.5124],[13.61216,52.51237],[13.6036,52.51183],[13.6033,52.51137],[13.60325,52.51131],[13.60598,52.51084],[13.60938,52.51103],[13.60868,52.50928],[13.6132,52.50864],[13.61257,52.50732],[13.6135,52.50484],[13.62067,52.50425],[13.62066,52.50521],[13.623,52.5097],[13.61962,52.51046],[13.62118,52.51239],[13.62028,52.51285],[13.61466,52.51229],[13.61255,52.51199],[13.61249,52.5124]]]},"properties":{"UWB":"10512","UWB3":"512","BWB":"105M","BWB3":"5M","AWK":"1005","BEZ":"10","BWK":"85"}},
{"type":"Feature","geometry":{"type":"Polygon","coordinates":[[[13.61249,52.5124],[13.61255,52.51199],[13.61466,52.51229],[13.62028,52.51285],[13.62118,52.51239],[13.61962,52.51046],[13.623,52.5097],[13.62066,52.50521],[13.62067,52.50425],[13.62808,52.50338],[13.6295,52.50672],[13.63418,52.51285],[13.6364,52.51466],[13.62753,52.51389],[13.62717,52.51408],[13.62709,52.51413],[13.6266,52.51377],[13.62074,52.51325],[13.6206,52.51324],[13.62047,52.51323],[13.61252,52.5124],[13.61249,52.5124]]]},"properties":{"UWB":"10513","UWB3":"513","BWB":"105N","BWB3":"5N","AWK":"1005","BEZ":"10","BWK":"85"}},
{"type":"Feature","geometry":{"type":"Polygon","coordinates":[[[13.57943,52.50514],[13.57769,52.50127],[13.57662,52.5006],[13.57435,52.50048],[13.57434,52.50048],[13.57294,52.50049],[13.56967,52.49868],[13.56874,52.49756],[13.57175,52.49697],[13.57326,52.49676],[13.57465,52.49806],[13.58199,52.49679],[13.58416,52.49566],[13.58752,52.49809],[13.58812,52.50033],[13.58009,52.50185],[13.58218,52.5066],[13.58142,52.50837],[13.57934,52.5089],[13.5768,52.51062],[13.57457,52.5108],[13.57353,52.5121],[13.5739,52.51023],[13.57868,52.50661],[13.57943,52.50514]]]},"properties":{"UWB":"10514","UWB3":"514","BWB":"105P","BWB3":"5P","AWK":"1005","BEZ":"10","BWK":"85"}},
{"type":"Feature","geometry":{"type":"Polygon","coordinates":[[[13.59719,52.50204],[13.59679,52.50147],[13.59565,52.49912],[13.59639,52.49779],[13.59942,52.49652],[13.59838,52.49439],[13.59743,52.49456],[13.59669,52.4918],[13.60073,52.49139],[13.60232,52.49123],[13.60255,52.49169],[13.60437,52.49556],[13.6104,52.4947],[13.61461,52.49368],[13.61517,52.49488],[13.61095,52.49547],[13.61338,52.49872],[13.61298,52.5006],[13.61466,52.50232],[13.6135,52.50484],[13.59854,52.50495],[13.59742,52.50237],[13.59719,52.50204]]]},"properties":{"UWB":"10515","UWB3":"515","BWB":"105Q","BWB3":"5Q","AWK":"1005","BEZ":"10","BWK":"85"}},
{"type":"Feature","geometry":{"type":"Polygon","coordinates":[[[13.6135,52.50484],[13.61466,52.50232],[13.61298,52.5006],[13.61338,52.49872],[13.61095,52.49547],[13.61517,52.49488],[13.61539,52.49773],[13.61899,52.49618],[13.62055,52.49769],[13.62067,52.50425],[13.6135,52.50484]]]},"properties":{"UWB":"10516","UWB3":"516","BWB":"105R","BWB3":"5R","AWK":"1005","BEZ":"10","BWK":"85"}},
{"type":"Feature","geometry":{"type":"Polygon","coordinates":[[[13.62067,52.50425],[13.62055,52.49769],[13.61899,52.49618],[13.61539,52.49773],[13.61517,52.49488],[13.61461,52.49368],[13.61604,52.49314],[13.61713,52.49425],[13.6211,52.49282],[13.62001,52.4917],[13.62519,52.48929],[13.62971,52.49303],[13.62584,52.4936],[13.624,52.4942],[13.62676,52.49907],[13.62808,52.50338],[13.62067,52.50425]]]},"properties":{"UWB":"10517","UWB3":"517","BWB":"105S","BWB3":"5S","AWK":"1005","BEZ":"10","BWK":"85"}},
{"type":"Feature","geometry":{"type":"Polygon","coordinates":[[[13.61461,52.49368],[13.61235,52.49141],[13.61791,52.48942],[13.61577,52.48723],[13.61405,52.48543],[13.61409,52.48542],[13.61755,52.484],[13.6196,52.48574],[13.62046,52.48537],[13.62519,52.48929],[13.62001,52.4917],[13.6211,52.49282],[13.61713,52.49425],[13.61604,52.49314],[13.61461,52.49368]]]},"properties":{"UWB":"10518","UWB3":"518","BWB":"105T","BWB3":"5T","AWK":"1005","BEZ":"10","BWK":"85"}},
{"type":"Feature","geometry":{"type":"Polygon","coordinates":[[[13.60232,52.49123],[13.60233,52.49122],[13.60339,52.49072],[13.6071,52.49017],[13.60877,52.48938],[13.61577,52.48723],[13.61791,52.48942],[13.61235,52.49141],[13.61461,52.49368],[13.6104,52.4947],[13.60437,52.49556],[13.60255,52.49169],[13.60232,52.49123]]]},"properties":{"UWB":"10519","UWB3":"519","BWB":"105V","BWB3":"5V","AWK":"1005","BEZ":"10","BWK":"85"}},
{"type":"Feature","geometry":{"type":"Polygon","coordinates":[[[13.58812,52.50033],[13.58752,52.49809],[13.59105,52.49742],[13.5835,52.48908],[13.58791,52.48722],[13.59014,52.4902],[13.59097,52.48953],[13.604,52.48588],[13.60371,52.48554],[13.60846,52.48426],[13.61021,52.48666],[13.61231,52.48606],[13.61405,52.48543],[13.61577,52.48723],[13.60877,52.48938],[13.6071,52.49017],[13.60339,52.49072],[13.60233,52.49122],[13.60232,52.49123],[13.60073,52.49139],[13.59669,52.4918],[13.59743,52.49456],[13.59838,52.49439],[13.59942,52.49652],[13.59639,52.49779],[13.59565,52.49912],[13.59679,52.50147],[13.59719,52.50204],[13.58918,52.50236],[13.58812,52.50033]]]},"properties":{"UWB":"10520","UWB3":"520","BWB":"105W","BWB3":"5W","AWK":"1005","BEZ":"10","BWK":"85"}},
{"type":"Feature","geometry":{"type":"Polygon","coordinates":[[[13.57175,52.49697],[13.57084,52.49396],[13.5742,52.49316],[13.57387,52.49173],[13.57586,52.49117],[13.58007,52.4896],[13.5835,52.48908],[13.59105,52.49742],[13.58752,52.49809],[13.58416,52.49566],[13.58199,52.49679],[13.57465,52.49806],[13.57326,52.49676],[13.57175,52.49697]]]},"properties":{"UWB":"10521","UWB3":"521","BWB":"105X","BWB3":"5X","AWK":"1005","BEZ":"10","BWK":"85"}},
{"type":"Feature","geometry":{"type":"Polygon","coordinates":[[[13.56948,52.49289],[13.56724,52.48979],[13.56607,52.48711],[13.56837,52.48668],[13.57145,52.48717],[13.57169,52.48528],[13.57355,52.48502],[13.57491,52.48729],[13.57586,52.49117],[13.57387,52.49173],[13.5742,52.49316],[13.57084,52.49396],[13.57175,52.49697],[13.56874,52.49756],[13.56819,52.49636],[13.56948,52.49289]]]},"properties":{"UWB":"10522","UWB3":"522","BWB":"105Y","BWB3":"5Y","AWK":"1005","BEZ":"10","BWK":"85"}},
{"type":"Feature","geometry":{"type":"Polygon","coordinates":[[[13.57194,52.47616],[13.57444,52.47752],[13.57512,52.47948],[13.57474,52.48168],[13.57533,52.48312],[13.57046,52.48393],[13.57169,52.48528],[13.57145,52.48717],[13.56837,52.48668],[13.56607,52.48711],[13.5637,52.48453],[13.56407,52.48301],[13.56406,52.48276],[13.56358,52.48201],[13.56356,52.47928],[13.56746,52.4767],[13.56819,52.4747],[13.57194,52.47616]]]},"properties":{"UWB":"10523","UWB3":"523","BWB":"105ZA","BWB3":"5ZA","AWK":"1005","BEZ":"10","BWK":"85"}},
{"type":"Feature","geometry":{"type":"Polygon","coordinates":[[[13.58645,52.48107],[13.58707,52.48159],[13.58401,52.4836],[13.57893,52.48616],[13.57491,52.48729],[13.57355,52.48502],[13.57169,52.48528],[13.57046,52.48393],[13.57533,52.48312],[13.57474,52.48168],[13.57512,52.47948],[13.57971,52.48102],[13.58187,52.47997],[13.58645,52.48107]]]},"properties":{"UWB":"10524","UWB3":"524","BWB":"105ZB","BWB3":"5ZB","AWK":"1005","BEZ":"10","BWK":"85"}},
{"type":"Feature","geometry":{"type":"Polygon","coordinates":[[[13.5835,52.48908],[13.58007,52.4896],[13.57586,52.49117],[13.57491,52.48729],[13.57893,52.48616],[13.58401,52.4836],[13.58707,52.48159],[13.58958,52.48378],[13.59105,52.48503],[13.58791,52.48722],[13.5835,52.48908]]]},"properties":{"UWB":"10525","UWB3":"525","BWB":"105ZC","BWB3":"5ZC","AWK":"1005","BEZ":"10","BWK":"85"}},
{"type":"Feature","geometry":{"type":"Polygon","coordinates":[[[13.58791,52.48722],[13.59105,52.48503],[13.58958,52.48378],[13.59261,52.48249],[13.59453,52.48417],[13.59768,52.48344],[13.60152,52.48254],[13.60207,52.48333],[13.60212,52.48339],[13.60371,52.48554],[13.604,52.48588],[13.59097,52.48953],[13.59014,52.4902],[13.58791,52.48722]]]},"properties":{"UWB":"10526","UWB3":"526","BWB":"105ZD","BWB3":"5ZD","AWK":"1005","BEZ":"10","BWK":"85"}},
{"type":"Feature","geometry":{"type":"Polygon","coordinates":[[[13.61405,52.48543],[13.61231,52.48606],[13.61021,52.48666],[13.60846,52.48426],[13.60371,52.48554],[13.60212,52.48339],[13.60207,52.48333],[13.60458,52.4825],[13.60663,52.48181],[13.6084,52.48123],[13.60798,52.47838],[13.61409,52.47771],[13.61489,52.48076],[13.62046,52.48537],[13.6196,52.48574],[13.61755,52.484],[13.61409,52.48542],[13.61405,52.48543]]]},"properties":{"UWB":"10527","UWB3":"527","BWB":"105ZE","BWB3":"5ZE","AWK":"1005","BEZ":"10","BWK":"85"}},
{"type":"Feature","geometry":{"type":"Polygon","coordinates":[[[13.59768,52.48344],[13.59677,52.48257],[13.59895,52.48177],[13.59628,52.47952],[13.60066,52.47759],[13.60071,52.4779],[13.61373,52.47629],[13.61409,52.47771],[13.60798,52.47838],[13.6084,52.48123],[13.60663,52.48181],[13.60458,52.4825],[13.60207,52.48333],[13.60152,52.48254],[13.59768,52.48344]]]},"properties":{"UWB":"10528","UWB3":"528","BWB":"105ZF","BWB3":"5ZF","AWK":"1005","BEZ":"10","BWK":"85"}},
{"type":"Feature","geometry":{"type":"Polygon","coordinates":[[[13.5998,52.47439],[13.60066,52.47759],[13.59628,52.47952],[13.59895,52.48177],[13.59677,52.48257],[13.59768,52.48344],[13.59453,52.48417],[13.59261,52.48249],[13.58958,52.48378],[13.58707,52.48159],[13.58645,52.48107],[13.58892,52.47994],[13.5998,52.47439]]]},"properties":{"UWB":"10529","UWB3":"529","BWB":"105ZG","BWB3":"5ZG","AWK":"1005","BEZ":"10","BWK":"85"}},
{"type":"Feature","geometry":{"type":"Polygon","coordinates":[[[13.61131,52.47048],[13.6115,52.47063],[13.61648,52.47483],[13.61355,52.47561],[13.61373,52.47629],[13.60071,52.4779],[13.60066,52.47759],[13.5998,52.47439],[13.59987,52.47434],[13.59989,52.47433],[13.60306,52.47279],[13.60837,52.47285],[13.60815,52.47109],[13.61131,52.47048]]]},"properties":{"UWB":"10530","UWB3":"530","BWB":"105ZH","BWB3":"5ZH","AWK":"1005","BEZ":"10","BWK":"85"}},
{"type":"Feature","geometry":{"type":"Polygon","coordinates":[[[13.59071,52.53012],[13.59039,52.5295],[13.59181,52.52923],[13.59343,52.52899],[13.59579,52.5287],[13.59682,52.53057],[13.59829,52.53116],[13.59654,52.53277],[13.59625,52.53432],[13.59278,52.53292],[13.59071,52.53012]]]},"properties":{"UWB":"10601","UWB3":"601","BWB":"106A","BWB3":"6A","AWK":"1006","BEZ":"10","BWK":"85"}},
{"type":"Feature","geometry":{"type":"Polygon","coordinates":[[[13.59343,52.52899],[13.5942,52.52766],[13.59641,52.52736],[13.5981,52.52839],[13.59842,52.52836],[13.59902,52.5283],[13.59903,52.5283],[13.59958,52.53001],[13.59856,52.53092],[13.59829,52.53116],[13.59682,52.53057],[13.59579,52.5287],[13.59343,52.52899]]]},"properties":{"UWB":"10602","UWB3":"602","BWB":"106A","BWB3":"6A","AWK":"1006","BEZ":"10","BWK":"85"}},
{"type":"Feature","geometry":{"type":"Polygon","coordinates":[[[13.59181,52.52923],[13.59104,52.52789],[13.59218,52.5271],[13.59727,52.52592],[13.59682,52.52458],[13.59773,52.52446],[13.59902,52.5283],[13.59842,52.52836],[13.5981,52.52839],[13.59641,52.52736],[13.5942,52.52766],[13.59343,52.52899],[13.59181,52.52923]]]},"properties":{"UWB":"10603","UWB3":"603","BWB":"106B","BWB3":"6B","AWK":"1006","BEZ":"10","BWK":"85"}},
{"type":"Feature","geometry":{"type":"Polygon","coordinates":[[[13.59039,52.5295],[13.58956,52.52792],[13.58735,52.52348],[13.58944,52.5232],[13.59187,52.52288],[13.59375,52.52465],[13.59682,52.52458],[13.59727,52.52592],[13.59218,52.5271],[13.59104,52.52789],[13.59181,52.52923],[13.59039,52.5295]]]},"properties":{"UWB":"10604","UWB3":"604","BWB":"106B","BWB3":"6B","AWK":"1006","BEZ":"10","BWK":"85"}},
{"type":"Feature","geometry":{"type":"Polygon","coordinates":[[[13.58511,52.53042],[13.58414,52.53016],[13.57809,52.52591],[13.58378,52.52434],[13.58464,52.52593],[13.58459,52.5282],[13.58727,52.52839],[13.58956,52.52792],[13.59039,52.5295],[13.59071,52.53012],[13.58909,52.52971],[13.58511,52.53042]]]},"properties":{"UWB":"10605","UWB3":"605","BWB":"106C","BWB3":"6C","AWK":"1006","BEZ":"10","BWK":"85"}},
{"type":"Feature","geometry":{"type":"Polygon","coordinates":[[[13.58956,52.52792],[13.58727,52.52839],[13.58459,52.5282],[13.58464,52.52593],[13.58378,52.52434],[13.58735,52.52348],[13.58956,52.52792]]]},"properties":{"UWB":"10606","UWB3":"606","BWB":"106C","BWB3":"6C","AWK":"1006","BEZ":"10","BWK":"85"}},
{"type":"Feature","geometry":{"type":"Polygon","coordinates":[[[13.59682,52.52458],[13.59375,52.52465],[13.59187,52.52288],[13.59243,52.5215],[13.5931,52.52143],[13.59667,52.52134],[13.59773,52.52446],[13.59682,52.52458]]]},"properties":{"UWB":"10607","UWB3":"607","BWB":"106D","BWB3":"6D","AWK":"1006","BEZ":"10","BWK":"85"}},
{"type":"Feature","geometry":{"type":"Polygon","coordinates":[[[13.59243,52.5215],[13.59225,52.52152],[13.59138,52.5206],[13.59046,52.51818],[13.59133,52.51854],[13.59469,52.51816],[13.59588,52.51901],[13.59667,52.52134],[13.5931,52.52143],[13.59243,52.5215]]]},"properties":{"UWB":"10608","UWB3":"608","BWB":"106D","BWB3":"6D","AWK":"1006","BEZ":"10","BWK":"85"}},
{"type":"Feature","geometry":{"type":"Polygon","coordinates":[[[13.58944,52.5232],[13.58936,52.52036],[13.58866,52.51923],[13.58913,52.51729],[13.59011,52.51803],[13.59046,52.51818],[13.59138,52.5206],[13.59225,52.52152],[13.59243,52.5215],[13.59187,52.52288],[13.58944,52.5232]]]},"properties":{"UWB":"10609","UWB3":"609","BWB":"106E","BWB3":"6E","AWK":"1006","BEZ":"10","BWK":"85"}},
{"type":"Feature","geometry":{"type":"Polygon","coordinates":[[[13.58735,52.52348],[13.58378,52.52434],[13.58263,52.52262],[13.58307,52.5209],[13.58681,52.52155],[13.58801,52.51912],[13.58866,52.51923],[13.58936,52.52036],[13.58944,52.5232],[13.58735,52.52348]]]},"properties":{"UWB":"10610","UWB3":"610","BWB":"106E","BWB3":"6E","AWK":"1006","BEZ":"10","BWK":"85"}},
{"type":"Feature","geometry":{"type":"Polygon","coordinates":[[[13.57641,52.51884],[13.57908,52.51846],[13.58188,52.51932],[13.58266,52.52082],[13.58307,52.5209],[13.58263,52.52262],[13.58378,52.52434],[13.57809,52.52591],[13.57698,52.52347],[13.57641,52.51884]]]},"properties":{"UWB":"10611","UWB3":"611","BWB":"106F","BWB3":"6F","AWK":"1006","BEZ":"10","BWK":"85"}},
{"type":"Feature","geometry":{"type":"Polygon","coordinates":[[[13.57908,52.51846],[13.58029,52.51679],[13.58253,52.5168],[13.58252,52.51731],[13.58271,52.5182],[13.58271,52.51834],[13.58272,52.51998],[13.58266,52.52082],[13.58188,52.51932],[13.57908,52.51846]]]},"properties":{"UWB":"10612","UWB3":"612","BWB":"106F","BWB3":"6F","AWK":"1006","BEZ":"10","BWK":"85"}},
{"type":"Feature","geometry":{"type":"Polygon","coordinates":[[[13.58307,52.5209],[13.58266,52.52082],[13.58272,52.51998],[13.58271,52.51834],[13.58702,52.51859],[13.58801,52.51912],[13.58681,52.52155],[13.58307,52.5209]]]},"properties":{"UWB":"10613","UWB3":"613","BWB":"106G","BWB3":"6G","AWK":"1006","BEZ":"10","BWK":"85"}},
{"type":"Feature","geometry":{"type":"Polygon","coordinates":[[[13.58866,52.51923],[13.58801,52.51912],[13.58702,52.51859],[13.58271,52.51834],[13.58271,52.5182],[13.58252,52.51731],[13.58253,52.5168],[13.58254,52.51651],[13.58191,52.51577],[13.58378,52.51477],[13.58913,52.51729],[13.58866,52.51923]]]},"properties":{"UWB":"10614","UWB3":"614","BWB":"106G","BWB3":"6G","AWK":"1006","BEZ":"10","BWK":"85"}},
{"type":"Feature","geometry":{"type":"Polygon","coordinates":[[[13.57378,52.51315],[13.57799,52.5132],[13.58104,52.51349],[13.58378,52.51477],[13.58191,52.51577],[13.58254,52.51651],[13.58253,52.5168],[13.58029,52.51679],[13.57908,52.51846],[13.57641,52.51884],[13.57378,52.51315]]]},"properties":{"UWB":"10615","UWB3":"615","BWB":"106H","BWB3":"6H","AWK":"1006","BEZ":"10","BWK":"85"}},
{"type":"Feature","geometry":{"type":"Polygon","coordinates":[[[13.59767,52.51193],[13.5966,52.51275],[13.59309,52.51295],[13.59563,52.51664],[13.59389,52.51702],[13.59469,52.51816],[13.59133,52.51854],[13.59046,52.51818],[13.59011,52.51803],[13.58913,52.51729],[13.58378,52.51477],[13.58104,52.51349],[13.57799,52.5132],[13.57893,52.51258],[13.58887,52.5122],[13.59147,52.5123],[13.59767,52.51193]]]},"properties":{"UWB":"10616","UWB3":"616","BWB":"106J","BWB3":"6J","AWK":"1006","BEZ":"10","BWK":"85"}},
{"type":"Feature","geometry":{"type":"Polygon","coordinates":[[[13.60661,52.51385],[13.60404,52.51453],[13.60655,52.51821],[13.59944,52.5189],[13.59588,52.51901],[13.59469,52.51816],[13.59389,52.51702],[13.59563,52.51664],[13.59309,52.51295],[13.5966,52.51275],[13.59767,52.51193],[13.59891,52.51188],[13.59905,52.51187],[13.59973,52.51186],[13.60349,52.51183],[13.60655,52.51379],[13.60661,52.51385]]]},"properties":{"UWB":"10617","UWB3":"617","BWB":"106K","BWB3":"6K","AWK":"1006","BEZ":"10","BWK":"85"}},
{"type":"Feature","geometry":{"type":"Polygon","coordinates":[[[13.61048,52.51943],[13.60372,52.52032],[13.60145,52.52109],[13.59947,52.52094],[13.59944,52.5189],[13.60655,52.51821],[13.60404,52.51453],[13.60661,52.51385],[13.60667,52.5139],[13.61089,52.51745],[13.60954,52.51779],[13.61048,52.51943]]]},"properties":{"UWB":"10618","UWB3":"618","BWB":"106K","BWB3":"6K","AWK":"1006","BEZ":"10","BWK":"85"}},
{"type":"Feature","geometry":{"type":"Polygon","coordinates":[[[13.59902,52.5283],[13.59773,52.52446],[13.59667,52.52134],[13.59588,52.51901],[13.59944,52.5189],[13.59947,52.52094],[13.60145,52.52109],[13.60372,52.52032],[13.60467,52.52391],[13.60625,52.52469],[13.6065,52.52747],[13.60645,52.52748],[13.60521,52.52764],[13.59903,52.5283],[13.59902,52.5283]]]},"properties":{"UWB":"10619","UWB3":"619","BWB":"106L","BWB3":"6L","AWK":"1006","BEZ":"10","BWK":"85"}},
{"type":"Feature","geometry":{"type":"Polygon","coordinates":[[[13.61777,52.52566],[13.61073,52.52685],[13.60801,52.52725],[13.6065,52.52747],[13.60625,52.52469],[13.60467,52.52391],[13.60372,52.52032],[13.61048,52.51943],[13.61147,52.521],[13.61255,52.52236],[13.61318,52.52376],[13.61682,52.52472],[13.61777,52.52566]]]},"properties":{"UWB":"10620","UWB3":"620","BWB":"106M","BWB3":"6M","AWK":"1006","BEZ":"10","BWK":"85"}},
{"type":"Feature","geometry":{"type":"Polygon","coordinates":[[[13.62084,52.5308],[13.62013,52.52954],[13.61975,52.52904],[13.6145,52.5302],[13.61308,52.52805],[13.61073,52.52685],[13.61777,52.52566],[13.6208,52.52746],[13.62139,52.52704],[13.6214,52.52705],[13.62544,52.52946],[13.62506,52.5296],[13.62375,52.53009],[13.62286,52.53037],[13.62238,52.53047],[13.6211,52.53075],[13.62084,52.5308]]]},"properties":{"UWB":"10621","UWB3":"621","BWB":"106N","BWB3":"6N","AWK":"1006","BEZ":"10","BWK":"85"}},
{"type":"Feature","geometry":{"type":"Polygon","coordinates":[[[13.61839,52.53133],[13.61544,52.53194],[13.6139,52.53225],[13.61286,52.53246],[13.61252,52.53175],[13.61378,52.53149],[13.61301,52.53052],[13.61022,52.53049],[13.61125,52.53024],[13.61308,52.52805],[13.6145,52.5302],[13.61975,52.52904],[13.62013,52.52954],[13.62084,52.5308],[13.62077,52.53082],[13.61839,52.53133]]]},"properties":{"UWB":"10622","UWB3":"622","BWB":"106N","BWB3":"6N","AWK":"1006","BEZ":"10","BWK":"85"}},
{"type":"Feature","geometry":{"type":"Polygon","coordinates":[[[13.60717,52.53378],[13.60627,52.53272],[13.60899,52.53185],[13.61022,52.53049],[13.61301,52.53052],[13.61378,52.53149],[13.61252,52.53175],[13.61286,52.53246],[13.61191,52.53266],[13.60717,52.53378]]]},"properties":{"UWB":"10623","UWB3":"623","BWB":"106P","BWB3":"6P","AWK":"1006","BEZ":"10","BWK":"85"}},
{"type":"Feature","geometry":{"type":"Polygon","coordinates":[[[13.60563,52.53559],[13.6016,52.53453],[13.60245,52.5323],[13.60402,52.53155],[13.60484,52.53183],[13.60627,52.53272],[13.60717,52.53378],[13.60632,52.53459],[13.60563,52.53559]]]},"properties":{"UWB":"10624","UWB3":"624","BWB":"106P","BWB3":"6P","AWK":"1006","BEZ":"10","BWK":"85"}},
{"type":"Feature","geometry":{"type":"Polygon","coordinates":[[[13.6065,52.52747],[13.60801,52.52725],[13.61073,52.52685],[13.61308,52.52805],[13.61125,52.53024],[13.61022,52.53049],[13.60899,52.53185],[13.60627,52.53272],[13.60484,52.53183],[13.60402,52.53155],[13.60551,52.52938],[13.60521,52.52764],[13.60645,52.52748],[13.6065,52.52747]]]},"properties":{"UWB":"10625","UWB3":"625","BWB":"106Q","BWB3":"6Q","AWK":"1006","BEZ":"10","BWK":"85"}},
{"type":"Feature","geometry":{"type":"Polygon","coordinates":[[[13.59625,52.53432],[13.59654,52.53277],[13.59829,52.53116],[13.59856,52.53092],[13.59958,52.53001],[13.59903,52.5283],[13.60521,52.52764],[13.60551,52.52938],[13.60402,52.53155],[13.60245,52.5323],[13.6016,52.53453],[13.60563,52.53559],[13.60502,52.53647],[13.60133,52.53576],[13.5972,52.53459],[13.59625,52.53432]]]},"properties":{"UWB":"10626","UWB3":"626","BWB":"106Q","BWB3":"6Q","AWK":"1006","BEZ":"10","BWK":"85"}},
{"type":"Feature","geometry":{"type":"Polygon","coordinates":[[[13.4855,52.58735],[13.49894,52.57671],[13.49912,52.5768],[13.49986,52.57716],[13.50328,52.57583],[13.50701,52.57552],[13.50714,52.57716],[13.50407,52.57711],[13.50357,52.57782],[13.50374,52.5823],[13.50514,52.59223],[13.50814,52.59215],[13.50518,52.59646],[13.48904,52.59008],[13.48694,52.58884],[13.4855,52.58735]]]},"properties":{"UWB":"11101","UWB3":"101","BWB":"111A","BWB3":"1A","AWK":"1101","BEZ":"11","BWK":"86"}},
{"type":"Feature","geometry":{"type":"Polygon","coordinates":[[[13.50357,52.57782],[13.50518,52.57778],[13.51048,52.57906],[13.51172,52.579],[13.51592,52.5783],[13.52288,52.57645],[13.52598,52.57515],[13.5314,52.57289],[13.53708,52.57282],[13.53838,52.57518],[13.54698,52.58765],[13.54721,52.58798],[13.52769,52.59223],[13.52287,52.59275],[13.50814,52.59215],[13.50514,52.59223],[13.50374,52.5823],[13.50357,52.57782]]]},"properties":{"UWB":"11102","UWB3":"102","BWB":"111A","BWB3":"1A","AWK":"1101","BEZ":"11","BWK":"86"}},
{"type":"Feature","geometry":{"type":"Polygon","coordinates":[[[13.5677,52.57451],[13.56452,52.5782],[13.56205,52.58023],[13.55549,52.58415],[13.54698,52.58765],[13.53838,52.57518],[13.53708,52.57282],[13.5314,52.57289],[13.53003,52.5706],[13.53106,52.57029],[13.53172,52.5712],[13.5378,52.56993],[13.54453,52.56779],[13.54563,52.56777],[13.55584,52.57013],[13.56441,52.57219],[13.56647,52.57293],[13.5677,52.57451]]]},"properties":{"UWB":"11103","UWB3":"103","BWB":"111C","BWB3":"1C","AWK":"1101","BEZ":"11","BWK":"86"}},
{"type":"Feature","geometry":{"type":"Polygon","coordinates":[[[13.50701,52.57552],[13.50838,52.57547],[13.51217,52.57578],[13.51142,52.57653],[13.51172,52.579],[13.51048,52.57906],[13.50518,52.57778],[13.50357,52.57782],[13.50407,52.57711],[13.50714,52.57716],[13.50701,52.57552]]]},"properties":{"UWB":"11104","UWB3":"104","BWB":"111B","BWB3":"1B","AWK":"1101","BEZ":"11","BWK":"86"}},
{"type":"Feature","geometry":{"type":"Polygon","coordinates":[[[13.51172,52.579],[13.51142,52.57653],[13.51217,52.57578],[13.51343,52.57467],[13.51313,52.5727],[13.51636,52.57229],[13.518,52.57222],[13.52051,52.57218],[13.52519,52.57123],[13.52614,52.57295],[13.5249,52.57427],[13.52598,52.57515],[13.52288,52.57645],[13.51592,52.5783],[13.51172,52.579]]]},"properties":{"UWB":"11105","UWB3":"105","BWB":"111B","BWB3":"1B","AWK":"1101","BEZ":"11","BWK":"86"}},
{"type":"Feature","geometry":{"type":"Polygon","coordinates":[[[13.49894,52.57671],[13.49823,52.57541],[13.49517,52.57372],[13.49681,52.5744],[13.49907,52.57341],[13.49917,52.57155],[13.49956,52.57121],[13.50396,52.57311],[13.49912,52.5768],[13.49894,52.57671]]]},"properties":{"UWB":"11106","UWB3":"106","BWB":"111D","BWB3":"1D","AWK":"1101","BEZ":"11","BWK":"86"}},
{"type":"Feature","geometry":{"type":"Polygon","coordinates":[[[13.49912,52.5768],[13.50396,52.57311],[13.50504,52.57227],[13.50736,52.57339],[13.50821,52.57438],[13.50838,52.57547],[13.50701,52.57552],[13.50328,52.57583],[13.49986,52.57716],[13.49912,52.5768]]]},"properties":{"UWB":"11107","UWB3":"107","BWB":"111E","BWB3":"1E","AWK":"1101","BEZ":"11","BWK":"86"}},
{"type":"Feature","geometry":{"type":"Polygon","coordinates":[[[13.50838,52.57547],[13.50821,52.57438],[13.50975,52.5742],[13.50986,52.57227],[13.51248,52.57178],[13.51313,52.5727],[13.51343,52.57467],[13.51217,52.57578],[13.50838,52.57547]]]},"properties":{"UWB":"11108","UWB3":"108","BWB":"111E","BWB3":"1E","AWK":"1101","BEZ":"11","BWK":"86"}},
{"type":"Feature","geometry":{"type":"Polygon","coordinates":[[[13.49517,52.57372],[13.49564,52.57214],[13.49726,52.57054],[13.49917,52.57155],[13.49907,52.57341],[13.49681,52.5744],[13.49517,52.57372]]]},"properties":{"UWB":"11109","UWB3":"109","BWB":"111D","BWB3":"1D","AWK":"1101","BEZ":"11","BWK":"86"}},
{"type":"Feature","geometry":{"type":"Polygon","coordinates":[[[13.50504,52.57227],[13.50627,52.57132],[13.50986,52.57227],[13.50975,52.5742],[13.50821,52.57438],[13.50736,52.57339],[13.50504,52.57227]]]},"properties":{"UWB":"11110","UWB3":"110","BWB":"111I","BWB3":"1I","AWK":"1101","BEZ":"11","BWK":"86"}},
{"type":"Feature","geometry":{"type":"Polygon","coordinates":[[[13.49917,52.57155],[13.49726,52.57054],[13.4975,52.57034],[13.49914,52.5689],[13.49917,52.56888],[13.50121,52.56977],[13.49956,52.57121],[13.49917,52.57155]]]},"properties":{"UWB":"11111","UWB3":"111","BWB":"111F","BWB3":"1F","AWK":"1101","BEZ":"11","BWK":"86"}},
{"type":"Feature","geometry":{"type":"Polygon","coordinates":[[[13.49956,52.57121],[13.50121,52.56977],[13.50225,52.56887],[13.50423,52.56972],[13.50507,52.56898],[13.50777,52.57013],[13.50627,52.57132],[13.50504,52.57227],[13.50396,52.57311],[13.49956,52.57121]]]},"properties":{"UWB":"11112","UWB3":"112","BWB":"111F","BWB3":"1F","AWK":"1101","BEZ":"11","BWK":"86"}},
{"type":"Feature","geometry":{"type":"Polygon","coordinates":[[[13.50986,52.57227],[13.50627,52.57132],[13.50777,52.57013],[13.51295,52.56619],[13.51296,52.56618],[13.51526,52.56708],[13.51356,52.56831],[13.51488,52.56892],[13.51171,52.57142],[13.51248,52.57178],[13.50986,52.57227]]]},"properties":{"UWB":"11113","UWB3":"113","BWB":"111I","BWB3":"1I","AWK":"1101","BEZ":"11","BWK":"86"}},
{"type":"Feature","geometry":{"type":"Polygon","coordinates":[[[13.51313,52.5727],[13.51248,52.57178],[13.51171,52.57142],[13.51488,52.56892],[13.51612,52.56951],[13.51472,52.57063],[13.51636,52.57229],[13.51313,52.5727]]]},"properties":{"UWB":"11114","UWB3":"114","BWB":"111K","BWB3":"1K","AWK":"1101","BEZ":"11","BWK":"86"}},
{"type":"Feature","geometry":{"type":"Polygon","coordinates":[[[13.51636,52.57229],[13.51472,52.57063],[13.51612,52.56951],[13.51845,52.57054],[13.518,52.57222],[13.51636,52.57229]]]},"properties":{"UWB":"11115","UWB3":"115","BWB":"111K","BWB3":"1K","AWK":"1101","BEZ":"11","BWK":"86"}},
{"type":"Feature","geometry":{"type":"Polygon","coordinates":[[[13.52598,52.57515],[13.5249,52.57427],[13.52614,52.57295],[13.52519,52.57123],[13.52051,52.57218],[13.518,52.57222],[13.51845,52.57054],[13.52012,52.56856],[13.52064,52.56864],[13.52458,52.56912],[13.52654,52.56936],[13.53106,52.57029],[13.53003,52.5706],[13.5314,52.57289],[13.52598,52.57515]]]},"properties":{"UWB":"11116","UWB3":"116","BWB":"111L","BWB3":"1L","AWK":"1101","BEZ":"11","BWK":"86"}},
{"type":"Feature","geometry":{"type":"Polygon","coordinates":[[[13.49917,52.56888],[13.50056,52.56766],[13.50067,52.56756],[13.50274,52.56844],[13.50225,52.56887],[13.50121,52.56977],[13.49917,52.56888]]]},"properties":{"UWB":"11117","UWB3":"117","BWB":"111G","BWB3":"1G","AWK":"1101","BEZ":"11","BWK":"86"}},
{"type":"Feature","geometry":{"type":"Polygon","coordinates":[[[13.50225,52.56887],[13.50274,52.56844],[13.50418,52.56719],[13.50614,52.56804],[13.50507,52.56898],[13.50423,52.56972],[13.50225,52.56887]]]},"properties":{"UWB":"11118","UWB3":"118","BWB":"111H","BWB3":"1H","AWK":"1101","BEZ":"11","BWK":"86"}},
{"type":"Feature","geometry":{"type":"Polygon","coordinates":[[[13.50507,52.56898],[13.50614,52.56804],[13.50418,52.56719],[13.5056,52.56602],[13.50715,52.56611],[13.5088,52.56463],[13.51295,52.56619],[13.50777,52.57013],[13.50507,52.56898]]]},"properties":{"UWB":"11119","UWB3":"119","BWB":"111H","BWB3":"1H","AWK":"1101","BEZ":"11","BWK":"86"}},
{"type":"Feature","geometry":{"type":"Polygon","coordinates":[[[13.51526,52.56708],[13.52012,52.56856],[13.51845,52.57054],[13.51612,52.56951],[13.51488,52.56892],[13.51356,52.56831],[13.51526,52.56708]]]},"properties":{"UWB":"11120","UWB3":"120","BWB":"111L","BWB3":"1L","AWK":"1101","BEZ":"11","BWK":"86"}},
{"type":"Feature","geometry":{"type":"Polygon","coordinates":[[[13.52012,52.56856],[13.51526,52.56708],[13.5161,52.56581],[13.52038,52.5657],[13.52196,52.56696],[13.52064,52.56864],[13.52012,52.56856]]]},"properties":{"UWB":"11121","UWB3":"121","BWB":"111Q","BWB3":"1Q","AWK":"1101","BEZ":"11","BWK":"86"}},
{"type":"Feature","geometry":{"type":"Polygon","coordinates":[[[13.52064,52.56864],[13.52196,52.56696],[13.52369,52.56561],[13.52506,52.56626],[13.52545,52.56793],[13.52458,52.56912],[13.52064,52.56864]]]},"properties":{"UWB":"11122","UWB3":"122","BWB":"111R","BWB3":"1R","AWK":"1101","BEZ":"11","BWK":"86"}},
{"type":"Feature","geometry":{"type":"Polygon","coordinates":[[[13.52458,52.56912],[13.52545,52.56793],[13.52506,52.56626],[13.52814,52.56772],[13.52936,52.56723],[13.52654,52.56936],[13.52458,52.56912]]]},"properties":{"UWB":"11123","UWB3":"123","BWB":"111R","BWB3":"1R","AWK":"1101","BEZ":"11","BWK":"86"}},
{"type":"Feature","geometry":{"type":"Polygon","coordinates":[[[13.54563,52.56777],[13.54453,52.56779],[13.5378,52.56993],[13.53172,52.5712],[13.53106,52.57029],[13.52654,52.56936],[13.52936,52.56723],[13.53044,52.56715],[13.53188,52.56635],[13.53444,52.56616],[13.53431,52.56468],[13.53191,52.56405],[13.53315,52.56194],[13.5349,52.56111],[13.54119,52.56601],[13.54453,52.56688],[13.54563,52.56777]]]},"properties":{"UWB":"11124","UWB3":"124","BWB":"111C","BWB3":"1C","AWK":"1101","BEZ":"11","BWK":"86"}},
{"type":"Feature","geometry":{"type":"Polygon","coordinates":[[[13.50067,52.56756],[13.50154,52.56607],[13.5035,52.56454],[13.50503,52.56319],[13.50843,52.56449],[13.5088,52.56463],[13.50715,52.56611],[13.5056,52.56602],[13.50418,52.56719],[13.50274,52.56844],[13.50067,52.56756]]]},"properties":{"UWB":"11125","UWB3":"125","BWB":"111G","BWB3":"1G","AWK":"1101","BEZ":"11","BWK":"86"}},
{"type":"Feature","geometry":{"type":"Polygon","coordinates":[[[13.51295,52.56619],[13.5088,52.56463],[13.50843,52.56449],[13.51018,52.56252],[13.50979,52.5618],[13.51232,52.56291],[13.51532,52.5642],[13.51296,52.56618],[13.51295,52.56619]]]},"properties":{"UWB":"11126","UWB3":"126","BWB":"111N","BWB3":"1N","AWK":"1101","BEZ":"11","BWK":"86"}},
{"type":"Feature","geometry":{"type":"Polygon","coordinates":[[[13.5161,52.56581],[13.51775,52.56382],[13.5193,52.56454],[13.5209,52.56529],[13.52038,52.5657],[13.5161,52.56581]]]},"properties":{"UWB":"11127","UWB3":"127","BWB":"111P","BWB3":"1P","AWK":"1101","BEZ":"11","BWK":"86"}},
{"type":"Feature","geometry":{"type":"Polygon","coordinates":[[[13.52038,52.5657],[13.5209,52.56529],[13.52369,52.56561],[13.52196,52.56696],[13.52038,52.5657]]]},"properties":{"UWB":"11128","UWB3":"128","BWB":"111Q","BWB3":"1Q","AWK":"1101","BEZ":"11","BWK":"86"}},
{"type":"Feature","geometry":{"type":"Polygon","coordinates":[[[13.52369,52.56561],[13.5257,52.56404],[13.52886,52.56553],[13.53044,52.56715],[13.52936,52.56723],[13.52814,52.56772],[13.52506,52.56626],[13.52369,52.56561]]]},"properties":{"UWB":"11129","UWB3":"129","BWB":"111S","BWB3":"1S","AWK":"1101","BEZ":"11","BWK":"86"}},
{"type":"Feature","geometry":{"type":"Polygon","coordinates":[[[13.53044,52.56715],[13.52886,52.56553],[13.53017,52.56557],[13.53191,52.56405],[13.53431,52.56468],[13.53444,52.56616],[13.53188,52.56635],[13.53044,52.56715]]]},"properties":{"UWB":"11130","UWB3":"130","BWB":"111T","BWB3":"1T","AWK":"1101","BEZ":"11","BWK":"86"}},
{"type":"Feature","geometry":{"type":"Polygon","coordinates":[[[13.50503,52.56319],[13.50195,52.56211],[13.50927,52.55992],[13.50971,52.5598],[13.51124,52.56055],[13.50979,52.5618],[13.50771,52.56096],[13.50503,52.56319]]]},"properties":{"UWB":"11131","UWB3":"131","BWB":"111M","BWB3":"1M","AWK":"1101","BEZ":"11","BWK":"86"}},
{"type":"Feature","geometry":{"type":"Polygon","coordinates":[[[13.50503,52.56319],[13.50771,52.56096],[13.50979,52.5618],[13.51018,52.56252],[13.50843,52.56449],[13.50503,52.56319]]]},"properties":{"UWB":"11132","UWB3":"132","BWB":"111M","BWB3":"1M","AWK":"1101","BEZ":"11","BWK":"86"}},
{"type":"Feature","geometry":{"type":"Polygon","coordinates":[[[13.50979,52.5618],[13.51124,52.56055],[13.51356,52.56151],[13.51232,52.56291],[13.50979,52.5618]]]},"properties":{"UWB":"11133","UWB3":"133","BWB":"111N","BWB3":"1N","AWK":"1101","BEZ":"11","BWK":"86"}},
{"type":"Feature","geometry":{"type":"Polygon","coordinates":[[[13.5193,52.56454],[13.52106,52.56316],[13.52354,52.563],[13.5257,52.56404],[13.52369,52.56561],[13.5209,52.56529],[13.5193,52.56454]]]},"properties":{"UWB":"11134","UWB3":"134","BWB":"111S","BWB3":"1S","AWK":"1101","BEZ":"11","BWK":"86"}},
{"type":"Feature","geometry":{"type":"Polygon","coordinates":[[[13.53061,52.55831],[13.53044,52.5584],[13.52911,52.55919],[13.52871,52.55934],[13.52956,52.5628],[13.52716,52.56225],[13.5257,52.56404],[13.52354,52.563],[13.52106,52.56316],[13.5193,52.56454],[13.51775,52.56382],[13.5161,52.56581],[13.51526,52.56708],[13.51296,52.56618],[13.51532,52.5642],[13.52256,52.55868],[13.52608,52.55586],[13.52615,52.55578],[13.53061,52.5583],[13.53061,52.55831]]]},"properties":{"UWB":"11135","UWB3":"135","BWB":"111P","BWB3":"1P","AWK":"1101","BEZ":"11","BWK":"86"}},
{"type":"Feature","geometry":{"type":"Polygon","coordinates":[[[13.5349,52.56111],[13.53315,52.56194],[13.53191,52.56405],[13.53017,52.56557],[13.52886,52.56553],[13.5257,52.56404],[13.52716,52.56225],[13.52956,52.5628],[13.52871,52.55934],[13.52911,52.55919],[13.53044,52.5584],[13.53061,52.55831],[13.5309,52.55849],[13.5349,52.56111]]]},"properties":{"UWB":"11136","UWB3":"136","BWB":"111T","BWB3":"1T","AWK":"1101","BEZ":"11","BWK":"86"}},
{"type":"Feature","geometry":{"type":"Polygon","coordinates":[[[13.48415,52.56602],[13.49229,52.56512],[13.49283,52.5669],[13.49326,52.56842],[13.49445,52.56903],[13.49277,52.57087],[13.49501,52.57175],[13.4975,52.57034],[13.49726,52.57054],[13.49564,52.57214],[13.49517,52.57372],[13.49823,52.57541],[13.49894,52.57671],[13.4855,52.58735],[13.48356,52.58408],[13.48047,52.58353],[13.47973,52.58116],[13.4802,52.57791],[13.47995,52.57651],[13.47946,52.57269],[13.48203,52.57249],[13.48292,52.57147],[13.48759,52.56922],[13.48415,52.56602]]]},"properties":{"UWB":"11201","UWB3":"201","BWB":"112A","BWB3":"2A","AWK":"1102","BEZ":"11","BWK":"86"}},
{"type":"Feature","geometry":{"type":"Polygon","coordinates":[[[13.4975,52.57034],[13.49501,52.57175],[13.49277,52.57087],[13.49445,52.56903],[13.49605,52.56808],[13.49914,52.5689],[13.4975,52.57034]]]},"properties":{"UWB":"11202","UWB3":"202","BWB":"112A","BWB3":"2A","AWK":"1102","BEZ":"11","BWK":"86"}},
{"type":"Feature","geometry":{"type":"Polygon","coordinates":[[[13.49283,52.5669],[13.4942,52.56613],[13.49694,52.5673],[13.49605,52.56808],[13.49445,52.56903],[13.49326,52.56842],[13.49283,52.5669]]]},"properties":{"UWB":"11203","UWB3":"203","BWB":"112B","BWB3":"2B","AWK":"1102","BEZ":"11","BWK":"86"}},
{"type":"Feature","geometry":{"type":"Polygon","coordinates":[[[13.49914,52.5689],[13.49605,52.56808],[13.49694,52.5673],[13.4942,52.56613],[13.49518,52.56563],[13.49943,52.56719],[13.50056,52.56766],[13.49917,52.56888],[13.49914,52.5689]]]},"properties":{"UWB":"11204","UWB3":"204","BWB":"112B","BWB3":"2B","AWK":"1102","BEZ":"11","BWK":"86"}},
{"type":"Feature","geometry":{"type":"Polygon","coordinates":[[[13.48607,52.56415],[13.49942,52.56257],[13.49902,52.56297],[13.49804,52.56373],[13.50002,52.56515],[13.49943,52.56719],[13.49518,52.56563],[13.4942,52.56613],[13.49283,52.5669],[13.49229,52.56512],[13.48415,52.56602],[13.48368,52.56442],[13.48607,52.56415]]]},"properties":{"UWB":"11205","UWB3":"205","BWB":"112C","BWB3":"2C","AWK":"1102","BEZ":"11","BWK":"86"}},
{"type":"Feature","geometry":{"type":"Polygon","coordinates":[[[13.50056,52.56766],[13.49943,52.56719],[13.50002,52.56515],[13.49804,52.56373],[13.49902,52.56297],[13.5035,52.56454],[13.50154,52.56607],[13.50067,52.56756],[13.50056,52.56766]]]},"properties":{"UWB":"11206","UWB3":"206","BWB":"112C","BWB3":"2C","AWK":"1102","BEZ":"11","BWK":"86"}},
{"type":"Feature","geometry":{"type":"Polygon","coordinates":[[[13.5035,52.56454],[13.49902,52.56297],[13.49942,52.56257],[13.50039,52.56155],[13.50195,52.56211],[13.50503,52.56319],[13.5035,52.56454]]]},"properties":{"UWB":"11207","UWB3":"207","BWB":"112D","BWB3":"2D","AWK":"1102","BEZ":"11","BWK":"86"}},
{"type":"Feature","geometry":{"type":"Polygon","coordinates":[[[13.49463,52.55638],[13.49872,52.55771],[13.50192,52.55814],[13.50114,52.56075],[13.50039,52.56155],[13.49942,52.56257],[13.48607,52.56415],[13.4854,52.56155],[13.48697,52.56136],[13.49107,52.55995],[13.49235,52.55872],[13.49463,52.55638]]]},"properties":{"UWB":"11208","UWB3":"208","BWB":"112D","BWB3":"2D","AWK":"1102","BEZ":"11","BWK":"86"}},
{"type":"Feature","geometry":{"type":"Polygon","coordinates":[[[13.49562,52.55462],[13.50266,52.55549],[13.5058,52.55533],[13.5064,52.5557],[13.50927,52.55992],[13.50195,52.56211],[13.50039,52.56155],[13.50114,52.56075],[13.50192,52.55814],[13.49872,52.55771],[13.49463,52.55638],[13.49562,52.55462]]]},"properties":{"UWB":"11209","UWB3":"209","BWB":"112E","BWB3":"2E","AWK":"1102","BEZ":"11","BWK":"86"}},
{"type":"Feature","geometry":{"type":"Polygon","coordinates":[[[13.51232,52.56291],[13.51356,52.56151],[13.51124,52.56055],[13.50971,52.5598],[13.51588,52.5581],[13.5163,52.55923],[13.52137,52.5582],[13.52256,52.55868],[13.51532,52.5642],[13.51232,52.56291]]]},"properties":{"UWB":"11210","UWB3":"210","BWB":"112F","BWB3":"2F","AWK":"1102","BEZ":"11","BWK":"86"}},
{"type":"Feature","geometry":{"type":"Polygon","coordinates":[[[13.49443,52.55078],[13.49533,52.55046],[13.49579,52.55139],[13.49972,52.55054],[13.50073,52.55195],[13.50334,52.5536],[13.50266,52.55549],[13.49562,52.55462],[13.49544,52.553],[13.49443,52.55078]]]},"properties":{"UWB":"11211","UWB3":"211","BWB":"112E","BWB3":"2E","AWK":"1102","BEZ":"11","BWK":"86"}},
{"type":"Feature","geometry":{"type":"Polygon","coordinates":[[[13.50266,52.55549],[13.50334,52.5536],[13.50073,52.55195],[13.49972,52.55054],[13.49579,52.55139],[13.49533,52.55046],[13.50038,52.5493],[13.50214,52.55008],[13.5084,52.54999],[13.50997,52.55037],[13.50942,52.55251],[13.50614,52.55408],[13.5058,52.55533],[13.50266,52.55549]]]},"properties":{"UWB":"11212","UWB3":"212","BWB":"112I","BWB3":"2I","AWK":"1102","BEZ":"11","BWK":"86"}},
{"type":"Feature","geometry":{"type":"Polygon","coordinates":[[[13.50927,52.55992],[13.5064,52.5557],[13.5058,52.55533],[13.50614,52.55408],[13.50942,52.55251],[13.50997,52.55037],[13.51566,52.55176],[13.51461,52.55341],[13.51187,52.55461],[13.5131,52.55567],[13.51588,52.5581],[13.50971,52.5598],[13.50927,52.55992]]]},"properties":{"UWB":"11213","UWB3":"213","BWB":"112F","BWB3":"2F","AWK":"1102","BEZ":"11","BWK":"86"}},
{"type":"Feature","geometry":{"type":"Polygon","coordinates":[[[13.51566,52.55176],[13.51686,52.5521],[13.51834,52.55348],[13.5131,52.55567],[13.51187,52.55461],[13.51461,52.55341],[13.51566,52.55176]]]},"properties":{"UWB":"11214","UWB3":"214","BWB":"112G","BWB3":"2G","AWK":"1102","BEZ":"11","BWK":"86"}},
{"type":"Feature","geometry":{"type":"Polygon","coordinates":[[[13.52256,52.55868],[13.52137,52.5582],[13.5163,52.55923],[13.51588,52.5581],[13.5131,52.55567],[13.51834,52.55348],[13.51686,52.5521],[13.52313,52.55101],[13.52449,52.55494],[13.52608,52.55586],[13.52256,52.55868]]]},"properties":{"UWB":"11215","UWB3":"215","BWB":"112G","BWB3":"2G","AWK":"1102","BEZ":"11","BWK":"86"}},
{"type":"Feature","geometry":{"type":"Polygon","coordinates":[[[13.48306,52.55026],[13.48609,52.54916],[13.48881,52.54922],[13.49309,52.54872],[13.49542,52.5471],[13.49673,52.54908],[13.49533,52.55046],[13.49443,52.55078],[13.48611,52.5524],[13.48306,52.55026]]]},"properties":{"UWB":"11216","UWB3":"216","BWB":"112H","BWB3":"2H","AWK":"1102","BEZ":"11","BWK":"86"}},
{"type":"Feature","geometry":{"type":"Polygon","coordinates":[[[13.49533,52.55046],[13.49673,52.54908],[13.49542,52.5471],[13.49665,52.54627],[13.49968,52.54784],[13.50038,52.5493],[13.49533,52.55046]]]},"properties":{"UWB":"11217","UWB3":"217","BWB":"112H","BWB3":"2H","AWK":"1102","BEZ":"11","BWK":"86"}},
{"type":"Feature","geometry":{"type":"Polygon","coordinates":[[[13.50038,52.5493],[13.49968,52.54784],[13.50064,52.54711],[13.50097,52.54796],[13.50415,52.54777],[13.5061,52.54821],[13.50828,52.54778],[13.5084,52.54999],[13.50214,52.55008],[13.50038,52.5493]]]},"properties":{"UWB":"11218","UWB3":"218","BWB":"112I","BWB3":"2I","AWK":"1102","BEZ":"11","BWK":"86"}},
{"type":"Feature","geometry":{"type":"Polygon","coordinates":[[[13.50415,52.54777],[13.50397,52.54651],[13.50787,52.54637],[13.50828,52.54778],[13.5061,52.54821],[13.50415,52.54777]]]},"properties":{"UWB":"11219","UWB3":"219","BWB":"112K","BWB3":"2K","AWK":"1102","BEZ":"11","BWK":"86"}},
{"type":"Feature","geometry":{"type":"Polygon","coordinates":[[[13.52615,52.55578],[13.52608,52.55586],[13.52449,52.55494],[13.52313,52.55101],[13.51686,52.5521],[13.51566,52.55176],[13.50997,52.55037],[13.5084,52.54999],[13.50828,52.54778],[13.50787,52.54637],[13.50839,52.54323],[13.51144,52.53898],[13.51419,52.5352],[13.51712,52.5354],[13.52307,52.53627],[13.52784,52.5378],[13.53159,52.5386],[13.53189,52.53953],[13.52748,52.55152],[13.52535,52.55532],[13.52615,52.55578]]]},"properties":{"UWB":"11220","UWB3":"220","BWB":"112K","BWB3":"2K","AWK":"1102","BEZ":"11","BWK":"86"}},
{"type":"Feature","geometry":{"type":"Polygon","coordinates":[[[13.47964,52.54755],[13.49243,52.54406],[13.49372,52.54474],[13.49665,52.54627],[13.49542,52.5471],[13.49309,52.54872],[13.48881,52.54922],[13.48609,52.54916],[13.48306,52.55026],[13.47976,52.5491],[13.47964,52.54755]]]},"properties":{"UWB":"11221","UWB3":"221","BWB":"112L","BWB3":"2L","AWK":"1102","BEZ":"11","BWK":"86"}},
{"type":"Feature","geometry":{"type":"Polygon","coordinates":[[[13.49665,52.54627],[13.49372,52.54474],[13.49604,52.54411],[13.49772,52.54562],[13.49876,52.54456],[13.499,52.54475],[13.50064,52.54711],[13.49968,52.54784],[13.49665,52.54627]]]},"properties":{"UWB":"11222","UWB3":"222","BWB":"112L","BWB3":"2L","AWK":"1102","BEZ":"11","BWK":"86"}},
{"type":"Feature","geometry":{"type":"Polygon","coordinates":[[[13.50064,52.54711],[13.499,52.54475],[13.5006,52.54406],[13.50839,52.54323],[13.50787,52.54637],[13.50397,52.54651],[13.50415,52.54777],[13.50097,52.54796],[13.50064,52.54711]]]},"properties":{"UWB":"11223","UWB3":"223","BWB":"112M","BWB3":"2M","AWK":"1102","BEZ":"11","BWK":"86"}},
{"type":"Feature","geometry":{"type":"Polygon","coordinates":[[[13.47441,52.54767],[13.47353,52.54548],[13.47546,52.54408],[13.48546,52.54043],[13.48599,52.5407],[13.48797,52.54174],[13.49073,52.54317],[13.49272,52.54264],[13.49243,52.54406],[13.47964,52.54755],[13.47441,52.54767]]]},"properties":{"UWB":"11224","UWB3":"224","BWB":"112N","BWB3":"2N","AWK":"1102","BEZ":"11","BWK":"86"}},
{"type":"Feature","geometry":{"type":"Polygon","coordinates":[[[13.49243,52.54406],[13.49272,52.54264],[13.49509,52.542],[13.49762,52.54369],[13.49604,52.54411],[13.49372,52.54474],[13.49243,52.54406]]]},"properties":{"UWB":"11225","UWB3":"225","BWB":"112P","BWB3":"2P","AWK":"1102","BEZ":"11","BWK":"86"}},
{"type":"Feature","geometry":{"type":"Polygon","coordinates":[[[13.48797,52.54174],[13.49165,52.53997],[13.49288,52.53926],[13.49492,52.54052],[13.49509,52.542],[13.49272,52.54264],[13.49073,52.54317],[13.48797,52.54174]]]},"properties":{"UWB":"11226","UWB3":"226","BWB":"112Q","BWB3":"2Q","AWK":"1102","BEZ":"11","BWK":"86"}},
{"type":"Feature","geometry":{"type":"Polygon","coordinates":[[[13.49604,52.54411],[13.49762,52.54369],[13.49509,52.542],[13.49492,52.54052],[13.49863,52.53829],[13.49889,52.53894],[13.50069,52.54371],[13.49876,52.54456],[13.49772,52.54562],[13.49604,52.54411]]]},"properties":{"UWB":"11227","UWB3":"227","BWB":"112P","BWB3":"2P","AWK":"1102","BEZ":"11","BWK":"86"}},
{"type":"Feature","geometry":{"type":"Polygon","coordinates":[[[13.50839,52.54323],[13.5006,52.54406],[13.499,52.54475],[13.49876,52.54456],[13.50069,52.54371],[13.49889,52.53894],[13.50095,52.53878],[13.50715,52.5386],[13.51144,52.53898],[13.50839,52.54323]]]},"properties":{"UWB":"11228","UWB3":"228","BWB":"112M","BWB3":"2M","AWK":"1102","BEZ":"11","BWK":"86"}},
{"type":"Feature","geometry":{"type":"Polygon","coordinates":[[[13.46721,52.54821],[13.46753,52.54669],[13.46984,52.54046],[13.4714,52.53807],[13.47348,52.5361],[13.47798,52.53752],[13.48119,52.53867],[13.48429,52.53688],[13.4865,52.53828],[13.48804,52.53928],[13.48599,52.5407],[13.48546,52.54043],[13.47546,52.54408],[13.47353,52.54548],[13.47441,52.54767],[13.47211,52.5477],[13.46721,52.54821]]]},"properties":{"UWB":"11229","UWB3":"229","BWB":"112N","BWB3":"2N","AWK":"1102","BEZ":"11","BWK":"86"}},
{"type":"Feature","geometry":{"type":"Polygon","coordinates":[[[13.48599,52.5407],[13.48804,52.53928],[13.4865,52.53828],[13.48777,52.53754],[13.49165,52.53997],[13.48797,52.54174],[13.48599,52.5407]]]},"properties":{"UWB":"11230","UWB3":"230","BWB":"112Q","BWB3":"2Q","AWK":"1102","BEZ":"11","BWK":"86"}},
{"type":"Feature","geometry":{"type":"Polygon","coordinates":[[[13.49165,52.53997],[13.48777,52.53754],[13.49021,52.53657],[13.4914,52.53621],[13.49514,52.53645],[13.495,52.53742],[13.4919,52.53865],[13.49288,52.53926],[13.49165,52.53997]]]},"properties":{"UWB":"11231","UWB3":"231","BWB":"112R","BWB3":"2R","AWK":"1102","BEZ":"11","BWK":"86"}},
{"type":"Feature","geometry":{"type":"Polygon","coordinates":[[[13.49288,52.53926],[13.4919,52.53865],[13.495,52.53742],[13.49514,52.53645],[13.49779,52.53615],[13.49863,52.53829],[13.49492,52.54052],[13.49288,52.53926]]]},"properties":{"UWB":"11232","UWB3":"232","BWB":"112R","BWB3":"2R","AWK":"1102","BEZ":"11","BWK":"86"}},
{"type":"Feature","geometry":{"type":"Polygon","coordinates":[[[13.50095,52.53878],[13.50115,52.53765],[13.50308,52.53689],[13.50558,52.53651],[13.50751,52.53665],[13.50715,52.5386],[13.50095,52.53878]]]},"properties":{"UWB":"11233","UWB3":"233","BWB":"112S","BWB3":"2S","AWK":"1102","BEZ":"11","BWK":"86"}},
{"type":"Feature","geometry":{"type":"Polygon","coordinates":[[[13.51144,52.53898],[13.50715,52.5386],[13.50751,52.53665],[13.50558,52.53651],[13.50553,52.53463],[13.51419,52.5352],[13.51144,52.53898]]]},"properties":{"UWB":"11234","UWB3":"234","BWB":"112S","BWB3":"2S","AWK":"1102","BEZ":"11","BWK":"86"}},
{"type":"Feature","geometry":{"type":"Polygon","coordinates":[[[13.46731,52.53849],[13.46638,52.53665],[13.4678,52.53612],[13.46874,52.53471],[13.46986,52.53331],[13.47505,52.53435],[13.47348,52.5361],[13.4714,52.53807],[13.46984,52.54046],[13.46731,52.53849]]]},"properties":{"UWB":"11301","UWB3":"301","BWB":"113A","BWB3":"3A","AWK":"1103","BEZ":"11","BWK":"86"}},
{"type":"Feature","geometry":{"type":"Polygon","coordinates":[[[13.46221,52.53113],[13.46091,52.52959],[13.46897,52.53145],[13.46866,52.53195],[13.4655,52.53125],[13.46317,52.5323],[13.46221,52.53113]]]},"properties":{"UWB":"11302","UWB3":"302","BWB":"113F","BWB3":"3F","AWK":"1103","BEZ":"11","BWK":"86"}},
{"type":"Feature","geometry":{"type":"Polygon","coordinates":[[[13.46317,52.5323],[13.4655,52.53125],[13.46866,52.53195],[13.46986,52.53331],[13.46874,52.53471],[13.46452,52.5332],[13.46317,52.5323]]]},"properties":{"UWB":"11303","UWB3":"303","BWB":"113A","BWB3":"3A","AWK":"1103","BEZ":"11","BWK":"86"}},
{"type":"Feature","geometry":{"type":"Polygon","coordinates":[[[13.46986,52.53331],[13.46866,52.53195],[13.46897,52.53145],[13.47052,52.53179],[13.4762,52.53303],[13.47505,52.53435],[13.46986,52.53331]]]},"properties":{"UWB":"11304","UWB3":"304","BWB":"113A","BWB3":"3A","AWK":"1103","BEZ":"11","BWK":"86"}},
{"type":"Feature","geometry":{"type":"Polygon","coordinates":[[[13.47348,52.5361],[13.47505,52.53435],[13.4762,52.53303],[13.481,52.53332],[13.48612,52.53362],[13.48296,52.53447],[13.48047,52.53528],[13.48175,52.53675],[13.47798,52.53752],[13.47348,52.5361]]]},"properties":{"UWB":"11305","UWB3":"305","BWB":"113B","BWB3":"3B","AWK":"1103","BEZ":"11","BWK":"86"}},
{"type":"Feature","geometry":{"type":"Polygon","coordinates":[[[13.47798,52.53752],[13.48175,52.53675],[13.48047,52.53528],[13.48296,52.53447],[13.48573,52.53552],[13.48429,52.53688],[13.48119,52.53867],[13.47798,52.53752]]]},"properties":{"UWB":"11306","UWB3":"306","BWB":"113B","BWB3":"3B","AWK":"1103","BEZ":"11","BWK":"86"}},
{"type":"Feature","geometry":{"type":"Polygon","coordinates":[[[13.48429,52.53688],[13.48573,52.53552],[13.48809,52.53555],[13.49021,52.53657],[13.48777,52.53754],[13.4865,52.53828],[13.48429,52.53688]]]},"properties":{"UWB":"11307","UWB3":"307","BWB":"113C","BWB3":"3C","AWK":"1103","BEZ":"11","BWK":"86"}},
{"type":"Feature","geometry":{"type":"Polygon","coordinates":[[[13.48612,52.53362],[13.48834,52.53376],[13.48809,52.53555],[13.48573,52.53552],[13.48296,52.53447],[13.48612,52.53362]]]},"properties":{"UWB":"11308","UWB3":"308","BWB":"113C","BWB3":"3C","AWK":"1103","BEZ":"11","BWK":"86"}},
{"type":"Feature","geometry":{"type":"Polygon","coordinates":[[[13.49021,52.53657],[13.48809,52.53555],[13.48834,52.53376],[13.49176,52.53397],[13.4914,52.53621],[13.49021,52.53657]]]},"properties":{"UWB":"11309","UWB3":"309","BWB":"113D","BWB3":"3D","AWK":"1103","BEZ":"11","BWK":"86"}},
{"type":"Feature","geometry":{"type":"Polygon","coordinates":[[[13.4914,52.53621],[13.49176,52.53397],[13.49703,52.53418],[13.49779,52.53615],[13.49514,52.53645],[13.4914,52.53621]]]},"properties":{"UWB":"11310","UWB3":"310","BWB":"113D","BWB3":"3D","AWK":"1103","BEZ":"11","BWK":"86"}},
{"type":"Feature","geometry":{"type":"Polygon","coordinates":[[[13.49863,52.53829],[13.49779,52.53615],[13.49703,52.53418],[13.49972,52.53428],[13.5006,52.53433],[13.5005,52.53581],[13.50294,52.53582],[13.50308,52.53689],[13.50115,52.53765],[13.50095,52.53878],[13.49889,52.53894],[13.49863,52.53829]]]},"properties":{"UWB":"11311","UWB3":"311","BWB":"113E","BWB3":"3E","AWK":"1103","BEZ":"11","BWK":"86"}},
{"type":"Feature","geometry":{"type":"Polygon","coordinates":[[[13.50308,52.53689],[13.50294,52.53582],[13.5005,52.53581],[13.5006,52.53433],[13.50553,52.53463],[13.50558,52.53651],[13.50308,52.53689]]]},"properties":{"UWB":"11312","UWB3":"312","BWB":"113E","BWB3":"3E","AWK":"1103","BEZ":"11","BWK":"86"}},
{"type":"Feature","geometry":{"type":"Polygon","coordinates":[[[13.46085,52.52952],[13.46693,52.52847],[13.46951,52.53029],[13.46897,52.53145],[13.46091,52.52959],[13.46085,52.52952]]]},"properties":{"UWB":"11313","UWB3":"313","BWB":"113F","BWB3":"3F","AWK":"1103","BEZ":"11","BWK":"86"}},
{"type":"Feature","geometry":{"type":"Polygon","coordinates":[[[13.46897,52.53145],[13.46951,52.53029],[13.46693,52.52847],[13.47199,52.52764],[13.47226,52.5276],[13.4726,52.52829],[13.47052,52.53179],[13.46897,52.53145]]]},"properties":{"UWB":"11314","UWB3":"314","BWB":"113G","BWB3":"3G","AWK":"1103","BEZ":"11","BWK":"86"}},
{"type":"Feature","geometry":{"type":"Polygon","coordinates":[[[13.47052,52.53179],[13.4726,52.52829],[13.47226,52.5276],[13.47774,52.52666],[13.47974,52.52668],[13.47835,52.52943],[13.47756,52.53083],[13.4762,52.53303],[13.47052,52.53179]]]},"properties":{"UWB":"11315","UWB3":"315","BWB":"113G","BWB3":"3G","AWK":"1103","BEZ":"11","BWK":"86"}},
{"type":"Feature","geometry":{"type":"Polygon","coordinates":[[[13.4762,52.53303],[13.47756,52.53083],[13.47968,52.53127],[13.47974,52.53252],[13.481,52.53332],[13.4762,52.53303]]]},"properties":{"UWB":"11316","UWB3":"316","BWB":"113H","BWB3":"3H","AWK":"1103","BEZ":"11","BWK":"86"}},
{"type":"Feature","geometry":{"type":"Polygon","coordinates":[[[13.481,52.53332],[13.47974,52.53252],[13.47968,52.53127],[13.4811,52.53125],[13.48524,52.53186],[13.49676,52.53253],[13.49707,52.53106],[13.50006,52.53119],[13.49972,52.53428],[13.49703,52.53418],[13.49176,52.53397],[13.48834,52.53376],[13.48612,52.53362],[13.481,52.53332]]]},"properties":{"UWB":"11317","UWB3":"317","BWB":"113H","BWB3":"3H","AWK":"1103","BEZ":"11","BWK":"86"}},
{"type":"Feature","geometry":{"type":"Polygon","coordinates":[[[13.5192,52.52595],[13.51462,52.52563],[13.5138,52.52627],[13.51348,52.52856],[13.5172,52.52898],[13.51672,52.53122],[13.51877,52.53142],[13.51877,52.53147],[13.51861,52.5329],[13.51712,52.5354],[13.51419,52.5352],[13.50553,52.53463],[13.5006,52.53433],[13.49972,52.53428],[13.50006,52.53119],[13.49993,52.52912],[13.49978,52.52636],[13.50458,52.52635],[13.50506,52.52575],[13.50522,52.52261],[13.5059,52.52152],[13.50891,52.51922],[13.50957,52.51687],[13.50852,52.51414],[13.51301,52.51442],[13.51858,52.51434],[13.51943,52.52384],[13.5192,52.52595]]]},"properties":{"UWB":"11318","UWB3":"318","BWB":"113L","BWB3":"3L","AWK":"1103","BEZ":"11","BWK":"86"}},
{"type":"Feature","geometry":{"type":"Polygon","coordinates":[[[13.51877,52.53142],[13.51672,52.53122],[13.5172,52.52898],[13.51348,52.52856],[13.5138,52.52627],[13.51462,52.52563],[13.5192,52.52595],[13.51878,52.53135],[13.51877,52.53142]]]},"properties":{"UWB":"11319","UWB3":"319","BWB":"113L","BWB3":"3L","AWK":"1103","BEZ":"11","BWK":"86"}},
{"type":"Feature","geometry":{"type":"Polygon","coordinates":[[[13.47835,52.52943],[13.48102,52.52972],[13.4811,52.53125],[13.47968,52.53127],[13.47756,52.53083],[13.47835,52.52943]]]},"properties":{"UWB":"11320","UWB3":"320","BWB":"113I","BWB3":"3I","AWK":"1103","BEZ":"11","BWK":"86"}},
{"type":"Feature","geometry":{"type":"Polygon","coordinates":[[[13.4811,52.53125],[13.48102,52.52972],[13.48192,52.52873],[13.48544,52.52865],[13.48545,52.52942],[13.49993,52.52912],[13.50006,52.53119],[13.49707,52.53106],[13.49676,52.53253],[13.48524,52.53186],[13.4811,52.53125]]]},"properties":{"UWB":"11321","UWB3":"321","BWB":"113I","BWB3":"3I","AWK":"1103","BEZ":"11","BWK":"86"}},
{"type":"Feature","geometry":{"type":"Polygon","coordinates":[[[13.47974,52.52668],[13.48182,52.52676],[13.48192,52.52873],[13.48102,52.52972],[13.47835,52.52943],[13.47974,52.52668]]]},"properties":{"UWB":"11322","UWB3":"322","BWB":"113K","BWB3":"3K","AWK":"1103","BEZ":"11","BWK":"86"}},
{"type":"Feature","geometry":{"type":"Polygon","coordinates":[[[13.49993,52.52912],[13.48545,52.52942],[13.48544,52.52865],[13.48192,52.52873],[13.48182,52.52676],[13.49978,52.52636],[13.49993,52.52912]]]},"properties":{"UWB":"11323","UWB3":"323","BWB":"113K","BWB3":"3K","AWK":"1103","BEZ":"11","BWK":"86"}},
{"type":"Feature","geometry":{"type":"Polygon","coordinates":[[[13.49978,52.52636],[13.49967,52.5246],[13.49956,52.5229],[13.49941,52.52034],[13.49925,52.51817],[13.50067,52.51803],[13.50459,52.51811],[13.50653,52.51766],[13.50957,52.51687],[13.50891,52.51922],[13.5059,52.52152],[13.50522,52.52261],[13.50506,52.52575],[13.50458,52.52635],[13.49978,52.52636]]]},"properties":{"UWB":"11324","UWB3":"324","BWB":"113L","BWB3":"3L","AWK":"1103","BEZ":"11","BWK":"86"}},
{"type":"Feature","geometry":{"type":"Polygon","coordinates":[[[13.50067,52.51803],[13.50032,52.51676],[13.50005,52.51556],[13.50293,52.51527],[13.50582,52.51498],[13.50653,52.51766],[13.50459,52.51811],[13.50067,52.51803]]]},"properties":{"UWB":"11325","UWB3":"325","BWB":"113M","BWB3":"3M","AWK":"1103","BEZ":"11","BWK":"86"}},
{"type":"Feature","geometry":{"type":"Polygon","coordinates":[[[13.50957,52.51687],[13.50653,52.51766],[13.50582,52.51498],[13.50293,52.51527],[13.50259,52.51398],[13.50412,52.51368],[13.50852,52.51414],[13.50957,52.51687]]]},"properties":{"UWB":"11326","UWB3":"326","BWB":"113M","BWB3":"3M","AWK":"1103","BEZ":"11","BWK":"86"}},
{"type":"Feature","geometry":{"type":"Polygon","coordinates":[[[13.50005,52.51556],[13.4996,52.51383],[13.50074,52.51254],[13.50412,52.51368],[13.50259,52.51398],[13.50293,52.51527],[13.50005,52.51556]]]},"properties":{"UWB":"11327","UWB3":"327","BWB":"113N","BWB3":"3N","AWK":"1103","BEZ":"11","BWK":"86"}},
{"type":"Feature","geometry":{"type":"Polygon","coordinates":[[[13.50412,52.51368],[13.50074,52.51254],[13.49797,52.5114],[13.50008,52.5112],[13.50841,52.51047],[13.50871,52.51045],[13.50896,52.51147],[13.50747,52.51295],[13.50852,52.51414],[13.50412,52.51368]]]},"properties":{"UWB":"11328","UWB3":"328","BWB":"113N","BWB3":"3N","AWK":"1103","BEZ":"11","BWK":"86"}},
{"type":"Feature","geometry":{"type":"Polygon","coordinates":[[[13.51858,52.51434],[13.51301,52.51442],[13.50852,52.51414],[13.50747,52.51295],[13.50896,52.51147],[13.51605,52.51102],[13.51578,52.51293],[13.51472,52.51387],[13.51855,52.51391],[13.51858,52.51434]]]},"properties":{"UWB":"11329","UWB3":"329","BWB":"113P","BWB3":"3P","AWK":"1103","BEZ":"11","BWK":"86"}},
{"type":"Feature","geometry":{"type":"Polygon","coordinates":[[[13.50871,52.51045],[13.51204,52.51026],[13.51455,52.51004],[13.51895,52.50965],[13.51897,52.51088],[13.51605,52.51102],[13.50896,52.51147],[13.50871,52.51045]]]},"properties":{"UWB":"11330","UWB3":"330","BWB":"113P","BWB3":"3P","AWK":"1103","BEZ":"11","BWK":"86"}},
{"type":"Feature","geometry":{"type":"Polygon","coordinates":[[[13.51855,52.51391],[13.51472,52.51387],[13.51578,52.51293],[13.51605,52.51102],[13.51897,52.51088],[13.51875,52.5139],[13.51855,52.51391]]]},"properties":{"UWB":"11331","UWB3":"331","BWB":"113Q","BWB3":"3Q","AWK":"1103","BEZ":"11","BWK":"86"}},
{"type":"Feature","geometry":{"type":"Polygon","coordinates":[[[13.51875,52.5139],[13.51897,52.51088],[13.51895,52.50965],[13.52327,52.50975],[13.52469,52.50993],[13.5244,52.51127],[13.52523,52.51379],[13.52463,52.51381],[13.51875,52.5139]]]},"properties":{"UWB":"11332","UWB3":"332","BWB":"113Q","BWB3":"3Q","AWK":"1103","BEZ":"11","BWK":"86"}},
{"type":"Feature","geometry":{"type":"Polygon","coordinates":[[[13.52523,52.51379],[13.5244,52.51127],[13.52619,52.51166],[13.53177,52.51164],[13.53013,52.51213],[13.52958,52.5136],[13.52524,52.51379],[13.52523,52.51379]]]},"properties":{"UWB":"11333","UWB3":"333","BWB":"113R","BWB3":"3R","AWK":"1103","BEZ":"11","BWK":"86"}},
{"type":"Feature","geometry":{"type":"Polygon","coordinates":[[[13.52469,52.50993],[13.52794,52.51027],[13.5325,52.51028],[13.53177,52.51164],[13.52619,52.51166],[13.5244,52.51127],[13.52469,52.50993]]]},"properties":{"UWB":"11334","UWB3":"334","BWB":"113R","BWB3":"3R","AWK":"1103","BEZ":"11","BWK":"86"}},
{"type":"Feature","geometry":{"type":"Polygon","coordinates":[[[13.52958,52.5136],[13.53013,52.51213],[13.53177,52.51164],[13.5325,52.51028],[13.53263,52.51014],[13.53365,52.5101],[13.53383,52.51097],[13.53399,52.51096],[13.5339,52.51127],[13.5342,52.51254],[13.53435,52.51316],[13.53434,52.51316],[13.53443,52.51354],[13.53398,52.51362],[13.52958,52.5136]]]},"properties":{"UWB":"11335","UWB3":"335","BWB":"113S","BWB3":"3S","AWK":"1103","BEZ":"11","BWK":"86"}},
{"type":"Feature","geometry":{"type":"Polygon","coordinates":[[[13.53443,52.51354],[13.53434,52.51316],[13.53435,52.51316],[13.5342,52.51254],[13.5339,52.51127],[13.53399,52.51096],[13.53383,52.51097],[13.53365,52.5101],[13.53621,52.50999],[13.53785,52.50992],[13.53758,52.51178],[13.53443,52.51354]]]},"properties":{"UWB":"11336","UWB3":"336","BWB":"113S","BWB3":"3S","AWK":"1103","BEZ":"11","BWK":"86"}},
{"type":"Feature","geometry":{"type":"Polygon","coordinates":[[[13.45633,52.52839],[13.45885,52.52593],[13.46076,52.52798],[13.46619,52.52698],[13.46693,52.52847],[13.46085,52.52952],[13.45633,52.52839]]]},"properties":{"UWB":"11401","UWB3":"401","BWB":"114A","BWB3":"4A","AWK":"1104","BEZ":"11","BWK":"86"}},
{"type":"Feature","geometry":{"type":"Polygon","coordinates":[[[13.46123,52.52498],[13.46246,52.52604],[13.46562,52.52604],[13.46619,52.52698],[13.46076,52.52798],[13.45885,52.52593],[13.46123,52.52498]]]},"properties":{"UWB":"11402","UWB3":"402","BWB":"114A","BWB3":"4A","AWK":"1104","BEZ":"11","BWK":"86"}},
{"type":"Feature","geometry":{"type":"Polygon","coordinates":[[[13.4676,52.52366],[13.46933,52.52334],[13.46949,52.52469],[13.46805,52.52517],[13.46562,52.52604],[13.46246,52.52604],[13.46123,52.52498],[13.4676,52.52366]]]},"properties":{"UWB":"11403","UWB3":"403","BWB":"114B","BWB3":"4B","AWK":"1104","BEZ":"11","BWK":"86"}},
{"type":"Feature","geometry":{"type":"Polygon","coordinates":[[[13.46693,52.52847],[13.46619,52.52698],[13.46562,52.52604],[13.46805,52.52517],[13.4718,52.52721],[13.47199,52.52764],[13.46693,52.52847]]]},"properties":{"UWB":"11404","UWB3":"404","BWB":"114B","BWB3":"4B","AWK":"1104","BEZ":"11","BWK":"86"}},
{"type":"Feature","geometry":{"type":"Polygon","coordinates":[[[13.46933,52.52334],[13.47018,52.52316],[13.47188,52.52541],[13.4718,52.52721],[13.46805,52.52517],[13.46949,52.52469],[13.46933,52.52334]]]},"properties":{"UWB":"11405","UWB3":"405","BWB":"114C","BWB3":"4C","AWK":"1104","BEZ":"11","BWK":"86"}},
{"type":"Feature","geometry":{"type":"Polygon","coordinates":[[[13.47199,52.52764],[13.4718,52.52721],[13.47188,52.52541],[13.47541,52.52556],[13.47774,52.52666],[13.47226,52.5276],[13.47199,52.52764]]]},"properties":{"UWB":"11406","UWB3":"406","BWB":"114C","BWB3":"4C","AWK":"1104","BEZ":"11","BWK":"86"}},
{"type":"Feature","geometry":{"type":"Polygon","coordinates":[[[13.47774,52.52666],[13.47541,52.52556],[13.47542,52.52451],[13.47729,52.52365],[13.47957,52.52363],[13.47967,52.52552],[13.47974,52.52668],[13.47774,52.52666]]]},"properties":{"UWB":"11407","UWB3":"407","BWB":"114D","BWB3":"4D","AWK":"1104","BEZ":"11","BWK":"86"}},
{"type":"Feature","geometry":{"type":"Polygon","coordinates":[[[13.47974,52.52668],[13.47967,52.52552],[13.48172,52.52563],[13.48183,52.52447],[13.48467,52.52442],[13.48541,52.52491],[13.49967,52.5246],[13.49978,52.52636],[13.48182,52.52676],[13.47974,52.52668]]]},"properties":{"UWB":"11408","UWB3":"408","BWB":"114E","BWB3":"4E","AWK":"1104","BEZ":"11","BWK":"86"}},
{"type":"Feature","geometry":{"type":"Polygon","coordinates":[[[13.47018,52.52316],[13.47731,52.52298],[13.47729,52.52365],[13.47542,52.52451],[13.47541,52.52556],[13.47188,52.52541],[13.47018,52.52316]]]},"properties":{"UWB":"11409","UWB3":"409","BWB":"114D","BWB3":"4D","AWK":"1104","BEZ":"11","BWK":"86"}},
{"type":"Feature","geometry":{"type":"Polygon","coordinates":[[[13.49967,52.5246],[13.48541,52.52491],[13.48467,52.52442],[13.48183,52.52447],[13.48172,52.52563],[13.47967,52.52552],[13.47957,52.52363],[13.47961,52.52308],[13.48312,52.52324],[13.49956,52.5229],[13.49967,52.5246]]]},"properties":{"UWB":"11410","UWB3":"410","BWB":"114E","BWB3":"4E","AWK":"1104","BEZ":"11","BWK":"86"}},
{"type":"Feature","geometry":{"type":"Polygon","coordinates":[[[13.47255,52.52053],[13.47353,52.52046],[13.47333,52.52159],[13.47716,52.52108],[13.47955,52.52043],[13.47957,52.52073],[13.47961,52.52308],[13.47957,52.52363],[13.47729,52.52365],[13.47731,52.52298],[13.47018,52.52316],[13.46933,52.52334],[13.4676,52.52366],[13.46949,52.52287],[13.47211,52.52069],[13.47255,52.52053]]]},"properties":{"UWB":"11411","UWB3":"411","BWB":"114F","BWB3":"4F","AWK":"1104","BEZ":"11","BWK":"86"}},
{"type":"Feature","geometry":{"type":"Polygon","coordinates":[[[13.49956,52.5229],[13.48312,52.52324],[13.47961,52.52308],[13.47957,52.52073],[13.48595,52.5208],[13.49941,52.52034],[13.49956,52.5229]]]},"properties":{"UWB":"11412","UWB3":"412","BWB":"114G","BWB3":"4G","AWK":"1104","BEZ":"11","BWK":"86"}},
{"type":"Feature","geometry":{"type":"Polygon","coordinates":[[[13.47353,52.52046],[13.47979,52.51911],[13.47955,52.52043],[13.47716,52.52108],[13.47333,52.52159],[13.47353,52.52046]]]},"properties":{"UWB":"11413","UWB3":"413","BWB":"114F","BWB3":"4F","AWK":"1104","BEZ":"11","BWK":"86"}},
{"type":"Feature","geometry":{"type":"Polygon","coordinates":[[[13.47955,52.52043],[13.47979,52.51911],[13.48011,52.51899],[13.48273,52.51895],[13.48591,52.51893],[13.48595,52.5208],[13.47957,52.52073],[13.47955,52.52043]]]},"properties":{"UWB":"11414","UWB3":"414","BWB":"114G","BWB3":"4G","AWK":"1104","BEZ":"11","BWK":"86"}},
{"type":"Feature","geometry":{"type":"Polygon","coordinates":[[[13.49941,52.52034],[13.48595,52.5208],[13.48591,52.51893],[13.48582,52.51852],[13.4951,52.51821],[13.49925,52.51817],[13.49941,52.52034]]]},"properties":{"UWB":"11415","UWB3":"415","BWB":"114K","BWB3":"4K","AWK":"1104","BEZ":"11","BWK":"86"}},
{"type":"Feature","geometry":{"type":"Polygon","coordinates":[[[13.47547,52.51364],[13.48167,52.51301],[13.48186,52.51426],[13.4794,52.51629],[13.48011,52.51899],[13.47979,52.51911],[13.47353,52.52046],[13.47255,52.52053],[13.4742,52.51912],[13.47671,52.51505],[13.47547,52.51364]]]},"properties":{"UWB":"11416","UWB3":"416","BWB":"114H","BWB3":"4H","AWK":"1104","BEZ":"11","BWK":"86"}},
{"type":"Feature","geometry":{"type":"Polygon","coordinates":[[[13.48011,52.51899],[13.4794,52.51629],[13.48228,52.51613],[13.48273,52.51895],[13.48011,52.51899]]]},"properties":{"UWB":"11417","UWB3":"417","BWB":"114H","BWB3":"4H","AWK":"1104","BEZ":"11","BWK":"86"}},
{"type":"Feature","geometry":{"type":"Polygon","coordinates":[[[13.48273,52.51895],[13.48228,52.51613],[13.48512,52.51586],[13.48562,52.51777],[13.48582,52.51852],[13.48591,52.51893],[13.48273,52.51895]]]},"properties":{"UWB":"11418","UWB3":"418","BWB":"114I","BWB3":"4I","AWK":"1104","BEZ":"11","BWK":"86"}},
{"type":"Feature","geometry":{"type":"Polygon","coordinates":[[[13.48582,52.51852],[13.48562,52.51777],[13.48806,52.51754],[13.48867,52.51662],[13.49364,52.51619],[13.4951,52.51821],[13.48582,52.51852]]]},"properties":{"UWB":"11419","UWB3":"419","BWB":"114K","BWB3":"4K","AWK":"1104","BEZ":"11","BWK":"86"}},
{"type":"Feature","geometry":{"type":"Polygon","coordinates":[[[13.49925,52.51817],[13.4951,52.51821],[13.49364,52.51619],[13.49658,52.5159],[13.49862,52.51569],[13.50032,52.51676],[13.50067,52.51803],[13.49925,52.51817]]]},"properties":{"UWB":"11420","UWB3":"420","BWB":"114L","BWB3":"4L","AWK":"1104","BEZ":"11","BWK":"86"}},
{"type":"Feature","geometry":{"type":"Polygon","coordinates":[[[13.48867,52.51662],[13.48902,52.51538],[13.49102,52.51469],[13.49469,52.51432],[13.49612,52.51418],[13.49658,52.5159],[13.49364,52.51619],[13.48867,52.51662]]]},"properties":{"UWB":"11421","UWB3":"421","BWB":"114M","BWB3":"4M","AWK":"1104","BEZ":"11","BWK":"86"}},
{"type":"Feature","geometry":{"type":"Polygon","coordinates":[[[13.50032,52.51676],[13.49862,52.51569],[13.49658,52.5159],[13.49612,52.51418],[13.4996,52.51383],[13.50005,52.51556],[13.50032,52.51676]]]},"properties":{"UWB":"11422","UWB3":"422","BWB":"114L","BWB3":"4L","AWK":"1104","BEZ":"11","BWK":"86"}},
{"type":"Feature","geometry":{"type":"Polygon","coordinates":[[[13.48167,52.51301],[13.48435,52.51274],[13.48512,52.51586],[13.48228,52.51613],[13.4794,52.51629],[13.48186,52.51426],[13.48167,52.51301]]]},"properties":{"UWB":"11423","UWB3":"423","BWB":"114I","BWB3":"4I","AWK":"1104","BEZ":"11","BWK":"86"}},
{"type":"Feature","geometry":{"type":"Polygon","coordinates":[[[13.48512,52.51586],[13.48435,52.51274],[13.49109,52.51201],[13.49178,52.5146],[13.49102,52.51469],[13.48902,52.51538],[13.48867,52.51662],[13.48806,52.51754],[13.48562,52.51777],[13.48512,52.51586]]]},"properties":{"UWB":"11424","UWB3":"424","BWB":"114M","BWB3":"4M","AWK":"1104","BEZ":"11","BWK":"86"}},
{"type":"Feature","geometry":{"type":"Polygon","coordinates":[[[13.49102,52.51469],[13.49178,52.5146],[13.49109,52.51201],[13.49397,52.51173],[13.49469,52.51432],[13.49102,52.51469]]]},"properties":{"UWB":"11425","UWB3":"425","BWB":"114N","BWB3":"4N","AWK":"1104","BEZ":"11","BWK":"86"}},
{"type":"Feature","geometry":{"type":"Polygon","coordinates":[[[13.4996,52.51383],[13.49612,52.51418],[13.49469,52.51432],[13.49397,52.51173],[13.49797,52.5114],[13.50074,52.51254],[13.4996,52.51383]]]},"properties":{"UWB":"11426","UWB3":"426","BWB":"114N","BWB3":"4N","AWK":"1104","BEZ":"11","BWK":"86"}},
{"type":"Feature","geometry":{"type":"Polygon","coordinates":[[[13.4758,52.51228],[13.47688,52.51205],[13.4813,52.51008],[13.48261,52.51153],[13.48403,52.51135],[13.48435,52.51274],[13.48167,52.51301],[13.47547,52.51364],[13.4758,52.51228]]]},"properties":{"UWB":"11427","UWB3":"427","BWB":"114P","BWB3":"4P","AWK":"1104","BEZ":"11","BWK":"86"}},
{"type":"Feature","geometry":{"type":"Polygon","coordinates":[[[13.4813,52.51008],[13.48188,52.50983],[13.48425,52.5089],[13.48469,52.51118],[13.48403,52.51135],[13.48261,52.51153],[13.4813,52.51008]]]},"properties":{"UWB":"11428","UWB3":"428","BWB":"114P","BWB3":"4P","AWK":"1104","BEZ":"11","BWK":"86"}},
{"type":"Feature","geometry":{"type":"Polygon","coordinates":[[[13.48435,52.51274],[13.48403,52.51135],[13.48469,52.51118],[13.48832,52.51078],[13.493,52.51091],[13.49536,52.51068],[13.49797,52.5114],[13.49397,52.51173],[13.49109,52.51201],[13.48435,52.51274]]]},"properties":{"UWB":"11429","UWB3":"429","BWB":"114Q","BWB3":"4Q","AWK":"1104","BEZ":"11","BWK":"86"}},
{"type":"Feature","geometry":{"type":"Polygon","coordinates":[[[13.49797,52.5114],[13.49536,52.51068],[13.493,52.51091],[13.48832,52.51078],[13.48469,52.51118],[13.48425,52.5089],[13.4863,52.50799],[13.49204,52.50709],[13.49604,52.50863],[13.49767,52.50972],[13.50008,52.5112],[13.49797,52.5114]]]},"properties":{"UWB":"11430","UWB3":"430","BWB":"114Q","BWB3":"4Q","AWK":"1104","BEZ":"11","BWK":"86"}},
{"type":"Feature","geometry":{"type":"Polygon","coordinates":[[[13.47688,52.51205],[13.47837,52.50924],[13.47998,52.50863],[13.48188,52.50983],[13.4813,52.51008],[13.47688,52.51205]]]},"properties":{"UWB":"11431","UWB3":"431","BWB":"114R","BWB3":"4R","AWK":"1104","BEZ":"11","BWK":"86"}},
{"type":"Feature","geometry":{"type":"Polygon","coordinates":[[[13.4758,52.51228],[13.47626,52.51044],[13.47398,52.50802],[13.47271,52.50636],[13.47477,52.50694],[13.47834,52.50672],[13.47998,52.50863],[13.47837,52.50924],[13.47688,52.51205],[13.4758,52.51228]]]},"properties":{"UWB":"11432","UWB3":"432","BWB":"114R","BWB3":"4R","AWK":"1104","BEZ":"11","BWK":"86"}},
{"type":"Feature","geometry":{"type":"Polygon","coordinates":[[[13.47127,52.50524],[13.47449,52.5046],[13.47509,52.50532],[13.47896,52.50439],[13.48004,52.50606],[13.47834,52.50672],[13.47477,52.50694],[13.47271,52.50636],[13.47127,52.50524]]]},"properties":{"UWB":"11433","UWB3":"433","BWB":"114T","BWB3":"4T","AWK":"1104","BEZ":"11","BWK":"86"}},
{"type":"Feature","geometry":{"type":"Polygon","coordinates":[[[13.48188,52.50983],[13.47998,52.50863],[13.47834,52.50672],[13.48004,52.50606],[13.48209,52.50466],[13.48335,52.50307],[13.48532,52.50363],[13.48678,52.50426],[13.48842,52.50511],[13.4915,52.50684],[13.49204,52.50709],[13.4863,52.50799],[13.48425,52.5089],[13.48188,52.50983]]]},"properties":{"UWB":"11434","UWB3":"434","BWB":"114S","BWB3":"4S","AWK":"1104","BEZ":"11","BWK":"86"}},
{"type":"Feature","geometry":{"type":"Polygon","coordinates":[[[13.46975,52.50236],[13.47516,52.50155],[13.47542,52.50197],[13.47554,52.50224],[13.47793,52.50283],[13.47896,52.50439],[13.47509,52.50532],[13.47449,52.5046],[13.47127,52.50524],[13.46975,52.50236]]]},"properties":{"UWB":"11435","UWB3":"435","BWB":"114T","BWB3":"4T","AWK":"1104","BEZ":"11","BWK":"86"}},
{"type":"Feature","geometry":{"type":"Polygon","coordinates":[[[13.47896,52.50439],[13.47793,52.50283],[13.47554,52.50224],[13.47985,52.50233],[13.48335,52.50307],[13.48209,52.50466],[13.48004,52.50606],[13.47896,52.50439]]]},"properties":{"UWB":"11436","UWB3":"436","BWB":"114S","BWB3":"4S","AWK":"1104","BEZ":"11","BWK":"86"}},
{"type":"Feature","geometry":{"type":"Polygon","coordinates":[[[13.50008,52.5112],[13.49767,52.50972],[13.50249,52.5089],[13.50353,52.50969],[13.50609,52.5089],[13.50806,52.50828],[13.50841,52.51047],[13.50008,52.5112]]]},"properties":{"UWB":"11501","UWB3":"501","BWB":"115A","BWB3":"5A","AWK":"1105","BEZ":"11","BWK":"86"}},
{"type":"Feature","geometry":{"type":"Polygon","coordinates":[[[13.50841,52.51047],[13.50806,52.50828],[13.51184,52.50773],[13.51204,52.51026],[13.50871,52.51045],[13.50841,52.51047]]]},"properties":{"UWB":"11502","UWB3":"502","BWB":"115C","BWB3":"5C","AWK":"1105","BEZ":"11","BWK":"86"}},
{"type":"Feature","geometry":{"type":"Polygon","coordinates":[[[13.51204,52.51026],[13.51184,52.50773],[13.51183,52.50713],[13.51503,52.5075],[13.51455,52.51004],[13.51204,52.51026]]]},"properties":{"UWB":"11503","UWB3":"503","BWB":"115C","BWB3":"5C","AWK":"1105","BEZ":"11","BWK":"86"}},
{"type":"Feature","geometry":{"type":"Polygon","coordinates":[[[13.51455,52.51004],[13.51503,52.5075],[13.5195,52.50755],[13.51895,52.50965],[13.51455,52.51004]]]},"properties":{"UWB":"11504","UWB3":"504","BWB":"115D","BWB3":"5D","AWK":"1105","BEZ":"11","BWK":"86"}},
{"type":"Feature","geometry":{"type":"Polygon","coordinates":[[[13.51895,52.50965],[13.5195,52.50755],[13.52261,52.508],[13.52327,52.50975],[13.51895,52.50965]]]},"properties":{"UWB":"11505","UWB3":"505","BWB":"115E","BWB3":"5E","AWK":"1105","BEZ":"11","BWK":"86"}},
{"type":"Feature","geometry":{"type":"Polygon","coordinates":[[[13.52327,52.50975],[13.52261,52.508],[13.5195,52.50755],[13.51982,52.50583],[13.52671,52.50768],[13.5296,52.50814],[13.53283,52.50815],[13.53263,52.51014],[13.5325,52.51028],[13.52794,52.51027],[13.52469,52.50993],[13.52327,52.50975]]]},"properties":{"UWB":"11506","UWB3":"506","BWB":"115E","BWB3":"5E","AWK":"1105","BEZ":"11","BWK":"86"}},
{"type":"Feature","geometry":{"type":"Polygon","coordinates":[[[13.49604,52.50863],[13.49886,52.50757],[13.50098,52.50715],[13.50249,52.5089],[13.49767,52.50972],[13.49604,52.50863]]]},"properties":{"UWB":"11507","UWB3":"507","BWB":"115A","BWB3":"5A","AWK":"1105","BEZ":"11","BWK":"86"}},
{"type":"Feature","geometry":{"type":"Polygon","coordinates":[[[13.50249,52.5089],[13.50098,52.50715],[13.5032,52.50671],[13.50458,52.50644],[13.50609,52.5089],[13.50353,52.50969],[13.50249,52.5089]]]},"properties":{"UWB":"11508","UWB3":"508","BWB":"115B","BWB3":"5B","AWK":"1105","BEZ":"11","BWK":"86"}},
{"type":"Feature","geometry":{"type":"Polygon","coordinates":[[[13.50609,52.5089],[13.50458,52.50644],[13.50777,52.50586],[13.51147,52.50555],[13.51183,52.50713],[13.51184,52.50773],[13.50806,52.50828],[13.50609,52.5089]]]},"properties":{"UWB":"11509","UWB3":"509","BWB":"115B","BWB3":"5B","AWK":"1105","BEZ":"11","BWK":"86"}},
{"type":"Feature","geometry":{"type":"Polygon","coordinates":[[[13.51183,52.50713],[13.51361,52.50543],[13.51385,52.50548],[13.51982,52.50583],[13.5195,52.50755],[13.51503,52.5075],[13.51183,52.50713]]]},"properties":{"UWB":"11510","UWB3":"510","BWB":"115D","BWB3":"5D","AWK":"1105","BEZ":"11","BWK":"86"}},
{"type":"Feature","geometry":{"type":"Polygon","coordinates":[[[13.49204,52.50709],[13.4915,52.50684],[13.49466,52.50622],[13.4977,52.5056],[13.49886,52.50757],[13.49604,52.50863],[13.49204,52.50709]]]},"properties":{"UWB":"11511","UWB3":"511","BWB":"115F","BWB3":"5F","AWK":"1105","BEZ":"11","BWK":"86"}},
{"type":"Feature","geometry":{"type":"Polygon","coordinates":[[[13.49886,52.50757],[13.4977,52.5056],[13.49905,52.50535],[13.50181,52.50479],[13.5032,52.50671],[13.50098,52.50715],[13.49886,52.50757]]]},"properties":{"UWB":"11512","UWB3":"512","BWB":"115F","BWB3":"5F","AWK":"1105","BEZ":"11","BWK":"86"}},
{"type":"Feature","geometry":{"type":"Polygon","coordinates":[[[13.5032,52.50671],[13.50181,52.50479],[13.5003,52.5027],[13.50303,52.50217],[13.50455,52.50246],[13.50674,52.50287],[13.50777,52.50586],[13.50458,52.50644],[13.5032,52.50671]]]},"properties":{"UWB":"11513","UWB3":"513","BWB":"115H","BWB3":"5H","AWK":"1105","BEZ":"11","BWK":"86"}},
{"type":"Feature","geometry":{"type":"Polygon","coordinates":[[[13.50777,52.50586],[13.50674,52.50287],[13.51004,52.50348],[13.51345,52.50537],[13.51361,52.50543],[13.51183,52.50713],[13.51147,52.50555],[13.50777,52.50586]]]},"properties":{"UWB":"11514","UWB3":"514","BWB":"115I","BWB3":"5I","AWK":"1105","BEZ":"11","BWK":"86"}},
{"type":"Feature","geometry":{"type":"Polygon","coordinates":[[[13.51385,52.50548],[13.51736,52.50279],[13.51717,52.50337],[13.52067,52.50383],[13.51982,52.50583],[13.51385,52.50548]]]},"properties":{"UWB":"11515","UWB3":"515","BWB":"115L","BWB3":"5L","AWK":"1105","BEZ":"11","BWK":"86"}},
{"type":"Feature","geometry":{"type":"Polygon","coordinates":[[[13.53621,52.50999],[13.53365,52.5101],[13.53263,52.51014],[13.53283,52.50815],[13.5296,52.50814],[13.52671,52.50768],[13.51982,52.50583],[13.52067,52.50383],[13.51717,52.50337],[13.51736,52.50279],[13.52107,52.50274],[13.52192,52.50024],[13.52307,52.49832],[13.52453,52.49587],[13.52541,52.49458],[13.5256,52.4943],[13.53551,52.49679],[13.54173,52.4983],[13.53949,52.49854],[13.5352,52.50555],[13.5363,52.5064],[13.53621,52.50999]]]},"properties":{"UWB":"11516","UWB3":"516","BWB":"115L","BWB3":"5L","AWK":"1105","BEZ":"11","BWK":"86"}},
{"type":"Feature","geometry":{"type":"Polygon","coordinates":[[[13.48842,52.50511],[13.4934,52.50408],[13.49466,52.50622],[13.4915,52.50684],[13.48842,52.50511]]]},"properties":{"UWB":"11517","UWB3":"517","BWB":"115G","BWB3":"5G","AWK":"1105","BEZ":"11","BWK":"86"}},
{"type":"Feature","geometry":{"type":"Polygon","coordinates":[[[13.49466,52.50622],[13.4934,52.50408],[13.49404,52.5028],[13.4936,52.50205],[13.49541,52.50166],[13.49645,52.50345],[13.49777,52.50319],[13.49905,52.50535],[13.4977,52.5056],[13.49466,52.50622]]]},"properties":{"UWB":"11518","UWB3":"518","BWB":"115G","BWB3":"5G","AWK":"1105","BEZ":"11","BWK":"86"}},
{"type":"Feature","geometry":{"type":"Polygon","coordinates":[[[13.49905,52.50535],[13.49777,52.50319],[13.49872,52.503],[13.5003,52.5027],[13.50181,52.50479],[13.49905,52.50535]]]},"properties":{"UWB":"11519","UWB3":"519","BWB":"115H","BWB3":"5H","AWK":"1105","BEZ":"11","BWK":"86"}},
{"type":"Feature","geometry":{"type":"Polygon","coordinates":[[[13.50455,52.50246],[13.50439,52.50084],[13.50861,52.50027],[13.50985,52.50007],[13.50925,52.50174],[13.51004,52.50348],[13.50674,52.50287],[13.50455,52.50246]]]},"properties":{"UWB":"11520","UWB3":"520","BWB":"115I","BWB3":"5I","AWK":"1105","BEZ":"11","BWK":"86"}},
{"type":"Feature","geometry":{"type":"Polygon","coordinates":[[[13.51004,52.50348],[13.50925,52.50174],[13.50985,52.50007],[13.51312,52.50012],[13.51591,52.49972],[13.51601,52.50245],[13.51345,52.50537],[13.51004,52.50348]]]},"properties":{"UWB":"11521","UWB3":"521","BWB":"115K","BWB3":"5K","AWK":"1105","BEZ":"11","BWK":"86"}},
{"type":"Feature","geometry":{"type":"Polygon","coordinates":[[[13.51361,52.50543],[13.51345,52.50537],[13.51601,52.50245],[13.51591,52.49972],[13.51543,52.49807],[13.51589,52.49663],[13.51738,52.49609],[13.51931,52.49653],[13.51876,52.49743],[13.52307,52.49832],[13.52192,52.50024],[13.52107,52.50274],[13.51736,52.50279],[13.51385,52.50548],[13.51361,52.50543]]]},"properties":{"UWB":"11522","UWB3":"522","BWB":"115K","BWB3":"5K","AWK":"1105","BEZ":"11","BWK":"86"}},
{"type":"Feature","geometry":{"type":"Polygon","coordinates":[[[13.48678,52.50426],[13.49281,52.50304],[13.49404,52.5028],[13.4934,52.50408],[13.48842,52.50511],[13.48678,52.50426]]]},"properties":{"UWB":"11523","UWB3":"523","BWB":"115M","BWB3":"5M","AWK":"1105","BEZ":"11","BWK":"86"}},
{"type":"Feature","geometry":{"type":"Polygon","coordinates":[[[13.48532,52.50363],[13.48895,52.50293],[13.48838,52.50214],[13.49061,52.50149],[13.49281,52.50304],[13.48678,52.50426],[13.48532,52.50363]]]},"properties":{"UWB":"11524","UWB3":"524","BWB":"115M","BWB3":"5M","AWK":"1105","BEZ":"11","BWK":"86"}},
{"type":"Feature","geometry":{"type":"Polygon","coordinates":[[[13.48335,52.50307],[13.47985,52.50233],[13.47554,52.50224],[13.47542,52.50197],[13.47888,52.50132],[13.48246,52.50005],[13.48533,52.49891],[13.4842,52.50092],[13.48664,52.50214],[13.48838,52.50214],[13.48895,52.50293],[13.48532,52.50363],[13.48335,52.50307]]]},"properties":{"UWB":"11525","UWB3":"525","BWB":"115N","BWB3":"5N","AWK":"1105","BEZ":"11","BWK":"86"}},
{"type":"Feature","geometry":{"type":"Polygon","coordinates":[[[13.49404,52.5028],[13.49281,52.50304],[13.49061,52.50149],[13.48838,52.50214],[13.48664,52.50214],[13.4842,52.50092],[13.48533,52.49891],[13.49277,52.49599],[13.49184,52.49729],[13.49313,52.49815],[13.49497,52.50054],[13.49296,52.50098],[13.4936,52.50205],[13.49404,52.5028]]]},"properties":{"UWB":"11526","UWB3":"526","BWB":"115N","BWB3":"5N","AWK":"1105","BEZ":"11","BWK":"86"}},
{"type":"Feature","geometry":{"type":"Polygon","coordinates":[[[13.4936,52.50205],[13.49296,52.50098],[13.49497,52.50054],[13.49634,52.50016],[13.49872,52.503],[13.49777,52.50319],[13.49645,52.50345],[13.49541,52.50166],[13.4936,52.50205]]]},"properties":{"UWB":"11527","UWB3":"527","BWB":"115P","BWB3":"5P","AWK":"1105","BEZ":"11","BWK":"86"}},
{"type":"Feature","geometry":{"type":"Polygon","coordinates":[[[13.5003,52.5027],[13.49872,52.503],[13.49634,52.50016],[13.49988,52.499],[13.50113,52.49859],[13.50198,52.5004],[13.50176,52.50189],[13.50303,52.50217],[13.5003,52.5027]]]},"properties":{"UWB":"11528","UWB3":"528","BWB":"115P","BWB3":"5P","AWK":"1105","BEZ":"11","BWK":"86"}},
{"type":"Feature","geometry":{"type":"Polygon","coordinates":[[[13.50303,52.50217],[13.50176,52.50189],[13.50198,52.5004],[13.50113,52.49859],[13.50691,52.49688],[13.50782,52.49865],[13.50861,52.50027],[13.50439,52.50084],[13.50455,52.50246],[13.50303,52.50217]]]},"properties":{"UWB":"11529","UWB3":"529","BWB":"115Q","BWB3":"5Q","AWK":"1105","BEZ":"11","BWK":"86"}},
{"type":"Feature","geometry":{"type":"Polygon","coordinates":[[[13.50861,52.50027],[13.50782,52.49865],[13.51308,52.49779],[13.51543,52.49807],[13.51591,52.49972],[13.51312,52.50012],[13.50985,52.50007],[13.50861,52.50027]]]},"properties":{"UWB":"11530","UWB3":"530","BWB":"115Q","BWB3":"5Q","AWK":"1105","BEZ":"11","BWK":"86"}},
{"type":"Feature","geometry":{"type":"Polygon","coordinates":[[[13.50691,52.49688],[13.50757,52.49669],[13.51229,52.49587],[13.51308,52.49779],[13.50782,52.49865],[13.50691,52.49688]]]},"properties":{"UWB":"11531","UWB3":"531","BWB":"115R","BWB3":"5R","AWK":"1105","BEZ":"11","BWK":"86"}},
{"type":"Feature","geometry":{"type":"Polygon","coordinates":[[[13.51543,52.49807],[13.51308,52.49779],[13.51229,52.49587],[13.51462,52.49462],[13.5158,52.49423],[13.51795,52.49507],[13.51738,52.49609],[13.51589,52.49663],[13.51543,52.49807]]]},"properties":{"UWB":"11532","UWB3":"532","BWB":"115R","BWB3":"5R","AWK":"1105","BEZ":"11","BWK":"86"}},
{"type":"Feature","geometry":{"type":"Polygon","coordinates":[[[13.51738,52.49609],[13.51795,52.49507],[13.5158,52.49423],[13.51462,52.49462],[13.5155,52.49366],[13.52107,52.49503],[13.51931,52.49653],[13.51738,52.49609]]]},"properties":{"UWB":"11533","UWB3":"533","BWB":"115S","BWB3":"5S","AWK":"1105","BEZ":"11","BWK":"86"}},
{"type":"Feature","geometry":{"type":"Polygon","coordinates":[[[13.52307,52.49832],[13.51876,52.49743],[13.51931,52.49653],[13.52107,52.49503],[13.52453,52.49587],[13.52307,52.49832]]]},"properties":{"UWB":"11534","UWB3":"534","BWB":"115S","BWB3":"5S","AWK":"1105","BEZ":"11","BWK":"86"}},
{"type":"Feature","geometry":{"type":"Polygon","coordinates":[[[13.46966,52.49949],[13.47362,52.5006],[13.47802,52.49866],[13.47862,52.49741],[13.4819,52.49978],[13.48246,52.50005],[13.47888,52.50132],[13.47542,52.50197],[13.47516,52.50155],[13.46975,52.50236],[13.46975,52.50235],[13.4687,52.49963],[13.46966,52.49949]]]},"properties":{"UWB":"11601","UWB3":"601","BWB":"116E","BWB3":"6E","AWK":"1106","BEZ":"11","BWK":"86"}},
{"type":"Feature","geometry":{"type":"Polygon","coordinates":[[[13.47862,52.49741],[13.48109,52.49582],[13.48437,52.49884],[13.4819,52.49978],[13.47862,52.49741]]]},"properties":{"UWB":"11602","UWB3":"602","BWB":"116E","BWB3":"6E","AWK":"1106","BEZ":"11","BWK":"86"}},
{"type":"Feature","geometry":{"type":"Polygon","coordinates":[[[13.49071,52.48744],[13.49274,52.48582],[13.49418,52.48312],[13.49785,52.48328],[13.50177,52.48258],[13.50121,52.48316],[13.50586,52.48434],[13.50483,52.48677],[13.51065,52.487],[13.51494,52.48547],[13.51563,52.48575],[13.5158,52.48582],[13.51093,52.48893],[13.50575,52.49127],[13.50587,52.49155],[13.49906,52.49338],[13.49775,52.4941],[13.49277,52.49599],[13.48533,52.49891],[13.48246,52.50005],[13.4819,52.49978],[13.48437,52.49884],[13.48109,52.49582],[13.47862,52.49741],[13.47802,52.49866],[13.47362,52.5006],[13.46966,52.49949],[13.4698,52.49947],[13.47308,52.49899],[13.48414,52.49166],[13.48846,52.48989],[13.49145,52.48827],[13.49071,52.48744]]]},"properties":{"UWB":"11603","UWB3":"603","BWB":"116F","BWB3":"6F","AWK":"1106","BEZ":"11","BWK":"86"}},
{"type":"Feature","geometry":{"type":"Polygon","coordinates":[[[13.49277,52.49599],[13.49775,52.4941],[13.49806,52.4952],[13.49892,52.49696],[13.49988,52.499],[13.49634,52.50016],[13.49497,52.50054],[13.49313,52.49815],[13.49184,52.49729],[13.49277,52.49599]]]},"properties":{"UWB":"11604","UWB3":"604","BWB":"116A","BWB3":"6A","AWK":"1106","BEZ":"11","BWK":"86"}},
{"type":"Feature","geometry":{"type":"Polygon","coordinates":[[[13.49988,52.499],[13.49892,52.49696],[13.50544,52.49567],[13.50696,52.4954],[13.50757,52.49669],[13.50691,52.49688],[13.50113,52.49859],[13.49988,52.499]]]},"properties":{"UWB":"11605","UWB3":"605","BWB":"116A","BWB3":"6A","AWK":"1106","BEZ":"11","BWK":"86"}},
{"type":"Feature","geometry":{"type":"Polygon","coordinates":[[[13.49806,52.4952],[13.50055,52.49434],[13.50162,52.49504],[13.50474,52.49419],[13.50544,52.49567],[13.49892,52.49696],[13.49806,52.4952]]]},"properties":{"UWB":"11606","UWB3":"606","BWB":"116B","BWB3":"6B","AWK":"1106","BEZ":"11","BWK":"86"}},
{"type":"Feature","geometry":{"type":"Polygon","coordinates":[[[13.50587,52.49155],[13.50957,52.49122],[13.50909,52.49141],[13.50737,52.49178],[13.50897,52.49504],[13.50696,52.4954],[13.50544,52.49567],[13.50474,52.49419],[13.50162,52.49504],[13.50055,52.49434],[13.49806,52.4952],[13.49775,52.4941],[13.49906,52.49338],[13.50587,52.49155]]]},"properties":{"UWB":"11607","UWB3":"607","BWB":"116B","BWB3":"6B","AWK":"1106","BEZ":"11","BWK":"86"}},
{"type":"Feature","geometry":{"type":"Polygon","coordinates":[[[13.50757,52.49669],[13.50696,52.4954],[13.50897,52.49504],[13.50737,52.49178],[13.50909,52.49141],[13.50978,52.49366],[13.51285,52.49418],[13.51462,52.49462],[13.51229,52.49587],[13.50757,52.49669]]]},"properties":{"UWB":"11608","UWB3":"608","BWB":"116C","BWB3":"6C","AWK":"1106","BEZ":"11","BWK":"86"}},
{"type":"Feature","geometry":{"type":"Polygon","coordinates":[[[13.50957,52.49122],[13.51184,52.49138],[13.5115,52.49299],[13.51285,52.49418],[13.50978,52.49366],[13.50909,52.49141],[13.50957,52.49122]]]},"properties":{"UWB":"11609","UWB3":"609","BWB":"116C","BWB3":"6C","AWK":"1106","BEZ":"11","BWK":"86"}},
{"type":"Feature","geometry":{"type":"Polygon","coordinates":[[[13.51462,52.49462],[13.51285,52.49418],[13.5115,52.49299],[13.51184,52.49138],[13.51449,52.49191],[13.5138,52.49297],[13.5155,52.49366],[13.51462,52.49462]]]},"properties":{"UWB":"11610","UWB3":"610","BWB":"116D","BWB3":"6D","AWK":"1106","BEZ":"11","BWK":"86"}},
{"type":"Feature","geometry":{"type":"Polygon","coordinates":[[[13.52453,52.49587],[13.52107,52.49503],[13.5155,52.49366],[13.5138,52.49297],[13.51449,52.49191],[13.51626,52.49238],[13.52541,52.49458],[13.52453,52.49587]]]},"properties":{"UWB":"11611","UWB3":"611","BWB":"116D","BWB3":"6D","AWK":"1106","BEZ":"11","BWK":"86"}},
{"type":"Feature","geometry":{"type":"Polygon","coordinates":[[[13.5158,52.48582],[13.51602,52.48816],[13.51373,52.49045],[13.5162,52.49007],[13.51724,52.49226],[13.51626,52.49238],[13.51449,52.49191],[13.51184,52.49138],[13.50957,52.49122],[13.50587,52.49155],[13.50575,52.49127],[13.51093,52.48893],[13.5158,52.48582]]]},"properties":{"UWB":"11612","UWB3":"612","BWB":"116F","BWB3":"6F","AWK":"1106","BEZ":"11","BWK":"86"}},
{"type":"Feature","geometry":{"type":"Polygon","coordinates":[[[13.52541,52.49458],[13.51626,52.49238],[13.51724,52.49226],[13.5162,52.49007],[13.51373,52.49045],[13.51602,52.48816],[13.51945,52.48745],[13.52068,52.48876],[13.52039,52.4901],[13.52166,52.49336],[13.5256,52.4943],[13.52541,52.49458]]]},"properties":{"UWB":"11613","UWB3":"613","BWB":"116G","BWB3":"6G","AWK":"1106","BEZ":"11","BWK":"86"}},
{"type":"Feature","geometry":{"type":"Polygon","coordinates":[[[13.52068,52.48876],[13.5243,52.48904],[13.52485,52.49081],[13.52775,52.49081],[13.5256,52.4943],[13.52166,52.49336],[13.52039,52.4901],[13.52068,52.48876]]]},"properties":{"UWB":"11614","UWB3":"614","BWB":"116G","BWB3":"6G","AWK":"1106","BEZ":"11","BWK":"86"}},
{"type":"Feature","geometry":{"type":"Polygon","coordinates":[[[13.5256,52.4943],[13.52775,52.49081],[13.528,52.49026],[13.52869,52.48921],[13.53141,52.48803],[13.53169,52.49005],[13.53189,52.49163],[13.53344,52.49264],[13.53494,52.49273],[13.53551,52.49679],[13.5256,52.4943]]]},"properties":{"UWB":"11615","UWB3":"615","BWB":"116I","BWB3":"6I","AWK":"1106","BEZ":"11","BWK":"86"}},
{"type":"Feature","geometry":{"type":"Polygon","coordinates":[[[13.54173,52.4983],[13.53551,52.49679],[13.53494,52.49273],[13.54482,52.49339],[13.54445,52.49548],[13.54268,52.49768],[13.54173,52.4983]]]},"properties":{"UWB":"11616","UWB3":"616","BWB":"116I","BWB3":"6I","AWK":"1106","BEZ":"11","BWK":"86"}},
{"type":"Feature","geometry":{"type":"Polygon","coordinates":[[[13.51563,52.48575],[13.51866,52.48441],[13.52041,52.48433],[13.52132,52.48724],[13.51945,52.48745],[13.51602,52.48816],[13.5158,52.48582],[13.51563,52.48575]]]},"properties":{"UWB":"11617","UWB3":"617","BWB":"116K","BWB3":"6K","AWK":"1106","BEZ":"11","BWK":"86"}},
{"type":"Feature","geometry":{"type":"Polygon","coordinates":[[[13.51945,52.48745],[13.52132,52.48724],[13.52361,52.48697],[13.52516,52.48679],[13.52589,52.48915],[13.5243,52.48904],[13.52068,52.48876],[13.51945,52.48745]]]},"properties":{"UWB":"11618","UWB3":"618","BWB":"116H","BWB3":"6H","AWK":"1106","BEZ":"11","BWK":"86"}},
{"type":"Feature","geometry":{"type":"Polygon","coordinates":[[[13.5243,52.48904],[13.52589,52.48915],[13.52516,52.48679],[13.52689,52.48658],[13.528,52.49026],[13.52775,52.49081],[13.52485,52.49081],[13.5243,52.48904]]]},"properties":{"UWB":"11619","UWB3":"619","BWB":"116H","BWB3":"6H","AWK":"1106","BEZ":"11","BWK":"86"}},
{"type":"Feature","geometry":{"type":"Polygon","coordinates":[[[13.54482,52.49339],[13.53494,52.49273],[13.53344,52.49264],[13.53189,52.49163],[13.53169,52.49005],[13.53932,52.48966],[13.54576,52.48925],[13.54484,52.49322],[13.54482,52.49339]]]},"properties":{"UWB":"11620","UWB3":"620","BWB":"116N","BWB3":"6N","AWK":"1106","BEZ":"11","BWK":"86"}},
{"type":"Feature","geometry":{"type":"Polygon","coordinates":[[[13.53141,52.48803],[13.53036,52.48665],[13.53197,52.48408],[13.53228,52.4836],[13.53779,52.48526],[13.53883,52.48623],[13.53932,52.48966],[13.53169,52.49005],[13.53141,52.48803]]]},"properties":{"UWB":"11621","UWB3":"621","BWB":"116N","BWB3":"6N","AWK":"1106","BEZ":"11","BWK":"86"}},
{"type":"Feature","geometry":{"type":"Polygon","coordinates":[[[13.54484,52.49322],[13.54576,52.48925],[13.53932,52.48966],[13.53883,52.48623],[13.53779,52.48526],[13.53976,52.48327],[13.54401,52.48471],[13.55015,52.48507],[13.55014,52.48549],[13.54625,52.49176],[13.54502,52.49302],[13.54484,52.49322]]]},"properties":{"UWB":"11622","UWB3":"622","BWB":"116P","BWB3":"6P","AWK":"1106","BEZ":"11","BWK":"86"}},
{"type":"Feature","geometry":{"type":"Polygon","coordinates":[[[13.50586,52.48434],[13.5111,52.4842],[13.51315,52.48352],[13.51271,52.48261],[13.51805,52.47947],[13.52077,52.48179],[13.51832,52.48399],[13.51494,52.48547],[13.51065,52.487],[13.50483,52.48677],[13.50586,52.48434]]]},"properties":{"UWB":"11623","UWB3":"623","BWB":"116Q","BWB3":"6Q","AWK":"1106","BEZ":"11","BWK":"86"}},
{"type":"Feature","geometry":{"type":"Polygon","coordinates":[[[13.51866,52.48441],[13.52181,52.48303],[13.52254,52.48356],[13.52361,52.48697],[13.52132,52.48724],[13.52041,52.48433],[13.51866,52.48441]]]},"properties":{"UWB":"11624","UWB3":"624","BWB":"116K","BWB3":"6K","AWK":"1106","BEZ":"11","BWK":"86"}},
{"type":"Feature","geometry":{"type":"Polygon","coordinates":[[[13.52361,52.48697],[13.52254,52.48356],[13.52181,52.48303],[13.52542,52.48145],[13.52545,52.48155],[13.52566,52.48263],[13.52623,52.48451],[13.52689,52.48658],[13.52516,52.48679],[13.52361,52.48697]]]},"properties":{"UWB":"11625","UWB3":"625","BWB":"116L","BWB3":"6L","AWK":"1106","BEZ":"11","BWK":"86"}},
{"type":"Feature","geometry":{"type":"Polygon","coordinates":[[[13.528,52.49026],[13.52689,52.48658],[13.52623,52.48451],[13.53197,52.48408],[13.53036,52.48665],[13.53141,52.48803],[13.52869,52.48921],[13.528,52.49026]]]},"properties":{"UWB":"11626","UWB3":"626","BWB":"116L","BWB3":"6L","AWK":"1106","BEZ":"11","BWK":"86"}},
{"type":"Feature","geometry":{"type":"Polygon","coordinates":[[[13.53197,52.48408],[13.52623,52.48451],[13.52566,52.48263],[13.52814,52.48159],[13.53185,52.48197],[13.53228,52.4836],[13.53197,52.48408]]]},"properties":{"UWB":"11627","UWB3":"627","BWB":"116M","BWB3":"6M","AWK":"1106","BEZ":"11","BWK":"86"}},
{"type":"Feature","geometry":{"type":"Polygon","coordinates":[[[13.50785,52.4749],[13.51138,52.47543],[13.512,52.47755],[13.51417,52.47935],[13.51172,52.48049],[13.51271,52.48261],[13.51315,52.48352],[13.5111,52.4842],[13.50586,52.48434],[13.50121,52.48316],[13.50177,52.48258],[13.50432,52.47812],[13.50785,52.4749]]]},"properties":{"UWB":"11628","UWB3":"628","BWB":"116R","BWB3":"6R","AWK":"1106","BEZ":"11","BWK":"86"}},
{"type":"Feature","geometry":{"type":"Polygon","coordinates":[[[13.52031,52.47407],[13.52156,52.4752],[13.52312,52.47674],[13.5219,52.47738],[13.51805,52.47947],[13.51271,52.48261],[13.51172,52.48049],[13.51417,52.47935],[13.512,52.47755],[13.51138,52.47543],[13.5145,52.4757],[13.51688,52.47526],[13.52031,52.47407]]]},"properties":{"UWB":"11629","UWB3":"629","BWB":"116R","BWB3":"6R","AWK":"1106","BEZ":"11","BWK":"86"}},
{"type":"Feature","geometry":{"type":"Polygon","coordinates":[[[13.51494,52.48547],[13.51832,52.48399],[13.52077,52.48179],[13.51805,52.47947],[13.5219,52.47738],[13.52366,52.47888],[13.52249,52.4794],[13.52542,52.48145],[13.52181,52.48303],[13.51866,52.48441],[13.51563,52.48575],[13.51494,52.48547]]]},"properties":{"UWB":"11630","UWB3":"630","BWB":"116Q","BWB3":"6Q","AWK":"1106","BEZ":"11","BWK":"86"}},
{"type":"Feature","geometry":{"type":"Polygon","coordinates":[[[13.52545,52.48155],[13.53189,52.47873],[13.53349,52.48008],[13.53185,52.48197],[13.52814,52.48159],[13.52566,52.48263],[13.52545,52.48155]]]},"properties":{"UWB":"11631","UWB3":"631","BWB":"116M","BWB3":"6M","AWK":"1106","BEZ":"11","BWK":"86"}},
{"type":"Feature","geometry":{"type":"Polygon","coordinates":[[[13.53986,52.47499],[13.53189,52.47873],[13.52545,52.48155],[13.52542,52.48145],[13.52249,52.4794],[13.52366,52.47888],[13.5219,52.47738],[13.52312,52.47674],[13.52156,52.4752],[13.52721,52.4709],[13.53167,52.47216],[13.53213,52.47282],[13.52923,52.47613],[13.53038,52.47707],[13.53312,52.47581],[13.53424,52.47671],[13.53637,52.47588],[13.53856,52.47396],[13.53986,52.47499]]]},"properties":{"UWB":"11632","UWB3":"632","BWB":"116S","BWB3":"6S","AWK":"1106","BEZ":"11","BWK":"86"}},
{"type":"Feature","geometry":{"type":"Polygon","coordinates":[[[13.54244,52.47395],[13.54848,52.47331],[13.54919,52.47386],[13.55259,52.47365],[13.55204,52.47375],[13.55085,52.47701],[13.54845,52.47978],[13.54828,52.48248],[13.55015,52.48507],[13.54401,52.48471],[13.53976,52.48327],[13.53779,52.48526],[13.53228,52.4836],[13.53185,52.48197],[13.53349,52.48008],[13.53189,52.47873],[13.53986,52.47499],[13.54244,52.47395]]]},"properties":{"UWB":"11633","UWB3":"633","BWB":"116P","BWB3":"6P","AWK":"1106","BEZ":"11","BWK":"86"}},
{"type":"Feature","geometry":{"type":"Polygon","coordinates":[[[13.53856,52.47396],[13.53637,52.47588],[13.53424,52.47671],[13.53312,52.47581],[13.53038,52.47707],[13.52923,52.47613],[13.53213,52.47282],[13.53167,52.47216],[13.52721,52.4709],[13.53077,52.46793],[13.53856,52.47396]]]},"properties":{"UWB":"11634","UWB3":"634","BWB":"116S","BWB3":"6S","AWK":"1106","BEZ":"11","BWK":"86"}},
{"type":"Feature","geometry":{"type":"Polygon","coordinates":[[[13.35806,52.58434],[13.34756,52.59008],[13.34748,52.59012],[13.34008,52.58812],[13.34068,52.58734],[13.34563,52.58089],[13.34275,52.58006],[13.34108,52.57958],[13.3388,52.57864],[13.34742,52.5783],[13.34783,52.57584],[13.35217,52.57478],[13.35914,52.57424],[13.36095,52.577],[13.36364,52.57671],[13.37177,52.5763],[13.37227,52.57681],[13.36629,52.58003],[13.36379,52.58128],[13.35806,52.58434]]]},"properties":{"UWB":"12101","UWB3":"101","BWB":"121A","BWB3":"1A","AWK":"1201","BEZ":"12","BWK":"77"}},
{"type":"Feature","geometry":{"type":"Polygon","coordinates":[[[13.37227,52.57681],[13.37177,52.5763],[13.36364,52.57671],[13.36095,52.577],[13.35914,52.57424],[13.36764,52.57455],[13.36851,52.57434],[13.37354,52.57478],[13.37637,52.57486],[13.37227,52.57681]]]},"properties":{"UWB":"12102","UWB3":"102","BWB":"121A","BWB3":"1A","AWK":"1201","BEZ":"12","BWK":"77"}},
{"type":"Feature","geometry":{"type":"Polygon","coordinates":[[[13.34783,52.57584],[13.34773,52.57434],[13.34748,52.57267],[13.3517,52.57239],[13.35217,52.57478],[13.34783,52.57584]]]},"properties":{"UWB":"12103","UWB3":"103","BWB":"121B","BWB3":"1B","AWK":"1201","BEZ":"12","BWK":"77"}},
{"type":"Feature","geometry":{"type":"Polygon","coordinates":[[[13.35217,52.57478],[13.3517,52.57239],[13.3515,52.57137],[13.35553,52.57086],[13.35783,52.57335],[13.359,52.57336],[13.35914,52.57424],[13.35217,52.57478]]]},"properties":{"UWB":"12104","UWB3":"104","BWB":"121B","BWB3":"1B","AWK":"1201","BEZ":"12","BWK":"77"}},
{"type":"Feature","geometry":{"type":"Polygon","coordinates":[[[13.35914,52.57424],[13.359,52.57336],[13.35988,52.57228],[13.36153,52.57261],[13.36348,52.57143],[13.36598,52.57246],[13.36851,52.57434],[13.36764,52.57455],[13.35914,52.57424]]]},"properties":{"UWB":"12105","UWB3":"105","BWB":"121C","BWB3":"1C","AWK":"1201","BEZ":"12","BWK":"77"}},
{"type":"Feature","geometry":{"type":"Polygon","coordinates":[[[13.35988,52.57228],[13.36086,52.57035],[13.35808,52.56949],[13.35924,52.5682],[13.36215,52.56788],[13.3659,52.56903],[13.36348,52.57143],[13.36153,52.57261],[13.35988,52.57228]]]},"properties":{"UWB":"12106","UWB3":"106","BWB":"121I","BWB3":"1I","AWK":"1201","BEZ":"12","BWK":"77"}},
{"type":"Feature","geometry":{"type":"Polygon","coordinates":[[[13.36348,52.57143],[13.3659,52.56903],[13.36998,52.57027],[13.37222,52.57212],[13.37089,52.57287],[13.36867,52.57098],[13.36598,52.57246],[13.36348,52.57143]]]},"properties":{"UWB":"12107","UWB3":"107","BWB":"121D","BWB3":"1D","AWK":"1201","BEZ":"12","BWK":"77"}},
{"type":"Feature","geometry":{"type":"Polygon","coordinates":[[[13.36851,52.57434],[13.36598,52.57246],[13.36867,52.57098],[13.37089,52.57287],[13.37222,52.57212],[13.3733,52.57306],[13.37455,52.57412],[13.37354,52.57478],[13.36851,52.57434]]]},"properties":{"UWB":"12108","UWB3":"108","BWB":"121D","BWB3":"1D","AWK":"1201","BEZ":"12","BWK":"77"}},
{"type":"Feature","geometry":{"type":"Polygon","coordinates":[[[13.37637,52.57486],[13.37354,52.57478],[13.37455,52.57412],[13.3733,52.57306],[13.37742,52.57125],[13.37987,52.57155],[13.38014,52.57243],[13.37637,52.57486]]]},"properties":{"UWB":"12109","UWB3":"109","BWB":"121E","BWB3":"1E","AWK":"1201","BEZ":"12","BWK":"77"}},
{"type":"Feature","geometry":{"type":"Polygon","coordinates":[[[13.36998,52.57027],[13.37154,52.56943],[13.37501,52.56934],[13.37495,52.57094],[13.37742,52.57125],[13.3733,52.57306],[13.37222,52.57212],[13.36998,52.57027]]]},"properties":{"UWB":"12110","UWB3":"110","BWB":"121E","BWB3":"1E","AWK":"1201","BEZ":"12","BWK":"77"}},
{"type":"Feature","geometry":{"type":"Polygon","coordinates":[[[13.3879,52.56731],[13.3884,52.56767],[13.38826,52.56948],[13.38308,52.57233],[13.38014,52.57243],[13.37987,52.57155],[13.37742,52.57125],[13.37495,52.57094],[13.37501,52.56934],[13.37568,52.56862],[13.37921,52.56905],[13.37898,52.56822],[13.37858,52.56619],[13.38116,52.56642],[13.3843,52.56771],[13.3879,52.56731]]]},"properties":{"UWB":"12111","UWB3":"111","BWB":"121F","BWB3":"1F","AWK":"1201","BEZ":"12","BWK":"77"}},
{"type":"Feature","geometry":{"type":"Polygon","coordinates":[[[13.34252,52.56977],[13.34581,52.57023],[13.3464,52.57405],[13.34585,52.57436],[13.34221,52.57302],[13.34194,52.57114],[13.34252,52.56977]]]},"properties":{"UWB":"12112","UWB3":"112","BWB":"121G","BWB3":"1G","AWK":"1201","BEZ":"12","BWK":"77"}},
{"type":"Feature","geometry":{"type":"Polygon","coordinates":[[[13.34773,52.57434],[13.34594,52.5746],[13.34585,52.57436],[13.3464,52.57405],[13.34581,52.57023],[13.34252,52.56977],[13.34322,52.56846],[13.34906,52.56896],[13.34949,52.57053],[13.35129,52.57039],[13.3515,52.57137],[13.3517,52.57239],[13.34748,52.57267],[13.34773,52.57434]]]},"properties":{"UWB":"12113","UWB3":"113","BWB":"121G","BWB3":"1G","AWK":"1201","BEZ":"12","BWK":"77"}},
{"type":"Feature","geometry":{"type":"Polygon","coordinates":[[[13.34194,52.57114],[13.34147,52.56955],[13.34089,52.56643],[13.34642,52.56693],[13.35123,52.56752],[13.35129,52.57039],[13.34949,52.57053],[13.34906,52.56896],[13.34322,52.56846],[13.34252,52.56977],[13.34194,52.57114]]]},"properties":{"UWB":"12114","UWB3":"114","BWB":"121H","BWB3":"1H","AWK":"1201","BEZ":"12","BWK":"77"}},
{"type":"Feature","geometry":{"type":"Polygon","coordinates":[[[13.3515,52.57137],[13.35129,52.57039],[13.35123,52.56752],[13.35273,52.56436],[13.35406,52.56503],[13.35269,52.56785],[13.35808,52.56949],[13.35553,52.57086],[13.3515,52.57137]]]},"properties":{"UWB":"12115","UWB3":"115","BWB":"121H","BWB3":"1H","AWK":"1201","BEZ":"12","BWK":"77"}},
{"type":"Feature","geometry":{"type":"Polygon","coordinates":[[[13.35553,52.57086],[13.35808,52.56949],[13.36086,52.57035],[13.35988,52.57228],[13.359,52.57336],[13.35783,52.57335],[13.35553,52.57086]]]},"properties":{"UWB":"12116","UWB3":"116","BWB":"121C","BWB3":"1C","AWK":"1201","BEZ":"12","BWK":"77"}},
{"type":"Feature","geometry":{"type":"Polygon","coordinates":[[[13.34885,52.56197],[13.35384,52.56198],[13.35273,52.56436],[13.35123,52.56752],[13.34642,52.56693],[13.34578,52.56267],[13.34885,52.56197]]]},"properties":{"UWB":"12117","UWB3":"117","BWB":"121J","BWB3":"1J","AWK":"1201","BEZ":"12","BWK":"77"}},
{"type":"Feature","geometry":{"type":"Polygon","coordinates":[[[13.35808,52.56949],[13.35269,52.56785],[13.35406,52.56503],[13.36282,52.56662],[13.36215,52.56788],[13.35924,52.5682],[13.35808,52.56949]]]},"properties":{"UWB":"12118","UWB3":"118","BWB":"121I","BWB3":"1I","AWK":"1201","BEZ":"12","BWK":"77"}},
{"type":"Feature","geometry":{"type":"Polygon","coordinates":[[[13.36215,52.56788],[13.36282,52.56662],[13.36304,52.56623],[13.36741,52.56673],[13.36664,52.56816],[13.37154,52.56943],[13.36998,52.57027],[13.3659,52.56903],[13.36215,52.56788]]]},"properties":{"UWB":"12119","UWB3":"119","BWB":"121K","BWB3":"1K","AWK":"1201","BEZ":"12","BWK":"77"}},
{"type":"Feature","geometry":{"type":"Polygon","coordinates":[[[13.37154,52.56943],[13.36664,52.56816],[13.36741,52.56673],[13.36987,52.56707],[13.3728,52.56746],[13.37898,52.56822],[13.37921,52.56905],[13.37568,52.56862],[13.37501,52.56934],[13.37154,52.56943]]]},"properties":{"UWB":"12120","UWB3":"120","BWB":"121K","BWB3":"1K","AWK":"1201","BEZ":"12","BWK":"77"}},
{"type":"Feature","geometry":{"type":"Polygon","coordinates":[[[13.36304,52.56623],[13.3645,52.5627],[13.36582,52.56305],[13.37069,52.56323],[13.36987,52.56707],[13.36741,52.56673],[13.36304,52.56623]]]},"properties":{"UWB":"12121","UWB3":"121","BWB":"121L","BWB3":"1L","AWK":"1201","BEZ":"12","BWK":"77"}},
{"type":"Feature","geometry":{"type":"Polygon","coordinates":[[[13.35626,52.56201],[13.35971,52.56185],[13.3645,52.5627],[13.36304,52.56623],[13.36282,52.56662],[13.35406,52.56503],[13.35273,52.56436],[13.35384,52.56198],[13.35626,52.56201]]]},"properties":{"UWB":"12122","UWB3":"122","BWB":"121J","BWB3":"1J","AWK":"1201","BEZ":"12","BWK":"77"}},
{"type":"Feature","geometry":{"type":"Polygon","coordinates":[[[13.37858,52.56619],[13.37898,52.56822],[13.3728,52.56746],[13.37351,52.56431],[13.37668,52.56458],[13.37697,52.56575],[13.37854,52.56602],[13.37858,52.56619]]]},"properties":{"UWB":"12123","UWB3":"123","BWB":"121F","BWB3":"1F","AWK":"1201","BEZ":"12","BWK":"77"}},
{"type":"Feature","geometry":{"type":"Polygon","coordinates":[[[13.37854,52.56602],[13.37697,52.56575],[13.37668,52.56458],[13.37351,52.56431],[13.3728,52.56746],[13.36987,52.56707],[13.37069,52.56323],[13.37791,52.56359],[13.37854,52.56602]]]},"properties":{"UWB":"12124","UWB3":"124","BWB":"121M","BWB3":"1M","AWK":"1201","BEZ":"12","BWK":"77"}},
{"type":"Feature","geometry":{"type":"Polygon","coordinates":[[[13.37701,52.56066],[13.37791,52.56359],[13.37069,52.56323],[13.37108,52.56054],[13.37701,52.56066]]]},"properties":{"UWB":"12125","UWB3":"125","BWB":"121M","BWB3":"1M","AWK":"1201","BEZ":"12","BWK":"77"}},
{"type":"Feature","geometry":{"type":"Polygon","coordinates":[[[13.36008,52.56056],[13.36021,52.56049],[13.36452,52.56118],[13.36537,52.55813],[13.36666,52.55823],[13.37108,52.56054],[13.37069,52.56323],[13.36582,52.56305],[13.3645,52.5627],[13.35971,52.56185],[13.36008,52.56056]]]},"properties":{"UWB":"12126","UWB3":"126","BWB":"121L","BWB3":"1L","AWK":"1201","BEZ":"12","BWK":"77"}},
{"type":"Feature","geometry":{"type":"Polygon","coordinates":[[[13.34008,52.58812],[13.33468,52.58743],[13.33497,52.58514],[13.33389,52.58146],[13.33911,52.58228],[13.3374,52.58551],[13.33662,52.58593],[13.34068,52.58734],[13.34008,52.58812]]]},"properties":{"UWB":"12201","UWB3":"201","BWB":"122A","BWB3":"2A","AWK":"1202","BEZ":"12","BWK":"77"}},
{"type":"Feature","geometry":{"type":"Polygon","coordinates":[[[13.34275,52.58006],[13.3416,52.58161],[13.33944,52.58128],[13.33911,52.58228],[13.33389,52.58146],[13.33387,52.58139],[13.33297,52.57823],[13.33652,52.57846],[13.34108,52.57958],[13.34275,52.58006]]]},"properties":{"UWB":"12202","UWB3":"202","BWB":"122B","BWB3":"2B","AWK":"1202","BEZ":"12","BWK":"77"}},
{"type":"Feature","geometry":{"type":"Polygon","coordinates":[[[13.27384,52.5758],[13.26665,52.57591],[13.26412,52.5751],[13.26285,52.57443],[13.26595,52.57315],[13.26615,52.57191],[13.26755,52.57143],[13.27734,52.57048],[13.27741,52.57047],[13.27797,52.57211],[13.27766,52.57448],[13.27359,52.57491],[13.27384,52.5758]]]},"properties":{"UWB":"12203","UWB3":"203","BWB":"122C","BWB3":"2C","AWK":"1202","BEZ":"12","BWK":"77"}},
{"type":"Feature","geometry":{"type":"Polygon","coordinates":[[[13.27741,52.57047],[13.28294,52.57051],[13.28156,52.57452],[13.28211,52.57568],[13.28011,52.57571],[13.27384,52.5758],[13.27359,52.57491],[13.27766,52.57448],[13.27797,52.57211],[13.27741,52.57047]]]},"properties":{"UWB":"12204","UWB3":"204","BWB":"122D","BWB3":"2D","AWK":"1202","BEZ":"12","BWK":"77"}},
{"type":"Feature","geometry":{"type":"Polygon","coordinates":[[[13.28294,52.57051],[13.28603,52.5715],[13.28928,52.57306],[13.28865,52.57481],[13.29147,52.57551],[13.28709,52.57559],[13.28211,52.57568],[13.28156,52.57452],[13.28294,52.57051]]]},"properties":{"UWB":"12205","UWB3":"205","BWB":"122D","BWB3":"2D","AWK":"1202","BEZ":"12","BWK":"77"}},
{"type":"Feature","geometry":{"type":"Polygon","coordinates":[[[13.27734,52.57048],[13.27586,52.56748],[13.27459,52.56339],[13.28068,52.56403],[13.29353,52.56586],[13.29738,52.56651],[13.29753,52.56517],[13.30106,52.56676],[13.30351,52.56701],[13.30385,52.56621],[13.30703,52.56649],[13.30567,52.56816],[13.30377,52.56852],[13.30036,52.56998],[13.30568,52.57509],[13.30814,52.57736],[13.30822,52.57771],[13.30639,52.57812],[13.29554,52.58181],[13.29412,52.58279],[13.29221,52.58268],[13.28987,52.58257],[13.29071,52.58157],[13.29298,52.5787],[13.29472,52.57631],[13.29147,52.57551],[13.28865,52.57481],[13.28928,52.57306],[13.28603,52.5715],[13.28294,52.57051],[13.27741,52.57047],[13.27734,52.57048]]]},"properties":{"UWB":"12206","UWB3":"206","BWB":"122E","BWB3":"2E","AWK":"1202","BEZ":"12","BWK":"77"}},
{"type":"Feature","geometry":{"type":"Polygon","coordinates":[[[13.30568,52.57509],[13.30764,52.57435],[13.30796,52.5721],[13.31026,52.57184],[13.31192,52.5716],[13.31416,52.57669],[13.30814,52.57736],[13.30568,52.57509]]]},"properties":{"UWB":"12207","UWB3":"207","BWB":"122F","BWB3":"2F","AWK":"1202","BEZ":"12","BWK":"77"}},
{"type":"Feature","geometry":{"type":"Polygon","coordinates":[[[13.30567,52.56816],[13.30758,52.56807],[13.309,52.57013],[13.31026,52.57184],[13.30796,52.5721],[13.30764,52.57435],[13.30568,52.57509],[13.30036,52.56998],[13.30377,52.56852],[13.30567,52.56816]]]},"properties":{"UWB":"12208","UWB3":"208","BWB":"122E","BWB3":"2E","AWK":"1202","BEZ":"12","BWK":"77"}},
{"type":"Feature","geometry":{"type":"Polygon","coordinates":[[[13.30814,52.57736],[13.31416,52.57669],[13.31192,52.5716],[13.3161,52.57099],[13.31705,52.57431],[13.31871,52.57406],[13.31891,52.57608],[13.3151,52.57656],[13.31573,52.5778],[13.31531,52.57778],[13.30822,52.57771],[13.30814,52.57736]]]},"properties":{"UWB":"12209","UWB3":"209","BWB":"122F","BWB3":"2F","AWK":"1202","BEZ":"12","BWK":"77"}},
{"type":"Feature","geometry":{"type":"Polygon","coordinates":[[[13.31871,52.57406],[13.32132,52.57395],[13.32152,52.57591],[13.33211,52.57548],[13.33245,52.57659],[13.33097,52.57782],[13.33297,52.57823],[13.32689,52.57812],[13.32479,52.57869],[13.31986,52.57814],[13.31573,52.5778],[13.3151,52.57656],[13.31891,52.57608],[13.31871,52.57406]]]},"properties":{"UWB":"12210","UWB3":"210","BWB":"122G","BWB3":"2G","AWK":"1202","BEZ":"12","BWK":"77"}},
{"type":"Feature","geometry":{"type":"Polygon","coordinates":[[[13.34108,52.57958],[13.33652,52.57846],[13.33297,52.57823],[13.33097,52.57782],[13.33245,52.57659],[13.33211,52.57548],[13.33176,52.5745],[13.33468,52.57371],[13.33907,52.57358],[13.34081,52.57406],[13.34133,52.57524],[13.34594,52.5746],[13.34773,52.57434],[13.34783,52.57584],[13.34742,52.5783],[13.3388,52.57864],[13.34108,52.57958]]]},"properties":{"UWB":"12211","UWB3":"211","BWB":"122B","BWB3":"2B","AWK":"1202","BEZ":"12","BWK":"77"}},
{"type":"Feature","geometry":{"type":"Polygon","coordinates":[[[13.31871,52.57406],[13.31871,52.57286],[13.3216,52.57247],[13.32078,52.57037],[13.32339,52.57002],[13.32988,52.56918],[13.33105,52.57247],[13.3314,52.57352],[13.32132,52.57395],[13.31871,52.57406]]]},"properties":{"UWB":"12212","UWB3":"212","BWB":"122G","BWB3":"2G","AWK":"1202","BEZ":"12","BWK":"77"}},
{"type":"Feature","geometry":{"type":"Polygon","coordinates":[[[13.32132,52.57395],[13.3314,52.57352],[13.33468,52.57371],[13.33176,52.5745],[13.33211,52.57548],[13.32152,52.57591],[13.32132,52.57395]]]},"properties":{"UWB":"12213","UWB3":"213","BWB":"122H","BWB3":"2H","AWK":"1202","BEZ":"12","BWK":"77"}},
{"type":"Feature","geometry":{"type":"Polygon","coordinates":[[[13.34585,52.57436],[13.34594,52.5746],[13.34133,52.57524],[13.34081,52.57406],[13.33907,52.57358],[13.33468,52.57371],[13.3314,52.57352],[13.33105,52.57247],[13.33458,52.57232],[13.33568,52.57083],[13.33452,52.56758],[13.33659,52.56847],[13.33927,52.56812],[13.33981,52.56966],[13.34147,52.56955],[13.34194,52.57114],[13.34221,52.57302],[13.34585,52.57436]]]},"properties":{"UWB":"12214","UWB3":"214","BWB":"122H","BWB3":"2H","AWK":"1202","BEZ":"12","BWK":"77"}},
{"type":"Feature","geometry":{"type":"Polygon","coordinates":[[[13.31871,52.57286],[13.31791,52.57075],[13.31967,52.57051],[13.31898,52.5687],[13.3227,52.5682],[13.32339,52.57002],[13.32078,52.57037],[13.3216,52.57247],[13.31871,52.57286]]]},"properties":{"UWB":"12215","UWB3":"215","BWB":"122I","BWB3":"2I","AWK":"1202","BEZ":"12","BWK":"77"}},
{"type":"Feature","geometry":{"type":"Polygon","coordinates":[[[13.31026,52.57184],[13.309,52.57013],[13.3154,52.56921],[13.3161,52.57099],[13.31192,52.5716],[13.31026,52.57184]]]},"properties":{"UWB":"12216","UWB3":"216","BWB":"122J","BWB3":"2J","AWK":"1202","BEZ":"12","BWK":"77"}},
{"type":"Feature","geometry":{"type":"Polygon","coordinates":[[[13.32339,52.57002],[13.3227,52.5682],[13.32182,52.56582],[13.32407,52.56589],[13.32854,52.56544],[13.32988,52.56918],[13.32339,52.57002]]]},"properties":{"UWB":"12217","UWB3":"217","BWB":"122K","BWB3":"2K","AWK":"1202","BEZ":"12","BWK":"77"}},
{"type":"Feature","geometry":{"type":"Polygon","coordinates":[[[13.33201,52.56176],[13.3371,52.56445],[13.33552,52.56522],[13.33801,52.56612],[13.34089,52.56643],[13.34147,52.56955],[13.33981,52.56966],[13.33927,52.56812],[13.33659,52.56847],[13.33452,52.56758],[13.33568,52.57083],[13.33458,52.57232],[13.33105,52.57247],[13.32988,52.56918],[13.32854,52.56544],[13.32789,52.56405],[13.33092,52.56215],[13.33201,52.56176]]]},"properties":{"UWB":"12218","UWB3":"218","BWB":"122L","BWB3":"2L","AWK":"1202","BEZ":"12","BWK":"77"}},
{"type":"Feature","geometry":{"type":"Polygon","coordinates":[[[13.33949,52.56397],[13.34282,52.56328],[13.34578,52.56267],[13.34642,52.56693],[13.34089,52.56643],[13.33801,52.56612],[13.33552,52.56522],[13.3371,52.56445],[13.33949,52.56397]]]},"properties":{"UWB":"12219","UWB3":"219","BWB":"122L","BWB3":"2L","AWK":"1202","BEZ":"12","BWK":"77"}},
{"type":"Feature","geometry":{"type":"Polygon","coordinates":[[[13.30758,52.56807],[13.3111,52.568],[13.31466,52.5673],[13.3154,52.56921],[13.309,52.57013],[13.30758,52.56807]]]},"properties":{"UWB":"12220","UWB3":"220","BWB":"122J","BWB3":"2J","AWK":"1202","BEZ":"12","BWK":"77"}},
{"type":"Feature","geometry":{"type":"Polygon","coordinates":[[[13.31898,52.5687],[13.3154,52.56921],[13.31466,52.5673],[13.32182,52.56582],[13.3227,52.5682],[13.31898,52.5687]]]},"properties":{"UWB":"12221","UWB3":"221","BWB":"122K","BWB3":"2K","AWK":"1202","BEZ":"12","BWK":"77"}},
{"type":"Feature","geometry":{"type":"Polygon","coordinates":[[[13.33092,52.56215],[13.32789,52.56405],[13.32854,52.56544],[13.32407,52.56589],[13.32182,52.56582],[13.31466,52.5673],[13.3111,52.568],[13.30758,52.56807],[13.30567,52.56816],[13.30703,52.56649],[13.30945,52.56519],[13.31472,52.564],[13.32131,52.56187],[13.32131,52.56025],[13.32563,52.56107],[13.32679,52.56238],[13.33092,52.56215]]]},"properties":{"UWB":"12222","UWB3":"222","BWB":"122M","BWB3":"2M","AWK":"1202","BEZ":"12","BWK":"77"}},
{"type":"Feature","geometry":{"type":"Polygon","coordinates":[[[13.30427,52.55199],[13.29921,52.55317],[13.30128,52.55647],[13.30213,52.55695],[13.31002,52.55848],[13.30967,52.55772],[13.31728,52.55964],[13.32131,52.56025],[13.32131,52.56187],[13.31472,52.564],[13.30945,52.56519],[13.30703,52.56649],[13.30385,52.56621],[13.30351,52.56701],[13.30106,52.56676],[13.29753,52.56517],[13.29738,52.56651],[13.29353,52.56586],[13.28068,52.56403],[13.27459,52.56339],[13.27586,52.56748],[13.27734,52.57048],[13.26755,52.57143],[13.26615,52.57191],[13.26595,52.57315],[13.26285,52.57443],[13.26122,52.57347],[13.25004,52.55405],[13.24913,52.55204],[13.25299,52.55045],[13.25694,52.54968],[13.27033,52.54935],[13.30121,52.54881],[13.30153,52.54881],[13.30427,52.55199]]]},"properties":{"UWB":"12223","UWB3":"223","BWB":"122M","BWB3":"2M","AWK":"1202","BEZ":"12","BWK":"77"}},
{"type":"Feature","geometry":{"type":"Polygon","coordinates":[[[13.30967,52.55772],[13.31002,52.55848],[13.30213,52.55695],[13.30128,52.55647],[13.29921,52.55317],[13.30427,52.55199],[13.30967,52.55772]]]},"properties":{"UWB":"12224","UWB3":"224","BWB":"122M","BWB3":"2M","AWK":"1202","BEZ":"12","BWK":"77"}},
{"type":"Feature","geometry":{"type":"Polygon","coordinates":[[[13.34068,52.58734],[13.33662,52.58593],[13.3374,52.58551],[13.33911,52.58228],[13.33944,52.58128],[13.3416,52.58161],[13.34275,52.58006],[13.34563,52.58089],[13.34068,52.58734]]]},"properties":{"UWB":"12225","UWB3":"225","BWB":"122A","BWB3":"2A","AWK":"1202","BEZ":"12","BWK":"77"}},
{"type":"Feature","geometry":{"type":"Polygon","coordinates":[[[13.3161,52.57099],[13.3154,52.56921],[13.31898,52.5687],[13.31967,52.57051],[13.31791,52.57075],[13.31871,52.57286],[13.31871,52.57406],[13.31705,52.57431],[13.3161,52.57099]]]},"properties":{"UWB":"12226","UWB3":"226","BWB":"122I","BWB3":"2I","AWK":"1202","BEZ":"12","BWK":"77"}},
{"type":"Feature","geometry":{"type":"Polygon","coordinates":[[[13.23535,52.62014],[13.22986,52.62257],[13.22678,52.62577],[13.2272,52.62635],[13.22529,52.6282],[13.22055,52.62832],[13.21976,52.62443],[13.21699,52.6205],[13.22248,52.61976],[13.22779,52.6182],[13.23379,52.61699],[13.23535,52.62014]]]},"properties":{"UWB":"12301","UWB3":"301","BWB":"123A","BWB3":"3A","AWK":"1203","BEZ":"12","BWK":"77"}},
{"type":"Feature","geometry":{"type":"Polygon","coordinates":[[[13.23535,52.62014],[13.23552,52.62047],[13.23586,52.62112],[13.24008,52.61871],[13.24284,52.62024],[13.24061,52.62167],[13.23975,52.62118],[13.23756,52.62292],[13.24014,52.62425],[13.23752,52.62612],[13.24219,52.62732],[13.24156,52.62818],[13.2304,52.62739],[13.22529,52.6282],[13.2272,52.62635],[13.22678,52.62577],[13.22986,52.62257],[13.23535,52.62014]]]},"properties":{"UWB":"12302","UWB3":"302","BWB":"123B","BWB3":"3B","AWK":"1203","BEZ":"12","BWK":"77"}},
{"type":"Feature","geometry":{"type":"Polygon","coordinates":[[[13.23552,52.62047],[13.24336,52.61509],[13.24297,52.61416],[13.24634,52.61197],[13.24952,52.61039],[13.25171,52.61149],[13.24852,52.61265],[13.26786,52.62257],[13.2736,52.62557],[13.27334,52.6257],[13.27258,52.62603],[13.26828,52.62601],[13.26423,52.62686],[13.2603,52.62774],[13.25173,52.62731],[13.24606,52.62728],[13.24331,52.62819],[13.24156,52.62818],[13.24219,52.62732],[13.23752,52.62612],[13.24014,52.62425],[13.23756,52.62292],[13.23975,52.62118],[13.24061,52.62167],[13.24284,52.62024],[13.24008,52.61871],[13.23586,52.62112],[13.23552,52.62047]]]},"properties":{"UWB":"12303","UWB3":"303","BWB":"123B","BWB3":"3B","AWK":"1203","BEZ":"12","BWK":"77"}},
{"type":"Feature","geometry":{"type":"Polygon","coordinates":[[[13.25171,52.61149],[13.25586,52.60975],[13.26121,52.60786],[13.2596,52.60572],[13.25554,52.60666],[13.25307,52.60756],[13.25032,52.60733],[13.24954,52.60514],[13.24772,52.60283],[13.24781,52.60077],[13.24738,52.59898],[13.24458,52.59903],[13.24111,52.59859],[13.23953,52.59696],[13.23481,52.59632],[13.22433,52.59672],[13.22222,52.5963],[13.22092,52.59488],[13.22342,52.59258],[13.22843,52.59139],[13.22799,52.59076],[13.23286,52.58887],[13.2334,52.58767],[13.23573,52.58643],[13.23817,52.58553],[13.23676,52.58259],[13.23455,52.58259],[13.23209,52.58184],[13.22725,52.58131],[13.2284,52.57894],[13.22895,52.57568],[13.22992,52.57575],[13.2315,52.574],[13.23314,52.57314],[13.23484,52.57137],[13.2384,52.57003],[13.23688,52.56829],[13.23551,52.56777],[13.24337,52.56727],[13.24508,52.56673],[13.2486,52.56701],[13.25184,52.57222],[13.25401,52.57703],[13.25806,52.57923],[13.26208,52.58141],[13.27106,52.5814],[13.26957,52.58523],[13.26553,52.5878],[13.2743,52.5906],[13.27627,52.59137],[13.27745,52.59056],[13.28243,52.59087],[13.28083,52.59384],[13.28567,52.59498],[13.28269,52.59846],[13.28483,52.59875],[13.28729,52.60047],[13.28881,52.6008],[13.28848,52.60339],[13.28963,52.60435],[13.28329,52.60883],[13.28135,52.61018],[13.29351,52.61656],[13.28974,52.61919],[13.28544,52.62219],[13.28953,52.62432],[13.2884,52.62613],[13.28123,52.62516],[13.27615,52.6248],[13.2736,52.62557],[13.26786,52.62257],[13.24852,52.61265],[13.25171,52.61149]]]},"properties":{"UWB":"12304","UWB3":"304","BWB":"123D","BWB3":"3D","AWK":"1203","BEZ":"12","BWK":"77"}},
{"type":"Feature","geometry":{"type":"Polygon","coordinates":[[[13.21699,52.6205],[13.21483,52.61926],[13.20982,52.61254],[13.21744,52.61125],[13.2194,52.61181],[13.2214,52.61],[13.22237,52.6113],[13.22242,52.6127],[13.22464,52.61363],[13.22779,52.6182],[13.22248,52.61976],[13.21699,52.6205]]]},"properties":{"UWB":"12305","UWB3":"305","BWB":"123G","BWB3":"3G","AWK":"1203","BEZ":"12","BWK":"77"}},
{"type":"Feature","geometry":{"type":"Polygon","coordinates":[[[13.23379,52.61699],[13.23132,52.61132],[13.23561,52.61189],[13.24064,52.611],[13.24124,52.61282],[13.24085,52.61386],[13.24297,52.61416],[13.24336,52.61509],[13.23552,52.62047],[13.23535,52.62014],[13.23379,52.61699]]]},"properties":{"UWB":"12306","UWB3":"306","BWB":"123C","BWB3":"3C","AWK":"1203","BEZ":"12","BWK":"77"}},
{"type":"Feature","geometry":{"type":"Polygon","coordinates":[[[13.22779,52.6182],[13.22464,52.61363],[13.22242,52.6127],[13.22237,52.6113],[13.2214,52.61],[13.22167,52.60848],[13.22073,52.60734],[13.22116,52.60495],[13.22348,52.60475],[13.22326,52.60132],[13.2293,52.60022],[13.22965,52.60287],[13.22875,52.60293],[13.22985,52.60657],[13.2307,52.6093],[13.23132,52.61132],[13.23379,52.61699],[13.22779,52.6182]]]},"properties":{"UWB":"12307","UWB3":"307","BWB":"123F","BWB3":"3F","AWK":"1203","BEZ":"12","BWK":"77"}},
{"type":"Feature","geometry":{"type":"Polygon","coordinates":[[[13.23132,52.61132],[13.2307,52.6093],[13.24411,52.60712],[13.24883,52.60622],[13.2496,52.60739],[13.247,52.60799],[13.24808,52.60958],[13.24555,52.61098],[13.24491,52.61023],[13.24064,52.611],[13.23561,52.61189],[13.23132,52.61132]]]},"properties":{"UWB":"12308","UWB3":"308","BWB":"123E","BWB3":"3E","AWK":"1203","BEZ":"12","BWK":"77"}},
{"type":"Feature","geometry":{"type":"Polygon","coordinates":[[[13.24297,52.61416],[13.24085,52.61386],[13.24124,52.61282],[13.24064,52.611],[13.24491,52.61023],[13.24555,52.61098],[13.24808,52.60958],[13.247,52.60799],[13.2496,52.60739],[13.25032,52.60733],[13.25307,52.60756],[13.25554,52.60666],[13.2596,52.60572],[13.26121,52.60786],[13.25586,52.60975],[13.25171,52.61149],[13.24952,52.61039],[13.24634,52.61197],[13.24297,52.61416]]]},"properties":{"UWB":"12309","UWB3":"309","BWB":"123D","BWB3":"3D","AWK":"1203","BEZ":"12","BWK":"77"}},
{"type":"Feature","geometry":{"type":"Polygon","coordinates":[[[13.24111,52.59859],[13.2293,52.60022],[13.22326,52.60132],[13.22348,52.60475],[13.22116,52.60495],[13.22073,52.60734],[13.22167,52.60848],[13.2214,52.61],[13.2194,52.61181],[13.21744,52.61125],[13.20982,52.61254],[13.20689,52.60913],[13.20265,52.60752],[13.20163,52.60655],[13.20233,52.60424],[13.20509,52.60203],[13.20819,52.59901],[13.21129,52.59682],[13.21532,52.59496],[13.21812,52.59319],[13.22092,52.59488],[13.22222,52.5963],[13.22433,52.59672],[13.23481,52.59632],[13.23953,52.59696],[13.24111,52.59859]]]},"properties":{"UWB":"12310","UWB3":"310","BWB":"123H","BWB3":"3H","AWK":"1203","BEZ":"12","BWK":"77"}},
{"type":"Feature","geometry":{"type":"Polygon","coordinates":[[[13.25032,52.60733],[13.2496,52.60739],[13.24883,52.60622],[13.24411,52.60712],[13.2307,52.6093],[13.22985,52.60657],[13.23674,52.60351],[13.23742,52.6057],[13.24725,52.60377],[13.24701,52.60098],[13.24781,52.60077],[13.24772,52.60283],[13.24954,52.60514],[13.25032,52.60733]]]},"properties":{"UWB":"12311","UWB3":"311","BWB":"123E","BWB3":"3E","AWK":"1203","BEZ":"12","BWK":"77"}},
{"type":"Feature","geometry":{"type":"Polygon","coordinates":[[[13.24781,52.60077],[13.24701,52.60098],[13.24725,52.60377],[13.23742,52.6057],[13.23674,52.60351],[13.22985,52.60657],[13.22875,52.60293],[13.22965,52.60287],[13.2293,52.60022],[13.24111,52.59859],[13.24458,52.59903],[13.24738,52.59898],[13.24781,52.60077]]]},"properties":{"UWB":"12312","UWB3":"312","BWB":"123F","BWB3":"3F","AWK":"1203","BEZ":"12","BWK":"77"}},
{"type":"Feature","geometry":{"type":"Polygon","coordinates":[[[13.21643,52.58571],[13.2202,52.58625],[13.22787,52.58578],[13.22797,52.58505],[13.23573,52.58643],[13.2334,52.58767],[13.23286,52.58887],[13.22799,52.59076],[13.22843,52.59139],[13.22342,52.59258],[13.22092,52.59488],[13.21812,52.59319],[13.21926,52.5914],[13.21739,52.58748],[13.21643,52.58571]]]},"properties":{"UWB":"12313","UWB3":"313","BWB":"123H","BWB3":"3H","AWK":"1203","BEZ":"12","BWK":"77"}},
{"type":"Feature","geometry":{"type":"Polygon","coordinates":[[[13.2743,52.5906],[13.2751,52.58822],[13.27939,52.58872],[13.28325,52.58996],[13.28243,52.59087],[13.27745,52.59056],[13.27627,52.59137],[13.2743,52.5906]]]},"properties":{"UWB":"12314","UWB3":"314","BWB":"123J","BWB3":"3J","AWK":"1203","BEZ":"12","BWK":"77"}},
{"type":"Feature","geometry":{"type":"Polygon","coordinates":[[[13.23573,52.58643],[13.22797,52.58505],[13.22787,52.58578],[13.2202,52.58625],[13.21643,52.58571],[13.21993,52.58483],[13.22284,52.58471],[13.22308,52.58179],[13.22725,52.58131],[13.23209,52.58184],[13.23455,52.58259],[13.23676,52.58259],[13.23817,52.58553],[13.23573,52.58643]]]},"properties":{"UWB":"12315","UWB3":"315","BWB":"123P","BWB3":"3P","AWK":"1203","BEZ":"12","BWK":"77"}},
{"type":"Feature","geometry":{"type":"Polygon","coordinates":[[[13.27939,52.58872],[13.2809,52.58629],[13.28628,52.58698],[13.2836,52.58962],[13.28325,52.58996],[13.27939,52.58872]]]},"properties":{"UWB":"12316","UWB3":"316","BWB":"123J","BWB3":"3J","AWK":"1203","BEZ":"12","BWK":"77"}},
{"type":"Feature","geometry":{"type":"Polygon","coordinates":[[[13.28987,52.58257],[13.28628,52.58698],[13.2809,52.58629],[13.27681,52.58578],[13.27587,52.58441],[13.27488,52.58164],[13.27612,52.58161],[13.27569,52.57976],[13.27885,52.57991],[13.2783,52.57837],[13.28289,52.57858],[13.28392,52.57864],[13.28356,52.57963],[13.28797,52.5798],[13.28683,52.58146],[13.29071,52.58157],[13.28987,52.58257]]]},"properties":{"UWB":"12317","UWB3":"317","BWB":"123K","BWB3":"3K","AWK":"1203","BEZ":"12","BWK":"77"}},
{"type":"Feature","geometry":{"type":"Polygon","coordinates":[[[13.22487,52.57337],[13.23314,52.57314],[13.2315,52.574],[13.22992,52.57575],[13.22895,52.57568],[13.2284,52.57894],[13.22725,52.58131],[13.22308,52.58179],[13.22284,52.58471],[13.21993,52.58483],[13.21643,52.58571],[13.21536,52.58476],[13.21543,52.58353],[13.2172,52.5824],[13.21831,52.58096],[13.21796,52.57854],[13.21886,52.57716],[13.22204,52.57494],[13.22487,52.57337]]]},"properties":{"UWB":"12318","UWB3":"318","BWB":"123I","BWB3":"3I","AWK":"1203","BEZ":"12","BWK":"77"}},
{"type":"Feature","geometry":{"type":"Polygon","coordinates":[[[13.27384,52.5758],[13.28011,52.57571],[13.27749,52.5761],[13.28289,52.57858],[13.2783,52.57837],[13.27885,52.57991],[13.27569,52.57976],[13.27612,52.58161],[13.27488,52.58164],[13.27106,52.5814],[13.26208,52.58141],[13.25806,52.57923],[13.26412,52.5751],[13.26665,52.57591],[13.27384,52.5758]]]},"properties":{"UWB":"12319","UWB3":"319","BWB":"123L","BWB3":"3L","AWK":"1203","BEZ":"12","BWK":"77"}},
{"type":"Feature","geometry":{"type":"Polygon","coordinates":[[[13.28211,52.57568],[13.28709,52.57559],[13.28683,52.57658],[13.28477,52.57647],[13.28392,52.57864],[13.28289,52.57858],[13.27749,52.5761],[13.28011,52.57571],[13.28211,52.57568]]]},"properties":{"UWB":"12320","UWB3":"320","BWB":"123M","BWB3":"3M","AWK":"1203","BEZ":"12","BWK":"77"}},
{"type":"Feature","geometry":{"type":"Polygon","coordinates":[[[13.29071,52.58157],[13.28683,52.58146],[13.28797,52.5798],[13.28356,52.57963],[13.28392,52.57864],[13.29298,52.5787],[13.29071,52.58157]]]},"properties":{"UWB":"12321","UWB3":"321","BWB":"123K","BWB3":"3K","AWK":"1203","BEZ":"12","BWK":"77"}},
{"type":"Feature","geometry":{"type":"Polygon","coordinates":[[[13.29147,52.57551],[13.29472,52.57631],[13.29298,52.5787],[13.28392,52.57864],[13.28477,52.57647],[13.28683,52.57658],[13.28709,52.57559],[13.29147,52.57551]]]},"properties":{"UWB":"12322","UWB3":"322","BWB":"123M","BWB3":"3M","AWK":"1203","BEZ":"12","BWK":"77"}},
{"type":"Feature","geometry":{"type":"Polygon","coordinates":[[[13.22739,52.56741],[13.23059,52.56839],[13.23551,52.56777],[13.23688,52.56829],[13.2384,52.57003],[13.23484,52.57137],[13.23314,52.57314],[13.22487,52.57337],[13.2253,52.57122],[13.22672,52.56933],[13.22739,52.56741]]]},"properties":{"UWB":"12323","UWB3":"323","BWB":"123I","BWB3":"3I","AWK":"1203","BEZ":"12","BWK":"77"}},
{"type":"Feature","geometry":{"type":"Polygon","coordinates":[[[13.22804,52.56337],[13.23315,52.55998],[13.23864,52.55739],[13.24913,52.55204],[13.25004,52.55405],[13.26122,52.57347],[13.26285,52.57443],[13.26412,52.5751],[13.25806,52.57923],[13.25401,52.57703],[13.25184,52.57222],[13.2486,52.56701],[13.24508,52.56673],[13.24337,52.56727],[13.23551,52.56777],[13.23059,52.56839],[13.22739,52.56741],[13.22871,52.56567],[13.22804,52.56337]]]},"properties":{"UWB":"12324","UWB3":"324","BWB":"123L","BWB3":"3L","AWK":"1203","BEZ":"12","BWK":"77"}},
{"type":"Feature","geometry":{"type":"Polygon","coordinates":[[[13.27106,52.5814],[13.27488,52.58164],[13.27587,52.58441],[13.27681,52.58578],[13.2809,52.58629],[13.27939,52.58872],[13.2751,52.58822],[13.2743,52.5906],[13.26553,52.5878],[13.26957,52.58523],[13.27106,52.5814]]]},"properties":{"UWB":"12325","UWB3":"325","BWB":"123N","BWB3":"3N","AWK":"1203","BEZ":"12","BWK":"77"}},
{"type":"Feature","geometry":{"type":"Polygon","coordinates":[[[13.32181,52.60497],[13.32155,52.60553],[13.31539,52.61074],[13.3153,52.61128],[13.31483,52.61111],[13.31147,52.60962],[13.3104,52.60809],[13.3078,52.60792],[13.30377,52.60488],[13.30088,52.60636],[13.30395,52.60089],[13.3122,52.60461],[13.31497,52.6024],[13.31742,52.60318],[13.31838,52.60404],[13.32181,52.60497]]]},"properties":{"UWB":"12401","UWB3":"401","BWB":"124A","BWB3":"4A","AWK":"1204","BEZ":"12","BWK":"77"}},
{"type":"Feature","geometry":{"type":"Polygon","coordinates":[[[13.32181,52.60497],[13.32406,52.60597],[13.32554,52.6059],[13.32803,52.60502],[13.32904,52.60569],[13.32389,52.61152],[13.32218,52.61302],[13.31925,52.61239],[13.31614,52.61231],[13.3153,52.61128],[13.31539,52.61074],[13.32155,52.60553],[13.32181,52.60497]]]},"properties":{"UWB":"12402","UWB3":"402","BWB":"124A","BWB3":"4A","AWK":"1204","BEZ":"12","BWK":"77"}},
{"type":"Feature","geometry":{"type":"Polygon","coordinates":[[[13.32904,52.60569],[13.33289,52.60523],[13.33658,52.60595],[13.33757,52.60723],[13.33937,52.60827],[13.3389,52.60954],[13.33551,52.60676],[13.33248,52.60621],[13.32927,52.60737],[13.32788,52.60901],[13.33145,52.61003],[13.33226,52.6093],[13.33478,52.60975],[13.33413,52.61056],[13.33648,52.6112],[13.33105,52.61487],[13.32636,52.61309],[13.32218,52.61302],[13.32389,52.61152],[13.32904,52.60569]]]},"properties":{"UWB":"12403","UWB3":"403","BWB":"124B","BWB3":"4B","AWK":"1204","BEZ":"12","BWK":"77"}},
{"type":"Feature","geometry":{"type":"Polygon","coordinates":[[[13.32927,52.60737],[13.33338,52.60753],[13.33536,52.60817],[13.33478,52.60975],[13.33226,52.6093],[13.33145,52.61003],[13.32788,52.60901],[13.32927,52.60737]]]},"properties":{"UWB":"12404","UWB3":"404","BWB":"124C","BWB3":"4C","AWK":"1204","BEZ":"12","BWK":"77"}},
{"type":"Feature","geometry":{"type":"Polygon","coordinates":[[[13.33478,52.60975],[13.33536,52.60817],[13.33338,52.60753],[13.32927,52.60737],[13.33248,52.60621],[13.33551,52.60676],[13.3389,52.60954],[13.33648,52.6112],[13.33413,52.61056],[13.33478,52.60975]]]},"properties":{"UWB":"12405","UWB3":"405","BWB":"124C","BWB3":"4C","AWK":"1204","BEZ":"12","BWK":"77"}},
{"type":"Feature","geometry":{"type":"Polygon","coordinates":[[[13.28243,52.59087],[13.28325,52.58996],[13.2836,52.58962],[13.28745,52.59008],[13.28869,52.59113],[13.29478,52.59178],[13.29452,52.5927],[13.28736,52.59196],[13.28627,52.59398],[13.28567,52.59498],[13.28083,52.59384],[13.28243,52.59087]]]},"properties":{"UWB":"12406","UWB3":"406","BWB":"124D","BWB3":"4D","AWK":"1204","BEZ":"12","BWK":"77"}},
{"type":"Feature","geometry":{"type":"Polygon","coordinates":[[[13.28627,52.59398],[13.30619,52.59624],[13.30756,52.59707],[13.30395,52.60089],[13.29834,52.59836],[13.294,52.59636],[13.28866,52.5957],[13.28567,52.59498],[13.28627,52.59398]]]},"properties":{"UWB":"12407","UWB3":"407","BWB":"124E","BWB3":"4E","AWK":"1204","BEZ":"12","BWK":"77"}},
{"type":"Feature","geometry":{"type":"Polygon","coordinates":[[[13.30395,52.60089],[13.30756,52.59707],[13.30942,52.59824],[13.31303,52.59798],[13.31449,52.5983],[13.31577,52.59703],[13.31813,52.59702],[13.32349,52.59794],[13.32386,52.59867],[13.32435,52.60118],[13.32146,52.60344],[13.32181,52.60497],[13.31838,52.60404],[13.31742,52.60318],[13.31497,52.6024],[13.3122,52.60461],[13.30395,52.60089]]]},"properties":{"UWB":"12408","UWB3":"408","BWB":"124F","BWB3":"4F","AWK":"1204","BEZ":"12","BWK":"77"}},
{"type":"Feature","geometry":{"type":"Polygon","coordinates":[[[13.32181,52.60497],[13.32146,52.60344],[13.32435,52.60118],[13.32386,52.59867],[13.32931,52.59959],[13.33243,52.59799],[13.33217,52.59927],[13.33547,52.60291],[13.33102,52.60085],[13.32659,52.60457],[13.32554,52.6059],[13.32406,52.60597],[13.32181,52.60497]]]},"properties":{"UWB":"12409","UWB3":"409","BWB":"124F","BWB3":"4F","AWK":"1204","BEZ":"12","BWK":"77"}},
{"type":"Feature","geometry":{"type":"Polygon","coordinates":[[[13.32554,52.6059],[13.32659,52.60457],[13.33102,52.60085],[13.33547,52.60291],[13.33447,52.60355],[13.33826,52.60525],[13.34163,52.60739],[13.33937,52.60827],[13.33757,52.60723],[13.33658,52.60595],[13.33289,52.60523],[13.32904,52.60569],[13.32803,52.60502],[13.32554,52.6059]]]},"properties":{"UWB":"12410","UWB3":"410","BWB":"124B","BWB3":"4B","AWK":"1204","BEZ":"12","BWK":"77"}},
{"type":"Feature","geometry":{"type":"Polygon","coordinates":[[[13.33243,52.59799],[13.333,52.59543],[13.33594,52.59568],[13.33563,52.59628],[13.33909,52.59904],[13.34177,52.60047],[13.34699,52.60224],[13.3493,52.6039],[13.34863,52.60665],[13.3442,52.60572],[13.34163,52.60739],[13.33826,52.60525],[13.33447,52.60355],[13.33547,52.60291],[13.33217,52.59927],[13.33243,52.59799]]]},"properties":{"UWB":"12411","UWB3":"411","BWB":"124G","BWB3":"4G","AWK":"1204","BEZ":"12","BWK":"77"}},
{"type":"Feature","geometry":{"type":"Polygon","coordinates":[[[13.29478,52.59178],[13.29756,52.59207],[13.29782,52.59117],[13.30302,52.59006],[13.30438,52.5902],[13.30641,52.59196],[13.3032,52.59363],[13.30334,52.59496],[13.30619,52.59624],[13.28627,52.59398],[13.28736,52.59196],[13.29452,52.5927],[13.29478,52.59178]]]},"properties":{"UWB":"12412","UWB3":"412","BWB":"124D","BWB3":"4D","AWK":"1204","BEZ":"12","BWK":"77"}},
{"type":"Feature","geometry":{"type":"Polygon","coordinates":[[[13.30619,52.59624],[13.30334,52.59496],[13.3032,52.59363],[13.30641,52.59196],[13.31136,52.59301],[13.31171,52.59224],[13.30778,52.59095],[13.31337,52.58889],[13.31704,52.58811],[13.31965,52.59078],[13.32127,52.59357],[13.3188,52.59426],[13.31558,52.59373],[13.31277,52.59661],[13.31577,52.59703],[13.31449,52.5983],[13.31303,52.59798],[13.30942,52.59824],[13.30756,52.59707],[13.30619,52.59624]]]},"properties":{"UWB":"12413","UWB3":"413","BWB":"124E","BWB3":"4E","AWK":"1204","BEZ":"12","BWK":"77"}},
{"type":"Feature","geometry":{"type":"Polygon","coordinates":[[[13.31577,52.59703],[13.31277,52.59661],[13.31558,52.59373],[13.3188,52.59426],[13.32127,52.59357],[13.32658,52.59208],[13.32747,52.59306],[13.333,52.59543],[13.33243,52.59799],[13.32931,52.59959],[13.32386,52.59867],[13.32349,52.59794],[13.31813,52.59702],[13.31577,52.59703]]]},"properties":{"UWB":"12414","UWB3":"414","BWB":"124H","BWB3":"4H","AWK":"1204","BEZ":"12","BWK":"77"}},
{"type":"Feature","geometry":{"type":"Polygon","coordinates":[[[13.29221,52.58268],[13.29169,52.58423],[13.29014,52.58598],[13.28745,52.59008],[13.2836,52.58962],[13.28628,52.58698],[13.28987,52.58257],[13.29221,52.58268]]]},"properties":{"UWB":"12415","UWB3":"415","BWB":"124N","BWB3":"4N","AWK":"1204","BEZ":"12","BWK":"77"}},
{"type":"Feature","geometry":{"type":"Polygon","coordinates":[[[13.29782,52.59117],[13.29213,52.59057],[13.29141,52.589],[13.29331,52.58719],[13.29585,52.58758],[13.29815,52.58955],[13.30302,52.59006],[13.29782,52.59117]]]},"properties":{"UWB":"12416","UWB3":"416","BWB":"124I","BWB3":"4I","AWK":"1204","BEZ":"12","BWK":"77"}},
{"type":"Feature","geometry":{"type":"Polygon","coordinates":[[[13.31704,52.58811],[13.31991,52.58747],[13.32344,52.58743],[13.32991,52.58737],[13.33468,52.58743],[13.33421,52.58969],[13.33002,52.59006],[13.326,52.59121],[13.32658,52.59208],[13.32127,52.59357],[13.31965,52.59078],[13.31704,52.58811]]]},"properties":{"UWB":"12417","UWB3":"417","BWB":"124J","BWB3":"4J","AWK":"1204","BEZ":"12","BWK":"77"}},
{"type":"Feature","geometry":{"type":"Polygon","coordinates":[[[13.32658,52.59208],[13.326,52.59121],[13.33002,52.59006],[13.33421,52.58969],[13.333,52.59543],[13.32747,52.59306],[13.32658,52.59208]]]},"properties":{"UWB":"12418","UWB3":"418","BWB":"124H","BWB3":"4H","AWK":"1204","BEZ":"12","BWK":"77"}},
{"type":"Feature","geometry":{"type":"Polygon","coordinates":[[[13.34748,52.59012],[13.34589,52.59103],[13.33738,52.59576],[13.33594,52.59568],[13.333,52.59543],[13.33421,52.58969],[13.33468,52.58743],[13.34008,52.58812],[13.34748,52.59012]]]},"properties":{"UWB":"12419","UWB3":"419","BWB":"124G","BWB3":"4G","AWK":"1204","BEZ":"12","BWK":"77"}},
{"type":"Feature","geometry":{"type":"Polygon","coordinates":[[[13.29331,52.58719],[13.29094,52.58703],[13.29412,52.58279],[13.29758,52.58297],[13.30129,52.58369],[13.29896,52.58562],[13.29585,52.58758],[13.29331,52.58719]]]},"properties":{"UWB":"12420","UWB3":"420","BWB":"124I","BWB3":"4I","AWK":"1204","BEZ":"12","BWK":"77"}},
{"type":"Feature","geometry":{"type":"Polygon","coordinates":[[[13.30302,52.59006],[13.29815,52.58955],[13.29585,52.58758],[13.29896,52.58562],[13.30002,52.58646],[13.30265,52.5843],[13.31337,52.58889],[13.30778,52.59095],[13.31171,52.59224],[13.31136,52.59301],[13.30641,52.59196],[13.30438,52.5902],[13.30302,52.59006]]]},"properties":{"UWB":"12421","UWB3":"421","BWB":"124K","BWB3":"4K","AWK":"1204","BEZ":"12","BWK":"77"}},
{"type":"Feature","geometry":{"type":"Polygon","coordinates":[[[13.30822,52.57771],[13.31531,52.57778],[13.32115,52.58454],[13.32344,52.58743],[13.31991,52.58747],[13.31704,52.58811],[13.31337,52.58889],[13.30265,52.5843],[13.30544,52.582],[13.30289,52.58078],[13.30076,52.58076],[13.29753,52.58179],[13.29758,52.58297],[13.29412,52.58279],[13.29554,52.58181],[13.30639,52.57812],[13.30822,52.57771]]]},"properties":{"UWB":"12422","UWB3":"422","BWB":"124L","BWB3":"4L","AWK":"1204","BEZ":"12","BWK":"77"}},
{"type":"Feature","geometry":{"type":"Polygon","coordinates":[[[13.29758,52.58297],[13.29753,52.58179],[13.30076,52.58076],[13.30289,52.58078],[13.30544,52.582],[13.30265,52.5843],[13.30002,52.58646],[13.29896,52.58562],[13.30129,52.58369],[13.29758,52.58297]]]},"properties":{"UWB":"12423","UWB3":"423","BWB":"124K","BWB3":"4K","AWK":"1204","BEZ":"12","BWK":"77"}},
{"type":"Feature","geometry":{"type":"Polygon","coordinates":[[[13.33387,52.58139],[13.33276,52.5815],[13.32991,52.58737],[13.32344,52.58743],[13.32115,52.58454],[13.32189,52.58334],[13.32091,52.58198],[13.32313,52.58133],[13.31986,52.57814],[13.32479,52.57869],[13.32689,52.57812],[13.33297,52.57823],[13.33387,52.58139]]]},"properties":{"UWB":"12424","UWB3":"424","BWB":"124M","BWB3":"4M","AWK":"1204","BEZ":"12","BWK":"77"}},
{"type":"Feature","geometry":{"type":"Polygon","coordinates":[[[13.33468,52.58743],[13.32991,52.58737],[13.33276,52.5815],[13.33387,52.58139],[13.33389,52.58146],[13.33497,52.58514],[13.33468,52.58743]]]},"properties":{"UWB":"12425","UWB3":"425","BWB":"124M","BWB3":"4M","AWK":"1204","BEZ":"12","BWK":"77"}},
{"type":"Feature","geometry":{"type":"Polygon","coordinates":[[[13.31573,52.5778],[13.31986,52.57814],[13.32313,52.58133],[13.32091,52.58198],[13.32189,52.58334],[13.32115,52.58454],[13.31531,52.57778],[13.31573,52.5778]]]},"properties":{"UWB":"12426","UWB3":"426","BWB":"124L","BWB3":"4L","AWK":"1204","BEZ":"12","BWK":"77"}},
{"type":"Feature","geometry":{"type":"Polygon","coordinates":[[[13.29412,52.58279],[13.29094,52.58703],[13.29331,52.58719],[13.29141,52.589],[13.29213,52.59057],[13.29782,52.59117],[13.29756,52.59207],[13.29478,52.59178],[13.28869,52.59113],[13.28745,52.59008],[13.29014,52.58598],[13.29169,52.58423],[13.29221,52.58268],[13.29412,52.58279]]]},"properties":{"UWB":"12427","UWB3":"427","BWB":"124N","BWB3":"4N","AWK":"1204","BEZ":"12","BWK":"77"}},
{"type":"Feature","geometry":{"type":"Polygon","coordinates":[[[13.33648,52.6112],[13.34205,52.61272],[13.34912,52.61583],[13.3476,52.61702],[13.34875,52.61812],[13.35174,52.61918],[13.35367,52.61936],[13.35069,52.62257],[13.35136,52.62276],[13.35107,52.62386],[13.34708,52.62362],[13.34398,52.62374],[13.3422,52.6232],[13.33872,52.62335],[13.33668,52.62265],[13.33421,52.62176],[13.33185,52.61991],[13.33035,52.61959],[13.32987,52.61848],[13.33117,52.61726],[13.33105,52.61487],[13.33648,52.6112]]]},"properties":{"UWB":"12501","UWB3":"501","BWB":"125A","BWB3":"5A","AWK":"1205","BEZ":"12","BWK":"77"}},
{"type":"Feature","geometry":{"type":"Polygon","coordinates":[[[13.36693,52.62535],[13.3654,52.62547],[13.36266,52.62482],[13.35887,52.62342],[13.35598,52.62319],[13.35494,52.62362],[13.35136,52.62276],[13.35069,52.62257],[13.35367,52.61936],[13.35174,52.61918],[13.34875,52.61812],[13.3476,52.61702],[13.34912,52.61583],[13.35228,52.61343],[13.35208,52.61095],[13.35839,52.61219],[13.36349,52.60689],[13.37544,52.60653],[13.37579,52.60702],[13.37621,52.60774],[13.37628,52.61113],[13.37522,52.61423],[13.37155,52.61969],[13.36974,52.62196],[13.36693,52.62535]]]},"properties":{"UWB":"12502","UWB3":"502","BWB":"125B","BWB3":"5B","AWK":"1205","BEZ":"12","BWK":"77"}},
{"type":"Feature","geometry":{"type":"Polygon","coordinates":[[[13.33937,52.60827],[13.34163,52.60739],[13.3442,52.60572],[13.34863,52.60665],[13.34768,52.60828],[13.34866,52.60917],[13.35208,52.61095],[13.35228,52.61343],[13.34912,52.61583],[13.34205,52.61272],[13.33648,52.6112],[13.3389,52.60954],[13.33937,52.60827]]]},"properties":{"UWB":"12503","UWB3":"503","BWB":"125A","BWB3":"5A","AWK":"1205","BEZ":"12","BWK":"77"}},
{"type":"Feature","geometry":{"type":"Polygon","coordinates":[[[13.3493,52.6039],[13.35153,52.60392],[13.35302,52.605],[13.35315,52.60723],[13.34863,52.60665],[13.3493,52.6039]]]},"properties":{"UWB":"12504","UWB3":"504","BWB":"125E","BWB3":"5E","AWK":"1205","BEZ":"12","BWK":"77"}},
{"type":"Feature","geometry":{"type":"Polygon","coordinates":[[[13.35302,52.605],[13.35617,52.60516],[13.3559,52.60713],[13.35315,52.60723],[13.35302,52.605]]]},"properties":{"UWB":"12505","UWB3":"505","BWB":"125C","BWB3":"5C","AWK":"1205","BEZ":"12","BWK":"77"}},
{"type":"Feature","geometry":{"type":"Polygon","coordinates":[[[13.35208,52.61095],[13.34866,52.60917],[13.34768,52.60828],[13.34863,52.60665],[13.35315,52.60723],[13.3559,52.60713],[13.35617,52.60516],[13.3598,52.60535],[13.35956,52.60703],[13.36349,52.60689],[13.35839,52.61219],[13.35208,52.61095]]]},"properties":{"UWB":"12506","UWB3":"506","BWB":"125C","BWB3":"5C","AWK":"1205","BEZ":"12","BWK":"77"}},
{"type":"Feature","geometry":{"type":"Polygon","coordinates":[[[13.3598,52.60535],[13.36189,52.60456],[13.36414,52.6056],[13.36349,52.60689],[13.35956,52.60703],[13.3598,52.60535]]]},"properties":{"UWB":"12507","UWB3":"507","BWB":"125C","BWB3":"5C","AWK":"1205","BEZ":"12","BWK":"77"}},
{"type":"Feature","geometry":{"type":"Polygon","coordinates":[[[13.36189,52.60456],[13.3616,52.60281],[13.36455,52.60336],[13.36414,52.6056],[13.36189,52.60456]]]},"properties":{"UWB":"12508","UWB3":"508","BWB":"125D","BWB3":"5D","AWK":"1205","BEZ":"12","BWK":"77"}},
{"type":"Feature","geometry":{"type":"Polygon","coordinates":[[[13.37544,52.60653],[13.36349,52.60689],[13.36414,52.6056],[13.36455,52.60336],[13.3654,52.60173],[13.36791,52.6028],[13.37106,52.60011],[13.37544,52.60653]]]},"properties":{"UWB":"12509","UWB3":"509","BWB":"125B","BWB3":"5B","AWK":"1205","BEZ":"12","BWK":"77"}},
{"type":"Feature","geometry":{"type":"Polygon","coordinates":[[[13.37106,52.60011],[13.36791,52.6028],[13.3654,52.60173],[13.36274,52.60055],[13.36055,52.59947],[13.36052,52.59692],[13.3679,52.5973],[13.37106,52.60011]]]},"properties":{"UWB":"12510","UWB3":"510","BWB":"125F","BWB3":"5F","AWK":"1205","BEZ":"12","BWK":"77"}},
{"type":"Feature","geometry":{"type":"Polygon","coordinates":[[[13.35153,52.60392],[13.35293,52.60155],[13.35391,52.59973],[13.35573,52.60006],[13.36059,52.60237],[13.3616,52.60281],[13.36189,52.60456],[13.3598,52.60535],[13.35617,52.60516],[13.35302,52.605],[13.35153,52.60392]]]},"properties":{"UWB":"12511","UWB3":"511","BWB":"125D","BWB3":"5D","AWK":"1205","BEZ":"12","BWK":"77"}},
{"type":"Feature","geometry":{"type":"Polygon","coordinates":[[[13.34699,52.60224],[13.34971,52.60104],[13.35149,52.60086],[13.35293,52.60155],[13.35153,52.60392],[13.3493,52.6039],[13.34699,52.60224]]]},"properties":{"UWB":"12512","UWB3":"512","BWB":"125E","BWB3":"5E","AWK":"1205","BEZ":"12","BWK":"77"}},
{"type":"Feature","geometry":{"type":"Polygon","coordinates":[[[13.34177,52.60047],[13.34415,52.59841],[13.34752,52.59649],[13.35072,52.59799],[13.34971,52.60104],[13.34699,52.60224],[13.34177,52.60047]]]},"properties":{"UWB":"12513","UWB3":"513","BWB":"125J","BWB3":"5J","AWK":"1205","BEZ":"12","BWK":"77"}},
{"type":"Feature","geometry":{"type":"Polygon","coordinates":[[[13.35293,52.60155],[13.35149,52.60086],[13.34971,52.60104],[13.35072,52.59799],[13.34752,52.59649],[13.34758,52.59623],[13.35434,52.59659],[13.35614,52.59669],[13.35593,52.59808],[13.35891,52.59821],[13.3587,52.59963],[13.35573,52.60006],[13.35391,52.59973],[13.35293,52.60155]]]},"properties":{"UWB":"12514","UWB3":"514","BWB":"125J","BWB3":"5J","AWK":"1205","BEZ":"12","BWK":"77"}},
{"type":"Feature","geometry":{"type":"Polygon","coordinates":[[[13.3616,52.60281],[13.36059,52.60237],[13.36274,52.60055],[13.3654,52.60173],[13.36455,52.60336],[13.3616,52.60281]]]},"properties":{"UWB":"12515","UWB3":"515","BWB":"125D","BWB3":"5D","AWK":"1205","BEZ":"12","BWK":"77"}},
{"type":"Feature","geometry":{"type":"Polygon","coordinates":[[[13.36274,52.60055],[13.36059,52.60237],[13.35573,52.60006],[13.3587,52.59963],[13.36055,52.59947],[13.36274,52.60055]]]},"properties":{"UWB":"12516","UWB3":"516","BWB":"125F","BWB3":"5F","AWK":"1205","BEZ":"12","BWK":"77"}},
{"type":"Feature","geometry":{"type":"Polygon","coordinates":[[[13.33594,52.59568],[13.33738,52.59576],[13.33933,52.59584],[13.33909,52.59904],[13.33563,52.59628],[13.33594,52.59568]]]},"properties":{"UWB":"12517","UWB3":"517","BWB":"125I","BWB3":"5I","AWK":"1205","BEZ":"12","BWK":"77"}},
{"type":"Feature","geometry":{"type":"Polygon","coordinates":[[[13.33909,52.59904],[13.33933,52.59584],[13.34758,52.59623],[13.34752,52.59649],[13.34415,52.59841],[13.34177,52.60047],[13.33909,52.59904]]]},"properties":{"UWB":"12518","UWB3":"518","BWB":"125I","BWB3":"5I","AWK":"1205","BEZ":"12","BWK":"77"}},
{"type":"Feature","geometry":{"type":"Polygon","coordinates":[[[13.35832,52.59104],[13.35791,52.59256],[13.34927,52.59208],[13.34609,52.59151],[13.34589,52.59103],[13.34748,52.59012],[13.34756,52.59008],[13.35019,52.5906],[13.35832,52.59104]]]},"properties":{"UWB":"12519","UWB3":"519","BWB":"125H","BWB3":"5H","AWK":"1205","BEZ":"12","BWK":"77"}},
{"type":"Feature","geometry":{"type":"Polygon","coordinates":[[[13.36055,52.59947],[13.3587,52.59963],[13.35891,52.59821],[13.35593,52.59808],[13.35614,52.59669],[13.36052,52.59692],[13.36055,52.59947]]]},"properties":{"UWB":"12520","UWB3":"520","BWB":"125F","BWB3":"5F","AWK":"1205","BEZ":"12","BWK":"77"}},
{"type":"Feature","geometry":{"type":"Polygon","coordinates":[[[13.34589,52.59103],[13.34609,52.59151],[13.3475,52.59486],[13.34758,52.59623],[13.33933,52.59584],[13.33738,52.59576],[13.34589,52.59103]]]},"properties":{"UWB":"12521","UWB3":"521","BWB":"125I","BWB3":"5I","AWK":"1205","BEZ":"12","BWK":"77"}},
{"type":"Feature","geometry":{"type":"Polygon","coordinates":[[[13.34758,52.59623],[13.3475,52.59486],[13.3494,52.59469],[13.35468,52.59496],[13.35434,52.59659],[13.34758,52.59623]]]},"properties":{"UWB":"12522","UWB3":"522","BWB":"125H","BWB3":"5H","AWK":"1205","BEZ":"12","BWK":"77"}},
{"type":"Feature","geometry":{"type":"Polygon","coordinates":[[[13.35434,52.59659],[13.35468,52.59496],[13.35798,52.59514],[13.35814,52.59398],[13.36091,52.59413],[13.36226,52.59502],[13.36069,52.59559],[13.36052,52.59692],[13.35614,52.59669],[13.35434,52.59659]]]},"properties":{"UWB":"12523","UWB3":"523","BWB":"125G","BWB3":"5G","AWK":"1205","BEZ":"12","BWK":"77"}},
{"type":"Feature","geometry":{"type":"Polygon","coordinates":[[[13.3679,52.5973],[13.36052,52.59692],[13.36069,52.59559],[13.36226,52.59502],[13.36365,52.59375],[13.3679,52.5973]]]},"properties":{"UWB":"12524","UWB3":"524","BWB":"125G","BWB3":"5G","AWK":"1205","BEZ":"12","BWK":"77"}},
{"type":"Feature","geometry":{"type":"Polygon","coordinates":[[[13.35791,52.59256],[13.35999,52.59287],[13.36091,52.59413],[13.35814,52.59398],[13.35798,52.59514],[13.35468,52.59496],[13.3494,52.59469],[13.3475,52.59486],[13.34609,52.59151],[13.34927,52.59208],[13.35791,52.59256]]]},"properties":{"UWB":"12525","UWB3":"525","BWB":"125H","BWB3":"5H","AWK":"1205","BEZ":"12","BWK":"77"}},
{"type":"Feature","geometry":{"type":"Polygon","coordinates":[[[13.36365,52.59375],[13.36226,52.59502],[13.36091,52.59413],[13.35999,52.59287],[13.35791,52.59256],[13.35832,52.59104],[13.36065,52.59127],[13.36365,52.59375]]]},"properties":{"UWB":"12526","UWB3":"526","BWB":"125G","BWB3":"5G","AWK":"1205","BEZ":"12","BWK":"77"}},
{"type":"Feature","geometry":{"type":"Polygon","coordinates":[[[13.28447,52.6481],[13.28653,52.64687],[13.29031,52.64837],[13.29484,52.64981],[13.29387,52.65115],[13.2995,52.65369],[13.30043,52.6535],[13.30997,52.65735],[13.30713,52.65962],[13.30251,52.6592],[13.29368,52.65936],[13.29019,52.65986],[13.28716,52.65994],[13.28277,52.66074],[13.28191,52.65275],[13.28513,52.65263],[13.28447,52.6481]]]},"properties":{"UWB":"12601","UWB3":"601","BWB":"126A","BWB3":"6A","AWK":"1206","BEZ":"12","BWK":"77"}},
{"type":"Feature","geometry":{"type":"Polygon","coordinates":[[[13.28447,52.6481],[13.28384,52.64112],[13.28485,52.63898],[13.28705,52.63577],[13.28997,52.63328],[13.29492,52.6371],[13.29222,52.6378],[13.2921,52.64196],[13.29869,52.64287],[13.30083,52.64385],[13.29484,52.64981],[13.29031,52.64837],[13.28653,52.64687],[13.28447,52.6481]]]},"properties":{"UWB":"12602","UWB3":"602","BWB":"126A","BWB3":"6A","AWK":"1206","BEZ":"12","BWK":"77"}},
{"type":"Feature","geometry":{"type":"Polygon","coordinates":[[[13.29484,52.64981],[13.30083,52.64385],[13.29869,52.64287],[13.29872,52.64163],[13.30199,52.64112],[13.30277,52.6395],[13.30462,52.63975],[13.3059,52.63737],[13.30706,52.63755],[13.30627,52.63961],[13.30823,52.64023],[13.30941,52.64272],[13.30043,52.6535],[13.2995,52.65369],[13.29387,52.65115],[13.29484,52.64981]]]},"properties":{"UWB":"12603","UWB3":"603","BWB":"126B","BWB3":"6B","AWK":"1206","BEZ":"12","BWK":"77"}},
{"type":"Feature","geometry":{"type":"Polygon","coordinates":[[[13.27684,52.64028],[13.27425,52.64027],[13.2696,52.63971],[13.26215,52.64068],[13.26233,52.63945],[13.26685,52.63797],[13.26892,52.63669],[13.26995,52.63541],[13.27172,52.63469],[13.27483,52.63428],[13.27741,52.63423],[13.28073,52.6341],[13.27828,52.63623],[13.2773,52.63808],[13.27684,52.64028]]]},"properties":{"UWB":"12604","UWB3":"604","BWB":"126E","BWB3":"6E","AWK":"1206","BEZ":"12","BWK":"77"}},
{"type":"Feature","geometry":{"type":"Polygon","coordinates":[[[13.28384,52.64112],[13.27684,52.64028],[13.2773,52.63808],[13.27828,52.63623],[13.28073,52.6341],[13.28603,52.63381],[13.28852,52.63267],[13.28997,52.63328],[13.28705,52.63577],[13.28485,52.63898],[13.28384,52.64112]]]},"properties":{"UWB":"12605","UWB3":"605","BWB":"126D","BWB3":"6D","AWK":"1206","BEZ":"12","BWK":"77"}},
{"type":"Feature","geometry":{"type":"Polygon","coordinates":[[[13.29492,52.6371],[13.29759,52.63511],[13.30594,52.63702],[13.3059,52.63737],[13.30462,52.63975],[13.30277,52.6395],[13.30199,52.64112],[13.29872,52.64163],[13.29869,52.64287],[13.2921,52.64196],[13.29222,52.6378],[13.29492,52.6371]]]},"properties":{"UWB":"12606","UWB3":"606","BWB":"126C","BWB3":"6C","AWK":"1206","BEZ":"12","BWK":"77"}},
{"type":"Feature","geometry":{"type":"Polygon","coordinates":[[[13.26233,52.63945],[13.26469,52.63597],[13.2652,52.63453],[13.26483,52.63152],[13.26899,52.63148],[13.27141,52.63211],[13.2729,52.63344],[13.27483,52.63428],[13.27172,52.63469],[13.26995,52.63541],[13.26892,52.63669],[13.26685,52.63797],[13.26233,52.63945]]]},"properties":{"UWB":"12607","UWB3":"607","BWB":"126F","BWB3":"6F","AWK":"1206","BEZ":"12","BWK":"77"}},
{"type":"Feature","geometry":{"type":"Polygon","coordinates":[[[13.27483,52.63428],[13.2729,52.63344],[13.27141,52.63211],[13.26899,52.63148],[13.27042,52.62942],[13.27336,52.62782],[13.27637,52.62803],[13.27883,52.62976],[13.27576,52.63031],[13.27707,52.63153],[13.27741,52.63423],[13.27483,52.63428]]]},"properties":{"UWB":"12608","UWB3":"608","BWB":"126G","BWB3":"6G","AWK":"1206","BEZ":"12","BWK":"77"}},
{"type":"Feature","geometry":{"type":"Polygon","coordinates":[[[13.27741,52.63423],[13.27707,52.63153],[13.27576,52.63031],[13.27883,52.62976],[13.27637,52.62803],[13.27402,52.62615],[13.27772,52.62536],[13.2804,52.62563],[13.28059,52.62786],[13.28677,52.62978],[13.28852,52.63267],[13.28603,52.63381],[13.28073,52.6341],[13.27741,52.63423]]]},"properties":{"UWB":"12609","UWB3":"609","BWB":"126H","BWB3":"6H","AWK":"1206","BEZ":"12","BWK":"77"}},
{"type":"Feature","geometry":{"type":"Polygon","coordinates":[[[13.28997,52.63328],[13.29235,52.63124],[13.29404,52.63194],[13.29757,52.63226],[13.30086,52.63321],[13.30421,52.6323],[13.30506,52.63106],[13.30673,52.63058],[13.31005,52.63107],[13.30934,52.6328],[13.30594,52.63702],[13.29759,52.63511],[13.29492,52.6371],[13.28997,52.63328]]]},"properties":{"UWB":"12610","UWB3":"610","BWB":"126J","BWB3":"6J","AWK":"1206","BEZ":"12","BWK":"77"}},
{"type":"Feature","geometry":{"type":"Polygon","coordinates":[[[13.27334,52.6257],[13.27402,52.62615],[13.27637,52.62803],[13.27336,52.62782],[13.27042,52.62942],[13.26899,52.63148],[13.26483,52.63152],[13.26423,52.62686],[13.26828,52.62601],[13.27258,52.62603],[13.27334,52.6257]]]},"properties":{"UWB":"12611","UWB3":"611","BWB":"126G","BWB3":"6G","AWK":"1206","BEZ":"12","BWK":"77"}},
{"type":"Feature","geometry":{"type":"Polygon","coordinates":[[[13.2736,52.62557],[13.27615,52.6248],[13.28123,52.62516],[13.2884,52.62613],[13.28953,52.62432],[13.28967,52.62298],[13.2911,52.62257],[13.29268,52.62322],[13.29145,52.62575],[13.29601,52.6264],[13.29791,52.62589],[13.29652,52.62698],[13.29363,52.62928],[13.29235,52.63124],[13.28997,52.63328],[13.28852,52.63267],[13.28677,52.62978],[13.28059,52.62786],[13.2804,52.62563],[13.27772,52.62536],[13.27402,52.62615],[13.27334,52.6257],[13.2736,52.62557]]]},"properties":{"UWB":"12612","UWB3":"612","BWB":"126I","BWB3":"6I","AWK":"1206","BEZ":"12","BWK":"77"}},
{"type":"Feature","geometry":{"type":"Polygon","coordinates":[[[13.29235,52.63124],[13.29363,52.62928],[13.29652,52.62698],[13.30262,52.6272],[13.30305,52.62777],[13.30969,52.62948],[13.31005,52.63107],[13.30673,52.63058],[13.30506,52.63106],[13.30421,52.6323],[13.30086,52.63321],[13.29757,52.63226],[13.29404,52.63194],[13.29235,52.63124]]]},"properties":{"UWB":"12613","UWB3":"613","BWB":"126J","BWB3":"6J","AWK":"1206","BEZ":"12","BWK":"77"}},
{"type":"Feature","geometry":{"type":"Polygon","coordinates":[[[13.28974,52.61919],[13.29317,52.61926],[13.29586,52.6207],[13.2989,52.61802],[13.29924,52.61954],[13.30223,52.62075],[13.30466,52.62],[13.29791,52.62589],[13.29601,52.6264],[13.29145,52.62575],[13.29268,52.62322],[13.2911,52.62257],[13.28967,52.62298],[13.28953,52.62432],[13.28544,52.62219],[13.28974,52.61919]]]},"properties":{"UWB":"12614","UWB3":"614","BWB":"126K","BWB3":"6K","AWK":"1206","BEZ":"12","BWK":"77"}},
{"type":"Feature","geometry":{"type":"Polygon","coordinates":[[[13.29791,52.62589],[13.30466,52.62],[13.3071,52.62102],[13.30646,52.6231],[13.30861,52.62333],[13.30824,52.62456],[13.31032,52.62479],[13.30995,52.62601],[13.31176,52.6262],[13.31119,52.62812],[13.30262,52.6272],[13.29652,52.62698],[13.29791,52.62589]]]},"properties":{"UWB":"12615","UWB3":"615","BWB":"126L","BWB3":"6L","AWK":"1206","BEZ":"12","BWK":"77"}},
{"type":"Feature","geometry":{"type":"Polygon","coordinates":[[[13.31176,52.6262],[13.31561,52.62437],[13.31707,52.62241],[13.31919,52.62274],[13.32148,52.62193],[13.32558,52.62263],[13.3286,52.62211],[13.32964,52.62367],[13.33209,52.6242],[13.32931,52.62529],[13.32384,52.62638],[13.3196,52.62666],[13.31298,52.62819],[13.31119,52.62812],[13.31176,52.6262]]]},"properties":{"UWB":"12616","UWB3":"616","BWB":"126M","BWB3":"6M","AWK":"1206","BEZ":"12","BWK":"77"}},
{"type":"Feature","geometry":{"type":"Polygon","coordinates":[[[13.29351,52.61656],[13.29461,52.61795],[13.29924,52.61606],[13.30284,52.61566],[13.30868,52.61508],[13.30842,52.61642],[13.30466,52.62],[13.30223,52.62075],[13.29924,52.61954],[13.2989,52.61802],[13.29586,52.6207],[13.29317,52.61926],[13.28974,52.61919],[13.29351,52.61656]]]},"properties":{"UWB":"12617","UWB3":"617","BWB":"126N","BWB3":"6N","AWK":"1206","BEZ":"12","BWK":"77"}},
{"type":"Feature","geometry":{"type":"Polygon","coordinates":[[[13.3153,52.61128],[13.31614,52.61231],[13.31548,52.61328],[13.31697,52.61456],[13.31738,52.61614],[13.31638,52.61711],[13.31428,52.61666],[13.31274,52.6172],[13.31292,52.61943],[13.31142,52.62051],[13.31106,52.62213],[13.3071,52.62102],[13.30466,52.62],[13.30842,52.61642],[13.31221,52.61342],[13.31483,52.61111],[13.3153,52.61128]]]},"properties":{"UWB":"12618","UWB3":"618","BWB":"126P","BWB3":"6P","AWK":"1206","BEZ":"12","BWK":"77"}},
{"type":"Feature","geometry":{"type":"Polygon","coordinates":[[[13.32218,52.61302],[13.32636,52.61309],[13.33105,52.61487],[13.33117,52.61726],[13.32987,52.61848],[13.33035,52.61959],[13.33185,52.61991],[13.33421,52.62176],[13.33668,52.62265],[13.33209,52.6242],[13.32964,52.62367],[13.3286,52.62211],[13.32558,52.62263],[13.32148,52.62193],[13.31919,52.62274],[13.31799,52.62044],[13.31604,52.61782],[13.31638,52.61711],[13.31738,52.61614],[13.31697,52.61456],[13.31548,52.61328],[13.31614,52.61231],[13.31925,52.61239],[13.32218,52.61302]]]},"properties":{"UWB":"12619","UWB3":"619","BWB":"126Q","BWB3":"6Q","AWK":"1206","BEZ":"12","BWK":"77"}},
{"type":"Feature","geometry":{"type":"Polygon","coordinates":[[[13.28329,52.60883],[13.28647,52.60921],[13.28951,52.6101],[13.29215,52.61018],[13.29823,52.6109],[13.30093,52.61411],[13.30284,52.61566],[13.29924,52.61606],[13.29461,52.61795],[13.29351,52.61656],[13.28135,52.61018],[13.28329,52.60883]]]},"properties":{"UWB":"12620","UWB3":"620","BWB":"126R","BWB3":"6R","AWK":"1206","BEZ":"12","BWK":"77"}},
{"type":"Feature","geometry":{"type":"Polygon","coordinates":[[[13.30284,52.61566],[13.30093,52.61411],[13.29823,52.6109],[13.30139,52.61128],[13.30866,52.61234],[13.31221,52.61342],[13.30842,52.61642],[13.30868,52.61508],[13.30284,52.61566]]]},"properties":{"UWB":"12621","UWB3":"621","BWB":"126S","BWB3":"6S","AWK":"1206","BEZ":"12","BWK":"77"}},
{"type":"Feature","geometry":{"type":"Polygon","coordinates":[[[13.28881,52.6008],[13.29211,52.60251],[13.2933,52.60481],[13.30009,52.60637],[13.30201,52.6075],[13.30139,52.61128],[13.29823,52.6109],[13.29215,52.61018],[13.28951,52.6101],[13.28647,52.60921],[13.28329,52.60883],[13.28963,52.60435],[13.28848,52.60339],[13.28881,52.6008]]]},"properties":{"UWB":"12622","UWB3":"622","BWB":"126T","BWB3":"6T","AWK":"1206","BEZ":"12","BWK":"77"}},
{"type":"Feature","geometry":{"type":"Polygon","coordinates":[[[13.31483,52.61111],[13.31221,52.61342],[13.30866,52.61234],[13.30139,52.61128],[13.30201,52.6075],[13.30009,52.60637],[13.30088,52.60636],[13.30377,52.60488],[13.3078,52.60792],[13.3104,52.60809],[13.31147,52.60962],[13.31483,52.61111]]]},"properties":{"UWB":"12623","UWB3":"623","BWB":"126S","BWB3":"6S","AWK":"1206","BEZ":"12","BWK":"77"}},
{"type":"Feature","geometry":{"type":"Polygon","coordinates":[[[13.28567,52.59498],[13.28866,52.5957],[13.294,52.59636],[13.29834,52.59836],[13.2973,52.59996],[13.29902,52.60053],[13.29661,52.6041],[13.2942,52.60207],[13.29211,52.60251],[13.28881,52.6008],[13.28729,52.60047],[13.28483,52.59875],[13.28269,52.59846],[13.28567,52.59498]]]},"properties":{"UWB":"12624","UWB3":"624","BWB":"126U","BWB3":"6U","AWK":"1206","BEZ":"12","BWK":"77"}},
{"type":"Feature","geometry":{"type":"Polygon","coordinates":[[[13.30088,52.60636],[13.30009,52.60637],[13.2933,52.60481],[13.29211,52.60251],[13.2942,52.60207],[13.29661,52.6041],[13.29902,52.60053],[13.2973,52.59996],[13.29834,52.59836],[13.30395,52.60089],[13.30088,52.60636]]]},"properties":{"UWB":"12625","UWB3":"625","BWB":"126V","BWB3":"6V","AWK":"1206","BEZ":"12","BWK":"77"}},
{"type":"Feature","geometry":{"type":"Polygon","coordinates":[[[13.3071,52.62102],[13.31106,52.62213],[13.31142,52.62051],[13.31292,52.61943],[13.31274,52.6172],[13.31428,52.61666],[13.31638,52.61711],[13.31604,52.61782],[13.31799,52.62044],[13.31919,52.62274],[13.31707,52.62241],[13.31561,52.62437],[13.31176,52.6262],[13.30995,52.62601],[13.31032,52.62479],[13.30824,52.62456],[13.30861,52.62333],[13.30646,52.6231],[13.3071,52.62102]]]},"properties":{"UWB":"12626","UWB3":"626","BWB":"126W","BWB3":"6W","AWK":"1206","BEZ":"12","BWK":"77"}}
]}